   200.000000
120
   .000000
 46.486560
 44.598210
 45.177430
 45.650850
 43.416590
 42.190040
 43.266620
 50.911690
 45.486260
 45.793010
 47.169910
 53.758720
 50.000000
 51.039200
 49.396350
 74.094540
 73.061610
 16.643320
 76.661590
 74.706090
 73.348480
 79.924960
 76.941540
 80.777470
 79.755870
 76.922040
 83.354670
 81.412530
 85.440040
 85.088190
 84.118970
 82.292160
 86.954010
 86.769810
 83.630130
 85.866170
 76.105190
 76.006580
 76.006580
 75.663730
 79.025310
 79.006330
 79.309520
 82.054860
 82.298240
 84.053550
 84.005950
 84.053550
 86.052310
 89.005620
 89.140340
 80.956780
 82.298240
 83.192550
 85.000000
 86.954010
 84.581320
 87.235310
 86.162640
 90.824010
 90.873540
 91.706050
 93.941470
 93.471920
 91.923880
 99.282420
 46.615450
 53.150730
 47.169910
 48.877400
 53.263500
 56.850680
 52.345010
 55.317270
 56.850680
 53.740120
 56.568540
 58.728190
 60.141500
 62.936480
 10.000000
  5.000000
 17.000000
 12.206560
  9.219544
  6.403124
  5.830952
  3.162278
  9.433981
 12.529960
 11.180340
  8.944272
 10.049880
 12.041590
  6.000000
 10.000000
 15.000000
 22.360680
 11.180340
 13.416410
  8.944272
  6.708204
 14.142140
 11.313710
  6.403124
  7.810250
 10.816650
 21.633310
 24.041630
 20.615530
  5.830952
 10.295630
 16.124520
 17.000000
 20.024980
 16.552950
 13.416410
 18.027760
  7.071068
  7.071068
 46.486560
   .000000
  2.000000
  7.211102
  8.062258
  8.485281
 10.630150
 12.041590
 22.472200
 11.661900
 10.295630
 10.770330
 22.561030
 15.524170
 14.142140
 11.180340
 48.259710
 48.507730
 35.014280
 51.244510
 51.788030
 52.392750
 53.037720
 53.600370
 54.037030
 54.147950
 54.918120
 57.035080
 57.314920
 66.490600
 59.033890
 59.135440
 59.539900
 60.000000
 62.128900
 60.406950
 62.289650
 72.945180
 74.632430
 75.802380
 80.721740
 76.550640
 78.236820
 81.835200
 78.549350
 84.202140
 80.262070
 81.301900
 83.486530
 81.987800
 86.608310
 88.752460
 98.005100
100.439000
100.000000
103.227900
106.508200
100.424100
105.209300
100.005000
108.600200
105.759200
107.298600
111.211500
109.480600
105.550900
114.978300
 82.873400
 82.861330
 84.593150
 86.579440
 87.097650
 90.470990
 84.646320
 88.526830
 90.470990
 85.164540
 87.641310
 90.520710
 89.810910
 93.605550
 37.161810
 41.785160
 29.832870
 34.928500
 38.078870
 40.521600
 42.201900
 43.324360
 39.623230
 38.209950
 39.319210
 40.607880
 43.289720
 43.104520
 44.911020
 44.283180
 44.000000
 54.230990
 49.254440
 50.089920
 48.507730
 47.853940
 54.230990
 52.469040
 50.219520
 50.990200
 53.758720
 32.140320
 37.854990
 49.254440
 40.804410
 36.400550
 30.805840
 36.000000
 45.276920
 51.000000
 33.241540
 34.000000
 43.829210
 52.924470
 44.598210
  2.000000
   .000000
  6.324555
  7.280110
  7.211102
  9.219544
 10.816650
 21.840330
 10.770330
  9.486833
 10.198040
 22.203600
 15.132750
 14.000000
 11.000000
 48.093660
 48.259710
 33.015150
 51.088160
 51.478150
 51.971150
 53.000000
 53.338540
 54.000000
 54.037030
 54.589370
 57.000000
 57.140180
 66.098410
 59.000000
 59.033890
 59.304300
 60.033330
 62.032250
 60.207970
 62.128900
 71.867940
 73.498300
 74.632430
 79.397740
 75.471850
 77.103830
 80.603970
 77.524190
 83.006030
 79.259070
 80.262070
 82.377180
 81.006170
 85.586210
 87.664130
 96.400210
 98.812960
 98.407320
101.607100
104.861800
 98.858480
103.600200
 98.493650
107.004700
104.235300
105.759200
109.635800
107.935200
104.062500
113.454800
 80.895000
 80.956780
 82.607510
 84.593150
 85.146930
 88.526830
 82.710330
 86.585220
 88.526830
 83.240620
 85.726310
 88.600230
 87.920420
 91.706050
 35.341190
 39.924930
 27.892650
 32.984840
 36.138620
 38.600520
 40.261640
 41.436700
 37.656340
 36.221540
 37.336310
 38.639360
 41.303750
 41.109610
 42.953460
 42.296570
 42.000000
 52.239830
 47.265210
 48.093660
 46.529560
 45.891170
 52.239830
 50.487620
 48.270070
 49.030600
 51.788030
 30.149630
 35.902650
 47.265210
 38.897300
 34.481880
 28.861740
 34.000000
 43.289720
 49.000000
 31.320920
 32.000000
 42.059480
 51.078370
 45.177430
  7.211102
  6.324555
   .000000
  1.000000
  2.000000
  4.123106
  5.000000
 15.524170
  4.472136
  3.162278
  4.000000
 16.031220
  9.000000
  8.246211
  5.385165
 42.011900
 42.107010
 31.780500
 45.011110
 45.276920
 45.705580
 47.042530
 47.169910
 48.041650
 48.000000
 48.373550
 51.039200
 51.039200
 59.841460
 53.037720
 53.000000
 53.150730
 54.147950
 56.000000
 54.083270
 56.035700
 65.734310
 67.424030
 68.600290
 73.593480
 69.339740
 71.028160
 74.652530
 71.344240
 77.006490
 73.061610
 74.094540
 76.275820
 74.793050
 79.404030
 81.541400
 91.263350
 93.744330
 93.230900
 96.519420
 99.859900
 93.600210
 98.473340
 93.085980
101.833200
 98.858480
100.424100
104.403100
102.615800
 98.595130
108.074100
 78.230430
 77.369250
 80.099940
 82.097500
 82.036580
 85.328770
 79.429210
 83.360660
 85.328770
 79.831070
 82.225300
 85.146930
 84.202140
 88.056800
 36.619670
 40.816660
 28.178010
 33.105890
 36.249140
 38.910150
 40.311290
 42.059480
 37.336310
 35.440090
 36.687870
 38.275320
 40.521600
 40.024990
 42.720020
 41.484940
 40.447500
 50.010000
 46.324940
 46.872170
 45.880280
 45.541190
 51.195700
 49.729270
 48.104050
 48.703180
 51.244510
 28.160260
 33.060550
 45.011110
 39.357340
 34.885530
 29.068880
 32.557640
 41.012190
 47.381430
 31.764760
 30.594120
 43.600460
 51.971150
 45.650850
  8.062258
  7.280110
  1.000000
   .000000
  2.236068
  4.000000
  4.472136
 14.560220
  3.605551
  2.236068
  3.000000
 15.033300
  8.000000
  7.280110
  4.472136
 41.012190
 41.109610
 32.015620
 44.011360
 44.283180
 44.721360
 46.043460
 46.173580
 47.042530
 47.000000
 47.381430
 50.039990
 50.039990
 58.855750
 52.038450
 52.000000
 52.153620
 53.150730
 55.000000
 53.084840
 55.036350
 64.899930
 66.610810
 67.801180
 72.862880
 68.505480
 70.213960
 73.878280
 70.491130
 76.216800
 72.201110
 73.246160
 75.451970
 73.925640
 78.549350
 80.709360
 90.697300
 93.193340
 92.655270
 95.963530
 99.322710
 93.005380
 97.908120
 92.455390
101.257100
 98.234410
 99.809820
103.812300
102.004900
 97.948970
107.447700
 78.160100
 77.129760
 80.056230
 82.054860
 81.884060
 85.158680
 79.246450
 83.186540
 85.158680
 79.624110
 82.000000
 84.929380
 83.934500
 87.800910
 37.202150
 41.340050
 28.653100
 33.541020
 36.674240
 39.357340
 40.718550
 42.544090
 37.696160
 35.735140
 37.000000
 38.626420
 40.804410
 40.261640
 43.081320
 41.761230
 40.607880
 50.039990
 46.572530
 47.074410
 46.173580
 45.880280
 51.419840
 50.000000
 48.466480
 49.040800
 51.546100
 28.284270
 33.015150
 45.044420
 39.824620
 35.355340
 29.529650
 32.756680
 41.048750
 47.518420
 32.249030
 30.805840
 44.204070
 52.478570
 43.416590
  8.485281
  7.211102
  2.000000
  2.236068
   .000000
  2.236068
  3.605551
 15.132750
  4.000000
  3.162278
  4.472136
 16.031220
  9.219544
  8.944272
  6.403124
 42.011900
 42.011900
 29.832870
 45.011110
 45.099890
 45.398240
 47.169910
 47.042530
 48.166380
 48.041650
 48.166380
 51.156620
 51.000000
 59.539900
 53.150730
 53.037720
 53.037720
 54.332310
 56.035700
 54.009260
 56.000000
 64.660650
 66.287250
 67.424030
 72.249570
 68.264190
 69.892780
 73.409810
 70.327800
 75.802380
 72.069410
 73.061610
 75.166480
 73.824110
 78.390050
 80.454960
 89.627010
 92.086910
 91.607860
 94.868330
 98.183500
 92.005430
 96.834910
 91.547800
100.209800
 97.308780
 98.858480
102.800800
101.044500
 97.082440
106.527000
 76.236470
 75.432090
 78.102490
 80.099940
 80.062480
 83.360660
 77.466120
 81.394100
 83.360660
 77.878110
 80.280750
 83.198550
 82.280010
 86.127820
 35.000000
 39.115220
 26.419690
 31.304950
 34.438350
 37.121420
 38.483760
 40.311290
 35.468300
 33.526110
 34.785050
 36.400550
 38.600520
 38.078870
 40.853400
 39.560080
 38.470770
 48.010410
 44.384680
 44.911020
 43.965900
 43.657760
 49.244290
 47.801670
 46.238510
 46.818800
 49.335590
 26.172500
 31.064450
 43.011630
 37.589890
 33.120990
 27.294690
 30.594120
 39.012820
 45.398240
 30.016660
 28.635640
 42.011900
 50.249380
 42.190040
 10.630150
  9.219544
  4.123106
  4.000000
  2.236068
   .000000
  2.000000
 14.000000
  3.605551
  3.605551
  5.000000
 15.297060
  8.944272
  9.219544
  7.211102
 41.109610
 41.012190
 28.160260
 44.102150
 44.011360
 44.181440
 46.389650
 46.000000
 47.381430
 47.169910
 47.042530
 50.358720
 50.039990
 58.309520
 52.345010
 52.153620
 52.000000
 53.600370
 55.145260
 53.009430
 55.036350
 62.769420
 64.350600
 65.459920
 70.178340
 66.370170
 67.955870
 71.400280
 68.476270
 73.817340
 70.235320
 71.196910
 73.246160
 72.006940
 76.537570
 78.549350
 87.418530
 89.872130
 89.403580
 92.655270
 95.963530
 89.810910
 94.625580
 89.375610
 98.005100
 95.131480
 96.674710
100.603200
 98.858480
 94.921020
104.350400
 74.168720
 73.246160
 76.059190
 78.057670
 77.929460
 81.215760
 75.312680
 79.246450
 81.215760
 75.709980
 78.102490
 81.024690
 80.081210
 83.934500
 34.058770
 38.013160
 25.238860
 30.016660
 33.120990
 35.846900
 37.121420
 39.115220
 34.014700
 31.953090
 33.241540
 34.928500
 37.000000
 36.400550
 39.395430
 37.947330
 36.674240
 46.043460
 42.720020
 43.174060
 42.379240
 42.154480
 47.539460
 46.173580
 44.777230
 45.310040
 47.759820
 24.331050
 29.017240
 41.048750
 36.359320
 31.906110
 26.076810
 28.861740
 37.054020
 43.566040
 28.844410
 26.925820
 41.109610
 49.091750
 43.266620
 12.041590
 10.816650
  5.000000
  4.472136
  3.605551
  2.000000
   .000000
 12.000000
  2.236068
  3.000000
  4.123106
 13.341660
  7.211102
  7.810250
  6.324555
 39.115220
 39.012820
 28.792360
 42.107010
 42.011900
 42.190040
 44.407210
 44.000000
 45.398240
 45.177430
 45.044420
 48.373550
 48.041650
 56.320510
 50.358720
 50.159740
 50.000000
 51.623640
 53.150730
 51.009800
 53.037720
 61.057350
 62.681740
 63.820060
 68.680420
 64.660650
 66.287250
 69.814040
 66.730800
 72.201110
 68.476270
 69.462220
 71.561160
 70.235320
 74.793050
 76.850500
 86.267030
 88.752460
 88.232650
 91.525960
 94.873600
 88.600230
 93.477270
 88.090860
 96.834910
 93.861600
 95.425360
 99.403220
 97.616600
 93.605550
103.077600
 74.060780
 72.780490
 76.006580
 78.006410
 77.646640
 80.895000
 74.966660
 78.917680
 80.895000
 75.312680
 77.665950
 80.603970
 79.555020
 83.432610
 35.383610
 39.204590
 26.400760
 31.064450
 34.132100
 36.891740
 38.078870
 40.224370
 34.885530
 32.695560
 34.014700
 35.777090
 37.696160
 37.000000
 40.249220
 38.626420
 37.107950
 46.173580
 43.324360
 43.680660
 43.081320
 42.953460
 48.083260
 46.818800
 45.617980
 46.097720
 48.466480
 24.738630
 29.017240
 41.194660
 37.443290
 33.015150
 27.202940
 29.410880
 37.215590
 43.931770
 30.000000
 27.513630
 42.449970
 50.219520
 50.911690
 22.472200
 21.840330
 15.524170
 14.560220
 15.132750
 14.000000
 12.000000
   .000000
 11.180340
 12.369320
 11.704700
  3.162278
  7.211102
  9.219544
 11.661900
 27.166150
 27.018510
 34.828150
 30.149630
 30.016660
 30.265490
 32.557640
 32.000000
 33.541020
 33.241540
 33.060550
 36.496570
 36.055510
 44.407210
 38.470770
 38.209950
 38.000000
 39.812060
 41.194660
 39.012820
 41.048750
 51.224990
 53.150730
 54.488530
 60.307540
 54.817880
 56.727420
 60.811180
 56.612720
 62.968250
 58.249460
 59.405390
 61.846580
 59.908260
 64.637450
 67.007460
 80.062480
 82.734510
 81.884060
 85.422480
 89.000000
 81.987800
 87.235310
 80.993830
 90.426770
 86.821660
 88.509890
 92.784700
 90.735880
 86.267030
 95.963530
 74.545290
 71.112590
 76.791920
 78.771820
 77.025970
 80.000000
 74.000000
 78.000000
 80.000000
 74.027020
 76.105190
 79.101200
 77.414470
 81.394100
 44.407210
 47.507890
 35.000000
 38.948680
 41.725290
 44.553340
 45.276920
 48.104050
 41.773200
 39.051250
 40.459860
 42.520580
 43.600460
 42.438190
 46.861500
 44.407210
 41.677330
 48.703180
 48.548940
 48.373550
 48.826220
 49.203660
 52.839380
 52.153620
 52.009610
 52.201530
 54.083270
 30.000000
 31.780500
 44.011360
 45.276920
 41.109610
 35.608990
 35.000000
 40.311290
 47.853940
 38.418750
 33.421550
 51.400390
 57.982760
 45.486260
 11.661900
 10.770330
  4.472136
  3.605551
  4.000000
  3.605551
  2.236068
 11.180340
   .000000
  1.414214
  2.000000
 12.041590
  5.385165
  5.656854
  4.123106
 38.013160
 38.013160
 31.016120
 41.012190
 41.109610
 41.436700
 43.185650
 43.046490
 44.181440
 44.045430
 44.181440
 47.169910
 47.000000
 55.578770
 49.162990
 49.040800
 49.040800
 50.358720
 52.038450
 50.010000
 52.000000
 61.294370
 63.007930
 64.202800
 69.310890
 64.899930
 66.610810
 70.292240
 66.887960
 72.622310
 68.600290
 69.641940
 71.847060
 70.327800
 74.946650
 77.103830
 87.367040
 89.888820
 89.308460
 92.649880
 96.041660
 89.627010
 94.578010
 89.022470
 97.908120
 94.810330
 96.400210
100.439000
 98.600200
 94.493390
104.019200
 76.026310
 74.525160
 78.000000
 80.000000
 79.511010
 82.734510
 76.791920
 80.752710
 82.734510
 77.103830
 79.429210
 82.377180
 81.252690
 85.146930
 37.536650
 41.400480
 28.600700
 33.286630
 36.359320
 39.115220
 40.311290
 42.438190
 37.121420
 34.928500
 36.249140
 38.013160
 39.924930
 39.217340
 42.485290
 40.853400
 39.293770
 48.259710
 45.541190
 45.880280
 45.310040
 45.188500
 50.289170
 49.040800
 47.853940
 48.332180
 50.695170
 26.925820
 31.064450
 43.289720
 39.661060
 35.227830
 29.410880
 31.622780
 39.319210
 46.097720
 32.202480
 29.732140
 44.598210
 52.430910
 45.793010
 10.295630
  9.486833
  3.162278
  2.236068
  3.162278
  3.605551
  3.000000
 12.369320
  1.414214
   .000000
  1.414214
 13.000000
  6.082763
  5.830952
  3.605551
 39.000000
 39.051250
 31.622780
 42.000000
 42.190040
 42.579340
 44.102150
 44.102150
 45.099890
 45.011110
 45.276920
 48.093660
 48.010410
 56.718610
 50.089920
 50.010000
 50.089920
 51.244510
 53.009430
 51.039200
 53.009430
 62.681740
 64.404970
 65.604880
 70.724820
 66.287250
 68.007350
 71.700770
 68.264190
 74.027020
 69.971420
 71.021130
 73.239330
 71.693790
 76.321690
 78.492030
 88.752460
 91.268840
 90.697300
 94.031910
 97.416630
 91.021970
 95.963530
 90.426770
 99.297530
 96.213300
 97.800820
101.833200
100.000000
 95.900990
105.423000
 77.058420
 75.709980
 79.006330
 81.006170
 80.622570
 83.862980
 77.929460
 81.884060
 83.862980
 78.262380
 80.603970
 83.546390
 82.462110
 86.348130
 37.643060
 41.617310
 28.844410
 33.615470
 36.715120
 39.446170
 40.706260
 42.720020
 37.576590
 35.468300
 36.769550
 38.483760
 40.496910
 39.849720
 42.953460
 41.436700
 40.024990
 49.162990
 46.173580
 46.572530
 45.880280
 45.694640
 50.960770
 49.648770
 48.332180
 48.846700
 51.264020
 27.658630
 32.015620
 44.181440
 39.962480
 35.510560
 29.681640
 32.280030
 40.199500
 46.872170
 32.449960
 30.364450
 44.687810
 52.697250
 47.169910
 10.770330
 10.198040
  4.000000
  3.000000
  4.472136
  5.000000
  4.123106
 11.704700
  2.000000
  1.414214
   .000000
 12.041590
  5.000000
  4.472136
  2.236068
 38.013160
 38.118240
 32.893770
 41.012190
 41.303750
 41.773200
 43.046490
 43.185650
 44.045430
 44.000000
 44.407210
 47.042530
 47.042530
 55.901700
 49.040800
 49.000000
 49.162990
 50.159740
 52.000000
 50.089920
 52.038450
 62.425960
 64.202800
 65.436990
 70.710680
 66.030300
 67.801180
 71.589100
 67.955870
 73.878280
 69.641940
 70.724820
 73.006850
 71.344240
 76.006580
 78.236820
 89.044930
 91.586020
 90.972530
 94.339810
 97.754800
 91.263350
 96.254870
 90.603530
 99.569070
 96.400210
 98.005100
102.078400
100.209800
 96.046870
105.603000
 78.025630
 76.485290
 80.000000
 82.000000
 81.498470
 84.717180
 78.771820
 82.734510
 84.717180
 79.075910
 81.394100
 84.344530
 83.198550
 87.097650
 39.051250
 43.011630
 30.232430
 34.985710
 38.078870
 40.816660
 42.059480
 44.102150
 38.910150
 36.769550
 38.078870
 39.812060
 41.785160
 41.109610
 44.283180
 42.720020
 41.231060
 50.249380
 47.434170
 47.801670
 47.169910
 47.010640
 52.201530
 50.921510
 49.658840
 50.159740
 52.554730
 28.861740
 33.060550
 45.276920
 41.340050
 36.891740
 31.064450
 33.526110
 41.303750
 48.052060
 33.837850
 31.622780
 46.097720
 54.083270
 53.758720
 22.561030
 22.203600
 16.031220
 15.033300
 16.031220
 15.297060
 13.341660
  3.162278
 12.041590
 13.000000
 12.041590
   .000000
  7.071068
  8.544003
 11.401750
 26.000000
 26.076810
 37.802120
 29.000000
 29.274560
 29.832870
 31.144820
 31.144820
 32.140320
 32.015620
 32.388270
 35.128340
 35.014280
 43.931770
 37.121420
 37.013510
 37.121420
 38.327540
 40.012500
 38.052600
 40.012500
 52.402290
 54.451810
 55.865910
 62.008060
 55.973210
 58.000000
 62.289650
 57.628120
 64.350600
 59.203040
 60.440050
 63.031740
 60.802960
 65.604880
 68.117550
 82.292160
 85.000000
 84.077350
 87.664130
 91.285270
 84.118970
 89.442720
 83.006030
 92.590500
 88.836930
 90.553850
 94.894680
 92.784700
 88.204310
 97.943860
 77.646640
 74.060780
 79.906200
 81.884060
 80.056230
 83.006030
 77.006490
 81.006170
 83.006030
 77.006490
 79.056940
 82.054860
 80.305660
 84.291160
 47.010640
 50.249380
 37.643060
 41.725290
 44.553340
 47.381430
 48.166380
 50.911690
 44.687810
 42.011900
 43.416590
 45.453270
 46.615450
 45.486260
 49.819680
 47.434170
 44.777230
 51.865210
 51.623640
 51.478150
 51.865210
 52.201530
 55.946400
 55.226810
 55.000000
 55.217750
 57.140180
 33.015150
 34.928500
 47.169910
 48.083260
 43.863430
 38.288380
 38.013160
 43.462630
 50.990200
 41.109610
 36.400550
 54.037030
 60.827630
 50.000000
 15.524170
 15.132750
  9.000000
  8.000000
  9.219544
  8.944272
  7.211102
  7.211102
  5.385165
  6.082763
  5.000000
  7.071068
   .000000
  2.236068
  4.472136
 33.015150
 33.136080
 34.885530
 36.013890
 36.345560
 36.878180
 38.052600
 38.209950
 39.051250
 39.000000
 39.458840
 42.047590
 42.047590
 50.990200
 44.045430
 44.000000
 44.181440
 45.177430
 47.000000
 45.099890
 47.042530
 58.412330
 60.307540
 61.619800
 67.268120
 62.008060
 63.890530
 67.896980
 63.820060
 70.092800
 65.459920
 66.610810
 69.028980
 67.119290
 71.847060
 74.202420
 86.452300
 89.067390
 88.323270
 91.787800
 95.294280
 88.509890
 93.648280
 87.658420
 96.896850
 93.477270
 95.131480
 99.322710
 97.349880
 93.005380
102.649900
 78.057670
 75.663730
 80.156100
 82.152300
 81.098710
 84.214010
 78.230430
 82.219220
 84.214010
 78.409180
 80.622570
 83.600240
 82.200970
 86.145230
 42.426410
 46.097720
 33.301650
 37.802120
 40.804410
 43.600460
 44.654230
 47.010640
 41.340050
 38.948680
 40.311290
 42.190040
 43.829210
 42.953460
 46.647610
 44.721360
 42.720020
 50.990200
 49.244290
 49.396350
 49.193500
 49.244290
 53.851650
 52.801510
 51.971150
 52.354560
 54.561890
 30.463090
 33.734260
 46.097720
 44.204070
 39.824620
 34.058770
 35.341190
 42.201900
 49.335590
 36.878180
 33.541020
 49.497470
 57.008770
 51.039200
 14.142140
 14.000000
  8.246211
  7.280110
  8.944272
  9.219544
  7.810250
  9.219544
  5.656854
  5.830952
  4.472136
  8.544003
  2.236068
   .000000
  3.000000
 34.132100
 34.365680
 36.249140
 37.121420
 37.656340
 38.327540
 39.000000
 39.458840
 40.000000
 40.049970
 40.792160
 43.000000
 43.185650
 52.392750
 45.000000
 45.044420
 45.398240
 46.043460
 48.041650
 46.270940
 48.166380
 60.440050
 62.369870
 63.702430
 69.426220
 64.031240
 65.946950
 70.007140
 65.802730
 72.180330
 67.424030
 68.600290
 71.063350
 69.065190
 73.817340
 76.216800
 88.684840
 91.301700
 90.553850
 94.021270
 97.529480
 90.735880
 95.880130
 89.872130
 99.126180
 95.692210
 97.349880
101.548000
 99.569070
 95.210300
104.861800
 80.024990
 77.781750
 82.097500
 84.095180
 83.150470
 86.284420
 80.305660
 84.291160
 86.284420
 80.504660
 82.734510
 85.708810
 84.344530
 88.283630
 43.185650
 47.010640
 34.205260
 38.832980
 41.880780
 44.654230
 45.793010
 48.010410
 42.544090
 40.249220
 41.593270
 43.416590
 45.188500
 44.384680
 47.885280
 46.097720
 44.271890
 52.773100
 50.695170
 50.921510
 50.566790
 50.537110
 55.362440
 54.230990
 53.235320
 53.665630
 55.946400
 31.953090
 35.510560
 47.853940
 45.221680
 40.804410
 35.000000
 36.769550
 43.931770
 50.960770
 37.802120
 34.928500
 50.249380
 58.008620
 49.396350
 11.180340
 11.000000
  5.385165
  4.472136
  6.403124
  7.211102
  6.324555
 11.661900
  4.123106
  3.605551
  2.236068
 11.401750
  4.472136
  3.000000
   .000000
 37.121420
 37.336310
 35.114100
 40.112340
 40.607880
 41.231060
 42.000000
 42.426410
 43.000000
 43.046490
 43.737850
 46.000000
 46.173580
 55.317270
 48.000000
 48.041650
 48.373550
 49.040800
 51.039200
 49.254440
 51.156620
 62.801270
 64.660650
 65.946950
 71.449280
 66.400300
 68.249540
 72.180330
 68.242220
 74.411020
 69.892780
 71.028160
 73.409810
 71.561160
 76.275820
 78.600260
 90.210860
 92.784700
 92.114060
 95.524860
 98.979800
 92.358000
 97.416630
 91.607860
100.702500
 97.416630
 99.045440
103.174600
101.257100
 97.005160
106.606800
 80.006250
 78.262380
 82.006100
 84.005950
 83.384650
 86.579440
 80.622570
 84.593150
 86.579440
 80.895000
 83.186540
 86.145230
 84.929380
 88.842560
 41.231060
 45.221680
 32.449960
 37.215590
 40.311290
 43.046490
 44.294470
 46.324940
 41.146080
 39.000000
 40.311290
 42.047590
 44.011360
 43.324360
 46.518810
 44.944410
 43.416590
 52.345010
 49.648770
 50.000000
 49.396350
 49.244290
 54.405880
 53.141320
 51.894120
 52.392750
 54.781380
 31.048350
 35.128340
 47.381430
 43.566040
 39.115220
 33.286630
 35.735140
 43.416590
 50.219520
 36.055510
 33.837850
 48.270070
 56.302750
 74.094540
 48.259710
 48.093660
 42.011900
 41.012190
 42.011900
 41.109610
 39.115220
 27.166150
 38.013160
 39.000000
 38.013160
 26.000000
 33.015150
 34.132100
 37.121420
   .000000
  2.000000
 57.454330
  3.000000
  5.000000
  7.615773
  5.830952
  5.830952
  6.708204
  6.082763
  7.810250
  9.486833
  9.055386
 19.235380
 11.401750
 11.045360
 11.401750
 13.000000
 14.035670
 12.165530
 14.035670
 37.336310
 40.162170
 42.059480
 50.447990
 40.311290
 43.081320
 48.703180
 40.706260
 49.769470
 41.677330
 43.416590
 46.957430
 42.720020
 47.707440
 51.107730
 74.672620
 77.646640
 75.953930
 79.906200
 83.862980
 75.312680
 81.215760
 73.006850
 83.743660
 78.587530
 80.523280
 85.375640
 82.710330
 77.201030
 86.977010
 85.000000
 77.491940
 87.664130
 89.470660
 85.094060
 87.281160
 81.596570
 85.381500
 87.281160
 80.956780
 82.280010
 85.164540
 82.225300
 86.122010
 69.354160
 71.589100
 60.008330
 63.063460
 65.368190
 68.095520
 68.264190
 71.693790
 64.660650
 61.587340
 62.968250
 65.192020
 65.215030
 63.600320
 69.065190
 65.802730
 61.846580
 65.192020
 68.883960
 68.014700
 69.814040
 70.802540
 72.180330
 72.346390
 73.600270
 73.409810
 74.518460
 52.478570
 51.224990
 61.522350
 68.963760
 65.299310
 60.415230
 57.140180
 58.728190
 66.483080
 63.071390
 56.080300
 76.026310
 80.993830
 73.061610
 48.507730
 48.259710
 42.107010
 41.109610
 42.011900
 41.012190
 39.012820
 27.018510
 38.013160
 39.051250
 38.118240
 26.076810
 33.136080
 34.365680
 37.336310
  2.000000
   .000000
 56.435800
  3.605551
  3.605551
  5.830952
  7.071068
  5.099020
  7.810250
  6.708204
  6.708204
 10.295630
  9.055386
 18.384780
 12.083050
 11.401750
 11.045360
 13.892440
 14.317820
 12.000000
 14.035670
 35.468300
 38.275320
 40.162170
 48.507730
 38.483760
 41.231060
 46.818800
 38.948680
 47.927030
 39.962480
 41.677330
 45.177430
 41.048750
 46.043460
 49.396350
 72.691120
 75.663730
 73.979730
 77.929460
 81.884060
 73.348480
 79.246450
 71.063350
 81.786310
 76.655080
 78.587530
 83.432610
 80.777470
 75.286120
 85.070560
 83.192550
 75.584390
 85.866170
 87.664130
 83.216580
 85.381500
 79.711980
 83.486530
 85.381500
 79.056940
 80.361680
 83.240620
 80.280750
 84.172440
 68.541960
 70.661160
 59.236810
 62.169120
 64.412730
 67.119290
 67.230940
 70.710680
 63.631750
 60.539240
 61.911230
 64.140470
 64.070270
 62.425960
 67.955870
 64.637450
 60.605280
 63.702430
 67.623960
 66.708320
 68.600290
 69.634760
 70.837840
 71.063350
 72.422370
 72.201110
 73.246160
 51.478150
 50.000000
 60.108230
 68.000000
 64.404970
 59.615430
 56.080300
 57.384670
 65.115280
 62.241470
 55.072680
 75.153180
 79.924960
 16.643320
 35.014280
 33.015150
 31.780500
 32.015620
 29.832870
 28.160260
 28.792360
 34.828150
 31.016120
 31.622780
 32.893770
 37.802120
 34.885530
 36.249140
 35.114100
 57.454330
 56.435800
   .000000
 60.033330
 58.137770
 56.859470
 63.285070
 60.373840
 64.140470
 63.134780
 60.415230
 66.730800
 64.845970
 69.260380
 68.476270
 67.535180
 65.795140
 70.327800
 70.213960
 67.119290
 69.354160
 62.201290
 62.514000
 62.801270
 63.890530
 65.375840
 65.764730
 66.940270
 68.264190
 69.856990
 70.256680
 70.455660
 71.021130
 72.249570
 75.663730
 76.295480
 73.600270
 75.432090
 75.802380
 78.243210
 80.808420
 76.843990
 80.430090
 77.698140
 84.023800
 82.927680
 84.053550
 87.005740
 86.023250
 83.528430
 91.836810
 48.764740
 51.107730
 50.219520
 52.172790
 53.851650
 57.384670
 51.894120
 55.542780
 57.384670
 52.773100
 55.470710
 58.137770
 58.309520
 61.773780
 14.035670
 14.560220
  8.485281
  7.071068
  8.246211
 10.770330
 10.816650
 14.317820
  7.211102
  4.242640
  5.656854
  7.810250
  8.944272
  8.246211
 12.041590
  9.848858
  9.055386
 19.924860
 14.560220
 15.132750
 14.317820
 14.422200
 19.416490
 18.027760
 17.204650
 17.492860
 19.697720
  5.000000
  9.219544
 15.231550
 11.704700
  9.000000
  7.810250
  1.414214
 11.661900
 16.031220
  8.544003
  1.414214
 19.416490
 23.600850
 76.661590
 51.244510
 51.088160
 45.011110
 44.011360
 45.011110
 44.102150
 42.107010
 30.149630
 41.012190
 42.000000
 41.012190
 29.000000
 36.013890
 37.121420
 40.112340
  3.000000
  3.605551
 60.033330
   .000000
  4.000000
  7.000000
  3.605551
  3.605551
  4.242640
  3.162278
  5.830952
  6.708204
  6.082763
 16.643320
  8.544003
  8.062258
  8.544003
 10.295630
 11.045360
  9.219544
 11.045360
 36.400550
 39.293770
 41.231060
 49.819680
 39.217340
 42.059480
 47.801670
 39.395430
 48.703180
 40.249220
 42.047590
 45.694640
 41.182520
 46.141090
 49.648770
 74.330350
 77.317530
 75.538070
 79.511010
 83.486530
 74.813100
 80.752710
 72.367120
 83.186540
 77.878110
 79.831070
 84.723080
 82.000000
 76.400260
 86.127820
 86.313390
 78.434680
 89.005620
 90.785460
 86.162640
 88.255310
 82.637760
 86.377080
 88.255310
 81.932900
 83.168500
 86.023250
 82.969870
 86.833180
 72.090220
 74.242840
 62.769420
 65.741920
 68.000000
 70.710680
 70.830790
 74.303430
 67.230940
 64.140470
 65.513360
 67.742160
 67.675700
 66.030300
 71.561160
 68.242220
 64.202800
 67.208630
 71.217970
 70.292240
 72.201110
 73.239330
 74.411020
 74.652530
 76.026310
 75.802380
 76.837490
 55.072680
 53.600370
 63.655320
 71.589100
 67.977940
 63.158530
 59.682500
 60.959000
 68.680420
 65.795140
 58.668560
 78.721020
 83.528430
 74.706090
 51.788030
 51.478150
 45.276920
 44.283180
 45.099890
 44.011360
 42.011900
 30.016660
 41.109610
 42.190040
 41.303750
 29.274560
 36.345560
 37.656340
 40.607880
  5.000000
  3.605551
 58.137770
  4.000000
   .000000
  3.000000
  7.280110
  2.236068
  7.615773
  5.830952
  3.162278
  9.219544
  6.708204
 14.866070
 10.630150
  9.433981
  8.062258
 12.727920
 12.083050
  9.219544
 11.401750
 32.572990
 35.440090
 37.363080
 45.891170
 35.468300
 38.275320
 43.965900
 35.777090
 44.944410
 36.715120
 38.470770
 42.047590
 37.735920
 42.720020
 46.141090
 70.349130
 73.334850
 71.568150
 75.538070
 79.511010
 70.859020
 76.791920
 68.447060
 79.246450
 73.979730
 75.927600
 80.808420
 78.102490
 72.532750
 82.280010
 82.764720
 74.672620
 85.475140
 87.235310
 82.462110
 84.504440
 78.924010
 82.637760
 84.504440
 78.185680
 79.378840
 82.219220
 79.120160
 82.969870
 70.576200
 72.498280
 61.351450
 64.078080
 66.211780
 68.876700
 68.883960
 72.449980
 65.299310
 62.177170
 63.529520
 65.764730
 65.513360
 63.812230
 69.462220
 66.037860
 61.854670
 64.350600
 68.818600
 67.801180
 69.892780
 71.021130
 71.840100
 72.201110
 73.783470
 73.498300
 74.404300
 53.225930
 51.312770
 60.959000
 69.778220
 66.309880
 61.684680
 57.706150
 58.412330
 66.068150
 64.257290
 56.797890
 77.077880
 81.492330
 73.348480
 52.392750
 51.971150
 45.705580
 44.721360
 45.398240
 44.181440
 42.190040
 30.265490
 41.436700
 42.579340
 41.773200
 29.832870
 36.878180
 38.327540
 41.231060
  7.615773
  5.830952
 56.859470
  7.000000
  3.000000
   .000000
 10.198040
  4.472136
 10.440310
  8.544003
  3.605551
 11.661900
  8.485281
 14.142140
 12.806250
 11.313710
  8.944272
 15.000000
 13.601470
 10.295630
 12.529960
 29.732140
 32.572990
 34.481880
 42.953460
 32.695560
 35.468300
 41.109610
 33.120990
 42.154480
 34.132100
 35.846900
 39.357340
 35.227830
 40.224370
 43.566040
 67.364680
 70.349130
 68.593000
 72.560320
 76.531040
 67.896980
 73.824110
 65.513360
 76.295480
 71.063350
 73.006850
 77.878110
 75.186430
 69.641940
 79.404030
 80.131140
 71.867940
 82.855290
 84.599050
 79.705710
 81.706790
 76.157730
 79.849860
 81.706790
 75.392310
 76.550640
 79.378840
 76.243030
 80.081210
 69.570110
 71.309190
 60.440050
 62.968250
 65.000000
 67.623960
 67.542580
 71.175840
 63.976560
 60.835850
 62.169120
 64.404970
 64.007810
 62.265560
 68.000000
 64.498060
 60.207970
 62.289650
 67.119290
 66.030300
 68.264190
 69.462220
 70.000000
 70.455660
 72.201110
 71.867940
 72.670490
 52.000000
 49.739320
 59.033890
 68.541960
 65.192020
 60.728900
 56.364880
 56.612720
 64.202800
 63.245550
 55.542780
 75.960520
 80.062480
 79.924960
 53.037720
 53.000000
 47.042530
 46.043460
 47.169910
 46.389650
 44.407210
 32.557640
 43.185650
 44.102150
 43.046490
 31.144820
 38.052600
 39.000000
 42.000000
  5.830952
  7.071068
 63.285070
  3.605551
  7.280110
 10.198040
   .000000
  6.000000
  1.000000
  2.236068
  8.062258
  4.000000
  5.656854
 16.970560
  6.000000
  6.324555
  8.485281
  7.280110
  9.219544
  8.602325
  9.848858
 38.832980
 41.773200
 43.737850
 52.469040
 41.484940
 44.384680
 50.219520
 41.436700
 50.960770
 42.154480
 44.011360
 47.759820
 42.953460
 47.853940
 51.478150
 77.162170
 80.156100
 78.313470
 82.298240
 86.284420
 77.524190
 83.486530
 74.966660
 85.842880
 80.411450
 82.377180
 87.298340
 84.528100
 78.854290
 88.526830
 89.894380
 81.932900
 92.590500
 94.366310
 89.693920
 91.760560
 86.162640
 89.888820
 91.760560
 85.440040
 86.648720
 89.493020
 86.400230
 90.249660
 75.153180
 77.414470
 65.795140
 68.883960
 71.196910
 73.925640
 74.094540
 77.524190
 70.491130
 67.416620
 68.796800
 71.021130
 71.028160
 69.404610
 74.886580
 71.610050
 67.623960
 70.767230
 74.652530
 73.756360
 75.604230
 76.609400
 77.897370
 78.102490
 79.404030
 79.202270
 80.280750
 58.309520
 57.008770
 67.178860
 74.793050
 71.119620
 66.211780
 62.968250
 64.443770
 72.180330
 68.876700
 61.911230
 81.841310
 86.821660
 76.941540
 53.600370
 53.338540
 47.169910
 46.173580
 47.042530
 46.000000
 44.000000
 32.000000
 43.046490
 44.102150
 43.185650
 31.144820
 38.209950
 39.458840
 42.426410
  5.830952
  5.099020
 60.373840
  3.605551
  2.236068
  4.472136
  6.000000
   .000000
  6.082763
  4.123106
  2.236068
  7.211102
  4.472136
 13.416410
  8.485281
  7.211102
  6.000000
 10.630150
  9.848858
  7.071068
  9.219544
 32.984840
 35.902650
 37.854990
 46.529560
 35.735140
 38.600520
 44.384680
 35.846900
 45.221680
 36.674240
 38.483760
 42.154480
 37.589890
 42.544090
 46.065170
 71.175840
 74.168720
 72.339480
 76.321690
 80.305660
 71.568150
 77.524190
 69.050700
 79.906200
 74.525160
 76.485290
 81.394100
 78.644770
 73.006850
 82.710330
 84.599050
 76.321690
 87.321240
 89.067390
 84.172440
 86.162640
 80.622570
 84.308950
 86.162640
 79.849860
 80.993830
 83.815270
 80.653580
 84.480770
 72.801100
 74.732860
 63.568860
 66.309880
 68.447060
 71.112590
 71.119620
 74.686010
 67.535180
 64.412730
 65.764730
 68.000000
 67.742160
 66.037860
 71.693790
 68.264190
 64.070270
 66.483080
 71.028160
 70.000000
 72.111020
 73.246160
 74.027020
 74.404300
 76.006580
 75.716580
 76.609400
 55.461700
 53.535030
 63.126860
 72.013890
 68.541960
 63.906180
 59.941640
 60.605280
 68.249540
 66.483080
 59.033890
 79.309520
 83.725750
 80.777470
 54.037030
 54.000000
 48.041650
 47.042530
 48.166380
 47.381430
 45.398240
 33.541020
 44.181440
 45.099890
 44.045430
 32.140320
 39.051250
 40.000000
 43.000000
  6.708204
  7.810250
 64.140470
  4.242640
  7.615773
 10.440310
  1.000000
  6.082763
   .000000
  2.000000
  8.000000
  3.000000
  5.000000
 16.278820
  5.000000
  5.385165
  7.810250
  6.324555
  8.246211
  7.810250
  8.944272
 38.639360
 41.593270
 43.566040
 52.345010
 41.231060
 44.147480
 50.010000
 41.109610
 50.695170
 41.785160
 43.657760
 47.434170
 42.544090
 47.423620
 51.078370
 77.103830
 80.099940
 78.230430
 82.219220
 86.209050
 77.414470
 83.384650
 74.813100
 85.708810
 80.230920
 82.200970
 87.132080
 84.344530
 78.644770
 88.294960
 90.354860
 82.280010
 93.059120
 94.826160
 90.077740
 92.114060
 86.539010
 90.249660
 92.114060
 85.796270
 86.977010
 89.810910
 86.683330
 90.520710
 76.059190
 78.294320
 66.708320
 69.771060
 72.069410
 74.793050
 74.946650
 78.390050
 71.344240
 68.264190
 69.641940
 71.867940
 71.847060
 70.213960
 75.716580
 72.422370
 68.410520
 71.449280
 75.432090
 74.518460
 76.400260
 77.420930
 78.644770
 78.873310
 80.212220
 80.000000
 81.055530
 59.169250
 57.801380
 67.896980
 75.663730
 72.006940
 67.119290
 63.812230
 65.192020
 72.917760
 69.778220
 62.769420
 82.734510
 87.664130
 79.755870
 54.147950
 54.037030
 48.000000
 47.000000
 48.041650
 47.169910
 45.177430
 33.241540
 44.045430
 45.011110
 44.000000
 32.015620
 39.000000
 40.049970
 43.046490
  6.082763
  6.708204
 63.134780
  3.162278
  5.830952
  8.544003
  2.236068
  4.123106
  2.000000
   .000000
  6.000000
  3.605551
  3.605551
 14.866070
  5.385165
  5.000000
  6.403124
  7.211102
  8.000000
  6.708204
  8.246211
 36.674240
 39.623230
 41.593270
 50.358720
 39.293770
 42.201900
 48.052060
 39.217340
 48.764740
 39.924930
 41.785160
 45.541190
 40.718550
 45.617980
 49.244290
 75.106590
 78.102490
 76.236470
 80.224690
 84.214010
 75.425460
 81.394100
 72.835430
 83.725750
 78.262380
 80.230920
 85.158680
 82.377180
 76.687680
 86.348130
 88.588940
 80.411450
 91.301700
 93.059120
 88.238310
 90.249660
 84.693570
 88.391170
 90.249660
 83.934500
 85.094060
 87.920420
 84.770280
 88.600230
 75.239620
 77.369250
 65.924200
 68.876700
 71.119620
 73.824110
 73.925640
 77.414470
 70.327800
 67.230940
 68.600290
 70.830790
 70.724820
 69.065190
 74.625730
 71.281140
 67.201190
 70.007140
 74.202420
 73.246160
 75.213030
 76.275820
 77.336920
 77.620870
 79.056940
 78.816240
 79.812280
 58.180750
 56.612720
 66.528190
 74.706090
 71.112590
 66.309880
 62.769420
 63.890530
 71.589100
 68.942000
 61.773780
 81.859630
 86.608310
 76.922040
 54.918120
 54.589370
 48.373550
 47.381430
 48.166380
 47.042530
 45.044420
 33.060550
 44.181440
 45.276920
 44.407210
 32.388270
 39.458840
 40.792160
 43.737850
  7.810250
  6.708204
 60.415230
  5.830952
  3.162278
  3.605551
  8.062258
  2.236068
  8.000000
  6.000000
   .000000
  8.544003
  5.000000
 11.704700
  9.433981
  7.810250
  5.385165
 11.661900
 10.000000
  6.708204
  8.944272
 30.805840
 33.734260
 35.693140
 44.407210
 33.526110
 36.400550
 42.201900
 33.615470
 43.011630
 34.438350
 36.249140
 39.924930
 35.355340
 40.311290
 43.829210
 69.115840
 72.111020
 70.256680
 74.242840
 78.230430
 69.462220
 75.425460
 66.910390
 77.781750
 72.367120
 74.330350
 79.246450
 76.485290
 70.830790
 80.523280
 83.354670
 74.846510
 86.092970
 87.817990
 82.764720
 84.693570
 79.202270
 82.855290
 84.693570
 78.390050
 79.479560
 82.280010
 79.056940
 82.861330
 73.054770
 74.846510
 63.890530
 66.483080
 68.541960
 71.175840
 71.112590
 74.732860
 67.542580
 64.404970
 65.741920
 67.977940
 67.601780
 65.863490
 71.589100
 68.095520
 63.812230
 65.855900
 70.724820
 69.634760
 71.867940
 73.061610
 73.600270
 74.060780
 75.802380
 75.471850
 76.275820
 55.542780
 53.338540
 62.625870
 72.090220
 68.709530
 64.195010
 59.933300
 60.216280
 67.801180
 66.730800
 59.093150
 79.479560
 83.648070
 83.354670
 57.035080
 57.000000
 51.039200
 50.039990
 51.156620
 50.358720
 48.373550
 36.496570
 47.169910
 48.093660
 47.042530
 35.128340
 42.047590
 43.000000
 46.000000
  9.486833
 10.295630
 66.730800
  6.708204
  9.219544
 11.661900
  4.000000
  7.211102
  3.000000
  3.605551
  8.544003
   .000000
  4.000000
 14.422200
  2.000000
  2.828427
  6.324555
  3.605551
  5.385165
  5.830952
  6.403124
 38.209950
 41.194660
 43.185650
 52.086470
 40.607880
 43.566040
 49.497470
 40.261640
 50.010000
 40.804410
 42.720020
 46.572530
 41.436700
 46.238510
 49.980000
 77.006490
 80.006250
 78.057670
 82.054860
 86.052310
 77.162170
 83.150470
 74.431180
 85.375640
 79.762150
 81.743500
 86.700640
 83.862980
 78.089690
 87.664130
 91.787800
 83.384650
 94.514550
 96.254870
 91.285270
 93.230900
 87.726850
 91.389270
 93.230900
 86.925250
 88.022730
 90.824010
 87.595660
 91.394740
 78.790860
 80.950600
 69.462220
 72.449980
 74.706090
 77.414470
 77.524190
 81.006170
 73.925640
 70.830790
 72.201110
 74.431180
 74.330350
 72.670490
 78.230430
 74.886580
 70.802540
 73.539110
 77.801030
 76.837490
 78.816240
 79.881160
 80.919720
 81.215760
 82.661960
 82.419650
 83.408630
 61.773780
 60.216280
 70.092800
 78.294320
 74.686010
 69.856990
 66.370170
 67.475920
 75.166480
 72.498280
 65.368190
 85.428330
 90.210860
 81.412530
 57.314920
 57.140180
 51.039200
 50.039990
 51.000000
 50.039990
 48.041650
 36.055510
 47.000000
 48.010410
 47.042530
 35.014280
 42.047590
 43.185650
 46.173580
  9.055386
  9.055386
 64.845970
  6.082763
  6.708204
  8.485281
  5.656854
  4.472136
  5.000000
  3.605551
  5.000000
  4.000000
   .000000
 11.313710
  4.472136
  2.828427
  2.828427
  6.708204
  5.385165
  3.162278
  5.000000
 34.234490
 37.215590
 39.204590
 48.093660
 36.674240
 39.623230
 45.541190
 36.400550
 46.097720
 37.000000
 38.897300
 42.720020
 37.696160
 42.544090
 46.238510
 73.006850
 76.006580
 74.060780
 78.057670
 82.054860
 73.171040
 79.158070
 70.455660
 81.394100
 75.802380
 77.781750
 82.734510
 79.906200
 74.148500
 83.743660
 88.323270
 79.705710
 91.065910
 92.784700
 87.664130
 89.554450
 84.095180
 87.726850
 89.554450
 83.258640
 84.308950
 87.091900
 83.815270
 87.595660
 77.252830
 79.202270
 68.007350
 70.774290
 72.917760
 75.584390
 75.591000
 79.158070
 72.006940
 68.883960
 70.235320
 72.470680
 72.201110
 70.491130
 76.157730
 72.718640
 68.505480
 70.767230
 75.451970
 74.404300
 76.550640
 77.698140
 78.409180
 78.816240
 80.454960
 80.156100
 81.024690
 59.933300
 57.982760
 67.475920
 76.485290
 73.006850
 68.352030
 64.412730
 65.000000
 72.622310
 70.936590
 63.505910
 83.773510
 88.192970
 85.440040
 66.490600
 66.098410
 59.841460
 58.855750
 59.539900
 58.309520
 56.320510
 44.407210
 55.578770
 56.718610
 55.901700
 43.931770
 50.990200
 52.392750
 55.317270
 19.235380
 18.384780
 69.260380
 16.643320
 14.866070
 14.142140
 16.970560
 13.416410
 16.278820
 14.866070
 11.704700
 14.422200
 11.313710
   .000000
 13.416410
 11.661900
  8.485281
 14.866070
 10.440310
  8.602325
  8.544003
 26.305890
 29.274560
 31.257000
 40.311290
 28.017850
 31.016120
 37.013510
 27.073970
 37.054020
 27.294690
 29.274560
 33.241540
 27.658630
 32.280030
 36.138620
 65.375840
 68.359340
 66.189130
 70.178340
 74.168720
 65.069190
 71.063350
 62.000000
 73.000000
 67.067130
 69.065190
 74.060780
 71.112590
 65.192020
 74.545290
 86.214850
 76.321690
 89.022470
 90.603530
 84.599050
 86.092970
 80.993830
 84.380090
 86.092970
 79.924960
 80.622570
 83.240620
 79.605280
 83.192550
 82.462110
 83.815270
 73.545910
 75.690160
 77.491940
 80.006250
 79.711980
 83.486530
 76.216800
 73.054770
 74.330350
 76.550640
 75.769390
 73.925640
 79.849860
 76.157730
 71.589100
 72.111020
 78.262380
 76.941540
 79.624110
 81.024690
 80.622570
 81.412530
 83.671980
 83.192550
 83.648070
 64.560050
 61.465440
 69.462220
 80.956780
 77.884530
 73.756360
 68.622150
 67.535180
 74.793050
 76.157730
 68.007350
 88.600230
 91.923880
 85.088190
 59.033890
 59.000000
 53.037720
 52.038450
 53.150730
 52.345010
 50.358720
 38.470770
 49.162990
 50.089920
 49.040800
 37.121420
 44.045430
 45.000000
 48.000000
 11.401750
 12.083050
 68.476270
  8.544003
 10.630150
 12.806250
  6.000000
  8.485281
  5.000000
  5.385165
  9.433981
  2.000000
  4.472136
 13.416410
   .000000
  2.000000
  6.000000
  2.236068
  3.605551
  5.099020
  5.000000
 38.052600
 41.048750
 43.046490
 52.009610
 40.311290
 43.289720
 49.254440
 39.812060
 49.648770
 40.261640
 42.201900
 46.097720
 40.804410
 45.541190
 49.335590
 77.006490
 80.006250
 78.006410
 82.006100
 86.005810
 77.058420
 83.054200
 74.242840
 85.211500
 79.511010
 81.498470
 86.469650
 83.600240
 77.781750
 87.298340
 92.784700
 84.172440
 95.524860
 97.247110
 92.135770
 94.021270
 88.566360
 92.195440
 94.021270
 87.726850
 88.769360
 91.547800
 88.255310
 92.027170
 80.622570
 82.734510
 71.309190
 74.249580
 76.478750
 79.177020
 79.259070
 82.764720
 75.663730
 72.560320
 73.925640
 76.157730
 76.006580
 74.330350
 79.924960
 76.550640
 72.422370
 74.966660
 79.404030
 78.409180
 80.448740
 81.541400
 82.462110
 82.800960
 84.314890
 84.053550
 85.000000
 63.529520
 61.854670
 71.589100
 80.062480
 76.485290
 71.693790
 68.095520
 69.028980
 76.694200
 74.323620
 67.119290
 87.235310
 91.923880
 84.118970
 59.135440
 59.033890
 53.000000
 52.000000
 53.037720
 52.153620
 50.159740
 38.209950
 49.040800
 50.010000
 49.000000
 37.013510
 44.000000
 45.044420
 48.041650
 11.045360
 11.401750
 67.535180
  8.062258
  9.433981
 11.313710
  6.324555
  7.211102
  5.385165
  5.000000
  7.810250
  2.828427
  2.828427
 11.661900
  2.000000
   .000000
  4.000000
  4.123106
  3.000000
  3.162278
  3.605551
 36.055510
 39.051250
 41.048750
 50.010000
 38.327540
 41.303750
 47.265210
 37.854990
 47.675990
 38.327540
 40.261640
 44.147480
 38.897300
 43.657760
 47.434170
 75.006670
 78.006410
 76.006580
 80.006250
 84.005950
 75.059970
 81.055530
 72.249570
 83.216580
 77.524190
 79.511010
 84.480770
 81.614950
 75.802380
 85.328770
 91.065910
 82.346820
 93.813640
 95.524860
 90.338260
 92.195440
 86.764050
 90.376990
 92.195440
 85.906930
 86.925250
 89.693920
 86.377080
 90.138780
 79.849860
 81.859630
 70.576200
 73.409810
 75.584390
 78.262380
 78.294320
 81.841310
 74.706090
 71.589100
 72.945180
 75.179790
 74.946650
 73.246160
 78.892330
 75.471850
 71.281140
 73.593480
 78.236820
 77.201030
 79.322130
 80.454960
 81.215760
 81.608830
 83.216580
 82.927680
 83.815270
 62.609910
 60.745370
 70.292240
 79.158070
 75.643910
 70.936590
 67.119290
 67.801180
 75.432090
 73.539110
 66.189130
 86.406020
 90.917540
 82.292160
 59.539900
 59.304300
 53.150730
 52.153620
 53.037720
 52.000000
 50.000000
 38.000000
 49.040800
 50.089920
 49.162990
 37.121420
 44.181440
 45.398240
 48.373550
 11.401750
 11.045360
 65.795140
  8.544003
  8.062258
  8.944272
  8.485281
  6.000000
  7.810250
  6.403124
  5.385165
  6.324555
  2.828427
  8.485281
  6.000000
  4.000000
   .000000
  8.062258
  5.000000
  1.414214
  3.605551
 32.062440
 35.057090
 37.054020
 46.010870
 34.365680
 37.336310
 43.289720
 33.955850
 43.737850
 34.481880
 36.400550
 40.261640
 35.114100
 39.924930
 43.657760
 71.007040
 74.006760
 72.006940
 76.006580
 80.006250
 71.063350
 77.058420
 68.264190
 79.227520
 73.552700
 75.538070
 80.504660
 77.646640
 71.847060
 81.394100
 87.664130
 78.721020
 90.426770
 92.114060
 86.769810
 88.566360
 83.186540
 86.764050
 88.566360
 82.292160
 83.258640
 86.005810
 82.637760
 86.377080
 78.434680
 80.230920
 69.260380
 71.867940
 73.925640
 76.557170
 76.485290
 80.112420
 72.917760
 69.778220
 71.112590
 73.348480
 72.945180
 71.196910
 76.941540
 73.430240
 69.115840
 70.936590
 76.006580
 74.886580
 77.175130
 78.390050
 78.816240
 79.322130
 81.123360
 80.777470
 81.541400
 60.926190
 58.668560
 67.801180
 77.472570
 74.094540
 69.570110
 65.306970
 65.459920
 73.006850
 72.111020
 64.474800
 84.864600
 89.005620
 86.954010
 60.000000
 60.033330
 54.147950
 53.150730
 54.332310
 53.600370
 51.623640
 39.812060
 50.358720
 51.244510
 50.159740
 38.327540
 45.177430
 46.043460
 49.040800
 13.000000
 13.892440
 70.327800
 10.295630
 12.727920
 15.000000
  7.280110
 10.630150
  6.324555
  7.211102
 11.661900
  3.605551
  6.708204
 14.866070
  2.236068
  4.123106
  8.062258
   .000000
  4.472136
  7.000000
  6.324555
 40.012500
 43.011630
 45.011110
 54.000000
 42.190040
 45.177430
 51.156620
 41.593270
 51.478150
 41.976180
 43.931770
 47.853940
 42.449970
 47.127490
 50.960770
 79.025310
 82.024380
 80.000000
 84.000000
 88.000000
 79.025310
 85.023530
 76.164300
 87.143560
 81.394100
 83.384650
 88.362880
 85.475140
 79.630390
 89.106670
 95.015790
 86.406020
 97.754800
 99.478640
 94.371600
 96.254870
 90.801980
 94.429870
 96.254870
 89.961110
 91.000000
 93.776330
 90.476520
 94.244360
 82.346820
 84.534020
 73.006850
 76.026310
 78.294320
 81.006170
 81.123360
 84.599050
 77.524190
 74.431180
 75.802380
 78.032040
 77.935870
 76.275820
 81.835200
 78.492030
 74.404300
 77.077880
 81.400250
 80.430090
 82.419650
 83.486530
 84.504440
 84.811550
 86.267030
 86.023250
 87.005740
 65.368190
 63.820060
 73.661380
 81.884060
 78.262380
 73.409810
 69.971420
 71.063350
 78.746430
 76.059190
 68.963760
 89.000000
 93.813640
 86.769810
 62.128900
 62.032250
 56.000000
 55.000000
 56.035700
 55.145260
 53.150730
 41.194660
 52.038450
 53.009430
 52.000000
 40.012500
 47.000000
 48.041650
 51.039200
 14.035670
 14.317820
 70.213960
 11.045360
 12.083050
 13.601470
  9.219544
  9.848858
  8.246211
  8.000000
 10.000000
  5.385165
  5.385165
 10.440310
  3.605551
  3.000000
  5.000000
  4.472136
   .000000
  3.605551
  2.000000
 36.013890
 39.012820
 41.012190
 50.039990
 38.052600
 41.048750
 47.042530
 37.336310
 47.265210
 37.656340
 39.623230
 43.566040
 38.078870
 42.720020
 46.572530
 75.106590
 78.102490
 76.026310
 80.024990
 84.023800
 75.000000
 81.000000
 72.062470
 83.054200
 77.233410
 79.227520
 84.214010
 81.301900
 75.425460
 84.852810
 92.649880
 83.630130
 95.414890
 97.097890
 91.706050
 93.471920
 88.119240
 91.678790
 93.471920
 87.206650
 88.141930
 90.873540
 87.464280
 91.181140
 82.637760
 84.581320
 73.389370
 76.157730
 78.294320
 80.956780
 80.950600
 84.528100
 77.369250
 74.242840
 75.591000
 77.826730
 77.524190
 75.802380
 81.492330
 78.032040
 73.783470
 75.822160
 80.709360
 79.630390
 81.835200
 83.006030
 83.600240
 84.053550
 85.755460
 85.440040
 86.267030
 65.306970
 63.285070
 72.622310
 81.859630
 78.390050
 73.736020
 69.771060
 70.213960
 77.801030
 76.321690
 68.876700
 89.157170
 93.536090
 83.630130
 60.406950
 60.207970
 54.083270
 53.084840
 54.009260
 53.009430
 51.009800
 39.012820
 50.010000
 51.039200
 50.089920
 38.052600
 45.099890
 46.270940
 49.254440
 12.165530
 12.000000
 67.119290
  9.219544
  9.219544
 10.295630
  8.602325
  7.071068
  7.810250
  6.708204
  6.708204
  5.830952
  3.162278
  8.602325
  5.099020
  3.162278
  1.414214
  7.000000
  3.605551
   .000000
  2.236068
 33.015150
 36.013890
 38.013160
 47.000000
 35.227830
 38.209950
 44.181440
 34.713110
 44.553340
 35.171010
 37.107950
 41.000000
 35.735140
 40.496910
 44.271890
 72.027770
 75.026660
 73.000000
 77.000000
 81.000000
 72.027770
 78.025630
 69.180920
 80.156100
 74.431180
 76.419890
 81.394100
 78.517520
 72.691120
 82.200970
 89.044930
 80.056230
 91.809590
 93.493320
 88.119240
 89.899950
 84.534020
 88.102210
 89.899950
 83.630130
 84.581320
 87.321240
 83.934500
 87.664130
 79.711980
 81.541400
 70.519500
 73.164200
 75.239620
 77.878110
 77.820300
 81.437100
 74.249580
 71.112590
 72.449980
 74.686010
 74.303430
 72.560320
 78.294320
 74.793050
 70.491130
 72.346390
 77.388630
 76.275820
 78.549350
 79.755870
 80.212220
 80.709360
 82.492420
 82.152300
 82.927680
 62.241470
 60.033330
 69.202600
 78.790860
 75.392310
 70.837840
 66.640830
 66.850580
 74.404300
 73.389370
 65.795140
 86.162640
 90.354860
 85.866170
 62.289650
 62.128900
 56.035700
 55.036350
 56.000000
 55.036350
 53.037720
 41.048750
 52.000000
 53.009430
 52.038450
 40.012500
 47.042530
 48.166380
 51.156620
 14.035670
 14.035670
 69.354160
 11.045360
 11.401750
 12.529960
  9.848858
  9.219544
  8.944272
  8.246211
  8.944272
  6.403124
  5.000000
  8.544003
  5.000000
  3.605551
  3.605551
  6.324555
  2.000000
  2.236068
   .000000
 34.014700
 37.013510
 39.012820
 48.041650
 36.055510
 39.051250
 45.044420
 35.355340
 45.276920
 35.693140
 37.656340
 41.593270
 36.138620
 40.804410
 44.643030
 73.109500
 76.105190
 74.027020
 78.025630
 82.024380
 73.000000
 79.000000
 70.064250
 81.055530
 75.239620
 77.233410
 82.219220
 79.309520
 73.437050
 82.873400
 90.972530
 81.841310
 93.744330
 95.414890
 89.944430
 91.678790
 86.353920
 89.894380
 91.678790
 85.422480
 86.330760
 89.050540
 85.615420
 89.319650
 81.932900
 83.773510
 72.732380
 75.392310
 77.472570
 80.112420
 80.056230
 83.671980
 76.485290
 73.348480
 74.686010
 76.922040
 76.537570
 74.793050
 80.529500
 77.025970
 72.718640
 74.518460
 79.611560
 78.492030
 80.777470
 81.987800
 82.419650
 82.927680
 84.723080
 84.380090
 85.146930
 64.474800
 62.265560
 71.400280
 81.024690
 77.620870
 73.054770
 68.876700
 69.065190
 76.609400
 75.610850
 68.029400
 88.391170
 92.590500
 76.105190
 72.945180
 71.867940
 65.734310
 64.899930
 64.660650
 62.769420
 61.057350
 51.224990
 61.294370
 62.681740
 62.425960
 52.402290
 58.412330
 60.440050
 62.801270
 37.336310
 35.468300
 62.201290
 36.400550
 32.572990
 29.732140
 38.832980
 32.984840
 38.639360
 36.674240
 30.805840
 38.209950
 34.234490
 26.305890
 38.052600
 36.055510
 32.062440
 40.012500
 36.013890
 33.015150
 34.014700
   .000000
  3.000000
  5.000000
 14.035670
  3.605551
  5.830952
 11.401750
  6.082763
 12.529960
  8.062258
  8.544003
 10.630150
 10.049880
 13.928390
 15.811390
 39.115220
 42.107010
 40.012500
 44.011360
 48.010410
 39.012820
 45.011110
 36.221540
 47.169910
 41.593270
 43.566040
 48.507730
 45.705580
 40.024990
 49.729270
 64.536810
 53.075420
 67.357250
 68.680420
 61.554860
 62.482000
 58.000000
 60.959000
 62.482000
 56.639210
 56.850680
 59.203040
 55.217750
 58.523500
 76.236470
 76.006580
 68.883960
 69.260380
 70.064250
 72.006940
 71.007040
 75.006670
 68.007350
 65.030760
 66.007580
 68.000000
 66.068150
 64.070270
 70.114190
 66.121100
 61.131010
 57.723480
 66.610810
 64.776540
 68.468970
 70.349130
 67.468510
 69.050700
 72.560320
 71.700770
 71.196910
 58.549130
 53.084840
 56.718610
 73.006850
 71.175840
 68.731360
 61.131010
 56.222770
 61.983870
 70.455660
 61.294370
 81.006170
 81.498470
 76.006580
 74.632430
 73.498300
 67.424030
 66.610810
 66.287250
 64.350600
 62.681740
 53.150730
 63.007930
 64.404970
 64.202800
 54.451810
 60.307540
 62.369870
 64.660650
 40.162170
 38.275320
 62.514000
 39.293770
 35.440090
 32.572990
 41.773200
 35.902650
 41.593270
 39.623230
 33.734260
 41.194660
 37.215590
 29.274560
 41.048750
 39.051250
 35.057090
 43.011630
 39.012820
 36.013890
 37.013510
  3.000000
   .000000
  2.000000
 11.045360
  3.162278
  3.605551
  8.544003
  6.324555
 10.000000
  8.246211
  8.000000
  8.944272
 10.198040
 13.152950
 14.317820
 36.124780
 39.115220
 37.013510
 41.012190
 45.011110
 36.013890
 42.011900
 33.241540
 44.181440
 38.639360
 40.607880
 45.541190
 42.755120
 37.107950
 46.840150
 62.625870
 50.911690
 65.436990
 66.708320
 59.396970
 60.207970
 55.865910
 58.728190
 60.207970
 54.451810
 54.561890
 56.850680
 52.801510
 56.035700
 76.531040
 76.105190
 69.426220
 69.584480
 70.256680
 72.111020
 71.028160
 75.026660
 68.117550
 65.192020
 66.121100
 68.066150
 66.000000
 64.000000
 70.007140
 66.007580
 61.008200
 57.070130
 66.272160
 64.381680
 68.183580
 70.114190
 66.910390
 68.593000
 72.249570
 71.344240
 70.710680
 59.033890
 53.338540
 56.320510
 73.109500
 71.449280
 69.231500
 61.400330
 56.035700
 61.522350
 70.859020
 61.660360
 81.098710
 81.221920
 76.006580
 75.802380
 74.632430
 68.600290
 67.801180
 67.424030
 65.459920
 63.820060
 54.488530
 64.202800
 65.604880
 65.436990
 55.865910
 61.619800
 63.702430
 65.946950
 42.059480
 40.162170
 62.801270
 41.231060
 37.363080
 34.481880
 43.737850
 37.854990
 43.566040
 41.593270
 35.693140
 43.185650
 39.204590
 31.257000
 43.046490
 41.048750
 37.054020
 45.011110
 41.012190
 38.013160
 39.012820
  5.000000
  2.000000
   .000000
  9.055386
  4.242640
  3.000000
  6.708204
  7.211102
  8.485281
  8.944272
  8.246211
  8.246211
 10.770330
 13.000000
 13.601470
 34.132100
 37.121420
 35.014280
 39.012820
 43.011630
 34.014700
 40.012500
 31.257000
 42.190040
 36.674240
 38.639360
 43.566040
 40.792160
 35.171010
 44.922150
 61.400330
 49.517670
 64.202800
 65.436990
 58.000000
 58.728190
 54.488530
 57.280010
 58.728190
 53.037720
 53.075420
 55.317270
 51.224990
 54.405880
 76.791920
 76.236470
 69.856990
 69.871310
 70.455660
 72.249570
 71.112590
 75.106590
 68.264190
 65.375840
 66.272160
 68.183580
 66.030300
 64.031240
 70.007140
 66.007580
 61.008200
 56.718610
 66.121100
 64.195010
 68.066150
 70.028560
 66.610810
 68.359340
 72.111020
 71.175840
 70.455660
 59.439040
 53.600370
 56.142670
 73.246160
 71.700770
 69.634760
 61.660360
 56.000000
 61.294370
 71.196910
 61.983870
 81.221920
 81.098710
 75.663730
 80.721740
 79.397740
 73.593480
 72.862880
 72.249570
 70.178340
 68.680420
 60.307540
 69.310890
 70.724820
 70.710680
 62.008060
 67.268120
 69.426220
 71.449280
 50.447990
 48.507730
 63.890530
 49.819680
 45.891170
 42.953460
 52.469040
 46.529560
 52.345010
 50.358720
 44.407210
 52.086470
 48.093660
 40.311290
 52.009610
 50.010000
 46.010870
 54.000000
 50.039990
 47.000000
 48.041650
 14.035670
 11.045360
  9.055386
   .000000
 12.649110
  9.848858
  5.000000
 14.764820
  7.615773
 15.811390
 14.212670
 11.401750
 17.029390
 16.643320
 14.866070
 25.079870
 28.071340
 26.000000
 30.000000
 34.000000
 25.079870
 31.064450
 22.561030
 33.376640
 28.160260
 30.083220
 34.928500
 32.280030
 26.925820
 36.769550
 55.569770
 43.011630
 58.309520
 59.363290
 51.400390
 51.739730
 48.010410
 50.447990
 51.739730
 46.400430
 46.097720
 48.104050
 43.840620
 46.754680
 77.620870
 76.485290
 71.512240
 70.880180
 71.063350
 72.567210
 71.196910
 75.133220
 68.658580
 65.969690
 66.708320
 68.447060
 65.924200
 63.953110
 69.720870
 65.764730
 60.827630
 55.000000
 65.192020
 63.126860
 67.268120
 69.354160
 65.000000
 67.029850
 71.175840
 70.114190
 69.007250
 61.098280
 54.708320
 55.226810
 73.545910
 72.532750
 71.168820
 62.641840
 55.731500
 60.074950
 72.422370
 63.245550
 81.394100
 80.156100
 79.025310
 76.550640
 75.471850
 69.339740
 68.505480
 68.264190
 66.370170
 64.660650
 54.817880
 64.899930
 66.287250
 66.030300
 55.973210
 62.008060
 64.031240
 66.400300
 40.311290
 38.483760
 65.375840
 39.217340
 35.468300
 32.695560
 41.484940
 35.735140
 41.231060
 39.293770
 33.526110
 40.607880
 36.674240
 28.017850
 40.311290
 38.327540
 34.365680
 42.190040
 38.052600
 35.227830
 36.055510
  3.605551
  3.162278
  4.242640
 12.649110
   .000000
  3.000000
  9.000000
  3.162278
  9.486833
  5.099020
  5.099020
  7.071068
  7.071068
 10.440310
 12.206560
 37.483330
 40.447500
 38.209950
 42.190040
 46.173580
 37.054020
 43.046490
 34.014700
 45.011110
 39.204590
 41.194660
 46.173580
 43.289720
 37.483330
 47.074410
 65.604880
 53.758720
 68.410520
 69.656300
 62.241470
 62.968250
 58.728190
 61.522350
 62.968250
 57.280010
 57.314920
 59.548300
 55.443660
 58.600340
 79.404030
 79.056940
 72.180330
 72.443080
 73.171040
 75.059970
 74.006760
 78.006410
 71.063350
 68.117550
 69.065190
 71.028160
 69.007250
 67.007460
 73.027390
 69.028980
 64.031240
 60.207970
 69.354160
 67.475920
 71.253070
 73.171040
 70.035710
 71.700770
 75.325960
 74.431180
 73.824110
 61.814240
 56.222770
 59.413800
 76.059190
 74.330350
 72.006940
 64.280630
 59.076220
 64.629710
 73.681750
 64.498060
 84.053550
 84.291160
 79.006330
 78.236820
 77.103830
 71.028160
 70.213960
 69.892780
 67.955870
 66.287250
 56.727420
 66.610810
 68.007350
 67.801180
 58.000000
 63.890530
 65.946950
 68.249540
 43.081320
 41.231060
 65.764730
 42.059480
 38.275320
 35.468300
 44.384680
 38.600520
 44.147480
 42.201900
 36.400550
 43.566040
 39.623230
 31.016120
 43.289720
 41.303750
 37.336310
 45.177430
 41.048750
 38.209950
 39.051250
  5.830952
  3.605551
  3.000000
  9.848858
  3.000000
   .000000
  6.000000
  5.000000
  6.708204
  6.403124
  5.385165
  5.385165
  8.062258
 10.000000
 10.770330
 34.525350
 37.483330
 35.227830
 39.204590
 43.185650
 34.058770
 40.049970
 31.016120
 42.011900
 36.221540
 38.209950
 43.185650
 40.311290
 34.525350
 44.147480
 63.820060
 51.739730
 66.610810
 67.801180
 60.207970
 60.811180
 56.727420
 59.413800
 60.811180
 55.226810
 55.154330
 57.314920
 53.150730
 56.222770
 79.762150
 79.227520
 72.780490
 72.835430
 73.437050
 75.239620
 74.108030
 78.102490
 71.253070
 68.359340
 69.260380
 71.175840
 69.028980
 67.029850
 73.006850
 69.007250
 64.007810
 59.682500
 69.115840
 67.186310
 71.063350
 73.027390
 69.584480
 71.344240
 75.106590
 74.168720
 73.437050
 62.369870
 56.568540
 59.135440
 76.236470
 74.672620
 72.567210
 64.629710
 59.000000
 64.280630
 74.148500
 64.938430
 84.214010
 84.095180
 79.309520
 81.835200
 80.603970
 74.652530
 73.878280
 73.409810
 71.400280
 69.814040
 60.811180
 70.292240
 71.700770
 71.589100
 62.289650
 67.896980
 70.007140
 72.180330
 48.703180
 46.818800
 66.940270
 47.801670
 43.965900
 41.109610
 50.219520
 44.384680
 50.010000
 48.052060
 42.201900
 49.497470
 45.541190
 37.013510
 49.254440
 47.265210
 43.289720
 51.156620
 47.042530
 44.181440
 45.044420
 11.401750
  8.544003
  6.708204
  5.000000
  9.000000
  6.000000
   .000000
 10.440310
  3.000000
 11.180340
  9.433981
  6.403124
 12.206560
 11.661900
 10.198040
 28.635640
 31.575310
 29.274560
 33.241540
 37.215590
 28.071340
 34.058770
 25.019990
 36.013890
 30.265490
 32.249030
 37.215590
 34.365680
 28.635640
 38.327540
 60.539240
 48.010410
 63.285070
 64.350600
 56.400360
 56.727420
 53.009430
 55.443660
 56.727420
 51.400390
 51.088160
 53.075420
 48.795490
 51.662360
 80.808420
 79.906200
 74.330350
 73.979730
 74.330350
 75.953930
 74.672620
 78.638410
 72.006940
 69.231500
 70.035710
 71.847060
 69.462220
 67.475920
 73.334850
 69.354160
 64.381680
 59.076220
 69.028980
 67.007460
 71.063350
 73.109500
 69.065190
 71.007040
 75.026660
 74.006760
 73.027390
 63.890530
 57.723480
 59.033890
 76.941540
 75.709980
 74.040530
 65.734310
 59.304300
 64.000000
 75.432090
 66.219330
 84.852810
 84.023800
 82.054860
 78.549350
 77.524190
 71.344240
 70.491130
 70.327800
 68.476270
 66.730800
 56.612720
 66.887960
 68.264190
 67.955870
 57.628120
 63.820060
 65.802730
 68.242220
 40.706260
 38.948680
 68.264190
 39.395430
 35.777090
 33.120990
 41.436700
 35.846900
 41.109610
 39.217340
 33.615470
 40.261640
 36.400550
 27.073970
 39.812060
 37.854990
 33.955850
 41.593270
 37.336310
 34.713110
 35.355340
  6.082763
  6.324555
  7.211102
 14.764820
  3.162278
  5.000000
 10.440310
   .000000
 10.000000
  2.000000
  2.828427
  6.324555
  4.000000
  8.062258
 10.630150
 39.051250
 41.976180
 39.623230
 43.566040
 47.518420
 38.327540
 44.283180
 35.057090
 46.043460
 40.012500
 42.011900
 47.010640
 44.045430
 38.118240
 47.518420
 68.600290
 56.639210
 71.400280
 72.622310
 65.115280
 65.764730
 61.619800
 64.350600
 65.764730
 60.141500
 60.108230
 62.289650
 58.137770
 61.220910
 82.298240
 82.024380
 74.966660
 75.325960
 76.105190
 78.025630
 77.000000
 81.000000
 74.027020
 71.063350
 72.027770
 74.006760
 72.027770
 70.028560
 76.059190
 72.062470
 67.067130
 63.348240
 72.443080
 70.576200
 74.330350
 76.236470
 73.164200
 74.813100
 78.409180
 77.524190
 76.941540
 64.629710
 59.135440
 62.514000
 79.025310
 77.233410
 74.813100
 67.186310
 62.128900
 67.742160
 76.531040
 67.364680
 87.022990
 87.367040
 82.298240
 84.202140
 83.006030
 77.006490
 76.216800
 75.802380
 73.817340
 72.201110
 62.968250
 72.622310
 74.027020
 73.878280
 64.350600
 70.092800
 72.180330
 74.411020
 49.769470
 47.927030
 69.856990
 48.703180
 44.944410
 42.154480
 50.960770
 45.221680
 50.695170
 48.764740
 43.011630
 50.010000
 46.097720
 37.054020
 49.648770
 47.675990
 43.737850
 51.478150
 47.265210
 44.553340
 45.276920
 12.529960
 10.000000
  8.485281
  7.615773
  9.486833
  6.708204
  3.000000
 10.000000
   .000000
 10.198040
  8.246211
  4.472136
 10.770330
  9.219544
  7.280110
 29.410880
 32.280030
 29.832870
 33.734260
 37.656340
 28.442920
 34.365680
 25.079870
 36.055510
 30.016660
 32.015620
 37.013510
 34.058770
 28.160260
 37.656340
 63.134780
 50.477720
 65.863490
 66.887960
 58.821770
 59.033890
 55.470710
 57.801380
 59.033890
 53.823790
 53.413480
 55.317270
 50.990200
 53.740120
 83.743660
 82.873400
 77.201030
 76.902530
 77.278720
 78.917680
 77.646640
 81.614950
 74.966660
 72.180330
 72.993150
 74.813100
 72.443080
 70.455660
 76.321690
 72.339480
 67.364680
 62.072540
 72.027770
 70.007140
 74.060780
 76.105190
 72.062470
 74.006760
 78.025630
 77.006490
 76.026310
 66.760770
 60.638270
 62.032250
 79.906200
 78.644770
 76.922040
 68.658580
 62.289650
 67.000000
 78.339000
 69.123080
 87.823680
 87.022990
 84.053550
 80.262070
 79.259070
 73.061610
 72.201110
 72.069410
 70.235320
 68.476270
 58.249460
 68.600290
 69.971420
 69.641940
 59.203040
 65.459920
 67.424030
 69.892780
 41.677330
 39.962480
 70.256680
 40.249220
 36.715120
 34.132100
 42.154480
 36.674240
 41.785160
 39.924930
 34.438350
 40.804410
 37.000000
 27.294690
 40.261640
 38.327540
 34.481880
 41.976180
 37.656340
 35.171010
 35.693140
  8.062258
  8.246211
  8.944272
 15.811390
  5.099020
  6.403124
 11.180340
  2.000000
 10.198040
   .000000
  2.000000
  6.000000
  2.000000
  6.403124
  9.433981
 39.560080
 42.449970
 40.024990
 43.931770
 47.853940
 38.639360
 44.553340
 35.227830
 46.173580
 40.012500
 42.011900
 47.010640
 44.000000
 38.013160
 47.265210
 70.213960
 58.137770
 73.006850
 74.202420
 66.603300
 67.178860
 63.126860
 65.795140
 67.178860
 61.619800
 61.522350
 63.655320
 59.464280
 62.482000
 84.291160
 84.023800
 76.941540
 77.317530
 78.102490
 80.024990
 79.000000
 83.000000
 76.026310
 73.061610
 74.027020
 76.006580
 74.027020
 72.027770
 78.057670
 74.060780
 69.065190
 65.306970
 74.431180
 72.560320
 76.321690
 78.230430
 75.133220
 76.791920
 80.399000
 79.511010
 78.917680
 66.610810
 61.131010
 64.498060
 81.024690
 79.227520
 76.791920
 69.180920
 64.124880
 69.720870
 78.517520
 69.354160
 89.022470
 89.358830
 84.005950
 81.301900
 80.262070
 74.094540
 73.246160
 73.061610
 71.196910
 69.462220
 59.405390
 69.641940
 71.021130
 70.724820
 60.440050
 66.610810
 68.600290
 71.028160
 43.416590
 41.677330
 70.455660
 42.047590
 38.470770
 35.846900
 44.011360
 38.483760
 43.657760
 41.785160
 36.249140
 42.720020
 38.897300
 29.274560
 42.201900
 40.261640
 36.400550
 43.931770
 39.623230
 37.107950
 37.656340
  8.544003
  8.000000
  8.246211
 14.212670
  5.099020
  5.385165
  9.433981
  2.828427
  8.246211
  2.000000
   .000000
  4.000000
  2.828427
  5.385165
  7.810250
 37.643060
 40.521600
 38.078870
 41.976180
 45.891170
 36.674240
 42.579340
 33.241540
 44.181440
 38.013160
 40.012500
 45.011110
 42.000000
 36.013890
 45.276920
 69.065190
 56.850680
 71.847060
 73.006850
 65.299310
 65.795140
 61.846580
 64.443770
 65.795140
 60.307540
 60.141500
 62.225400
 58.000000
 60.959000
 84.480770
 84.095180
 77.278720
 77.524190
 78.230430
 80.099940
 79.025310
 83.024090
 76.105190
 73.171040
 74.108030
 76.059190
 74.000000
 72.000000
 78.006410
 74.006760
 69.007250
 64.938430
 74.242840
 72.339480
 76.164300
 78.102490
 74.813100
 76.531040
 80.224690
 79.309520
 78.638410
 66.910390
 61.294370
 64.280630
 81.098710
 79.404030
 77.103830
 69.354160
 64.031240
 69.462220
 78.771820
 69.584480
 89.089840
 89.202020
 84.053550
 83.486530
 82.377180
 76.275820
 75.451970
 75.166480
 73.246160
 71.561160
 61.846580
 71.847060
 73.239330
 73.006850
 63.031740
 69.028980
 71.063350
 73.409810
 46.957430
 45.177430
 71.021130
 45.694640
 42.047590
 39.357340
 47.759820
 42.154480
 47.434170
 45.541190
 39.924930
 46.572530
 42.720020
 33.241540
 46.097720
 44.147480
 40.261640
 47.853940
 43.566040
 41.000000
 41.593270
 10.630150
  8.944272
  8.246211
 11.401750
  7.071068
  5.385165
  6.403124
  6.324555
  4.472136
  6.000000
  4.000000
   .000000
  6.324555
  5.385165
  5.385165
 33.837850
 36.687870
 34.205260
 38.078870
 41.976180
 32.756680
 38.639360
 29.274560
 40.199500
 34.014700
 36.013890
 41.012190
 38.000000
 32.015620
 41.303750
 66.887960
 54.405880
 69.641940
 70.724820
 62.801270
 63.126860
 59.405390
 61.846580
 63.126860
 57.801380
 57.489130
 59.464280
 55.172460
 58.000000
 85.000000
 84.380090
 78.102490
 78.089690
 78.638410
 80.399000
 79.227520
 83.216580
 76.419890
 73.552700
 74.431180
 76.321690
 74.108030
 72.111020
 78.057670
 74.060780
 69.065190
 64.381680
 74.027020
 72.062470
 76.006580
 78.000000
 74.330350
 76.164300
 80.024990
 79.056940
 78.230430
 67.683080
 61.814240
 64.031240
 81.394100
 79.906200
 77.878110
 69.871310
 64.031240
 69.115840
 79.429210
 70.213960
 89.358830
 89.022470
 86.052310
 81.987800
 81.006170
 74.793050
 73.925640
 73.824110
 72.006940
 70.235320
 59.908260
 70.327800
 71.693790
 71.344240
 60.802960
 67.119290
 69.065190
 71.561160
 42.720020
 41.048750
 72.249570
 41.182520
 37.735920
 35.227830
 42.953460
 37.589890
 42.544090
 40.718550
 35.355340
 41.436700
 37.696160
 27.658630
 40.804410
 38.897300
 35.114100
 42.449970
 38.078870
 35.735140
 36.138620
 10.049880
 10.198040
 10.770330
 17.029390
  7.071068
  8.062258
 12.206560
  4.000000
 10.770330
  2.000000
  2.828427
  6.324555
   .000000
  5.000000
  8.544003
 40.162170
 43.011630
 40.521600
 44.384680
 48.270070
 39.051250
 44.911020
 35.510560
 46.389650
 40.112340
 42.107010
 47.095650
 44.045430
 38.013160
 47.095650
 71.847060
 59.665740
 74.632430
 75.802380
 68.117550
 68.622150
 64.660650
 67.268120
 68.622150
 63.126860
 62.968250
 65.053830
 60.827630
 63.780880
 86.284420
 86.023250
 78.917680
 79.309520
 80.099940
 82.024380
 81.000000
 85.000000
 78.025630
 75.059970
 76.026310
 78.006410
 76.026310
 74.027020
 80.056230
 76.059190
 71.063350
 67.268120
 76.419890
 74.545290
 78.313470
 80.224690
 77.103830
 78.771820
 82.389320
 81.498470
 80.895000
 68.593000
 63.126860
 66.483080
 83.024090
 81.221920
 78.771820
 71.175840
 66.121100
 71.700770
 80.504660
 71.344240
 91.021970
 91.350980
 89.005620
 86.608310
 85.586210
 79.404030
 78.549350
 78.390050
 76.537570
 74.793050
 64.637450
 74.946650
 76.321690
 76.006580
 65.604880
 71.847060
 73.817340
 76.275820
 47.707440
 46.043460
 75.663730
 46.141090
 42.720020
 40.224370
 47.853940
 42.544090
 47.423620
 45.617980
 40.311290
 46.238510
 42.544090
 32.280030
 45.541190
 43.657760
 39.924930
 47.127490
 42.720020
 40.496910
 40.804410
 13.928390
 13.152950
 13.000000
 16.643320
 10.440310
 10.000000
 11.661900
  8.062258
  9.219544
  6.403124
  5.385165
  5.385165
  5.000000
   .000000
  4.000000
 37.576590
 40.311290
 37.696160
 41.436700
 45.221680
 36.055510
 41.761230
 32.280030
 42.953460
 36.496570
 38.470770
 43.416590
 40.311290
 34.234490
 43.000000
 72.201110
 59.640590
 74.946650
 76.006580
 68.007350
 68.249540
 64.637450
 67.007460
 68.249540
 63.007930
 62.625870
 64.536810
 60.207970
 62.936480
 89.677200
 89.202020
 82.565120
 82.734510
 83.384650
 85.211500
 84.095180
 88.090860
 81.221920
 78.313470
 79.227520
 81.154170
 79.025310
 77.025970
 83.006030
 79.006330
 74.006760
 69.584480
 79.101200
 77.162170
 81.055530
 83.024090
 79.511010
 81.301900
 85.094060
 84.148680
 83.384650
 72.180330
 66.483080
 69.115840
 86.209050
 84.593150
 82.377180
 74.545290
 69.000000
 74.242840
 84.011900
 74.813100
 94.191290
 94.085070
 89.140340
 88.752460
 87.664130
 81.541400
 80.709360
 80.454960
 78.549350
 76.850500
 67.007460
 77.103830
 78.492030
 78.236820
 68.117550
 74.202420
 76.216800
 78.600260
 51.107730
 49.396350
 76.295480
 49.648770
 46.141090
 43.566040
 51.478150
 46.065170
 51.078370
 49.244290
 43.829210
 49.980000
 46.238510
 36.138620
 49.335590
 47.434170
 43.657760
 50.960770
 46.572530
 44.271890
 44.643030
 15.811390
 14.317820
 13.601470
 14.866070
 12.206560
 10.770330
 10.198040
 10.630150
  7.280110
  9.433981
  7.810250
  5.385165
  8.544003
  4.000000
   .000000
 34.000000
 36.674240
 34.014700
 37.696160
 41.436700
 32.310990
 37.947330
 28.460500
 39.051250
 32.557640
 34.525350
 39.458840
 36.345560
 30.265490
 39.000000
 70.235320
 57.454330
 72.945180
 73.925640
 65.734310
 65.802730
 62.433960
 64.637450
 65.802730
 60.745370
 60.216280
 62.008060
 57.628120
 60.207970
 90.255200
 89.560040
 83.432610
 83.360660
 83.862980
 85.586210
 84.380090
 88.362880
 81.614950
 78.771820
 79.630390
 81.498470
 79.227520
 77.233410
 83.150470
 79.158070
 74.168720
 69.180920
 79.000000
 77.006490
 81.006170
 83.024090
 79.158070
 81.055530
 85.000000
 84.005950
 83.096330
 73.006850
 67.082040
 69.000000
 86.579440
 85.158680
 83.198550
 75.133220
 69.115840
 74.027020
 84.723080
 75.504970
 94.530420
 94.000000
 80.956780
 98.005100
 96.400210
 91.263350
 90.697300
 89.627010
 87.418530
 86.267030
 80.062480
 87.367040
 88.752460
 89.044930
 82.292160
 86.452300
 88.684840
 90.210860
 74.672620
 72.691120
 73.600270
 74.330350
 70.349130
 67.364680
 77.162170
 71.175840
 77.103830
 75.106590
 69.115840
 77.006490
 73.006850
 65.375840
 77.006490
 75.006670
 71.007040
 79.025310
 75.106590
 72.027770
 73.109500
 39.115220
 36.124780
 34.132100
 25.079870
 37.483330
 34.525350
 28.635640
 39.051250
 29.410880
 39.560080
 37.643060
 33.837850
 40.162170
 37.576590
 34.000000
   .000000
  3.000000
  2.236068
  5.385165
  9.219544
  4.000000
  7.211102
  7.615773
 10.630150
 10.198040
 10.770330
 13.453620
 12.529960
 12.000000
 18.357560
 46.097720
 33.000000
 48.259710
 48.507730
 39.458840
 38.078870
 37.121420
 37.656340
 38.078870
 35.128340
 33.376640
 33.955850
 29.614190
 30.675720
 85.755460
 83.240620
 82.006100
 79.881160
 79.075910
 79.755870
 77.897370
 81.412530
 76.321690
 74.330350
 74.625730
 75.802380
 72.560320
 70.830790
 75.591000
 72.069410
 67.742160
 58.600340
 69.778220
 67.542580
 72.013890
 74.249580
 67.779050
 70.384660
 75.239620
 73.925640
 71.867940
 72.346390
 65.299310
 60.901560
 80.622570
 80.993830
 81.400250
 72.201110
 62.968250
 64.404970
 81.841310
 73.409810
 87.658420
 83.570330
 82.298240
100.439000
 98.812960
 93.744330
 93.193340
 92.086910
 89.872130
 88.752460
 82.734510
 89.888820
 91.268840
 91.586020
 85.000000
 89.067390
 91.301700
 92.784700
 77.646640
 75.663730
 75.432090
 77.317530
 73.334850
 70.349130
 80.156100
 74.168720
 80.099940
 78.102490
 72.111020
 80.006250
 76.006580
 68.359340
 80.006250
 78.006410
 74.006760
 82.024380
 78.102490
 75.026660
 76.105190
 42.107010
 39.115220
 37.121420
 28.071340
 40.447500
 37.483330
 31.575310
 41.976180
 32.280030
 42.449970
 40.521600
 36.687870
 43.011630
 40.311290
 36.674240
  3.000000
   .000000
  2.828427
  2.828427
  6.324555
  5.000000
  5.000000
  9.219544
  8.602325
 10.049880
 10.049880
 11.661900
 11.401750
 12.369320
 17.088010
 46.000000
 33.136080
 48.041650
 48.166380
 39.115220
 37.483330
 37.000000
 37.215590
 37.483330
 35.000000
 33.060550
 33.376640
 29.154760
 29.832870
 87.367040
 84.723080
 83.868940
 81.608830
 80.709360
 81.301900
 79.404030
 82.855290
 77.935870
 76.026310
 76.275820
 77.388630
 74.094540
 72.401660
 77.025970
 73.573090
 69.339740
 59.941640
 71.119620
 68.883960
 73.355300
 75.591000
 68.942000
 71.589100
 76.485290
 75.153180
 73.006850
 74.330350
 67.268120
 62.433960
 82.152300
 82.661960
 83.240620
 74.027020
 64.637450
 65.764730
 83.600240
 75.286120
 89.067390
 84.693570
 83.192550
100.000000
 98.407320
 93.230900
 92.655270
 91.607860
 89.403580
 88.232650
 81.884060
 89.308460
 90.697300
 90.972530
 84.077350
 88.323270
 90.553850
 92.114060
 75.953930
 73.979730
 75.802380
 75.538070
 71.568150
 68.593000
 78.313470
 72.339480
 78.230430
 76.236470
 70.256680
 78.057670
 74.060780
 66.189130
 78.006410
 76.006580
 72.006940
 80.000000
 76.026310
 73.000000
 74.027020
 40.012500
 37.013510
 35.014280
 26.000000
 38.209950
 35.227830
 29.274560
 39.623230
 29.832870
 40.024990
 38.078870
 34.205260
 40.521600
 37.696160
 34.014700
  2.236068
  2.828427
   .000000
  4.000000
  8.000000
  2.236068
  5.385165
  6.403124
  8.602325
  8.062258
  8.544003
 11.313710
 10.295630
 10.049880
 16.124520
 48.041650
 35.014280
 50.159740
 50.358720
 41.303750
 39.812060
 39.051250
 39.458840
 39.812060
 37.054020
 35.227830
 35.693140
 31.400640
 32.280030
 87.982960
 85.475140
 84.202140
 82.097500
 81.301900
 81.987800
 80.131140
 83.648070
 78.549350
 76.550640
 76.850500
 78.032040
 74.793050
 73.061610
 77.826730
 74.303430
 69.971420
 60.835850
 72.013890
 69.778220
 74.249580
 76.485290
 70.007140
 72.615430
 77.472570
 76.157730
 74.094540
 74.518460
 67.475920
 63.134780
 82.855290
 83.216580
 83.600240
 74.404300
 65.192020
 66.640830
 84.053550
 75.604230
 89.894380
 85.796270
 85.000000
103.227900
101.607100
 96.519420
 95.963530
 94.868330
 92.655270
 91.525960
 85.422480
 92.649880
 94.031910
 94.339810
 87.664130
 91.787800
 94.021270
 95.524860
 79.906200
 77.929460
 78.243210
 79.511010
 75.538070
 72.560320
 82.298240
 76.321690
 82.219220
 80.224690
 74.242840
 82.054860
 78.057670
 70.178340
 82.006100
 80.006250
 76.006580
 84.000000
 80.024990
 77.000000
 78.025630
 44.011360
 41.012190
 39.012820
 30.000000
 42.190040
 39.204590
 33.241540
 43.566040
 33.734260
 43.931770
 41.976180
 38.078870
 44.384680
 41.436700
 37.696160
  5.385165
  2.828427
  4.000000
   .000000
  4.000000
  5.385165
  2.236068
  9.433981
  5.830952
  8.544003
  8.062258
  8.944272
  9.055386
 11.180340
 14.560220
 48.041650
 35.355340
 50.000000
 50.039990
 41.012190
 39.204590
 39.051250
 39.051250
 39.204590
 37.054020
 35.000000
 35.128340
 31.016120
 31.400640
 90.138780
 87.464280
 86.683330
 84.403790
 83.486530
 84.059500
 82.152300
 85.586210
 80.709360
 78.816240
 79.056940
 80.156100
 76.850500
 75.166480
 79.755870
 76.321690
 72.111020
 62.649820
 73.824110
 71.589100
 76.059190
 78.294320
 71.589100
 74.249580
 79.158070
 77.820300
 75.643910
 77.155690
 70.092800
 65.192020
 84.905830
 85.445890
 86.052310
 76.837490
 67.424030
 68.476270
 86.400230
 78.102490
 91.787800
 87.321240
 86.954010
106.508200
104.861800
 99.859900
 99.322710
 98.183500
 95.963530
 94.873600
 89.000000
 96.041660
 97.416630
 97.754800
 91.285270
 95.294280
 97.529480
 98.979800
 83.862980
 81.884060
 80.808420
 83.486530
 79.511010
 76.531040
 86.284420
 80.305660
 86.209050
 84.214010
 78.230430
 86.052310
 82.054860
 74.168720
 86.005810
 84.005950
 80.006250
 88.000000
 84.023800
 81.000000
 82.024380
 48.010410
 45.011110
 43.011630
 34.000000
 46.173580
 43.185650
 37.215590
 47.518420
 37.656340
 47.853940
 45.891170
 41.976180
 48.270070
 45.221680
 41.436700
  9.219544
  6.324555
  8.000000
  4.000000
   .000000
  9.219544
  3.605551
 13.000000
  5.099020
 10.630150
  9.433981
  8.000000
  9.486833
 13.453620
 14.000000
 48.373550
 36.138620
 50.159740
 50.039990
 41.109610
 39.000000
 39.458840
 39.051250
 39.000000
 37.483330
 35.227830
 35.014280
 31.144820
 31.016120
 92.417530
 89.587940
 89.274860
 86.833180
 85.802100
 86.267030
 84.314890
 87.664130
 83.006030
 81.215760
 81.400250
 82.419650
 79.056940
 77.420930
 81.835200
 78.492030
 74.404300
 64.660650
 75.802380
 73.573090
 78.032040
 80.262070
 73.355300
 76.059190
 81.006170
 79.649230
 77.369250
 79.906200
 72.835430
 67.424030
 87.091900
 87.800910
 88.617160
 79.397740
 69.814040
 70.491130
 88.865070
 80.721740
 93.813640
 89.000000
 84.581320
100.424100
 98.858480
 93.600210
 93.005380
 92.005430
 89.810910
 88.600230
 81.987800
 89.627010
 91.021970
 91.263350
 84.118970
 88.509890
 90.735880
 92.358000
 75.312680
 73.348480
 76.843990
 74.813100
 70.859020
 67.896980
 77.524190
 71.568150
 77.414470
 75.425460
 69.462220
 77.162170
 73.171040
 65.069190
 77.058420
 75.059970
 71.063350
 79.025310
 75.000000
 72.027770
 73.000000
 39.012820
 36.013890
 34.014700
 25.079870
 37.054020
 34.058770
 28.071340
 38.327540
 28.442920
 38.639360
 36.674240
 32.756680
 39.051250
 36.055510
 32.310990
  4.000000
  5.000000
  2.236068
  5.385165
  9.219544
   .000000
  6.000000
  4.242640
  8.544003
  6.324555
  7.211102
 10.816650
  9.219544
  8.000000
 15.000000
 50.089920
 37.000000
 52.239830
 52.469040
 43.416590
 41.976180
 41.109610
 41.593270
 41.976180
 39.115220
 37.336310
 37.854990
 33.541020
 34.481880
 89.185200
 86.769810
 85.211500
 83.216580
 82.492420
 83.240620
 81.412530
 84.970580
 79.755870
 77.698140
 78.032040
 79.259070
 76.059190
 74.303430
 79.158070
 75.591000
 71.196910
 62.241470
 73.409810
 71.175840
 75.643910
 77.878110
 71.512240
 74.094540
 78.924010
 77.620870
 75.610850
 75.432090
 68.410520
 64.412730
 84.118970
 84.380090
 84.628600
 75.451970
 66.370170
 68.029400
 85.146930
 76.609400
 91.235950
 87.315520
 87.235310
105.209300
103.600200
 98.473340
 97.908120
 96.834910
 94.625580
 93.477270
 87.235310
 94.578010
 95.963530
 96.254870
 89.442720
 93.648280
 95.880130
 97.416630
 81.215760
 79.246450
 80.430090
 80.752710
 76.791920
 73.824110
 83.486530
 77.524190
 83.384650
 81.394100
 75.425460
 83.150470
 79.158070
 71.063350
 83.054200
 81.055530
 77.058420
 85.023530
 81.000000
 78.025630
 79.000000
 45.011110
 42.011900
 40.012500
 31.064450
 43.046490
 40.049970
 34.058770
 44.283180
 34.365680
 44.553340
 42.579340
 38.639360
 44.911020
 41.761230
 37.947330
  7.211102
  5.000000
  5.385165
  2.236068
  3.605551
  6.000000
   .000000
  9.486833
  3.605551
  7.211102
  6.324555
  6.708204
  7.000000
 10.000000
 12.369320
 50.089920
 37.483330
 52.009610
 52.009610
 43.000000
 41.109610
 41.109610
 41.012190
 41.109610
 39.115220
 37.013510
 37.054020
 33.000000
 33.241540
 92.358000
 89.693920
 88.865070
 86.608310
 85.702970
 86.284420
 84.380090
 87.817990
 82.927680
 81.024690
 81.271150
 82.377180
 79.075910
 77.388630
 81.987800
 78.549350
 74.330350
 64.884510
 76.059190
 73.824110
 78.294320
 80.529500
 73.824110
 76.485290
 81.394100
 80.056230
 77.878110
 79.309520
 72.249570
 67.416620
 87.132080
 87.658420
 88.238310
 79.025310
 69.634760
 70.710680
 88.600230
 80.280750
 94.021270
 89.554450
 86.162640
100.005000
 98.493650
 93.085980
 92.455390
 91.547800
 89.375610
 88.090860
 80.993830
 89.022470
 90.426770
 90.603530
 83.006030
 87.658420
 89.872130
 91.607860
 73.006850
 71.063350
 77.698140
 72.367120
 68.447060
 65.513360
 74.966660
 69.050700
 74.813100
 72.835430
 66.910390
 74.431180
 70.455660
 62.000000
 74.242840
 72.249570
 68.264190
 76.164300
 72.062470
 69.180920
 70.064250
 36.221540
 33.241540
 31.257000
 22.561030
 34.014700
 31.016120
 25.019990
 35.057090
 25.079870
 35.227830
 33.241540
 29.274560
 35.510560
 32.280030
 28.460500
  7.615773
  9.219544
  6.403124
  9.433981
 13.000000
  4.242640
  9.486833
   .000000
 11.000000
  5.830952
  7.615773
 12.369320
  9.848858
  5.830952
 15.000000
 53.338540
 40.112340
 55.578770
 55.901700
 46.872170
 45.607020
 44.407210
 45.122060
 45.607020
 42.426410
 40.792160
 41.484940
 37.107950
 38.275320
 90.354860
 88.141930
 85.982560
 84.219950
 83.648070
 84.528100
 82.764720
 86.406020
 80.950600
 78.771820
 79.177020
 80.498440
 77.388630
 75.584390
 80.622570
 76.967530
 72.449980
 63.906180
 75.026660
 72.801100
 77.252830
 79.479560
 73.375750
 75.894660
 80.653580
 79.378840
 77.491940
 76.026310
 69.065190
 65.795140
 85.428330
 85.475140
 85.440040
 76.321690
 67.535180
 69.641940
 86.092970
 77.388630
 92.703830
 89.185200
 90.824010
108.600200
107.004700
101.833200
101.257100
100.209800
 98.005100
 96.834910
 90.426770
 97.908120
 99.297530
 99.569070
 92.590500
 96.896850
 99.126180
100.702500
 83.743660
 81.786310
 84.023800
 83.186540
 79.246450
 76.295480
 85.842880
 79.906200
 85.708810
 83.725750
 77.781750
 85.375640
 81.394100
 73.000000
 85.211500
 83.216580
 79.227520
 87.143560
 83.054200
 80.156100
 81.055530
 47.169910
 44.181440
 42.190040
 33.376640
 45.011110
 42.011900
 36.013890
 46.043460
 36.055510
 46.173580
 44.181440
 40.199500
 46.389650
 42.953460
 39.051250
 10.630150
  8.602325
  8.602325
  5.830952
  5.099020
  8.544003
  3.605551
 11.000000
   .000000
  6.708204
  5.000000
  3.162278
  4.472136
  9.433981
  9.055386
 53.235320
 40.792160
 55.081760
 55.009090
 46.043460
 44.011360
 44.283180
 44.011360
 44.011360
 42.296570
 40.112340
 40.000000
 36.055510
 36.055510
 95.963530
 93.295230
 92.455390
 90.210860
 89.308460
 89.888820
 87.982960
 91.416630
 86.533230
 84.628600
 84.876380
 85.982560
 82.680110
 80.993830
 85.586210
 82.152300
 77.935870
 68.476270
 79.649230
 77.414470
 81.884060
 84.118970
 77.388630
 80.056230
 84.970580
 83.630130
 81.437100
 82.879430
 75.822160
 71.021130
 90.735880
 91.263350
 91.831370
 82.619610
 73.239330
 74.303430
 92.200870
 83.868940
 97.616600
 93.107470
 90.873540
105.759200
104.235300
 98.858480
 98.234410
 97.308780
 95.131480
 93.861600
 86.821660
 94.810330
 96.213300
 96.400210
 88.836930
 93.477270
 95.692210
 97.416630
 78.587530
 76.655080
 82.927680
 77.878110
 73.979730
 71.063350
 80.411450
 74.525160
 80.230920
 78.262380
 72.367120
 79.762150
 75.802380
 67.067130
 79.511010
 77.524190
 73.552700
 81.394100
 77.233410
 74.431180
 75.239620
 41.593270
 38.639360
 36.674240
 28.160260
 39.204590
 36.221540
 30.265490
 40.012500
 30.016660
 40.012500
 38.013160
 34.014700
 40.112340
 36.496570
 32.557640
 10.198040
 10.049880
  8.062258
  8.544003
 10.630150
  6.324555
  7.211102
  5.830952
  6.708204
   .000000
  2.000000
  7.000000
  4.123106
  2.828427
  9.219544
 56.008930
 43.046490
 58.077530
 58.215120
 49.162990
 47.518420
 47.010640
 47.265210
 47.518420
 45.011110
 43.104520
 43.416590
 39.204590
 39.812060
 95.383440
 93.021500
 91.263350
 89.358830
 88.684840
 89.470660
 87.658420
 91.235950
 85.959290
 83.862980
 84.219950
 85.475140
 82.298240
 80.529500
 85.428330
 81.841310
 77.414470
 68.541960
 79.705710
 77.472570
 81.939000
 84.172440
 77.833150
 80.411450
 85.234970
 83.934500
 81.932900
 81.400250
 74.404300
 70.661160
 90.354860
 90.553850
 90.697300
 81.541400
 72.560320
 74.323620
 91.268840
 82.661960
 97.508970
 93.637600
 91.706050
107.298600
105.759200
100.424100
 99.809820
 98.858480
 96.674710
 95.425360
 88.509890
 96.400210
 97.800820
 98.005100
 90.553850
 95.131480
 97.349880
 99.045440
 80.523280
 78.587530
 84.053550
 79.831070
 75.927600
 73.006850
 82.377180
 76.485290
 82.200970
 80.230920
 74.330350
 81.743500
 77.781750
 69.065190
 81.498470
 79.511010
 75.538070
 83.384650
 79.227520
 76.419890
 77.233410
 43.566040
 40.607880
 38.639360
 30.083220
 41.194660
 38.209950
 32.249030
 42.011900
 32.015620
 42.011900
 40.012500
 36.013890
 42.107010
 38.470770
 34.525350
 10.770330
 10.049880
  8.544003
  8.062258
  9.433981
  7.211102
  6.324555
  7.615773
  5.000000
  2.000000
   .000000
  5.000000
  2.236068
  4.472136
  7.810250
 56.008930
 43.185650
 58.008620
 58.077530
 49.040800
 47.265210
 47.010640
 47.095650
 47.265210
 45.011110
 43.011630
 43.185650
 39.051250
 39.458840
 96.384640
 93.941470
 92.417530
 90.426770
 89.693920
 90.426770
 88.588940
 92.130340
 86.954010
 84.905830
 85.234970
 86.452300
 83.240620
 81.492330
 86.313390
 82.764720
 78.390050
 69.354160
 80.529500
 78.294320
 82.764720
 85.000000
 78.549350
 81.154170
 86.005810
 84.693570
 82.637760
 82.619610
 75.604230
 71.589100
 91.301700
 91.586020
 91.836810
 82.661960
 73.573090
 75.153180
 92.358000
 83.815270
 98.386990
 94.339810
 93.941470
111.211500
109.635800
104.403100
103.812300
102.800800
100.603200
 99.403220
 92.784700
100.439000
101.833200
102.078400
 94.894680
 99.322710
101.548000
103.174600
 85.375640
 83.432610
 87.005740
 84.723080
 80.808420
 77.878110
 87.298340
 81.394100
 87.132080
 85.158680
 79.246450
 86.700640
 82.734510
 74.060780
 86.469650
 84.480770
 80.504660
 88.362880
 84.214010
 81.394100
 82.219220
 48.507730
 45.541190
 43.566040
 34.928500
 46.173580
 43.185650
 37.215590
 47.010640
 37.013510
 47.010640
 45.011110
 41.012190
 47.095650
 43.416590
 39.458840
 13.453620
 11.661900
 11.313710
  8.944272
  8.000000
 10.816650
  6.708204
 12.369320
  3.162278
  7.000000
  5.000000
   .000000
  3.162278
  9.219544
  6.000000
 56.320510
 43.931770
 58.137770
 58.034470
 49.091750
 47.000000
 47.381430
 47.042530
 47.000000
 45.398240
 43.185650
 43.011630
 39.115220
 39.012820
 99.020200
 96.384640
 95.425360
 93.230900
 92.358000
 92.962360
 91.065910
 94.514550
 89.587940
 87.658420
 87.920420
 89.044930
 85.755460
 84.059500
 88.684840
 85.234970
 80.993830
 71.589100
 82.764720
 80.529500
 85.000000
 87.235310
 80.529500
 83.192550
 88.102210
 86.764050
 84.581320
 85.796270
 78.746430
 74.094540
 93.813640
 94.302700
 94.810330
 85.603740
 76.275820
 77.414470
 95.210300
 86.833180
100.722400
 96.254870
 93.471920
109.480600
107.935200
102.615800
102.004900
101.044500
 98.858480
 97.616600
 90.735880
 98.600200
100.000000
100.209800
 92.784700
 97.349880
 99.569070
101.257100
 82.710330
 80.777470
 86.023250
 82.000000
 78.102490
 75.186430
 84.528100
 78.644770
 84.344530
 82.377180
 76.485290
 83.862980
 79.906200
 71.112590
 83.600240
 81.614950
 77.646640
 85.475140
 81.301900
 78.517520
 79.309520
 45.705580
 42.755120
 40.792160
 32.280030
 43.289720
 40.311290
 34.365680
 44.045430
 34.058770
 44.000000
 42.000000
 38.000000
 44.045430
 40.311290
 36.345560
 12.529960
 11.401750
 10.295630
  9.055386
  9.486833
  9.219544
  7.000000
  9.848858
  4.472136
  4.123106
  2.236068
  3.162278
   .000000
  6.082763
  5.830952
 57.078890
 44.407210
 59.008470
 59.008470
 50.000000
 48.093660
 48.093660
 48.010410
 48.093660
 46.097720
 44.011360
 44.045430
 40.000000
 40.199500
 98.270030
 95.770560
 94.403390
 92.358000
 91.586020
 92.282170
 90.426770
 93.941470
 88.836930
 86.821660
 87.132080
 88.323270
 85.088190
 83.354670
 88.119240
 84.599050
 80.262070
 71.112590
 82.292160
 80.056230
 84.528100
 86.764050
 80.230920
 82.855290
 87.726850
 86.406020
 84.308950
 84.646320
 77.620870
 73.430240
 93.150410
 93.493320
 93.813640
 84.628600
 75.471850
 76.922040
 94.302700
 85.802100
100.184800
 96.005210
 91.923880
105.550900
104.062500
 98.595130
 97.948970
 97.082440
 94.921020
 93.605550
 86.267030
 94.493390
 95.900990
 96.046870
 88.204310
 93.005380
 95.210300
 97.005160
 77.201030
 75.286120
 83.528430
 76.400260
 72.532750
 69.641940
 78.854290
 73.006850
 78.644770
 76.687680
 70.830790
 78.089690
 74.148500
 65.192020
 77.781750
 75.802380
 71.847060
 79.630390
 75.425460
 72.691120
 73.437050
 40.024990
 37.107950
 35.171010
 26.925820
 37.483330
 34.525350
 28.635640
 38.118240
 28.160260
 38.013160
 36.013890
 32.015620
 38.013160
 34.234490
 30.265490
 12.000000
 12.369320
 10.049880
 11.180340
 13.453620
  8.000000
 10.000000
  5.830952
  9.433981
  2.828427
  4.472136
  9.219544
  6.082763
   .000000
  9.848858
 58.077530
 45.000000
 60.207970
 60.406950
 51.351730
 49.819680
 49.091750
 49.497470
 49.819680
 47.095650
 45.276920
 45.705580
 41.436700
 42.201900
 96.176920
 93.941470
 91.809590
 90.049990
 89.470660
 90.338260
 88.566360
 92.195440
 86.769810
 84.599050
 85.000000
 86.313390
 83.192550
 81.394100
 86.406020
 82.764720
 78.262380
 69.641940
 80.777470
 78.549350
 83.006030
 85.234970
 79.056940
 81.596570
 86.377080
 85.094060
 83.168500
 81.841310
 74.886580
 71.589100
 91.235950
 91.301700
 91.268840
 82.152300
 73.355300
 75.392310
 91.923880
 83.216580
 98.488580
 94.868330
 99.282420
114.978300
113.454800
108.074100
107.447700
106.527000
104.350400
103.077600
 95.963530
104.019200
105.423000
105.603000
 97.943860
102.649900
104.861800
106.606800
 86.977010
 85.070560
 91.836810
 86.127820
 82.280010
 79.404030
 88.526830
 82.710330
 88.294960
 86.348130
 80.523280
 87.664130
 83.743660
 74.545290
 87.298340
 85.328770
 81.394100
 89.106670
 84.852810
 82.200970
 82.873400
 49.729270
 46.840150
 44.922150
 36.769550
 47.074410
 44.147480
 38.327540
 47.518420
 37.656340
 47.265210
 45.276920
 41.303750
 47.095650
 43.000000
 39.000000
 18.357560
 17.088010
 16.124520
 14.560220
 14.000000
 15.000000
 12.369320
 15.000000
  9.055386
  9.219544
  7.810250
  6.000000
  5.830952
  9.848858
   .000000
 62.289650
 49.819680
 64.124880
 64.031240
 55.081760
 53.000000
 53.338540
 53.037720
 53.000000
 51.351730
 49.162990
 49.010200
 45.099890
 45.011110
104.100900
101.597200
100.209800
 98.183500
 97.416630
 98.112180
 96.254870
 99.764720
 94.667840
 92.649880
 92.962360
 94.154130
 90.917540
 89.185200
 93.941470
 90.426770
 86.092970
 76.922040
 88.102210
 85.866170
 90.338260
 92.574300
 86.005810
 88.639720
 93.520050
 92.195440
 90.077740
 90.426770
 83.408630
 79.259070
 98.979800
 99.322710
 99.624290
 90.443350
 81.301900
 82.734510
100.124900
 91.607860
106.004700
101.769300
 46.615450
 82.873400
 80.895000
 78.230430
 78.160100
 76.236470
 74.168720
 74.060780
 74.545290
 76.026310
 77.058420
 78.025630
 77.646640
 78.057670
 80.024990
 80.006250
 85.000000
 83.192550
 48.764740
 86.313390
 82.764720
 80.131140
 89.894380
 84.599050
 90.354860
 88.588940
 83.354670
 91.787800
 88.323270
 86.214850
 92.784700
 91.065910
 87.664130
 95.015790
 92.649880
 89.044930
 90.972530
 64.536810
 62.625870
 61.400330
 55.569770
 65.604880
 63.820060
 60.539240
 68.600290
 63.134780
 70.213960
 69.065190
 66.887960
 71.847060
 72.201110
 70.235320
 46.097720
 46.000000
 48.041650
 48.041650
 48.373550
 50.089920
 50.089920
 53.338540
 53.235320
 56.008930
 56.008930
 56.320510
 57.078890
 58.077530
 62.289650
   .000000
 13.341660
  2.828427
  4.472136
  7.615773
 10.816650
  9.000000
  9.848858
 10.816650
 11.000000
 13.152950
 13.928390
 17.262680
 18.384780
 55.072680
 50.774010
 56.302750
 52.000000
 49.658840
 48.764740
 46.529560
 48.548940
 47.010640
 46.818800
 46.238510
 46.097720
 42.544090
 41.785160
 43.416590
 41.629320
 39.849720
 28.861740
 37.121420
 35.341190
 38.948680
 40.816660
 32.756680
 35.510560
 40.224370
 38.832980
 35.805030
 50.803540
 45.177430
 33.734260
 49.244290
 51.894120
 55.362440
 47.539460
 37.656340
 33.241540
 54.230990
 49.477270
 53.600370
 45.967380
 53.150730
 82.861330
 80.956780
 77.369250
 77.129760
 75.432090
 73.246160
 72.780490
 71.112590
 74.525160
 75.709980
 76.485290
 74.060780
 75.663730
 77.781750
 78.262380
 77.491940
 75.584390
 51.107730
 78.434680
 74.672620
 71.867940
 81.932900
 76.321690
 82.280010
 80.411450
 74.846510
 83.384650
 79.705710
 76.321690
 84.172440
 82.346820
 78.721020
 86.406020
 83.630130
 80.056230
 81.841310
 53.075420
 50.911690
 49.517670
 43.011630
 53.758720
 51.739730
 48.010410
 56.639210
 50.477720
 58.137770
 56.850680
 54.405880
 59.665740
 59.640590
 57.454330
 33.000000
 33.136080
 35.014280
 35.355340
 36.138620
 37.000000
 37.483330
 40.112340
 40.792160
 43.046490
 43.185650
 43.931770
 44.407210
 45.000000
 49.819680
 13.341660
   .000000
 15.811390
 16.552950
  8.485281
  9.848858
  5.000000
  8.062258
  9.848858
  3.605551
  5.000000
  8.000000
  7.211102
 10.770330
 60.207970
 56.568540
 59.363290
 55.803230
 54.037030
 53.814500
 51.662360
 54.451810
 51.224990
 50.219520
 50.000000
 50.447990
 46.861500
 45.607020
 48.795490
 46.097720
 43.011630
 32.015620
 42.426410
 40.311290
 44.553340
 46.690470
 39.051250
 41.868840
 46.861500
 45.453270
 42.801870
 51.894120
 45.310040
 36.055510
 54.488530
 56.222770
 58.523500
 49.739320
 39.446170
 37.536650
 58.008620
 51.478150
 60.207970
 54.083270
 47.169910
 84.593150
 82.607510
 80.099940
 80.056230
 78.102490
 76.059190
 76.006580
 76.791920
 78.000000
 79.006330
 80.000000
 79.906200
 80.156100
 82.097500
 82.006100
 87.664130
 85.866170
 50.219520
 89.005620
 85.475140
 82.855290
 92.590500
 87.321240
 93.059120
 91.301700
 86.092970
 94.514550
 91.065910
 89.022470
 95.524860
 93.813640
 90.426770
 97.754800
 95.414890
 91.809590
 93.744330
 67.357250
 65.436990
 64.202800
 58.309520
 68.410520
 66.610810
 63.285070
 71.400280
 65.863490
 73.006850
 71.847060
 69.641940
 74.632430
 74.946650
 72.945180
 48.259710
 48.041650
 50.159740
 50.000000
 50.159740
 52.239830
 52.009610
 55.578770
 55.081760
 58.077530
 58.008620
 58.137770
 59.008470
 60.207970
 64.124880
  2.828427
 15.811390
   .000000
  2.000000
  9.055386
 11.704700
 11.180340
 11.180340
 11.704700
 13.152950
 15.000000
 15.297060
 19.026300
 19.646880
 55.901700
 51.478150
 57.567350
 53.141320
 50.695170
 49.658840
 47.423620
 49.244290
 48.104050
 48.083260
 47.434170
 47.169910
 43.657760
 43.011630
 44.283180
 42.720020
 41.231060
 30.413810
 38.078870
 36.400550
 39.812060
 41.593270
 33.541020
 36.235340
 40.816660
 39.446170
 36.359320
 52.469040
 47.042530
 35.355340
 50.089920
 52.924470
 56.612720
 49.030600
 39.319210
 34.481880
 55.362440
 50.990200
 54.083270
 46.097720
 48.877400
 86.579440
 84.593150
 82.097500
 82.054860
 80.099940
 78.057670
 78.006410
 78.771820
 80.000000
 81.006170
 82.000000
 81.884060
 82.152300
 84.095180
 84.005950
 89.470660
 87.664130
 52.172790
 90.785460
 87.235310
 84.599050
 94.366310
 89.067390
 94.826160
 93.059120
 87.817990
 96.254870
 92.784700
 90.603530
 97.247110
 95.524860
 92.114060
 99.478640
 97.097890
 93.493320
 95.414890
 68.680420
 66.708320
 65.436990
 59.363290
 69.656300
 67.801180
 64.350600
 72.622310
 66.887960
 74.202420
 73.006850
 70.724820
 75.802380
 76.006580
 73.925640
 48.507730
 48.166380
 50.358720
 50.039990
 50.039990
 52.469040
 52.009610
 55.901700
 55.009090
 58.215120
 58.077530
 58.034470
 59.008470
 60.406950
 64.031240
  4.472136
 16.552950
  2.000000
   .000000
  9.055386
 11.180340
 11.704700
 11.000000
 11.180340
 13.601470
 15.132750
 15.033300
 19.026300
 19.235380
 57.697490
 53.235320
 59.481090
 55.027270
 52.554730
 51.478150
 49.244290
 51.000000
 49.980000
 50.000000
 49.335590
 49.040800
 45.541190
 44.922150
 46.097720
 44.598210
 43.174060
 32.388270
 39.924930
 38.275320
 41.629320
 43.382020
 35.341190
 38.013160
 42.544090
 41.182520
 38.078870
 54.451810
 49.040800
 37.336310
 51.894120
 54.781380
 58.523500
 50.990200
 41.303750
 36.400550
 57.245090
 52.952810
 55.758410
 47.634020
 53.263500
 87.097650
 85.146930
 82.036580
 81.884060
 80.062480
 77.929460
 77.646640
 77.025970
 79.511010
 80.622570
 81.498470
 80.056230
 81.098710
 83.150470
 83.384650
 85.094060
 83.216580
 53.851650
 86.162640
 82.462110
 79.705710
 89.693920
 84.172440
 90.077740
 88.238310
 82.764720
 91.285270
 87.664130
 84.599050
 92.135770
 90.338260
 86.769810
 94.371600
 91.706050
 88.119240
 89.944430
 61.554860
 59.396970
 58.000000
 51.400390
 62.241470
 60.207970
 56.400360
 65.115280
 58.821770
 66.603300
 65.299310
 62.801270
 68.117550
 68.007350
 65.734310
 39.458840
 39.115220
 41.303750
 41.012190
 41.109610
 43.416590
 43.000000
 46.872170
 46.043460
 49.162990
 49.040800
 49.091750
 50.000000
 51.351730
 55.081760
  7.615773
  8.485281
  9.055386
  9.055386
   .000000
  3.605551
  3.605551
  2.236068
  3.605551
  5.000000
  6.082763
  6.324555
 10.000000
 10.770330
 61.294370
 57.201400
 61.741400
 57.706150
 55.569770
 54.918120
 52.697250
 55.000000
 52.839380
 52.325900
 51.884490
 51.971150
 48.373550
 47.413080
 49.648770
 47.507890
 45.188500
 34.014700
 43.266620
 41.340050
 45.221680
 47.201690
 39.204590
 42.011900
 46.861500
 45.453270
 42.520580
 55.362440
 49.244290
 38.626420
 55.470710
 57.801380
 60.835850
 52.554730
 42.379240
 38.948680
 59.941640
 54.424260
 60.307540
 53.075420
 56.850680
 90.470990
 88.526830
 85.328770
 85.158680
 83.360660
 81.215760
 80.895000
 80.000000
 82.734510
 83.862980
 84.717180
 83.006030
 84.214010
 86.284420
 86.579440
 87.281160
 85.381500
 57.384670
 88.255310
 84.504440
 81.706790
 91.760560
 86.162640
 92.114060
 90.249660
 84.693570
 93.230900
 89.554450
 86.092970
 94.021270
 92.195440
 88.566360
 96.254870
 93.471920
 89.899950
 91.678790
 62.482000
 60.207970
 58.728190
 51.739730
 62.968250
 60.811180
 56.727420
 65.764730
 59.033890
 67.178860
 65.795140
 63.126860
 68.622150
 68.249540
 65.802730
 38.078870
 37.483330
 39.812060
 39.204590
 39.000000
 41.976180
 41.109610
 45.607020
 44.011360
 47.518420
 47.265210
 47.000000
 48.093660
 49.819680
 53.000000
 10.816650
  9.848858
 11.704700
 11.180340
  3.605551
   .000000
  6.000000
  2.000000
   .000000
  6.324555
  5.656854
  4.123106
  8.544003
  8.062258
 64.899930
 60.802960
 65.306970
 61.294370
 59.169250
 58.523500
 56.302750
 58.600340
 56.435800
 55.901700
 55.470710
 55.569770
 51.971150
 51.000000
 53.254110
 51.107730
 48.754490
 37.576590
 46.872170
 44.944410
 48.826220
 50.803540
 42.801870
 45.607020
 50.447990
 49.040800
 46.097720
 58.821770
 52.630790
 42.154480
 59.076220
 61.400330
 64.404970
 56.080300
 45.880280
 42.544090
 63.529520
 57.939620
 63.890530
 56.586220
 52.345010
 84.646320
 82.710330
 79.429210
 79.246450
 77.466120
 75.312680
 74.966660
 74.000000
 76.791920
 77.929460
 78.771820
 77.006490
 78.230430
 80.305660
 80.622570
 81.596570
 79.711980
 51.894120
 82.637760
 78.924010
 76.157730
 86.162640
 80.622570
 86.539010
 84.693570
 79.202270
 87.726850
 84.095180
 80.993830
 88.566360
 86.764050
 83.186540
 90.801980
 88.119240
 84.534020
 86.353920
 58.000000
 55.865910
 54.488530
 48.010410
 58.728190
 56.727420
 53.009430
 61.619800
 55.470710
 63.126860
 61.846580
 59.405390
 64.660650
 64.637450
 62.433960
 37.121420
 37.000000
 39.051250
 39.051250
 39.458840
 41.109610
 41.109610
 44.407210
 44.283180
 47.010640
 47.010640
 47.381430
 48.093660
 49.091750
 53.338540
  9.000000
  5.000000
 11.180340
 11.704700
  3.605551
  6.000000
   .000000
  4.000000
  6.000000
  2.000000
  4.472136
  6.403124
  8.544003
 10.630150
 60.000000
 56.080300
 59.941640
 56.080300
 54.083270
 53.600370
 51.400390
 53.907330
 51.312770
 50.606320
 50.249380
 50.477720
 46.872170
 45.793010
 48.414880
 46.043460
 43.416590
 32.249030
 42.011900
 40.000000
 44.045430
 46.097720
 38.209950
 41.036570
 45.967380
 44.553340
 41.725290
 53.141320
 46.840150
 36.674240
 54.203320
 56.302750
 59.059290
 50.566790
 40.311290
 37.443290
 58.309520
 52.392750
 59.413800
 52.630790
 55.317270
 88.526830
 86.585220
 83.360660
 83.186540
 81.394100
 79.246450
 78.917680
 78.000000
 80.752710
 81.884060
 82.734510
 81.006170
 82.219220
 84.291160
 84.593150
 85.381500
 83.486530
 55.542780
 86.377080
 82.637760
 79.849860
 89.888820
 84.308950
 90.249660
 88.391170
 82.855290
 91.389270
 87.726850
 84.380090
 92.195440
 90.376990
 86.764050
 94.429870
 91.678790
 88.102210
 89.894380
 60.959000
 58.728190
 57.280010
 50.447990
 61.522350
 59.413800
 55.443660
 64.350600
 57.801380
 65.795140
 64.443770
 61.846580
 67.268120
 67.007460
 64.637450
 37.656340
 37.215590
 39.458840
 39.051250
 39.051250
 41.593270
 41.012190
 45.122060
 44.011360
 47.265210
 47.095650
 47.042530
 48.010410
 49.497470
 53.037720
  9.848858
  8.062258
 11.180340
 11.000000
  2.236068
  2.000000
  4.000000
   .000000
  2.000000
  4.472136
  4.472136
  4.123106
  8.062258
  8.544003
 63.245550
 59.203040
 63.505910
 59.539900
 57.454330
 56.859470
 54.644310
 57.008770
 54.708320
 54.120240
 53.712200
 53.851650
 50.249380
 49.244290
 51.613950
 49.396350
 46.957430
 35.777090
 45.221680
 43.266620
 47.201690
 49.203660
 41.231060
 44.045430
 48.918300
 47.507890
 44.598210
 56.921000
 50.695170
 40.311290
 57.428220
 59.682500
 62.609910
 54.230990
 44.011360
 40.816660
 61.773780
 56.080300
 62.369870
 55.226810
 56.850680
 90.470990
 88.526830
 85.328770
 85.158680
 83.360660
 81.215760
 80.895000
 80.000000
 82.734510
 83.862980
 84.717180
 83.006030
 84.214010
 86.284420
 86.579440
 87.281160
 85.381500
 57.384670
 88.255310
 84.504440
 81.706790
 91.760560
 86.162640
 92.114060
 90.249660
 84.693570
 93.230900
 89.554450
 86.092970
 94.021270
 92.195440
 88.566360
 96.254870
 93.471920
 89.899950
 91.678790
 62.482000
 60.207970
 58.728190
 51.739730
 62.968250
 60.811180
 56.727420
 65.764730
 59.033890
 67.178860
 65.795140
 63.126860
 68.622150
 68.249540
 65.802730
 38.078870
 37.483330
 39.812060
 39.204590
 39.000000
 41.976180
 41.109610
 45.607020
 44.011360
 47.518420
 47.265210
 47.000000
 48.093660
 49.819680
 53.000000
 10.816650
  9.848858
 11.704700
 11.180340
  3.605551
   .000000
  6.000000
  2.000000
   .000000
  6.324555
  5.656854
  4.123106
  8.544003
  8.062258
 64.899930
 60.802960
 65.306970
 61.294370
 59.169250
 58.523500
 56.302750
 58.600340
 56.435800
 55.901700
 55.470710
 55.569770
 51.971150
 51.000000
 53.254110
 51.107730
 48.754490
 37.576590
 46.872170
 44.944410
 48.826220
 50.803540
 42.801870
 45.607020
 50.447990
 49.040800
 46.097720
 58.821770
 52.630790
 42.154480
 59.076220
 61.400330
 64.404970
 56.080300
 45.880280
 42.544090
 63.529520
 57.939620
 63.890530
 56.586220
 53.740120
 85.164540
 83.240620
 79.831070
 79.624110
 77.878110
 75.709980
 75.312680
 74.027020
 77.103830
 78.262380
 79.075910
 77.006490
 78.409180
 80.504660
 80.895000
 80.956780
 79.056940
 52.773100
 81.932900
 78.185680
 75.392310
 85.440040
 79.849860
 85.796270
 83.934500
 78.390050
 86.925250
 83.258640
 79.924960
 87.726850
 85.906930
 82.292160
 89.961110
 87.206650
 83.630130
 85.422480
 56.639210
 54.451810
 53.037720
 46.400430
 57.280010
 55.226810
 51.400390
 60.141500
 53.823790
 61.619800
 60.307540
 57.801380
 63.126860
 63.007930
 60.745370
 35.128340
 35.000000
 37.054020
 37.054020
 37.483330
 39.115220
 39.115220
 42.426410
 42.296570
 45.011110
 45.011110
 45.398240
 46.097720
 47.095650
 51.351730
 11.000000
  3.605551
 13.152950
 13.601470
  5.000000
  6.324555
  2.000000
  4.472136
  6.324555
   .000000
  2.828427
  5.385165
  6.708204
  9.219544
 61.220910
 57.384670
 60.901560
 57.140180
 55.217750
 54.817880
 52.630790
 55.226810
 52.430910
 51.623640
 51.312770
 51.613950
 48.010410
 46.872170
 49.678970
 47.201690
 44.418460
 33.286630
 43.278170
 41.231060
 45.343140
 47.423620
 39.597980
 42.426410
 47.381430
 45.967380
 43.185650
 53.851650
 47.434170
 37.589890
 55.443660
 57.428220
 60.033330
 51.429560
 41.146080
 38.600520
 59.363290
 53.225930
 60.811180
 54.203320
 56.568540
 87.641310
 85.726310
 82.225300
 82.000000
 80.280750
 78.102490
 77.665950
 76.105190
 79.429210
 80.603970
 81.394100
 79.056940
 80.622570
 82.734510
 83.186540
 82.280010
 80.361680
 55.470710
 83.168500
 79.378840
 76.550640
 86.648720
 80.993830
 86.977010
 85.094060
 79.479560
 88.022730
 84.308950
 80.622570
 88.769360
 86.925250
 83.258640
 91.000000
 88.141930
 84.581320
 86.330760
 56.850680
 54.561890
 53.075420
 46.097720
 57.314920
 55.154330
 51.088160
 60.108230
 53.413480
 61.522350
 60.141500
 57.489130
 62.968250
 62.625870
 60.216280
 33.376640
 33.060550
 35.227830
 35.000000
 35.227830
 37.336310
 37.013510
 40.792160
 40.112340
 43.104520
 43.011630
 43.185650
 44.011360
 45.276920
 49.162990
 13.152950
  5.000000
 15.000000
 15.132750
  6.082763
  5.656854
  4.472136
  4.472136
  5.656854
  2.828427
   .000000
  3.000000
  4.123106
  6.403124
 64.031240
 60.207970
 63.631750
 59.908260
 58.008620
 57.628120
 55.443660
 58.051700
 55.217750
 54.378300
 54.083270
 54.405880
 50.803540
 49.648770
 52.497620
 50.000000
 47.169910
 36.055510
 46.097720
 44.045430
 48.166380
 50.249380
 42.426410
 45.254830
 50.209560
 48.795490
 46.010870
 56.462380
 49.980000
 40.311290
 58.258050
 60.216280
 62.769420
 54.120240
 43.829210
 41.400480
 62.128900
 55.901700
 63.639610
 57.008770
 58.728190
 90.520710
 88.600230
 85.146930
 84.929380
 83.198550
 81.024690
 80.603970
 79.101200
 82.377180
 83.546390
 84.344530
 82.054860
 83.600240
 85.708810
 86.145230
 85.164540
 83.240620
 58.137770
 86.023250
 82.219220
 79.378840
 89.493020
 83.815270
 89.810910
 87.920420
 82.280010
 90.824010
 87.091900
 83.240620
 91.547800
 89.693920
 86.005810
 93.776330
 90.873540
 87.321240
 89.050540
 59.203040
 56.850680
 55.317270
 48.104050
 59.548300
 57.314920
 53.075420
 62.289650
 55.317270
 63.655320
 62.225400
 59.464280
 65.053830
 64.536810
 62.008060
 33.955850
 33.376640
 35.693140
 35.128340
 35.014280
 37.854990
 37.054020
 41.484940
 40.000000
 43.416590
 43.185650
 43.011630
 44.045430
 45.705580
 49.010200
 13.928390
  8.000000
 15.297060
 15.033300
  6.324555
  4.123106
  6.403124
  4.123106
  4.123106
  5.385165
  3.000000
   .000000
  4.472136
  4.472136
 66.400300
 62.482000
 66.241980
 62.433960
 60.464870
 60.000000
 57.801380
 60.307540
 57.688820
 56.938560
 56.603890
 56.859470
 53.254110
 52.153620
 54.817880
 52.430910
 49.739320
 38.587560
 48.414880
 46.400430
 50.447990
 52.497620
 44.598210
 47.423620
 52.345010
 50.931330
 48.083260
 59.236810
 52.810990
 42.941820
 60.605280
 62.681740
 65.368190
 56.797890
 46.518810
 43.829210
 64.660650
 58.600340
 65.795140
 58.898220
 60.141500
 89.810910
 87.920420
 84.202140
 83.934500
 82.280010
 80.081210
 79.555020
 77.414470
 81.252690
 82.462110
 83.198550
 80.305660
 82.200970
 84.344530
 84.929380
 82.225300
 80.280750
 58.309520
 82.969870
 79.120160
 76.243030
 86.400230
 80.653580
 86.683330
 84.770280
 79.056940
 87.595660
 83.815270
 79.605280
 88.255310
 86.377080
 82.637760
 90.476520
 87.464280
 83.934500
 85.615420
 55.217750
 52.801510
 51.224990
 43.840620
 55.443660
 53.150730
 48.795490
 58.137770
 50.990200
 59.464280
 58.000000
 55.172460
 60.827630
 60.207970
 57.628120
 29.614190
 29.154760
 31.400640
 31.016120
 31.144820
 33.541020
 33.000000
 37.107950
 36.055510
 39.204590
 39.051250
 39.115220
 40.000000
 41.436700
 45.099890
 17.262680
  7.211102
 19.026300
 19.026300
 10.000000
  8.544003
  8.544003
  8.062258
  8.544003
  6.708204
  4.123106
  4.472136
   .000000
  4.000000
 67.357250
 63.655320
 66.573270
 63.007930
 61.220910
 60.959000
 58.796260
 61.522350
 58.412330
 57.428220
 57.201400
 57.628120
 54.037030
 52.801510
 55.901700
 53.263500
 50.219520
 39.204590
 49.517670
 47.423620
 51.623640
 53.740120
 46.010870
 48.836460
 53.814500
 52.402290
 49.678970
 59.033890
 52.392750
 43.266620
 61.619800
 63.411350
 65.734310
 56.938560
 46.647610
 44.687810
 65.215030
 58.668560
 67.208630
 60.802960
 62.936480
 93.605550
 91.706050
 88.056800
 87.800910
 86.127820
 83.934500
 83.432610
 81.394100
 85.146930
 86.348130
 87.097650
 84.291160
 86.145230
 88.283630
 88.842560
 86.122010
 84.172440
 61.773780
 86.833180
 82.969870
 80.081210
 90.249660
 84.480770
 90.520710
 88.600230
 82.861330
 91.394740
 87.595660
 83.192550
 92.027170
 90.138780
 86.377080
 94.244360
 91.181140
 87.664130
 89.319650
 58.523500
 56.035700
 54.405880
 46.754680
 58.600340
 56.222770
 51.662360
 61.220910
 53.740120
 62.482000
 60.959000
 58.000000
 63.780880
 62.936480
 60.207970
 30.675720
 29.832870
 32.280030
 31.400640
 31.016120
 34.481880
 33.241540
 38.275320
 36.055510
 39.812060
 39.458840
 39.012820
 40.199500
 42.201900
 45.011110
 18.384780
 10.770330
 19.646880
 19.235380
 10.770330
  8.062258
 10.630150
  8.544003
  8.062258
  9.219544
  6.403124
  4.472136
  4.000000
   .000000
 70.434360
 66.603300
 69.971420
 66.287250
 64.404970
 64.031240
 61.846580
 64.443770
 61.611690
 60.745370
 60.464870
 60.802960
 57.201400
 56.035700
 58.898220
 56.400360
 53.535030
 42.438190
 52.497620
 50.447990
 54.561890
 56.639210
 48.795490
 51.623640
 56.568540
 55.154330
 52.345010
 62.649820
 56.080300
 46.647610
 64.660650
 66.610810
 69.115840
 60.415230
 50.119860
 47.801670
 68.505480
 62.177170
 70.007140
 63.253460
 10.000000
 37.161810
 35.341190
 36.619670
 37.202150
 35.000000
 34.058770
 35.383610
 44.407210
 37.536650
 37.643060
 39.051250
 47.010640
 42.426410
 43.185650
 41.231060
 69.354160
 68.541960
 14.035670
 72.090220
 70.576200
 69.570110
 75.153180
 72.801100
 76.059190
 75.239620
 73.054770
 78.790860
 77.252830
 82.462110
 80.622570
 79.849860
 78.434680
 82.346820
 82.637760
 79.711980
 81.932900
 76.236470
 76.531040
 76.791920
 77.620870
 79.404030
 79.762150
 80.808420
 82.298240
 83.743660
 84.291160
 84.480770
 85.000000
 86.284420
 89.677200
 90.255200
 85.755460
 87.367040
 87.982960
 90.138780
 92.417530
 89.185200
 92.358000
 90.354860
 95.963530
 95.383440
 96.384640
 99.020200
 98.270030
 96.176920
104.100900
 55.072680
 60.207970
 55.901700
 57.697490
 61.294370
 64.899930
 60.000000
 63.245550
 64.899930
 61.220910
 64.031240
 66.400300
 67.357250
 70.434360
   .000000
  5.000000
  9.433981
  7.000000
  6.708204
  6.403124
  8.602325
  7.071068
  9.433981
 11.704700
 11.180340
 10.000000
 13.453620
 15.000000
 11.661900
 14.142140
 18.027760
 28.284270
 18.027760
 20.000000
 16.124520
 14.317820
 22.360680
 19.697720
 15.524170
 16.763050
 19.924860
 18.110770
 23.194830
 25.000000
  5.830952
  5.099020
  8.944272
 15.132750
 22.825420
 22.671570
  6.324555
 15.000000
  7.071068
 15.811390
  5.000000
 41.785160
 39.924930
 40.816660
 41.340050
 39.115220
 38.013160
 39.204590
 47.507890
 41.400480
 41.617310
 43.011630
 50.249380
 46.097720
 47.010640
 45.221680
 71.589100
 70.661160
 14.560220
 74.242840
 72.498280
 71.309190
 77.414470
 74.732860
 78.294320
 77.369250
 74.846510
 80.950600
 79.202270
 83.815270
 82.734510
 81.859630
 80.230920
 84.534020
 84.581320
 81.541400
 83.773510
 76.006580
 76.105190
 76.236470
 76.485290
 79.056940
 79.227520
 79.906200
 82.024380
 82.873400
 84.023800
 84.095180
 84.380090
 86.023250
 89.202020
 89.560040
 83.240620
 84.723080
 85.475140
 87.464280
 89.587940
 86.769810
 89.693920
 88.141930
 93.295230
 93.021500
 93.941470
 96.384640
 95.770560
 93.941470
101.597200
 50.774010
 56.568540
 51.478150
 53.235320
 57.201400
 60.802960
 56.080300
 59.203040
 60.802960
 57.384670
 60.207970
 62.482000
 63.655320
 66.603300
  5.000000
   .000000
 12.806250
  8.602325
  6.324555
  4.000000
  5.385165
  2.236068
  8.000000
 11.045360
 10.000000
  8.062258
 10.770330
 12.649110
  7.810250
 11.180340
 15.811390
 25.000000
 14.142140
 16.278820
 12.041590
 10.000000
 18.027760
 15.264340
 10.770330
 12.083050
 15.231550
 19.313210
 23.086790
 22.360680
  3.000000
  6.403124
 12.041590
 15.297060
 20.880610
 19.209370
  9.219544
 15.811390
  5.000000
 11.180340
 17.000000
 29.832870
 27.892650
 28.178010
 28.653100
 26.419690
 25.238860
 26.400760
 35.000000
 28.600700
 28.844410
 30.232430
 37.643060
 33.301650
 34.205260
 32.449960
 60.008330
 59.236810
  8.485281
 62.769420
 61.351450
 60.440050
 65.795140
 63.568860
 66.708320
 65.924200
 63.890530
 69.462220
 68.007350
 73.545910
 71.309190
 70.576200
 69.260380
 73.006850
 73.389370
 70.519500
 72.732380
 68.883960
 69.426220
 69.856990
 71.512240
 72.180330
 72.780490
 74.330350
 74.966660
 77.201030
 76.941540
 77.278720
 78.102490
 78.917680
 82.565120
 83.432610
 82.006100
 83.868940
 84.202140
 86.683330
 89.274860
 85.211500
 88.865070
 85.982560
 92.455390
 91.263350
 92.417530
 95.425360
 94.403390
 91.809590
100.209800
 56.302750
 59.363290
 57.567350
 59.481090
 61.741400
 65.306970
 59.941640
 63.505910
 65.306970
 60.901560
 63.631750
 66.241980
 66.573270
 69.971420
  9.433981
 12.806250
   .000000
  5.099020
  8.246211
 10.770330
 12.369320
 13.892440
 10.000000
  9.486833
 10.198040
 11.000000
 14.142140
 14.560220
 15.132750
 15.132750
 16.552950
 27.730850
 20.099750
 21.377560
 19.000000
 18.110770
 25.079870
 23.000000
 20.396080
 21.213200
 24.083190
 10.440310
 17.000000
 23.323810
 11.180340
  6.708204
  1.000000
  9.899495
 20.000000
 23.086790
  3.605551
  8.602325
 16.401220
 23.853720
 12.206560
 34.928500
 32.984840
 33.105890
 33.541020
 31.304950
 30.016660
 31.064450
 38.948680
 33.286630
 33.615470
 34.985710
 41.725290
 37.802120
 38.832980
 37.215590
 63.063460
 62.169120
  7.071068
 65.741920
 64.078080
 62.968250
 68.883960
 66.309880
 69.771060
 68.876700
 66.483080
 72.449980
 70.774290
 75.690160
 74.249580
 73.409810
 71.867940
 76.026310
 76.157730
 73.164200
 75.392310
 69.260380
 69.584480
 69.871310
 70.880180
 72.443080
 72.835430
 73.979730
 75.325960
 76.902530
 77.317530
 77.524190
 78.089690
 79.309520
 82.734510
 83.360660
 79.881160
 81.608830
 82.097500
 84.403790
 86.833180
 83.216580
 86.608310
 84.219950
 90.210860
 89.358830
 90.426770
 93.230900
 92.358000
 90.049990
 98.183500
 52.000000
 55.803230
 53.141320
 55.027270
 57.706150
 61.294370
 56.080300
 59.539900
 61.294370
 57.140180
 59.908260
 62.433960
 63.007930
 66.287250
  7.000000
  8.602325
  5.099020
   .000000
  3.162278
  5.830952
  7.280110
  9.219544
  5.099020
  5.656854
  5.830952
  6.082763
  9.486833
 10.295630
 10.049880
 10.440310
 12.806250
 23.853720
 15.297060
 16.763050
 14.035670
 13.038400
 20.223750
 18.027760
 15.297060
 16.124520
 19.026300
 11.180340
 16.278820
 19.849430
  6.403124
  2.236068
  4.123106
  8.246211
 17.029390
 18.788290
  2.236068
  8.000000
 13.000000
 19.209370
  9.219544
 38.078870
 36.138620
 36.249140
 36.674240
 34.438350
 33.120990
 34.132100
 41.725290
 36.359320
 36.715120
 38.078870
 44.553340
 40.804410
 41.880780
 40.311290
 65.368190
 64.412730
  8.246211
 68.000000
 66.211780
 65.000000
 71.196910
 68.447060
 72.069410
 71.119620
 68.541960
 74.706090
 72.917760
 77.491940
 76.478750
 75.584390
 73.925640
 78.294320
 78.294320
 75.239620
 77.472570
 70.064250
 70.256680
 70.455660
 71.063350
 73.171040
 73.437050
 74.330350
 76.105190
 77.278720
 78.102490
 78.230430
 78.638410
 80.099940
 83.384650
 83.862980
 79.075910
 80.709360
 81.301900
 83.486530
 85.802100
 82.492420
 85.702970
 83.648070
 89.308460
 88.684840
 89.693920
 92.358000
 91.586020
 89.470660
 97.416630
 49.658840
 54.037030
 50.695170
 52.554730
 55.569770
 59.169250
 54.083270
 57.454330
 59.169250
 55.217750
 58.008620
 60.464870
 61.220910
 64.404970
  6.708204
  6.324555
  8.246211
  3.162278
   .000000
  2.828427
  4.123106
  6.403124
  2.828427
  5.099020
  4.472136
  3.605551
  7.211102
  8.485281
  7.000000
  8.062258
 11.401750
 22.022710
 12.649110
 14.317820
 11.180340
 10.000000
 17.464250
 15.132750
 12.165530
 13.038400
 16.000000
 13.000000
 17.000000
 18.439090
  3.605551
  2.236068
  7.280110
  9.055386
 16.124520
 16.643320
  5.000000
  9.486833
 11.180340
 16.278820
  6.403124
 40.521600
 38.600520
 38.910150
 39.357340
 37.121420
 35.846900
 36.891740
 44.553340
 39.115220
 39.446170
 40.816660
 47.381430
 43.600460
 44.654230
 43.046490
 68.095520
 67.119290
 10.770330
 70.710680
 68.876700
 67.623960
 73.925640
 71.112590
 74.793050
 73.824110
 71.175840
 77.414470
 75.584390
 80.006250
 79.177020
 78.262380
 76.557170
 81.006170
 80.956780
 77.878110
 80.112420
 72.006940
 72.111020
 72.249570
 72.567210
 75.059970
 75.239620
 75.953930
 78.025630
 78.917680
 80.024990
 80.099940
 80.399000
 82.024380
 85.211500
 85.586210
 79.755870
 81.301900
 81.987800
 84.059500
 86.267030
 83.240620
 86.284420
 84.528100
 89.888820
 89.470660
 90.426770
 92.962360
 92.282170
 90.338260
 98.112180
 48.764740
 53.814500
 49.658840
 51.478150
 54.918120
 58.523500
 53.600370
 56.859470
 58.523500
 54.817880
 57.628120
 60.000000
 60.959000
 64.031240
  6.403124
  4.000000
 10.770330
  5.830952
  2.828427
   .000000
  2.236068
  3.605551
  4.000000
  7.071068
  6.000000
  4.123106
  7.211102
  8.944272
  5.385165
  7.810250
 12.083050
 21.931710
 11.661900
 13.601470
  9.848858
  8.246211
 16.155490
 13.601470
 10.000000
 11.045360
 14.142140
 15.652480
 19.104970
 18.867960
  1.000000
  4.123106
  9.848858
 11.401750
 17.088010
 16.278820
  7.280110
 12.083050
  9.000000
 13.453620
  5.830952
 42.201900
 40.261640
 40.311290
 40.718550
 38.483760
 37.121420
 38.078870
 45.276920
 40.311290
 40.706260
 42.059480
 48.166380
 44.654230
 45.793010
 44.294470
 68.264190
 67.230940
 10.816650
 70.830790
 68.883960
 67.542580
 74.094540
 71.119620
 74.946650
 73.925640
 71.112590
 77.524190
 75.591000
 79.711980
 79.259070
 78.294320
 76.485290
 81.123360
 80.950600
 77.820300
 80.056230
 71.007040
 71.028160
 71.112590
 71.196910
 74.006760
 74.108030
 74.672620
 77.000000
 77.646640
 79.000000
 79.025310
 79.227520
 81.000000
 84.095180
 84.380090
 77.897370
 79.404030
 80.131140
 82.152300
 84.314890
 81.412530
 84.380090
 82.764720
 87.982960
 87.658420
 88.588940
 91.065910
 90.426770
 88.566360
 96.254870
 46.529560
 51.662360
 47.423620
 49.244290
 52.697250
 56.302750
 51.400390
 54.644310
 56.302750
 52.630790
 55.443660
 57.801380
 58.796260
 61.846580
  8.602325
  5.385165
 12.369320
  7.280110
  4.123106
  2.236068
   .000000
  4.000000
  3.605551
  6.708204
  5.385165
  3.162278
  5.385165
  7.280110
  3.162278
  5.830952
 10.440310
 19.849430
  9.433981
 11.401750
  7.615773
  6.082763
 13.928390
 11.401750
  8.062258
  9.000000
 12.041590
 15.811390
 18.439090
 17.000000
  2.828427
  6.000000
 11.401750
 11.180340
 15.524170
 14.142140
  9.055386
 12.206560
 10.198040
 12.806250
  3.162278
 43.324360
 41.436700
 42.059480
 42.544090
 40.311290
 39.115220
 40.224370
 48.104050
 42.438190
 42.720020
 44.102150
 50.911690
 47.010640
 48.010410
 46.324940
 71.693790
 70.710680
 14.317820
 74.303430
 72.449980
 71.175840
 77.524190
 74.686010
 78.390050
 77.414470
 74.732860
 81.006170
 79.158070
 83.486530
 82.764720
 81.841310
 80.112420
 84.599050
 84.528100
 81.437100
 83.671980
 75.006670
 75.026660
 75.106590
 75.133220
 78.006410
 78.102490
 78.638410
 81.000000
 81.614950
 83.000000
 83.024090
 83.216580
 85.000000
 88.090860
 88.362880
 81.412530
 82.855290
 83.648070
 85.586210
 87.664130
 84.970580
 87.817990
 86.406020
 91.416630
 91.235950
 92.130340
 94.514550
 93.941470
 92.195440
 99.764720
 48.548940
 54.451810
 49.244290
 51.000000
 55.000000
 58.600340
 53.907330
 57.008770
 58.600340
 55.226810
 58.051700
 60.307540
 61.522350
 64.443770
  7.071068
  2.236068
 13.892440
  9.219544
  6.403124
  3.605551
  4.000000
   .000000
  7.280110
 10.440310
  9.219544
  7.071068
  9.219544
 11.180340
  5.830952
  9.486833
 14.317820
 23.021730
 12.041590
 14.212670
  9.899495
  7.810250
 15.811390
 13.038400
  8.544003
  9.848858
 13.000000
 19.235380
 22.360680
 20.615530
  2.828427
  7.211102
 13.038400
 14.866070
 19.416490
 17.204650
 10.295630
 15.652480
  6.324555
 10.000000
  9.433981
 39.623230
 37.656340
 37.336310
 37.696160
 35.468300
 34.014700
 34.885530
 41.773200
 37.121420
 37.576590
 38.910150
 44.687810
 41.340050
 42.544090
 41.146080
 64.660650
 63.631750
  7.211102
 67.230940
 65.299310
 63.976560
 70.491130
 67.535180
 71.344240
 70.327800
 67.542580
 73.925640
 72.006940
 76.216800
 75.663730
 74.706090
 72.917760
 77.524190
 77.369250
 74.249580
 76.485290
 68.007350
 68.117550
 68.264190
 68.658580
 71.063350
 71.253070
 72.006940
 74.027020
 74.966660
 76.026310
 76.105190
 76.419890
 78.025630
 81.221920
 81.614950
 76.321690
 77.935870
 78.549350
 80.709360
 83.006030
 79.755870
 82.927680
 80.950600
 86.533230
 85.959290
 86.954010
 89.587940
 88.836930
 86.769810
 94.667840
 47.010640
 51.224990
 48.104050
 49.980000
 52.839380
 56.435800
 51.312770
 54.708320
 56.435800
 52.430910
 55.217750
 57.688820
 58.412330
 61.611690
  9.433981
  8.000000
 10.000000
  5.099020
  2.828427
  4.000000
  3.605551
  7.280110
   .000000
  3.162278
  2.000000
  1.000000
  4.472136
  5.656854
  5.385165
  5.385165
  8.602325
 19.209370
 10.198040
 11.704700
  9.000000
  8.246211
 15.132750
 13.000000
 10.770330
 11.401750
 14.142140
 12.206560
 15.132750
 15.620500
  5.000000
  5.000000
  9.000000
  7.615773
 13.416410
 13.892440
  7.280110
  8.602325
 13.000000
 16.401220
 12.529960
 38.209950
 36.221540
 35.440090
 35.735140
 33.526110
 31.953090
 32.695560
 39.051250
 34.928500
 35.468300
 36.769550
 42.011900
 38.948680
 40.249220
 39.000000
 61.587340
 60.539240
  4.242640
 64.140470
 62.177170
 60.835850
 67.416620
 64.412730
 68.264190
 67.230940
 64.404970
 70.830790
 68.883960
 73.054770
 72.560320
 71.589100
 69.778220
 74.431180
 74.242840
 71.112590
 73.348480
 65.030760
 65.192020
 65.375840
 65.969690
 68.117550
 68.359340
 69.231500
 71.063350
 72.180330
 73.061610
 73.171040
 73.552700
 75.059970
 78.313470
 78.771820
 74.330350
 76.026310
 76.550640
 78.816240
 81.215760
 77.698140
 81.024690
 78.771820
 84.628600
 83.862980
 84.905830
 87.658420
 86.821660
 84.599050
 92.649880
 46.818800
 50.219520
 48.083260
 50.000000
 52.325900
 55.901700
 50.606320
 54.120240
 55.901700
 51.623640
 54.378300
 56.938560
 57.428220
 60.745370
 11.704700
 11.045360
  9.486833
  5.656854
  5.099020
  7.071068
  6.708204
 10.440310
  3.162278
   .000000
  1.414214
  3.605551
  5.099020
  5.099020
  7.810250
  6.082763
  7.211102
 18.357560
 11.045360
 12.041590
 10.440310
 10.295630
 16.031220
 14.317820
 13.038400
 13.416410
 15.811390
  9.219544
 12.041590
 14.212670
  8.062258
  6.708204
  8.544003
  4.472136
 11.401750
 13.601470
  7.810250
  5.656854
 16.031220
 19.416490
 11.180340
 39.319210
 37.336310
 36.687870
 37.000000
 34.785050
 33.241540
 34.014700
 40.459860
 36.249140
 36.769550
 38.078870
 43.416590
 40.311290
 41.593270
 40.311290
 62.968250
 61.911230
  5.656854
 65.513360
 63.529520
 62.169120
 68.796800
 65.764730
 69.641940
 68.600290
 65.741920
 72.201110
 70.235320
 74.330350
 73.925640
 72.945180
 71.112590
 75.802380
 75.591000
 72.449980
 74.686010
 66.007580
 66.121100
 66.272160
 66.708320
 69.065190
 69.260380
 70.035710
 72.027770
 72.993150
 74.027020
 74.108030
 74.431180
 76.026310
 79.227520
 79.630390
 74.625730
 76.275820
 76.850500
 79.056940
 81.400250
 78.032040
 81.271150
 79.177020
 84.876380
 84.219950
 85.234970
 87.920420
 87.132080
 85.000000
 92.962360
 46.238510
 50.000000
 47.434170
 49.335590
 51.884490
 55.470710
 50.249380
 53.712200
 55.470710
 51.312770
 54.083270
 56.603890
 57.201400
 60.464870
 11.180340
 10.000000
 10.198040
  5.830952
  4.472136
  6.000000
  5.385165
  9.219544
  2.000000
  1.414214
   .000000
  2.236068
  4.000000
  4.472136
  6.403124
  5.000000
  7.071068
 18.027760
 10.000000
 11.180340
  9.219544
  8.944272
 15.000000
 13.152950
 11.661900
 12.083050
 14.560220
 10.630150
 13.152950
 14.142140
  7.000000
  6.403124
  9.219544
  5.830952
 11.661900
 13.000000
  8.062258
  7.071068
 15.000000
 18.027760
  8.944272
 40.607880
 38.639360
 38.275320
 38.626420
 36.400550
 34.928500
 35.777090
 42.520580
 38.013160
 38.483760
 39.812060
 45.453270
 42.190040
 43.416590
 42.047590
 65.192020
 64.140470
  7.810250
 67.742160
 65.764730
 64.404970
 71.021130
 68.000000
 71.867940
 70.830790
 67.977940
 74.431180
 72.470680
 76.550640
 76.157730
 75.179790
 73.348480
 78.032040
 77.826730
 74.686010
 76.922040
 68.000000
 68.066150
 68.183580
 68.447060
 71.028160
 71.175840
 71.847060
 74.006760
 74.813100
 76.006580
 76.059190
 76.321690
 78.006410
 81.154170
 81.498470
 75.802380
 77.388630
 78.032040
 80.156100
 82.419650
 79.259070
 82.377180
 80.498440
 85.982560
 85.475140
 86.452300
 89.044930
 88.323270
 86.313390
 94.154130
 46.097720
 50.447990
 47.169910
 49.040800
 51.971150
 55.569770
 50.477720
 53.851650
 55.569770
 51.613950
 54.405880
 56.859470
 57.628120
 60.802960
 10.000000
  8.062258
 11.000000
  6.082763
  3.605551
  4.123106
  3.162278
  7.071068
  1.000000
  3.605551
  2.236068
   .000000
  3.605551
  5.000000
  4.472136
  4.472136
  8.062258
 18.439090
  9.219544
 10.770330
  8.000000
  7.280110
 14.142140
 12.000000
  9.848858
 10.440310
 13.152950
 12.806250
 15.297060
 15.000000
  5.099020
  5.830952
 10.000000
  8.062258
 13.000000
 13.038400
  8.246211
  9.219544
 13.038400
 15.811390
 10.049880
 43.289720
 41.303750
 40.521600
 40.804410
 38.600520
 37.000000
 37.696160
 43.600460
 39.924930
 40.496910
 41.785160
 46.615450
 43.829210
 45.188500
 44.011360
 65.215030
 64.070270
  8.944272
 67.675700
 65.513360
 64.007810
 71.028160
 67.742160
 71.847060
 70.724820
 67.601780
 74.330350
 72.201110
 75.769390
 76.006580
 74.946650
 72.945180
 77.935870
 77.524190
 74.303430
 76.537570
 66.068150
 66.000000
 66.030300
 65.924200
 69.007250
 69.028980
 69.462220
 72.027770
 72.443080
 74.027020
 74.000000
 74.108030
 76.026310
 79.025310
 79.227520
 72.560320
 74.094540
 74.793050
 76.850500
 79.056940
 76.059190
 79.075910
 77.388630
 82.680110
 82.298240
 83.240620
 85.755460
 85.088190
 83.192550
 90.917540
 42.544090
 46.861500
 43.657760
 45.541190
 48.373550
 51.971150
 46.872170
 50.249380
 51.971150
 48.010410
 50.803540
 53.254110
 54.037030
 57.201400
 13.453620
 10.770330
 14.142140
  9.486833
  7.211102
  7.211102
  5.385165
  9.219544
  4.472136
  5.099020
  4.000000
  3.605551
   .000000
  2.000000
  4.123106
  1.000000
  5.099020
 14.866070
  6.000000
  7.280110
  5.385165
  5.656854
 11.000000
  9.219544
  8.485281
  8.602325
 10.770330
 13.601470
 14.317820
 11.661900
  8.062258
  9.433981
 13.152950
  8.602325
 10.198040
  9.433981
 11.704700
 10.295630
 15.524170
 16.155490
 12.041590
 43.104520
 41.109610
 40.024990
 40.261640
 38.078870
 36.400550
 37.000000
 42.438190
 39.217340
 39.849720
 41.109610
 45.486260
 42.953460
 44.384680
 43.324360
 63.600320
 62.425960
  8.246211
 66.030300
 63.812230
 62.265560
 69.404610
 66.037860
 70.213960
 69.065190
 65.863490
 72.670490
 70.491130
 73.925640
 74.330350
 73.246160
 71.196910
 76.275820
 75.802380
 72.560320
 74.793050
 64.070270
 64.000000
 64.031240
 63.953110
 67.007460
 67.029850
 67.475920
 70.028560
 70.455660
 72.027770
 72.000000
 72.111020
 74.027020
 77.025970
 77.233410
 70.830790
 72.401660
 73.061610
 75.166480
 77.420930
 74.303430
 77.388630
 75.584390
 80.993830
 80.529500
 81.492330
 84.059500
 83.354670
 81.394100
 89.185200
 41.785160
 45.607020
 43.011630
 44.922150
 47.413080
 51.000000
 45.793010
 49.244290
 51.000000
 46.872170
 49.648770
 52.153620
 52.801510
 56.035700
 15.000000
 12.649110
 14.560220
 10.295630
  8.485281
  8.944272
  7.280110
 11.180340
  5.656854
  5.099020
  4.472136
  5.000000
  2.000000
   .000000
  6.082763
  2.236068
  3.162278
 13.601470
  6.324555
  7.000000
  6.403124
  7.211102
 11.180340
  9.848858
 10.000000
  9.899495
 11.661900
 12.529960
 12.529960
 10.000000
  9.848858
 10.630150
 13.601470
  7.615773
  8.246211
  8.544003
 12.529960
  9.486833
 17.464250
 18.027760
  6.000000
 44.911020
 42.953460
 42.720020
 43.081320
 40.853400
 39.395430
 40.249220
 46.861500
 42.485290
 42.953460
 44.283180
 49.819680
 46.647610
 47.885280
 46.518810
 69.065190
 67.955870
 12.041590
 71.561160
 69.462220
 68.000000
 74.886580
 71.693790
 75.716580
 74.625730
 71.589100
 78.230430
 76.157730
 79.849860
 79.924960
 78.892330
 76.941540
 81.835200
 81.492330
 78.294320
 80.529500
 70.114190
 70.007140
 70.007140
 69.720870
 73.027390
 73.006850
 73.334850
 76.059190
 76.321690
 78.057670
 78.006410
 78.057670
 80.056230
 83.006030
 83.150470
 75.591000
 77.025970
 77.826730
 79.755870
 81.835200
 79.158070
 81.987800
 80.622570
 85.586210
 85.428330
 86.313390
 88.684840
 88.119240
 86.406020
 93.941470
 43.416590
 48.795490
 44.283180
 46.097720
 49.648770
 53.254110
 48.414880
 51.613950
 53.254110
 49.678970
 52.497620
 54.817880
 55.901700
 58.898220
 11.661900
  7.810250
 15.132750
 10.049880
  7.000000
  5.385165
  3.162278
  5.830952
  5.385165
  7.810250
  6.403124
  4.472136
  4.123106
  6.082763
   .000000
  4.000000
  9.000000
 17.204650
  6.403124
  8.485281
  4.472136
  3.000000
 10.770330
  8.246211
  5.385165
  6.082763
  9.000000
 16.970560
 18.384780
 14.866070
  5.830952
  9.055386
 14.142140
 12.041590
 14.035670
 11.401750
 12.000000
 13.453620
 12.083050
 12.083050
 10.000000
 44.283180
 42.296570
 41.484940
 41.761230
 39.560080
 37.947330
 38.626420
 44.407210
 40.853400
 41.436700
 42.720020
 47.434170
 44.721360
 46.097720
 44.944410
 65.802730
 64.637450
  9.848858
 68.242220
 66.037860
 64.498060
 71.610050
 68.264190
 72.422370
 71.281140
 68.095520
 74.886580
 72.718640
 76.157730
 76.550640
 75.471850
 73.430240
 78.492030
 78.032040
 74.793050
 77.025970
 66.121100
 66.007580
 66.007580
 65.764730
 69.028980
 69.007250
 69.354160
 72.062470
 72.339480
 74.060780
 74.006760
 74.060780
 76.059190
 79.006330
 79.158070
 72.069410
 73.573090
 74.303430
 76.321690
 78.492030
 75.591000
 78.549350
 76.967530
 82.152300
 81.841310
 82.764720
 85.234970
 84.599050
 82.764720
 90.426770
 41.629320
 46.097720
 42.720020
 44.598210
 47.507890
 51.107730
 46.043460
 49.396350
 51.107730
 47.201690
 50.000000
 52.430910
 53.263500
 56.400360
 14.142140
 11.180340
 15.132750
 10.440310
  8.062258
  7.810250
  5.830952
  9.486833
  5.385165
  6.082763
  5.000000
  4.472136
  1.000000
  2.236068
  4.000000
   .000000
  5.000000
 14.142140
  5.000000
  6.324555
  4.472136
  5.000000
 10.000000
  8.246211
  7.810250
  7.810250
  9.848858
 14.422200
 14.764820
 11.180340
  8.602325
 10.295630
 14.142140
  9.433981
 10.049880
  8.602325
 12.649110
 11.180340
 15.811390
 15.811390
 15.000000
 44.000000
 42.000000
 40.447500
 40.607880
 38.470770
 36.674240
 37.107950
 41.677330
 39.293770
 40.024990
 41.231060
 44.777230
 42.720020
 44.271890
 43.416590
 61.846580
 60.605280
  9.055386
 64.202800
 61.854670
 60.207970
 67.623960
 64.070270
 68.410520
 67.201190
 63.812230
 70.802540
 68.505480
 71.589100
 72.422370
 71.281140
 69.115840
 74.404300
 73.783470
 70.491130
 72.718640
 61.131010
 61.008200
 61.008200
 60.827630
 64.031240
 64.007810
 64.381680
 67.067130
 67.364680
 69.065190
 69.007250
 69.065190
 71.063350
 74.006760
 74.168720
 67.742160
 69.339740
 69.971420
 72.111020
 74.404300
 71.196910
 74.330350
 72.449980
 77.935870
 77.414470
 78.390050
 80.993830
 80.262070
 78.262380
 86.092970
 39.849720
 43.011630
 41.231060
 43.174060
 45.188500
 48.754490
 43.416590
 46.957430
 48.754490
 44.418460
 47.169910
 49.739320
 50.219520
 53.535030
 18.027760
 15.811390
 16.552950
 12.806250
 11.401750
 12.083050
 10.440310
 14.317820
  8.602325
  7.211102
  7.071068
  8.062258
  5.099020
  3.162278
  9.000000
  5.000000
   .000000
 11.180340
  7.071068
  6.708204
  8.062258
  9.486833
 11.180340
 10.630150
 12.083050
 11.661900
 12.727920
 12.369320
 10.630150
  7.071068
 13.000000
 13.453620
 15.652480
  8.000000
  5.099020
  7.000000
 15.000000
 10.000000
 20.615530
 20.615530
 22.360680
 54.230990
 52.239830
 50.010000
 50.039990
 48.010410
 46.043460
 46.173580
 48.703180
 48.259710
 49.162990
 50.249380
 51.865210
 50.990200
 52.773100
 52.345010
 65.192020
 63.702430
 19.924860
 67.208630
 64.350600
 62.289650
 70.767230
 66.483080
 71.449280
 70.007140
 65.855900
 73.539110
 70.767230
 72.111020
 74.966660
 73.593480
 70.936590
 77.077880
 75.822160
 72.346390
 74.518460
 57.723480
 57.070130
 56.718610
 55.000000
 60.207970
 59.682500
 59.076220
 63.348240
 62.072540
 65.306970
 64.938430
 64.381680
 67.268120
 69.584480
 69.180920
 58.600340
 59.941640
 60.835850
 62.649820
 64.660650
 62.241470
 64.884510
 63.906180
 68.476270
 68.541960
 69.354160
 71.589100
 71.112590
 69.641940
 76.922040
 28.861740
 32.015620
 30.413810
 32.388270
 34.014700
 37.576590
 32.249030
 35.777090
 37.576590
 33.286630
 36.055510
 38.587560
 39.204590
 42.438190
 28.284270
 25.000000
 27.730850
 23.853720
 22.022710
 21.931710
 19.849430
 23.021730
 19.209370
 18.357560
 18.027760
 18.439090
 14.866070
 13.601470
 17.204650
 14.142140
 11.180340
   .000000
 11.180340
  8.944272
 13.416410
 15.652480
 10.000000
 12.165530
 16.763050
 15.524170
 14.035670
 22.090720
 17.262680
  5.000000
 22.671570
 24.207440
 26.832820
 18.681540
  9.000000
  5.830952
 26.076810
 20.615530
 29.154760
 25.495100
 11.180340
 49.254440
 47.265210
 46.324940
 46.572530
 44.384680
 42.720020
 43.324360
 48.548940
 45.541190
 46.173580
 47.434170
 51.623640
 49.244290
 50.695170
 49.648770
 68.883960
 67.623960
 14.560220
 71.217970
 68.818600
 67.119290
 74.652530
 71.028160
 75.432090
 74.202420
 70.724820
 77.801030
 75.451970
 78.262380
 79.404030
 78.236820
 76.006580
 81.400250
 80.709360
 77.388630
 79.611560
 66.610810
 66.272160
 66.121100
 65.192020
 69.354160
 69.115840
 69.028980
 72.443080
 72.027770
 74.431180
 74.242840
 74.027020
 76.419890
 79.101200
 79.000000
 69.778220
 71.119620
 72.013890
 73.824110
 75.802380
 73.409810
 76.059190
 75.026660
 79.649230
 79.705710
 80.529500
 82.764720
 82.292160
 80.777470
 88.102210
 37.121420
 42.426410
 38.078870
 39.924930
 43.266620
 46.872170
 42.011900
 45.221680
 46.872170
 43.278170
 46.097720
 48.414880
 49.517670
 52.497620
 18.027760
 14.142140
 20.099750
 15.297060
 12.649110
 11.661900
  9.433981
 12.041590
 10.198040
 11.045360
 10.000000
  9.219544
  6.000000
  6.324555
  6.403124
  5.000000
  7.071068
 11.180340
   .000000
  2.236068
  2.236068
  4.472136
  5.000000
  3.605551
  6.000000
  5.099020
  5.656854
 18.788290
 17.691810
 10.000000
 12.206560
 14.866070
 19.104970
 13.928390
 10.770330
  5.385165
 17.464250
 15.811390
 18.027760
 15.000000
 13.416410
 50.089920
 48.093660
 46.872170
 47.074410
 44.911020
 43.174060
 43.680660
 48.373550
 45.880280
 46.572530
 47.801670
 51.478150
 49.396350
 50.921510
 50.000000
 68.014700
 66.708320
 15.132750
 70.292240
 67.801180
 66.030300
 73.756360
 70.000000
 74.518460
 73.246160
 69.634760
 76.837490
 74.404300
 76.941540
 78.409180
 77.201030
 74.886580
 80.430090
 79.630390
 76.275820
 78.492030
 64.776540
 64.381680
 64.195010
 63.126860
 67.475920
 67.186310
 67.007460
 70.576200
 70.007140
 72.560320
 72.339480
 72.062470
 74.545290
 77.162170
 77.006490
 67.542580
 68.883960
 69.778220
 71.589100
 73.573090
 71.175840
 73.824110
 72.801100
 77.414470
 77.472570
 78.294320
 80.529500
 80.056230
 78.549350
 85.866170
 35.341190
 40.311290
 36.400550
 38.275320
 41.340050
 44.944410
 40.000000
 43.266620
 44.944410
 41.231060
 44.045430
 46.400430
 47.423620
 50.447990
 20.000000
 16.278820
 21.377560
 16.763050
 14.317820
 13.601470
 11.401750
 14.212670
 11.704700
 12.041590
 11.180340
 10.770330
  7.280110
  7.000000
  8.485281
  6.324555
  6.708204
  8.944272
  2.236068
   .000000
  4.472136
  6.708204
  4.472136
  4.472136
  8.062258
  7.000000
  6.708204
 18.973670
 17.029390
  8.062258
 14.212670
 16.552950
 20.396080
 14.317820
  9.433981
  3.162278
 18.973670
 16.278820
 20.248460
 17.029390
  8.944272
 48.507730
 46.529560
 45.880280
 46.173580
 43.965900
 42.379240
 43.081320
 48.826220
 45.310040
 45.880280
 47.169910
 51.865210
 49.193500
 50.566790
 49.396350
 69.814040
 68.600290
 14.317820
 72.201110
 69.892780
 68.264190
 75.604230
 72.111020
 76.400260
 75.213030
 71.867940
 78.816240
 76.550640
 79.624110
 80.448740
 79.322130
 77.175130
 82.419650
 81.835200
 78.549350
 80.777470
 68.468970
 68.183580
 68.066150
 67.268120
 71.253070
 71.063350
 71.063350
 74.330350
 74.060780
 76.321690
 76.164300
 76.006580
 78.313470
 81.055530
 81.006170
 72.013890
 73.355300
 74.249580
 76.059190
 78.032040
 75.643910
 78.294320
 77.252830
 81.884060
 81.939000
 82.764720
 85.000000
 84.528100
 83.006030
 90.338260
 38.948680
 44.553340
 39.812060
 41.629320
 45.221680
 48.826220
 44.045430
 47.201690
 48.826220
 45.343140
 48.166380
 50.447990
 51.623640
 54.561890
 16.124520
 12.041590
 19.000000
 14.035670
 11.180340
  9.848858
  7.615773
  9.899495
  9.000000
 10.440310
  9.219544
  8.000000
  5.385165
  6.403124
  4.472136
  4.472136
  8.062258
 13.416410
  2.236068
  4.472136
   .000000
  2.236068
  6.324555
  4.000000
  4.123106
  3.605551
  5.385165
 18.867960
 18.601080
 12.041590
 10.295630
 13.341660
 18.000000
 13.892440
 12.369320
  7.615773
 16.124520
 15.652480
 15.811390
 13.038400
  6.708204
 47.853940
 45.891170
 45.541190
 45.880280
 43.657760
 42.154480
 42.953460
 49.203660
 45.188500
 45.694640
 47.010640
 52.201530
 49.244290
 50.537110
 49.244290
 70.802540
 69.634760
 14.422200
 73.239330
 71.021130
 69.462220
 76.609400
 73.246160
 77.420930
 76.275820
 73.061610
 79.881160
 77.698140
 81.024690
 81.541400
 80.454960
 78.390050
 83.486530
 83.006030
 79.755870
 81.987800
 70.349130
 70.114190
 70.028560
 69.354160
 73.171040
 73.027390
 73.109500
 76.236470
 76.105190
 78.230430
 78.102490
 78.000000
 80.224690
 83.024090
 83.024090
 74.249580
 75.591000
 76.485290
 78.294320
 80.262070
 77.878110
 80.529500
 79.479560
 84.118970
 84.172440
 85.000000
 87.235310
 86.764050
 85.234970
 92.574300
 40.816660
 46.690470
 41.593270
 43.382020
 47.201690
 50.803540
 46.097720
 49.203660
 50.803540
 47.423620
 50.249380
 52.497620
 53.740120
 56.639210
 14.317820
 10.000000
 18.110770
 13.038400
 10.000000
  8.246211
  6.082763
  7.810250
  8.246211
 10.295630
  8.944272
  7.280110
  5.656854
  7.211102
  3.000000
  5.000000
  9.486833
 15.652480
  4.472136
  6.708204
  2.236068
   .000000
  8.062258
  5.385165
  2.828427
  3.162278
  6.000000
 19.209370
 19.723080
 14.142140
  8.544003
 12.041590
 17.117240
 14.212670
 14.142140
  9.848858
 15.000000
 15.811390
 13.601470
 11.180340
 14.142140
 54.230990
 52.239830
 51.195700
 51.419840
 49.244290
 47.539460
 48.083260
 52.839380
 50.289170
 50.960770
 52.201530
 55.946400
 53.851650
 55.362440
 54.405880
 72.180330
 70.837840
 19.416490
 74.411020
 71.840100
 70.000000
 77.897370
 74.027020
 78.644770
 77.336920
 73.600270
 80.919720
 78.409180
 80.622570
 82.462110
 81.215760
 78.816240
 84.504440
 83.600240
 80.212220
 82.419650
 67.468510
 66.910390
 66.610810
 65.000000
 70.035710
 69.584480
 69.065190
 73.164200
 72.062470
 75.133220
 74.813100
 74.330350
 77.103830
 79.511010
 79.158070
 67.779050
 68.942000
 70.007140
 71.589100
 73.355300
 71.512240
 73.824110
 73.375750
 77.388630
 77.833150
 78.549350
 80.529500
 80.230920
 79.056940
 86.005810
 32.756680
 39.051250
 33.541020
 35.341190
 39.204590
 42.801870
 38.209950
 41.231060
 42.801870
 39.597980
 42.426410
 44.598210
 46.010870
 48.795490
 22.360680
 18.027760
 25.079870
 20.223750
 17.464250
 16.155490
 13.928390
 15.811390
 15.132750
 16.031220
 15.000000
 14.142140
 11.000000
 11.180340
 10.770330
 10.000000
 11.180340
 10.000000
  5.000000
  4.472136
  6.324555
  8.062258
   .000000
  2.828427
  7.810250
  6.403124
  4.123106
 23.409400
 21.400930
 11.180340
 16.552950
 19.646880
 24.083190
 18.681540
 13.453620
  5.830952
 22.360680
 20.615530
 21.213200
 15.811390
 11.313710
 52.469040
 50.487620
 49.729270
 50.000000
 47.801670
 46.173580
 46.818800
 52.153620
 49.040800
 49.648770
 50.921510
 55.226810
 52.801510
 54.230990
 53.141320
 72.346390
 71.063350
 18.027760
 74.652530
 72.201110
 70.455660
 78.102490
 74.404300
 78.873310
 77.620870
 74.060780
 81.215760
 78.816240
 81.412530
 82.800960
 81.608830
 79.322130
 84.811550
 84.053550
 80.709360
 82.927680
 69.050700
 68.593000
 68.359340
 67.029850
 71.700770
 71.344240
 71.007040
 74.813100
 74.006760
 76.791920
 76.531040
 76.164300
 78.771820
 81.301900
 81.055530
 70.384660
 71.589100
 72.615430
 74.249580
 76.059190
 74.094540
 76.485290
 75.894660
 80.056230
 80.411450
 81.154170
 83.192550
 82.855290
 81.596570
 88.639720
 35.510560
 41.868840
 36.235340
 38.013160
 42.011900
 45.607020
 41.036570
 44.045430
 45.607020
 42.426410
 45.254830
 47.423620
 48.836460
 51.623640
 19.697720
 15.264340
 23.000000
 18.027760
 15.132750
 13.601470
 11.401750
 13.038400
 13.000000
 14.317820
 13.152950
 12.000000
  9.219544
  9.848858
  8.246211
  8.246211
 10.630150
 12.165530
  3.605551
  4.472136
  4.000000
  5.385165
  2.828427
   .000000
  5.000000
  3.605551
  2.236068
 22.360680
 21.213200
 12.369320
 13.928390
 17.262680
 22.000000
 17.464250
 13.892440
  7.071068
 20.099750
 19.313210
 18.384780
 13.341660
  6.403124
 50.219520
 48.270070
 48.104050
 48.466480
 46.238510
 44.777230
 45.617980
 52.009610
 47.853940
 48.332180
 49.658840
 55.000000
 51.971150
 53.235320
 51.894120
 73.600270
 72.422370
 17.204650
 76.026310
 73.783470
 72.201110
 79.404030
 76.006580
 80.212220
 79.056940
 75.802380
 82.661960
 80.454960
 83.671980
 84.314890
 83.216580
 81.123360
 86.267030
 85.755460
 82.492420
 84.723080
 72.560320
 72.249570
 72.111020
 71.175840
 75.325960
 75.106590
 75.026660
 78.409180
 78.025630
 80.399000
 80.224690
 80.024990
 82.389320
 85.094060
 85.000000
 75.239620
 76.485290
 77.472570
 79.158070
 81.006170
 78.924010
 81.394100
 80.653580
 84.970580
 85.234970
 86.005810
 88.102210
 87.726850
 86.377080
 93.520050
 40.224370
 46.861500
 40.816660
 42.544090
 46.861500
 50.447990
 45.967380
 48.918300
 50.447990
 47.381430
 50.209560
 52.345010
 53.814500
 56.568540
 15.524170
 10.770330
 20.396080
 15.297060
 12.165530
 10.000000
  8.062258
  8.544003
 10.770330
 13.038400
 11.661900
  9.848858
  8.485281
 10.000000
  5.385165
  7.810250
 12.083050
 16.763050
  6.000000
  8.062258
  4.123106
  2.828427
  7.810250
  5.000000
   .000000
  1.414214
  4.472136
 22.022710
 22.472200
 16.000000
 10.049880
 14.035670
 19.416490
 17.029390
 16.492420
 11.180340
 17.117240
 18.601080
 13.453620
  9.000000
  7.810250
 50.990200
 49.030600
 48.703180
 49.040800
 46.818800
 45.310040
 46.097720
 52.201530
 48.332180
 48.846700
 50.159740
 55.217750
 52.354560
 53.665630
 52.392750
 73.409810
 72.201110
 17.492860
 75.802380
 73.498300
 71.867940
 79.202270
 75.716580
 80.000000
 78.816240
 75.471850
 82.419650
 80.156100
 83.192550
 84.053550
 82.927680
 80.777470
 86.023250
 85.440040
 82.152300
 84.380090
 71.700770
 71.344240
 71.175840
 70.114190
 74.431180
 74.168720
 74.006760
 77.524190
 77.006490
 79.511010
 79.309520
 79.056940
 81.498470
 84.148680
 84.005950
 73.925640
 75.153180
 76.157730
 77.820300
 79.649230
 77.620870
 80.056230
 79.378840
 83.630130
 83.934500
 84.693570
 86.764050
 86.406020
 85.094060
 92.195440
 38.832980
 45.453270
 39.446170
 41.182520
 45.453270
 49.040800
 44.553340
 47.507890
 49.040800
 45.967380
 48.795490
 50.931330
 52.402290
 55.154330
 16.763050
 12.083050
 21.213200
 16.124520
 13.038400
 11.045360
  9.000000
  9.848858
 11.401750
 13.416410
 12.083050
 10.440310
  8.602325
  9.899495
  6.082763
  7.810250
 11.661900
 15.524170
  5.099020
  7.000000
  3.605551
  3.162278
  6.403124
  3.605551
  1.414214
   .000000
  3.162278
 22.203600
 22.203600
 15.033300
 11.180340
 15.000000
 20.223750
 17.204650
 15.811390
 10.049880
 18.027760
 18.867960
 14.866070
 10.049880
 10.816650
 53.758720
 51.788030
 51.244510
 51.546100
 49.335590
 47.759820
 48.466480
 54.083270
 50.695170
 51.264020
 52.554730
 57.140180
 54.561890
 55.946400
 54.781380
 74.518460
 73.246160
 19.697720
 76.837490
 74.404300
 72.670490
 80.280750
 76.609400
 81.055530
 79.812280
 76.275820
 83.408630
 81.024690
 83.648070
 85.000000
 83.815270
 81.541400
 87.005740
 86.267030
 82.927680
 85.146930
 71.196910
 70.710680
 70.455660
 69.007250
 73.824110
 73.437050
 73.027390
 76.941540
 76.026310
 78.917680
 78.638410
 78.230430
 80.895000
 83.384650
 83.096330
 71.867940
 73.006850
 74.094540
 75.643910
 77.369250
 75.610850
 77.878110
 77.491940
 81.437100
 81.932900
 82.637760
 84.581320
 84.308950
 83.168500
 90.077740
 35.805030
 42.801870
 36.359320
 38.078870
 42.520580
 46.097720
 41.725290
 44.598210
 46.097720
 43.185650
 46.010870
 48.083260
 49.678970
 52.345010
 19.924860
 15.231550
 24.083190
 19.026300
 16.000000
 14.142140
 12.041590
 13.000000
 14.142140
 15.811390
 14.560220
 13.152950
 10.770330
 11.661900
  9.000000
  9.848858
 12.727920
 14.035670
  5.656854
  6.708204
  5.385165
  6.000000
  4.123106
  2.236068
  4.472136
  3.162278
   .000000
 24.186770
 23.345240
 14.560220
 14.317820
 18.027760
 23.086790
 19.235380
 16.124520
  9.219544
 21.000000
 21.023800
 17.804490
 11.704700
 21.633310
 32.140320
 30.149630
 28.160260
 28.284270
 26.172500
 24.331050
 24.738630
 30.000000
 26.925820
 27.658630
 28.861740
 33.015150
 30.463090
 31.953090
 31.048350
 52.478570
 51.478150
  5.000000
 55.072680
 53.225930
 52.000000
 58.309520
 55.461700
 59.169250
 58.180750
 55.542780
 61.773780
 59.933300
 64.560050
 63.529520
 62.609910
 60.926190
 65.368190
 65.306970
 62.241470
 64.474800
 58.549130
 59.033890
 59.439040
 61.098280
 61.814240
 62.369870
 63.890530
 64.629710
 66.760770
 66.610810
 66.910390
 67.683080
 68.593000
 72.180330
 73.006850
 72.346390
 74.330350
 74.518460
 77.155690
 79.906200
 75.432090
 79.309520
 76.026310
 82.879430
 81.400250
 82.619610
 85.796270
 84.646320
 81.841310
 90.426770
 50.803540
 51.894120
 52.469040
 54.451810
 55.362440
 58.821770
 53.141320
 56.921000
 58.821770
 53.851650
 56.462380
 59.236810
 59.033890
 62.649820
 18.110770
 19.313210
 10.440310
 11.180340
 13.000000
 15.652480
 15.811390
 19.235380
 12.206560
  9.219544
 10.630150
 12.806250
 13.601470
 12.529960
 16.970560
 14.422200
 12.369320
 22.090720
 18.788290
 18.973670
 18.867960
 19.209370
 23.409400
 22.360680
 22.022710
 22.203600
 24.186770
   .000000
  7.071068
 17.117240
 16.552950
 13.341660
 10.198040
  5.000000
 13.152950
 19.235380
 12.000000
  3.605551
 24.041630
 28.600700
 24.041630
 37.854990
 35.902650
 33.060550
 33.015150
 31.064450
 29.017240
 29.017240
 31.780500
 31.064450
 32.015620
 33.060550
 34.928500
 33.734260
 35.510560
 35.128340
 51.224990
 50.000000
  9.219544
 53.600370
 51.312770
 49.739320
 57.008770
 53.535030
 57.801380
 56.612720
 53.338540
 60.216280
 57.982760
 61.465440
 61.854670
 60.745370
 58.668560
 63.820060
 63.285070
 60.033330
 62.265560
 53.084840
 53.338540
 53.600370
 54.708320
 56.222770
 56.568540
 57.723480
 59.135440
 60.638270
 61.131010
 61.294370
 61.814240
 63.126860
 66.483080
 67.082040
 65.299310
 67.268120
 67.475920
 70.092800
 72.835430
 68.410520
 72.249570
 69.065190
 75.822160
 74.404300
 75.604230
 78.746430
 77.620870
 74.886580
 83.408630
 45.177430
 45.310040
 47.042530
 49.040800
 49.244290
 52.630790
 46.840150
 50.695170
 52.630790
 47.434170
 49.980000
 52.810990
 52.392750
 56.080300
 23.194830
 23.086790
 17.000000
 16.278820
 17.000000
 19.104970
 18.439090
 22.360680
 15.132750
 12.041590
 13.152950
 15.297060
 14.317820
 12.529960
 18.384780
 14.764820
 10.630150
 17.262680
 17.691810
 17.029390
 18.601080
 19.723080
 21.400930
 21.213200
 22.472200
 22.203600
 23.345240
  7.071068
   .000000
 12.369320
 20.099750
 18.110770
 16.552950
  8.062258
  8.544003
 16.124520
 17.720050
  8.544003
 28.071340
 30.463090
 20.615530
 49.254440
 47.265210
 45.011110
 45.044420
 43.011630
 41.048750
 41.194660
 44.011360
 43.289720
 44.181440
 45.276920
 47.169910
 46.097720
 47.853940
 47.381430
 61.522350
 60.108230
 15.231550
 63.655320
 60.959000
 59.033890
 67.178860
 63.126860
 67.896980
 66.528190
 62.625870
 70.092800
 67.475920
 69.462220
 71.589100
 70.292240
 67.801180
 73.661380
 72.622310
 69.202600
 71.400280
 56.718610
 56.320510
 56.142670
 55.226810
 59.413800
 59.135440
 59.033890
 62.514000
 62.032250
 64.498060
 64.280630
 64.031240
 66.483080
 69.115840
 69.000000
 60.901560
 62.433960
 63.134780
 65.192020
 67.424030
 64.412730
 67.416620
 65.795140
 71.021130
 70.661160
 71.589100
 74.094540
 73.430240
 71.589100
 79.259070
 33.734260
 36.055510
 35.355340
 37.336310
 38.626420
 42.154480
 36.674240
 40.311290
 42.154480
 37.589890
 40.311290
 42.941820
 43.266620
 46.647610
 25.000000
 22.360680
 23.323810
 19.849430
 18.439090
 18.867960
 17.000000
 20.615530
 15.620500
 14.212670
 14.142140
 15.000000
 11.661900
 10.000000
 14.866070
 11.180340
  7.071068
  5.000000
 10.000000
  8.062258
 12.041590
 14.142140
 11.180340
 12.369320
 16.000000
 15.033300
 14.560220
 17.117240
 12.369320
   .000000
 19.723080
 20.518280
 22.472200
 13.928390
  4.000000
  5.385165
 22.022710
 15.811390
 26.925820
 25.000000
  5.830952
 40.804410
 38.897300
 39.357340
 39.824620
 37.589890
 36.359320
 37.443290
 45.276920
 39.661060
 39.962480
 41.340050
 48.083260
 44.204070
 45.221680
 43.566040
 68.963760
 68.000000
 11.704700
 71.589100
 69.778220
 68.541960
 74.793050
 72.013890
 75.663730
 74.706090
 72.090220
 78.294320
 76.485290
 80.956780
 80.062480
 79.158070
 77.472570
 81.884060
 81.859630
 78.790860
 81.024690
 73.006850
 73.109500
 73.246160
 73.545910
 76.059190
 76.236470
 76.941540
 79.025310
 79.906200
 81.024690
 81.098710
 81.394100
 83.024090
 86.209050
 86.579440
 80.622570
 82.152300
 82.855290
 84.905830
 87.091900
 84.118970
 87.132080
 85.428330
 90.735880
 90.354860
 91.301700
 93.813640
 93.150410
 91.235950
 98.979800
 49.244290
 54.488530
 50.089920
 51.894120
 55.470710
 59.076220
 54.203320
 57.428220
 59.076220
 55.443660
 58.258050
 60.605280
 61.619800
 64.660650
  5.830952
  3.000000
 11.180340
  6.403124
  3.605551
  1.000000
  2.828427
  2.828427
  5.000000
  8.062258
  7.000000
  5.099020
  8.062258
  9.848858
  5.830952
  8.602325
 13.000000
 22.671570
 12.206560
 14.212670
 10.295630
  8.544003
 16.552950
 13.928390
 10.049880
 11.180340
 14.317820
 16.552950
 20.099750
 19.723080
   .000000
  4.472136
 10.295630
 12.369320
 18.027760
 16.970560
  7.615773
 13.000000
  8.000000
 12.806250
 10.295630
 36.400550
 34.481880
 34.885530
 35.355340
 33.120990
 31.906110
 33.015150
 41.109610
 35.227830
 35.510560
 36.891740
 43.863430
 39.824620
 40.804410
 39.115220
 65.299310
 64.404970
  9.000000
 67.977940
 66.309880
 65.192020
 71.119620
 68.541960
 72.006940
 71.112590
 68.709530
 74.686010
 73.006850
 77.884530
 76.485290
 75.643910
 74.094540
 78.262380
 78.390050
 75.392310
 77.620870
 71.175840
 71.449280
 71.700770
 72.532750
 74.330350
 74.672620
 75.709980
 77.233410
 78.644770
 79.227520
 79.404030
 79.906200
 81.221920
 84.593150
 85.158680
 80.993830
 82.661960
 83.216580
 85.445890
 87.800910
 84.380090
 87.658420
 85.475140
 91.263350
 90.553850
 91.586020
 94.302700
 93.493320
 91.301700
 99.322710
 51.894120
 56.222770
 52.924470
 54.781380
 57.801380
 61.400330
 56.302750
 59.682500
 61.400330
 57.428220
 60.216280
 62.681740
 63.411350
 66.610810
  5.099020
  6.403124
  6.708204
  2.236068
  2.236068
  4.123106
  6.000000
  7.211102
  5.000000
  6.708204
  6.403124
  5.830952
  9.433981
 10.630150
  9.055386
 10.295630
 13.453620
 24.207440
 14.866070
 16.552950
 13.341660
 12.041590
 19.646880
 17.262680
 14.035670
 15.000000
 18.027760
 13.341660
 18.110770
 20.518280
  4.472136
   .000000
  5.830952
 10.049880
 18.027760
 18.867960
  3.162278
 10.049880
 10.770330
 17.204650
 16.124520
 30.805840
 28.861740
 29.068880
 29.529650
 27.294690
 26.076810
 27.202940
 35.608990
 29.410880
 29.681640
 31.064450
 38.288380
 34.058770
 35.000000
 33.286630
 60.415230
 59.615430
  7.810250
 63.158530
 61.684680
 60.728900
 66.211780
 63.906180
 67.119290
 66.309880
 64.195010
 69.856990
 68.352030
 73.756360
 71.693790
 70.936590
 69.570110
 73.409810
 73.736020
 70.837840
 73.054770
 68.731360
 69.231500
 69.634760
 71.168820
 72.006940
 72.567210
 74.040530
 74.813100
 76.922040
 76.791920
 77.103830
 77.878110
 78.771820
 82.377180
 83.198550
 81.400250
 83.240620
 83.600240
 86.052310
 88.617160
 84.628600
 88.238310
 85.440040
 91.831370
 90.697300
 91.836810
 94.810330
 93.813640
 91.268840
 99.624290
 55.362440
 58.523500
 56.612720
 58.523500
 60.835850
 64.404970
 59.059290
 62.609910
 64.404970
 60.033330
 62.769420
 65.368190
 65.734310
 69.115840
  8.944272
 12.041590
  1.000000
  4.123106
  7.280110
  9.848858
 11.401750
 13.038400
  9.000000
  8.544003
  9.219544
 10.000000
 13.152950
 13.601470
 14.142140
 14.142140
 15.652480
 26.832820
 19.104970
 20.396080
 18.000000
 17.117240
 24.083190
 22.000000
 19.416490
 20.223750
 23.086790
 10.198040
 16.552950
 22.472200
 10.295630
  5.830952
   .000000
  9.219544
 19.209370
 22.135940
  2.828427
  8.062258
 15.811390
 23.021730
 17.000000
 36.000000
 34.000000
 32.557640
 32.756680
 30.594120
 28.861740
 29.410880
 35.000000
 31.622780
 32.280030
 33.526110
 38.013160
 35.341190
 36.769550
 35.735140
 57.140180
 56.080300
  1.414214
 59.682500
 57.706150
 56.364880
 62.968250
 59.941640
 63.812230
 62.769420
 59.933300
 66.370170
 64.412730
 68.622150
 68.095520
 67.119290
 65.306970
 69.971420
 69.771060
 66.640830
 68.876700
 61.131010
 61.400330
 61.660360
 62.641840
 64.280630
 64.629710
 65.734310
 67.186310
 68.658580
 69.180920
 69.354160
 69.871310
 71.175840
 74.545290
 75.133220
 72.201110
 74.027020
 74.404300
 76.837490
 79.397740
 75.451970
 79.025310
 76.321690
 82.619610
 81.541400
 82.661960
 85.603740
 84.628600
 82.152300
 90.443350
 47.539460
 49.739320
 49.030600
 50.990200
 52.554730
 56.080300
 50.566790
 54.230990
 56.080300
 51.429560
 54.120240
 56.797890
 56.938560
 60.415230
 15.132750
 15.297060
  9.899495
  8.246211
  9.055386
 11.401750
 11.180340
 14.866070
  7.615773
  4.472136
  5.830952
  8.062258
  8.602325
  7.615773
 12.041590
  9.433981
  8.000000
 18.681540
 13.928390
 14.317820
 13.892440
 14.212670
 18.681540
 17.464250
 17.029390
 17.204650
 19.235380
  5.000000
  8.062258
 13.928390
 12.369320
 10.049880
  9.219544
   .000000
 10.295630
 15.000000
  9.848858
  2.000000
 20.223750
 23.853720
 20.024980
 45.276920
 43.289720
 41.012190
 41.048750
 39.012820
 37.054020
 37.215590
 40.311290
 39.319210
 40.199500
 41.303750
 43.462630
 42.201900
 43.931770
 43.416590
 58.728190
 57.384670
 11.661900
 60.959000
 58.412330
 56.612720
 64.443770
 60.605280
 65.192020
 63.890530
 60.216280
 67.475920
 65.000000
 67.535180
 69.028980
 67.801180
 65.459920
 71.063350
 70.213960
 66.850580
 69.065190
 56.222770
 56.035700
 56.000000
 55.731500
 59.076220
 59.000000
 59.304300
 62.128900
 62.289650
 64.124880
 64.031240
 64.031240
 66.121100
 69.000000
 69.115840
 62.968250
 64.637450
 65.192020
 67.424030
 69.814040
 66.370170
 69.634760
 67.535180
 73.239330
 72.560320
 73.573090
 76.275820
 75.471850
 73.355300
 81.301900
 37.656340
 39.446170
 39.319210
 41.303750
 42.379240
 45.880280
 40.311290
 44.011360
 45.880280
 41.146080
 43.829210
 46.518810
 46.647610
 50.119860
 22.825420
 20.880610
 20.000000
 17.029390
 16.124520
 17.088010
 15.524170
 19.416490
 13.416410
 11.401750
 11.661900
 13.000000
 10.198040
  8.246211
 14.035670
 10.049880
  5.099020
  9.000000
 10.770330
  9.433981
 12.369320
 14.142140
 13.453620
 13.892440
 16.492420
 15.811390
 16.124520
 13.152950
  8.544003
  4.000000
 18.027760
 18.027760
 19.209370
 10.295630
   .000000
  7.810250
 19.104970
 12.083050
 25.709920
 25.317980
 16.552950
 51.000000
 49.000000
 47.381430
 47.518420
 45.398240
 43.566040
 43.931770
 47.853940
 46.097720
 46.872170
 48.052060
 50.990200
 49.335590
 50.960770
 50.219520
 66.483080
 65.115280
 16.031220
 68.680420
 66.068150
 64.202800
 72.180330
 68.249540
 72.917760
 71.589100
 67.801180
 75.166480
 72.622310
 74.793050
 76.694200
 75.432090
 73.006850
 78.746430
 77.801030
 74.404300
 76.609400
 61.983870
 61.522350
 61.294370
 60.074950
 64.629710
 64.280630
 64.000000
 67.742160
 67.000000
 69.720870
 69.462220
 69.115840
 71.700770
 74.242840
 74.027020
 64.404970
 65.764730
 66.640830
 68.476270
 70.491130
 68.029400
 70.710680
 69.641940
 74.303430
 74.323620
 75.153180
 77.414470
 76.922040
 75.392310
 82.734510
 33.241540
 37.536650
 34.481880
 36.400550
 38.948680
 42.544090
 37.443290
 40.816660
 42.544090
 38.600520
 41.400480
 43.829210
 44.687810
 47.801670
 22.671570
 19.209370
 23.086790
 18.788290
 16.643320
 16.278820
 14.142140
 17.204650
 13.892440
 13.601470
 13.000000
 13.038400
  9.433981
  8.544003
 11.401750
  8.602325
  7.000000
  5.830952
  5.385165
  3.162278
  7.615773
  9.848858
  5.830952
  7.071068
 11.180340
 10.049880
  9.219544
 19.235380
 16.124520
  5.385165
 16.970560
 18.867960
 22.135940
 15.000000
  7.810250
   .000000
 21.023800
 17.000000
 23.323810
 20.099750
 13.416410
 33.241540
 31.320920
 31.764760
 32.249030
 30.016660
 28.844410
 30.000000
 38.418750
 32.202480
 32.449960
 33.837850
 41.109610
 36.878180
 37.802120
 36.055510
 63.071390
 62.241470
  8.544003
 65.795140
 64.257290
 63.245550
 68.876700
 66.483080
 69.778220
 68.942000
 66.730800
 72.498280
 70.936590
 76.157730
 74.323620
 73.539110
 72.111020
 76.059190
 76.321690
 73.389370
 75.610850
 70.455660
 70.859020
 71.196910
 72.422370
 73.681750
 74.148500
 75.432090
 76.531040
 78.339000
 78.517520
 78.771820
 79.429210
 80.504660
 84.011900
 84.723080
 81.841310
 83.600240
 84.053550
 86.400230
 88.865070
 85.146930
 88.600230
 86.092970
 92.200870
 91.268840
 92.358000
 95.210300
 94.302700
 91.923880
100.124900
 54.230990
 58.008620
 55.362440
 57.245090
 59.941640
 63.529520
 58.309520
 61.773780
 63.529520
 59.363290
 62.128900
 64.660650
 65.215030
 68.505480
  6.324555
  9.219544
  3.605551
  2.236068
  5.000000
  7.280110
  9.055386
 10.295630
  7.280110
  7.810250
  8.062258
  8.246211
 11.704700
 12.529960
 12.000000
 12.649110
 15.000000
 26.076810
 17.464250
 18.973670
 16.124520
 15.000000
 22.360680
 20.099750
 17.117240
 18.027760
 21.000000
 12.000000
 17.720050
 22.022710
  7.615773
  3.162278
  2.828427
  9.848858
 19.104970
 21.023800
   .000000
  9.219544
 13.038400
 20.248460
 18.027760
 34.000000
 32.000000
 30.594120
 30.805840
 28.635640
 26.925820
 27.513630
 33.421550
 29.732140
 30.364450
 31.622780
 36.400550
 33.541020
 34.928500
 33.837850
 56.080300
 55.072680
  1.414214
 58.668560
 56.797890
 55.542780
 61.911230
 59.033890
 62.769420
 61.773780
 59.093150
 65.368190
 63.505910
 68.007350
 67.119290
 66.189130
 64.474800
 68.963760
 68.876700
 65.795140
 68.029400
 61.294370
 61.660360
 61.983870
 63.245550
 64.498060
 64.938430
 66.219330
 67.364680
 69.123080
 69.354160
 69.584480
 70.213960
 71.344240
 74.813100
 75.504970
 73.409810
 75.286120
 75.604230
 78.102490
 80.721740
 76.609400
 80.280750
 77.388630
 83.868940
 82.661960
 83.815270
 86.833180
 85.802100
 83.216580
 91.607860
 49.477270
 51.478150
 50.990200
 52.952810
 54.424260
 57.939620
 52.392750
 56.080300
 57.939620
 53.225930
 55.901700
 58.600340
 58.668560
 62.177170
 15.000000
 15.811390
  8.602325
  8.000000
  9.486833
 12.083050
 12.206560
 15.652480
  8.602325
  5.656854
  7.071068
  9.219544
 10.295630
  9.486833
 13.453620
 11.180340
 10.000000
 20.615530
 15.811390
 16.278820
 15.652480
 15.811390
 20.615530
 19.313210
 18.601080
 18.867960
 21.023800
  3.605551
  8.544003
 15.811390
 13.000000
 10.049880
  8.062258
  2.000000
 12.083050
 17.000000
  9.219544
   .000000
 20.615530
 25.000000
  7.071068
 43.829210
 42.059480
 43.600460
 44.204070
 42.011900
 41.109610
 42.449970
 51.400390
 44.598210
 44.687810
 46.097720
 54.037030
 49.497470
 50.249380
 48.270070
 76.026310
 75.153180
 19.416490
 78.721020
 77.077880
 75.960520
 81.841310
 79.309520
 82.734510
 81.859630
 79.479560
 85.428330
 83.773510
 88.600230
 87.235310
 86.406020
 84.864600
 89.000000
 89.157170
 86.162640
 88.391170
 81.006170
 81.098710
 81.221920
 81.394100
 84.053550
 84.214010
 84.852810
 87.022990
 87.823680
 89.022470
 89.089840
 89.358830
 91.021970
 94.191290
 94.530420
 87.658420
 89.067390
 89.894380
 91.787800
 93.813640
 91.235950
 94.021270
 92.703830
 97.616600
 97.508970
 98.386990
100.722400
100.184800
 98.488580
106.004700
 53.600370
 60.207970
 54.083270
 55.758410
 60.307540
 63.890530
 59.413800
 62.369870
 63.890530
 60.811180
 63.639610
 65.795140
 67.208630
 70.007140
  7.071068
  5.000000
 16.401220
 13.000000
 11.180340
  9.000000
 10.198040
  6.324555
 13.000000
 16.031220
 15.000000
 13.038400
 15.524170
 17.464250
 12.083050
 15.811390
 20.615530
 29.154760
 18.027760
 20.248460
 15.811390
 13.601470
 21.213200
 18.384780
 13.453620
 14.866070
 17.804490
 24.041630
 28.071340
 26.925820
  8.000000
 10.770330
 15.811390
 20.223750
 25.709920
 23.323810
 13.038400
 20.615530
   .000000
 10.000000
  7.071068
 52.924470
 51.078370
 51.971150
 52.478570
 50.249380
 49.091750
 50.219520
 57.982760
 52.430910
 52.697250
 54.083270
 60.827630
 57.008770
 58.008620
 56.302750
 80.993830
 79.924960
 23.600850
 83.528430
 81.492330
 80.062480
 86.821660
 83.725750
 87.664130
 86.608310
 83.648070
 90.210860
 88.192970
 91.923880
 91.923880
 90.917540
 89.005620
 93.813640
 93.536090
 90.354860
 92.590500
 81.498470
 81.221920
 81.098710
 80.156100
 84.291160
 84.095180
 84.023800
 87.367040
 87.022990
 89.358830
 89.202020
 89.022470
 91.350980
 94.085070
 94.000000
 83.570330
 84.693570
 85.796270
 87.321240
 89.000000
 87.315520
 89.554450
 89.185200
 93.107470
 93.637600
 94.339810
 96.254870
 96.005210
 94.868330
101.769300
 45.967380
 54.083270
 46.097720
 47.634020
 53.075420
 56.586220
 52.630790
 55.226810
 56.586220
 54.203320
 57.008770
 58.898220
 60.802960
 63.253460
 15.811390
 11.180340
 23.853720
 19.209370
 16.278820
 13.453620
 12.806250
 10.000000
 16.401220
 19.416490
 18.027760
 15.811390
 16.155490
 18.027760
 12.083050
 15.811390
 20.615530
 25.495100
 15.000000
 17.029390
 13.038400
 11.180340
 15.811390
 13.341660
  9.000000
 10.049880
 11.704700
 28.600700
 30.463090
 25.000000
 12.806250
 17.204650
 23.021730
 23.853720
 25.317980
 20.099750
 20.248460
 25.000000
 10.000000
   .000000
  1.000000
 24.000000
   .840000
  6.160000
  2.096774
 10.903230
   .937500
  5.062500
  3.161290
 10.838710
  1.406250
  3.593750
  2.911765
  8.088235
  3.717391
 15.282610
  1.000000
  4.000000
  2.647059
 12.352940
  2.142857
 12.857140
  2.170213
 14.829790
  1.625000
 11.375000
   .923077
 11.076920
  1.500000
 16.500000
  1.068493
 11.931510
  1.972603
 16.027400
  8.000000
  4.000000
  1.342105
 15.657900
   .526316
  3.473684
  1.197368
  5.802631
   .461538
 11.538460
  1.500000
 11.500000
   .303797
  7.696203
  1.012658
 14.987340
  2.088608
 12.911390
   .219512
  5.780488
   .426829
  4.573171
  1.500000
  7.500000
   .392857
 10.607140
   .595238
  9.404762
   .321429
  2.678571
   .082353
  6.917647
   .114943
  1.885057
   .376471
  3.623529
   .321839
  3.678161
  8.581395
  9.418605
  7.162791
  6.837209
  6.418605
  5.581395
 11.000000
  6.000000
  9.662922
 10.337080
  7.235955
  6.764045
  9.348314
  6.651686
  4.565217
  5.434783
  5.086957
  3.913043
  4.914894
  6.085106
  3.276596
  3.723404
  6.638298
  6.361702
  2.187500
  2.812500
  1.858586
  2.141414
 10.606060
 10.393940
 12.530120
   .469879
 11.000000
   .000000
 11.435290
   .564706
 14.000000
   .000000
  9.550562
   .449438
  7.356322
   .643678
 15.816090
   .183908
 16.255550
  2.744445
  4.888889
   .111111
 14.989250
  2.010753
  6.322580
   .677420
 15.311830
   .688172
 12.808510
  1.191489
 14.315790
  2.684210
 11.686870
  1.313131
  7.578313
  9.421686
  8.125000
  4.875000
  5.764706
  8.235294
  6.436781
  9.563219
  3.581395
  3.418605
  6.719101
  6.280899
  4.987952
  4.012048
  5.816092
  5.183908
 18.089890
 16.910110
  2.891566
  2.108434
 16.470590
 11.529410
  3.977273
  3.022727
  1.883721
  1.116279
  6.000000
  4.000000
  2.000000
  5.000000
  3.000000
  9.000000
  6.600000
  4.400000
  4.857143
  5.142857
  3.368421
  4.631579
  3.850000
  7.150000
  7.500000
 13.500000
  1.047619
  2.952381
  6.750000
  8.250000
  8.615385
  7.384615
  2.000000
  2.000000
  7.024390
  8.975610
  3.181818
  3.818182
  5.000000
  5.000000
  3.200000
  5.800000
  4.888889
  6.111111
  9.444445
  7.555555
  6.545455
  5.454545
  4.400000
  6.600000
  3.019608
  3.980392
  3.306123
  5.693878
  3.666667
  7.333333
  4.363636
  7.636364
  2.377358
  4.622642
  2.240000
  5.760000
  1.764706
  4.235294
  1.481482
  3.518518
 10.181820
  1.818182
 11.289470
  1.710526
  4.200000
  2.800000
  2.275000
  4.725000
  3.333333
  4.666667
  6.387096
  4.612904
  8.783784
  4.216216
  7.173913
  3.826087
  4.807692
  5.192308
  3.393939
  3.606061
  2.857143
  1.142857
  2.500000
 17.500000
  1.300000
 11.700000
