   200.000000
100
   .000000
 18.681540
 20.615530
 16.124520
 18.110770
 15.132750
 19.000000
 16.000000
 18.110770
 20.099750
 16.763050
 19.646880
 38.078870
 30.805840
 39.357340
 36.055510
 40.311290
 33.301650
 35.355340
 39.051250
 10.000000
 10.198040
 12.165530
 13.000000
 15.000000
 15.132750
 15.811390
 17.117240
 17.720050
 20.000000
 20.615530
 33.541020
 31.622780
 33.526110
 32.388270
 38.078870
 35.355340
 39.293770
 41.231060
 40.311290
 20.615530
 18.681540
 19.313210
 16.552950
 21.540660
 22.360680
 20.591260
 18.027760
 23.323810
 19.209370
 22.803510
 25.000000
 21.213200
 45.177430
 40.049970
 35.057090
 45.000000
 35.000000
 45.044420
 35.057090
 45.276920
 22.360680
 18.027760
 14.142140
 21.540660
 12.806250
 16.552950
 12.206560
 20.615530
 15.811390
 58.523500
 57.008770
 23.853720
 55.713550
 19.849430
 15.811390
 52.201530
 52.000000
 50.289170
 51.078370
 51.478150
 47.434170
 35.355340
 32.388270
 31.048350
 29.732140
 26.476400
 25.495100
 26.925820
 24.351590
 20.615530
 22.360680
 44.204070
 43.011630
 40.607880
 37.202150
 36.055510
 40.311290
 30.805840
 33.541020
 38.078870
 18.681540
   .000000
  2.000000
  3.605551
  3.000000
  4.242640
  5.099020
  5.385165
  7.000000
  7.280110
 10.198040
 10.049880
 26.248810
 24.041630
 28.600700
 27.730850
 30.232430
 27.892650
 30.805840
 32.310990
 23.430750
 21.931710
 23.345240
 21.400930
 26.907250
 25.612500
 23.853720
 27.202940
 25.553870
 30.805840
 28.178010
 48.104050
 44.821870
 46.400430
 43.566040
 51.855570
 46.141090
 51.312770
 53.000000
 50.537110
 39.293770
 37.363080
 37.947330
 35.114100
 40.162170
 40.853400
 39.000000
 36.249140
 41.629320
 37.121420
 40.706260
 42.941820
 38.587560
 63.007930
 58.077530
 53.084840
 63.198100
 53.235320
 63.387700
 53.460270
 63.788720
 38.327540
 33.376640
 28.442920
 38.118240
 28.160260
 33.060550
 28.071340
 38.000000
 33.000000
 62.801270
 59.908260
 38.832980
 60.440050
 33.955850
  3.000000
 55.803230
 57.384670
 54.203320
 56.639210
 58.728190
 51.855570
 32.695560
 29.966650
 26.925820
 24.351590
 24.698180
 23.853720
 21.540660
 20.591260
 19.849430
 17.000000
 27.802880
 26.248810
 24.413110
 20.808650
 19.209370
 22.671570
 14.764820
 15.620500
 19.723080
 20.615530
  2.000000
   .000000
  5.000000
  3.605551
  5.830952
  5.099020
  6.403124
  7.280110
  7.000000
 10.770330
 10.049880
 25.000000
 23.537200
 27.459060
 26.925820
 29.154760
 27.459060
 30.413810
 31.622780
 25.000000
 23.430750
 24.758840
 22.671570
 28.284270
 26.907250
 25.000000
 28.425340
 26.627050
 32.015620
 29.154760
 49.497470
 46.097720
 47.634020
 44.654230
 53.150730
 47.169910
 52.430910
 54.083270
 51.478150
 41.231060
 39.293770
 39.849720
 37.000000
 42.059480
 42.720020
 40.853400
 38.078870
 43.462630
 38.910150
 42.485290
 44.721360
 40.311290
 65.007690
 60.074950
 55.081760
 65.192020
 55.226810
 65.375840
 55.443660
 65.764730
 40.311290
 35.355340
 30.413810
 40.112340
 30.149630
 35.057090
 30.066590
 40.000000
 35.000000
 64.031240
 61.032780
 40.792160
 61.717100
 35.902650
  5.000000
 57.008770
 58.728190
 55.443660
 58.000000
 60.207970
 53.150730
 33.541020
 30.886890
 27.730850
 25.079870
 25.806980
 25.000000
 22.360680
 21.633310
 21.213200
 18.027760
 26.627050
 25.000000
 23.323810
 19.723080
 18.027760
 21.213200
 13.928390
 14.142140
 18.027760
 16.124520
  3.605551
  5.000000
   .000000
  2.000000
  1.000000
  3.605551
  2.000000
  4.472136
  5.656854
  7.000000
  7.615773
 25.495100
 21.931710
 27.586230
 26.076810
 29.068880
 25.632010
 28.460500
 30.413810
 20.000000
 18.439090
 19.798990
 17.804490
 23.345240
 22.022710
 20.248460
 23.600850
 21.954500
 27.202940
 24.596750
 44.553340
 41.231060
 42.801870
 39.962480
 48.270070
 42.544090
 47.707440
 49.396350
 46.957430
 36.674240
 34.713110
 35.171010
 32.280030
 37.363080
 37.947330
 36.055510
 33.241540
 38.626420
 34.014700
 37.576590
 39.812060
 35.355340
 61.032780
 56.000000
 51.000000
 61.032780
 51.039200
 61.131010
 51.156620
 61.400330
 36.878180
 32.015620
 27.202940
 36.496570
 26.683330
 31.400640
 26.476400
 36.124780
 31.144820
 64.070270
 61.400330
 37.643060
 61.611690
 32.893770
  3.162278
 57.140180
 58.412330
 55.470710
 57.628120
 59.413800
 53.009430
 34.785050
 31.953090
 29.120440
 26.683330
 26.400760
 25.495100
 23.769730
 22.472200
 21.095020
 18.973670
 31.400640
 29.832870
 28.017850
 24.413110
 22.803510
 26.172500
 18.357560
 19.104970
 23.021730
 18.110770
  3.000000
  3.605551
  2.000000
   .000000
  3.000000
  2.236068
  2.828427
  4.000000
  4.472136
  7.280110
  7.071068
 24.041630
 21.189620
 26.248810
 25.059930
 27.802880
 25.000000
 27.892650
 29.546570
 21.633310
 20.000000
 21.260290
 19.104970
 24.758840
 23.345240
 21.400930
 24.839490
 23.021730
 28.425340
 25.553870
 45.967380
 42.520580
 44.045430
 41.048750
 49.578220
 43.566040
 48.826220
 50.477720
 47.885280
 38.639360
 36.674240
 37.107950
 34.205260
 39.293770
 39.849720
 37.947330
 35.114100
 40.496910
 35.846900
 39.395430
 41.629320
 37.121420
 63.031740
 58.000000
 53.000000
 63.031740
 53.037720
 63.126860
 53.150730
 63.387700
 38.832980
 33.955850
 29.120440
 38.470770
 28.635640
 33.376640
 28.442920
 38.118240
 33.136080
 65.215030
 62.433960
 39.560080
 62.801270
 34.785050
  4.242640
 58.249460
 59.665740
 56.612720
 58.898220
 60.811180
 54.203320
 35.468300
 32.695560
 29.732140
 27.202940
 27.294690
 26.419690
 24.351590
 23.259410
 22.203600
 19.697720
 30.232430
 28.600700
 26.925820
 23.323810
 21.633310
 24.758840
 17.464250
 17.691810
 21.400930
 15.132750
  4.242640
  5.830952
  1.000000
  3.000000
   .000000
  4.472136
  2.236068
  5.000000
  6.403124
  7.071068
  8.062258
 26.248810
 22.360680
 28.284270
 26.627050
 29.732140
 26.000000
 28.792360
 30.886890
 19.209370
 17.691810
 19.104970
 17.204650
 22.671570
 21.400930
 19.723080
 23.021730
 21.470910
 26.627050
 24.166090
 43.863430
 40.607880
 42.201900
 39.446170
 47.634020
 42.059480
 47.169910
 48.877400
 46.518810
 35.693140
 33.734260
 34.205260
 31.320920
 36.400550
 37.000000
 35.114100
 32.310990
 37.696160
 33.105890
 36.674240
 38.910150
 34.481880
 60.033330
 55.000000
 50.000000
 60.033330
 50.039990
 60.133190
 50.159740
 60.406950
 35.902650
 31.048350
 26.248810
 35.510560
 25.709920
 30.413810
 25.495100
 35.128340
 30.149630
 63.513780
 60.901560
 36.687870
 61.032780
 31.953090
  3.000000
 56.603890
 57.801380
 54.918120
 57.008770
 58.728190
 52.430910
 34.481880
 31.622780
 28.861740
 26.476400
 26.000000
 25.079870
 23.537200
 22.135940
 20.591260
 18.681540
 32.015620
 30.479500
 28.600700
 25.000000
 23.430750
 26.907250
 18.867960
 19.849430
 23.853720
 19.000000
  5.099020
  5.099020
  3.605551
  2.236068
  4.472136
   .000000
  3.000000
  2.236068
  2.236068
  5.830952
  5.000000
 21.931710
 18.973670
 24.083190
 22.825420
 25.612500
 22.803510
 25.709920
 27.313000
 21.470910
 19.723080
 20.808650
 18.439090
 24.207440
 22.671570
 20.518280
 24.041630
 22.022710
 27.586230
 24.413110
 45.343140
 41.725290
 43.185650
 40.000000
 48.795490
 42.438190
 47.801670
 49.406480
 46.647610
 39.319210
 37.336310
 37.656340
 34.713110
 39.812060
 40.261640
 38.327540
 35.440090
 40.804410
 36.055510
 39.560080
 41.785160
 37.161810
 64.124880
 59.033890
 54.037030
 64.000000
 54.000000
 64.031240
 54.037030
 64.195010
 40.261640
 35.440090
 30.675720
 39.812060
 30.083220
 34.713110
 29.832870
 39.319210
 34.365680
 67.424030
 64.660650
 41.109610
 65.000000
 36.400550
  6.403124
 60.464870
 61.846580
 58.821770
 61.073730
 62.936480
 56.400360
 37.696160
 34.928500
 31.953090
 29.410880
 29.529650
 28.653100
 26.570660
 25.495100
 24.413110
 21.931710
 31.384710
 29.681640
 28.178010
 24.596750
 22.825420
 25.612500
 18.973670
 18.601080
 21.931710
 16.000000
  5.385165
  6.403124
  2.000000
  2.828427
  2.236068
  3.000000
   .000000
  2.828427
  4.472136
  5.000000
  5.830952
 24.207440
 20.124610
 26.172500
 24.413110
 27.586230
 23.769730
 26.570660
 28.653100
 18.867960
 17.204650
 18.439090
 16.278820
 21.931710
 20.518280
 18.601080
 22.022710
 20.248460
 25.612500
 22.825420
 43.139310
 39.698870
 41.231060
 38.275320
 46.754680
 40.816660
 46.043460
 47.707440
 45.177430
 36.345560
 34.365680
 34.713110
 31.780500
 36.878180
 37.363080
 35.440090
 32.572990
 37.947330
 33.241540
 36.769550
 39.000000
 34.438350
 61.131010
 56.035700
 51.039200
 61.000000
 51.000000
 61.032780
 51.039200
 61.204570
 37.363080
 32.572990
 27.856780
 36.878180
 27.202940
 31.780500
 26.925820
 36.345560
 31.400640
 65.734310
 63.134780
 38.275320
 63.245550
 33.615470
  5.099020
 58.830270
 60.000000
 57.140180
 59.203040
 60.876930
 54.644310
 36.687870
 33.837850
 31.048350
 28.635640
 28.231190
 27.313000
 25.709920
 24.351590
 22.825420
 20.880610
 33.015150
 31.400640
 29.681640
 26.076810
 24.413110
 27.586230
 20.124610
 20.518280
 24.207440
 18.110770
  7.000000
  7.280110
  4.472136
  4.000000
  5.000000
  2.236068
  2.828427
   .000000
  2.000000
  3.605551
  3.162278
 21.400930
 17.464250
 23.345240
 21.633310
 24.758840
 21.189620
 24.041630
 25.942240
 19.697720
 17.888540
 18.867960
 16.401220
 22.203600
 20.615530
 18.384780
 21.931710
 19.849430
 25.455840
 22.203600
 43.278170
 39.597980
 41.036570
 37.802120
 46.669050
 40.224370
 45.607020
 47.201690
 44.418460
 38.118240
 36.124780
 36.345560
 33.376640
 38.470770
 38.832980
 36.878180
 33.955850
 39.293770
 34.481880
 37.947330
 40.162170
 35.468300
 63.285070
 58.137770
 53.150730
 63.031740
 53.037720
 63.000000
 53.000000
 63.071390
 39.849720
 35.114100
 30.463090
 39.293770
 29.732140
 34.205260
 29.410880
 38.639360
 33.734260
 68.505480
 65.863490
 40.853400
 66.030300
 36.249140
  7.615773
 61.587340
 62.801270
 59.908260
 62.008060
 63.702430
 57.428220
 39.217340
 36.400550
 33.526110
 31.048350
 30.870700
 29.966650
 28.160260
 26.925820
 25.553870
 23.409400
 33.615470
 31.906110
 30.413810
 26.832820
 25.059930
 27.802880
 21.189620
 20.808650
 24.041630
 20.099750
  7.280110
  7.000000
  5.656854
  4.472136
  6.403124
  2.236068
  4.472136
  2.000000
   .000000
  5.000000
  3.162278
 19.849430
 16.763050
 21.931710
 20.591260
 23.430750
 20.615530
 23.537200
 25.079870
 21.540660
 19.697720
 20.591260
 18.027760
 23.853720
 22.203600
 19.849430
 23.430750
 21.213200
 26.907250
 23.430750
 44.821870
 41.036570
 42.426410
 39.051250
 48.104050
 41.400480
 46.861500
 48.414880
 45.486260
 40.112340
 38.118240
 38.327540
 35.355340
 40.447500
 40.792160
 38.832980
 35.902650
 41.231060
 36.400550
 39.849720
 42.059480
 37.336310
 65.276340
 60.133190
 55.145260
 65.030760
 55.036350
 65.000000
 55.000000
 65.069190
 41.761230
 37.000000
 32.310990
 41.231060
 31.622780
 36.138620
 31.320920
 40.607880
 35.693140
 69.634760
 66.887960
 42.720020
 67.201190
 38.078870
  8.602325
 62.681740
 64.031240
 61.032780
 63.253460
 65.069190
 58.600340
 39.924930
 37.161810
 34.176010
 31.622780
 31.764760
 30.886890
 28.792360
 27.730850
 26.627050
 24.166090
 32.649650
 30.886890
 29.546570
 26.000000
 24.166090
 26.627050
 20.615530
 19.723080
 22.671570
 16.763050
 10.198040
 10.770330
  7.000000
  7.280110
  7.071068
  5.830952
  5.000000
  3.605551
  5.000000
   .000000
  3.000000
 21.470910
 15.811390
 23.021730
 20.518280
 24.207440
 19.235380
 21.931710
 24.413110
 16.763050
 14.866070
 15.652480
 13.038400
 18.867960
 17.204650
 14.866070
 18.439090
 16.278820
 21.931710
 18.601080
 39.824620
 36.069380
 37.483330
 34.205260
 43.139310
 36.619670
 42.011900
 43.600460
 40.816660
 36.000000
 34.000000
 34.058770
 31.064450
 36.124780
 36.345560
 34.365680
 31.400640
 36.674240
 31.780500
 35.171010
 37.363080
 32.572990
 61.660360
 56.435800
 51.478150
 61.204570
 51.244510
 61.073730
 51.088160
 61.000000
 39.000000
 34.438350
 30.016660
 38.275320
 29.068880
 33.241540
 28.635640
 37.363080
 32.572990
 69.971420
 67.535180
 40.249220
 67.416620
 35.846900
 10.049880
 63.134780
 64.070270
 61.400330
 63.245550
 64.660650
 58.830270
 41.484940
 38.600520
 35.902650
 33.541020
 32.893770
 31.953090
 30.594120
 29.120440
 27.313000
 25.709920
 37.215590
 35.510560
 34.000000
 30.413810
 28.653100
 31.400640
 24.698180
 24.413110
 27.586230
 19.646880
 10.049880
 10.049880
  7.615773
  7.071068
  8.062258
  5.000000
  5.830952
  3.162278
  3.162278
  3.000000
   .000000
 18.867960
 14.317820
 20.615530
 18.601080
 21.931710
 18.027760
 20.880610
 22.825420
 19.646880
 17.720050
 18.384780
 15.652480
 21.470910
 19.723080
 17.204650
 20.808650
 18.439090
 24.207440
 20.518280
 42.201900
 38.288380
 39.623230
 36.124780
 45.343140
 38.418750
 43.931770
 45.453270
 42.438190
 39.000000
 37.000000
 37.054020
 34.058770
 39.115220
 39.319210
 37.336310
 34.365680
 39.623230
 34.713110
 38.078870
 40.261640
 35.440090
 64.629710
 59.413800
 54.451810
 64.195010
 54.230990
 64.070270
 54.083270
 64.000000
 41.785160
 37.161810
 32.649650
 41.109610
 31.780500
 36.055510
 31.384710
 40.261640
 35.440090
 71.561160
 68.963760
 42.953460
 69.065190
 38.470770
 10.770330
 64.660650
 65.802730
 62.968250
 65.000000
 66.603300
 60.464870
 42.379240
 39.560080
 36.687870
 34.205260
 34.014700
 33.105890
 31.320920
 30.083220
 28.653100
 26.570660
 35.777090
 34.000000
 32.695560
 29.154760
 27.313000
 29.681640
 23.769730
 22.825420
 25.612500
 38.078870
 26.248810
 25.000000
 25.495100
 24.041630
 26.248810
 21.931710
 24.207440
 21.400930
 19.849430
 21.470910
 18.867960
   .000000
 10.440310
  3.000000
  7.071068
  5.000000
 12.206560
 14.142140
 11.180340
 35.355340
 33.376640
 33.136080
 30.149630
 35.000000
 33.000000
 30.000000
 33.060550
 30.066590
 35.355340
 30.413810
 52.201530
 47.434170
 48.104050
 43.462630
 53.851650
 44.721360
 50.537110
 51.478150
 47.169910
 55.901700
 53.935150
 53.600370
 50.635960
 55.443660
 55.226810
 53.235320
 50.249380
 55.081760
 50.089920
 53.009430
 55.000000
 50.000000
 82.225300
 76.902530
 72.034710
 81.394100
 71.589100
 81.049370
 71.196910
 80.622570
 60.415230
 55.901700
 51.478150
 59.615430
 50.537110
 54.626000
 50.089920
 58.523500
 53.851650
 89.022470
 86.023250
 61.717100
 86.683330
 57.306190
 28.284270
 82.006100
 83.630130
 80.430090
 82.879430
 84.852810
 78.102490
 58.309520
 55.758410
 52.478570
 49.739320
 50.803540
 50.000000
 47.169910
 46.615450
 46.097720
 43.011630
 42.000000
 40.000000
 40.112340
 37.336310
 35.355340
 35.000000
 34.481880
 30.413810
 30.000000
 30.805840
 24.041630
 23.537200
 21.931710
 21.189620
 22.360680
 18.973670
 20.124610
 17.464250
 16.763050
 15.811390
 14.317820
 10.440310
   .000000
 10.000000
  5.385165
 10.198040
  4.000000
  7.000000
  8.602325
 26.248810
 24.351590
 23.769730
 20.880610
 25.179360
 23.194830
 20.223750
 23.021730
 20.024980
 25.079870
 20.099750
 41.761230
 37.000000
 37.696160
 33.105890
 43.462630
 34.481880
 40.311290
 41.340050
 37.202150
 46.840150
 44.922150
 44.384680
 41.484940
 46.097720
 45.705580
 43.737850
 40.792160
 45.398240
 40.447500
 43.185650
 45.099890
 40.112340
 73.375750
 68.007350
 63.245550
 72.277240
 62.641840
 71.805290
 62.096700
 71.196910
 53.000000
 48.826220
 44.821870
 51.971150
 43.600460
 47.169910
 43.011630
 50.537110
 46.141090
 85.755460
 83.240620
 54.644310
 83.216580
 50.606320
 25.079870
 78.892330
 79.881160
 77.175130
 79.056940
 80.430090
 74.625730
 56.648040
 53.851650
 50.921510
 48.383880
 48.332180
 47.423620
 45.541190
 44.384680
 42.941820
 40.853400
 46.097720
 44.147480
 43.566040
 40.311290
 38.327540
 39.293770
 36.000000
 33.376640
 34.481880
 39.357340
 28.600700
 27.459060
 27.586230
 26.248810
 28.284270
 24.083190
 26.172500
 23.345240
 21.931710
 23.021730
 20.615530
  3.000000
 10.000000
   .000000
  5.385165
  2.000000
 10.770330
 12.206560
  8.602325
 35.902650
 33.955850
 33.541020
 30.594120
 35.128340
 33.136080
 30.149630
 33.015150
 30.016660
 35.057090
 30.066590
 51.419840
 46.572530
 47.127490
 42.379240
 52.810990
 43.462630
 49.244290
 50.089920
 45.650850
 56.515480
 54.571060
 54.129470
 51.195700
 55.901700
 55.578770
 53.600370
 50.635960
 55.326310
 50.358720
 53.150730
 55.081760
 50.089920
 82.969870
 77.620870
 72.801100
 82.000000
 72.277240
 81.584310
 71.805290
 81.049370
 61.717100
 57.306190
 53.000000
 60.835850
 51.971150
 55.901700
 51.478150
 59.615430
 55.036350
 91.400220
 88.481640
 63.134780
 89.022470
 58.830270
 30.479500
 84.403790
 85.912750
 82.800960
 85.146930
 87.000000
 80.430090
 60.901560
 58.309520
 55.072680
 52.354560
 53.254110
 52.430910
 49.739320
 49.091750
 48.414880
 45.486260
 45.000000
 43.000000
 43.104520
 40.311290
 38.327540
 38.000000
 37.363080
 33.376640
 33.000000
 36.055510
 27.730850
 26.925820
 26.076810
 25.059930
 26.627050
 22.825420
 24.413110
 21.633310
 20.591260
 20.518280
 18.601080
  7.071068
  5.385165
  5.385165
   .000000
  5.000000
  5.385165
  7.071068
  5.000000
 31.622780
 29.732140
 29.120440
 26.248810
 30.413810
 28.442920
 25.495100
 28.160260
 25.179360
 30.000000
 25.000000
 46.097720
 41.231060
 41.761230
 37.000000
 47.434170
 38.078870
 43.863430
 44.721360
 40.311290
 52.201530
 50.289170
 49.729270
 46.840150
 51.419840
 50.990200
 49.030600
 46.097720
 50.635960
 45.705580
 48.373550
 50.249380
 45.276920
 78.746430
 73.375750
 68.622150
 77.620870
 68.007350
 77.129760
 67.446270
 76.485290
 58.309520
 54.083270
 50.000000
 57.306190
 48.826220
 52.478570
 48.259710
 55.901700
 51.478150
 90.138780
 87.464280
 59.908260
 87.658420
 55.803230
 29.154760
 83.216580
 84.403790
 81.541400
 83.600240
 85.146930
 79.056940
 60.415230
 57.697490
 54.626000
 52.000000
 52.354560
 51.478150
 49.244290
 48.301140
 47.169910
 44.721360
 47.265210
 45.276920
 45.044420
 42.000000
 40.000000
 40.311290
 38.327540
 35.000000
 35.355340
 40.311290
 30.232430
 29.154760
 29.068880
 27.802880
 29.732140
 25.612500
 27.586230
 24.758840
 23.430750
 24.207440
 21.931710
  5.000000
 10.198040
  2.000000
  5.000000
   .000000
 10.198040
 11.180340
  7.071068
 36.400550
 34.481880
 33.955850
 31.048350
 35.355340
 33.376640
 30.413810
 33.136080
 30.149630
 35.000000
 30.000000
 50.990200
 46.097720
 46.572530
 41.761230
 52.201530
 42.720020
 48.466480
 49.244290
 44.721360
 57.008770
 55.081760
 54.571060
 51.662360
 56.293870
 55.901700
 53.935150
 50.990200
 55.578770
 50.635960
 53.338540
 55.226810
 50.249380
 83.522450
 78.160100
 73.375750
 82.462110
 72.801100
 82.000000
 72.277240
 81.394100
 62.649820
 58.309520
 54.083270
 61.717100
 53.000000
 56.824290
 52.478570
 60.415230
 55.901700
 93.005380
 90.138780
 64.140470
 90.603530
 59.908260
 32.015620
 86.023250
 87.458560
 84.403790
 86.683330
 88.459030
 82.006100
 62.649820
 60.033330
 56.824290
 54.120240
 54.918120
 54.083270
 51.478150
 50.774010
 50.000000
 47.169910
 47.000000
 45.000000
 45.099890
 42.296570
 40.311290
 40.000000
 39.293770
 35.355340
 35.000000
 33.301650
 27.892650
 27.459060
 25.632010
 25.000000
 26.000000
 22.803510
 23.769730
 21.189620
 20.615530
 19.235380
 18.027760
 12.206560
  4.000000
 10.770330
  5.385165
 10.198040
   .000000
  3.000000
  5.830952
 27.730850
 25.942240
 25.079870
 22.360680
 25.961510
 24.041630
 21.189620
 23.537200
 20.615530
 25.079870
 20.099750
 40.792160
 35.902650
 36.400550
 31.622780
 42.059480
 32.695560
 38.483760
 39.357340
 34.985710
 48.104050
 46.238510
 45.541190
 42.720020
 47.127490
 46.572530
 44.643030
 41.761230
 46.097720
 41.231060
 43.737850
 45.541190
 40.607880
 74.672620
 69.289250
 64.621980
 73.375750
 63.906180
 72.801100
 63.245550
 72.034710
 55.217750
 51.224990
 47.423620
 54.083270
 46.097720
 49.406480
 45.453270
 52.478570
 48.259710
 89.185200
 86.769810
 57.008770
 86.608310
 53.150730
 28.792360
 82.365040
 83.216580
 80.622570
 82.377180
 83.600240
 78.032040
 60.406950
 57.584720
 54.708320
 52.201530
 52.000000
 51.078370
 49.335590
 48.104050
 46.518810
 44.598210
 50.010000
 48.052060
 47.518420
 44.283180
 42.296570
 43.174060
 40.000000
 37.336310
 38.327540
 35.355340
 30.805840
 30.413810
 28.460500
 27.892650
 28.792360
 25.709920
 26.570660
 24.041630
 23.537200
 21.931710
 20.880610
 14.142140
  7.000000
 12.206560
  7.071068
 11.180340
  3.000000
   .000000
  5.000000
 29.154760
 27.459060
 26.419690
 23.853720
 26.925820
 25.079870
 22.360680
 24.351590
 21.540660
 25.495100
 20.615530
 40.311290
 35.355340
 35.693140
 30.805840
 41.231060
 31.622780
 37.336310
 38.078870
 33.541020
 49.244290
 47.423620
 46.615450
 43.863430
 48.104050
 47.434170
 45.541190
 42.720020
 46.840150
 42.059480
 44.384680
 46.097720
 41.231060
 75.769390
 70.384660
 65.795140
 74.330350
 65.000000
 73.681750
 64.257290
 72.801100
 57.008770
 53.150730
 49.497470
 55.803230
 48.104050
 51.224990
 47.423620
 54.083270
 50.000000
 91.787800
 89.442720
 58.898220
 89.185200
 55.172460
 31.622780
 85.000000
 85.755460
 83.240620
 84.905830
 86.023250
 80.622570
 63.245550
 60.406950
 57.567350
 55.081760
 54.781380
 53.851650
 52.201530
 50.921510
 49.244290
 47.434170
 52.952810
 50.990200
 50.487620
 47.265210
 45.276920
 46.097720
 43.000000
 40.311290
 41.231060
 39.051250
 32.310990
 31.622780
 30.413810
 29.546570
 30.886890
 27.313000
 28.653100
 25.942240
 25.079870
 24.413110
 22.825420
 11.180340
  8.602325
  8.602325
  5.000000
  7.071068
  5.830952
  5.000000
   .000000
 33.541020
 31.764760
 30.870700
 28.178010
 31.622780
 29.732140
 26.925820
 29.120440
 26.248810
 30.413810
 25.495100
 45.276920
 40.311290
 40.607880
 35.693140
 46.097720
 36.400550
 42.059480
 42.720020
 38.078870
 53.851650
 52.000000
 51.264020
 48.466480
 52.810990
 52.201530
 50.289170
 47.434170
 51.662360
 46.840150
 49.244290
 50.990200
 46.097720
 80.411450
 75.026660
 70.384660
 79.056940
 69.641940
 78.447430
 68.949260
 77.620870
 61.032780
 57.008770
 53.150730
 59.908260
 51.855570
 55.217750
 51.224990
 58.309520
 54.083270
 94.339810
 91.787800
 62.801270
 91.809590
 58.898220
 33.541020
 87.464280
 88.481640
 85.755460
 87.658420
 89.022470
 83.216580
 65.000000
 62.241470
 59.236810
 56.648040
 56.797890
 55.901700
 53.851650
 52.801510
 51.478150
 49.244290
 52.239830
 50.249380
 50.039990
 47.000000
 45.000000
 45.276920
 43.289720
 40.000000
 40.311290
 10.000000
 23.430750
 25.000000
 20.000000
 21.633310
 19.209370
 21.470910
 18.867960
 19.697720
 21.540660
 16.763050
 19.646880
 35.355340
 26.248810
 35.902650
 31.622780
 36.400550
 27.730850
 29.154760
 33.541020
   .000000
  2.000000
  2.828427
  5.385165
  5.000000
  5.385165
  7.071068
  7.280110
  8.602325
 10.000000
 11.180340
 25.000000
 22.360680
 24.166090
 22.561030
 29.154760
 25.495100
 29.732140
 31.622780
 30.413810
 20.615530
 18.681540
 18.248290
 15.297060
 20.099750
 20.000000
 18.000000
 15.000000
 20.099750
 15.132750
 18.439090
 20.615530
 15.811390
 47.127490
 41.761230
 37.000000
 46.097720
 36.400550
 45.705580
 35.902650
 45.276920
 28.284270
 25.000000
 22.360680
 26.907250
 20.591260
 22.671570
 19.723080
 25.000000
 21.213200
 68.007350
 66.708320
 30.479500
 65.145990
 27.459060
 21.213200
 61.846580
 61.351450
 59.908260
 60.406950
 60.415230
 57.008770
 45.276920
 42.296570
 40.792160
 39.293770
 36.345560
 35.355340
 36.400550
 33.955850
 30.413810
 31.622780
 50.931330
 49.497470
 47.423620
 43.863430
 42.426410
 46.097720
 37.536650
 39.051250
 43.011630
 10.198040
 21.931710
 23.430750
 18.439090
 20.000000
 17.691810
 19.723080
 17.204650
 17.888540
 19.697720
 14.866070
 17.720050
 33.376640
 24.351590
 33.955850
 29.732140
 34.481880
 25.942240
 27.459060
 31.764760
  2.000000
   .000000
  2.000000
  3.605551
  5.385165
  5.000000
  5.830952
  7.000000
  7.615773
 10.198040
 10.440310
 26.248810
 23.323810
 25.059930
 23.086790
 30.232430
 25.961510
 30.463090
 32.310990
 30.805840
 22.561030
 20.615530
 20.223750
 17.262680
 22.090720
 22.000000
 20.000000
 17.000000
 22.090720
 17.117240
 20.396080
 22.561030
 17.720050
 49.040800
 43.680660
 38.897300
 48.052060
 38.327540
 47.675990
 37.854990
 47.265210
 29.732140
 26.248810
 23.323810
 28.425340
 21.633310
 24.041630
 20.808650
 26.627050
 22.671570
 68.622150
 67.186310
 31.827660
 65.787540
 28.600700
 19.849430
 62.361850
 62.032250
 60.440050
 61.098280
 61.269890
 57.567350
 45.099890
 42.107010
 40.447500
 38.832980
 36.124780
 35.128340
 35.902650
 33.541020
 30.149630
 31.048350
 49.578220
 48.104050
 46.097720
 42.520580
 41.036570
 44.598210
 36.235340
 37.536650
 41.400480
 12.165530
 23.345240
 24.758840
 19.798990
 21.260290
 19.104970
 20.808650
 18.439090
 18.867960
 20.591260
 15.652480
 18.384780
 33.136080
 23.769730
 33.541020
 29.120440
 33.955850
 25.079870
 26.419690
 30.870700
  2.828427
  2.000000
   .000000
  3.000000
  3.605551
  3.000000
  4.242640
  5.000000
  5.830952
  8.246211
  8.544003
 24.758840
 21.633310
 23.323810
 21.189620
 28.600700
 24.041630
 28.635640
 30.463090
 28.861740
 23.086790
 21.189620
 20.615530
 17.720050
 22.360680
 22.090720
 20.099750
 17.117240
 22.000000
 17.000000
 20.099750
 22.203600
 17.262680
 49.648770
 44.271890
 39.560080
 48.507730
 38.897300
 48.052060
 38.327540
 47.518420
 31.112700
 27.802880
 25.059930
 29.732140
 23.323810
 25.495100
 22.472200
 27.802880
 24.041630
 70.519500
 69.123080
 33.301650
 67.675700
 30.232430
 21.400930
 64.288410
 63.906180
 62.361850
 62.968250
 63.071390
 59.481090
 47.095650
 44.102150
 42.426410
 40.792160
 38.118240
 37.121420
 37.854990
 35.510560
 32.140320
 32.984840
 51.088160
 49.578220
 47.634020
 44.045430
 42.520580
 45.967380
 37.802120
 38.897300
 42.638010
 13.000000
 21.400930
 22.671570
 17.804490
 19.104970
 17.204650
 18.439090
 16.278820
 16.401220
 18.027760
 13.038400
 15.652480
 30.149630
 20.880610
 30.594120
 26.248810
 31.048350
 22.360680
 23.853720
 28.178010
  5.385165
  3.605551
  3.000000
   .000000
  5.830952
  4.242640
  3.000000
  5.830952
  5.000000
  9.433981
  8.000000
 26.907250
 23.430750
 25.000000
 22.360680
 30.479500
 25.079870
 30.016660
 31.764760
 29.732140
 25.961510
 24.041630
 23.537200
 20.615530
 25.317980
 25.079870
 23.086790
 20.099750
 25.000000
 20.000000
 23.086790
 25.179360
 20.223750
 52.497620
 47.127490
 42.379240
 51.419840
 41.761230
 50.990200
 41.231060
 50.487620
 33.301650
 29.732140
 26.627050
 32.015620
 25.000000
 27.586230
 24.207440
 30.232430
 26.248810
 71.512240
 69.921390
 35.355340
 68.709530
 32.015620
 19.723080
 65.145990
 65.000000
 63.245550
 64.078080
 64.412730
 60.406950
 47.000000
 44.000000
 42.107010
 40.311290
 38.000000
 37.000000
 37.336310
 35.128340
 32.000000
 32.388270
 49.203660
 47.634020
 45.803930
 42.201900
 40.607880
 43.863430
 36.055510
 36.796740
 40.360870
 15.000000
 26.907250
 28.284270
 23.345240
 24.758840
 22.671570
 24.207440
 21.931710
 22.203600
 23.853720
 18.867960
 21.470910
 35.000000
 25.179360
 35.128340
 30.413810
 35.355340
 25.961510
 26.925820
 31.622780
  5.000000
  5.385165
  3.605551
  5.830952
   .000000
  2.000000
  5.000000
  2.828427
  5.385165
  5.000000
  7.071068
 21.213200
 18.027760
 19.723080
 17.720050
 25.000000
 20.615530
 25.079870
 26.925820
 25.495100
 22.360680
 20.591260
 19.697720
 17.000000
 21.189620
 20.615530
 18.681540
 15.811390
 20.223750
 15.297060
 18.027760
 20.000000
 15.000000
 48.846700
 43.462630
 38.910150
 47.434170
 38.078870
 46.840150
 37.336310
 46.097720
 32.015620
 29.154760
 26.925820
 30.479500
 25.079870
 26.627050
 24.166090
 28.284270
 25.000000
 72.801100
 71.589100
 34.409300
 69.921390
 31.764760
 25.000000
 66.708320
 66.098410
 64.761100
 65.145990
 65.000000
 61.846580
 50.249380
 47.265210
 45.705580
 44.147480
 41.303750
 40.311290
 41.231060
 38.832980
 35.355340
 36.400550
 54.671750
 53.150730
 51.224990
 47.634020
 46.097720
 49.497470
 41.400480
 42.426410
 46.097720
 15.132750
 25.612500
 26.907250
 22.022710
 23.345240
 21.400930
 22.671570
 20.518280
 20.615530
 22.203600
 17.204650
 19.723080
 33.000000
 23.194830
 33.136080
 28.442920
 33.376640
 24.041630
 25.079870
 29.732140
  5.385165
  5.000000
  3.000000
  4.242640
  2.000000
   .000000
  3.000000
  2.000000
  3.605551
  5.385165
  5.830952
 22.671570
 19.209370
 20.808650
 18.384780
 26.248810
 21.189620
 25.942240
 27.730850
 25.961510
 24.166090
 22.360680
 21.540660
 18.788290
 23.086790
 22.561030
 20.615530
 17.720050
 22.203600
 17.262680
 20.024980
 22.000000
 17.000000
 50.695170
 45.310040
 40.718550
 49.335590
 39.924930
 48.764740
 39.217340
 48.052060
 33.301650
 30.232430
 27.730850
 31.827660
 25.942240
 27.802880
 25.059930
 29.732140
 26.248810
 73.375750
 72.034710
 35.608990
 70.519500
 32.756680
 23.853720
 67.186310
 66.730800
 65.253350
 65.787540
 65.795140
 62.361850
 50.089920
 47.095650
 45.398240
 43.737850
 41.109610
 40.112340
 40.792160
 38.470770
 35.128340
 35.902650
 53.413480
 51.855570
 50.000000
 46.400430
 44.821870
 48.104050
 40.224370
 41.036570
 44.598210
 15.811390
 23.853720
 25.000000
 20.248460
 21.400930
 19.723080
 20.518280
 18.601080
 18.384780
 19.849430
 14.866070
 17.204650
 30.000000
 20.223750
 30.149630
 25.495100
 30.413810
 21.189620
 22.360680
 26.925820
  7.071068
  5.830952
  4.242640
  3.000000
  5.000000
  3.000000
   .000000
  3.605551
  2.000000
  7.071068
  5.000000
 25.000000
 21.213200
 22.671570
 19.723080
 28.284270
 22.360680
 27.459060
 29.154760
 26.925820
 26.925820
 25.079870
 24.351590
 21.540660
 25.961510
 25.495100
 23.537200
 20.615530
 25.179360
 20.223750
 23.021730
 25.000000
 20.000000
 53.488320
 48.104050
 43.462630
 52.201530
 42.720020
 51.662360
 42.059480
 50.990200
 35.355340
 32.015620
 29.154760
 33.970580
 27.459060
 29.732140
 26.627050
 32.015620
 28.284270
 74.330350
 72.801100
 37.536650
 71.512240
 34.409300
 22.360680
 68.007350
 67.779050
 66.098410
 66.850580
 67.082040
 63.245550
 50.000000
 47.000000
 45.099890
 43.289720
 41.000000
 40.000000
 40.311290
 38.118240
 35.000000
 35.355340
 51.613950
 50.000000
 48.259710
 44.654230
 43.011630
 46.097720
 38.587560
 39.051250
 42.426410
 17.117240
 27.202940
 28.425340
 23.600850
 24.839490
 23.021730
 24.041630
 22.022710
 21.931710
 23.430750
 18.439090
 20.808650
 33.060550
 23.021730
 33.015150
 28.160260
 33.136080
 23.537200
 24.351590
 29.120440
  7.280110
  7.000000
  5.000000
  5.830952
  2.828427
  2.000000
  3.605551
   .000000
  3.000000
  3.605551
  4.242640
 21.400930
 17.691810
 19.209370
 16.552950
 24.758840
 19.313210
 24.186770
 25.942240
 24.041630
 25.059930
 23.323810
 22.360680
 19.723080
 23.769730
 23.086790
 21.189620
 18.384780
 22.561030
 17.720050
 20.223750
 22.090720
 17.117240
 51.478150
 46.097720
 41.593270
 49.980000
 40.718550
 49.335590
 39.924930
 48.507730
 34.828150
 31.906110
 29.546570
 33.301650
 27.730850
 29.410880
 26.832820
 31.112700
 27.802880
 75.286120
 73.979730
 37.202150
 72.422370
 34.481880
 25.553870
 69.123080
 68.622150
 67.186310
 67.675700
 67.623960
 64.288410
 52.086470
 49.091750
 47.381430
 45.705580
 43.104520
 42.107010
 42.755120
 40.447500
 37.121420
 37.854990
 55.000000
 53.413480
 51.613950
 48.010410
 46.400430
 49.578220
 41.880780
 42.520580
 45.967380
 17.720050
 25.553870
 26.627050
 21.954500
 23.021730
 21.470910
 22.022710
 20.248460
 19.849430
 21.213200
 16.278820
 18.439090
 30.066590
 20.024980
 30.016660
 25.179360
 30.149630
 20.615530
 21.540660
 26.248810
  8.602325
  7.615773
  5.830952
  5.000000
  5.385165
  3.605551
  2.000000
  3.000000
   .000000
  5.830952
  3.000000
 23.853720
 19.849430
 21.213200
 18.027760
 26.907250
 20.591260
 25.806980
 27.459060
 25.079870
 27.730850
 25.942240
 25.079870
 22.360680
 26.570660
 25.961510
 24.041630
 21.189620
 25.495100
 20.615530
 23.194830
 25.079870
 20.099750
 54.230990
 48.846700
 44.283180
 52.810990
 43.462630
 52.201530
 42.720020
 51.419840
 36.796740
 33.600590
 30.886890
 35.355340
 29.154760
 31.241000
 28.301940
 33.301650
 29.732140
 76.216800
 74.726170
 39.051250
 73.389370
 36.055510
 24.166090
 69.921390
 69.641940
 68.007350
 68.709530
 68.876700
 65.145990
 52.000000
 49.000000
 47.095650
 45.276920
 43.000000
 42.000000
 42.296570
 40.112340
 37.000000
 37.336310
 53.254110
 51.613950
 49.929950
 46.324940
 44.654230
 47.634020
 40.311290
 40.607880
 43.863430
 20.000000
 30.805840
 32.015620
 27.202940
 28.425340
 26.627050
 27.586230
 25.612500
 25.455840
 26.907250
 21.931710
 24.207440
 35.355340
 25.079870
 35.057090
 30.000000
 35.000000
 25.079870
 25.495100
 30.413810
 10.000000
 10.198040
  8.246211
  9.433981
  5.000000
  5.385165
  7.071068
  3.605551
  5.830952
   .000000
  5.000000
 18.027760
 14.142140
 15.620500
 13.000000
 21.213200
 15.811390
 20.591260
 22.360680
 20.615530
 25.000000
 23.430750
 22.203600
 19.849430
 23.323810
 22.360680
 20.591260
 18.027760
 21.540660
 17.000000
 18.973670
 20.615530
 15.811390
 51.000000
 45.650850
 41.340050
 49.244290
 40.311290
 48.466480
 39.357340
 47.434170
 36.055510
 33.541020
 31.622780
 34.409300
 29.732140
 30.886890
 28.792360
 32.015620
 29.154760
 77.620870
 76.485290
 38.587560
 74.726170
 36.249140
 29.154760
 71.589100
 70.880180
 69.634760
 69.921390
 69.641940
 66.708320
 55.226810
 52.239830
 50.635960
 49.030600
 46.270940
 45.276920
 46.097720
 43.737850
 40.311290
 41.231060
 58.600340
 57.008770
 55.217750
 51.613950
 50.000000
 53.150730
 45.486260
 46.097720
 49.497470
 20.615530
 28.178010
 29.154760
 24.596750
 25.553870
 24.166090
 24.413110
 22.825420
 22.203600
 23.430750
 18.601080
 20.518280
 30.413810
 20.099750
 30.066590
 25.000000
 30.000000
 20.099750
 20.615530
 25.495100
 11.180340
 10.440310
  8.544003
  8.000000
  7.071068
  5.830952
  5.000000
  4.242640
  3.000000
  5.000000
   .000000
 22.360680
 18.027760
 19.209370
 15.620500
 25.000000
 18.027760
 23.430750
 25.000000
 22.360680
 29.154760
 27.459060
 26.419690
 23.853720
 27.730850
 26.925820
 25.079870
 22.360680
 26.248810
 21.540660
 23.769730
 25.495100
 20.615530
 55.461700
 50.089920
 45.650850
 53.851650
 44.721360
 53.141320
 43.863430
 52.201530
 39.051250
 36.055510
 33.541020
 37.536650
 31.764760
 33.600590
 30.886890
 35.355340
 32.015620
 79.056940
 77.620870
 41.400480
 76.216800
 38.587560
 26.925820
 72.801100
 72.449980
 70.880180
 71.512240
 71.589100
 68.007350
 55.000000
 52.000000
 50.089920
 48.259710
 46.000000
 45.000000
 45.276920
 43.104520
 40.000000
 40.311290
 55.758410
 54.083270
 52.478570
 48.877400
 47.169910
 50.000000
 42.941820
 43.011630
 46.097720
 33.541020
 48.104050
 49.497470
 44.553340
 45.967380
 43.863430
 45.343140
 43.139310
 43.278170
 44.821870
 39.824620
 42.201900
 52.201530
 41.761230
 51.419840
 46.097720
 50.990200
 40.792160
 40.311290
 45.276920
 25.000000
 26.248810
 24.758840
 26.907250
 21.213200
 22.671570
 25.000000
 21.400930
 23.853720
 18.027760
 22.360680
   .000000
  5.000000
  5.385165
 10.198040
  5.000000
 11.180340
  9.433981
 11.180340
 14.142140
 25.495100
 25.179360
 23.194830
 23.000000
 22.561030
 20.615530
 20.223750
 20.000000
 18.681540
 18.000000
 16.278820
 15.811390
 15.000000
 45.343140
 40.607880
 37.735920
 42.426410
 36.055510
 41.036570
 34.409300
 39.051250
 40.311290
 40.000000
 40.311290
 38.327540
 38.327540
 37.000000
 37.336310
 35.355340
 35.000000
 85.146930
 85.000000
 43.289720
 82.152300
 43.000000
 46.097720
 80.000000
 78.160100
 78.000000
 77.162170
 75.663730
 75.000000
 68.007350
 65.145990
 64.257290
 63.158530
 59.464280
 58.523500
 60.415230
 57.775430
 53.851650
 55.901700
 75.822160
 74.330350
 72.346390
 68.767720
 67.268120
 70.710680
 62.482000
 63.639610
 67.268120
 31.622780
 44.821870
 46.097720
 41.231060
 42.520580
 40.607880
 41.725290
 39.698870
 39.597980
 41.036570
 36.069380
 38.288380
 47.434170
 37.000000
 46.572530
 41.231060
 46.097720
 35.902650
 35.355340
 40.311290
 22.360680
 23.323810
 21.633310
 23.430750
 18.027760
 19.209370
 21.213200
 17.691810
 19.849430
 14.142140
 18.027760
  5.000000
   .000000
  2.000000
  5.385165
  7.071068
  7.071068
  8.000000
 10.000000
 11.180340
 26.925820
 26.248810
 24.351590
 23.537200
 24.166090
 22.360680
 21.540660
 20.615530
 20.591260
 18.681540
 17.888540
 18.027760
 15.811390
 48.795490
 43.863430
 40.607880
 46.097720
 39.051250
 44.821870
 37.536650
 43.011630
 41.231060
 40.311290
 40.000000
 39.293770
 38.000000
 37.336310
 37.000000
 36.400550
 35.355340
 85.586210
 85.146930
 44.147480
 82.607510
 43.289720
 43.011630
 80.156100
 78.638410
 78.160100
 77.646640
 76.485290
 75.166480
 66.708320
 63.788720
 62.641840
 61.351450
 57.974130
 57.008770
 58.523500
 55.973210
 52.201530
 53.851650
 72.622310
 71.063350
 69.202600
 65.604880
 64.031240
 67.268120
 59.405390
 60.207970
 63.639610
 33.526110
 46.400430
 47.634020
 42.801870
 44.045430
 42.201900
 43.185650
 41.231060
 41.036570
 42.426410
 37.483330
 39.623230
 48.104050
 37.696160
 47.127490
 41.761230
 46.572530
 36.400550
 35.693140
 40.607880
 24.166090
 25.059930
 23.323810
 25.000000
 19.723080
 20.808650
 22.671570
 19.209370
 21.213200
 15.620500
 19.209370
  5.385165
  2.000000
   .000000
  5.000000
  5.830952
  5.830952
  6.000000
  8.000000
  9.433981
 28.792360
 28.160260
 26.248810
 25.495100
 26.000000
 24.166090
 23.409400
 22.561030
 22.360680
 20.615530
 19.697720
 19.723080
 17.720050
 50.209560
 45.343140
 42.201900
 47.423620
 40.607880
 46.097720
 39.051250
 44.204070
 43.174060
 42.296570
 42.000000
 41.231060
 40.000000
 39.319210
 39.000000
 38.327540
 37.336310
 87.572830
 87.143560
 46.097720
 84.593150
 45.276920
 44.654230
 82.152300
 80.622570
 80.156100
 79.630390
 78.447430
 77.162170
 68.658580
 65.734310
 64.560050
 63.245550
 59.908260
 58.940650
 60.406950
 57.870540
 54.120240
 55.713550
 74.202420
 72.622310
 70.802540
 67.201190
 65.604880
 68.767720
 61.032780
 61.717100
 65.069190
 32.388270
 43.566040
 44.654230
 39.962480
 41.048750
 39.446170
 40.000000
 38.275320
 37.802120
 39.051250
 34.205260
 36.124780
 43.462630
 33.105890
 42.379240
 37.000000
 41.761230
 31.622780
 30.805840
 35.693140
 22.561030
 23.086790
 21.189620
 22.360680
 17.720050
 18.384780
 19.723080
 16.552950
 18.027760
 13.000000
 15.620500
 10.198040
  5.385165
  5.000000
   .000000
 10.440310
  3.000000
  7.810250
  9.433981
  8.000000
 30.886890
 29.966650
 28.178010
 26.925820
 28.301940
 26.627050
 25.553870
 24.166090
 25.000000
 22.360680
 22.203600
 22.671570
 19.723080
 53.814500
 48.795490
 45.343140
 51.224990
 43.863430
 50.000000
 42.426410
 48.259710
 44.598210
 43.174060
 42.296570
 42.720020
 40.311290
 40.261640
 39.319210
 39.924930
 38.327540
 88.283630
 87.572830
 47.434170
 85.328770
 46.097720
 42.059480
 82.607510
 81.394100
 80.622570
 80.411450
 79.555020
 77.646640
 67.742160
 64.776540
 63.348240
 61.846580
 58.855750
 57.870540
 58.940650
 56.515480
 52.952810
 54.120240
 71.281140
 69.634760
 67.955870
 64.350600
 62.681740
 65.604880
 58.309520
 58.600340
 61.717100
 38.078870
 51.855570
 53.150730
 48.270070
 49.578220
 47.634020
 48.795490
 46.754680
 46.669050
 48.104050
 43.139310
 45.343140
 53.851650
 43.462630
 52.810990
 47.434170
 52.201530
 42.059480
 41.231060
 46.097720
 29.154760
 30.232430
 28.600700
 30.479500
 25.000000
 26.248810
 28.284270
 24.758840
 26.907250
 21.213200
 25.000000
  5.000000
  7.071068
  5.830952
 10.440310
   .000000
 10.000000
  5.830952
  7.071068
 11.180340
 30.413810
 30.149630
 28.160260
 28.000000
 27.459060
 25.495100
 25.179360
 25.000000
 23.537200
 23.000000
 21.213200
 20.615530
 20.000000
 49.203660
 44.654230
 42.059480
 46.097720
 40.311290
 44.598210
 38.587560
 42.426410
 45.276920
 45.000000
 45.276920
 43.289720
 43.289720
 42.000000
 42.296570
 40.311290
 40.000000
 90.138780
 90.000000
 48.259710
 87.143560
 48.000000
 50.000000
 85.000000
 83.150470
 83.000000
 82.152300
 80.622570
 80.000000
 72.801100
 69.921390
 68.949260
 67.779050
 64.195010
 63.245550
 65.000000
 62.393910
 58.523500
 60.415230
 79.649230
 78.102490
 76.216800
 72.622310
 71.063350
 74.330350
 66.400300
 67.268120
 70.710680
 35.355340
 46.141090
 47.169910
 42.544090
 43.566040
 42.059480
 42.438190
 40.816660
 40.224370
 41.400480
 36.619670
 38.418750
 44.721360
 34.481880
 43.462630
 38.078870
 42.720020
 32.695560
 31.622780
 36.400550
 25.495100
 25.961510
 24.041630
 25.079870
 20.615530
 21.189620
 22.360680
 19.313210
 20.591260
 15.811390
 18.027760
 11.180340
  7.071068
  5.830952
  3.000000
 10.000000
   .000000
  5.830952
  7.071068
  5.000000
 33.541020
 32.695560
 30.870700
 29.732140
 30.886890
 29.154760
 28.178010
 26.925820
 27.459060
 25.079870
 24.698180
 25.000000
 22.360680
 55.865910
 50.931330
 47.634020
 53.150730
 46.097720
 51.855570
 44.598210
 50.000000
 47.434170
 46.097720
 45.276920
 45.541190
 43.289720
 43.174060
 42.296570
 42.720020
 41.231060
 91.241440
 90.553850
 50.289170
 88.283630
 49.030600
 44.721360
 85.586210
 84.344530
 83.600240
 83.360660
 82.462110
 80.622570
 70.710680
 67.742160
 66.287250
 64.761100
 61.814240
 60.827630
 61.846580
 59.439040
 55.901700
 57.008770
 73.783470
 72.111020
 70.491130
 66.887960
 65.192020
 68.007350
 60.901560
 61.032780
 64.031240
 39.293770
 51.312770
 52.430910
 47.707440
 48.826220
 47.169910
 47.801670
 46.043460
 45.607020
 46.861500
 42.011900
 43.931770
 50.537110
 40.311290
 49.244290
 43.863430
 48.466480
 38.483760
 37.336310
 42.059480
 29.732140
 30.463090
 28.635640
 30.016660
 25.079870
 25.942240
 27.459060
 24.186770
 25.806980
 20.591260
 23.430750
  9.433981
  8.000000
  6.000000
  7.810250
  5.830952
  5.830952
   .000000
  2.000000
  5.385165
 34.481880
 33.955850
 32.015620
 31.400640
 31.622780
 29.732140
 29.120440
 28.442920
 27.856780
 26.476400
 25.298220
 25.079870
 23.537200
 54.671750
 50.000000
 47.169910
 51.662360
 45.486260
 50.209560
 43.829210
 48.104050
 49.030600
 48.259710
 48.000000
 47.074410
 46.000000
 45.276920
 45.000000
 44.147480
 43.289720
 93.536090
 93.134310
 51.971150
 90.553850
 51.244510
 49.739320
 88.141930
 86.579440
 86.145230
 85.586210
 84.344530
 83.150470
 74.525160
 71.589100
 70.342020
 68.963760
 65.734310
 64.761100
 66.098410
 63.600320
 59.908260
 61.351450
 79.056940
 77.420930
 75.716580
 72.111020
 70.455660
 73.409810
 66.037860
 66.400300
 69.526970
 41.231060
 53.000000
 54.083270
 49.396350
 50.477720
 48.877400
 49.406480
 47.707440
 47.201690
 48.414880
 43.600460
 45.453270
 51.478150
 41.340050
 50.089920
 44.721360
 49.244290
 39.357340
 38.078870
 42.720020
 31.622780
 32.310990
 30.463090
 31.764760
 26.925820
 27.730850
 29.154760
 25.942240
 27.459060
 22.360680
 25.000000
 11.180340
 10.000000
  8.000000
  9.433981
  7.071068
  7.071068
  2.000000
   .000000
  5.000000
 36.400550
 35.902650
 33.955850
 33.376640
 33.526110
 31.622780
 31.048350
 30.413810
 29.732140
 28.442920
 27.202940
 26.925820
 25.495100
 56.222770
 51.613950
 48.877400
 53.150730
 47.169910
 51.662360
 45.486260
 49.497470
 50.990200
 50.249380
 50.000000
 49.030600
 48.000000
 47.265210
 47.000000
 46.097720
 45.276920
 95.524860
 95.131480
 53.935150
 92.541890
 53.235320
 51.478150
 90.138780
 88.566360
 88.141930
 87.572830
 86.313390
 85.146930
 76.485290
 73.545910
 72.277240
 70.880180
 67.683080
 66.708320
 68.007350
 65.520990
 61.846580
 63.245550
 80.709360
 79.056940
 77.388630
 73.783470
 72.111020
 75.000000
 67.742160
 68.007350
 71.063350
 40.311290
 50.537110
 51.478150
 46.957430
 47.885280
 46.518810
 46.647610
 45.177430
 44.418460
 45.486260
 40.816660
 42.438190
 47.169910
 37.202150
 45.650850
 40.311290
 44.721360
 34.985710
 33.541020
 38.078870
 30.413810
 30.805840
 28.861740
 29.732140
 25.495100
 25.961510
 26.925820
 24.041630
 25.079870
 20.615530
 22.360680
 14.142140
 11.180340
  9.433981
  8.000000
 11.180340
  5.000000
  5.385165
  5.000000
   .000000
 38.078870
 37.336310
 35.468300
 34.481880
 35.341190
 33.541020
 32.695560
 31.622780
 31.764760
 29.732140
 29.068880
 29.154760
 26.925820
 59.464280
 54.671750
 51.613950
 56.568540
 50.000000
 55.172460
 48.414880
 53.150730
 52.201530
 50.990200
 50.249380
 50.289170
 48.259710
 48.052060
 47.265210
 47.434170
 46.097720
 96.176920
 95.524860
 55.081760
 93.214810
 53.935150
 49.244290
 90.553850
 89.269260
 88.566360
 88.283630
 87.321240
 85.586210
 75.663730
 72.691120
 71.196910
 69.634760
 66.753280
 65.764730
 66.708320
 64.327290
 60.827630
 61.846580
 78.032040
 76.321690
 74.793050
 71.196910
 69.462220
 72.111020
 65.299310
 65.192020
 68.007350
 20.615530
 39.293770
 41.231060
 36.674240
 38.639360
 35.693140
 39.319210
 36.345560
 38.118240
 40.112340
 36.000000
 39.000000
 55.901700
 46.840150
 56.515480
 52.201530
 57.008770
 48.104050
 49.244290
 53.851650
 20.615530
 22.561030
 23.086790
 25.961510
 22.360680
 24.166090
 26.925820
 25.059930
 27.730850
 25.000000
 29.154760
 25.495100
 26.925820
 28.792360
 30.886890
 30.413810
 33.541020
 34.481880
 36.400550
 38.078870
   .000000
  2.000000
  2.828427
  5.385165
  3.000000
  5.000000
  5.385165
  7.071068
  7.000000
  8.602325
  9.219544
 10.000000
 11.180340
 26.570660
 21.189620
 16.552950
 25.495100
 15.811390
 25.179360
 15.297060
 25.000000
 15.000000
 15.811390
 18.027760
 13.000000
 16.401220
 13.000000
 15.620500
 10.000000
 11.180340
 60.000000
 60.207970
 18.000000
 57.000000
 18.681540
 36.400550
 55.226810
 53.000000
 53.235320
 52.000000
 50.249380
 50.249380
 47.169910
 44.654230
 44.821870
 44.598210
 39.824620
 39.051250
 42.426410
 39.597980
 35.355340
 39.051250
 63.631750
 62.649820
 60.033330
 56.824290
 55.901700
 60.415230
 50.537110
 53.851650
 58.523500
 18.681540
 37.363080
 39.293770
 34.713110
 36.674240
 33.734260
 37.336310
 34.365680
 36.124780
 38.118240
 34.000000
 37.000000
 53.935150
 44.922150
 54.571060
 50.289170
 55.081760
 46.238510
 47.423620
 52.000000
 18.681540
 20.615530
 21.189620
 24.041630
 20.591260
 22.360680
 25.079870
 23.323810
 25.942240
 23.430750
 27.459060
 25.179360
 26.248810
 28.160260
 29.966650
 30.149630
 32.695560
 33.955850
 35.902650
 37.336310
  2.000000
   .000000
  2.000000
  3.605551
  3.605551
  5.385165
  5.000000
  5.830952
  7.280110
  7.615773
  9.000000
 10.198040
 10.440310
 28.460500
 23.086790
 18.384780
 27.459060
 17.720050
 27.166150
 17.262680
 27.000000
 15.132750
 15.297060
 17.000000
 13.152950
 15.264340
 12.369320
 14.422200
 10.198040
 10.440310
 60.033330
 60.074950
 18.110770
 57.035080
 18.248290
 34.481880
 55.081760
 53.037720
 53.084840
 52.038450
 50.487620
 50.089920
 46.141090
 43.566040
 43.600460
 43.278170
 38.600520
 37.802120
 41.036570
 38.209950
 33.970580
 37.536650
 61.911230
 60.901560
 58.309520
 55.072680
 54.120240
 58.600340
 48.764740
 52.000000
 56.648040
 19.313210
 37.947330
 39.849720
 35.171010
 37.107950
 34.205260
 37.656340
 34.713110
 36.345560
 38.327540
 34.058770
 37.054020
 53.600370
 44.384680
 54.129470
 49.729270
 54.571060
 45.541190
 46.615450
 51.264020
 18.248290
 20.223750
 20.615530
 23.537200
 19.697720
 21.540660
 24.351590
 22.360680
 25.079870
 22.203600
 26.419690
 23.194830
 24.351590
 26.248810
 28.178010
 28.160260
 30.870700
 32.015620
 33.955850
 35.468300
  2.828427
  2.000000
   .000000
  3.000000
  2.236068
  3.605551
  3.000000
  4.242640
  5.385165
  5.830952
  7.000000
  8.246211
  8.544003
 29.154760
 23.769730
 19.235380
 27.892650
 18.384780
 27.459060
 17.720050
 27.073970
 17.117240
 17.262680
 18.788290
 15.132750
 17.000000
 14.317820
 16.124520
 12.165530
 12.369320
 62.032250
 62.072540
 20.099750
 59.033890
 20.223750
 35.114100
 57.078890
 55.036350
 55.081760
 54.037030
 52.469040
 52.086470
 47.885280
 45.276920
 45.221680
 44.821870
 40.224370
 39.408120
 42.520580
 39.698870
 35.468300
 38.897300
 62.968250
 61.911230
 59.363290
 56.080300
 55.072680
 59.481090
 49.739320
 52.801510
 57.384670
 16.552950
 35.114100
 37.000000
 32.280030
 34.205260
 31.320920
 34.713110
 31.780500
 33.376640
 35.355340
 31.064450
 34.058770
 50.635960
 41.484940
 51.195700
 46.840150
 51.662360
 42.720020
 43.863430
 48.466480
 15.297060
 17.262680
 17.720050
 20.615530
 17.000000
 18.788290
 21.540660
 19.723080
 22.360680
 19.849430
 23.853720
 23.000000
 23.537200
 25.495100
 26.925820
 28.000000
 29.732140
 31.400640
 33.376640
 34.481880
  5.385165
  3.605551
  3.000000
   .000000
  5.099020
  5.830952
  4.242640
  3.000000
  7.071068
  5.000000
  7.615773
  9.433981
  8.000000
 31.953090
 26.570660
 21.931710
 30.805840
 21.189620
 30.413810
 20.615530
 30.066590
 17.720050
 17.000000
 17.720050
 15.811390
 15.811390
 14.000000
 14.866070
 13.000000
 12.000000
 62.201290
 62.000000
 20.615530
 59.211490
 20.000000
 32.310990
 57.000000
 55.226810
 55.000000
 54.230990
 52.952810
 52.000000
 46.518810
 43.829210
 43.566040
 43.011630
 38.587560
 37.735920
 40.607880
 37.802120
 33.600590
 36.796740
 60.464870
 59.363290
 56.859470
 53.535030
 52.478570
 56.824290
 47.169910
 50.089920
 54.626000
 21.540660
 40.162170
 42.059480
 37.363080
 39.293770
 36.400550
 39.812060
 36.878180
 38.470770
 40.447500
 36.124780
 39.115220
 55.443660
 46.097720
 55.901700
 51.419840
 56.293870
 47.127490
 48.104050
 52.810990
 20.099750
 22.090720
 22.360680
 25.317980
 21.189620
 23.086790
 25.961510
 23.769730
 26.570660
 23.323810
 27.730850
 22.561030
 24.166090
 26.000000
 28.301940
 27.459060
 30.886890
 31.622780
 33.526110
 35.341190
  3.000000
  3.605551
  2.236068
  5.099020
   .000000
  2.000000
  2.828427
  5.385165
  4.000000
  6.403124
  6.324555
  7.000000
  8.602325
 27.730850
 22.360680
 18.027760
 26.248810
 17.000000
 25.709920
 16.155490
 25.179360
 18.000000
 18.681540
 20.591260
 16.000000
 18.867960
 15.811390
 18.027760
 13.000000
 13.928390
 63.000000
 63.198100
 21.000000
 60.000000
 21.587030
 37.336310
 58.215120
 56.000000
 56.222770
 55.000000
 53.235320
 53.235320
 49.739320
 47.169910
 47.201690
 46.861500
 42.201900
 41.400480
 44.598210
 41.773200
 37.536650
 41.036570
 65.192020
 64.140470
 61.587340
 58.309520
 57.306190
 61.717100
 51.971150
 55.036350
 59.615430
 22.360680
 40.853400
 42.720020
 37.947330
 39.849720
 37.000000
 40.261640
 37.363080
 38.832980
 40.792160
 36.345560
 39.319210
 55.226810
 45.705580
 55.578770
 50.990200
 55.901700
 46.572530
 47.434170
 52.201530
 20.000000
 22.000000
 22.090720
 25.079870
 20.615530
 22.561030
 25.495100
 23.086790
 25.961510
 22.360680
 26.925820
 20.615530
 22.360680
 24.166090
 26.627050
 25.495100
 29.154760
 29.732140
 31.622780
 33.541020
  5.000000
  5.385165
  3.605551
  5.830952
  2.000000
   .000000
  2.000000
  5.000000
  2.000000
  5.385165
  4.472136
  5.000000
  7.071068
 28.653100
 23.323810
 19.209370
 26.925820
 18.027760
 26.248810
 17.000000
 25.495100
 20.000000
 20.615530
 22.360680
 18.000000
 20.591260
 17.720050
 19.723080
 15.000000
 15.811390
 65.000000
 65.192020
 23.000000
 62.000000
 23.537200
 38.078870
 60.207970
 58.000000
 58.215120
 57.000000
 55.226810
 55.226810
 51.478150
 48.877400
 48.826220
 48.414880
 43.829210
 43.011630
 46.097720
 43.278170
 39.051250
 42.426410
 66.287250
 65.192020
 62.681740
 59.363290
 58.309520
 62.649820
 53.000000
 55.901700
 60.415230
 20.591260
 39.000000
 40.853400
 36.055510
 37.947330
 35.114100
 38.327540
 35.440090
 36.878180
 38.832980
 34.365680
 37.336310
 53.235320
 43.737850
 53.600370
 49.030600
 53.935150
 44.643030
 45.541190
 50.289170
 18.000000
 20.000000
 20.099750
 23.086790
 18.681540
 20.615530
 23.537200
 21.189620
 24.041630
 20.591260
 25.079870
 20.223750
 21.540660
 23.409400
 25.553870
 25.179360
 28.178010
 29.120440
 31.048350
 32.695560
  5.385165
  5.000000
  3.000000
  4.242640
  2.828427
  2.000000
   .000000
  3.000000
  2.828427
  3.605551
  4.000000
  5.385165
  5.830952
 30.413810
 25.059930
 20.808650
 28.792360
 19.723080
 28.160260
 18.788290
 27.459060
 20.099750
 20.223750
 21.540660
 18.110770
 19.697720
 17.262680
 18.788290
 15.132750
 15.297060
 65.030760
 65.069190
 23.086790
 62.032250
 23.194830
 36.249140
 60.074950
 58.034470
 58.077530
 57.035080
 55.443660
 55.081760
 50.537110
 47.885280
 47.707440
 47.201690
 42.720020
 41.880780
 44.821870
 42.011900
 37.802120
 41.036570
 64.637450
 63.513780
 61.032780
 57.688820
 56.603890
 60.901560
 51.312770
 54.120240
 58.600340
 18.027760
 36.249140
 38.078870
 33.241540
 35.114100
 32.310990
 35.440090
 32.572990
 33.955850
 35.902650
 31.400640
 34.365680
 50.249380
 40.792160
 50.635960
 46.097720
 50.990200
 41.761230
 42.720020
 47.434170
 15.000000
 17.000000
 17.117240
 20.099750
 15.811390
 17.720050
 20.615530
 18.384780
 21.189620
 18.027760
 22.360680
 20.000000
 20.615530
 22.561030
 24.166090
 25.000000
 26.925820
 28.442920
 30.413810
 31.622780
  7.071068
  5.830952
  4.242640
  3.000000
  5.385165
  5.000000
  3.000000
   .000000
  5.385165
  2.000000
  5.000000
  7.071068
  5.000000
 33.105890
 27.730850
 23.323810
 31.622780
 22.360680
 31.048350
 21.540660
 30.413810
 20.615530
 20.000000
 20.615530
 18.681540
 18.681540
 17.000000
 17.720050
 15.811390
 15.000000
 65.192020
 65.000000
 23.537200
 62.201290
 23.000000
 33.541020
 60.000000
 58.215120
 58.000000
 57.218880
 55.901700
 55.000000
 49.244290
 46.518810
 46.141090
 45.486260
 41.182520
 40.311290
 43.011630
 40.224370
 36.055510
 39.051250
 62.201290
 61.032780
 58.600340
 55.217750
 54.083270
 58.309520
 48.826220
 51.478150
 55.901700
 23.323810
 41.629320
 43.462630
 38.626420
 40.496910
 37.696160
 40.804410
 37.947330
 39.293770
 41.231060
 36.674240
 39.623230
 55.081760
 45.398240
 55.326310
 50.635960
 55.578770
 46.097720
 46.840150
 51.662360
 20.099750
 22.090720
 22.000000
 25.000000
 20.223750
 22.203600
 25.179360
 22.561030
 25.495100
 21.540660
 26.248810
 18.681540
 20.591260
 22.360680
 25.000000
 23.537200
 27.459060
 27.856780
 29.732140
 31.764760
  7.000000
  7.280110
  5.385165
  7.071068
  4.000000
  2.000000
  2.828427
  5.385165
   .000000
  5.000000
  2.828427
  3.000000
  5.830952
 29.681640
 24.413110
 20.518280
 27.730850
 19.209370
 26.925820
 18.027760
 25.961510
 22.000000
 22.561030
 24.166090
 20.000000
 22.360680
 19.646880
 21.470910
 17.000000
 17.720050
 67.000000
 67.186310
 25.000000
 64.000000
 25.495100
 38.910150
 62.201290
 60.000000
 60.207970
 59.000000
 57.218880
 57.218880
 53.235320
 50.606320
 50.477720
 50.000000
 45.486260
 44.654230
 47.634020
 44.821870
 40.607880
 43.863430
 67.424030
 66.287250
 63.820060
 60.464870
 59.363290
 63.631750
 54.083270
 56.824290
 61.269890
 19.209370
 37.121420
 38.910150
 34.014700
 35.846900
 33.105890
 36.055510
 33.241540
 34.481880
 36.400550
 31.780500
 34.713110
 50.089920
 40.447500
 50.358720
 45.705580
 50.635960
 41.231060
 42.059480
 46.840150
 15.132750
 17.117240
 17.000000
 20.000000
 15.297060
 17.262680
 20.223750
 17.720050
 20.615530
 17.000000
 21.540660
 18.000000
 18.681540
 20.615530
 22.360680
 23.000000
 25.079870
 26.476400
 28.442920
 29.732140
  8.602325
  7.615773
  5.830952
  5.000000
  6.403124
  5.385165
  3.605551
  2.000000
  5.000000
   .000000
  3.605551
  5.830952
  3.000000
 34.000000
 28.653100
 24.413110
 32.310990
 23.323810
 31.622780
 22.360680
 30.805840
 22.561030
 22.000000
 22.561030
 20.615530
 20.615530
 19.000000
 19.646880
 17.720050
 17.000000
 67.186310
 67.000000
 25.495100
 64.195010
 25.000000
 34.481880
 62.000000
 60.207970
 60.000000
 59.211490
 57.870540
 57.000000
 51.078370
 48.332180
 47.885280
 47.169910
 42.941820
 42.059480
 44.654230
 41.880780
 37.735920
 40.607880
 63.411350
 62.201290
 59.816390
 56.400360
 55.217750
 59.363290
 50.000000
 52.478570
 56.824290
 22.803510
 40.706260
 42.485290
 37.576590
 39.395430
 36.674240
 39.560080
 36.769550
 37.947330
 39.849720
 35.171010
 38.078870
 53.009430
 43.185650
 53.150730
 48.373550
 53.338540
 43.737850
 44.384680
 49.244290
 18.439090
 20.396080
 20.099750
 23.086790
 18.027760
 20.024980
 23.021730
 20.223750
 23.194830
 18.973670
 23.769730
 16.278820
 17.888540
 19.697720
 22.203600
 21.213200
 24.698180
 25.298220
 27.202940
 29.068880
  9.219544
  9.000000
  7.000000
  7.615773
  6.324555
  4.472136
  4.000000
  5.000000
  2.828427
  3.605551
   .000000
  2.236068
  3.162278
 32.449960
 27.202940
 23.345240
 30.413810
 22.022710
 29.546570
 20.808650
 28.460500
 24.083190
 24.186770
 25.298220
 22.090720
 23.409400
 21.213200
 22.472200
 19.104970
 19.235380
 69.028980
 69.065190
 27.073970
 66.030300
 27.166150
 38.078870
 64.070270
 62.032250
 62.072540
 61.032780
 59.413800
 59.076220
 54.129470
 51.429560
 51.107730
 50.477720
 46.141090
 45.276920
 48.010410
 45.221680
 41.048750
 44.045430
 67.007460
 65.802730
 63.411350
 60.000000
 58.821770
 62.968250
 53.600370
 56.080300
 60.415230
 25.000000
 42.941820
 44.721360
 39.812060
 41.629320
 38.910150
 41.785160
 39.000000
 40.162170
 42.059480
 37.363080
 40.261640
 55.000000
 45.099890
 55.081760
 50.249380
 55.226810
 45.541190
 46.097720
 50.990200
 20.615530
 22.561030
 22.203600
 25.179360
 20.000000
 22.000000
 25.000000
 22.090720
 25.079870
 20.615530
 25.495100
 15.811390
 18.027760
 19.723080
 22.671570
 20.615530
 25.000000
 25.079870
 26.925820
 29.154760
 10.000000
 10.198040
  8.246211
  9.433981
  7.000000
  5.000000
  5.385165
  7.071068
  3.000000
  5.830952
  2.236068
   .000000
  5.000000
 31.400640
 26.248810
 22.671570
 29.154760
 21.213200
 28.178010
 19.849430
 26.925820
 25.000000
 25.495100
 26.925820
 23.000000
 25.079870
 22.561030
 24.166090
 20.000000
 20.615530
 70.000000
 70.178340
 28.000000
 67.000000
 28.442920
 40.311290
 65.192020
 63.000000
 63.198100
 62.000000
 60.207970
 60.207970
 55.901700
 53.235320
 53.000000
 52.430910
 48.020830
 47.169910
 50.000000
 47.201690
 43.011630
 46.097720
 69.202600
 68.007350
 65.604880
 62.201290
 61.032780
 65.192020
 55.803230
 58.309520
 62.649820
 21.213200
 38.587560
 40.311290
 35.355340
 37.121420
 34.481880
 37.161810
 34.438350
 35.468300
 37.336310
 32.572990
 35.440090
 50.000000
 40.112340
 50.089920
 45.276920
 50.249380
 40.607880
 41.231060
 46.097720
 15.811390
 17.720050
 17.262680
 20.223750
 15.000000
 17.000000
 20.000000
 17.117240
 20.099750
 15.811390
 20.615530
 15.000000
 15.811390
 17.720050
 19.723080
 20.000000
 22.360680
 23.537200
 25.495100
 26.925820
 11.180340
 10.440310
  8.544003
  8.000000
  8.602325
  7.071068
  5.830952
  5.000000
  5.830952
  3.000000
  3.162278
  5.000000
   .000000
 35.510560
 30.232430
 26.248810
 33.541020
 25.000000
 32.695560
 23.853720
 31.622780
 25.495100
 25.000000
 25.495100
 23.537200
 23.537200
 22.000000
 22.561030
 20.615530
 20.000000
 70.178340
 70.000000
 28.442920
 67.186310
 28.000000
 36.055510
 65.000000
 63.198100
 63.000000
 62.201290
 60.827630
 60.000000
 53.851650
 51.078370
 50.537110
 49.739320
 45.617980
 44.721360
 47.169910
 44.418460
 40.311290
 43.011630
 65.299310
 64.031240
 61.717100
 58.258050
 57.008770
 61.032780
 51.855570
 54.083270
 58.309520
 45.177430
 63.007930
 65.007690
 61.032780
 63.031740
 60.033330
 64.124880
 61.131010
 63.285070
 65.276340
 61.660360
 64.629710
 82.225300
 73.375750
 82.969870
 78.746430
 83.522450
 74.672620
 75.769390
 80.411450
 47.127490
 49.040800
 49.648770
 52.497620
 48.846700
 50.695170
 53.488320
 51.478150
 54.230990
 51.000000
 55.461700
 45.343140
 48.795490
 50.209560
 53.814500
 49.203660
 55.865910
 54.671750
 56.222770
 59.464280
 26.570660
 28.460500
 29.154760
 31.953090
 27.730850
 28.653100
 30.413810
 33.105890
 29.681640
 34.000000
 32.449960
 31.400640
 35.510560
   .000000
  5.385165
 10.198040
  4.000000
 10.770330
  6.000000
 11.661900
  9.000000
 25.709920
 30.594120
 35.510560
 25.317980
 35.227830
 30.149630
 35.128340
 25.019990
 30.016660
 56.797890
 59.169250
 26.570660
 54.120240
 31.320920
 60.008330
 54.918120
 50.606320
 53.254110
 49.739320
 45.617980
 50.803540
 58.830270
 57.306190
 59.033890
 60.008330
 54.626000
 54.230990
 58.872750
 56.302750
 52.497620
 57.280010
 83.240620
 82.710330
 79.812280
 77.129760
 76.687680
 81.584310
 71.386280
 75.802380
 80.752710
 40.049970
 58.077530
 60.074950
 56.000000
 58.000000
 55.000000
 59.033890
 56.035700
 58.137770
 60.133190
 56.435800
 59.413800
 76.902530
 68.007350
 77.620870
 73.375750
 78.160100
 69.289250
 70.384660
 75.026660
 41.761230
 43.680660
 44.271890
 47.127490
 43.462630
 45.310040
 48.104050
 46.097720
 48.846700
 45.650850
 50.089920
 40.607880
 43.863430
 45.343140
 48.795490
 44.654230
 50.931330
 50.000000
 51.613950
 54.671750
 21.189620
 23.086790
 23.769730
 26.570660
 22.360680
 23.323810
 25.059930
 27.730850
 24.413110
 28.653100
 27.202940
 26.248810
 30.232430
  5.385165
   .000000
  5.000000
  5.385165
  5.385165
  6.403124
  6.403124
  8.602325
 21.540660
 26.248810
 31.048350
 20.880610
 30.594120
 25.495100
 30.413810
 20.223750
 25.179360
 56.648040
 58.600340
 22.825420
 53.851650
 27.313000
 55.081760
 54.120240
 50.159740
 52.354560
 49.244290
 45.541190
 49.739320
 55.803230
 54.083270
 55.569770
 56.356010
 51.000000
 50.537110
 55.036350
 52.392750
 48.466480
 53.141320
 79.056940
 78.447430
 75.584390
 72.801100
 72.277240
 77.129760
 66.940270
 71.196910
 76.118330
 35.057090
 53.084840
 55.081760
 51.000000
 53.000000
 50.000000
 54.037030
 51.039200
 53.150730
 55.145260
 51.478150
 54.451810
 72.034710
 63.245550
 72.801100
 68.622150
 73.375750
 64.621980
 65.795140
 70.384660
 37.000000
 38.897300
 39.560080
 42.379240
 38.910150
 40.718550
 43.462630
 41.593270
 44.283180
 41.340050
 45.650850
 37.735920
 40.607880
 42.201900
 45.343140
 42.059480
 47.634020
 47.169910
 48.877400
 51.613950
 16.552950
 18.384780
 19.235380
 21.931710
 18.027760
 19.209370
 20.808650
 23.323810
 20.518280
 24.413110
 23.345240
 22.671570
 26.248810
 10.198040
  5.000000
   .000000
 10.198040
  2.000000
 10.770330
  4.000000
 12.206560
 17.000000
 21.540660
 26.248810
 16.155490
 25.709920
 20.615530
 25.495100
 15.297060
 20.223750
 55.081760
 56.648040
 18.601080
 52.201530
 22.825420
 50.089920
 52.000000
 48.383880
 50.159740
 47.434170
 44.147480
 47.423620
 51.855570
 50.000000
 51.312770
 51.971150
 46.647610
 46.141090
 50.537110
 47.853940
 43.863430
 48.466480
 74.330350
 73.681750
 70.837840
 68.007350
 67.446270
 72.277240
 62.096700
 66.287250
 71.196910
 45.000000
 63.198100
 65.192020
 61.032780
 63.031740
 60.033330
 64.000000
 61.000000
 63.031740
 65.030760
 61.204570
 64.195010
 81.394100
 72.277240
 82.000000
 77.620870
 82.462110
 73.375750
 74.330350
 79.056940
 46.097720
 48.052060
 48.507730
 51.419840
 47.434170
 49.335590
 52.201530
 49.980000
 52.810990
 49.244290
 53.851650
 42.426410
 46.097720
 47.423620
 51.224990
 46.097720
 53.150730
 51.662360
 53.150730
 56.568540
 25.495100
 27.459060
 27.892650
 30.805840
 26.248810
 26.925820
 28.792360
 31.622780
 27.730850
 32.310990
 30.413810
 29.154760
 33.541020
  4.000000
  5.385165
 10.198040
   .000000
 10.000000
  2.000000
 10.198040
  5.000000
 26.925820
 31.622780
 36.400550
 26.248810
 35.902650
 30.805840
 35.693140
 25.495100
 30.413810
 60.415230
 62.649820
 28.178010
 57.697490
 32.695560
 60.207970
 58.309520
 54.120240
 56.603890
 53.235320
 49.244290
 54.083270
 61.032780
 59.363290
 60.901560
 61.717100
 56.356010
 55.901700
 60.415230
 57.775430
 53.851650
 58.523500
 84.433400
 83.815270
 80.956780
 78.160100
 77.620870
 82.462110
 72.277240
 76.485290
 81.394100
 35.000000
 53.235320
 55.226810
 51.039200
 53.037720
 50.039990
 54.000000
 51.000000
 53.037720
 55.036350
 51.244510
 54.230990
 71.589100
 62.641840
 72.277240
 68.007350
 72.801100
 63.906180
 65.000000
 69.641940
 36.400550
 38.327540
 38.897300
 41.761230
 38.078870
 39.924930
 42.720020
 40.718550
 43.462630
 40.311290
 44.721360
 36.055510
 39.051250
 40.607880
 43.863430
 40.311290
 46.097720
 45.486260
 47.169910
 50.000000
 15.811390
 17.720050
 18.384780
 21.189620
 17.000000
 18.027760
 19.723080
 22.360680
 19.209370
 23.323810
 22.022710
 21.213200
 25.000000
 10.770330
  5.385165
  2.000000
 10.000000
   .000000
 10.198040
  2.000000
 11.180340
 18.027760
 22.360680
 26.925820
 17.000000
 26.248810
 21.189620
 25.961510
 15.811390
 20.615530
 57.008770
 58.523500
 19.849430
 54.120240
 23.853720
 50.249380
 53.851650
 50.289170
 52.000000
 49.335590
 46.097720
 49.244290
 53.150730
 51.224990
 52.430910
 53.000000
 47.707440
 47.169910
 51.478150
 48.764740
 44.721360
 49.244290
 75.026660
 74.330350
 71.512240
 68.622150
 68.007350
 72.801100
 62.641840
 66.708320
 71.589100
 45.044420
 63.387700
 65.375840
 61.131010
 63.126860
 60.133190
 64.031240
 61.032780
 63.000000
 65.000000
 61.073730
 64.070270
 81.049370
 71.805290
 81.584310
 77.129760
 82.000000
 72.801100
 73.681750
 78.447430
 45.705580
 47.675990
 48.052060
 50.990200
 46.840150
 48.764740
 51.662360
 49.335590
 52.201530
 48.466480
 53.141320
 41.036570
 44.821870
 46.097720
 50.000000
 44.598210
 51.855570
 50.209560
 51.662360
 55.172460
 25.179360
 27.166150
 27.459060
 30.413810
 25.709920
 26.248810
 28.160260
 31.048350
 26.925820
 31.622780
 29.546570
 28.178010
 32.695560
  6.000000
  6.403124
 10.770330
  2.000000
 10.198040
   .000000
 10.000000
  3.000000
 27.730850
 32.310990
 37.000000
 26.925820
 36.400550
 31.320920
 36.138620
 25.961510
 30.805840
 62.241470
 64.412730
 29.154760
 59.506300
 33.541020
 60.406950
 60.033330
 55.901700
 58.309520
 55.009090
 51.078370
 55.758410
 62.201290
 60.464870
 61.911230
 62.649820
 57.306190
 56.824290
 61.269890
 58.600340
 54.626000
 59.236810
 85.094060
 84.433400
 81.596570
 78.746430
 78.160100
 82.969870
 72.801100
 76.902530
 81.786310
 35.057090
 53.460270
 55.443660
 51.156620
 53.150730
 50.159740
 54.037030
 51.039200
 53.000000
 55.000000
 51.088160
 54.083270
 71.196910
 62.096700
 71.805290
 67.446270
 72.277240
 63.245550
 64.257290
 68.949260
 35.902650
 37.854990
 38.327540
 41.231060
 37.336310
 39.217340
 42.059480
 39.924930
 42.720020
 39.357340
 43.863430
 34.409300
 37.536650
 39.051250
 42.426410
 38.587560
 44.598210
 43.829210
 45.486260
 48.414880
 15.297060
 17.262680
 17.720050
 20.615530
 16.155490
 17.000000
 18.788290
 21.540660
 18.027760
 22.360680
 20.808650
 19.849430
 23.853720
 11.661900
  6.403124
  4.000000
 10.198040
  2.000000
 10.000000
   .000000
 10.440310
 19.209370
 23.323810
 27.730850
 18.027760
 26.925820
 21.931710
 26.570660
 16.552950
 21.189620
 58.940650
 60.406950
 21.213200
 56.044620
 25.000000
 50.487620
 55.713550
 52.201530
 53.851650
 51.244510
 48.052060
 51.078370
 54.488530
 52.497620
 53.600370
 54.083270
 48.826220
 48.259710
 52.478570
 49.739320
 45.650850
 50.089920
 75.769390
 75.026660
 72.235730
 69.289250
 68.622150
 73.375750
 63.245550
 67.186310
 72.034710
 45.276920
 63.788720
 65.764730
 61.400330
 63.387700
 60.406950
 64.195010
 61.204570
 63.071390
 65.069190
 61.000000
 64.000000
 80.622570
 71.196910
 81.049370
 76.485290
 81.394100
 72.034710
 72.801100
 77.620870
 45.276920
 47.265210
 47.518420
 50.487620
 46.097720
 48.052060
 50.990200
 48.507730
 51.419840
 47.434170
 52.201530
 39.051250
 43.011630
 44.204070
 48.259710
 42.426410
 50.000000
 48.104050
 49.497470
 53.150730
 25.000000
 27.000000
 27.073970
 30.066590
 25.179360
 25.495100
 27.459060
 30.413810
 25.961510
 30.805840
 28.460500
 26.925820
 31.622780
  9.000000
  8.602325
 12.206560
  5.000000
 11.180340
  3.000000
 10.440310
   .000000
 29.154760
 33.541020
 38.078870
 28.178010
 37.336310
 32.310990
 37.000000
 26.925820
 31.622780
 65.000000
 67.082040
 30.805840
 62.241470
 34.985710
 60.827630
 62.649820
 58.600340
 60.901560
 57.697490
 53.851650
 58.309520
 64.031240
 62.201290
 63.513780
 64.140470
 58.830270
 58.309520
 62.649820
 59.941640
 55.901700
 60.415230
 86.162640
 85.440040
 82.637760
 79.711980
 79.056940
 83.815270
 73.681750
 77.620870
 82.462110
 22.360680
 38.327540
 40.311290
 36.878180
 38.832980
 35.902650
 40.261640
 37.363080
 39.849720
 41.761230
 39.000000
 41.785160
 60.415230
 53.000000
 61.717100
 58.309520
 62.649820
 55.217750
 57.008770
 61.032780
 28.284270
 29.732140
 31.112700
 33.301650
 32.015620
 33.301650
 35.355340
 34.828150
 36.796740
 36.055510
 39.051250
 40.311290
 41.231060
 43.174060
 44.598210
 45.276920
 47.434170
 49.030600
 50.990200
 52.201530
 15.000000
 15.132750
 17.117240
 17.720050
 18.000000
 20.000000
 20.099750
 20.615530
 22.000000
 22.561030
 24.083190
 25.000000
 25.495100
 25.709920
 21.540660
 17.000000
 26.925820
 18.027760
 27.730850
 19.209370
 29.154760
   .000000
  5.000000
 10.000000
  2.000000
 10.198040
  5.830952
 10.440310
  5.000000
  7.071068
 45.000000
 45.276920
  3.000000
 42.000000
  5.830952
 35.355340
 40.311290
 38.000000
 38.327540
 37.000000
 35.355340
 35.355340
 35.355340
 33.301650
 34.409300
 34.985710
 29.681640
 29.154760
 33.541020
 30.870700
 26.925820
 31.622780
 57.567350
 57.008770
 54.120240
 51.419840
 50.990200
 55.901700
 45.705580
 50.249380
 55.226810
 18.027760
 33.376640
 35.355340
 32.015620
 33.955850
 31.048350
 35.440090
 32.572990
 35.114100
 37.000000
 34.438350
 37.161810
 55.901700
 48.826220
 57.306190
 54.083270
 58.309520
 51.224990
 53.150730
 57.008770
 25.000000
 26.248810
 27.802880
 29.732140
 29.154760
 30.232430
 32.015620
 31.906110
 33.600590
 33.541020
 36.055510
 40.000000
 40.311290
 42.296570
 43.174060
 45.000000
 46.097720
 48.259710
 50.249380
 50.990200
 15.811390
 15.297060
 17.262680
 17.000000
 18.681540
 20.615530
 20.223750
 20.000000
 22.561030
 22.000000
 24.186770
 25.495100
 25.000000
 30.594120
 26.248810
 21.540660
 31.622780
 22.360680
 32.310990
 23.323810
 33.541020
  5.000000
   .000000
  5.000000
  5.385165
  5.385165
  3.000000
  5.830952
  7.071068
  5.000000
 45.276920
 45.000000
  5.830952
 42.296570
  3.000000
 30.413810
 40.000000
 38.327540
 38.000000
 37.336310
 36.400550
 35.000000
 32.015620
 29.732140
 30.479500
 30.805840
 25.612500
 25.000000
 29.154760
 26.419690
 22.360680
 26.925820
 52.810990
 52.201530
 49.335590
 46.572530
 46.097720
 50.990200
 40.792160
 45.276920
 50.249380
 14.142140
 28.442920
 30.413810
 27.202940
 29.120440
 26.248810
 30.675720
 27.856780
 30.463090
 32.310990
 30.016660
 32.649650
 51.478150
 44.821870
 53.000000
 50.000000
 54.083270
 47.423620
 49.497470
 53.150730
 22.360680
 23.323810
 25.059930
 26.627050
 26.925820
 27.730850
 29.154760
 29.546570
 30.886890
 31.622780
 33.541020
 40.311290
 40.000000
 42.000000
 42.296570
 45.276920
 45.276920
 48.000000
 50.000000
 50.249380
 18.027760
 17.000000
 18.788290
 17.720050
 20.591260
 22.360680
 21.540660
 20.615530
 24.166090
 22.561030
 25.298220
 26.925820
 25.495100
 35.510560
 31.048350
 26.248810
 36.400550
 26.925820
 37.000000
 27.730850
 38.078870
 10.000000
  5.000000
   .000000
 10.198040
  2.000000
  5.830952
  3.000000
 11.180340
  7.071068
 46.097720
 45.276920
 10.440310
 43.174060
  5.830952
 25.495100
 40.311290
 39.293770
 38.327540
 38.327540
 38.078870
 35.355340
 29.154760
 26.627050
 26.907250
 26.907250
 21.931710
 21.213200
 25.000000
 22.203600
 18.027760
 22.360680
 48.104050
 47.434170
 44.598210
 41.761230
 41.231060
 46.097720
 35.902650
 40.311290
 45.276920
 21.540660
 38.118240
 40.112340
 36.496570
 38.470770
 35.510560
 39.812060
 36.878180
 39.293770
 41.231060
 38.275320
 41.109610
 59.615430
 51.971150
 60.835850
 57.306190
 61.717100
 54.083270
 55.803230
 59.908260
 26.907250
 28.425340
 29.732140
 32.015620
 30.479500
 31.827660
 33.970580
 33.301650
 35.355340
 34.409300
 37.536650
 38.327540
 39.293770
 41.231060
 42.720020
 43.289720
 45.541190
 47.074410
 49.030600
 50.289170
 13.000000
 13.152950
 15.132750
 15.811390
 16.000000
 18.000000
 18.110770
 18.681540
 20.000000
 20.615530
 22.090720
 23.000000
 23.537200
 25.317980
 20.880610
 16.155490
 26.248810
 17.000000
 26.925820
 18.027760
 28.178010
  2.000000
  5.385165
 10.198040
   .000000
 10.000000
  5.099020
 10.049880
  3.000000
  5.830952
 47.000000
 47.265210
  5.000000
 44.000000
  7.071068
 35.128340
 42.296570
 40.000000
 40.311290
 39.000000
 37.336310
 37.336310
 36.796740
 34.655450
 35.608990
 36.055510
 30.805840
 30.232430
 34.481880
 31.764760
 27.730850
 32.310990
 58.189350
 57.567350
 54.708320
 51.923020
 51.419840
 56.293870
 46.097720
 50.487620
 55.443660
 12.806250
 28.160260
 30.149630
 26.683330
 28.635640
 25.709920
 30.083220
 27.202940
 29.732140
 31.622780
 29.068880
 31.780500
 50.537110
 43.600460
 51.971150
 48.826220
 53.000000
 46.097720
 48.104050
 51.855570
 20.591260
 21.633310
 23.323810
 25.000000
 25.079870
 25.942240
 27.459060
 27.730850
 29.154760
 29.732140
 31.764760
 38.327540
 38.000000
 40.000000
 40.311290
 43.289720
 43.289720
 46.000000
 48.000000
 48.259710
 16.401220
 15.264340
 17.000000
 15.811390
 18.867960
 20.591260
 19.697720
 18.681540
 22.360680
 20.615530
 23.409400
 25.079870
 23.537200
 35.227830
 30.594120
 25.709920
 35.902650
 26.248810
 36.400550
 26.925820
 37.336310
 10.198040
  5.385165
  2.000000
 10.000000
   .000000
  5.099020
  1.000000
 10.440310
  5.830952
 48.052060
 47.265210
 11.180340
 45.122060
  7.071068
 25.179360
 42.296570
 41.231060
 40.311290
 40.261640
 39.924930
 37.336310
 30.886890
 28.301940
 28.425340
 28.284270
 23.430750
 22.671570
 26.248810
 23.430750
 19.209370
 23.323810
 48.846700
 48.104050
 45.310040
 42.379240
 41.761230
 46.572530
 36.400550
 40.607880
 45.541190
 16.552950
 33.060550
 35.057090
 31.400640
 33.376640
 30.413810
 34.713110
 31.780500
 34.205260
 36.138620
 33.241540
 36.055510
 54.626000
 47.169910
 55.901700
 52.478570
 56.824290
 49.406480
 51.224990
 55.217750
 22.671570
 24.041630
 25.495100
 27.586230
 26.627050
 27.802880
 29.732140
 29.410880
 31.241000
 30.886890
 33.600590
 37.000000
 37.336310
 39.319210
 40.261640
 42.000000
 43.174060
 45.276920
 47.265210
 48.052060
 13.000000
 12.369320
 14.317820
 14.000000
 15.811390
 17.720050
 17.262680
 17.000000
 19.646880
 19.000000
 21.213200
 22.561030
 22.000000
 30.149630
 25.495100
 20.615530
 30.805840
 21.189620
 31.320920
 21.931710
 32.310990
  5.830952
  3.000000
  5.830952
  5.099020
  5.099020
   .000000
  5.000000
  5.385165
  2.000000
 48.259710
 48.000000
  7.810250
 45.276920
  6.000000
 30.066590
 43.000000
 41.303750
 41.000000
 40.311290
 39.293770
 38.000000
 34.409300
 32.015620
 32.526910
 32.649650
 27.586230
 26.907250
 30.805840
 28.017850
 23.853720
 28.178010
 53.851650
 53.141320
 50.328920
 47.434170
 46.840150
 51.662360
 41.484940
 45.705580
 50.635960
 12.206560
 28.071340
 30.066590
 26.476400
 28.442920
 25.495100
 29.832870
 26.925820
 29.410880
 31.320920
 28.635640
 31.384710
 50.089920
 43.011630
 51.478150
 48.259710
 52.478570
 45.453270
 47.423620
 51.224990
 19.723080
 20.808650
 22.472200
 24.207440
 24.166090
 25.059930
 26.627050
 26.832820
 28.301940
 28.792360
 30.886890
 37.336310
 37.000000
 39.000000
 39.319210
 42.296570
 42.296570
 45.000000
 47.000000
 47.265210
 15.620500
 14.422200
 16.124520
 14.866070
 18.027760
 19.723080
 18.788290
 17.720050
 21.470910
 19.646880
 22.472200
 24.166090
 22.561030
 35.128340
 30.413810
 25.495100
 35.693140
 25.961510
 36.138620
 26.570660
 37.000000
 10.440310
  5.830952
  3.000000
 10.049880
  1.000000
  5.000000
   .000000
 10.198040
  5.385165
 49.030600
 48.259710
 11.661900
 46.097720
  7.810250
 25.079870
 43.289720
 42.201900
 41.303750
 41.231060
 40.853400
 38.327540
 31.764760
 29.154760
 29.206160
 29.000000
 24.207440
 23.430750
 26.907250
 24.083190
 19.849430
 23.853720
 49.244290
 48.466480
 45.694640
 42.720020
 42.059480
 46.840150
 36.687870
 40.792160
 45.705580
 20.615530
 38.000000
 40.000000
 36.124780
 38.118240
 35.128340
 39.319210
 36.345560
 38.639360
 40.607880
 37.363080
 40.261640
 58.523500
 50.537110
 59.615430
 55.901700
 60.415230
 52.478570
 54.083270
 58.309520
 25.000000
 26.627050
 27.802880
 30.232430
 28.284270
 29.732140
 32.015620
 31.112700
 33.301650
 32.015620
 35.355340
 35.355340
 36.400550
 38.327540
 39.924930
 40.311290
 42.720020
 44.147480
 46.097720
 47.434170
 10.000000
 10.198040
 12.165530
 13.000000
 13.000000
 15.000000
 15.132750
 15.811390
 17.000000
 17.720050
 19.104970
 20.000000
 20.615530
 25.019990
 20.223750
 15.297060
 25.495100
 15.811390
 25.961510
 16.552950
 26.925820
  5.000000
  7.071068
 11.180340
  3.000000
 10.440310
  5.385165
 10.198040
   .000000
  5.000000
 50.000000
 50.249380
  8.000000
 47.000000
  9.433981
 35.000000
 45.276920
 43.000000
 43.289720
 42.000000
 40.311290
 40.311290
 39.051250
 36.796740
 37.536650
 37.802120
 32.649650
 32.015620
 36.055510
 33.286630
 29.154760
 33.541020
 59.236810
 58.523500
 55.713550
 52.810990
 52.201530
 57.008770
 46.840150
 50.990200
 55.901700
 15.811390
 33.000000
 35.000000
 31.144820
 33.136080
 30.149630
 34.365680
 31.400640
 33.734260
 35.693140
 32.572990
 35.440090
 53.851650
 46.141090
 55.036350
 51.478150
 55.901700
 48.259710
 50.000000
 54.083270
 21.213200
 22.671570
 24.041630
 26.248810
 25.000000
 26.248810
 28.284270
 27.802880
 29.732140
 29.154760
 32.015620
 35.000000
 35.355340
 37.336310
 38.327540
 40.000000
 41.231060
 43.289720
 45.276920
 46.097720
 11.180340
 10.440310
 12.369320
 12.000000
 13.928390
 15.811390
 15.297060
 15.000000
 17.720050
 17.000000
 19.235380
 20.615530
 20.000000
 30.016660
 25.179360
 20.223750
 30.413810
 20.615530
 30.805840
 21.189620
 31.622780
  7.071068
  5.000000
  7.071068
  5.830952
  5.830952
  2.000000
  5.385165
  5.000000
   .000000
 50.249380
 50.000000
  9.433981
 47.265210
  8.000000
 30.000000
 45.000000
 43.289720
 43.000000
 42.296570
 41.231060
 40.000000
 36.055510
 33.600590
 33.970580
 33.970580
 29.000000
 28.284270
 32.015620
 29.206160
 25.000000
 29.154760
 54.626000
 53.851650
 51.078370
 48.104050
 47.434170
 52.201530
 42.059480
 46.097720
 50.990200
 58.523500
 62.801270
 64.031240
 64.070270
 65.215030
 63.513780
 67.424030
 65.734310
 68.505480
 69.634760
 69.971420
 71.561160
 89.022470
 85.755460
 91.400220
 90.138780
 93.005380
 89.185200
 91.787800
 94.339810
 68.007350
 68.622150
 70.519500
 71.512240
 72.801100
 73.375750
 74.330350
 75.286120
 76.216800
 77.620870
 79.056940
 85.146930
 85.586210
 87.572830
 88.283630
 90.138780
 91.241440
 93.536090
 95.524860
 96.176920
 60.000000
 60.033330
 62.032250
 62.201290
 63.000000
 65.000000
 65.030760
 65.192020
 67.000000
 67.186310
 69.028980
 70.000000
 70.178340
 56.797890
 56.648040
 55.081760
 60.415230
 57.008770
 62.241470
 58.940650
 65.000000
 45.000000
 45.276920
 46.097720
 47.000000
 48.052060
 48.259710
 49.030600
 50.000000
 50.249380
   .000000
  5.000000
 42.000000
  3.000000
 42.296570
 61.032780
  7.071068
  7.000000
  8.602325
  8.000000
 11.180340
 11.180340
 32.015620
 33.970580
 37.536650
 40.360870
 38.288380
 39.051250
 42.426410
 42.520580
 43.011630
 46.097720
 61.717100
 62.649820
 60.033330
 59.908260
 61.032780
 65.192020
 58.258050
 64.031240
 68.007350
 57.008770
 59.908260
 61.032780
 61.400330
 62.433960
 60.901560
 64.660650
 63.134780
 65.863490
 66.887960
 67.535180
 68.963760
 86.023250
 83.240620
 88.481640
 87.464280
 90.138780
 86.769810
 89.442720
 91.787800
 66.708320
 67.186310
 69.123080
 69.921390
 71.589100
 72.034710
 72.801100
 73.979730
 74.726170
 76.485290
 77.620870
 85.000000
 85.146930
 87.143560
 87.572830
 90.000000
 90.553850
 93.134310
 95.131480
 95.524860
 60.207970
 60.074950
 62.072540
 62.000000
 63.198100
 65.192020
 65.069190
 65.000000
 67.186310
 67.000000
 69.065190
 70.178340
 70.000000
 59.169250
 58.600340
 56.648040
 62.649820
 58.523500
 64.412730
 60.406950
 67.082040
 45.276920
 45.000000
 45.276920
 47.265210
 47.265210
 48.000000
 48.259710
 50.249380
 50.000000
  5.000000
   .000000
 42.296570
  5.830952
 42.000000
 58.309520
  5.000000
  8.602325
  7.000000
  9.433981
 14.142140
 10.000000
 28.284270
 30.479500
 33.970580
 36.796740
 35.227830
 36.055510
 39.051250
 39.408120
 40.311290
 43.011630
 57.306190
 58.309520
 55.758410
 55.803230
 57.008770
 61.032780
 54.488530
 60.207970
 64.031240
 23.853720
 38.832980
 40.792160
 37.643060
 39.560080
 36.687870
 41.109610
 38.275320
 40.853400
 42.720020
 40.249220
 42.953460
 61.717100
 54.644310
 63.134780
 59.908260
 64.140470
 57.008770
 58.898220
 62.801270
 30.479500
 31.827660
 33.301650
 35.355340
 34.409300
 35.608990
 37.536650
 37.202150
 39.051250
 38.587560
 41.400480
 43.289720
 44.147480
 46.097720
 47.434170
 48.259710
 50.289170
 51.971150
 53.935150
 55.081760
 18.000000
 18.110770
 20.099750
 20.615530
 21.000000
 23.000000
 23.086790
 23.537200
 25.000000
 25.495100
 27.073970
 28.000000
 28.442920
 26.570660
 22.825420
 18.601080
 28.178010
 19.849430
 29.154760
 21.213200
 30.805840
  3.000000
  5.830952
 10.440310
  5.000000
 11.180340
  7.810250
 11.661900
  8.000000
  9.433981
 42.000000
 42.296570
   .000000
 39.000000
  5.000000
 35.902650
 37.336310
 35.000000
 35.355340
 34.000000
 32.388270
 32.388270
 33.301650
 31.400640
 32.756680
 33.541020
 28.178010
 27.730850
 32.310990
 29.732140
 25.961510
 30.805840
 56.753850
 56.293870
 53.366660
 50.803540
 50.487620
 55.443660
 45.276920
 50.039990
 55.036350
 55.713550
 60.440050
 61.717100
 61.611690
 62.801270
 61.032780
 65.000000
 63.245550
 66.030300
 67.201190
 67.416620
 69.065190
 86.683330
 83.216580
 89.022470
 87.658420
 90.603530
 86.608310
 89.185200
 91.809590
 65.145990
 65.787540
 67.675700
 68.709530
 69.921390
 70.519500
 71.512240
 72.422370
 73.389370
 74.726170
 76.216800
 82.152300
 82.607510
 84.593150
 85.328770
 87.143560
 88.283630
 90.553850
 92.541890
 93.214810
 57.000000
 57.035080
 59.033890
 59.211490
 60.000000
 62.000000
 62.032250
 62.201290
 64.000000
 64.195010
 66.030300
 67.000000
 67.186310
 54.120240
 53.851650
 52.201530
 57.697490
 54.120240
 59.506300
 56.044620
 62.241470
 42.000000
 42.296570
 43.174060
 44.000000
 45.122060
 45.276920
 46.097720
 47.000000
 47.265210
  3.000000
  5.830952
 39.000000
   .000000
 39.319210
 58.600340
  5.385165
  4.000000
  6.403124
  5.000000
  8.602325
  8.602325
 30.232430
 32.015620
 35.608990
 38.418750
 36.069380
 36.796740
 40.360870
 40.311290
 40.607880
 43.863430
 60.415230
 61.269890
 58.591810
 58.309520
 59.363290
 63.631750
 56.400360
 62.201290
 66.287250
 19.849430
 33.955850
 35.902650
 32.893770
 34.785050
 31.953090
 36.400550
 33.615470
 36.249140
 38.078870
 35.846900
 38.470770
 57.306190
 50.606320
 58.830270
 55.803230
 59.908260
 53.150730
 55.172460
 58.898220
 27.459060
 28.600700
 30.232430
 32.015620
 31.764760
 32.756680
 34.409300
 34.481880
 36.055510
 36.249140
 38.587560
 43.000000
 43.289720
 45.276920
 46.097720
 48.000000
 49.030600
 51.244510
 53.235320
 53.935150
 18.681540
 18.248290
 20.223750
 20.000000
 21.587030
 23.537200
 23.194830
 23.000000
 25.495100
 25.000000
 27.166150
 28.442920
 28.000000
 31.320920
 27.313000
 22.825420
 32.695560
 23.853720
 33.541020
 25.000000
 34.985710
  5.830952
  3.000000
  5.830952
  7.071068
  7.071068
  6.000000
  7.810250
  9.433981
  8.000000
 42.296570
 42.000000
  5.000000
 39.319210
   .000000
 31.048350
 37.000000
 35.355340
 35.000000
 34.365680
 33.526110
 32.000000
 29.732140
 27.586230
 28.600700
 29.154760
 23.853720
 23.323810
 27.730850
 25.079870
 21.189620
 25.961510
 51.923020
 51.419840
 48.507730
 45.891170
 45.541190
 50.487620
 40.311290
 45.044420
 50.039990
 15.811390
  3.000000
  5.000000
  3.162278
  4.242640
  3.000000
  6.403124
  5.099020
  7.615773
  8.602325
 10.049880
 10.770330
 28.284270
 25.079870
 30.479500
 29.154760
 32.015620
 28.792360
 31.622780
 33.541020
 21.213200
 19.849430
 21.400930
 19.723080
 25.000000
 23.853720
 22.360680
 25.553870
 24.166090
 29.154760
 26.925820
 46.097720
 43.011630
 44.654230
 42.059480
 50.000000
 44.721360
 49.739320
 51.478150
 49.244290
 36.400550
 34.481880
 35.114100
 32.310990
 37.336310
 38.078870
 36.249140
 33.541020
 38.910150
 34.481880
 38.078870
 40.311290
 36.055510
 60.008330
 55.081760
 50.089920
 60.207970
 50.249380
 60.406950
 50.487620
 60.827630
 35.355340
 30.413810
 25.495100
 35.128340
 25.179360
 30.066590
 25.079870
 35.000000
 30.000000
 61.032780
 58.309520
 35.902650
 58.600340
 31.048350
   .000000
 54.083270
 55.443660
 52.430910
 54.671750
 56.568540
 50.000000
 31.622780
 28.792360
 25.961510
 23.537200
 23.259410
 22.360680
 20.615530
 19.313210
 18.027760
 15.811390
 29.732140
 28.284270
 26.248810
 22.671570
 21.213200
 25.000000
 16.401220
 18.027760
 22.360680
 52.201530
 55.803230
 57.008770
 57.140180
 58.249460
 56.603890
 60.464870
 58.830270
 61.587340
 62.681740
 63.134780
 64.660650
 82.006100
 78.892330
 84.403790
 83.216580
 86.023250
 82.365040
 85.000000
 87.464280
 61.846580
 62.361850
 64.288410
 65.145990
 66.708320
 67.186310
 68.007350
 69.123080
 69.921390
 71.589100
 72.801100
 80.000000
 80.156100
 82.152300
 82.607510
 85.000000
 85.586210
 88.141930
 90.138780
 90.553850
 55.226810
 55.081760
 57.078890
 57.000000
 58.215120
 60.207970
 60.074950
 60.000000
 62.201290
 62.000000
 64.070270
 65.192020
 65.000000
 54.918120
 54.120240
 52.000000
 58.309520
 53.851650
 60.033330
 55.713550
 62.649820
 40.311290
 40.000000
 40.311290
 42.296570
 42.296570
 43.000000
 43.289720
 45.276920
 45.000000
  7.071068
  5.000000
 37.336310
  5.385165
 37.000000
 54.083270
   .000000
  5.385165
  2.000000
  5.830952
 11.180340
  5.000000
 25.000000
 26.907250
 30.479500
 33.301650
 31.241000
 32.015620
 35.355340
 35.468300
 36.055510
 39.051250
 55.036350
 55.901700
 53.235320
 53.000000
 54.083270
 58.309520
 51.224990
 57.008770
 61.032780
 52.000000
 57.384670
 58.728190
 58.412330
 59.665740
 57.801380
 61.846580
 60.000000
 62.801270
 64.031240
 64.070270
 65.802730
 83.630130
 79.881160
 85.912750
 84.403790
 87.458560
 83.216580
 85.755460
 88.481640
 61.351450
 62.032250
 63.906180
 65.000000
 66.098410
 66.730800
 67.779050
 68.622150
 69.641940
 70.880180
 72.449980
 78.160100
 78.638410
 80.622570
 81.394100
 83.150470
 84.344530
 86.579440
 88.566360
 89.269260
 53.000000
 53.037720
 55.036350
 55.226810
 56.000000
 58.000000
 58.034470
 58.215120
 60.000000
 60.207970
 62.032250
 63.000000
 63.198100
 50.606320
 50.159740
 48.383880
 54.120240
 50.289170
 55.901700
 52.201530
 58.600340
 38.000000
 38.327540
 39.293770
 40.000000
 41.231060
 41.303750
 42.201900
 43.000000
 43.289720
  7.000000
  8.602325
 35.000000
  4.000000
 35.355340
 55.443660
  5.385165
   .000000
  5.000000
  1.000000
  5.830952
  5.830952
 28.178010
 29.681640
 33.286630
 36.055510
 33.301650
 33.970580
 37.802120
 37.536650
 37.536650
 41.036570
 58.872750
 59.615430
 56.859470
 56.356010
 57.306190
 61.717100
 54.083270
 59.908260
 64.140470
 50.289170
 54.203320
 55.443660
 55.470710
 56.612720
 54.918120
 58.821770
 57.140180
 59.908260
 61.032780
 61.400330
 62.968250
 80.430090
 77.175130
 82.800960
 81.541400
 84.403790
 80.622570
 83.240620
 85.755460
 59.908260
 60.440050
 62.361850
 63.245550
 64.761100
 65.253350
 66.098410
 67.186310
 68.007350
 69.634760
 70.880180
 78.000000
 78.160100
 80.156100
 80.622570
 83.000000
 83.600240
 86.145230
 88.141930
 88.566360
 53.235320
 53.084840
 55.081760
 55.000000
 56.222770
 58.215120
 58.077530
 58.000000
 60.207970
 60.000000
 62.072540
 63.198100
 63.000000
 53.254110
 52.354560
 50.159740
 56.603890
 52.000000
 58.309520
 53.851650
 60.901560
 38.327540
 38.000000
 38.327540
 40.311290
 40.311290
 41.000000
 41.303750
 43.289720
 43.000000
  8.602325
  7.000000
 35.355340
  6.403124
 35.000000
 52.430910
  2.000000
  5.000000
   .000000
  5.099020
 10.440310
  3.000000
 23.853720
 25.612500
 29.206160
 32.015620
 29.732140
 30.479500
 33.970580
 33.970580
 34.409300
 37.536650
 54.230990
 55.036350
 52.325900
 51.971150
 53.000000
 57.306190
 50.000000
 55.803230
 59.908260
 51.078370
 56.639210
 58.000000
 57.628120
 58.898220
 57.008770
 61.073730
 59.203040
 62.008060
 63.253460
 63.245550
 65.000000
 82.879430
 79.056940
 85.146930
 83.600240
 86.683330
 82.377180
 84.905830
 87.658420
 60.406950
 61.098280
 62.968250
 64.078080
 65.145990
 65.787540
 66.850580
 67.675700
 68.709530
 69.921390
 71.512240
 77.162170
 77.646640
 79.630390
 80.411450
 82.152300
 83.360660
 85.586210
 87.572830
 88.283630
 52.000000
 52.038450
 54.037030
 54.230990
 55.000000
 57.000000
 57.035080
 57.218880
 59.000000
 59.211490
 61.032780
 62.000000
 62.201290
 49.739320
 49.244290
 47.434170
 53.235320
 49.335590
 55.009090
 51.244510
 57.697490
 37.000000
 37.336310
 38.327540
 39.000000
 40.261640
 40.311290
 41.231060
 42.000000
 42.296570
  8.000000
  9.433981
 34.000000
  5.000000
 34.365680
 54.671750
  5.830952
  1.000000
  5.099020
   .000000
  5.385165
  5.385165
 27.730850
 29.154760
 32.756680
 35.510560
 32.649650
 33.301650
 37.202150
 36.878180
 36.796740
 40.360870
 58.523500
 59.236810
 56.462380
 55.901700
 56.824290
 61.269890
 53.535030
 59.363290
 63.631750
 51.478150
 58.728190
 60.207970
 59.413800
 60.811180
 58.728190
 62.936480
 60.876930
 63.702430
 65.069190
 64.660650
 66.603300
 84.852810
 80.430090
 87.000000
 85.146930
 88.459030
 83.600240
 86.023250
 89.022470
 60.415230
 61.269890
 63.071390
 64.412730
 65.000000
 65.795140
 67.082040
 67.623960
 68.876700
 69.641940
 71.589100
 75.663730
 76.485290
 78.447430
 79.555020
 80.622570
 82.462110
 84.344530
 86.313390
 87.321240
 50.249380
 50.487620
 52.469040
 52.952810
 53.235320
 55.226810
 55.443660
 55.901700
 57.218880
 57.870540
 59.413800
 60.207970
 60.827630
 45.617980
 45.541190
 44.147480
 49.244290
 46.097720
 51.078370
 48.052060
 53.851650
 35.355340
 36.400550
 38.078870
 37.336310
 39.924930
 39.293770
 40.853400
 40.311290
 41.231060
 11.180340
 14.142140
 32.388270
  8.602325
 33.526110
 56.568540
 11.180340
  5.830952
 10.440310
  5.385165
   .000000
 10.000000
 31.622780
 32.695560
 36.249140
 38.910150
 35.510560
 36.055510
 40.311290
 39.661060
 39.051250
 43.011630
 62.641840
 63.245550
 60.406950
 59.615430
 60.415230
 65.000000
 56.824290
 62.649820
 67.082040
 47.434170
 51.855570
 53.150730
 53.009430
 54.203320
 52.430910
 56.400360
 54.644310
 57.428220
 58.600340
 58.830270
 60.464870
 78.102490
 74.625730
 80.430090
 79.056940
 82.006100
 78.032040
 80.622570
 83.216580
 57.008770
 57.567350
 59.481090
 60.406950
 61.846580
 62.361850
 63.245550
 64.288410
 65.145990
 66.708320
 68.007350
 75.000000
 75.166480
 77.162170
 77.646640
 80.000000
 80.622570
 83.150470
 85.146930
 85.586210
 50.249380
 50.089920
 52.086470
 52.000000
 53.235320
 55.226810
 55.081760
 55.000000
 57.218880
 57.000000
 59.076220
 60.207970
 60.000000
 50.803540
 49.739320
 47.423620
 54.083270
 49.244290
 55.758410
 51.078370
 58.309520
 35.355340
 35.000000
 35.355340
 37.336310
 37.336310
 38.000000
 38.327540
 40.311290
 40.000000
 11.180340
 10.000000
 32.388270
  8.602325
 32.000000
 50.000000
  5.000000
  5.830952
  3.000000
  5.385165
 10.000000
   .000000
 22.360680
 23.853720
 27.459060
 30.232430
 27.586230
 28.284270
 32.015620
 31.827660
 32.015620
 35.355340
 53.141320
 53.851650
 51.078370
 50.537110
 51.478150
 55.901700
 48.259710
 54.083270
 58.309520
 35.355340
 32.695560
 33.541020
 34.785050
 35.468300
 34.481880
 37.696160
 36.687870
 39.217340
 39.924930
 41.484940
 42.379240
 58.309520
 56.648040
 60.901560
 60.415230
 62.649820
 60.406950
 63.245550
 65.000000
 45.276920
 45.099890
 47.095650
 47.000000
 50.249380
 50.089920
 50.000000
 52.086470
 52.000000
 55.226810
 55.000000
 68.007350
 66.708320
 68.658580
 67.742160
 72.801100
 70.710680
 74.525160
 76.485290
 75.663730
 47.169910
 46.141090
 47.885280
 46.518810
 49.739320
 51.478150
 50.537110
 49.244290
 53.235320
 51.078370
 54.129470
 55.901700
 53.851650
 58.830270
 55.803230
 51.855570
 61.032780
 53.150730
 62.201290
 54.488530
 64.031240
 35.355340
 32.015620
 29.154760
 36.796740
 30.886890
 34.409300
 31.764760
 39.051250
 36.055510
 32.015620
 28.284270
 33.301650
 30.232430
 29.732140
 31.622780
 25.000000
 28.178010
 23.853720
 27.730850
 31.622780
 22.360680
   .000000
  3.000000
  5.830952
  8.602325
  9.000000
 10.000000
 11.180340
 12.369320
 15.000000
 15.811390
 31.048350
 31.622780
 28.792360
 28.178010
 29.154760
 33.541020
 26.248810
 32.015620
 36.055510
 32.388270
 29.966650
 30.886890
 31.953090
 32.695560
 31.622780
 34.928500
 33.837850
 36.400550
 37.161810
 38.600520
 39.560080
 55.758410
 53.851650
 58.309520
 57.697490
 60.033330
 57.584720
 60.406950
 62.241470
 42.296570
 42.107010
 44.102150
 44.000000
 47.265210
 47.095650
 47.000000
 49.091750
 49.000000
 52.239830
 52.000000
 65.145990
 63.788720
 65.734310
 64.776540
 69.921390
 67.742160
 71.589100
 73.545910
 72.691120
 44.654230
 43.566040
 45.276920
 43.829210
 47.169910
 48.877400
 47.885280
 46.518810
 50.606320
 48.332180
 51.429560
 53.235320
 51.078370
 57.306190
 54.083270
 50.000000
 59.363290
 51.224990
 60.464870
 52.497620
 62.201290
 33.301650
 29.732140
 26.627050
 34.655450
 28.301940
 32.015620
 29.154760
 36.796740
 33.600590
 33.970580
 30.479500
 31.400640
 32.015620
 27.586230
 28.792360
 26.907250
 29.681640
 25.612500
 29.154760
 32.695560
 23.853720
  3.000000
   .000000
  3.605551
  6.403124
  6.000000
  7.000000
  8.602325
  9.486833
 12.000000
 13.000000
 30.413810
 30.805840
 27.892650
 26.925820
 27.730850
 32.310990
 24.413110
 30.232430
 34.481880
 31.048350
 26.925820
 27.730850
 29.120440
 29.732140
 28.861740
 31.953090
 31.048350
 33.526110
 34.176010
 35.902650
 36.687870
 52.478570
 50.921510
 55.072680
 54.626000
 56.824290
 54.708320
 57.567350
 59.236810
 40.792160
 40.447500
 42.426410
 42.107010
 45.705580
 45.398240
 45.099890
 47.381430
 47.095650
 50.635960
 50.089920
 64.257290
 62.641840
 64.560050
 63.348240
 68.949260
 66.287250
 70.342020
 72.277240
 71.196910
 44.821870
 43.600460
 45.221680
 43.566040
 47.201690
 48.826220
 47.707440
 46.141090
 50.477720
 47.885280
 51.107730
 53.000000
 50.537110
 59.033890
 55.569770
 51.312770
 60.901560
 52.430910
 61.911230
 53.600370
 63.513780
 34.409300
 30.479500
 26.907250
 35.608990
 28.425340
 32.526910
 29.206160
 37.536650
 33.970580
 37.536650
 33.970580
 32.756680
 35.608990
 28.600700
 25.961510
 30.479500
 33.286630
 29.206160
 32.756680
 36.249140
 27.459060
  5.830952
  3.605551
   .000000
  2.828427
  5.000000
  5.830952
  5.385165
  7.000000
 10.440310
 10.198040
 27.166150
 27.459060
 24.515300
 23.409400
 24.166090
 28.792360
 20.808650
 26.627050
 30.886890
 29.732140
 24.351590
 25.079870
 26.683330
 27.202940
 26.476400
 29.410880
 28.635640
 31.048350
 31.622780
 33.541020
 34.205260
 49.739320
 48.383880
 52.354560
 52.000000
 54.120240
 52.201530
 55.081760
 56.648040
 39.293770
 38.832980
 40.792160
 40.311290
 44.147480
 43.737850
 43.289720
 45.705580
 45.276920
 49.030600
 48.259710
 63.158530
 61.351450
 63.245550
 61.846580
 67.779050
 64.761100
 68.963760
 70.880180
 69.634760
 44.598210
 43.278170
 44.821870
 43.011630
 46.861500
 48.414880
 47.201690
 45.486260
 50.000000
 47.169910
 50.477720
 52.430910
 49.739320
 60.008330
 56.356010
 51.971150
 61.717100
 53.000000
 62.649820
 54.083270
 64.140470
 34.985710
 30.805840
 26.907250
 36.055510
 28.284270
 32.649650
 29.000000
 37.802120
 33.970580
 40.360870
 36.796740
 33.541020
 38.418750
 29.154760
 23.537200
 33.301650
 36.055510
 32.015620
 35.510560
 38.910150
 30.232430
  8.602325
  6.403124
  2.828427
   .000000
  5.385165
  5.830952
  3.000000
  5.385165
  9.433981
  8.000000
 25.019990
 25.179360
 22.203600
 20.880610
 21.540660
 26.248810
 18.027760
 23.853720
 28.178010
 26.476400
 24.698180
 25.806980
 26.400760
 27.294690
 26.000000
 29.529650
 28.231190
 30.870700
 31.764760
 32.893770
 34.014700
 50.803540
 48.332180
 53.254110
 52.354560
 54.918120
 52.000000
 54.781380
 56.797890
 36.345560
 36.124780
 38.118240
 38.000000
 41.303750
 41.109610
 41.000000
 43.104520
 43.000000
 46.270940
 46.000000
 59.464280
 57.974130
 59.908260
 58.855750
 64.195010
 61.814240
 65.734310
 67.683080
 66.753280
 39.824620
 38.600520
 40.224370
 38.587560
 42.201900
 43.829210
 42.720020
 41.182520
 45.486260
 42.941820
 46.141090
 48.020830
 45.617980
 54.626000
 51.000000
 46.647610
 56.356010
 47.707440
 57.306190
 48.826220
 58.830270
 29.681640
 25.612500
 21.931710
 30.805840
 23.430750
 27.586230
 24.207440
 32.649650
 29.000000
 38.288380
 35.227830
 28.178010
 36.069380
 23.853720
 23.259410
 31.241000
 33.301650
 29.732140
 32.649650
 35.510560
 27.586230
  9.000000
  6.000000
  5.000000
  5.385165
   .000000
  1.000000
  5.099020
  4.242640
  6.000000
  7.810250
 30.016660
 30.016660
 27.018510
 25.317980
 25.709920
 30.594120
 21.540660
 27.313000
 31.953090
 25.495100
 23.853720
 25.000000
 25.495100
 26.419690
 25.079870
 28.653100
 27.313000
 29.966650
 30.886890
 31.953090
 33.105890
 50.000000
 47.423620
 52.430910
 51.478150
 54.083270
 51.078370
 53.851650
 55.901700
 35.355340
 35.128340
 37.121420
 37.000000
 40.311290
 40.112340
 40.000000
 42.107010
 42.000000
 45.276920
 45.000000
 58.523500
 57.008770
 58.940650
 57.870540
 63.245550
 60.827630
 64.761100
 66.708320
 65.764730
 39.051250
 37.802120
 39.408120
 37.735920
 41.400480
 43.011630
 41.880780
 40.311290
 44.654230
 42.059480
 45.276920
 47.169910
 44.721360
 54.230990
 50.537110
 46.141090
 55.901700
 47.169910
 56.824290
 48.259710
 58.309520
 29.154760
 25.000000
 21.213200
 30.232430
 22.671570
 26.907250
 23.430750
 32.015620
 28.284270
 39.051250
 36.055510
 27.730850
 36.796740
 23.323810
 22.360680
 32.015620
 33.970580
 30.479500
 33.301650
 36.055510
 28.284270
 10.000000
  7.000000
  5.830952
  5.830952
  1.000000
   .000000
  5.000000
  3.605551
  5.000000
  7.071068
 30.066590
 30.000000
 27.000000
 25.179360
 25.495100
 30.413810
 21.189620
 26.925820
 31.622780
 26.925820
 21.540660
 22.360680
 23.769730
 24.351590
 23.537200
 26.570660
 25.709920
 28.160260
 28.792360
 30.594120
 31.320920
 47.169910
 45.541190
 49.739320
 49.244290
 51.478150
 49.335590
 52.201530
 53.851650
 36.400550
 35.902650
 37.854990
 37.336310
 41.231060
 40.792160
 40.311290
 42.755120
 42.296570
 46.097720
 45.276920
 60.415230
 58.523500
 60.406950
 58.940650
 65.000000
 61.846580
 66.098410
 68.007350
 66.708320
 42.426410
 41.036570
 42.520580
 40.607880
 44.598210
 46.097720
 44.821870
 43.011630
 47.634020
 44.654230
 48.010410
 50.000000
 47.169910
 58.872750
 55.036350
 50.537110
 60.415230
 51.478150
 61.269890
 52.478570
 62.649820
 33.541020
 29.154760
 25.000000
 34.481880
 26.248810
 30.805840
 26.907250
 36.055510
 32.015620
 42.426410
 39.051250
 32.310990
 40.360870
 27.730850
 20.615530
 35.355340
 37.802120
 33.970580
 37.202150
 40.311290
 32.015620
 11.180340
  8.602325
  5.385165
  3.000000
  5.099020
  5.000000
   .000000
  2.828427
  7.071068
  5.000000
 25.079870
 25.000000
 22.000000
 20.223750
 20.615530
 25.495100
 16.552950
 22.360680
 26.925820
 24.351590
 20.591260
 21.633310
 22.472200
 23.259410
 22.135940
 25.495100
 24.351590
 26.925820
 27.730850
 29.120440
 30.083220
 46.615450
 44.384680
 49.091750
 48.301140
 50.774010
 48.104050
 50.921510
 52.801510
 33.955850
 33.541020
 35.510560
 35.128340
 38.832980
 38.470770
 38.118240
 40.447500
 40.112340
 43.737850
 43.104520
 57.775430
 55.973210
 57.870540
 56.515480
 62.393910
 59.439040
 63.600320
 65.520990
 64.327290
 39.597980
 38.209950
 39.698870
 37.802120
 41.773200
 43.278170
 42.011900
 40.224370
 44.821870
 41.880780
 45.221680
 47.201690
 44.418460
 56.302750
 52.392750
 47.853940
 57.775430
 48.764740
 58.600340
 49.739320
 59.941640
 30.870700
 26.419690
 22.203600
 31.764760
 23.430750
 28.017850
 24.083190
 33.286630
 29.206160
 42.520580
 39.408120
 29.732140
 40.311290
 25.079870
 19.313210
 35.468300
 37.536650
 33.970580
 36.878180
 39.661060
 31.827660
 12.369320
  9.486833
  7.000000
  5.385165
  4.242640
  3.605551
  2.828427
   .000000
  4.242640
  3.605551
 27.294690
 27.073970
 24.083190
 22.022710
 22.203600
 27.166150
 17.720050
 23.409400
 28.160260
 20.615530
 19.849430
 21.213200
 21.095020
 22.203600
 20.591260
 24.413110
 22.825420
 25.553870
 26.627050
 27.313000
 28.653100
 46.097720
 42.941820
 48.414880
 47.169910
 50.000000
 46.518810
 49.244290
 51.478150
 30.413810
 30.149630
 32.140320
 32.000000
 35.355340
 35.128340
 35.000000
 37.121420
 37.000000
 40.311290
 40.000000
 53.851650
 52.201530
 54.120240
 52.952810
 58.523500
 55.901700
 59.908260
 61.846580
 60.827630
 35.355340
 33.970580
 35.468300
 33.600590
 37.536650
 39.051250
 37.802120
 36.055510
 40.607880
 37.735920
 41.048750
 43.011630
 40.311290
 52.497620
 48.466480
 43.863430
 53.851650
 44.721360
 54.626000
 45.650850
 55.901700
 26.925820
 22.360680
 18.027760
 27.730850
 19.209370
 23.853720
 19.849430
 29.154760
 25.000000
 43.011630
 40.311290
 25.961510
 40.607880
 21.189620
 18.027760
 36.055510
 37.536650
 34.409300
 36.796740
 39.051250
 32.015620
 15.000000
 12.000000
 10.440310
  9.433981
  6.000000
  5.000000
  7.071068
  4.242640
   .000000
  5.000000
 30.805840
 30.413810
 27.459060
 25.079870
 25.000000
 30.000000
 20.099750
 25.495100
 30.413810
 22.360680
 17.000000
 18.027760
 18.973670
 19.697720
 18.681540
 21.931710
 20.880610
 23.409400
 24.166090
 25.709920
 26.570660
 43.011630
 40.853400
 45.486260
 44.721360
 47.169910
 44.598210
 47.434170
 49.244290
 31.622780
 31.048350
 32.984840
 32.388270
 36.400550
 35.902650
 35.355340
 37.854990
 37.336310
 41.231060
 40.311290
 55.901700
 53.851650
 55.713550
 54.120240
 60.415230
 57.008770
 61.351450
 63.245550
 61.846580
 39.051250
 37.536650
 38.897300
 36.796740
 41.036570
 42.426410
 41.036570
 39.051250
 43.863430
 40.607880
 44.045430
 46.097720
 43.011630
 57.280010
 53.141320
 48.466480
 58.523500
 49.244290
 59.236810
 50.089920
 60.415230
 31.622780
 26.925820
 22.360680
 32.310990
 23.323810
 28.178010
 23.853720
 33.541020
 29.154760
 46.097720
 43.011630
 30.805840
 43.863430
 25.961510
 15.811390
 39.051250
 41.036570
 37.536650
 40.360870
 43.011630
 35.355340
 15.811390
 13.000000
 10.198040
  8.000000
  7.810250
  7.071068
  5.000000
  3.605551
  5.000000
   .000000
 25.961510
 25.495100
 22.561030
 20.099750
 20.000000
 25.000000
 15.132750
 20.615530
 25.495100
 44.204070
 27.802880
 26.627050
 31.400640
 30.232430
 32.015620
 31.384710
 33.015150
 33.615470
 32.649650
 37.215590
 35.777090
 42.000000
 46.097720
 45.000000
 47.265210
 47.000000
 50.010000
 52.952810
 52.239830
 50.931330
 49.578220
 51.088160
 49.203660
 54.671750
 53.413480
 51.613950
 55.000000
 53.254110
 58.600340
 55.758410
 75.822160
 72.622310
 74.202420
 71.281140
 79.649230
 73.783470
 79.056940
 80.709360
 78.032040
 63.631750
 61.911230
 62.968250
 60.464870
 65.192020
 66.287250
 64.637450
 62.201290
 67.424030
 63.411350
 67.007460
 69.202600
 65.299310
 83.240620
 79.056940
 74.330350
 84.433400
 75.026660
 85.094060
 75.769390
 86.162640
 57.567350
 52.810990
 48.104050
 58.189350
 48.846700
 53.851650
 49.244290
 59.236810
 54.626000
 61.717100
 57.306190
 56.753850
 60.415230
 51.923020
 29.732140
 55.036350
 58.872750
 54.230990
 58.523500
 62.641840
 53.141320
 31.048350
 30.413810
 27.166150
 25.019990
 30.016660
 30.066590
 25.079870
 27.294690
 30.805840
 25.961510
   .000000
  2.000000
  3.605551
  7.071068
  8.602325
  7.000000
 13.453620
 13.000000
 12.000000
 43.011630
 26.248810
 25.000000
 29.832870
 28.600700
 30.479500
 29.681640
 31.400640
 31.906110
 30.886890
 35.510560
 34.000000
 40.000000
 44.147480
 43.000000
 45.276920
 45.000000
 48.052060
 50.990200
 50.249380
 49.497470
 48.104050
 49.578220
 47.634020
 53.150730
 51.855570
 50.000000
 53.413480
 51.613950
 57.008770
 54.083270
 74.330350
 71.063350
 72.622310
 69.634760
 78.102490
 72.111020
 77.420930
 79.056940
 76.321690
 62.649820
 60.901560
 61.911230
 59.363290
 64.140470
 65.192020
 63.513780
 61.032780
 66.287250
 62.201290
 65.802730
 68.007350
 64.031240
 82.710330
 78.447430
 73.681750
 83.815270
 74.330350
 84.433400
 75.026660
 85.440040
 57.008770
 52.201530
 47.434170
 57.567350
 48.104050
 53.141320
 48.466480
 58.523500
 53.851650
 62.649820
 58.309520
 56.293870
 61.269890
 51.419840
 28.284270
 55.901700
 59.615430
 55.036350
 59.236810
 63.245550
 53.851650
 31.622780
 30.805840
 27.459060
 25.179360
 30.016660
 30.000000
 25.000000
 27.073970
 30.413810
 25.495100
  2.000000
   .000000
  3.000000
  5.830952
  7.071068
  5.000000
 12.206560
 11.180340
 10.000000
 40.607880
 24.413110
 23.323810
 28.017850
 26.925820
 28.600700
 28.178010
 29.681640
 30.413810
 29.546570
 34.000000
 32.695560
 40.112340
 43.566040
 43.104520
 45.044420
 45.099890
 47.518420
 50.487620
 50.039990
 47.423620
 46.097720
 47.634020
 45.803930
 51.224990
 50.000000
 48.259710
 51.613950
 49.929950
 55.217750
 52.478570
 72.346390
 69.202600
 70.802540
 67.955870
 76.216800
 70.491130
 75.716580
 77.388630
 74.793050
 60.033330
 58.309520
 59.363290
 56.859470
 61.587340
 62.681740
 61.032780
 58.600340
 63.820060
 59.816390
 63.411350
 65.604880
 61.717100
 79.812280
 75.584390
 70.837840
 80.956780
 71.512240
 81.596570
 72.235730
 82.637760
 54.120240
 49.335590
 44.598210
 54.708320
 45.310040
 50.328920
 45.694640
 55.713550
 51.078370
 60.033330
 55.758410
 53.366660
 58.591810
 48.507730
 26.248810
 53.235320
 56.859470
 52.325900
 56.462380
 60.406950
 51.078370
 28.792360
 27.892650
 24.515300
 22.203600
 27.018510
 27.000000
 22.000000
 24.083190
 27.459060
 22.561030
  3.605551
  3.000000
   .000000
  3.605551
  5.385165
  5.830952
  9.899495
 10.198040
 10.440310
 37.202150
 20.808650
 19.723080
 24.413110
 23.323810
 25.000000
 24.596750
 26.076810
 26.832820
 26.000000
 30.413810
 29.154760
 37.336310
 40.311290
 40.311290
 42.000000
 42.296570
 44.283180
 47.265210
 47.000000
 43.863430
 42.520580
 44.045430
 42.201900
 47.634020
 46.400430
 44.654230
 48.010410
 46.324940
 51.613950
 48.877400
 68.767720
 65.604880
 67.201190
 64.350600
 72.622310
 66.887960
 72.111020
 73.783470
 71.196910
 56.824290
 55.072680
 56.080300
 53.535030
 58.309520
 59.363290
 57.688820
 55.217750
 60.464870
 56.400360
 60.000000
 62.201290
 58.258050
 77.129760
 72.801100
 68.007350
 78.160100
 68.622150
 78.746430
 69.289250
 79.711980
 51.419840
 46.572530
 41.761230
 51.923020
 42.379240
 47.434170
 42.720020
 52.810990
 48.104050
 59.908260
 55.803230
 50.803540
 58.309520
 45.891170
 22.671570
 53.000000
 56.356010
 51.971150
 55.901700
 59.615430
 50.537110
 28.178010
 26.925820
 23.409400
 20.880610
 25.317980
 25.179360
 20.223750
 22.022710
 25.079870
 20.099750
  7.071068
  5.830952
  3.605551
   .000000
  2.000000
  5.385165
  6.403124
  7.000000
  8.602325
 36.055510
 19.209370
 18.027760
 22.803510
 21.633310
 23.430750
 22.825420
 24.413110
 25.059930
 24.166090
 28.653100
 27.313000
 35.355340
 38.327540
 38.327540
 40.000000
 40.311290
 42.296570
 45.276920
 45.000000
 42.426410
 41.036570
 42.520580
 40.607880
 46.097720
 44.821870
 43.011630
 46.400430
 44.654230
 50.000000
 47.169910
 67.268120
 64.031240
 65.604880
 62.681740
 71.063350
 65.192020
 70.455660
 72.111020
 69.462220
 55.901700
 54.120240
 55.072680
 52.478570
 57.306190
 58.309520
 56.603890
 54.083270
 59.363290
 55.217750
 58.821770
 61.032780
 57.008770
 76.687680
 72.277240
 67.446270
 77.620870
 68.007350
 78.160100
 68.622150
 79.056940
 50.990200
 46.097720
 41.231060
 51.419840
 41.761230
 46.840150
 42.059480
 52.201530
 47.434170
 61.032780
 57.008770
 50.487620
 59.363290
 45.541190
 21.213200
 54.083270
 57.306190
 53.000000
 56.824290
 60.415230
 51.478150
 29.154760
 27.730850
 24.166090
 21.540660
 25.709920
 25.495100
 20.615530
 22.203600
 25.000000
 20.000000
  8.602325
  7.071068
  5.385165
  2.000000
   .000000
  5.000000
  5.385165
  5.000000
  7.071068
 40.311290
 22.671570
 21.213200
 26.172500
 24.758840
 26.907250
 25.612500
 27.586230
 27.802880
 26.627050
 31.400640
 29.681640
 35.000000
 39.293770
 38.000000
 40.311290
 40.000000
 43.174060
 46.097720
 45.276920
 46.097720
 44.598210
 45.967380
 43.863430
 49.497470
 48.104050
 46.097720
 49.578220
 47.634020
 53.150730
 50.000000
 70.710680
 67.268120
 68.767720
 65.604880
 74.330350
 68.007350
 73.409810
 75.000000
 72.111020
 60.415230
 58.600340
 59.481090
 56.824290
 61.717100
 62.649820
 60.901560
 58.309520
 63.631750
 59.363290
 62.968250
 65.192020
 61.032780
 81.584310
 77.129760
 72.277240
 82.462110
 72.801100
 82.969870
 73.375750
 83.815270
 55.901700
 50.990200
 46.097720
 56.293870
 46.572530
 51.662360
 46.840150
 57.008770
 52.201530
 65.192020
 61.032780
 55.443660
 63.631750
 50.487620
 25.000000
 58.309520
 61.717100
 57.306190
 61.269890
 65.000000
 55.901700
 33.541020
 32.310990
 28.792360
 26.248810
 30.594120
 30.413810
 25.495100
 27.166150
 30.000000
 25.000000
  7.000000
  5.000000
  5.830952
  5.385165
  5.000000
   .000000
 10.198040
  7.071068
  5.000000
 30.805840
 14.764820
 13.928390
 18.357560
 17.464250
 18.867960
 18.973670
 20.124610
 21.189620
 20.615530
 24.698180
 23.769730
 34.481880
 36.000000
 37.363080
 38.327540
 39.293770
 40.000000
 43.000000
 43.289720
 37.536650
 36.235340
 37.802120
 36.055510
 41.400480
 40.224370
 38.587560
 41.880780
 40.311290
 45.486260
 42.941820
 62.482000
 59.405390
 61.032780
 58.309520
 66.400300
 60.901560
 66.037860
 67.742160
 65.299310
 50.537110
 48.764740
 49.739320
 47.169910
 51.971150
 53.000000
 51.312770
 48.826220
 54.083270
 50.000000
 53.600370
 55.803230
 51.855570
 71.386280
 66.940270
 62.096700
 72.277240
 62.641840
 72.801100
 63.245550
 73.681750
 45.705580
 40.792160
 35.902650
 46.097720
 36.400550
 41.484940
 36.687870
 46.840150
 42.059480
 58.258050
 54.488530
 45.276920
 56.400360
 40.311290
 16.401220
 51.224990
 54.083270
 50.000000
 53.535030
 56.824290
 48.259710
 26.248810
 24.413110
 20.808650
 18.027760
 21.540660
 21.189620
 16.552950
 17.720050
 20.099750
 15.132750
 13.453620
 12.206560
  9.899495
  6.403124
  5.385165
 10.198040
   .000000
  5.830952
 10.440310
 33.541020
 15.620500
 14.142140
 19.104970
 17.691810
 19.849430
 18.601080
 20.518280
 20.808650
 19.723080
 24.413110
 22.825420
 30.413810
 33.376640
 33.376640
 35.000000
 35.355340
 37.336310
 40.311290
 40.000000
 39.051250
 37.536650
 38.897300
 36.796740
 42.426410
 41.036570
 39.051250
 42.520580
 40.607880
 46.097720
 43.011630
 63.639610
 60.207970
 61.717100
 58.600340
 67.268120
 61.032780
 66.400300
 68.007350
 65.192020
 53.851650
 52.000000
 52.801510
 50.089920
 55.036350
 55.901700
 54.120240
 51.478150
 56.824290
 52.478570
 56.080300
 58.309520
 54.083270
 75.802380
 71.196910
 66.287250
 76.485290
 66.708320
 76.902530
 67.186310
 77.620870
 50.249380
 45.276920
 40.311290
 50.487620
 40.607880
 45.705580
 40.792160
 50.990200
 46.097720
 64.031240
 60.207970
 50.039990
 62.201290
 45.044420
 18.027760
 57.008770
 59.908260
 55.803230
 59.363290
 62.649820
 54.083270
 32.015620
 30.232430
 26.627050
 23.853720
 27.313000
 26.925820
 22.360680
 23.409400
 25.495100
 20.615530
 13.000000
 11.180340
 10.198040
  7.000000
  5.000000
  7.071068
  5.830952
   .000000
  5.000000
 38.078870
 19.723080
 18.027760
 23.021730
 21.400930
 23.853720
 21.931710
 24.207440
 24.041630
 22.671570
 27.586230
 25.612500
 30.000000
 34.481880
 33.000000
 35.355340
 35.000000
 38.327540
 41.231060
 40.311290
 43.011630
 41.400480
 42.638010
 40.360870
 46.097720
 44.598210
 42.426410
 45.967380
 43.863430
 49.497470
 46.097720
 67.268120
 63.639610
 65.069190
 61.717100
 70.710680
 64.031240
 69.526970
 71.063350
 68.007350
 58.523500
 56.648040
 57.384670
 54.626000
 59.615430
 60.415230
 58.600340
 55.901700
 61.269890
 56.824290
 60.415230
 62.649820
 58.309520
 80.752710
 76.118330
 71.196910
 81.394100
 71.589100
 81.786310
 72.034710
 82.462110
 55.226810
 50.249380
 45.276920
 55.443660
 45.541190
 50.635960
 45.705580
 55.901700
 50.990200
 68.007350
 64.031240
 55.036350
 66.287250
 50.039990
 22.360680
 61.032780
 64.140470
 59.908260
 63.631750
 67.082040
 58.309520
 36.055510
 34.481880
 30.886890
 28.178010
 31.953090
 31.622780
 26.925820
 28.160260
 30.413810
 25.495100
 12.000000
 10.000000
 10.440310
  8.602325
  7.071068
  5.000000
 10.440310
  5.000000
   .000000
  3.382353
  6.617647
 10.714290
 19.285710
  3.636364
  6.363636
  3.823529
  6.176471
  3.538461
  6.461539
  8.405798
 11.594200
  7.878788
 12.121210
  8.823529
 11.176470
  4.571428
  5.428572
  4.696970
  5.303030
  4.927536
  5.072464
 14.117650
  5.882353
 21.200000
  8.799999
  7.411765
  2.588235
 30.000000
 10.000000
 30.588240
  9.411765
 15.200000
  4.800000
 16.000000
  4.000000
  8.125000
  1.875000
  4.000000
  6.000000
  8.461538
 11.538460
  9.230768
 10.769230
  4.909091
  5.090909
  5.000000
  5.000000
 20.769230
 19.230770
  5.454545
  4.545455
  5.576923
  4.423077
 11.636360
  8.363636
  6.000000
  4.000000
  6.363636
  3.636364
 14.285710
  5.714286
 22.500000
  7.500000
 32.000000
  8.000000
 16.444440
  3.555556
  8.571428
  1.428571
  8.888889
  1.111111
 19.000000
  1.000000
 30.000000
   .000000
 20.000000
   .000000
  1.428571
  8.571428
   .857143
  9.142858
   .606060
 19.393940
   .571429
  9.428572
   .625000
  9.375000
   .000000
 10.000000
  1.875000
 28.125000
  1.428571
  8.571428
   .666667
  9.333333
  2.000000
  8.000000
  1.875000
  8.125000
  1.666667
  8.333333
  2.857143
  7.142858
 17.727270
  2.272727
 30.476190
  9.523809
  6.428571
  3.571429
 26.250000
  3.750000
 25.000000
 15.000000
 26.052630
  3.947369
  6.052631
  3.947369
 17.142860
  2.857143
  4.000000
  6.000000
  6.000000
 14.000000
  9.999999
 40.000000
  3.750000
  6.250000
  1.666667
  8.333333
  2.553192
  7.446808
  1.489362
  8.510638
  3.333333
  6.666667
  2.222222
  7.777778
 20.526320
  9.473684
 12.631580
  7.368421
  4.339623
  5.660377
  6.739130
  3.260870
 16.981130
 33.018870
  6.153846
 13.846150
  6.111111
  3.888889
  6.590909
  3.409091
 12.045450
  7.954545
  6.551724
  3.448276
  7.058824
  2.941177
 17.647060
 12.352940
  5.333333
 14.666670
  2.361111
  7.638889
  3.428571
 16.571430
  3.529412
 26.470590
  1.666667
  8.333333
  3.076923
 16.923080
  2.307692
 27.692310
   .793651
  9.206349
   .833333
  9.166667
   .000000
 10.000000
  4.235294
 15.764710
  9.411764
 30.588240
  2.073171
  7.926829
  6.750001
 23.250000
  2.500000
  7.500000
  8.823529
 21.176470
  4.533334
 15.466670
  3.125000
  6.875000
  7.058823
 12.941180
