   200.000000
100
   .000000
 15.231550
 18.000000
 22.360680
 25.000000
 20.615530
 11.180340
 21.213200
 26.248810
 32.015620
 25.495100
 33.541020
 15.000000
 11.180340
 32.015620
 30.413810
 29.154760
 30.413810
 15.811390
 32.015620
 31.622780
 18.027760
 26.925820
 36.055510
 30.000000
 33.541020
 11.180340
  5.000000
  6.324555
 29.832870
 25.495100
 17.464250
 34.000000
 24.758840
 36.055510
 41.036570
 41.400480
 21.213200
 42.426410
 33.970580
 11.180340
 28.861740
 25.495100
 34.176010
 31.890440
 29.154760
 35.468300
 34.205260
 27.802880
 43.931770
 16.970560
 26.925820
 11.313710
  4.472136
 22.803510
 30.463090
 29.206160
 23.194830
  9.055386
 17.804490
 18.027760
 25.495100
 25.495100
 34.928500
 46.518810
 49.929950
 40.496910
 43.863430
 21.377560
 12.165530
 21.095020
 39.661060
 22.472200
 20.124610
 24.596750
 27.784890
 15.652480
 19.697720
 31.064450
 25.553870
 21.095020
 27.586230
 23.323810
 21.095020
 24.331050
 23.021730
 35.355340
 18.384780
 19.235380
  9.000000
 32.249030
 25.612500
 18.384780
 20.248460
 12.041590
 14.866070
 15.264340
 17.204650
 21.260290
 17.492860
 24.041630
 15.231550
   .000000
 32.557640
 14.560220
 32.202480
 32.202480
 24.839490
 21.023800
 31.575310
 17.804490
 15.556350
 26.400760
 16.643320
 26.400760
 46.872170
 45.354160
 42.449970
 40.706260
 22.847320
 28.231190
 16.492420
 29.274560
 39.204590
 46.173580
 27.784890
 37.643060
 19.416490
 10.816650
 12.000000
 24.041630
 11.045360
 10.440310
 20.880610
 12.369320
 24.738630
 27.202940
 40.521600
 35.805030
 56.850680
 41.593270
 24.020820
 42.011900
 40.718550
 49.396350
 46.097720
 36.687870
 39.012820
 33.734260
 28.160260
 39.824620
  6.324555
 12.041590
 15.231550
 18.439090
 25.612500
 34.058770
 38.897300
 38.078870
 23.537200
 32.015620
 28.301940
 38.288380
 19.235380
 24.413110
 38.209950
 35.000000
 25.298220
 51.107730
 18.027760
  4.472136
  8.062258
 24.839490
 33.541020
 32.140320
 36.345560
 38.832980
 10.630150
 13.416410
 20.223750
 16.031220
 19.209370
 14.866070
 26.076810
 29.546570
 34.985710
 36.796740
 48.270070
 33.615470
 15.297060
 20.518280
 20.591260
 39.698870
 33.015150
 33.970580
 26.627050
 29.681640
 29.068880
 32.249030
 35.608990
 31.144820
 38.600520
 18.000000
 32.557640
   .000000
 34.409300
 20.223750
 23.853720
 16.401220
 36.249140
 36.069380
 47.423620
 43.289720
 50.289170
 23.430750
  9.433981
 21.189620
 13.000000
 25.179360
 32.695560
 27.459060
 47.423620
 49.030600
 10.440310
 12.206560
 23.323810
 34.985710
 30.149630
 16.401220
 23.000000
 20.880610
 38.288380
 43.289720
 35.227830
 52.000000
 39.357340
 48.414880
 55.569770
 54.203320
 15.297060
 32.310990
 25.495100
  9.433981
 12.206560
 12.083050
 18.439090
 24.186770
 35.805030
 45.276920
 47.434170
 41.340050
 58.668560
 32.310990
 43.324360
 27.202940
 14.142140
 25.059930
 28.635640
 18.681540
  5.830952
  9.055386
 15.652480
 24.758840
 24.041630
 42.449970
 52.611790
 63.245550
 65.795140
 57.723480
 34.176010
 30.413810
 30.066590
 39.051250
 55.542780
 12.041590
  9.000000
 11.704700
 15.231550
 28.653100
 31.622780
 43.600460
 38.013160
 29.000000
 42.059480
 36.055510
 29.000000
 27.784890
 19.646880
 31.016120
  7.071068
 36.138620
 20.124610
 50.159740
 20.099750
 13.928390
 18.384780
 13.453620
 12.206560
 16.401220
 10.770330
 16.492420
 17.492860
 17.029390
 22.360680
 14.560220
 34.409300
   .000000
 25.000000
 42.720020
 33.541020
 35.355340
 45.044420
 15.000000
 29.154760
 40.311290
 11.180340
 32.015620
 53.150730
 47.169910
 51.478150
 52.201530
 35.355340
 42.720020
 22.360680
 26.925820
 36.400550
 40.000000
 14.142140
 26.925820
 18.027760
 20.615530
 16.124520
  9.486833
 21.213200
 25.000000
 31.241000
  7.280110
 14.142140
 21.540660
 55.081760
 43.011630
 64.031240
 33.376640
 25.000000
 40.162170
 45.276920
 52.801510
 53.823790
 49.497470
 53.084840
 48.270070
 42.579340
 54.129470
  8.246211
 14.317820
 28.071340
 22.803510
 16.124520
 23.409400
 33.060550
 40.224370
 26.870060
 39.962480
 39.560080
 47.853940
 33.615470
 36.878180
 51.224990
 32.756680
 28.635640
 41.761230
  6.082763
 18.110770
 21.095020
 23.086790
 30.083220
 30.083220
 33.241540
 34.525350
  6.708204
  2.828427
  9.219544
  3.605551
  8.062258
  9.000000
 40.049970
 41.773200
 46.173580
 45.276920
 57.706150
 38.183770
 29.832870
 30.675720
 32.557640
 47.707440
 40.224370
 42.544090
 34.132100
 36.619670
 37.589890
 38.418750
 43.266620
 39.824620
 45.803930
 25.000000
 32.202480
 20.223750
 25.000000
   .000000
 41.231060
 31.622780
 46.097720
 50.537110
 40.000000
 47.169910
 57.008770
 15.811390
 25.495100
 41.231060
 29.154760
 45.000000
 50.990200
 40.311290
 56.568540
 46.097720
 10.000000
 14.142140
 15.000000
 18.027760
 10.000000
 14.142140
 28.284270
 22.022710
 23.769730
 42.720020
 40.000000
 52.924470
 32.062440
 36.400550
 45.705580
 66.400300
 35.000000
 52.201530
  9.433981
 15.811390
 18.384780
 32.015620
 36.235340
 44.407210
 52.201530
 59.941640
 59.203040
 52.801510
 68.593000
 28.160260
 38.470770
 36.235340
 21.095020
  9.219544
  8.544003
  8.246211
 24.351590
 19.924860
 34.234490
 40.496910
 43.185650
 49.040800
 56.435800
 69.634760
 57.428220
 53.338540
 19.209370
 19.026300
 32.449960
 40.249220
 48.041650
  8.944272
 11.401750
 11.401750
 10.816650
 22.803510
 23.086790
 32.557640
 28.071340
 17.029390
 34.000000
 48.259710
 44.384680
 45.354160
 39.051250
 51.039200
 27.073970
 43.185650
 32.649650
 52.773100
 40.012500
 33.060550
 37.215590
 29.832870
 30.265490
 33.734260
 30.016660
 36.013890
 35.510560
 37.054020
 20.615530
 32.202480
 23.853720
 42.720020
 41.231060
   .000000
 10.000000
 20.615530
 13.928390
 50.000000
 33.541020
 35.355340
 35.355340
 15.811390
 20.000000
 29.154760
 11.180340
 10.000000
 11.180340
 30.000000
 46.097720
 31.622780
 36.055510
 47.169910
 50.249380
 50.990200
 30.000000
 22.360680
 26.925820
 50.447990
 39.051250
 27.202940
 43.829210
 43.909000
 55.901700
 59.405390
 32.695560
 11.180340
 26.925820
 48.466480
 25.495100
 35.468300
 20.124610
 28.160260
 16.492420
 12.041590
 22.203600
 26.925820
 22.090720
 39.051250
 36.235340
 44.045430
 17.691810
 22.022710
 42.011900
 48.507730
 42.047590
 24.758840
 21.377560
  8.485281
  4.472136
  6.708204
 29.410880
 40.804410
 47.000000
 66.468040
 54.817880
 57.697490
 41.976180
 27.802880
 34.058770
 56.639210
 34.928500
 31.780500
 35.355340
 38.948680
 36.055510
 40.162170
 50.990200
 45.694640
 41.593270
 46.647610
 17.000000
  7.071068
  4.123106
  8.062258
 16.278820
 17.691810
 24.596750
 12.083050
 40.311290
 11.000000
 10.630150
  6.708204
 11.401750
 11.661900
  7.615773
 13.453620
  9.848858
  6.403124
 12.369320
 11.180340
 24.839490
 16.401220
 33.541020
 31.622780
 10.000000
   .000000
 20.615530
 19.849430
 42.426410
 30.413810
 35.355340
 25.495100
  7.071068
 22.360680
 25.495100
 18.027760
 20.000000
 11.180340
 31.622780
 40.311290
 22.360680
 28.284270
 39.051250
 40.311290
 41.231060
 20.000000
 14.142140
 17.464250
 40.804410
 33.541020
 22.803510
 40.261640
 35.608990
 47.169910
 51.662360
 37.802120
 11.180340
 32.015620
 39.357340
 15.811390
 28.600700
 18.027760
 27.073970
 21.260290
 20.615530
 29.206160
 31.064450
 25.059930
 42.485290
 27.802880
 36.878180
 13.152950
 12.041590
 32.015620
 38.639360
 33.286630
 19.313210
 11.704700
  7.211102
  8.944272
 14.317820
 28.017850
 39.051250
 48.052060
 59.816390
 49.244290
 48.877400
 32.280030
 20.808650
 28.635640
 49.678970
 26.076810
 23.021730
 27.018510
 30.610460
 26.832820
 30.870700
 42.190040
 36.715120
 31.780500
 38.418750
 19.723080
 13.038400
 14.035670
 12.041590
 24.186770
 12.369320
 22.022710
  5.099020
 37.483330
 14.866070
  8.544003
  9.219544
  3.162278
  6.000000
  4.242640
  9.000000
 10.816650
  6.403124
 13.892440
 21.213200
 21.023800
 36.249140
 35.355340
 46.097720
 20.615530
 20.615530
   .000000
 12.206560
 36.400550
 14.142140
 15.000000
 33.541020
 26.925820
 40.311290
 46.097720
 31.622780
 25.000000
 10.000000
 11.180340
 29.154760
 39.051250
 47.169910
 57.008770
 47.434170
 54.083270
 32.015620
 18.027760
 24.698180
 44.721360
 22.360680
 11.180340
 24.207440
 33.060550
 45.276920
 45.541190
 20.591260
 30.000000
 47.434170
 55.172460
 32.015620
 48.301140
 38.209950
 47.095650
 37.107950
 18.439090
 18.110770
 13.416410
  7.280110
 22.803510
 27.166150
 30.083220
  9.899495
 25.495100
 42.544090
 50.774010
 50.328920
 39.849720
 28.844410
 26.019220
 16.278820
 27.202940
  8.944272
 20.248460
 27.459060
 49.929950
 37.013510
 65.069190
 37.643060
 17.262680
 18.027760
 41.146080
 43.416590
 40.804410
 45.221680
 48.600410
 30.083220
 33.734260
 41.048750
 37.054020
 38.275320
 35.227830
  5.830952
 14.317820
 21.023800
 28.284270
 35.777090
 32.984840
  6.324555
 16.155490
 20.248460
 31.400640
 28.071340
 26.076810
 23.769730
 26.476400
 23.086790
 29.427880
 29.017240
 24.000000
 32.062440
 26.248810
 31.575310
 36.069380
 45.044420
 50.537110
 13.928390
 19.849430
 12.206560
   .000000
 48.104050
 26.248810
 24.166090
 40.792160
 26.907250
 33.376640
 42.941820
 23.000000
 13.928390
 10.440310
 17.720050
 41.340050
 41.880780
 48.104050
 58.898220
 55.578770
 59.615430
 37.336310
 25.179360
 31.575310
 54.009260
 34.481880
 22.847320
 36.069380
 43.931770
 56.293870
 57.384670
 18.788290
 25.079870
 38.327540
 58.830270
 34.985710
 48.166380
 34.014700
 42.059480
 29.017240
  6.403124
  9.433981
 13.152950
  9.486833
 25.317980
 37.215590
 41.785160
 17.000000
 29.546570
 49.040800
 56.648040
 53.009430
 38.013160
 31.064450
 21.954500
 11.401750
 19.104970
 20.518280
 31.064450
 34.365680
 62.128900
 49.203660
 68.505480
 46.173580
 27.294690
 29.966650
 53.235320
 45.803930
 42.801870
 46.861500
 50.447990
 39.012820
 43.000000
 51.788030
 47.265210
 46.389650
 46.324940
  6.403124
  7.211102
 12.041590
 21.840330
 25.709920
 30.805840
 18.357560
 17.888540
 31.890440
 24.515300
 24.186770
 20.615530
 22.627420
 24.207440
 20.000000
 26.627050
 23.769730
 19.723080
 26.248810
 32.015620
 17.804490
 47.423620
 15.000000
 40.000000
 50.000000
 42.426410
 36.400550
 48.104050
   .000000
 25.000000
 35.355340
 25.495100
 43.011630
 64.031240
 60.415230
 60.207970
 58.309520
 40.311290
 40.000000
 11.180340
 41.231060
 50.990200
 55.000000
 26.925820
 41.231060
 31.622780
 28.284270
 26.925820
 20.124610
 15.000000
 25.298220
 21.931710
  8.246211
 11.180340
  9.433981
 53.000000
 53.150730
 74.330350
 48.259710
 38.078870
 54.571060
 57.140180
 65.368190
 63.655320
 53.712200
 54.341510
 47.169910
 42.755120
 49.648770
 15.264340
  6.324555
 32.756680
 34.132100
 31.064450
 37.854990
 48.041650
 53.225930
 38.948680
 49.517670
 46.043460
 56.080300
 31.064450
 29.410880
 43.462630
 18.384780
 14.317820
 56.293870
 21.023800
 22.203600
 18.439090
  8.246211
 44.721360
 44.384680
 47.853940
 49.365980
 18.973670
 17.117240
 10.000000
 12.165530
 23.021730
  6.000000
 42.059480
 47.010640
 52.697250
 54.451810
 66.068150
 49.929950
 30.083220
 38.288380
 25.000000
 57.280010
 50.328920
 51.623640
 43.931770
 46.861500
 46.669050
 49.203660
 53.075420
 48.795490
 55.973210
 25.495100
 15.556350
 43.289720
 29.154760
 47.169910
 33.541020
 30.413810
 14.142140
 26.248810
 25.000000
   .000000
 11.180340
 32.015620
 35.000000
 52.201530
 55.000000
 44.721360
 39.051250
 22.360680
 15.000000
 15.811390
 42.720020
 52.201530
 60.415230
 43.011630
 53.150730
 33.541020
 20.615530
 25.495100
 38.470770
 10.000000
  8.062258
 10.295630
 24.351590
 35.355340
 33.376640
 28.000000
 41.231060
 60.415230
 56.603890
 36.400550
 54.341510
 48.373550
 57.428220
 49.769470
 32.557640
 30.463090
 22.360680
 18.788290
 25.298220
 21.400930
 19.104970
 17.262680
 29.832870
 41.109610
 49.578220
 53.225930
 48.041650
 34.525350
 37.107950
 29.068880
 40.249220
  6.324555
  9.486833
 22.671570
 36.235340
 23.021730
 66.287250
 33.421550
 14.764820
  8.062258
 28.160260
 47.169910
 45.221680
 49.648770
 52.554730
 26.172500
 28.600700
 32.015620
 29.546570
 34.713110
 25.709920
 19.849430
 28.017850
 34.669870
 40.496910
 49.396350
 42.047590
  8.944272
 25.317980
  7.071068
 43.657760
 38.832980
 37.947330
 33.241540
 36.345560
 33.955850
 39.319210
 40.521600
 35.440090
 43.680660
 33.541020
 26.400760
 50.289170
 40.311290
 57.008770
 35.355340
 35.355340
 15.000000
 24.166090
 35.355340
 11.180340
   .000000
 42.426410
 41.231060
 55.226810
 60.827630
 46.097720
 38.078870
 25.000000
  7.071068
 25.000000
 51.478150
 60.415230
 69.462220
 54.083270
 63.639610
 43.011630
 29.154760
 35.000000
 49.648770
 20.615530
 17.029390
 15.524170
 35.468300
 46.097720
 43.000000
 18.681540
 45.000000
 61.846580
 66.400300
 44.721360
 62.032250
 53.150730
 62.072540
 51.788030
 30.413810
 24.758840
 15.000000
 14.764820
 14.317820
 32.449960
 29.832870
 23.086790
 38.013160
 51.623640
 60.108230
 62.433960
 54.341510
 42.154480
 41.012190
 31.144820
 41.773200
  8.062258
  8.062258
 13.000000
 43.680660
 30.083220
 76.216800
 44.407210
 24.758840
 19.235380
 37.121420
 55.946400
 53.665630
 58.137770
 61.294370
 37.013510
 39.661060
 43.011630
 40.718550
 45.607020
 36.687870
 18.681540
 28.635640
 35.171010
 43.185650
 49.648770
 47.675990
 14.317820
 30.594120
 11.180340
 46.270940
 43.046490
 41.048750
 38.470770
 41.303750
 38.052600
 44.283180
 44.011360
 39.000000
 47.042530
 15.000000
 16.643320
 23.430750
 11.180340
 15.811390
 35.355340
 25.495100
 33.541020
 40.792160
 25.495100
 32.015620
 42.426410
   .000000
 22.360680
 43.011630
 36.055510
 42.720020
 45.276920
 30.413810
 43.011630
 30.413810
 15.811390
 25.495100
 30.413810
 15.000000
 21.213200
  7.071068
 15.811390
  9.219544
 15.652480
 26.925820
 25.495100
 37.161810
 17.262680
 25.000000
 32.695560
 54.120240
 33.541020
 54.083270
 25.079870
 14.142140
 29.120440
 34.713110
 41.868840
 44.294470
 44.102150
 49.729270
 46.957430
 40.718550
 55.000000
 12.369320
 23.021730
 24.351590
 13.601470
  9.219544
 17.691810
 23.194830
 29.206160
 16.643320
 31.016120
 33.015150
 39.560080
 34.713110
 41.048750
 54.671750
 43.680660
 38.013160
 34.481880
  7.211102
 17.691810
 24.698180
 33.734260
 19.235380
 18.973670
 22.360680
 24.020820
  7.071068
  8.544003
 20.248460
 14.764820
  6.324555
 19.646880
 37.000000
 36.055510
 39.204590
 36.400550
 49.040800
 27.802880
 29.410880
 24.000000
 37.215590
 38.483760
 30.870700
 33.837850
 25.298220
 27.313000
 29.120440
 28.653100
 34.014700
 31.320920
 36.235340
 11.180340
 26.400760
  9.433981
 32.015620
 25.495100
 15.811390
  7.071068
 26.925820
 26.907250
 43.011630
 35.000000
 41.231060
 22.360680
   .000000
 21.213200
 20.000000
 20.615530
 25.495100
 18.027760
 38.078870
 42.720020
 15.811390
 21.213200
 32.015620
 36.400550
 35.355340
 15.811390
 15.811390
 16.278820
 38.013160
 36.400550
 27.018510
 44.283180
 35.468300
 46.097720
 51.855570
 44.821870
 11.180340
 32.015620
 32.695560
 10.000000
 21.633310
 14.317820
 23.086790
 21.954500
 27.294690
 36.235340
 38.013160
 31.906110
 49.244290
 27.802880
 38.078870
 18.248290
  9.219544
 27.294690
 33.060550
 26.419690
 13.152950
  6.082763
  9.055386
 15.811390
 18.027760
 33.541020
 44.102150
 54.120240
 61.057350
 51.623640
 42.059480
 29.529650
 23.086790
 31.780500
 50.774010
 19.235380
 16.124520
 20.000000
 23.600850
 25.495100
 29.206160
 41.109610
 35.468300
 28.635640
 38.288380
 26.627050
 20.000000
 19.924860
 14.317820
 26.925820
  7.280110
 27.294690
 10.770330
 42.011900
 16.155490
  8.544003
 12.041590
  4.472136
  5.099020
  8.246211
  6.403124
 11.704700
 10.049880
 13.892440
 32.015620
 46.872170
 21.189620
 53.150730
 41.231060
 20.000000
 22.360680
 40.311290
 33.376640
 64.031240
 52.201530
 55.226810
 43.011630
 21.213200
   .000000
 15.811390
 11.180340
 22.360680
 30.413810
 50.000000
 62.649820
 31.622780
 30.000000
 40.311290
 55.901700
 50.990200
 36.055510
 36.055510
 37.483330
 58.523500
 55.901700
 44.944410
 62.297670
 56.639210
 67.268120
 73.000000
 51.662360
 11.180340
 11.180340
 45.044420
 29.154760
 27.166150
  9.219544
 10.630150
  5.656854
 29.410880
 40.162170
 46.529560
 42.047590
 58.694120
 48.918300
 58.821770
 35.114100
 30.413810
 46.097720
 49.729270
 38.052600
 17.117240
 26.400760
 15.231550
 24.083190
 14.317820
 48.836460
 60.207970
 67.000000
 81.841310
 71.589100
 52.239830
 50.219520
 43.046490
 50.990200
 71.610050
 32.557640
 29.832870
 31.144820
 34.014700
 46.690470
 50.328920
 62.289650
 56.639210
 49.091750
 59.464280
 37.000000
 27.018510
 21.377560
 12.041590
 13.601470
 15.264340
 43.416590
 27.313000
 59.203040
  9.000000
 13.892440
 14.317820
 20.248460
 17.204650
 18.384780
 14.866070
 11.704700
 16.763050
  8.544003
 30.413810
 45.354160
 13.000000
 47.169910
 29.154760
 29.154760
 25.495100
 46.097720
 42.941820
 60.415230
 55.000000
 60.827630
 36.055510
 20.000000
 15.811390
   .000000
 25.000000
 35.355340
 36.400550
 57.008770
 61.846580
 21.213200
 15.811390
 25.000000
 46.097720
 38.078870
 29.154760
 35.355340
 33.837850
 50.249380
 55.901700
 47.010640
 64.195010
 52.325900
 61.032780
 68.476270
 61.717100
 18.027760
 25.000000
 30.805840
 22.360680
 12.165530
  9.219544
  7.280110
 21.023800
 40.804410
 51.312770
 55.542780
 49.980000
 67.416620
 45.310040
 56.302750
 38.118240
 26.925820
 36.124780
 37.589890
 24.041630
  7.280110
 21.840330
 21.023800
 31.780500
 26.172500
 53.338540
 64.070270
 73.545910
 78.790860
 70.604530
 37.000000
 42.801870
 42.579340
 51.478150
 68.541960
 20.248460
 18.439090
 17.888540
 19.924860
 41.593270
 44.418460
 56.302750
 50.774010
 41.231060
 55.009090
 44.598210
 35.777090
 32.202480
 22.022710
 29.068880
 13.152950
 47.169910
 30.265490
 62.008060
 20.518280
 18.788290
 22.472200
 22.360680
 19.646880
 23.409400
 16.763050
 19.416490
 23.259410
 17.691810
 29.154760
 42.449970
 25.179360
 51.478150
 45.000000
 11.180340
 18.027760
 31.622780
 23.000000
 60.207970
 44.721360
 46.097720
 42.720020
 20.615530
 11.180340
 25.000000
   .000000
 11.180340
 22.360680
 40.311290
 57.008770
 35.000000
 36.400550
 47.434170
 57.008770
 55.000000
 36.400550
 32.015620
 35.355340
 58.309520
 50.000000
 38.275320
 55.009090
 53.600370
 65.192020
 69.526970
 40.792160
 10.000000
 15.811390
 50.635960
 30.413810
 34.539830
 16.124520
 21.400930
  6.082763
 18.439090
 29.120440
 36.055510
 32.140320
 48.166380
 45.803930
 54.451810
 28.600700
 29.154760
 47.853940
 53.084840
 43.737850
 23.409400
 26.683330
 11.704700
 15.652480
  4.472136
 40.496910
 51.865210
 57.218880
 77.155690
 65.802730
 58.940650
 49.769470
 38.183770
 45.000000
 67.178860
 37.215590
 34.132100
 36.674240
 40.024990
 44.777230
 48.764740
 60.207970
 54.708320
 49.040800
 56.400360
 27.459060
 17.464250
 11.045360
  6.324555
  6.324555
 18.110770
 35.777090
 21.931710
 51.478150
  5.099020
 12.165530
  8.944272
 17.464250
 15.524170
 13.892440
 15.033300
  9.055386
 11.661900
  8.246211
 30.413810
 40.706260
 32.695560
 52.201530
 50.990200
 10.000000
 20.000000
 25.000000
 13.928390
 58.309520
 39.051250
 38.078870
 45.276920
 25.495100
 22.360680
 35.355340
 11.180340
   .000000
 18.027760
 31.622780
 53.150730
 41.231060
 44.721360
 55.901700
 60.207970
 60.827630
 40.000000
 31.622780
 36.674240
 60.207970
 46.097720
 34.058770
 49.203660
 52.801510
 65.000000
 67.742160
 30.149630
 18.027760
 25.000000
 57.870540
 35.355340
 43.566040
 26.172500
 32.449960
 17.088010
  8.062258
 18.248290
 26.172500
 23.409400
 38.013160
 45.310040
 52.153620
 25.553870
 32.015620
 52.009610
 58.420890
 51.264020
 32.449960
 31.257000
 17.088010
 12.649110
  9.219544
 33.837850
 44.777230
 48.052060
 73.878280
 61.522350
 66.850580
 51.788030
 36.235340
 41.231060
 64.404970
 44.271890
 41.109610
 44.384680
 47.927030
 45.607020
 49.729270
 60.166440
 55.027270
 51.478150
 55.461700
 19.723080
 11.401750
  6.082763
 13.601470
 12.041590
 25.942240
 30.413810
 21.587030
 45.221680
 14.866070
 18.788290
 14.317820
 21.213200
 20.880610
 17.262680
 21.931710
 16.643320
 15.524170
 17.691810
 15.811390
 22.847320
 27.459060
 35.355340
 40.311290
 11.180340
 11.180340
 10.000000
 10.440310
 40.311290
 22.360680
 25.000000
 30.413810
 18.027760
 30.413810
 36.400550
 22.360680
 18.027760
   .000000
 20.615530
 35.355340
 32.015620
 39.051250
 49.497470
 45.276920
 49.244290
 26.925820
 15.000000
 21.213200
 44.045430
 28.284270
 16.278820
 32.649650
 35.114100
 47.434170
 49.739320
 26.907250
 20.000000
 38.078870
 48.826220
 25.000000
 39.661060
 28.284270
 37.121420
 27.513630
 14.142140
 19.697720
 20.000000
 13.892440
 31.304950
 27.892650
 34.132100
  7.615773
 19.235380
 38.600520
 46.238510
 43.278170
 30.463090
 21.260290
 16.031220
  6.708204
 17.888540
 18.439090
 29.832870
 37.336310
 55.973210
 43.931770
 58.600340
 36.013890
 18.384780
 23.345240
 46.400430
 36.124780
 33.241540
 37.483330
 41.012190
 29.068880
 33.136080
 42.720020
 37.854990
 36.124780
 37.696160
  8.602325
  6.708204
 12.727920
 18.439090
 27.202940
 23.409400
 13.416410
  7.810250
 29.154760
 21.587030
 18.110770
 16.124520
 14.317820
 16.763050
 13.152950
 19.646880
 19.026300
 14.000000
 22.090720
 32.015620
 28.231190
 47.423620
 42.720020
 56.568540
 30.000000
 31.622780
 11.180340
 17.720050
 40.000000
 15.000000
  7.071068
 43.011630
 38.078870
 50.000000
 57.008770
 40.311290
 31.622780
 20.615530
   .000000
 30.413810
 50.000000
 58.309520
 68.007350
 55.901700
 64.031240
 42.426410
 28.284270
 34.713110
 52.201530
 25.000000
 17.888540
 21.931710
 38.832980
 50.249380
 48.259710
 13.000000
 40.311290
 55.901700
 65.795140
 43.011630
 59.481090
 48.836460
 57.558670
 46.173580
 23.769730
 17.691810
  8.062258
  8.246211
 12.041590
 34.539830
 34.058770
 20.808650
 36.400550
 52.201530
 60.605280
 61.220910
 50.921510
 39.962480
 36.496570
 26.076810
 36.124780
  9.219544
 15.000000
 17.000000
 49.980000
 36.400550
 75.690160
 46.065170
 25.553870
 22.360680
 42.755120
 54.405880
 51.865210
 56.302750
 59.640590
 38.470770
 41.629320
 46.690470
 43.680660
 47.010640
 40.447500
 13.000000
 23.021730
 29.274560
 38.013160
 43.416590
 43.965900
 13.601470
 27.313000
 17.464250
 41.000000
 38.639360
 36.124780
 34.785050
 37.363080
 33.734260
 40.261640
 39.204590
 34.365680
 42.107010
 31.622780
 16.492420
 49.030600
 22.360680
 46.097720
 46.097720
 40.311290
 29.154760
 41.340050
 11.180340
 15.811390
 25.000000
 30.413810
 42.720020
 62.649820
 61.846580
 57.008770
 53.150730
 35.355340
 30.413810
   .000000
 45.000000
 55.000000
 60.827630
 36.055510
 49.244290
 35.000000
 26.925820
 28.284270
 29.832870
  7.071068
 19.104970
 10.770330
 15.264340
 22.360680
 18.000000
 43.289720
 51.478150
 72.111020
 55.081760
 40.311290
 58.077530
 57.008770
 65.787540
 61.294370
 47.434170
 46.238510
 38.078870
 34.539830
 39.115220
 18.110770
  8.062258
 28.425340
 34.928500
 37.947330
 45.694640
 53.600370
 54.571060
 40.024990
 47.507890
 41.773200
 52.630790
 22.135940
 18.439090
 32.310990
 20.808650
  8.944272
 63.906180
 28.231190
 19.697720
 12.041590
 12.369320
 49.040800
 48.010410
 52.009610
 54.147950
 23.345240
 23.409400
 20.615530
 20.808650
 30.083220
 14.866070
 34.985710
 41.773200
 48.083260
 51.865210
 62.369870
 49.980000
 23.021730
 35.510560
 14.142140
 54.918120
 48.764740
 49.091750
 42.485290
 45.617980
 44.418460
 48.332180
 51.107730
 46.324940
 54.203320
 18.027760
 29.274560
 10.440310
 26.925820
 10.000000
 31.622780
 22.360680
 39.051250
 41.880780
 41.231060
 42.720020
 51.478150
 15.811390
 15.811390
 31.622780
 21.213200
 35.000000
 41.231060
 32.015620
 50.000000
 45.000000
   .000000
 10.000000
 18.027760
 25.000000
 20.000000
 10.000000
 22.360680
 17.464250
 29.068880
 40.311290
 34.928500
 50.010000
 32.984840
 40.311290
 48.466480
 58.728190
 25.000000
 42.720020
 17.000000
  7.071068
 13.341660
 22.472200
 27.802880
 34.525350
 42.953460
 51.312770
 51.623640
 45.254830
 61.846580
 27.073970
 38.209950
 29.206160
 13.601470
 15.000000
 18.248290
 11.313710
 15.264340
 10.816650
 24.331050
 31.304950
 33.241540
 43.416590
 52.201530
 64.412730
 59.481090
 53.150730
 26.627050
 21.954500
 28.160260
 36.878180
 49.477270
  4.472136
  3.162278
  7.071068
  9.848858
 22.360680
 24.351590
 35.777090
 30.463090
 20.248460
 35.440090
 40.360870
 35.355340
 35.735140
 29.068880
 41.048750
 17.117240
 37.215590
 24.207440
 49.040800
 30.016660
 23.086790
 27.294690
 20.248460
 20.396080
 24.041630
 20.024980
 26.019220
 25.709920
 27.073970
 26.925820
 39.204590
 12.206560
 36.400550
 14.142140
 36.055510
 28.284270
 47.169910
 48.104050
 50.990200
 52.201530
 60.415230
 25.495100
 21.213200
 30.000000
 15.811390
 36.400550
 44.721360
 39.051250
 58.309520
 55.000000
 10.000000
   .000000
 11.180340
 32.015620
 22.360680
 20.000000
 31.622780
 27.294690
 37.215590
 50.249380
 44.271890
 59.841460
 42.755120
 49.244290
 57.870540
 65.946950
 26.925820
 40.311290
 15.132750
 15.811390
  4.242640
 21.095020
 23.086790
 34.234490
 48.010410
 57.384670
 59.033890
 52.801510
 69.892780
 37.054020
 48.166380
 37.589890
 22.472200
 22.472200
 22.203600
  8.246211
 13.152950
 18.357560
 27.784890
 36.878180
 35.846900
 52.392750
 61.684680
 73.409810
 69.123080
 63.126860
 22.561030
 31.016120
 37.854990
 46.690470
 59.228370
  6.324555
  7.071068
  3.162278
  4.123106
 32.249030
 33.955850
 44.944410
 39.849720
 29.154760
 45.122060
 47.634020
 41.109610
 39.962480
 31.384710
 41.773200
 18.788290
 46.097720
 31.400640
 58.694120
 31.320920
 25.942240
 30.413810
 25.495100
 24.413110
 28.600700
 22.825420
 28.231190
 29.681640
 28.160260
 36.055510
 46.173580
 23.323810
 40.000000
 15.000000
 47.169910
 39.051250
 57.008770
 58.898220
 55.000000
 60.415230
 69.462220
 30.413810
 32.015620
 40.311290
 25.000000
 47.434170
 55.901700
 49.497470
 68.007350
 60.827630
 18.027760
 11.180340
   .000000
 31.622780
 18.027760
 26.925820
 40.311290
 34.928500
 38.078870
 57.008770
 52.773100
 67.052220
 47.042530
 50.990200
 60.530980
 76.380620
 38.078870
 50.000000
  8.602325
 25.000000
 13.152950
 31.780500
 32.062440
 44.911020
 59.076220
 68.249540
 69.354160
 63.031740
 79.812280
 42.755120
 53.338540
 47.201690
 31.622780
 24.083190
 19.697720
  7.280110
 24.041630
 28.319600
 38.948680
 47.801670
 47.010640
 61.400330
 69.856990
 82.365040
 72.339480
 68.264190
 12.000000
 34.014700
 45.694640
 54.083270
 63.031740
 13.601470
 16.278820
 12.041590
  8.485281
 37.483330
 38.052600
 47.381430
 43.046490
 32.015620
 49.000000
 58.000000
 52.009610
 51.107730
 42.544090
 52.630790
 29.966650
 55.226810
 41.725290
 66.483080
 42.379240
 37.121420
 41.593270
 36.400550
 35.510560
 39.661060
 34.000000
 39.395430
 40.816660
 39.217340
 30.000000
 27.784890
 34.985710
 14.142140
 18.027760
 50.249380
 40.311290
 47.434170
 55.578770
 26.925820
 43.011630
 54.083270
 15.000000
 36.400550
 55.901700
 46.097720
 57.008770
 60.207970
 45.276920
 55.901700
 36.055510
 25.000000
 32.015620
 31.622780
   .000000
 15.000000
 20.615530
 30.413810
 24.083190
  7.071068
 35.355340
 38.013160
 45.343140
 20.808650
 20.000000
 30.066590
 67.779050
 47.434170
 67.082040
 23.537200
 26.925820
 36.235340
 47.010640
 52.801510
 57.939620
 59.076220
 64.327290
 60.745370
 54.708320
 67.601780
 21.633310
 28.017850
 38.832980
 28.284270
 10.000000
 12.165530
 25.942240
 40.224370
 30.364450
 45.354160
 48.010410
 54.129470
 47.010640
 50.990200
 65.299310
 42.107010
 41.231060
 30.066590
  9.848858
 30.463090
 35.000000
 33.955850
 26.172500
 27.658630
 29.068880
 28.844410
 17.464250
 14.422200
 17.464250
 15.264340
  9.219544
 21.470910
 51.419840
 51.039200
 54.147950
 50.695170
 63.324560
 40.718550
 42.544090
 39.000000
 46.690470
 52.497620
 44.922150
 48.270070
 39.812060
 41.484940
 43.737850
 42.379240
 48.083260
 45.891170
 49.980000
 33.541020
 37.643060
 30.149630
 26.925820
 10.000000
 50.990200
 41.231060
 54.083270
 59.615430
 41.231060
 53.150730
 63.639610
 21.213200
 35.355340
 50.990200
 38.078870
 55.000000
 60.827630
 49.244290
 64.031240
 49.244290
 20.000000
 22.360680
 18.027760
 15.000000
   .000000
 22.360680
 36.055510
 29.410880
 22.022710
 47.169910
 46.690470
 57.454330
 34.176010
 35.000000
 45.044420
 74.625730
 45.000000
 61.846580
  9.433981
 25.495100
 26.419690
 41.773200
 45.310040
 54.332310
 61.684680
 68.942000
 67.416620
 61.057350
 76.059190
 32.449960
 41.231060
 44.418460
 30.083220
 12.041590
  3.605551
 14.422200
 33.955850
 29.614190
 44.181440
 50.000000
 53.150730
 55.901700
 62.008060
 75.822160
 57.078890
 55.362440
 15.132750
 21.023800
 38.897300
 45.607020
 48.662100
 18.439090
 21.213200
 20.248460
 18.357560
 27.202940
 25.942240
 32.249030
 29.120440
 19.235380
 35.440090
 56.824290
 53.758720
 55.108980
 49.040800
 61.032780
 37.054020
 50.447990
 41.785160
 58.008620
 50.010000
 43.046490
 47.169910
 39.623230
 40.199500
 43.566040
 40.012500
 46.010870
 45.398240
 47.042530
 11.180340
 19.416490
 16.401220
 18.027760
 14.142140
 30.000000
 20.000000
 32.015620
 37.336310
 31.622780
 33.541020
 43.011630
  7.071068
 15.811390
 36.055510
 29.154760
 36.400550
 40.000000
 26.925820
 42.426410
 35.000000
 10.000000
 20.000000
 26.925820
 20.615530
 22.360680
   .000000
 14.142140
  8.062258
 22.472200
 30.413810
 26.076810
 40.261640
 23.409400
 32.015620
 39.357340
 52.430910
 26.925820
 47.169910
 23.430750
  7.071068
 23.194830
 27.658630
 34.828150
 37.576590
 39.812060
 46.615450
 45.221680
 38.832980
 54.451810
 17.117240
 28.284270
 22.203600
  8.062258
 12.041590
 19.313210
 19.697720
 22.203600
  9.848858
 24.738630
 28.284270
 33.541020
 35.000000
 42.953460
 55.758410
 49.980000
 43.185650
 33.301650
 14.212670
 18.788290
 27.202940
 39.849720
 14.142140
 13.038400
 17.029390
 19.416490
 12.649110
 15.264340
 27.202940
 21.633310
 13.038400
 26.000000
 34.481880
 31.780500
 34.014700
 30.083220
 42.720020
 20.808650
 29.068880
 19.646880
 39.560080
 31.953090
 24.351590
 27.658630
 19.235380
 20.880610
 23.194830
 21.931710
 27.513630
 25.317980
 29.546570
  5.000000
 10.816650
 23.000000
 20.615530
 28.284270
 22.360680
 14.142140
 18.027760
 25.179360
 28.284270
 20.615530
 29.154760
 15.811390
 15.811390
 36.055510
 35.355340
 32.015620
 31.622780
 15.000000
 28.284270
 26.925820
 22.360680
 31.622780
 40.311290
 30.413810
 36.055510
 14.142140
   .000000
  6.708204
 29.068880
 20.615530
 12.649110
 29.000000
 21.633310
 33.541020
 37.536650
 38.587560
 25.000000
 46.097720
 37.536650
 15.811390
 33.734260
 30.083220
 38.897300
 35.383610
 29.068880
 33.955850
 31.384710
 25.059930
 40.311290
 13.892440
 22.803510
  8.544003
  9.219544
 24.596750
 32.756680
 33.286630
 28.160260
 14.035670
 21.260290
 18.973670
 28.017850
 21.095020
 30.083220
 42.059480
 45.803930
 35.846900
 47.423620
 21.023800
  7.280110
 16.124520
 35.608990
 26.832820
 24.698180
 29.154760
 32.202480
 14.142140
 18.248290
 28.635640
 23.409400
 21.213200
 24.413110
 21.189620
 21.213200
 25.632010
 26.172500
 38.013160
 23.086790
 15.000000
 10.295630
 27.294690
 29.000000
 22.203600
 23.345240
 15.811390
 18.867960
 18.384780
 21.470910
 24.839490
 20.518280
 27.802880
  6.324555
 12.000000
 20.880610
 16.124520
 22.022710
 26.925820
 17.464250
 24.698180
 31.575310
 26.925820
 25.495100
 35.000000
  9.219544
 16.278820
 37.483330
 33.837850
 35.355340
 36.674240
 21.213200
 34.713110
 28.284270
 17.464250
 27.294690
 34.928500
 24.083190
 29.410880
  8.062258
  6.708204
   .000000
 23.537200
 23.021730
 18.027760
 32.557640
 19.209370
 30.000000
 35.608990
 45.276920
 27.018510
 48.166380
 31.400640
 12.041590
 30.016660
 30.232430
 38.470770
 37.802120
 35.014280
 40.521600
 38.078870
 31.764760
 46.754680
 11.661900
 22.472200
 15.231550
  7.211102
 17.888540
 26.076810
 27.730850
 26.570660
 12.083050
 23.853720
 24.186770
 31.780500
 27.018510
 34.928500
 47.707440
 45.177430
 36.878180
 41.231060
 15.132750
 10.770330
 19.416490
 34.885530
 21.840330
 20.223750
 24.515300
 27.202940
  9.433981
 13.416410
 25.000000
 19.416490
 15.000000
 22.022710
 27.856780
 27.000000
 30.594120
 29.154760
 41.593270
 23.021730
 21.213200
 15.132750
 31.622780
 31.622780
 24.207440
 26.419690
 18.027760
 20.615530
 21.470910
 22.627420
 27.202940
 23.706540
 29.832870
 29.832870
 24.041630
 38.288380
  9.486833
 23.769730
 50.447990
 40.804410
 44.721360
 54.009260
 20.124610
 38.470770
 49.648770
 15.652480
 38.013160
 58.523500
 50.249380
 58.309520
 60.207970
 44.045430
 52.201530
 29.832870
 29.068880
 37.215590
 38.078870
  7.071068
 22.022710
 22.472200
 29.068880
 23.537200
   .000000
 30.000000
 34.481880
 39.623230
 14.866070
 13.038400
 23.021730
 64.560050
 49.193500
 69.641940
 30.265490
 29.410880
 41.340050
 50.000000
 56.586220
 59.941640
 58.137770
 62.289650
 57.723480
 51.971150
 63.560990
 17.720050
 21.931710
 37.013510
 29.154760
 14.764820
 19.026300
 31.953090
 43.863430
 32.249030
 46.615450
 47.675990
 55.027270
 43.081320
 45.803930
 60.216280
 35.057090
 34.438350
 37.121420
  8.544003
 27.459060
 30.413810
 26.925820
 31.064450
 32.015620
 34.132100
 34.438350
 15.000000
 11.045360
 10.440310
  9.219544
  9.433981
 15.000000
 49.254440
 50.249380
 54.129470
 52.000000
 64.621980
 43.266620
 39.293770
 38.639360
 41.400480
 54.129470
 46.518810
 49.396350
 40.853400
 42.953460
 44.598210
 44.294470
 49.658840
 46.818800
 51.884490
 25.495100
 11.045360
 43.289720
 21.213200
 42.720020
 39.051250
 33.541020
 22.360680
 34.481880
 15.000000
 10.000000
 20.615530
 26.925820
 36.400550
 55.901700
 55.901700
 50.000000
 46.097720
 28.284270
 25.000000
  7.071068
 40.311290
 50.249380
 57.008770
 35.355340
 47.169910
 30.413810
 20.615530
 23.021730
 30.000000
   .000000
 12.041590
 10.295630
 15.264340
 25.495100
 23.537200
 38.000000
 44.721360
 65.192020
 52.000000
 35.000000
 53.037720
 50.596440
 59.481090
 54.378300
 40.496910
 39.849720
 32.249030
 28.160260
 34.928500
 14.764820
  9.219544
 21.400930
 29.154760
 35.355340
 43.566040
 49.729270
 48.662100
 34.234490
 40.706260
 34.713110
 45.607020
 16.124520
 15.811390
 30.232430
 27.802880
 15.811390
 61.269890
 26.400760
 13.341660
  5.000000
 18.788290
 44.553340
 43.185650
 47.381430
 49.819680
 20.124610
 21.400930
 22.472200
 20.808650
 28.017850
 16.155490
 28.178010
 34.713110
 41.012190
 44.944410
 55.317270
 43.680660
 16.124520
 28.653100
 11.401750
 48.020830
 42.047590
 42.190040
 35.846900
 39.000000
 37.589890
 41.785160
 44.294470
 39.446170
 47.413080
 17.464250
 10.440310
 35.227830
 25.000000
 40.000000
 27.202940
 22.803510
 11.180340
 22.847320
 25.298220
  8.062258
 17.029390
 25.495100
 27.018510
 44.944410
 47.010640
 38.275320
 34.058770
 16.278820
 17.888540
 19.104970
 34.928500
 44.271890
 52.773100
 38.013160
 46.690470
 26.076810
 12.649110
 18.027760
 34.481880
 12.041590
   .000000
 17.464250
 22.000000
 34.132100
 34.539830
 30.083220
 33.837850
 53.712200
 49.406480
 28.460500
 46.324940
 40.607880
 49.648770
 42.941820
 28.653100
 29.274560
 23.345240
 18.000000
 29.681640
 16.763050
 18.973670
  9.848858
 21.840330
 34.713110
 43.185650
 45.650850
 40.012500
 26.476400
 29.732140
 22.803510
 33.837850
  9.219544
 17.464250
 29.681640
 39.824620
 27.658630
 59.203040
 28.178010
  7.810250
  7.211102
 30.528680
 39.395430
 37.336310
 41.785160
 44.777230
 20.591260
 23.769730
 30.000000
 26.305890
 29.154760
 24.083190
 16.763050
 22.671570
 29.000000
 33.541020
 43.416590
 34.132100
  5.000000
 17.720050
 15.000000
 36.674240
 31.320920
 30.870700
 25.495100
 28.635640
 26.570660
 31.575310
 33.241540
 28.231190
 36.400550
 34.000000
 20.880610
 52.000000
 31.241000
 52.924470
 43.829210
 40.261640
 24.207440
 36.069380
 21.931710
 10.295630
 15.524170
 37.161810
 44.283180
 62.297670
 64.195010
 55.009090
 49.203660
 32.649650
 21.931710
 10.770330
 50.010000
 59.841460
 67.052220
 45.343140
 57.454330
 40.261640
 29.000000
 32.557640
 39.623230
 10.295630
 17.464250
   .000000
 24.758840
 33.105890
 28.284270
 34.205260
 51.244510
 70.682390
 62.241470
 44.283180
 62.393910
 58.051700
 67.082040
 60.008330
 42.449970
 39.115220
 29.966650
 27.802880
 29.017240
 25.059930
 17.804490
 27.202940
 38.052600
 45.650850
 53.851650
 59.774580
 57.078890
 43.011630
 47.127490
 39.357340
 50.537110
 15.556350
  8.000000
 21.540660
 28.160260
 14.560220
 71.554180
 36.619670
 22.090720
 13.152950
 22.022710
 54.341510
 52.773100
 57.070130
 59.665740
 30.413810
 31.622780
 31.064450
 30.413810
 38.275320
 25.000000
 29.732140
 38.275320
 44.944410
 50.695170
 59.682500
 51.478150
 19.235380
 35.171010
  4.472136
 53.851650
 48.764740
 48.104050
 42.953460
 46.097720
 43.965900
 49.030600
 50.596440
 45.541190
 53.758720
 24.758840
 12.369320
 39.357340
  7.280110
 32.062440
 43.909000
 35.608990
 33.060550
 43.931770
  8.246211
 24.351590
 35.468300
 17.262680
 35.468300
 56.639210
 52.325900
 53.600370
 52.801510
 35.114100
 38.832980
 15.264340
 32.984840
 42.755120
 47.042530
 20.808650
 34.176010
 23.409400
 21.633310
 19.209370
 14.866070
 15.264340
 22.000000
 24.758840
   .000000
 12.369320
 16.401220
 51.623640
 45.967380
 67.178860
 40.607880
 29.966650
 46.324940
 49.406480
 57.454330
 56.639210
 49.040800
 51.156620
 45.177430
 40.000000
 49.648770
  7.810250
  7.211102
 27.513630
 26.400760
 23.345240
 30.675720
 40.000000
 45.177430
 31.064450
 42.520580
 40.249220
 49.648770
 29.614190
 31.064450
 45.486260
 26.570660
 21.377560
 49.040800
 13.341660
 16.763050
 16.492420
 16.492420
 36.496570
 36.138620
 39.623230
 41.194660
 10.770330
  9.000000
  8.000000
  5.656854
 15.297060
  2.828427
 38.327540
 41.785160
 46.957430
 47.634020
 59.640590
 42.201900
 27.000000
 31.906110
 26.627050
 50.328920
 43.139310
 44.821870
 36.796740
 39.597980
 39.824620
 41.773200
 46.010870
 42.011900
 48.795490
 36.055510
 24.738630
 48.414880
 14.142140
 36.400550
 55.901700
 47.169910
 45.276920
 56.293870
 11.180340
 35.355340
 46.097720
 25.000000
 46.097720
 67.268120
 61.032780
 65.192020
 65.000000
 47.434170
 50.249380
 22.360680
 40.311290
 49.244290
 50.990200
 20.000000
 35.000000
 32.015620
 33.541020
 30.000000
 13.038400
 25.495100
 34.132100
 33.105890
 12.369320
   .000000
 10.198040
 63.198100
 57.008770
 78.102490
 43.289720
 39.051250
 53.225930
 59.413800
 66.843100
 67.801180
 61.400330
 63.387700
 57.008770
 52.086470
 60.415230
 19.697720
 16.278820
 39.849720
 36.878180
 27.202940
 32.062440
 44.643030
 54.203320
 41.012190
 53.823790
 52.392750
 61.400330
 41.109610
 40.496910
 54.626000
 22.203600
 24.083190
 50.039990
 18.357560
 29.120440
 28.017850
 15.264340
 42.953460
 43.416590
 46.097720
 46.818800
 20.615530
 16.970560
  5.000000
 10.630150
 20.124610
 10.049880
 50.635960
 54.083270
 59.093150
 59.076220
 71.344240
 52.325900
 39.115220
 43.829210
 36.055510
 61.611690
 54.203320
 56.302750
 48.010410
 50.606320
 51.312770
 52.497620
 57.201400
 53.535030
 59.816390
 41.036570
 27.202940
 55.569770
 21.540660
 45.705580
 59.405390
 51.662360
 45.541190
 57.384670
  9.433981
 33.376640
 43.000000
 32.695560
 51.855570
 73.000000
 68.476270
 69.526970
 67.742160
 49.739320
 48.259710
 18.000000
 48.466480
 57.870540
 60.530980
 30.066590
 45.044420
 39.357340
 37.536650
 35.608990
 23.021730
 23.537200
 34.539830
 28.284270
 16.401220
 10.198040
   .000000
 61.204570
 62.241470
 83.450580
 53.084840
 46.141090
 61.684680
 65.802730
 73.783470
 72.835430
 63.071390
 63.324560
 55.731500
 51.662360
 57.078890
 24.083190
 15.652480
 42.190040
 42.801870
 36.496570
 42.000000
 53.935150
 61.400330
 47.434170
 58.694120
 55.470710
 65.436990
 39.623230
 36.221540
 49.477270
 12.041590
 16.124520
 60.133190
 26.925820
 31.622780
 27.513630
  6.708204
 51.546100
 51.623640
 54.708320
 55.785300
 26.925820
 24.166090
 13.152950
 18.027760
 28.861740
 13.601470
 51.264020
 56.435800
 62.128900
 63.702430
 75.432090
 58.600340
 39.217340
 47.634020
 32.062440
 66.483080
 59.413800
 60.876930
 53.037720
 55.901700
 55.901700
 58.137770
 62.225400
 58.051700
 65.069190
 41.400480
 40.521600
 54.203320
 55.081760
 66.400300
 32.695560
 37.802120
 20.591260
 18.788290
 53.000000
 28.000000
 18.681540
 54.120240
 44.821870
 51.662360
 61.717100
 40.792160
 30.149630
 26.907250
 13.000000
 43.289720
 58.728190
 65.946950
 76.380620
 67.779050
 74.625730
 52.430910
 38.587560
 45.276920
 64.560050
 38.000000
 30.083220
 34.205260
 51.623640
 63.198100
 61.204570
   .000000
 43.863430
 55.081760
 75.286120
 51.662360
 66.400300
 52.801510
 60.745370
 46.872170
 22.360680
 12.000000
  7.211102
 13.601470
  8.944272
 46.840150
 47.042530
 30.232430
 45.453270
 63.134780
 71.344240
 70.035710
 56.603890
 48.083260
 40.706260
 30.016660
 37.363080
 22.090720
 26.570660
 21.400930
 62.361850
 48.764740
 85.146930
 57.939620
 37.336310
 35.227830
 55.578770
 62.936480
 60.108230
 64.381680
 67.896980
 50.328920
 53.758720
 59.539900
 56.293870
 58.694120
 53.338540
 18.384780
 25.942240
 30.364450
 40.496910
 42.047590
 49.396350
 25.298220
 34.655450
 29.832870
 43.011630
 42.941820
 39.395430
 40.804410
 42.720020
 38.587560
 45.276920
 42.544090
 38.470770
 44.944410
 21.213200
 35.805030
 15.297060
 43.011630
 35.000000
 11.180340
 11.180340
 30.000000
 25.079870
 53.150730
 41.231060
 45.000000
 33.541020
 11.180340
 11.180340
 18.027760
 10.000000
 18.027760
 20.000000
 40.311290
 51.478150
 25.000000
 26.925820
 38.078870
 47.434170
 45.000000
 26.925820
 25.000000
 27.018510
 49.193500
 44.721360
 33.837850
 51.244510
 45.967380
 57.008770
 62.241470
 43.863430
   .000000
 21.213200
 40.792160
 20.615530
 25.553870
  8.944272
 17.262680
 10.816650
 22.803510
 33.286630
 37.947330
 32.756680
 50.000000
 38.183770
 47.801670
 24.041630
 20.248460
 38.078870
 43.104520
 33.955850
 14.422200
 17.088010
  4.123106
 14.317820
  8.944272
 38.209950
 49.497470
 57.218880
 70.802540
 60.415230
 49.335590
 40.706260
 31.906110
 39.812060
 60.605280
 27.294690
 24.186770
 26.925820
 30.364450
 36.400550
 40.224370
 52.009610
 46.400430
 39.812060
 48.795490
 27.459060
 18.027760
 14.212670
  4.472136
 16.124520
  8.246211
 32.557640
 16.155490
 48.270070
  5.099020
  2.828427
  4.472136
  9.219544
  6.403124
  7.280110
  5.099020
  1.414214
  6.000000
  2.828427
 42.426410
 56.850680
 32.310990
 64.031240
 52.201530
 26.925820
 32.015620
 47.434170
 38.327540
 74.330350
 60.415230
 61.846580
 54.083270
 32.015620
 11.180340
 25.000000
 15.811390
 25.000000
 38.078870
 55.901700
 72.111020
 42.720020
 40.311290
 50.000000
 67.082040
 61.846580
 47.169910
 46.097720
 48.166380
 69.641940
 65.192020
 53.712200
 70.682390
 67.178860
 78.102490
 83.450580
 55.081760
 21.213200
   .000000
 55.443660
 40.311290
 37.054020
 20.248460
 18.110770
 10.816650
 33.015150
 43.104520
 51.088160
 47.675990
 63.007930
 59.396970
 68.883960
 43.909000
 41.231060
 57.271290
 60.728900
 48.507730
 27.892650
 37.443290
 24.839490
 31.384710
 20.248460
 56.302750
 67.675700
 72.691120
 91.831370
 80.993830
 62.000000
 61.294370
 52.801510
 60.207970
 81.688430
 43.416590
 40.804410
 41.773200
 44.407210
 57.489130
 61.220910
 73.109500
 67.475920
 60.207970
 70.007140
 43.174060
 33.241540
 26.683330
 20.248460
 13.038400
 26.419690
 51.478150
 36.619670
 67.230940
 17.204650
 24.041630
 23.021730
 30.413810
 27.586230
 27.802880
 25.612500
 21.260290
 25.806980
 18.384780
 33.970580
 41.593270
 25.495100
 33.376640
  9.433981
 48.466480
 39.357340
 55.172460
 58.830270
 48.259710
 56.603890
 66.400300
 25.079870
 32.695560
 45.044420
 30.805840
 50.635960
 57.870540
 48.826220
 65.795140
 55.081760
 17.000000
 15.132750
  8.602325
 23.537200
  9.433981
 23.430750
 37.536650
 31.400640
 30.265490
 52.000000
 49.406480
 62.241470
 40.607880
 43.289720
 53.084840
 75.286120
 40.792160
 55.443660
   .000000
 23.853720
 18.681540
 36.000000
 38.078870
 49.040800
 59.933300
 68.264190
 68.117550
 61.717100
 77.794600
 37.336310
 47.296940
 45.276920
 29.832870
 17.262680
 11.401750
  7.000000
 28.000000
 27.784890
 40.804410
 48.301140
 49.477270
 58.412330
 65.863490
 79.056940
 65.030760
 61.983870
  9.899495
 27.294690
 41.880780
 49.648770
 56.080300
 13.601470
 16.763050
 14.035670
 11.045360
 31.953090
 31.780500
 40.012500
 36.124780
 25.317980
 42.296570
 57.008770
 52.354560
 52.554730
 45.122060
 56.320510
 32.557640
 52.497620
 41.048750
 62.177170
 45.541190
 39.293770
 43.680660
 37.161810
 37.000000
 40.853400
 36.138620
 41.976180
 42.379240
 42.426410
 11.180340
 24.020820
  9.433981
 25.000000
 15.811390
 25.495100
 15.811390
 32.015620
 34.985710
 38.078870
 36.400550
 44.721360
 14.142140
 10.000000
 29.154760
 22.360680
 30.413810
 35.355340
 25.000000
 43.011630
 40.311290
  7.071068
 15.811390
 25.000000
 26.925820
 25.495100
  7.071068
 15.811390
 12.041590
 29.410880
 35.000000
 28.460500
 44.283180
 29.966650
 39.051250
 46.141090
 51.662360
 20.615530
 40.311290
 23.853720
   .000000
 18.110770
 20.615530
 27.802880
 31.016120
 36.400550
 44.418460
 44.553340
 38.183770
 54.817880
 23.086790
 34.205260
 22.203600
  6.708204
 17.464250
 23.086790
 18.384780
 15.264340
  4.123106
 19.026300
 24.698180
 28.017850
 36.674240
 45.880280
 57.697490
 56.462380
 48.836460
 33.600590
 21.260290
 22.203600
 31.144820
 46.238510
 11.401750
  8.944272
 13.416410
 16.643320
 19.235380
 22.203600
 34.205260
 28.600700
 20.000000
 32.649650
 33.301650
 28.635640
 29.614190
 24.186770
 36.674240
 13.892440
 30.413810
 17.204650
 42.953460
 25.709920
 18.248290
 22.022710
 14.142140
 15.033300
 18.110770
 15.524170
 21.377560
 20.024980
 23.086790
 28.861740
 42.011900
 12.206560
 40.162170
 18.384780
 35.468300
 28.600700
 48.301140
 48.166380
 54.571060
 54.341510
 62.032250
 29.120440
 21.633310
 27.166150
 12.165530
 34.539830
 43.566040
 39.661060
 59.481090
 58.077530
 13.341660
  4.242640
 13.152950
 36.235340
 26.419690
 23.194830
 33.734260
 30.016660
 41.340050
 53.037720
 46.324940
 62.393910
 46.324940
 53.225930
 61.684680
 66.400300
 25.553870
 37.054020
 18.681540
 18.110770
   .000000
 18.681540
 19.416490
 31.780500
 47.507890
 57.280010
 59.640590
 53.535030
 70.830790
 40.311290
 51.478150
 39.000000
 24.515300
 26.627050
 26.400760
 12.083050
 11.180340
 19.924860
 27.018510
 36.796740
 34.481880
 54.083270
 63.788720
 75.026660
 72.801100
 66.370170
 25.079870
 34.928500
 40.311290
 49.254440
 62.817200
 10.295630
 10.198040
  7.211102
  8.062258
 35.693140
 37.643060
 48.846700
 43.657760
 33.105890
 48.764740
 48.259710
 41.036570
 39.204590
 30.016660
 39.560080
 17.804490
 47.759820
 32.249030
 61.000000
 29.546570
 25.000000
 29.410880
 25.612500
 24.041630
 28.284270
 22.022710
 26.925820
 29.068880
 26.400760
 25.495100
 40.718550
 12.083050
 45.276920
 32.015620
 20.124610
 18.027760
 38.209950
 34.014700
 57.140180
 48.373550
 53.150730
 34.713110
 14.317820
  9.219544
  9.219544
 16.124520
 26.172500
 28.284270
 48.836460
 57.008770
 22.472200
 21.095020
 31.780500
 47.010640
 41.773200
 27.658630
 30.083220
 30.232430
 50.000000
 50.596440
 40.607880
 58.051700
 49.406480
 59.413800
 65.802730
 52.801510
  8.944272
 20.248460
 36.000000
 20.615530
 18.681540
   .000000
  9.055386
 13.152950
 31.622780
 42.190040
 46.818800
 41.484940
 58.821770
 41.880780
 52.354560
 31.144820
 23.021730
 37.121420
 40.521600
 29.000000
  8.000000
 18.439090
 12.369320
 23.086790
 16.970560
 46.000000
 57.078890
 65.620120
 75.292760
 65.924200
 43.566040
 41.868840
 37.336310
 45.880280
 65.000000
 23.345240
 20.615530
 22.022710
 25.019990
 39.051250
 42.449970
 54.488530
 48.836460
 40.607880
 52.201530
 36.138620
 26.925820
 23.021730
 12.806250
 20.880610
  7.211102
 40.049970
 23.086790
 55.443660
 11.401750
 10.198040
 13.416410
 15.132750
 12.041590
 15.132750
  9.055386
 10.295630
 14.560220
  8.485281
 34.176010
 49.396350
 18.439090
 52.801510
 36.235340
 28.160260
 27.073970
 47.095650
 42.059480
 65.368190
 57.428220
 62.072540
 41.868840
 23.086790
 10.630150
  7.280110
 21.400930
 32.449960
 37.121420
 57.558670
 65.787540
 27.802880
 23.086790
 32.062440
 52.801510
 45.310040
 34.828150
 38.897300
 38.470770
 56.586220
 59.481090
 49.648770
 67.082040
 57.454330
 66.843100
 73.783470
 60.745370
 17.262680
 18.110770
 38.078870
 27.802880
 19.416490
  9.055386
   .000000
 16.278820
 38.910150
 49.658840
 55.081760
 50.010000
 67.186310
 50.119860
 60.835850
 40.199500
 31.304950
 42.801870
 44.721360
 31.320920
 12.727920
 26.419690
 21.095020
 31.575310
 23.706540
 55.009090
 66.121100
 74.431180
 83.648070
 74.672620
 44.045430
 48.836460
 46.173580
 54.817880
 73.355300
 27.294690
 25.238860
 25.079870
 27.202940
 46.872170
 50.000000
 62.008060
 56.400360
 47.381430
 60.207970
 44.721360
 35.171010
 30.463090
 20.248460
 24.207440
 15.811390
 49.091750
 32.140320
 64.498060
 17.888540
 19.026300
 21.587030
 24.186770
 21.095020
 24.020820
 18.110770
 18.439090
 23.194830
 15.811390
 31.890440
 46.097720
 24.186770
 53.823790
 44.407210
 16.492420
 21.260290
 37.107950
 29.017240
 63.655320
 49.769470
 51.788030
 44.294470
 21.954500
  5.656854
 21.023800
  6.082763
 17.088010
 27.513630
 46.173580
 61.294370
 34.525350
 34.234490
 44.911020
 57.939620
 54.332310
 37.576590
 35.383610
 37.802120
 59.941640
 54.378300
 42.941820
 60.008330
 56.639210
 67.801180
 72.835430
 46.872170
 10.816650
 10.816650
 49.040800
 31.016120
 31.780500
 13.152950
 16.278820
   .000000
 24.515300
 35.171010
 42.107010
 38.052600
 54.230990
 48.836460
 58.137770
 33.120990
 31.064450
 48.383880
 52.773100
 42.047590
 21.095020
 27.730850
 14.142140
 20.880610
 10.049880
 45.880280
 57.280010
 63.126860
 81.055530
 70.178340
 56.718610
 51.478150
 42.011900
 49.396350
 70.936590
 36.055510
 33.136080
 35.014280
 38.118240
 47.201690
 51.039200
 62.801270
 57.201400
 50.537110
 59.464280
 33.241540
 23.194830
 17.000000
  9.433981
  8.062258
 17.464250
 40.853400
 25.806980
 56.648040
  6.403124
 13.601470
 12.206560
 19.849430
 17.204650
 17.029390
 15.652480
 10.630150
 15.000000
  8.062258
 29.154760
 36.687870
 35.805030
 49.497470
 52.201530
 12.041590
 20.615530
 18.439090
  6.403124
 53.712200
 32.557640
 30.413810
 44.102150
 27.294690
 29.410880
 40.804410
 18.439090
  8.062258
 14.142140
 23.769730
 47.434170
 42.953460
 48.010410
 59.076220
 59.076220
 61.684680
 39.812060
 29.068880
 35.014280
 58.137770
 40.496910
 28.653100
 42.449970
 49.040800
 61.400330
 63.071390
 22.360680
 22.803510
 33.015150
 59.933300
 36.400550
 47.507890
 31.622780
 38.910150
 24.515300
   .000000
 10.770330
 18.110770
 15.652480
 30.000000
 41.976180
 47.423620
 21.587030
 31.780500
 51.788030
 58.940650
 53.712200
 36.769550
 32.310990
 20.518280
 11.704700
 15.231550
 26.907250
 37.443290
 40.024990
 68.242220
 55.443660
 69.354160
 50.010000
 32.280030
 35.846900
 59.169250
 46.529560
 43.416590
 47.169910
 50.774010
 43.185650
 47.265210
 56.753850
 51.971150
 50.010000
 51.546100
 12.727920
  8.062258
  8.602325
 18.867960
 20.099750
 29.732140
 24.413110
 20.223750
 38.288380
 21.023800
 22.627420
 18.439090
 22.825420
 23.600850
 19.416490
 25.495100
 21.400930
 18.439090
 23.323810
 35.468300
 39.012820
 45.276920
 53.084840
 59.941640
 22.203600
 29.206160
 18.110770
  9.433981
 54.341510
 30.463090
 24.758840
 49.729270
 36.235340
 40.162170
 51.312770
 29.120440
 18.248290
 19.697720
 17.691810
 46.238510
 51.312770
 57.384670
 68.249540
 64.327290
 68.942000
 46.615450
 33.955850
 40.521600
 62.289650
 39.849720
 29.274560
 39.115220
 51.156620
 63.387700
 63.324560
 12.000000
 33.286630
 43.104520
 68.264190
 44.418460
 57.280010
 42.190040
 49.658840
 35.171010
 10.770330
   .000000
 10.000000
 11.704700
 20.396080
 45.011110
 48.052060
 25.495100
 38.910150
 58.189350
 65.924200
 62.425960
 46.861500
 40.496910
 30.610460
 20.518280
 26.000000
 24.166090
 32.649650
 31.780500
 66.640830
 53.235320
 77.935870
 54.744860
 35.014280
 35.902650
 58.523500
 55.217750
 52.201530
 56.222770
 59.816390
 47.381430
 51.244510
 59.135440
 55.000000
 55.108980
 53.338540
 13.038400
 16.278820
 19.235380
 29.529650
 30.066590
 39.698870
 24.331050
 27.294690
 34.669870
 31.780500
 32.802440
 28.844410
 31.890440
 33.241540
 29.000000
 35.468300
 31.906110
 28.425340
 34.000000
 34.205260
 33.734260
 47.434170
 48.270070
 59.203040
 26.925820
 31.064450
 13.416410
 13.152950
 47.169910
 22.360680
 15.000000
 46.957430
 38.013160
 46.529560
 55.542780
 36.055510
 26.172500
 20.000000
  8.062258
 38.078870
 51.623640
 59.033890
 69.354160
 60.745370
 67.416620
 45.221680
 31.384710
 38.078870
 57.723480
 32.249030
 23.345240
 29.966650
 45.177430
 57.008770
 55.731500
  7.211102
 37.947330
 51.088160
 68.117550
 44.553340
 59.640590
 46.818800
 55.081760
 42.107010
 18.110770
 10.000000
   .000000
  6.403124
 12.165530
 40.024990
 41.048750
 23.021730
 38.288380
 55.946400
 64.140470
 62.936480
 50.119860
 41.036570
 34.539830
 23.769730
 32.249030
 16.124520
 23.021730
 22.135940
 57.939620
 44.384680
 77.987170
 50.921510
 30.364450
 29.000000
 50.447990
 55.865910
 53.075420
 57.384670
 60.876930
 43.324360
 46.840150
 53.150730
 49.648770
 51.623640
 47.042530
 11.401750
 19.924860
 25.179360
 34.928500
 38.209950
 42.941820
 18.439090
 27.658630
 25.495100
 37.656340
 36.769550
 33.526110
 34.132100
 36.235340
 32.202480
 38.910150
 36.687870
 32.310990
 39.293770
 27.802880
 28.160260
 41.340050
 42.579340
 52.801510
 22.090720
 25.059930
  7.280110
  9.486833
 42.755120
 18.788290
 14.764820
 40.718550
 31.906110
 42.047590
 49.980000
 32.140320
 23.409400
 13.892440
  8.246211
 34.539830
 45.254830
 52.801510
 63.031740
 54.708320
 61.057350
 38.832980
 25.059930
 31.764760
 51.971150
 28.160260
 18.000000
 27.802880
 40.000000
 52.086470
 51.662360
 13.601470
 32.756680
 47.675990
 61.717100
 38.183770
 53.535030
 41.484940
 50.010000
 38.052600
 15.652480
 11.704700
  6.403124
   .000000
 17.464250
 34.365680
 36.496570
 16.643320
 31.890440
 49.648770
 57.801380
 56.568540
 44.283180
 34.713110
 29.120440
 18.439090
 28.017850
 12.529960
 22.022710
 25.079870
 55.009090
 41.677330
 71.589100
 44.922150
 24.515300
 24.331050
 46.818800
 49.517670
 46.754680
 51.088160
 54.561890
 37.363080
 41.000000
 48.000000
 44.181440
 45.541190
 42.047590
  5.385165
 15.033300
 21.095020
 30.149630
 35.171010
 37.161810
 13.000000
 21.400930
 23.430750
 33.060550
 31.320920
 28.442920
 28.178010
 30.463090
 26.570660
 33.241540
 31.575310
 26.925820
 34.365680
 43.931770
 39.824620
 58.668560
 54.129470
 68.593000
 39.051250
 42.485290
 22.803510
 25.317980
 49.648770
 25.298220
 14.317820
 55.000000
 49.244290
 58.694120
 67.416620
 48.166380
 38.013160
 31.304950
 12.041590
 39.115220
 61.846580
 69.892780
 79.812280
 67.601780
 76.059190
 54.451810
 40.311290
 46.754680
 63.560990
 34.928500
 29.681640
 29.017240
 49.648770
 60.415230
 57.078890
  8.944272
 50.000000
 63.007930
 77.794600
 54.817880
 70.830790
 58.821770
 67.186310
 54.230990
 30.000000
 20.396080
 12.165530
 17.464250
   .000000
 46.065170
 44.147480
 32.649650
 48.270070
 64.202800
 72.622310
 73.109500
 61.741400
 51.613950
 46.486560
 35.735140
 44.407210
 20.591260
 21.023800
 12.727920
 56.718610
 43.289720
 87.692640
 57.801380
 37.443290
 33.241540
 51.000000
 66.219330
 63.600320
 68.007350
 71.400280
 50.249380
 53.235320
 57.280010
 54.781380
 58.830270
 50.960770
 22.847320
 32.015620
 37.336310
 47.074410
 50.039990
 54.626000
 25.612500
 38.587560
 25.019990
 49.819680
 48.703180
 45.607020
 45.617980
 47.927030
 44.011360
 50.695170
 48.764740
 44.271890
 51.419840
 16.970560
  6.324555
 32.310990
  8.246211
 28.160260
 36.235340
 27.802880
 27.166150
 37.215590
 15.264340
 21.400930
 32.449960
 12.369320
 27.802880
 48.918300
 45.310040
 45.803930
 45.310040
 27.892650
 34.539830
 18.110770
 27.073970
 37.054020
 42.755120
 21.633310
 32.449960
 17.117240
 13.892440
 11.661900
 17.720050
 14.764820
 16.763050
 25.059930
  7.810250
 19.697720
 24.083190
 46.840150
 38.183770
 59.396970
 37.336310
 23.086790
 40.311290
 41.880780
 50.119860
 48.836460
 41.976180
 45.011110
 40.024990
 34.365680
 46.065170
   .000000
 11.180340
 20.396080
 18.867960
 20.591260
 28.844410
 35.510560
 38.078870
 23.706540
 34.713110
 32.695560
 41.880780
 25.495100
 29.732140
 43.863430
 33.541020
 26.076810
 46.518810
 12.041590
 10.000000
 13.453620
 23.259410
 31.000000
 30.149630
 34.014700
 36.055510
  5.385165
  7.211102
 14.866070
 10.049880
 13.453620
 10.630150
 32.000000
 34.481880
 39.395430
 39.824620
 51.865210
 34.669870
 21.587030
 24.186770
 25.612500
 42.520580
 35.355340
 37.013510
 29.000000
 31.827660
 32.015620
 34.058770
 38.209950
 34.205260
 41.012190
 26.925820
 12.041590
 43.324360
 14.317820
 38.470770
 44.045430
 36.878180
 30.083220
 41.785160
  6.324555
 19.104970
 29.832870
 23.021730
 38.078870
 58.821770
 56.302750
 54.451810
 52.153620
 34.132100
 34.058770
  8.062258
 38.209950
 48.166380
 53.338540
 28.017850
 41.231060
 28.284270
 22.803510
 22.472200
 21.931710
  9.219544
 18.973670
 17.804490
  7.211102
 16.278820
 15.652480
 47.042530
 47.801670
 68.883960
 47.296940
 34.205260
 51.478150
 52.354560
 60.835850
 58.137770
 47.423620
 48.052060
 41.048750
 36.496570
 44.147480
 11.180340
   .000000
 26.627050
 29.546570
 30.083220
 37.696160
 46.173580
 49.040800
 34.539830
 44.045430
 40.000000
 50.249380
 25.000000
 24.596750
 38.948680
 23.021730
 15.000000
 55.973210
 20.248460
 16.278820
 12.165530
 12.806250
 42.047590
 41.303750
 45.099890
 47.000000
 16.000000
 15.524170
 13.416410
 12.806250
 22.135940
  7.211102
 35.735140
 40.816660
 46.615450
 48.836460
 60.207970
 45.177430
 23.769730
 32.526910
 20.124610
 51.739730
 45.000000
 46.010870
 38.600520
 41.617310
 41.109610
 44.102150
 47.634020
 43.185650
 50.606320
 11.313710
 15.231550
 27.202940
 28.071340
 36.235340
 17.691810
 13.152950
  9.899495
 17.000000
 32.756680
 17.262680
 23.086790
 24.351590
 18.248290
 35.114100
 38.118240
 28.600700
 25.553870
  7.615773
 20.808650
 28.425340
 29.206160
 37.589890
 47.201690
 38.832980
 44.418460
 22.203600
  8.544003
 15.231550
 37.013510
 21.400930
  9.848858
 27.202940
 27.513630
 39.849720
 42.190040
 30.232430
 24.041630
 43.909000
 45.276920
 22.203600
 39.000000
 31.144820
 40.199500
 33.120990
 21.587030
 25.495100
 23.021730
 16.643320
 32.649650
 20.396080
 26.627050
   .000000
 15.620500
 33.105890
 41.182520
 40.459860
 31.400640
 19.235380
 19.924860
 13.453620
 24.207440
 15.297060
 26.000000
 36.055510
 48.795490
 37.202150
 55.172460
 29.274560
 10.770330
 16.401220
 39.051250
 33.600590
 31.064450
 35.510560
 38.832980
 22.022710
 26.000000
 35.171010
 30.413810
 29.614190
 30.083220
 12.649110
 14.317820
 20.000000
 23.706540
 33.970580
 25.019990
  9.055386
  8.062258
 24.331050
 26.832820
 21.587030
 21.023800
 16.031220
 19.104970
 16.763050
 22.090720
 23.409400
 18.384780
 26.570660
  4.472136
 18.439090
 14.142140
 22.803510
 21.095020
 22.022710
 12.041590
 25.495100
 29.546570
 34.132100
 29.832870
 38.013160
 13.601470
  9.219544
 30.413810
 26.925820
 29.154760
 32.015620
 19.235380
 36.400550
 34.928500
 13.601470
 22.472200
 31.622780
 28.284270
 30.083220
  8.062258
  9.219544
  7.211102
 29.154760
 29.154760
 21.840330
 38.052600
 26.400760
 36.878180
 42.801870
 45.453270
 20.248460
 41.231060
 29.832870
  6.708204
 24.515300
 23.021730
 31.304950
 31.064450
 31.780500
 38.910150
 38.288380
 31.890440
 48.270070
 18.867960
 29.546570
 15.620500
   .000000
 20.099750
 27.202940
 24.839490
 19.646880
  5.099020
 17.464250
 20.223750
 25.961510
 29.966650
 39.293770
 50.990200
 52.354560
 43.680660
 39.698870
 20.615530
 16.000000
 25.000000
 42.059480
 18.027760
 15.652480
 20.124610
 23.323810
 16.278820
 20.000000
 31.890440
 26.248810
 19.924860
 29.206160
 27.202940
 23.769730
 26.000000
 22.847320
 35.468300
 15.811390
 23.706540
 11.704700
 36.496570
 25.059930
 17.492860
 20.248460
 11.704700
 13.892440
 15.524170
 15.620500
 20.591260
 17.720050
 23.021730
 22.803510
 25.612500
 25.059930
 16.124520
  9.219544
 42.011900
 32.015620
 42.544090
 49.040800
 31.064450
 41.109610
 51.623640
  9.219544
 27.294690
 46.097720
 36.124780
 47.853940
 52.009610
 38.600520
 52.201530
 37.947330
 15.000000
 22.472200
 24.083190
 10.000000
 12.041590
 12.041590
 24.596750
 17.888540
 14.764820
 35.355340
 34.713110
 45.650850
 23.345240
 27.202940
 36.496570
 63.134780
 38.078870
 57.271290
 17.262680
 17.464250
 26.627050
 37.121420
 42.801870
 48.383880
 51.788030
 58.189350
 55.946400
 49.648770
 64.202800
 20.591260
 30.083220
 33.105890
 20.099750
   .000000
  8.485281
 17.464250
 30.232430
 21.213200
 36.345560
 40.311290
 45.276920
 43.931770
 50.000000
 63.780880
 48.259710
 44.721360
 26.000000
 10.049880
 26.907250
 33.600590
 39.000000
 16.401220
 17.691810
 19.416490
 19.697720
 15.264340
 14.560220
 23.345240
 19.000000
  8.062258
 25.079870
 45.694640
 43.737850
 46.043460
 41.593270
 54.129470
 31.016120
 38.600520
 31.575310
 46.043460
 43.174060
 35.693140
 39.319210
 31.064450
 32.388270
 35.057090
 32.984840
 38.832980
 37.121420
 40.521600
 30.463090
 34.058770
 28.635640
 23.409400
  8.544003
 48.507730
 38.639360
 50.774010
 56.648040
 37.854990
 49.578220
 60.108230
 17.691810
 33.060550
 49.729270
 37.589890
 53.084840
 58.420890
 46.238510
 60.605280
 45.694640
 18.248290
 22.203600
 19.697720
 12.165530
  3.605551
 19.313210
 32.756680
 26.076810
 19.026300
 43.566040
 43.185650
 53.851650
 30.675720
 32.062440
 42.000000
 71.344240
 43.104520
 60.728900
 11.401750
 23.086790
 26.400760
 40.521600
 44.721360
 52.773100
 58.940650
 65.924200
 64.140470
 57.801380
 72.622310
 28.844410
 37.696160
 41.182520
 27.202940
  8.485281
   .000000
 14.866070
 32.893770
 27.166150
 42.011900
 47.296940
 51.009800
 52.402290
 58.412330
 72.249570
 54.009260
 51.923020
 18.439090
 17.464250
 35.383610
 42.011900
 45.398240
 17.464250
 19.924860
 19.723080
 18.439090
 23.600850
 22.360680
 29.068880
 25.709920
 15.652480
 32.015620
 53.665630
 50.960770
 52.611790
 47.010640
 59.211490
 35.355340
 47.010640
 38.897300
 54.405880
 48.166380
 41.012190
 45.011110
 37.215590
 38.013160
 41.194660
 38.052600
 44.045430
 43.104520
 45.276920
 29.206160
 38.897300
 18.681540
 33.060550
  8.246211
 42.047590
 33.286630
 50.328920
 53.009430
 48.041650
 53.225930
 62.433960
 23.194830
 26.419690
 38.052600
 24.041630
 43.737850
 51.264020
 43.278170
 61.220910
 53.600370
 11.313710
  8.246211
  7.280110
 25.942240
 14.422200
 19.697720
 33.286630
 27.730850
 31.953090
 49.729270
 45.650850
 59.774580
 40.000000
 44.643030
 53.935150
 70.035710
 33.955850
 48.507730
  7.000000
 18.384780
 12.083050
 29.000000
 31.320920
 42.047590
 53.712200
 62.425960
 62.936480
 56.568540
 73.109500
 35.510560
 46.173580
 40.459860
 24.839490
 17.464250
 14.866070
   .000000
 21.000000
 22.022710
 34.176010
 42.190040
 42.720020
 54.378300
 62.649820
 75.292760
 65.620120
 61.131010
 15.652480
 27.166150
 38.483760
 46.818800
 56.142670
  7.211102
 10.295630
  7.071068
  4.123106
 30.265490
 31.000000
 40.792160
 36.221540
 25.179360
 42.047590
 51.662360
 46.324940
 46.097720
 38.327540
 49.365980
 25.709920
 48.259710
 35.468300
 59.236810
 38.639360
 32.572990
 37.000000
 30.886890
 30.463090
 34.438350
 29.410880
 35.171010
 35.846900
 35.510560
 23.194830
 38.078870
  5.830952
 40.224370
 24.351590
 24.758840
 19.313210
 39.849720
 38.013160
 53.225930
 48.041650
 54.341510
 29.206160
 13.152950
 17.117240
  7.280110
 23.409400
 32.449960
 30.463090
 50.921510
 54.571060
 15.264340
 13.152950
 24.041630
 40.224370
 33.955850
 22.203600
 28.160260
 26.570660
 43.863430
 48.662100
 40.012500
 57.078890
 45.177430
 54.203320
 61.400330
 56.603890
 14.422200
 27.892650
 28.000000
 15.264340
 11.180340
  8.000000
 12.727920
 21.095020
 36.769550
 46.861500
 50.119860
 44.283180
 61.741400
 38.078870
 49.040800
 31.400640
 19.646880
 30.232430
 32.893770
 21.000000
   .000000
 14.560220
 16.278820
 26.627050
 23.323810
 46.690470
 57.218880
 67.186310
 71.589100
 63.324560
 35.693140
 36.124780
 35.355340
 44.283180
 61.326990
 15.524170
 13.000000
 14.035670
 17.029390
 34.481880
 37.443290
 49.406480
 43.829210
 34.655450
 47.885280
 38.910150
 30.805840
 28.319600
 18.867960
 28.635640
  7.211102
 40.447500
 23.769730
 55.009090
 18.384780
 14.142140
 18.439090
 16.155490
 13.892440
 18.027760
 11.401750
 15.811390
 18.439090
 15.231550
  9.055386
 23.537200
  9.055386
 26.870060
 19.924860
 21.377560
 11.704700
 28.844410
 31.064450
 38.948680
 34.525350
 42.154480
 16.643320
  6.082763
 26.400760
 21.840330
 26.683330
 31.257000
 21.260290
 39.962480
 40.024990
 10.816650
 18.357560
 28.319600
 30.364450
 29.614190
  9.848858
 14.035670
 12.083050
 32.249030
 34.234490
 26.476400
 43.011630
 31.064450
 41.012190
 47.434170
 48.083260
 17.088010
 37.443290
 27.784890
  4.123106
 19.924860
 18.439090
 26.419690
 27.730850
 32.310990
 40.496910
 41.036570
 34.713110
 51.613950
 23.706540
 34.539830
 19.235380
  5.099020
 21.213200
 27.166150
 22.022710
 14.560220
   .000000
 15.132750
 20.615530
 24.083190
 34.176010
 43.931770
 55.154330
 57.245090
 48.764740
 37.443290
 23.853720
 21.023800
 30.016660
 46.957430
 14.866070
 12.041590
 16.401220
 19.849430
 20.615530
 24.041630
 36.069380
 30.413810
 22.825420
 33.837850
 29.698480
 24.596750
 25.495100
 20.396080
 32.984840
 11.313710
 27.856780
 13.453620
 41.303750
 22.135940
 14.560220
 18.110770
 10.049880
 11.180340
 14.035670
 12.083050
 17.720050
 16.000000
 19.697720
 17.804490
 32.015620
 15.652480
 39.962480
 34.234490
  8.485281
  7.211102
 26.019220
 21.954500
 49.517670
 37.107950
 41.012190
 31.016120
  9.055386
 15.231550
 21.023800
 11.704700
 17.088010
 16.031220
 36.496570
 47.507890
 24.331050
 27.784890
 38.948680
 45.354160
 44.181440
 24.738630
 21.260290
 23.853720
 46.615450
 40.706260
 29.732140
 47.127490
 42.520580
 53.823790
 58.694120
 40.706260
  4.123106
 24.839490
 40.804410
 19.026300
 27.018510
 12.369320
 21.095020
 14.142140
 20.518280
 30.610460
 34.539830
 29.120440
 46.486560
 34.713110
 44.045430
 19.924860
 17.464250
 36.345560
 42.011900
 34.176010
 16.278820
 15.132750
   .000000
 10.770330
  9.000000
 34.132100
 45.398240
 53.338540
 67.007460
 56.435800
 49.769470
 38.078870
 28.017850
 35.777090
 56.850680
 27.202940
 24.041630
 27.313000
 30.870700
 33.286630
 37.215590
 48.826220
 43.266620
 37.336310
 45.343140
 23.769730
 14.764820
 12.206560
  5.385165
 18.027760
  9.219544
 28.442920
 12.083050
 44.147480
  7.810250
  2.236068
  3.000000
  5.830952
  4.000000
  3.162278
  5.000000
  3.605551
  2.236068
  6.708204
 18.027760
 28.301940
 24.758840
 39.560080
 40.496910
  4.472136
  8.944272
 16.278820
 11.401750
 46.043460
 29.068880
 31.144820
 33.015150
 15.811390
 24.083190
 31.780500
 15.652480
 12.649110
  6.708204
 26.076810
 41.773200
 31.304950
 36.878180
 47.801670
 48.010410
 50.000000
 28.284270
 18.973670
 24.186770
 47.675990
 34.713110
 22.803510
 39.357340
 40.249220
 52.392750
 55.470710
 30.016660
 14.317820
 31.384710
 48.301140
 24.698180
 36.796740
 23.086790
 31.575310
 20.880610
 11.704700
 20.518280
 23.769730
 18.439090
 35.735140
 32.695560
 40.000000
 13.453620
 20.223750
 40.311290
 47.296940
 42.190040
 26.627050
 20.615530
 10.770330
   .000000
 11.180340
 25.000000
 36.400550
 43.046490
 62.241470
 50.447990
 57.801380
 39.319210
 23.853720
 29.732140
 52.497620
 34.985710
 31.906110
 35.805030
 39.408120
 32.984840
 37.107950
 47.539460
 42.379240
 39.115220
 42.941820
 13.152950
  4.242640
  6.708204
 12.041590
 20.615530
 19.416490
 20.124610
  9.055386
 35.846900
 15.132750
 13.000000
 10.049880
 11.401750
 12.806250
  8.602325
 15.264340
 13.152950
  8.544003
 16.031220
 25.495100
 38.288380
 24.041630
 47.853940
 43.185650
  6.708204
 14.317820
 27.202940
 19.104970
 56.080300
 40.249220
 41.773200
 39.560080
 18.027760
 14.317820
 26.172500
  4.472136
  9.219544
 17.888540
 36.124780
 52.630790
 33.241540
 35.846900
 47.010640
 54.129470
 53.150730
 33.541020
 28.017850
 31.780500
 55.027270
 45.607020
 33.837850
 50.537110
 49.648770
 61.400330
 65.436990
 37.363080
  8.944272
 20.248460
 49.477270
 28.017850
 34.481880
 16.970560
 23.706540
 10.049880
 15.231550
 26.000000
 32.249030
 28.017850
 44.407210
 41.880780
 50.249380
 24.207440
 25.961510
 45.276920
 51.009800
 42.720020
 23.323810
 24.083190
  9.000000
 11.180340
   .000000
 36.055510
 47.434170
 53.084840
 72.862880
 61.400330
 58.189350
 46.486560
 33.970580
 40.607880
 62.936480
 35.902650
 32.756680
 35.735140
 39.217340
 41.146080
 45.188500
 56.435800
 51.000000
 45.880280
 52.430910
 23.194830
 13.152950
  7.071068
  4.472136
 10.000000
 17.088010
 31.304950
 17.804490
 47.010640
  5.830952
 10.198040
  6.000000
 14.317820
 13.000000
 10.440310
 13.341660
  7.615773
  8.246211
  8.485281
 25.495100
 19.235380
 42.449970
 33.615470
 49.040800
 29.410880
 28.017850
  8.944272
 20.518280
 31.064450
  6.324555
  8.062258
 34.713110
 33.541020
 48.836460
 53.338540
 40.496910
 33.837850
 18.439090
  9.219544
 22.135940
 43.416590
 52.392750
 61.400330
 47.010640
 55.901700
 35.000000
 21.095020
 27.018510
 43.081320
 16.124520
  9.219544
 15.556350
 29.614190
 41.109610
 39.623230
 22.090720
 38.209950
 56.302750
 58.412330
 36.674240
 54.083270
 46.000000
 55.009090
 45.880280
 26.907250
 24.166090
 16.124520
 12.529960
 20.591260
 25.495100
 25.000000
 15.297060
 29.966650
 43.931770
 52.402290
 54.378300
 46.690470
 34.176010
 34.132100
 25.000000
 36.055510
   .000000
 11.401750
 21.023800
 42.485290
 29.154760
 68.249540
 37.215590
 17.029390
 13.152950
 34.481880
 47.885280
 45.617980
 50.089920
 53.235320
 29.681640
 32.649650
 37.483330
 34.481880
 38.275320
 31.257000
 14.212670
 23.259410
 29.966650
 36.878180
 44.721360
 40.199500
  6.324555
 23.086790
 11.401750
 40.024990
 36.055510
 34.525350
 31.064450
 34.014700
 31.064450
 37.013510
 37.336310
 32.249030
 40.447500
 34.928500
 24.413110
 52.611790
 36.878180
 56.435800
 40.804410
 39.051250
 20.248460
 31.064450
 29.410880
  9.486833
  8.062258
 41.048750
 44.102150
 60.207970
 64.070270
 51.865210
 44.777230
 29.832870
 15.000000
 18.439090
 52.201530
 61.684680
 69.856990
 50.990200
 62.008060
 42.953460
 30.083220
 34.928500
 45.803930
 15.811390
 17.464250
  8.000000
 31.064450
 40.496910
 36.221540
 26.570660
 49.497470
 67.675700
 65.863490
 45.880280
 63.788720
 57.078890
 66.121100
 57.280010
 37.443290
 32.649650
 23.021730
 22.022710
 21.023800
 29.732140
 24.596750
 26.000000
 39.293770
 50.000000
 58.412330
 62.649820
 57.218880
 43.931770
 45.398240
 36.400550
 47.434170
 11.401750
   .000000
 14.422200
 35.902650
 22.360680
 75.471850
 41.725290
 24.166090
 16.401220
 30.016660
 56.648040
 54.708320
 59.135440
 62.032250
 34.828150
 36.769550
 38.013160
 36.619670
 43.185650
 31.764760
 25.059930
 34.539830
 41.231060
 48.270070
 55.946400
 51.009800
 17.029390
 34.014700
  4.472136
 51.419840
 47.265210
 45.891170
 42.011900
 45.044420
 42.296570
 48.041650
 48.662100
 43.566040
 51.788030
 46.518810
 38.209950
 63.245550
 51.224990
 69.634760
 47.000000
 48.052060
 27.459060
 34.365680
 43.462630
 22.671570
 13.000000
 54.671750
 54.120240
 67.000000
 73.545910
 57.218880
 48.052060
 37.336310
 17.000000
 32.310990
 64.412730
 73.409810
 82.365040
 65.299310
 75.822160
 55.758410
 42.059480
 47.707440
 60.216280
 30.232430
 29.681640
 21.540660
 45.486260
 54.626000
 49.477270
 21.400930
 57.218880
 72.691120
 79.056940
 57.697490
 75.026660
 65.620120
 74.431180
 63.126860
 40.024990
 31.780500
 22.135940
 25.079870
 12.727920
 43.863430
 38.948680
 36.055510
 50.990200
 63.780880
 72.249570
 75.292760
 67.186310
 55.154330
 53.338540
 43.046490
 53.084840
 21.023800
 14.422200
   .000000
 47.000000
 34.234490
 88.814410
 55.901700
 37.202150
 30.413810
 42.953460
 68.883960
 66.640830
 71.112590
 74.242840
 48.795490
 50.990200
 52.354560
 51.039200
 57.280010
 46.141090
 30.000000
 40.012500
 46.173580
 55.009090
 60.016660
 60.415230
 27.313000
 43.416590
 18.867960
 58.000000
 55.443660
 53.084840
 51.195700
 53.935150
 50.487620
 56.885850
 56.142670
 51.244510
 59.076220
 49.929950
 35.000000
 65.795140
 32.756680
 57.428220
 66.468040
 59.816390
 49.929950
 62.128900
 18.384780
 36.235340
 43.680660
 43.680660
 61.057350
 81.841310
 78.790860
 77.155690
 73.878280
 55.973210
 49.980000
 20.808650
 59.481090
 69.123080
 72.339480
 42.107010
 57.078890
 49.980000
 45.803930
 45.177430
 35.057090
 27.802880
 39.824620
 28.160260
 26.570660
 22.203600
 12.041590
 62.361850
 70.802540
 91.831370
 65.030760
 56.462380
 72.801100
 75.292760
 83.648070
 81.055530
 68.242220
 66.640830
 57.939620
 55.009090
 56.718610
 33.541020
 23.021730
 48.795490
 52.354560
 48.259710
 54.009260
 65.620120
 71.589100
 57.245090
 67.007460
 62.241470
 72.862880
 42.485290
 35.902650
 47.000000
   .000000
 13.601470
 72.173400
 38.470770
 39.051250
 32.649650
 10.295630
 62.817200
 62.641840
 65.969690
 67.268120
 37.336310
 35.171010
 25.019990
 29.427880
 40.447500
 24.041630
 55.758410
 62.482000
 68.680420
 71.700770
 82.734510
 68.095520
 43.829210
 55.317270
 32.572990
 74.652530
 68.007350
 68.883960
 61.611690
 64.637450
 64.031240
 67.119290
 70.604530
 66.068150
 73.600270
 40.496910
 25.298220
 57.723480
 28.635640
 53.338540
 54.817880
 49.244290
 37.013510
 49.203660
 14.317820
 23.021730
 30.083220
 38.013160
 51.623640
 71.589100
 70.604530
 65.802730
 61.522350
 43.931770
 36.400550
  8.944272
 53.150730
 63.126860
 68.264190
 41.231060
 55.362440
 43.185650
 35.846900
 36.878180
 34.438350
 15.811390
 27.658630
 14.560220
 21.377560
 24.083190
 16.124520
 48.764740
 60.415230
 80.993830
 61.983870
 48.836460
 66.370170
 65.924200
 74.672620
 70.178340
 55.443660
 53.235320
 44.384680
 41.677330
 43.289720
 26.076810
 15.000000
 37.202150
 43.680660
 44.721360
 51.923020
 61.131010
 63.324560
 48.764740
 56.435800
 50.447990
 61.400330
 29.154760
 22.360680
 34.234490
 13.601470
   .000000
 70.342020
 34.713110
 28.635640
 20.808650
  9.433981
 57.035080
 56.222770
 60.074950
 62.000000
 31.000000
 30.265490
 24.186770
 26.248810
 36.674240
 19.924860
 42.801870
 50.209560
 56.639210
 60.745370
 71.063350
 58.872750
 31.144820
 44.418460
 18.973670
 63.812230
 57.706150
 57.982760
 51.429560
 54.561890
 53.338540
 57.271290
 60.033330
 55.226810
 63.134780
 43.863430
 51.107730
 34.176010
 41.761230
 19.209370
 57.697490
 48.877400
 65.069190
 68.505480
 56.293870
 66.287250
 76.216800
 34.481880
 42.059480
 52.239830
 37.000000
 58.940650
 66.850580
 58.600340
 75.690160
 63.906180
 26.627050
 22.561030
 12.000000
 30.066590
 15.132750
 33.301650
 47.423620
 41.231060
 37.121420
 61.269890
 59.203040
 71.554180
 49.040800
 50.039990
 60.133190
 85.146930
 49.335590
 62.000000
  9.899495
 33.600590
 25.079870
 43.566040
 44.045430
 56.718610
 69.354160
 77.935870
 77.987170
 71.589100
 87.692640
 46.518810
 55.973210
 55.172460
 39.698870
 26.000000
 18.439090
 15.652480
 35.693140
 37.443290
 49.769470
 57.801380
 58.189350
 68.249540
 75.471850
 88.814410
 72.173400
 70.342020
   .000000
 35.735140
 51.613950
 59.169250
 63.788720
 22.825420
 25.942240
 22.472200
 18.973670
 41.146080
 40.496910
 47.381430
 44.147480
 33.837850
 50.447990
 66.843100
 61.911230
 61.741400
 53.758720
 64.327290
 41.109610
 62.369870
 50.803540
 71.693790
 53.851650
 48.104050
 52.554730
 46.529560
 46.097720
 50.089920
 44.944410
 50.596440
 51.478150
 50.695170
 21.377560
 18.027760
 30.413810
  6.082763
 19.026300
 41.976180
 32.280030
 37.643060
 46.173580
 21.023800
 33.421550
 44.407210
  7.211102
 29.529650
 50.219520
 42.801870
 49.769470
 51.788030
 36.013890
 46.065170
 28.231190
 21.954500
 31.016120
 34.014700
  9.848858
 21.023800
 14.212670
 21.023800
 15.132750
  8.544003
 26.400760
 28.178010
 36.619670
 13.341660
 18.357560
 26.925820
 57.939620
 40.706260
 61.294370
 27.294690
 21.260290
 34.928500
 41.868840
 48.836460
 51.478150
 50.010000
 54.744860
 50.921510
 44.922150
 57.801380
 12.041590
 20.248460
 29.274560
 20.615530
 10.049880
 17.464250
 27.166150
 36.124780
 23.853720
 38.078870
 39.319210
 46.486560
 37.215590
 41.725290
 55.901700
 38.470770
 34.713110
 35.735140
   .000000
 20.615530
 25.495100
 29.017240
 24.698180
 25.059930
 27.856780
 28.861740
  7.615773
  5.000000
 13.928390
  9.055386
  2.000000
 15.033300
 41.773200
 42.047590
 45.705580
 43.462630
 56.080300
 35.000000
 32.695560
 30.265490
 37.536650
 45.617980
 38.013160
 40.853400
 32.310990
 34.438350
 36.055510
 35.846900
 41.146080
 38.275320
 43.416590
 12.165530
  4.472136
 30.066590
 18.110770
 32.449960
 27.802880
 20.808650
 17.262680
 27.294690
 22.203600
 14.764820
 24.758840
 17.691810
 23.086790
 43.046490
 42.579340
 38.183770
 36.235340
 18.384780
 25.553870
 19.697720
 28.160260
 37.854990
 45.694640
 30.463090
 38.897300
 18.788290
  7.280110
 10.770330
 27.459060
 13.341660
  7.810250
 22.090720
 16.763050
 29.120440
 31.622780
 37.336310
 31.906110
 52.801510
 41.880780
 22.203600
 40.311290
 37.336310
 46.173580
 42.011900
 32.280030
 35.014280
 30.364450
 24.515300
 37.443290
 10.000000
 16.278820
 10.770330
 16.000000
 26.907250
 35.383610
 38.483760
 35.355340
 21.023800
 28.017850
 23.853720
 33.970580
 17.029390
 24.166090
 37.202150
 39.051250
 28.635640
 51.613950
 20.615530
   .000000
  9.000000
 29.000000
 32.572990
 30.805840
 35.171010
 37.947330
 13.000000
 16.492420
 24.515300
 20.024980
 21.470910
 19.313210
 22.000000
 25.079870
 30.528680
 32.649650
 43.931770
 30.364450
 12.083050
 16.278820
 20.880610
 35.608990
 29.154760
 29.832870
 22.825420
 25.942240
 25.000000
 28.635640
 31.622780
 27.018510
 34.669870
 21.095020
  8.062258
 39.051250
 21.095020
 40.249220
 34.058770
 28.635640
 18.027760
 29.966650
 18.439090
  8.062258
 19.235380
 24.698180
 31.780500
 50.990200
 51.478150
 45.000000
 41.231060
 23.345240
 22.360680
 12.041590
 36.878180
 46.690470
 54.083270
 35.000000
 45.607020
 27.202940
 16.124520
 19.416490
 30.413810
  5.000000
  7.211102
 13.152950
 16.492420
 28.017850
 27.513630
 35.227830
 39.812060
 60.207970
 49.648770
 31.144820
 49.254440
 45.880280
 54.817880
 49.396350
 35.846900
 35.902650
 29.000000
 24.331050
 33.241540
 13.453620
 12.165530
 16.401220
 25.000000
 33.600590
 42.011900
 46.818800
 44.283180
 30.016660
 35.777090
 29.732140
 40.607880
 13.152950
 16.401220
 30.413810
 32.649650
 20.808650
 59.169250
 25.495100
  9.000000
   .000000
 23.323810
 41.231060
 39.623230
 43.931770
 46.572530
 18.439090
 20.615530
 24.331050
 21.540660
 26.870060
 18.110770
 23.769730
 29.832870
 36.069380
 39.962480
 50.328920
 39.051250
 11.704700
 23.706540
 12.529960
 43.046490
 37.161810
 37.215590
 31.016120
 34.176010
 32.649650
 37.000000
 39.357340
 34.481880
 42.485290
 39.661060
 24.839490
 55.542780
 23.086790
 48.041650
 56.639210
 49.678970
 41.146080
 53.235320
  8.246211
 28.160260
 37.121420
 33.734260
 50.774010
 71.610050
 68.541960
 67.178860
 64.404970
 46.400430
 42.755120
 12.369320
 49.477270
 59.228370
 63.031740
 33.955850
 48.662100
 39.849720
 35.608990
 34.885530
 26.925820
 18.788290
 30.528680
 22.022710
 16.492420
 15.264340
  6.708204
 55.578770
 60.605280
 81.688430
 56.080300
 46.238510
 62.817200
 65.000000
 73.355300
 70.936590
 59.169250
 58.523500
 50.447990
 46.818800
 51.000000
 23.259410
 12.806250
 39.051250
 42.059480
 39.000000
 45.398240
 56.142670
 61.326990
 46.957430
 56.850680
 52.497620
 62.936480
 34.481880
 30.016660
 42.953460
 10.295630
  9.433981
 63.788720
 29.017240
 29.000000
 23.323810
   .000000
 52.952810
 52.630790
 56.089210
 57.558670
 27.202940
 25.317980
 16.492420
 20.000000
 31.016120
 14.142140
 46.957430
 53.009430
 59.033890
 61.619800
 72.862880
 57.801380
 34.885530
 45.276920
 26.019220
 64.536810
 57.801380
 58.796260
 51.400390
 54.405880
 53.907330
 56.859470
 60.440050
 55.973210
 63.411350
 22.472200
 33.541020
 12.041590
 30.083220
  8.944272
 34.928500
 26.076810
 43.416590
 45.803930
 44.721360
 47.169910
 55.946400
 19.235380
 19.235380
 32.557640
 20.248460
 37.215590
 44.271890
 36.124780
 54.405880
 49.040800
  4.472136
  6.324555
 13.601470
 26.172500
 18.439090
 14.142140
 26.832820
 21.840330
 31.064450
 44.553340
 39.395430
 54.341510
 36.496570
 42.953460
 51.546100
 62.936480
 27.294690
 43.416590
 13.601470
 11.401750
 10.295630
 23.345240
 27.294690
 36.055510
 46.529560
 55.217750
 55.865910
 49.517670
 66.219330
 31.000000
 42.047590
 33.600590
 18.027760
 16.401220
 17.464250
  7.211102
 15.524170
 14.866070
 27.202940
 34.985710
 35.902650
 47.885280
 56.648040
 68.883960
 62.817200
 57.035080
 22.825420
 24.698180
 32.572990
 41.231060
 52.952810
   .000000
  3.162278
  3.162278
  5.385165
 26.076810
 27.658630
 38.626420
 33.526110
 22.847320
 38.832980
 44.553340
 39.115220
 39.000000
 31.575310
 43.046490
 19.104970
 41.677330
 28.319600
 53.450910
 32.140320
 25.709920
 30.083220
 23.706540
 23.409400
 27.313000
 22.561030
 28.442920
 28.792360
 29.068880
 20.124610
 32.140320
  9.000000
 30.083220
 11.401750
 31.780500
 23.021730
 40.804410
 42.801870
 44.384680
 45.221680
 53.665630
 18.973670
 16.124520
 29.832870
 18.439090
 34.132100
 41.109610
 33.241540
 51.865210
 48.010410
  3.162278
  7.071068
 16.278820
 27.658630
 21.213200
 13.038400
 24.698180
 20.223750
 32.015620
 43.185650
 37.336310
 52.773100
 36.138620
 43.416590
 51.623640
 60.108230
 24.186770
 40.804410
 16.763050
  8.944272
 10.198040
 20.615530
 25.238860
 33.136080
 43.416590
 52.201530
 53.075420
 46.754680
 63.600320
 30.149630
 41.303750
 31.064450
 15.652480
 17.691810
 19.924860
 10.295630
 13.000000
 12.041590
 24.041630
 31.906110
 32.756680
 45.617980
 54.708320
 66.640830
 62.641840
 56.222770
 25.942240
 25.059930
 30.805840
 39.623230
 52.630790
  3.162278
   .000000
  4.472136
  7.810250
 25.495100
 27.513630
 38.910150
 33.615470
 23.323810
 38.600520
 41.725290
 36.055510
 35.846900
 28.442920
 40.012500
 16.031220
 39.357340
 25.455840
 51.662360
 29.068880
 22.561030
 26.925820
 20.591260
 20.248460
 24.166090
 19.416490
 25.317980
 25.632010
 26.019220
 24.596750
 36.345560
 11.704700
 33.241540
 11.401750
 35.355340
 27.018510
 45.221680
 46.861500
 47.853940
 49.648770
 58.137770
 22.360680
 20.000000
 31.144820
 17.888540
 36.674240
 44.384680
 37.483330
 56.302750
 52.009610
  7.071068
  3.162278
 12.041590
 29.068880
 20.248460
 17.029390
 29.154760
 24.515300
 34.132100
 47.381430
 41.785160
 57.070130
 39.623230
 46.097720
 54.708320
 64.381680
 26.925820
 41.773200
 14.035670
 13.416410
  7.211102
 22.022710
 25.079870
 35.014280
 47.169910
 56.222770
 57.384670
 51.088160
 68.007350
 34.014700
 45.099890
 35.510560
 20.124610
 19.416490
 19.723080
  7.071068
 14.035670
 16.401220
 27.313000
 35.805030
 35.735140
 50.089920
 59.135440
 71.112590
 65.969690
 60.074950
 22.472200
 27.856780
 35.171010
 43.931770
 56.089210
  3.162278
  4.472136
   .000000
  3.605551
 29.154760
 30.805840
 41.785160
 36.687870
 26.000000
 41.976180
 46.010870
 40.000000
 39.357340
 31.320920
 42.296570
 18.681540
 43.829210
 29.732140
 56.044620
 31.575310
 25.632010
 30.083220
 24.413110
 23.706540
 27.784890
 22.472200
 28.160260
 29.068880
 28.442920
 27.784890
 38.832980
 15.231550
 34.525350
 10.816650
 38.948680
 30.610460
 48.600410
 50.447990
 49.365980
 52.554730
 61.294370
 24.020820
 23.600850
 34.014700
 19.924860
 40.024990
 47.927030
 41.012190
 59.640590
 54.147950
  9.848858
  4.123106
  8.485281
 28.844410
 18.357560
 19.416490
 32.202480
 27.202940
 34.438350
 49.819680
 44.777230
 59.665740
 41.194660
 46.818800
 55.785300
 67.896980
 30.364450
 44.407210
 11.045360
 16.643320
  8.062258
 25.019990
 27.202940
 38.118240
 50.774010
 59.816390
 60.876930
 54.561890
 71.400280
 36.055510
 47.000000
 38.832980
 23.323810
 19.697720
 18.439090
  4.123106
 17.029390
 19.849430
 30.870700
 39.408120
 39.217340
 53.235320
 62.032250
 74.242840
 67.268120
 62.000000
 18.973670
 28.861740
 37.947330
 46.572530
 57.558670
  5.385165
  7.810250
  3.605551
   .000000
 31.000000
 32.249030
 42.720020
 37.854990
 26.925820
 43.416590
 49.517670
 43.600460
 42.941820
 34.785050
 45.541190
 22.135940
 47.010640
 33.241540
 58.821770
 34.928500
 29.154760
 33.615470
 28.017850
 27.294690
 31.384710
 26.000000
 31.622780
 32.649650
 31.780500
 15.652480
 10.630150
 28.653100
  6.708204
 22.803510
 36.055510
 26.832820
 30.083220
 39.012820
 18.973670
 26.172500
 37.013510
  7.071068
 25.495100
 46.690470
 41.593270
 44.777230
 45.607020
 29.068880
 38.470770
 23.345240
 22.360680
 32.249030
 37.483330
 17.464250
 27.202940
 12.649110
 14.142140
  9.433981
 15.000000
 20.124610
 20.591260
 30.413810
 10.770330
 20.615530
 26.925820
 50.328920
 36.400550
 57.489130
 31.953090
 19.235380
 35.693140
 39.051250
 46.872170
 47.201690
 43.185650
 47.381430
 43.324360
 37.363080
 50.249380
  5.385165
 16.000000
 22.022710
 16.278820
 15.264340
 23.600850
 30.265490
 34.481880
 20.615530
 33.286630
 32.984840
 41.146080
 29.681640
 34.828150
 48.795490
 37.336310
 31.000000
 41.146080
  7.615773
 13.000000
 18.439090
 27.202940
 26.076810
 25.495100
 29.154760
 31.000000
   .000000
  4.123106
 15.620500
 10.000000
  8.602325
 13.416410
 34.365680
 35.355340
 39.560080
 38.587560
 51.000000
 31.890440
 25.079870
 24.041630
 30.805840
 41.048750
 33.600590
 35.846900
 27.459060
 30.000000
 30.886890
 31.890440
 36.619670
 33.120990
 39.204590
 19.697720
 13.416410
 31.622780
  2.828427
 23.086790
 40.162170
 30.870700
 33.734260
 43.000000
 17.117240
 28.600700
 39.661060
  8.544003
 29.206160
 50.328920
 44.418460
 48.764740
 49.729270
 33.136080
 41.629320
 23.409400
 24.351590
 33.955850
 38.052600
 14.422200
 25.942240
 15.264340
 18.248290
 13.416410
 11.045360
 21.400930
 23.769730
 31.622780
  9.000000
 16.970560
 24.166090
 53.758720
 40.224370
 61.220910
 31.780500
 22.203600
 37.643060
 42.449970
 50.000000
 51.039200
 47.265210
 51.244510
 46.840150
 41.000000
 53.235320
  7.211102
 15.524170
 26.000000
 20.000000
 14.560220
 22.360680
 31.000000
 37.443290
 24.041630
 37.215590
 37.107950
 45.188500
 32.649650
 36.769550
 50.990200
 35.171010
 30.265490
 40.496910
  5.000000
 16.492420
 20.615530
 25.317980
 27.658630
 27.513630
 30.805840
 32.249030
  4.123106
   .000000
 12.041590
  6.403124
  6.708204
 11.180340
 38.209950
 39.458840
 43.680660
 42.544090
 55.009090
 35.355340
 28.460500
 28.160260
 32.557640
 44.944410
 37.443290
 39.824620
 31.384710
 33.837850
 34.885530
 35.608990
 40.496910
 37.121420
 43.011630
 31.064450
 20.223750
 43.600460
  9.219544
 32.557640
 50.990200
 42.190040
 41.048750
 51.788030
 10.000000
 32.015620
 43.011630
 20.248460
 41.109610
 62.289650
 56.302750
 60.207970
 60.166440
 42.720020
 46.690470
 20.615530
 35.777090
 44.944410
 47.381430
 17.464250
 32.249030
 27.202940
 28.635640
 25.000000
 10.440310
 22.472200
 30.000000
 31.064450
  8.000000
  5.000000
 13.152950
 59.539900
 52.009610
 73.109500
 40.012500
 34.205260
 48.846700
 54.488530
 62.008060
 62.801270
 56.753850
 59.135440
 53.150730
 48.000000
 57.280010
 14.866070
 13.416410
 35.171010
 31.890440
 23.345240
 29.068880
 40.792160
 49.406480
 36.069380
 48.826220
 47.539460
 56.435800
 37.483330
 38.013160
 52.354560
 25.019990
 24.186770
 47.381430
 13.928390
 24.515300
 24.331050
 16.492420
 38.626420
 38.910150
 41.785160
 42.720020
 15.620500
 12.041590
   .000000
  5.656854
 15.811390
  6.324555
 46.270940
 49.335590
 54.230990
 54.083270
 66.370170
 47.381430
 35.000000
 38.910150
 33.541020
 56.612720
 49.203660
 51.312770
 43.011630
 45.607020
 46.324940
 47.507890
 52.201530
 48.548940
 54.817880
 25.553870
 16.031220
 38.013160
  3.605551
 28.071340
 45.694640
 36.715120
 37.054020
 47.265210
 12.165530
 29.546570
 40.718550
 14.764820
 35.468300
 56.639210
 50.774010
 54.708320
 55.027270
 37.854990
 43.680660
 20.808650
 30.463090
 39.849720
 43.046490
 15.264340
 29.120440
 21.633310
 23.409400
 19.416490
  9.219544
 20.808650
 26.305890
 30.413810
  5.656854
 10.630150
 18.027760
 56.293870
 46.400430
 67.475920
 36.124780
 28.600700
 43.657760
 48.836460
 56.400360
 57.201400
 51.971150
 55.000000
 49.648770
 44.181440
 54.781380
 10.049880
 12.806250
 30.413810
 26.248810
 19.000000
 25.709920
 36.221540
 43.829210
 30.413810
 43.266620
 42.379240
 51.000000
 34.481880
 36.619670
 51.039200
 29.427880
 26.248810
 44.147480
  9.055386
 20.024980
 21.540660
 20.000000
 33.526110
 33.615470
 36.687870
 37.854990
 10.000000
  6.403124
  5.656854
   .000000
 11.045360
  6.324555
 42.011900
 44.384680
 49.040800
 48.548940
 60.901560
 41.725290
 31.257000
 33.615470
 32.202480
 51.039200
 43.600460
 45.793010
 37.443290
 40.000000
 40.816660
 41.868840
 46.615450
 43.046490
 49.203660
 21.095020
 19.209370
 29.000000
  8.062258
 17.029390
 41.593270
 31.780500
 38.275320
 46.389650
 23.021730
 34.713110
 45.607020
  6.324555
 28.635640
 49.091750
 41.231060
 49.040800
 51.478150
 36.124780
 47.010640
 30.083220
 20.248460
 29.154760
 32.015620
  9.219544
 19.235380
 13.038400
 21.213200
 15.000000
  9.433981
 28.017850
 29.154760
 38.275320
 15.297060
 20.124610
 28.861740
 58.694120
 39.812060
 60.207970
 25.317980
 20.000000
 33.105890
 40.607880
 47.381430
 50.537110
 50.010000
 55.108980
 51.623640
 45.541190
 58.830270
 13.453620
 22.135940
 29.614190
 19.924860
  8.062258
 15.652480
 25.179360
 34.655450
 22.825420
 37.336310
 39.115220
 45.880280
 38.275320
 43.185650
 57.280010
 40.447500
 36.674240
 33.837850
  2.000000
 21.470910
 26.870060
 31.016120
 22.847320
 23.323810
 26.000000
 26.925820
  8.602325
  6.708204
 15.811390
 11.045360
   .000000
 17.029390
 42.201900
 42.000000
 45.398240
 42.720020
 55.362440
 33.837850
 33.541020
 30.066590
 39.051250
 44.777230
 37.161810
 40.162170
 31.622780
 33.615470
 35.440090
 34.885530
 40.311290
 37.643060
 42.485290
 27.586230
 14.866070
 42.059480
  9.000000
 34.000000
 46.647610
 38.418750
 35.227830
 46.324940
  6.000000
 25.709920
 36.687870
 19.646880
 38.288380
 59.464280
 55.009090
 56.400360
 55.461700
 37.696160
 40.447500
 14.866070
 35.440090
 45.122060
 49.000000
 21.470910
 35.440090
 26.000000
 24.413110
 22.022710
 15.000000
 16.155490
 24.083190
 25.000000
  2.828427
 10.049880
 13.601470
 53.338540
 48.795490
 70.007140
 42.296570
 32.649650
 48.764740
 52.201530
 60.207970
 59.464280
 51.546100
 53.338540
 47.042530
 42.047590
 50.960770
 10.630150
  7.211102
 30.083220
 29.206160
 25.079870
 32.015620
 42.047590
 47.885280
 33.837850
 45.343140
 42.941820
 52.430910
 31.257000
 31.764760
 46.141090
 24.041630
 19.924860
 50.447990
 15.033300
 19.313210
 18.110770
 14.142140
 38.832980
 38.600520
 41.976180
 43.416590
 13.416410
 11.180340
  6.324555
  6.324555
 17.029390
   .000000
 40.607880
 44.384680
 49.648770
 50.447990
 62.425960
 45.000000
 29.068880
 34.669870
 27.294690
 53.150730
 45.967380
 47.634020
 39.623230
 42.426410
 42.638010
 44.598210
 48.836460
 44.821870
 51.623640
 23.323810
 26.076810
 36.055510
 40.049970
 48.259710
 17.000000
 19.723080
  5.830952
  6.403124
 42.059480
 19.849430
 18.681540
 37.000000
 26.627050
 37.000000
 44.598210
 27.459060
 19.723080
  8.602325
 13.000000
 34.985710
 40.360870
 47.634020
 58.000000
 51.419840
 56.824290
 34.481880
 21.189620
 27.856780
 49.254440
 28.178010
 16.763050
 29.732140
 38.327540
 50.635960
 51.264020
 18.384780
 27.459060
 43.174060
 57.008770
 33.301650
 48.259710
 36.138620
 44.721360
 33.241540
 12.727920
 13.038400
 11.401750
  5.385165
 22.847320
 32.000000
 35.735140
 12.649110
 27.202940
 45.694640
 53.665630
 51.662360
 38.910150
 29.698480
 23.769730
 13.152950
 23.194830
 14.212670
 25.059930
 30.000000
 55.758410
 42.801870
 66.843100
 41.773200
 22.000000
 23.769730
 46.957430
 44.553340
 41.725290
 46.010870
 49.517670
 34.365680
 38.209950
 46.270940
 42.011900
 42.201900
 40.607880
   .000000
 10.049880
 16.492420
 25.019990
 31.016120
 31.780500
 12.083050
 16.278820
 25.612500
 28.000000
 25.961510
 23.194830
 22.825420
 25.079870
 21.189620
 27.856780
 26.305890
 21.587030
 29.154760
 21.095020
 29.546570
 29.000000
 41.773200
 44.384680
  7.071068
 13.038400
 14.317820
  7.211102
 47.010640
 28.017850
 28.635640
 36.055510
 20.000000
 27.018510
 35.777090
 17.464250
 11.401750
  6.708204
 23.021730
 41.773200
 35.355340
 41.109610
 52.009610
 51.039200
 53.758720
 31.780500
 21.213200
 27.000000
 50.249380
 34.713110
 22.671570
 38.275320
 41.785160
 54.083270
 56.435800
 25.942240
 18.027760
 33.241540
 52.354560
 28.635640
 41.036570
 26.925820
 35.171010
 23.194830
  8.062258
 16.278820
 19.924860
 15.033300
 32.015620
 34.481880
 40.816660
 14.317820
 23.769730
 43.737850
 50.960770
 46.324940
 30.805840
 24.596750
 14.764820
  4.242640
 13.152950
 23.259410
 34.539830
 40.012500
 62.482000
 50.209560
 61.911230
 42.047590
 25.079870
 29.832870
 53.009430
 39.115220
 36.055510
 40.000000
 43.600460
 35.355340
 39.458840
 49.335590
 44.384680
 42.000000
 44.384680
 10.049880
   .000000
  6.708204
 15.132750
 21.470910
 23.600850
 19.209370
 12.165530
 34.481880
 18.027760
 17.000000
 13.601470
 15.620500
 17.029390
 12.806250
 19.416490
 16.763050
 12.529960
 19.416490
 24.331050
 34.985710
 27.784890
 46.173580
 45.354160
  4.123106
 14.035670
 21.023800
 12.041590
 52.697250
 34.669870
 35.171010
 39.204590
 19.924860
 21.377560
 32.202480
 11.045360
  6.082763
 12.727920
 29.274560
 48.083260
 35.735140
 39.962480
 51.107730
 54.147950
 55.108980
 34.014700
 25.632010
 30.594120
 54.129470
 41.012190
 29.000000
 44.944410
 46.957430
 59.093150
 62.128900
 30.364450
 14.212670
 26.683330
 52.554730
 29.614190
 39.204590
 23.021730
 30.463090
 17.000000
  8.602325
 19.235380
 25.179360
 21.095020
 37.336310
 39.395430
 46.615450
 20.000000
 26.000000
 46.043460
 52.611790
 46.097720
 28.319600
 25.495100
 12.206560
  6.708204
  7.071068
 29.966650
 41.231060
 46.173580
 68.680420
 56.639210
 61.741400
 45.705580
 30.528680
 36.069380
 59.033890
 39.000000
 35.846900
 39.357340
 42.941820
 39.560080
 43.680660
 54.230990
 49.040800
 45.398240
 49.648770
 16.492420
  6.708204
   .000000
 10.295630
 14.764820
 21.400930
 25.806980
 15.524170
 41.182520
 12.649110
 14.212670
  9.899495
 15.524170
 15.652480
 11.704700
 17.204650
 12.806250
 10.295630
 14.764820
 23.021730
 36.796740
 19.646880
 45.276920
 39.051250
  8.062258
 12.041590
 28.284270
 21.840330
 54.451810
 40.496910
 43.185650
 36.400550
 14.317820
 12.041590
 22.022710
  6.324555
 13.601470
 18.439090
 38.013160
 51.865210
 29.068880
 31.384710
 42.544090
 50.695170
 49.040800
 30.083220
 26.172500
 29.154760
 52.000000
 44.944410
 33.541020
 50.695170
 47.634020
 59.076220
 63.702430
 40.496910
  4.472136
 20.248460
 45.122060
 24.186770
 30.016660
 12.806250
 20.248460
  9.433981
 18.867960
 29.529650
 34.928500
 30.149630
 47.074410
 39.824620
 48.836460
 23.706540
 22.847320
 41.593270
 47.010640
 38.327540
 18.867960
 20.396080
  5.385165
 12.041590
  4.472136
 36.878180
 48.270070
 55.009090
 71.700770
 60.745370
 53.758720
 43.462630
 32.649650
 39.962480
 61.619800
 31.575310
 28.442920
 31.320920
 34.785050
 38.587560
 42.544090
 54.083270
 48.548940
 42.720020
 50.447990
 25.019990
 15.132750
 10.295630
   .000000
 12.649110
 12.649110
 31.622780
 16.401220
 47.434170
  3.162278
  6.000000
  2.828427
 11.180340
  9.219544
  7.810250
  9.055386
  3.162278
  5.656854
  4.472136
 35.355340
 48.270070
 31.016120
 57.706150
 51.039200
 16.278820
 24.186770
 35.777090
 25.709920
 66.068150
 49.396350
 49.648770
 49.040800
 26.925820
 13.601470
 29.068880
  6.324555
 12.041590
 27.202940
 43.416590
 62.369870
 41.048750
 41.773200
 52.630790
 63.324560
 61.032780
 42.720020
 38.013160
 41.593270
 64.621980
 55.317270
 43.416590
 59.682500
 59.640590
 71.344240
 75.432090
 42.047590
 16.124520
 13.038400
 56.320510
 36.674240
 39.560080
 20.880610
 24.207440
  8.062258
 20.099750
 30.066590
 38.209950
 35.171010
 50.039990
 51.865210
 60.207970
 33.970580
 35.468300
 54.129470
 59.211490
 49.365980
 28.635640
 32.984840
 18.027760
 20.615530
 10.000000
 44.721360
 55.946400
 60.016660
 82.734510
 71.063350
 64.327290
 56.080300
 43.931770
 50.328920
 72.862880
 43.046490
 40.012500
 42.296570
 45.541190
 51.000000
 55.009090
 66.370170
 60.901560
 55.362440
 62.425960
 31.016120
 21.470910
 14.764820
 12.649110
   .000000
 24.000000
 40.496910
 27.802880
 55.946400
 11.045360
 18.439090
 15.231550
 23.769730
 21.840330
 20.124610
 21.213200
 15.297060
 17.888540
 14.000000
 18.384780
 33.615470
  7.071068
 38.183770
 27.073970
 17.691810
 12.369320
 32.984840
 30.805840
 49.929950
 42.047590
 47.675990
 27.802880
  7.280110
 15.264340
 13.152950
 18.110770
 25.942240
 23.409400
 43.965900
 49.980000
 17.117240
 18.788290
 29.966650
 40.718550
 37.054020
 20.808650
 23.086790
 23.021730
 43.266620
 43.680660
 34.132100
 51.478150
 42.201900
 52.325900
 58.600340
 49.396350
  8.246211
 26.419690
 32.557640
 13.892440
 17.804490
  7.211102
 15.811390
 17.464250
 29.732140
 39.698870
 42.941820
 37.161810
 54.626000
 34.669870
 45.177430
 25.019990
 15.811390
 31.016120
 35.355340
 25.709920
  7.211102
 11.313710
  9.219544
 19.416490
 17.088010
 40.199500
 51.009800
 60.415230
 68.095520
 58.872750
 41.109610
 35.000000
 30.364450
 39.051250
 57.801380
 19.104970
 16.031220
 18.681540
 22.135940
 31.890440
 35.355340
 47.381430
 41.725290
 33.837850
 45.000000
 31.780500
 23.600850
 21.400930
 12.649110
 24.000000
   .000000
 34.058770
 17.117240
 49.091750
 13.038400
  7.211102
 11.661900
  9.219544
  6.708204
 10.816650
  4.242640
  9.486833
 11.313710
 10.000000
 19.235380
 15.297060
 36.138620
 29.832870
 43.185650
 24.596750
 22.022710
  6.324555
 18.357560
 30.083220
  8.944272
 14.317820
 29.410880
 27.294690
 43.416590
 47.169910
 35.777090
 30.413810
 13.416410
 13.601470
 23.021730
 37.215590
 46.097720
 55.226810
 42.544090
 50.447990
 29.068880
 15.000000
 21.213200
 39.293770
 16.124520
  5.000000
 19.235380
 27.000000
 39.115220
 39.217340
 25.298220
 32.557640
 51.478150
 52.497620
 30.413810
 47.759820
 40.049970
 49.091750
 40.853400
 24.413110
 24.331050
 18.439090
 13.000000
 25.612500
 21.587030
 23.769730
  9.055386
 23.706540
 38.600520
 47.010640
 48.259710
 40.447500
 27.856780
 28.442920
 20.124610
 31.304950
  6.324555
 17.029390
 27.313000
 43.829210
 31.144820
 62.369870
 32.695560
 12.083050
 11.704700
 34.885530
 41.677330
 39.357340
 43.829210
 47.010640
 25.079870
 28.460500
 35.000000
 31.257000
 33.541020
 29.068880
 12.083050
 19.209370
 25.806980
 31.622780
 40.496910
 34.058770
   .000000
 17.000000
 15.811390
 34.785050
 30.265490
 29.120440
 25.000000
 28.017850
 25.317980
 31.016120
 31.780500
 26.683330
 34.928500
  9.000000
 20.518280
 20.124610
 30.675720
 32.649650
 12.083050
  5.099020
 16.155490
 17.888540
 38.288380
 25.317980
 30.594120
 24.000000
 10.770330
 27.313000
 30.265490
 21.931710
 21.587030
  7.810250
 27.313000
 35.510560
 24.207440
 31.400640
 41.725290
 39.000000
 41.785160
 19.646880
 10.295630
 15.132750
 38.639360
 28.653100
 17.720050
 35.171010
 31.906110
 43.829210
 47.634020
 34.655450
 16.155490
 36.619670
 41.048750
 17.204650
 32.249030
 23.086790
 32.140320
 25.806980
 20.223750
 27.294690
 27.658630
 21.400930
 38.587560
 24.186770
 32.526910
  8.062258
 11.704700
 31.575310
 38.897300
 35.468300
 23.769730
 13.453620
 12.083050
  9.055386
 17.804490
 23.086790
 34.014700
 43.416590
 55.317270
 44.418460
 50.803540
 30.265490
 16.278820
 23.706540
 45.276920
 28.319600
 25.455840
 29.732140
 33.241540
 24.041630
 28.160260
 38.910150
 33.615470
 30.066590
 34.669870
 16.278820
 12.165530
 15.524170
 16.401220
 27.802880
 17.117240
 17.000000
   .000000
 32.388270
 19.416490
 13.601470
 13.601470
  8.000000
 11.045360
  8.944272
 14.035670
 15.652480
 10.816650
 18.788290
 32.249030
 20.591260
 50.159740
 32.557640
 52.773100
 40.311290
 37.483330
 20.248460
 31.890440
 25.000000
  7.071068
 11.180340
 37.215590
 42.011900
 59.203040
 62.008060
 51.478150
 45.221680
 29.154760
 17.464250
 14.142140
 49.040800
 58.694120
 66.483080
 46.690470
 58.008620
 39.560080
 27.294690
 31.622780
 41.400480
 11.401750
 15.000000
  4.472136
 26.627050
 36.055510
 32.062440
 29.832870
 48.270070
 67.230940
 62.177170
 42.953460
 61.000000
 55.443660
 64.498060
 56.648040
 38.288380
 34.669870
 25.495100
 23.430750
 25.019990
 25.612500
 20.124610
 24.331050
 36.496570
 46.043460
 54.405880
 59.236810
 55.009090
 41.303750
 44.147480
 35.846900
 47.010640
 11.401750
  4.472136
 18.867960
 32.572990
 18.973670
 71.693790
 37.536650
 20.880610
 12.529960
 26.019220
 53.450910
 51.662360
 56.044620
 58.821770
 30.805840
 32.557640
 33.541020
 32.202480
 39.051250
 27.294690
 25.612500
 34.481880
 41.182520
 47.434170
 55.946400
 49.091750
 15.811390
 32.388270
   .000000
 50.596440
 45.891170
 44.922150
 40.311290
 43.416590
 41.000000
 46.389650
 47.539460
 42.449970
 50.695170
 25.612500
 39.698870
 20.099750
 47.707440
 40.012500
 11.000000
 14.866070
 31.400640
 24.515300
 57.280010
 43.657760
 46.270940
 38.483760
 16.155490
  9.000000
 20.518280
  5.099020
 14.866070
 21.587030
 41.000000
 54.918120
 30.016660
 31.320920
 42.379240
 52.497620
 50.010000
 31.953090
 29.000000
 31.622780
 54.129470
 48.020830
 36.674240
 53.851650
 50.328920
 61.611690
 66.483080
 43.011630
  5.099020
 17.204650
 45.541190
 25.709920
 29.546570
 11.401750
 17.888540
  6.403124
 21.023800
 31.780500
 37.656340
 33.060550
 49.819680
 42.520580
 51.739730
 26.832820
 25.059930
 43.174060
 48.166380
 38.639360
 18.384780
 22.135940
  7.810250
 15.132750
  5.830952
 40.024990
 51.419840
 58.000000
 74.652530
 63.812230
 53.851650
 45.617980
 35.608990
 43.046490
 64.536810
 32.140320
 29.068880
 31.575310
 34.928500
 41.048750
 44.944410
 56.612720
 51.039200
 44.777230
 53.150730
 28.000000
 18.027760
 12.649110
  3.162278
 11.045360
 13.038400
 34.785050
 19.416490
 50.596440
   .000000
  7.615773
  5.830952
 13.601470
 11.180340
 10.630150
 10.198040
  4.472136
  8.602325
  3.162278
 18.384780
 33.015150
 13.928390
 40.224370
 33.060550
 10.630150
  8.544003
 28.071340
 24.186770
 50.328920
 38.832980
 43.046490
 30.870700
  8.544003
 13.892440
 18.788290
 12.165530
 18.788290
 18.110770
 38.639360
 48.764740
 23.086790
 25.942240
 37.121420
 44.922150
 43.046490
 24.351590
 22.203600
 24.207440
 46.518810
 42.047590
 31.320920
 48.764740
 43.139310
 54.203320
 59.413800
 42.941820
  2.828427
 24.041630
 39.293770
 18.248290
 25.000000
 10.198040
 19.026300
 13.601470
 22.627420
 32.802440
 36.769550
 31.320920
 48.703180
 35.355340
 45.000000
 21.587030
 17.492860
 35.693140
 41.012190
 32.572990
 14.142140
 14.560220
  2.236068
 13.000000
 10.198040
 36.055510
 47.265210
 55.443660
 68.007350
 57.706150
 48.104050
 38.013160
 29.154760
 37.161810
 57.801380
 25.709920
 22.561030
 25.632010
 29.154760
 33.600590
 37.443290
 49.203660
 43.600460
 37.161810
 45.967380
 25.961510
 17.000000
 14.212670
  6.000000
 18.439090
  7.211102
 30.265490
 13.601470
 45.891170
  7.615773
   .000000
  4.472136
  6.403124
  3.605551
  5.000000
  3.162278
  3.162278
  4.472136
  5.656854
 20.248460
 33.970580
 18.384780
 42.544090
 37.215590
  6.708204
  9.219544
 26.076810
 20.615530
 51.623640
 37.947330
 41.048750
 33.837850
 12.041590
 14.317820
 22.472200
  8.944272
 14.317820
 16.124520
 36.124780
 49.091750
 27.294690
 30.413810
 41.593270
 48.270070
 47.169910
 27.658630
 23.345240
 26.419690
 49.396350
 42.190040
 30.870700
 48.104050
 44.821870
 56.302750
 60.876930
 39.395430
  4.472136
 23.021730
 43.680660
 22.022710
 29.410880
 13.416410
 21.587030
 12.206560
 18.439090
 28.844410
 33.526110
 28.442920
 45.607020
 37.013510
 46.010870
 21.023800
 20.248460
 39.319210
 45.011110
 37.000000
 18.439090
 18.110770
  3.000000
 10.049880
  6.000000
 34.525350
 45.891170
 53.084840
 68.883960
 57.982760
 52.554730
 40.853400
 29.832870
 37.215590
 58.796260
 30.083220
 26.925820
 30.083220
 33.615470
 35.846900
 39.824620
 51.312770
 45.793010
 40.162170
 47.634020
 23.194830
 13.601470
  9.899495
  2.828427
 15.231550
 11.661900
 29.120440
 13.601470
 44.922150
  5.830952
  4.472136
   .000000
  8.544003
  7.000000
  5.000000
  7.615773
  3.162278
  2.828427
  6.000000
 12.041590
 26.627050
 13.453620
 34.132100
 29.832870
 11.401750
  3.162278
 23.769730
 22.627420
 43.931770
 33.241540
 38.470770
 25.298220
  4.472136
 20.248460
 22.360680
 17.464250
 21.213200
 14.317820
 34.785050
 42.485290
 20.248460
 25.495100
 36.400550
 39.812060
 39.623230
 19.235380
 15.811390
 18.027760
 40.853400
 35.846900
 25.495100
 42.953460
 36.796740
 48.010410
 53.037720
 40.804410
  9.219544
 30.413810
 37.161810
 14.142140
 25.612500
 15.132750
 24.186770
 19.849430
 22.825420
 31.890440
 34.132100
 28.178010
 45.617980
 29.000000
 38.600520
 16.031220
 11.704700
 31.064450
 37.215590
 30.886890
 16.155490
 10.049880
  5.830952
 11.401750
 14.317820
 31.064450
 42.011900
 51.195700
 61.611690
 51.429560
 46.529560
 32.310990
 22.825420
 31.016120
 51.400390
 23.706540
 20.591260
 24.413110
 28.017850
 27.459060
 31.384710
 43.011630
 37.443290
 31.622780
 39.623230
 22.825420
 15.620500
 15.524170
 11.180340
 23.769730
  9.219544
 25.000000
  8.000000
 40.311290
 13.601470
  6.403124
  8.544003
   .000000
  3.162278
  4.000000
  6.082763
  9.219544
  6.082763
 12.041590
 14.866070
 29.681640
 12.206560
 36.619670
 30.265490
 11.661900
  6.000000
 26.476400
 24.207440
 46.861500
 36.345560
 41.303750
 27.313000
  5.099020
 17.204650
 19.646880
 15.524170
 20.880610
 16.763050
 37.363080
 45.617980
 20.396080
 24.413110
 35.510560
 41.484940
 40.199500
 20.880610
 18.867960
 20.615530
 42.953460
 39.000000
 28.635640
 46.097720
 39.597980
 50.606320
 55.901700
 42.720020
  6.403124
 27.586230
 37.000000
 15.033300
 24.041630
 12.041590
 21.095020
 17.204650
 23.600850
 33.241540
 36.235340
 30.463090
 47.927030
 31.827660
 41.617310
 19.104970
 13.892440
 32.388270
 38.013160
 30.463090
 13.892440
 11.180340
  4.000000
 12.806250
 13.000000
 34.014700
 45.044420
 53.935150
 64.637450
 54.561890
 46.097720
 34.438350
 25.942240
 34.176010
 54.405880
 23.409400
 20.248460
 23.706540
 27.294690
 30.000000
 33.837850
 45.607020
 40.000000
 33.615470
 42.426410
 25.079870
 17.029390
 15.652480
  9.219544
 21.840330
  6.708204
 28.017850
 11.045360
 43.416590
 11.180340
  3.605551
  7.000000
  3.162278
   .000000
  4.242640
  3.000000
  6.708204
  5.385165
  9.219544
 15.264340
 29.068880
 16.401220
 37.589890
 33.734260
  7.615773
  4.242640
 23.086790
 20.000000
 46.669050
 33.955850
 38.052600
 29.120440
  8.246211
 18.384780
 23.409400
 13.892440
 17.262680
 13.152950
 33.734260
 44.418460
 24.041630
 28.600700
 39.661060
 43.737850
 43.566040
 23.194830
 18.384780
 21.470910
 44.598210
 37.589890
 26.570660
 43.965900
 39.824620
 51.312770
 55.901700
 38.587560
  7.280110
 27.802880
 40.853400
 18.110770
 28.284270
 15.132750
 24.020820
 17.029390
 19.416490
 29.000000
 32.202480
 26.570660
 44.011360
 32.015620
 41.109610
 16.763050
 15.524170
 35.057090
 41.194660
 34.438350
 18.027760
 14.035670
  3.162278
  8.602325
 10.440310
 31.064450
 42.296570
 50.487620
 64.031240
 53.338540
 50.089920
 36.055510
 25.000000
 32.649650
 53.907330
 27.313000
 24.166090
 27.784890
 31.384710
 30.886890
 34.885530
 46.324940
 40.816660
 35.440090
 42.638010
 21.189620
 12.806250
 11.704700
  7.810250
 20.124610
 10.816650
 25.317980
  8.944272
 41.000000
 10.630150
  5.000000
  5.000000
  4.000000
  4.242640
   .000000
  6.708204
  6.708204
  2.236068
  9.848858
 17.204650
 32.249030
 10.770330
 38.418750
 30.016660
 13.453620
  9.000000
 29.427880
 26.627050
 49.203660
 39.319210
 44.283180
 28.653100
  6.403124
 14.866070
 16.763050
 15.033300
 21.931710
 19.646880
 40.261640
 48.332180
 20.024980
 22.825420
 34.000000
 42.379240
 40.012500
 21.931710
 21.470910
 22.627420
 44.294470
 41.785160
 31.575310
 49.030600
 41.773200
 52.497620
 58.137770
 45.276920
  5.099020
 25.612500
 36.138620
 15.524170
 22.022710
  9.055386
 18.110770
 15.652480
 25.495100
 35.468300
 38.910150
 33.241540
 50.695170
 34.058770
 44.102150
 22.090720
 15.620500
 32.984840
 38.052600
 29.410880
 11.401750
 12.083050
  5.000000
 15.264340
 13.341660
 37.013510
 48.041650
 56.885850
 67.119290
 57.271290
 44.944410
 35.846900
 28.635640
 37.000000
 56.859470
 22.561030
 19.416490
 22.472200
 26.000000
 31.890440
 35.608990
 47.507890
 41.868840
 34.885530
 44.598210
 27.856780
 19.416490
 17.204650
  9.055386
 21.213200
  4.242640
 31.016120
 14.035670
 46.389650
 10.198040
  3.162278
  7.615773
  6.082763
  3.000000
  6.708204
   .000000
  6.000000
  7.071068
  7.615773
 21.260290
 35.608990
 16.492420
 43.266620
 36.013890
  9.848858
 10.816650
 29.017240
 23.769730
 53.075420
 40.521600
 44.011360
 34.014700
 11.704700
 11.704700
 19.416490
  9.055386
 16.643320
 19.026300
 39.204590
 51.107730
 26.019220
 28.231190
 39.395430
 48.083260
 46.010870
 27.513630
 24.839490
 27.202940
 49.658840
 44.294470
 33.241540
 50.596440
 46.010870
 57.201400
 62.225400
 42.544090
  1.414214
 21.260290
 41.976180
 21.377560
 26.925820
 10.295630
 18.439090
 10.630150
 21.400930
 31.906110
 36.687870
 31.575310
 48.764740
 38.209950
 47.634020
 23.409400
 20.591260
 38.832980
 44.045430
 35.171010
 15.811390
 17.720050
  3.605551
 13.152950
  7.615773
 37.336310
 48.662100
 56.142670
 70.604530
 60.033330
 50.596440
 41.146080
 31.622780
 39.357340
 60.440050
 28.442920
 25.317980
 28.160260
 31.622780
 36.619670
 40.496910
 52.201530
 46.615450
 40.311290
 48.836460
 26.305890
 16.763050
 12.806250
  3.162278
 15.297060
  9.486833
 31.780500
 15.652480
 47.539460
  4.472136
  3.162278
  3.162278
  9.219544
  6.708204
  6.708204
  6.000000
   .000000
  5.099020
  3.162278
 17.492860
 31.144820
 17.492860
 39.824620
 35.510560
  6.403124
  6.403124
 24.000000
 19.723080
 48.795490
 35.440090
 39.000000
 31.320920
 10.049880
 16.763050
 23.259410
 11.661900
 15.524170
 14.000000
 34.365680
 46.324940
 25.709920
 29.681640
 40.816660
 45.891170
 45.398240
 25.317980
 20.518280
 23.706540
 46.818800
 39.446170
 28.231190
 45.541190
 42.011900
 53.535030
 58.051700
 38.470770
  6.000000
 25.806980
 42.379240
 20.024980
 29.068880
 14.560220
 23.194830
 15.000000
 18.439090
 28.425340
 32.310990
 26.925820
 44.271890
 34.205260
 43.185650
 18.384780
 17.720050
 37.121420
 43.104520
 35.846900
 18.439090
 16.000000
  2.236068
  8.544003
  8.246211
 32.249030
 43.566040
 51.244510
 66.068150
 55.226810
 51.478150
 38.275320
 27.018510
 34.481880
 55.973210
 28.792360
 25.632010
 29.068880
 32.649650
 33.120990
 37.121420
 48.548940
 43.046490
 37.643060
 44.821870
 21.587030
 12.529960
 10.295630
  5.656854
 17.888540
 11.313710
 26.683330
 10.816650
 42.449970
  8.602325
  4.472136
  2.828427
  6.082763
  5.385165
  2.236068
  7.071068
  5.099020
   .000000
  8.246211
 24.041630
 38.600520
 17.029390
 45.803930
 37.054020
 12.369320
 13.892440
 32.062440
 26.248810
 55.973210
 43.680660
 47.042530
 36.235340
 13.892440
  8.544003
 17.691810
  8.246211
 17.691810
 22.090720
 42.107010
 54.203320
 27.073970
 28.160260
 39.217340
 49.980000
 47.042530
 29.546570
 27.802880
 29.832870
 51.884490
 47.413080
 36.400550
 53.758720
 48.795490
 59.816390
 65.069190
 44.944410
  2.828427
 18.384780
 42.426410
 23.086790
 26.400760
  8.485281
 15.811390
  8.062258
 23.323810
 34.000000
 39.293770
 34.365680
 51.419840
 41.012190
 50.606320
 26.570660
 23.021730
 40.521600
 45.276920
 35.510560
 15.231550
 19.697720
  6.708204
 16.031220
  8.485281
 40.447500
 51.788030
 59.076220
 73.600270
 63.134780
 50.695170
 43.416590
 34.669870
 42.485290
 63.411350
 29.068880
 26.019220
 28.442920
 31.780500
 39.204590
 43.011630
 54.817880
 49.203660
 42.485290
 51.623640
 29.154760
 19.416490
 14.764820
  4.472136
 14.000000
 10.000000
 34.928500
 18.788290
 50.695170
  3.162278
  5.656854
  6.000000
 12.041590
  9.219544
  9.848858
  7.615773
  3.162278
  8.246211
   .000000
  8.367347
  1.632653
  3.400000
  3.600000
 10.636360
  2.363636
  6.909091
 12.090910
 13.000000
 13.000000
  2.500000
   .500000
  2.000000
  3.000000
  2.093023
  6.906977
 14.666670
  1.333333
  8.000000
  8.000000
  3.692308
  8.307693
 13.300000
  5.700000
 19.166670
  3.833334
 13.333330
  6.666666
  1.333333
  6.666667
  9.500000
  9.500000
   .333333
  1.666667
  6.000000
  6.000000
  4.250000
 12.750000
  6.230769
  2.769231
  4.888889
  6.111111
  4.000000
 14.000000
  2.636364
 26.363640
  1.615385
  1.384615
  1.846154
  4.153846
 11.333330
  5.666667
 14.000000
  2.000000
 14.439020
  1.560976
  5.906250
  3.093750
 14.000000
  7.000000
 16.096150
 10.903850
 11.666670
 11.333330
 10.792450
   .207547
 11.846150
  2.153846
  7.753846
   .246154
   .166667
  4.833333
  8.000000
   .000000
 16.000000
   .000000
  6.200000
 24.800000
  5.625000
  3.375000
   .833333
  4.166667
  2.500000
  2.500000
   .913043
  6.086957
 14.142860
  3.857143
  2.526316
 13.473680
   .041667
   .958333
  3.857143
 23.142860
  9.000000
 27.000000
  2.647059
 27.352940
 13.000000
   .000000
  8.448276
  1.551724
  5.651163
  3.348837
 11.729730
  2.270271
  9.157895
  8.842105
   .730159
  1.269841
  1.358491
  4.641510
  2.625000
  4.375000
 13.000000
  5.000000
 24.500000
  3.500000
  1.500000
  1.500000
  6.500000
  6.500000
  7.862069
 11.137930
  3.913043
  6.086957
  1.753247
  7.246753
 16.103900
  3.896104
 16.780820
  8.219178
  1.865672
 23.134330
 25.071430
 10.928570
  4.723404
  1.276596
  3.303571
  1.696429
 12.573530
  2.426470
  8.510638
 16.489360
  3.477273
  5.522727
  2.260870
  5.739130
  4.040816
 13.959180
 11.142860
  1.857143
 11.358490
  2.641509
  2.557377
   .442623
 19.368420
  3.631579
  3.964286
  2.035714
 25.527270
   .472727
  5.106383
 10.893620
  4.162162
  6.837838
  2.483871
  4.516129
 29.818180
 11.181820
  7.777778
 27.222220
 16.714280
  9.285714
  4.500000
  4.500000
 11.142860
  3.857143
  1.388060
  1.611940
   .789474
   .210526
  2.000000
   .000000
 16.500000
  5.500000
 26.000000
   .999999
 19.200000
   .800000
  8.962963
  2.037037
 10.080000
  1.920000
  9.047619
   .952381
  6.923077
  2.076923
 17.000000
   .000000
