   200.000000
199
   .000000
 18.384780
  9.055386
 17.204650
 10.000000
 25.000000
  2.236068
 21.213200
 22.360680
 25.632010
 31.400640
 36.055510
 16.000000
 27.000000
 34.828150
 29.154760
 14.035670
  9.219544
 33.421550
 29.966650
 37.443290
 23.769730
 23.769730
 25.000000
 29.120440
 34.132100
 12.529960
 20.024980
 19.000000
 19.235380
 12.041590
 41.194660
 22.203600
 10.816650
 15.811390
 25.000000
 31.400640
 32.015620
 33.241540
 25.495100
 15.811390
 29.206160
 29.000000
 24.839490
 19.104970
 15.811390
 17.464250
 25.000000
 19.104970
 23.194830
 17.117240
 19.798990
 33.615470
 17.492860
  7.071068
 18.439090
 33.286630
 27.294690
 17.117240
 21.260290
  9.219544
  5.000000
 31.622780
 24.041630
 19.026300
 18.027760
 14.422200
 18.110770
 31.112700
 31.827660
 27.892650
 23.086790
 29.068880
 31.906110
 28.160260
 33.955850
 13.928390
 32.984840
 26.419690
 24.351590
 34.058770
 11.401750
 27.313000
 26.076810
 38.897300
 44.045430
 13.341660
 10.000000
 31.241000
 41.725290
 30.805840
 28.653100
 41.725290
 20.615530
 25.317980
  5.000000
 10.440310
 22.360680
 14.764820
 21.095020
 15.231550
 18.000000
 22.360680
 25.000000
 20.615530
 11.180340
 21.213200
 26.248810
 32.015620
 25.495100
 33.541020
 15.000000
 11.180340
 32.015620
 30.413810
 29.154760
 30.413810
 15.811390
 32.015620
 31.622780
 18.027760
 26.925820
 36.055510
 30.000000
 33.541020
 11.180340
  5.000000
  6.324555
 29.832870
 25.495100
 17.464250
 34.000000
 24.758840
 36.055510
 41.036570
 41.400480
 21.213200
 42.426410
 33.970580
 11.180340
 28.861740
 25.495100
 34.176010
 31.890440
 29.154760
 35.468300
 34.205260
 27.802880
 43.931770
 16.970560
 26.925820
 11.313710
  4.472136
 22.803510
 30.463090
 29.206160
 23.194830
  9.055386
 17.804490
 18.027760
 25.495100
 25.495100
 34.928500
 46.518810
 49.929950
 40.496910
 43.863430
 21.377560
 12.165530
 21.095020
 39.661060
 22.472200
 20.124610
 24.596750
 27.784890
 15.652480
 19.697720
 31.064450
 25.553870
 21.095020
 27.586230
 23.323810
 21.095020
 24.331050
 23.021730
 35.355340
 18.384780
 19.235380
  9.000000
 32.249030
 25.612500
 18.384780
 20.248460
 12.041590
 14.866070
 15.264340
 17.204650
 21.260290
 17.492860
 24.041630
 18.384780
   .000000
 14.560220
 23.021730
 26.419690
 33.060550
 16.278820
 39.597980
 40.224370
 37.215590
 47.539460
 54.203320
 31.780500
 42.059480
 53.150730
 40.049970
 14.035670
 24.596750
 36.400550
 47.707440
 44.721360
 23.769730
  9.848858
 12.529960
 25.806980
 42.296570
 30.610460
 35.114100
 14.317820
 30.265490
 21.377560
 54.744860
 31.000000
  8.062258
 33.286630
 43.278170
 34.176010
 38.639360
 50.606320
 38.832980
 29.120440
 11.180340
 10.630150
  6.708204
 26.019220
 29.120440
 35.227830
 28.861740
 26.019220
 18.867960
 33.541020
 38.183770
 51.613950
  4.472136
 19.697720
 25.019990
 41.303750
 41.000000
 31.953090
 29.017240
 27.586230
 13.453620
 17.262680
 22.360680
 15.231550
 35.510560
  5.099020
 12.083050
 12.727920
 50.209560
 44.721360
 40.311290
 35.510560
 33.105890
 21.931710
 46.270940
 27.202940
 49.658840
 44.407210
 36.345560
 49.335590
 28.844410
 26.832820
 40.521600
 57.280010
 62.369870
 10.000000
 26.419690
 37.656340
 23.345240
 13.000000
 12.041590
 45.310040
 10.630150
 20.808650
 19.723080
 10.440310
 33.136080
 26.683330
 37.161810
 33.015150
 13.928390
 40.224370
 33.060550
 10.630150
  8.544003
 28.071340
 24.186770
 50.328920
 38.832980
 43.046490
 30.870700
  8.544003
 13.892440
 18.788290
 12.165530
 18.788290
 18.110770
 38.639360
 48.764740
 23.086790
 25.942240
 37.121420
 44.922150
 43.046490
 24.351590
 22.203600
 24.207440
 46.518810
 42.047590
 31.320920
 48.764740
 43.139310
 54.203320
 59.413800
 42.941820
  2.828427
 24.041630
 39.293770
 18.248290
 25.000000
 10.198040
 19.026300
 13.601470
 22.627420
 32.802440
 36.769550
 31.320920
 48.703180
 35.355340
 45.000000
 21.587030
 17.492860
 35.693140
 41.012190
 32.572990
 14.142140
 14.560220
  2.236068
 13.000000
 10.198040
 36.055510
 47.265210
 55.443660
 68.007350
 57.706150
 48.104050
 38.013160
 29.154760
 37.161810
 57.801380
 25.709920
 22.561030
 25.632010
 29.154760
 33.600590
 37.443290
 49.203660
 43.600460
 37.161810
 45.967380
 25.961510
 17.000000
 14.212670
  6.000000
 18.439090
  7.211102
 30.265490
 13.601470
 45.891170
  7.615773
   .000000
  4.472136
  6.403124
  3.605551
  5.000000
  3.162278
  3.162278
  4.472136
  5.656854
  9.055386
 14.560220
   .000000
 24.207440
 12.727920
 19.924860
  8.544003
 27.784890
 26.870060
 34.481880
 40.199500
 43.382020
 25.019990
 27.513630
 40.459860
 26.076810
 18.027760
 18.248290
 40.360870
 34.058770
 32.310990
 15.264340
 16.401220
 25.079870
 33.615470
 42.485290
 20.615530
 20.615530
 10.049880
 16.000000
  7.000000
 50.249380
 30.413810
 10.440310
 19.798990
 30.610460
 24.083190
 26.400760
 41.484940
 34.525350
 24.738630
 25.632010
 24.186770
 21.189620
 26.627050
 14.560220
 21.931710
 17.804490
 13.000000
 26.832820
 26.019220
 26.419690
 41.231060
 16.000000
  5.656854
 25.806980
 41.593270
 36.345560
 17.464250
 15.811390
 16.155490
  7.810250
 31.016120
 28.844410
 10.000000
 21.931710
  9.486833
 20.248460
 26.419690
 38.275320
 30.528680
 31.575310
 36.891740
 38.209950
 31.384710
 42.953460
 22.803510
 41.593270
 31.112700
 22.022710
 43.011630
 20.099750
 18.867960
 25.961510
 45.221680
 50.774010
  5.656854
 12.727920
 25.495100
 36.891740
 27.513630
 21.931710
 49.040800
 12.529960
 16.278820
 13.601470
 12.529960
 31.016120
 12.165530
 22.825420
 23.537200
  9.055386
 26.870060
 19.924860
 21.377560
 11.704700
 28.844410
 31.064450
 38.948680
 34.525350
 42.154480
 16.643320
  6.082763
 26.400760
 21.840330
 26.683330
 31.257000
 21.260290
 39.962480
 40.024990
 10.816650
 18.357560
 28.319600
 30.364450
 29.614190
  9.848858
 14.035670
 12.083050
 32.249030
 34.234490
 26.476400
 43.011630
 31.064450
 41.012190
 47.434170
 48.083260
 17.088010
 37.443290
 27.784890
  4.123106
 19.924860
 18.439090
 26.419690
 27.730850
 32.310990
 40.496910
 41.036570
 34.713110
 51.613950
 23.706540
 34.539830
 19.235380
  5.099020
 21.213200
 27.166150
 22.022710
 14.560220
   .000000
 15.132750
 20.615530
 24.083190
 34.176010
 43.931770
 55.154330
 57.245090
 48.764740
 37.443290
 23.853720
 21.023800
 30.016660
 46.957430
 14.866070
 12.041590
 16.401220
 19.849430
 20.615530
 24.041630
 36.069380
 30.413810
 22.825420
 33.837850
 29.698480
 24.596750
 25.495100
 20.396080
 32.984840
 11.313710
 27.856780
 13.453620
 41.303750
 22.135940
 14.560220
 18.110770
 10.049880
 11.180340
 14.035670
 12.083050
 17.720050
 16.000000
 19.697720
 17.204650
 23.021730
 24.207440
   .000000
 26.000000
 42.201900
 16.278820
 29.427880
 34.000000
 14.866070
 28.319600
 39.446170
 15.231550
 42.201900
 42.720020
 46.065170
  9.000000
 12.041590
 16.278820
 41.109610
 54.644310
 39.408120
 32.388270
 19.723080
 14.142140
 19.416490
 20.024980
 35.735140
 32.202480
 36.359320
 29.068880
 32.572990
  8.062258
 16.763050
 29.427880
 34.365680
 48.104050
 49.203660
 33.421550
 17.492860
 10.295630
 29.410880
 31.575310
 26.476400
  3.000000
 32.649650
 30.149630
 41.725290
 36.124780
 11.401750
 17.464250
 28.284270
 36.359320
 19.026300
 24.207440
  2.000000
 18.439090
 19.723080
 33.241540
 38.418750
 21.377560
 16.401220
 25.612500
  9.486833
 32.649650
 31.257000
 22.803510
 12.649110
 32.984840
 38.275320
 41.109610
 24.186770
 13.000000
 14.764820
 15.652480
 23.769730
  9.486833
 31.112700
 37.121420
 41.146080
 28.844410
 17.029390
 43.011630
 41.761230
 44.777230
 48.373550
 25.495100
 26.000000
 48.414880
 42.154480
 30.083220
 35.000000
 24.839490
 31.320920
 39.357340
 12.529960
 13.601470
 10.770330
 31.906110
 35.902650
 20.396080
 31.304950
 34.000000
 42.201900
 16.155490
 15.524170
  5.099020
 11.180340
 37.161810
 17.492860
 20.024980
 30.675720
 21.931710
 35.510560
 41.000000
 27.313000
 21.931710
  5.099020
 16.155490
 31.241000
 34.655450
 42.438190
 52.497620
 45.122060
 50.606320
 28.301940
 14.866070
 21.540660
 43.104520
 24.207440
 12.206560
 27.784890
 32.756680
 45.122060
 46.518810
 24.207440
 25.019990
 43.081320
 51.088160
 27.586230
 43.416590
 33.136080
 42.047590
 32.572990
 16.552950
 19.235380
 17.029390
 10.630150
 27.459060
 26.076810
 30.870700
  6.324555
 21.260290
 39.395430
 47.413080
 45.967380
 34.785050
 24.207440
 21.000000
 11.704700
 22.847320
 13.341660
 24.738630
 32.557640
 52.009610
 39.597980
 60.959000
 35.510560
 16.124520
 19.416490
 42.720020
 38.948680
 36.235340
 40.607880
 44.045430
 28.160260
 32.062440
 40.607880
 36.124780
 35.902650
 35.171010
  6.324555
 10.630150
 17.204650
 23.537200
 31.906110
 27.892650
  8.602325
 11.180340
 24.166090
 26.683330
 23.021730
 21.213200
 18.681540
 21.377560
 18.027760
 24.331050
 24.083190
 19.026300
 27.166150
 10.000000
 26.419690
 12.727920
 26.000000
   .000000
 18.027760
 12.041590
 15.811390
 14.142140
 30.610460
 31.400640
 31.622780
 18.867960
 17.000000
 27.802880
 20.248460
 24.020820
 15.000000
 41.677330
 21.400930
 29.698480
 22.022710
 29.068880
 34.713110
 38.832980
 40.311290
 11.704700
 10.049880
 21.470910
 11.401750
  9.219544
 43.324360
 29.206160
 19.924860
  7.071068
 18.027760
 26.570660
 25.000000
 31.064450
 29.154760
 21.213200
 37.589890
 36.619670
 33.120990
 27.294690
  7.071068
  9.219544
 20.615530
 14.317820
 33.136080
 18.788290
 14.560220
 29.832870
 26.570660
  7.071068
 26.832820
 39.597980
 30.413810
  7.280110
 15.231550
  6.708204
 14.317820
 41.231060
 33.734260
 21.023800
  9.219544
 21.633310
 28.071340
 38.832980
 25.942240
 18.384780
 22.203600
 36.400550
 40.718550
 38.118240
 37.589890
 19.849430
 32.062440
 18.384780
 15.264340
 34.928500
 13.038400
 25.019990
 16.124520
 32.756680
 38.470770
 18.384780
   .000000
 24.413110
 49.406480
 39.357340
 34.655450
 49.406480
 25.000000
 25.709920
 13.601470
 20.223750
 28.284270
  7.615773
 11.180340
 14.560220
 20.591260
 14.142140
 18.027760
 30.413810
 20.615530
 29.154760
 35.902650
 26.925820
 29.154760
 39.051250
  5.000000
 18.027760
 39.051250
 33.541020
 38.078870
 40.311290
 25.495100
 39.051250
 30.000000
 15.000000
 25.000000
 31.622780
 20.000000
 25.000000
  5.000000
 11.180340
  4.472136
 20.248460
 25.495100
 22.022710
 35.440090
 18.788290
 28.284270
 34.985710
 49.739320
 29.154760
 50.000000
 27.459060
 11.180340
 28.160260
 31.144820
 38.832980
 39.962480
 39.115220
 44.922150
 42.544090
 36.235340
 51.088160
 12.165530
 23.345240
 19.697720
  8.944272
 13.416410
 21.633310
 24.351590
 26.419690
 12.727920
 26.400760
 28.017850
 34.785050
 31.144820
 38.470770
 51.613950
 45.310040
 38.209950
 37.202150
 11.704700
 14.422200
 22.472200
 35.114100
 19.104970
 18.027760
 22.022710
 24.331050
  8.062258
 11.313710
 23.345240
 17.691810
 11.180340
 21.470910
 32.310990
 31.064450
 34.234490
 31.780500
 44.384680
 24.041630
 25.495100
 19.000000
 34.928500
 34.000000
 26.419690
 29.154760
 20.615530
 22.825420
 24.351590
 24.413110
 29.529650
 26.570660
 31.906110
 25.000000
 33.060550
 19.924860
 42.201900
 18.027760
   .000000
 26.076810
 30.413810
 25.000000
 48.600410
 48.383880
 45.000000
 36.891740
 16.552950
 37.656340
  8.062258
 37.576590
 32.557640
 58.412330
 28.861740
 12.529960
 13.038400
 29.832870
 44.721360
 53.225930
 58.137770
 29.529650
 14.000000
 20.396080
  6.708204
 13.416410
 60.926190
 46.669050
 30.364450
 20.615530
 30.000000
 10.049880
  7.071068
 46.690470
 47.169910
 39.051250
 43.104520
 40.447500
 39.012820
 44.045430
 11.180340
 22.360680
  7.071068
  7.071068
 46.615450
 36.715120
 29.614190
 44.102150
 35.510560
 18.027760
 43.416590
 57.384670
 48.373550
 13.341660
  4.123106
 24.698180
 26.832820
 50.249380
 48.301140
 19.416490
 21.213200
 28.160260
 40.162170
 42.579340
 38.052600
 23.086790
 39.217340
 53.758720
 56.859470
 51.264020
 55.569770
 37.536650
 48.507730
 28.160260
  7.615773
 52.201530
 31.064450
 13.453620
 14.317820
 43.566040
 49.648770
 23.086790
 18.027760
  6.403124
 51.923020
 45.099890
 35.440090
 66.603300
 25.495100
 18.867960
 29.832870
 32.310990
 46.097720
 10.630150
 17.029390
 32.202480
 20.223750
 25.000000
   .000000
 41.231060
 31.622780
 46.097720
 50.537110
 40.000000
 47.169910
 57.008770
 15.811390
 25.495100
 41.231060
 29.154760
 45.000000
 50.990200
 40.311290
 56.568540
 46.097720
 10.000000
 14.142140
 15.000000
 18.027760
 10.000000
 14.142140
 28.284270
 22.022710
 23.769730
 42.720020
 40.000000
 52.924470
 32.062440
 36.400550
 45.705580
 66.400300
 35.000000
 52.201530
  9.433981
 15.811390
 18.384780
 32.015620
 36.235340
 44.407210
 52.201530
 59.941640
 59.203040
 52.801510
 68.593000
 28.160260
 38.470770
 36.235340
 21.095020
  9.219544
  8.544003
  8.246211
 24.351590
 19.924860
 34.234490
 40.496910
 43.185650
 49.040800
 56.435800
 69.634760
 57.428220
 53.338540
 19.209370
 19.026300
 32.449960
 40.249220
 48.041650
  8.944272
 11.401750
 11.401750
 10.816650
 22.803510
 23.086790
 32.557640
 28.071340
 17.029390
 34.000000
 48.259710
 44.384680
 45.354160
 39.051250
 51.039200
 27.073970
 43.185650
 32.649650
 52.773100
 40.012500
 33.060550
 37.215590
 29.832870
 30.265490
 33.734260
 30.016660
 36.013890
 35.510560
 37.054020
  2.236068
 16.278820
  8.544003
 16.278820
 12.041590
 26.076810
   .000000
 23.345240
 24.596750
 25.961510
 32.756680
 38.013160
 17.117240
 29.017240
 37.013510
 30.675720
 12.165530
 10.000000
 32.557640
 32.202480
 38.587560
 23.706540
 22.135940
 22.803510
 27.513630
 34.000000
 14.422200
 22.000000
 18.110770
 20.615530
 12.806250
 42.047590
 21.954500
  8.602325
 18.027760
 27.202940
 31.890440
 33.015150
 34.928500
 26.172500
 16.278820
 27.018510
 26.907250
 22.671570
 18.439090
 17.464250
 19.697720
 25.495100
 19.849430
 21.377560
 18.439090
 21.931710
 35.510560
 15.264340
  8.062258
 17.691810
 33.120990
 28.071340
 19.026300
 22.203600
 11.401750
  2.828427
 29.410880
 22.472200
 18.248290
 20.248460
 12.529960
 16.031220
 29.000000
 33.941120
 30.083220
 24.698180
 28.600700
 30.805840
 26.305890
 34.525350
 14.317820
 34.481880
 28.653100
 25.961510
 35.227830
 13.000000
 27.294690
 28.017850
 41.012190
 46.097720
 12.041590
 12.041590
 32.202480
 39.597980
 28.600700
 26.832820
 41.036570
 19.235380
 24.738630
  5.099020
  8.246211
 22.472200
 16.155490
 23.194830
 17.000000
 17.117240
 24.596750
 26.076810
 18.439090
  8.944272
 20.615530
 24.698180
 34.058770
 26.172500
 33.615470
 17.029390
  9.486833
 30.000000
 29.154760
 26.925820
 28.284270
 14.317820
 31.622780
 33.241540
 18.439090
 26.832820
 36.400550
 32.015620
 34.928500
 12.649110
  6.324555
  8.544003
 32.015620
 26.925820
 18.110770
 35.057090
 26.907250
 38.275320
 43.139310
 40.459860
 19.104970
 40.311290
 34.828150
 11.401750
 28.460500
 23.769730
 32.572990
 29.732140
 27.294690
 34.014700
 33.301650
 26.907250
 43.416590
 19.104970
 28.844410
 10.816650
  5.000000
 24.515300
 31.953090
 29.732140
 22.022710
  8.544003
 15.620500
 16.000000
 23.259410
 25.632010
 35.510560
 46.615450
 51.865210
 42.154480
 44.687810
 23.537200
 13.601470
 22.360680
 41.617310
 22.803510
 20.248460
 24.698180
 28.017850
 17.888540
 21.931710
 33.286630
 27.784890
 23.194830
 29.732140
 22.203600
 19.235380
 22.203600
 20.808650
 33.120990
 16.763050
 19.313210
  7.071068
 33.060550
 23.430750
 16.278820
 18.027760
  9.899495
 12.806250
 13.038400
 15.264340
 19.104970
 15.264340
 21.931710
 21.213200
 39.597980
 27.784890
 29.427880
 15.811390
 30.413810
 23.345240
   .000000
  7.071068
 25.632010
 18.867960
 15.811390
 15.033300
 19.209370
 13.892440
 28.635640
 32.202480
 18.027760
 41.436700
 12.165530
 39.395430
 37.483330
 44.102150
 44.777230
 43.566040
 35.846900
  9.848858
 16.763050
 37.161810
 24.083190
 25.000000
 32.202480
 28.160260
 31.890440
 10.000000
  5.000000
 40.199500
 36.400550
 16.278820
 22.360680
 20.000000
 50.328920
 50.209560
 46.010870
 29.068880
 20.000000
  8.062258
 35.000000
 29.068880
 39.849720
 13.152950
  1.414214
 14.142140
 38.418750
 22.360680
 29.154760
 35.468300
 22.472200
 17.117240
 29.017240
 12.041590
 26.172500
 51.478150
 38.832980
 36.769550
  9.219544
 35.468300
 37.121420
 52.325900
 10.630150
 14.422200
 10.630150
 34.713110
 42.047590
 44.643030
 29.206160
 20.099750
 18.384780
  8.246211
 24.351590
 23.021730
 12.649110
 40.199500
 20.248460
 17.691810
 23.021730
 33.286630
 15.811390
 36.138620
 62.936480
 51.855570
 49.406480
 47.127490
 40.311290
 41.484940
 21.095020
 30.805840
 25.495100
 22.090720
 14.317820
  9.055386
 36.249140
  7.071068
 30.413810
 40.311290
 32.015620
 30.000000
 40.607880
 11.180340
 22.360680
 33.541020
 15.000000
 32.015620
 53.150730
 49.244290
 50.000000
 49.244290
 31.622780
 36.400550
 15.811390
 30.413810
 40.311290
 45.276920
 21.213200
 33.541020
 20.615530
 18.027760
 15.811390
 16.124520
 14.142140
 19.104970
 24.207440
  3.605551
 15.811390
 19.849430
 49.030600
 42.426410
 63.639610
 39.293770
 26.925820
 43.737850
 46.043460
 54.203320
 53.075420
 45.607020
 48.041650
 42.426410
 37.054020
 47.539460
  4.242640
  8.062258
 24.041630
 23.021730
 22.135940
 29.966650
 38.118240
 42.047590
 27.784890
 38.948680
 36.674240
 46.043460
 27.202940
 29.832870
 44.204070
 29.546570
 23.021730
 48.104050
 12.529960
 13.341660
 14.317820
 19.313210
 34.132100
 33.541020
 37.215590
 39.012820
  8.062258
  7.615773
 11.180340
  7.280110
 14.317820
  6.403124
 35.128340
 38.275320
 43.382020
 44.045430
 56.035700
 38.832980
 24.083190
 28.301940
 25.495100
 46.754680
 39.597980
 41.231060
 33.241540
 36.069380
 36.235340
 38.288380
 42.449970
 38.418750
 45.254830
 22.360680
 40.224370
 26.870060
 34.000000
 14.142140
 25.000000
 24.596750
  7.071068
   .000000
 32.202480
 25.806980
 20.000000
 20.880610
 12.206560
 13.892440
 22.135940
 35.171010
 22.022710
 47.296940
  7.615773
 32.893770
 33.837850
 43.185650
 47.169910
 48.041650
 42.485290
 14.035670
 11.000000
 35.227830
 19.235380
 22.472200
 39.204590
 33.955850
 33.120990
  7.071068
  5.000000
 35.014280
 30.413810
 22.472200
 29.154760
 25.495100
 51.312770
 50.606320
 46.872170
 34.132100
 15.811390
  5.000000
 30.413810
 25.000000
 43.566040
 19.313210
  7.211102
 19.235380
 39.824620
 21.213200
 34.058770
 42.047590
 29.410880
 12.369320
 24.331050
 13.601470
 27.294690
 53.851650
 43.104520
 34.669870
  5.000000
 35.608990
 39.849720
 52.801510
 13.152950
  7.615773
 17.691810
 40.804410
 47.518420
 48.507730
 36.235340
 25.179360
 25.059930
  4.242640
 18.248290
 30.000000
 17.029390
 36.138620
 13.416410
 19.313210
 25.298220
 32.526910
 14.142140
 30.265490
 63.411350
 53.000000
 48.795490
 53.488320
 39.051250
 38.483760
 23.769730
 32.695560
 31.622780
 18.384780
  8.062258
 14.560220
 34.409300
   .000000
 25.000000
 42.720020
 33.541020
 35.355340
 45.044420
 15.000000
 29.154760
 40.311290
 11.180340
 32.015620
 53.150730
 47.169910
 51.478150
 52.201530
 35.355340
 42.720020
 22.360680
 26.925820
 36.400550
 40.000000
 14.142140
 26.925820
 18.027760
 20.615530
 16.124520
  9.486833
 21.213200
 25.000000
 31.241000
  7.280110
 14.142140
 21.540660
 55.081760
 43.011630
 64.031240
 33.376640
 25.000000
 40.162170
 45.276920
 52.801510
 53.823790
 49.497470
 53.084840
 48.270070
 42.579340
 54.129470
  8.246211
 14.317820
 28.071340
 22.803510
 16.124520
 23.409400
 33.060550
 40.224370
 26.870060
 39.962480
 39.560080
 47.853940
 33.615470
 36.878180
 51.224990
 32.756680
 28.635640
 41.761230
  6.082763
 18.110770
 21.095020
 23.086790
 30.083220
 30.083220
 33.241540
 34.525350
  6.708204
  2.828427
  9.219544
  3.605551
  8.062258
  9.000000
 40.049970
 41.773200
 46.173580
 45.276920
 57.706150
 38.183770
 29.832870
 30.675720
 32.557640
 47.707440
 40.224370
 42.544090
 34.132100
 36.619670
 37.589890
 38.418750
 43.266620
 39.824620
 45.803930
 25.632010
 37.215590
 34.481880
 14.866070
 30.610460
 48.600410
 25.961510
 25.632010
 32.202480
   .000000
 15.652480
 29.614190
 12.041590
 43.266620
 36.055510
 50.209560
 23.537200
 16.552950
 17.262680
 37.643060
 60.207970
 49.396350
 46.000000
 34.438350
 24.839490
 10.295630
 19.849430
 38.288380
 43.931770
 42.011900
 37.121420
 17.720050
  7.211102
 30.000000
 30.610460
 30.364450
 56.435800
 55.605750
 22.135940
  4.123106
  9.848858
 44.271890
 46.324940
 41.231060
 12.083050
 37.643060
 30.232430
 50.119860
 43.909000
 25.238860
 13.038400
 25.079870
 26.476400
 33.541020
 32.202480
 13.000000
  9.848858
  5.830952
 36.769550
 45.486260
 24.083190
 27.459060
 39.962480
 22.022710
 44.147480
 31.622780
 36.013890
 27.513630
 47.801670
 31.016120
 39.812060
 16.124520
 10.198040
 19.313210
 28.319600
  9.055386
 11.704700
 18.788290
 33.837850
 45.254830
 14.866070
 17.691810
 52.924470
 43.600460
 36.221540
 38.327540
 37.483330
 30.610460
 55.000000
 57.008770
 44.944410
 49.254440
 21.587030
 44.181440
 50.695170
 20.880610
 27.018510
  4.123106
 38.013160
 37.202150
 18.027760
 42.953460
 32.202480
 48.600410
 31.016120
 29.017240
 10.816650
 22.627420
 29.017240
  4.123106
  8.485281
 33.941120
 34.234490
 50.219520
 54.147950
 42.154480
 35.805030
 19.924860
 11.045360
 19.924860
 43.382020
 52.554730
 61.294370
 45.793010
 55.154330
 34.669870
 21.023800
 26.627050
 41.629320
 14.035670
  8.602325
 13.453620
 27.892650
 39.204590
 37.483330
 24.020820
 39.458840
 57.939620
 58.008620
 36.769550
 54.405880
 47.042530
 56.080300
 47.434170
 29.000000
 26.400760
 18.248290
 14.764820
 21.931710
 24.186770
 23.021730
 16.031220
 30.083220
 43.139310
 51.623640
 54.203320
 47.381430
 34.481880
 35.355340
 26.570660
 37.696160
  2.236068
 10.049880
 21.095020
 40.249220
 26.925820
 67.801180
 36.055510
 16.278820
 11.401750
 32.280030
 47.853940
 45.694640
 50.159740
 53.225930
 28.600700
 31.384710
 35.693140
 32.893770
 37.202150
 29.427880
 16.278820
 25.059930
 31.764760
 38.327540
 46.529560
 41.048750
  7.000000
 24.000000
  9.433981
 41.484940
 37.215590
 35.902650
 32.000000
 35.014280
 32.249030
 38.013160
 38.639360
 33.541020
 41.773200
 31.400640
 47.539460
 40.199500
 28.319600
 31.400640
 48.383880
 32.756680
 18.867960
 25.806980
 15.652480
   .000000
 15.033300
 15.811390
 38.013160
 23.769730
 47.413080
 35.510560
 23.086790
 32.572990
 28.425340
 58.137770
 53.150730
 54.817880
 47.801670
 40.224370
 23.086790
 20.024980
 35.341190
 50.249380
 41.761230
 40.112340
 13.453620
 22.203600
 39.560080
 27.856780
 21.931710
 57.723480
 54.781380
  7.000000
 11.661900
 18.867960
 56.435800
 57.697490
 52.773100
 26.172500
 37.363080
 26.400760
 51.971150
 45.705580
 39.597980
 14.317820
 19.235380
 12.165530
 44.721360
 36.000000
 26.870060
 23.194830
  9.848858
 35.114100
 46.324940
 25.079870
 35.171010
 53.907330
 36.878180
 50.159740
 27.730850
 44.922150
 40.224370
 59.481090
 18.788290
 32.557640
  9.219544
 25.632010
 34.928500
 43.278170
 13.152950
 20.591260
  3.162278
 25.455840
 42.953460
  4.242640
 20.099750
 56.320510
 39.115220
 22.203600
 23.194830
 44.721360
 31.400640
 54.424260
 69.462220
 57.454330
 59.135440
 35.057090
 51.971150
 56.008930
 28.160260
 37.161810
 18.601080
 38.832980
 33.120990
 17.029390
 49.254440
 25.806980
 48.383880
 43.829210
 39.000000
 25.612500
 37.802120
 16.155490
 11.661900
 20.024980
 32.572990
 42.201900
 61.326990
 61.814240
 54.918120
 50.209560
 32.802440
 25.709920
  5.099020
 46.270940
 56.222770
 62.817200
 39.824620
 52.354560
 36.345560
 26.476400
 29.017240
 33.941120
  6.000000
 16.643320
  5.830952
 19.104970
 27.313000
 23.021730
 38.470770
 50.159740
 70.327800
 57.584720
 41.000000
 59.033890
 56.320510
 65.253350
 59.539900
 44.045430
 42.047590
 33.526110
 30.413810
 34.058770
 20.248460
 12.041590
 26.419690
 35.128340
 40.718550
 48.764740
 55.542780
 54.589370
 40.199500
 46.097720
 39.408120
 50.477720
 17.888540
 13.341660
 27.313000
 24.596750
 11.401750
 66.708320
 31.384710
 19.235380
 10.440310
 17.117240
 50.487620
 49.162990
 53.338540
 55.731500
 25.632010
 26.419690
 25.238860
 24.758840
 33.120990
 19.209370
 31.400640
 38.948680
 45.453270
 50.119860
 60.000000
 49.477270
 19.798990
 34.014700
  9.055386
 53.235320
 47.539460
 47.413080
 41.436700
 44.598210
 42.953460
 47.434170
 49.658840
 44.721360
 52.801510
 36.055510
 54.203320
 43.382020
 39.446170
 31.622780
 45.000000
 38.013160
 15.811390
 20.000000
 29.614190
 15.033300
   .000000
 24.413110
 30.805840
 10.630150
 41.593270
 44.687810
 30.413810
 46.872170
 18.384780
 52.172790
 53.150730
 59.539900
 57.489130
 52.801510
 38.013160
 23.600850
 31.000000
 52.924470
 39.115220
 40.804410
 26.400760
 35.114100
 46.227700
 25.495100
 15.000000
 55.009090
 50.249380
  8.062258
 25.495100
 29.154760
 64.443770
 64.815120
 60.307540
 38.013160
 35.355340
 23.345240
 50.249380
 44.553340
 50.774010
 22.203600
 17.088010
  3.162278
 52.402290
 38.078870
 38.470770
 38.052600
 24.186770
 32.140320
 44.181440
 27.294690
 40.804410
 64.031240
 48.764740
 52.554730
 24.186770
 50.477720
 49.678970
 66.843100
  7.280110
 24.041630
 15.264340
 39.812060
 48.764740
 55.072680
 28.160260
 30.232430
 12.165530
 17.262680
 38.118240
 18.439090
 25.495100
 55.731500
 32.557640
  7.280110
  8.944272
 48.764740
 31.622780
 50.159740
 77.336920
 65.795140
 64.660650
 50.010000
 55.901700
 57.280010
 34.713110
 44.598210
 31.622780
 37.656340
 28.017850
 21.260290
 52.000000
 20.000000
 45.000000
 53.150730
 46.097720
 38.078870
 50.089920
  5.000000
 25.495100
 35.000000
 30.413810
 47.169910
 68.007350
 65.000000
 63.639610
 61.032780
 43.011630
 40.311290
 10.000000
 46.097720
 55.901700
 60.000000
 31.622780
 46.097720
 36.400550
 32.015620
 31.304950
 24.698180
 15.811390
 27.294690
 20.396080
 13.152950
 14.142140
  8.000000
 53.235320
 57.008770
 78.102490
 53.235320
 42.720020
 59.439040
 61.400330
 69.771060
 67.357250
 55.946400
 55.659680
 47.853940
 43.965900
 49.091750
 19.697720
  9.219544
 35.608990
 38.470770
 36.055510
 42.755120
 53.037720
 57.775430
 43.382020
 53.263500
 49.040800
 59.413800
 31.780500
 28.284270
 41.761230
 13.892440
 10.000000
 61.188230
 26.019220
 25.455840
 20.124610
  3.605551
 49.648770
 49.244290
 52.773100
 54.332310
 23.769730
 22.090720
 14.317820
 17.117240
 28.017850
 11.000000
 43.863430
 49.648770
 55.605750
 58.051700
 69.354160
 54.203320
 31.780500
 41.725290
 24.083190
 60.959000
 54.203320
 55.226810
 47.801670
 50.803540
 50.328920
 53.254110
 56.850680
 52.402290
 59.816390
 16.000000
 31.780500
 25.019990
 15.231550
 18.867960
 36.891740
 17.117240
 15.033300
 20.880610
 12.041590
 15.811390
 24.413110
   .000000
 31.384710
 27.658630
 38.183770
 20.518280
  7.280110
 26.476400
 27.166150
 48.270070
 39.051250
 39.051250
 33.241540
 29.120440
 22.203600
  7.810250
 26.248810
 35.000000
 30.232430
 26.248810
 25.317980
 13.152950
 23.769730
 18.601080
 20.024980
 45.188500
 43.829210
 19.209370
 10.295630
  5.099020
 41.048750
 42.059480
 37.215590
 14.317820
 25.806980
 18.357560
 39.000000
 32.695560
 26.419690
  2.236068
 14.142140
 21.400930
 29.154760
 21.587030
 14.560220
 21.633310
 11.704700
 24.758840
 34.000000
 12.206560
 19.416490
 39.698870
 24.698180
 35.014280
 19.723080
 29.120440
 25.455840
 43.909000
 23.086790
 28.460500
  9.219544
 19.924860
 27.018510
 30.870700
 18.788290
  5.830952
 17.888540
 23.194830
 33.241540
 18.110770
  5.830952
 42.449970
 31.622780
 29.546570
 33.286630
 29.154760
 18.867960
 43.266620
 54.083270
 42.201900
 43.324360
 32.695560
 36.345560
 41.194660
 12.369320
 21.470910
 10.770330
 26.419690
 25.238860
  6.324555
 34.000000
 20.880610
 36.891740
 29.000000
 23.259410
 15.033300
 26.248810
 21.931710
 10.295630
 20.518280
 21.931710
 26.476400
 45.617980
 46.270940
 39.824620
 36.619670
 18.601080
 21.931710
 17.204650
 32.572990
 42.201900
 50.159740
 34.000000
 43.139310
 23.259410
 11.000000
 15.231550
 30.364450
 10.295630
  4.123106
 18.000000
 18.027760
 30.265490
 31.304950
 34.205260
 34.438350
 54.918120
 46.324940
 26.476400
 44.553340
 40.521600
 49.477270
 44.102150
 31.780500
 33.136080
 27.459060
 22.022710
 33.615470
 12.649110
 15.652480
 11.313710
 20.099750
 31.112700
 39.597980
 42.953460
 39.115220
 25.019990
 30.413810
 24.758840
 35.468300
 13.038400
 19.697720
 32.802440
 37.483330
 26.076810
 56.035700
 24.186770
  4.472136
  5.385165
 27.802880
 37.000000
 35.171010
 39.560080
 42.379240
 16.643320
 19.697720
 26.019220
 22.203600
 25.238860
 20.223750
 20.396080
 25.238860
 31.241000
 34.669870
 45.276920
 33.734260
  9.055386
 18.357560
 16.492420
 37.735920
 31.780500
 31.906110
 25.632010
 28.792360
 27.294690
 31.622780
 34.000000
 29.154760
 37.121420
 27.000000
 42.059480
 27.513630
 42.201900
 17.000000
 16.552950
 29.017240
 19.209370
 12.206560
 43.266620
 38.013160
 30.805840
 31.384710
   .000000
 22.000000
 11.000000
 41.012190
 30.364450
 57.008770
 13.000000
 21.377560
 28.425340
 42.190040
 51.478150
 55.578770
 53.535030
 23.706540
  7.071068
 33.015150
 13.453620
 21.023800
 51.400390
 43.863430
 36.496570
 13.000000
 16.552950
 26.248810
 20.099750
 34.438350
 40.607880
 35.341190
 53.141320
 51.478150
 48.703180
 43.011630
 13.000000
 13.038400
 23.323810
 19.798990
 50.089920
 30.232430
 19.104970
 30.675720
 42.953460
 22.561030
 42.720020
 53.000000
 41.109610
 10.198040
 17.804490
 20.880610
 31.144820
 57.870540
 50.487620
 32.202480
 11.661900
 37.000000
 45.044420
 53.712200
 23.537200
  7.000000
 29.732140
 50.990200
 56.612720
 55.081760
 48.104050
 34.539830
 37.215590
 13.601470
  8.944272
 42.201900
 26.400760
 29.681640
  2.236068
 28.000000
 34.014700
 32.695560
 17.000000
 20.223750
 63.953110
 55.027270
 48.020830
 63.953110
 37.735920
 33.970580
 30.265490
 37.121420
 42.059480
 15.652480
  6.324555
 25.238860
 32.449960
 12.206560
 16.552950
 47.265210
 37.336310
 44.598210
 52.611790
 25.961510
 40.607880
 51.613950
 12.000000
 33.526110
 53.235320
 43.863430
 54.120240
 57.218880
 42.296570
 53.235320
 34.481880
 22.671570
 30.232430
 30.805840
  3.000000
 15.297060
 17.720050
 27.459060
 21.095020
  7.280110
 33.301650
 35.355340
 43.416590
 19.235380
 20.223750
 30.016660
 65.000000
 44.598210
 64.412730
 23.086790
 24.166090
 34.409300
 44.418460
 50.447990
 55.154330
 56.080300
 61.392180
 57.939620
 51.865210
 65.000000
 19.209370
 26.419690
 35.902650
 25.317980
  7.810250
 12.041590
 24.698180
 37.802120
 27.513630
 42.449970
 45.011110
 51.195700
 44.418460
 48.795490
 63.031740
 42.000000
 40.162170
 30.413810
  7.211102
 27.730850
 32.649650
 33.376640
 24.207440
 25.455840
 27.202940
 27.294690
 14.764820
 12.041590
 17.029390
 13.928390
  6.324555
 20.248460
 48.507730
 48.041650
 51.156620
 47.801670
 60.440050
 38.013160
 39.812060
 36.000000
 44.553340
 49.648770
 42.059480
 45.354160
 36.878180
 38.600520
 40.792160
 39.560080
 45.221680
 42.953460
 47.169910
 34.828150
 53.150730
 40.459860
 42.720020
 27.802880
 37.656340
 37.013510
 13.892440
 13.892440
 36.055510
 23.769730
 10.630150
 27.658630
 22.000000
   .000000
 33.000000
 46.065170
 31.780500
 53.009430
  9.000000
 43.185650
 47.539460
 56.850680
 58.668560
 56.753850
 45.541190
 23.706540
 24.041630
 49.091750
 32.572990
 36.359320
 36.359320
 40.199500
 45.607020
 20.808650
  9.899495
 47.675990
 42.047590
 17.492860
 32.140320
 32.756680
 64.031240
 63.702430
 59.665740
 41.976180
 29.546570
 18.601080
 43.680660
 38.626420
 53.488320
 25.495100
 15.264340
 12.206560
 52.201530
 34.828150
 42.201900
 45.398240
 31.400640
 26.000000
 37.643060
 25.612500
 39.824620
 65.368190
 52.201530
 48.548940
 18.867960
 48.795490
 51.000000
 65.855900
  5.099020
 15.000000
 20.000000
 46.000000
 54.230990
 58.189350
 36.687870
 33.241540
 21.470910
  9.848858
 30.265490
 27.730850
 26.400760
 49.648770
 24.020820
  6.000000
 12.041590
 46.097720
 27.802880
 42.107010
 76.485290
 65.604880
 62.369870
 57.428220
 52.801510
 52.325900
 34.985710
 44.654230
 37.054020
 32.202480
 20.880610
 22.472200
 48.259710
 13.892440
 37.656340
 54.203320
 45.803930
 42.579340
 53.851650
  7.615773
 32.140320
 42.755120
 25.059930
 45.254830
 66.468040
 61.057350
 63.820060
 63.071390
 45.310040
 47.095650
 18.788290
 40.718550
 49.980000
 52.469040
 22.203600
 37.121420
 31.906110
 31.906110
 29.000000
 15.132750
 22.203600
 31.400640
 29.546570
 10.295630
  3.605551
  8.062258
 60.074950
 55.973210
 77.155690
 45.044420
 38.832980
 53.851650
 58.898220
 66.610810
 66.708320
 59.135440
 60.671250
 54.009260
 49.254440
 57.070130
 18.027760
 13.038400
 37.696160
 36.069380
 28.442920
 34.014700
 45.891170
 54.083270
 40.459860
 52.630790
 50.537110
 59.908260
 38.013160
 37.000000
 51.078370
 20.000000
 20.615530
 52.239830
 18.973670
 26.925820
 25.019990
 12.083050
 43.657760
 43.863430
 46.818800
 47.801670
 19.849430
 16.643320
  5.099020
 10.295630
 20.880610
  7.615773
 48.052060
 52.000000
 57.245090
 57.801380
 69.892780
 51.739730
 36.345560
 42.190040
 32.572990
 60.440050
 53.150730
 55.000000
 46.861500
 49.578220
 50.000000
 51.623640
 56.080300
 52.201530
 58.796260
 29.154760
 40.049970
 26.076810
 46.065170
 20.248460
  8.062258
 30.675720
 28.635640
 22.135940
 50.209560
 47.413080
 41.593270
 38.183770
 11.000000
 33.000000
   .000000
 42.720020
 35.227830
 61.911230
 24.000000
 10.770330
 21.095020
 37.643060
 51.156620
 58.189350
 60.207970
 30.413810
 12.206560
 28.160260
 10.198040
 19.104970
 60.539240
 49.406480
 36.345560
 20.000000
 26.925820
 16.124520
  9.219544
 44.598210
 48.166380
 41.231060
 50.487620
 48.052060
 46.270940
 47.507890
 13.416410
 21.095020
 15.000000
 14.317820
 51.923020
 37.536650
 28.178010
 41.231060
 42.047590
 22.803510
 47.010640
 59.548300
 49.040800
 13.453620
 11.401750
 26.248810
 32.015620
 57.008770
 53.141320
 27.202940
 19.723080
 35.014280
 45.891170
 50.219520
 34.365680
 18.000000
 38.587560
 56.612720
 60.827630
 56.753850
 56.222770
 40.000000
 47.010640
 24.331050
  5.000000
 51.478150
 32.557640
 21.260290
  9.055386
 39.000000
 45.011110
 30.066590
 20.248460
  9.486833
 59.774580
 52.469040
 43.324360
 69.634760
 33.241540
 26.925820
 33.541020
 37.854990
 48.270070
 14.560220
 14.317820
 32.649650
 27.892650
 22.135940
  8.062258
 47.381430
 37.483330
 49.396350
 55.362440
 36.674240
 48.166380
 58.694120
 16.278820
 32.015620
 49.040800
 37.215590
 52.153620
 57.314920
 44.944410
 59.203040
 44.384680
 17.464250
 22.022710
 20.248460
 11.401750
  5.000000
 18.027760
 31.384710
 24.698180
 18.110770
 42.190040
 41.773200
 52.478570
 29.410880
 31.144820
 41.012190
 69.971420
 42.190040
 60.083270
 12.165530
 22.022710
 26.248810
 39.849720
 44.294470
 51.971150
 57.723480
 64.621980
 62.769420
 56.435800
 71.217970
 27.459060
 36.400550
 39.824620
 25.961510
  7.071068
  1.414214
 15.000000
 32.310990
 26.076810
 41.000000
 46.097720
 50.000000
 50.990200
 57.008770
 70.837840
 53.000000
 50.695170
 19.646880
 16.155490
 33.970580
 40.607880
 44.283180
 17.000000
 19.313210
 19.416490
 18.384780
 22.203600
 21.023800
 28.017850
 24.515300
 14.317820
 30.805840
 52.325900
 49.729270
 51.478150
 46.043460
 58.309520
 34.525350
 45.607020
 37.643060
 53.009430
 47.265210
 40.049970
 44.000000
 36.124780
 37.000000
 40.112340
 37.121420
 43.104520
 42.047590
 44.407210
 14.035670
 14.035670
 18.027760
  9.000000
 24.020820
 37.576590
 12.165530
 32.202480
 35.171010
 23.537200
 35.510560
 44.687810
 20.518280
 41.012190
 46.065170
 42.720020
   .000000
 14.422200
 23.323810
 42.720020
 50.089920
 32.526910
 23.537200
 12.806250
 15.652480
 28.284270
 22.360680
 34.058770
 24.413110
 32.572990
 24.166090
 41.231060
 17.029390
  8.602325
 29.274560
 36.769550
 42.011900
 44.294470
 39.698870
 25.632010
 16.643320
 21.023800
 22.803510
 17.720050
 12.000000
 29.614190
 30.594120
 35.805030
 30.886890
  9.219544
 22.627420
 30.870700
 41.773200
 10.049880
 19.924860
 11.000000
 27.294690
 27.856780
 31.144820
 33.541020
 21.587030
 10.770330
 19.416490
 10.816650
 25.000000
 31.400640
 14.317820
  5.000000
 24.351590
 42.190040
 41.436700
 29.698480
 21.587030
 20.615530
 14.142140
 32.557640
 15.000000
 38.013160
 38.897300
 38.078870
 36.674240
 19.723080
 36.069380
 40.112340
 49.091750
 53.413480
 17.804490
 24.020820
 43.416590
 34.000000
 21.954500
 26.000000
 32.249030
 22.847320
 31.622780
 11.401750
  5.656854
 19.416490
 28.160260
 35.014280
 23.853720
 23.600850
 35.171010
 37.576590
  8.485281
  7.211102
 14.035670
 13.038400
 41.617310
 25.632010
 29.017240
 29.017240
 14.212670
 26.683330
 32.280030
 19.416490
 17.088010
  4.123106
 24.738630
 37.643060
 28.844410
 35.383610
 46.010870
 44.011360
 46.818800
 24.738630
 14.560220
 20.024980
 43.416590
 30.610460
 18.867960
 35.846900
 35.777090
 47.927030
 51.039200
 30.610460
 16.031220
 34.885530
 45.793010
 21.954500
 35.805030
 24.186770
 33.060550
 24.166090
 15.132750
 22.472200
 23.853720
 17.888540
 35.341190
 28.231190
 35.608990
  9.219544
 16.763050
 36.674240
 43.965900
 40.000000
 26.400760
 18.027760
 12.000000
  4.472136
 15.000000
 22.203600
 33.541020
 41.436700
 57.982760
 46.400430
 55.470710
 35.128340
 19.416490
 25.612500
 48.166380
 32.802440
 29.832870
 33.970580
 37.536650
 28.635640
 32.756680
 43.081320
 37.947330
 35.014280
 38.470770
 12.529960
  7.071068
 11.180340
 14.866070
 24.758840
 19.313210
 16.763050
  5.099020
 32.572990
 18.027760
 14.035670
 12.369320
 10.295630
 12.649110
  9.055386
 15.524170
 15.132750
 10.049880
 18.248290
  9.219544
 24.596750
 18.248290
 12.041590
 15.000000
 32.557640
 10.000000
 18.027760
 22.022710
 16.552950
 23.086790
 30.413810
  7.280110
 30.364450
 31.780500
 35.227830
 14.422200
   .000000
 26.832820
 29.274560
 44.598210
 32.893770
 31.780500
 27.202940
 26.019220
 25.612500
  8.246211
 24.166090
 28.071340
 26.172500
 20.591260
 32.062440
 14.212670
 16.552950
 17.464250
 22.803510
 39.962480
 39.623230
 26.076810
 16.278820
  6.708204
 34.205260
 34.985710
 30.232430
 12.649110
 22.022710
 18.110770
 33.615470
 27.459060
 21.840330
  8.944272
 16.763050
 27.586230
 22.203600
 15.652480
 12.369320
 24.839490
 18.110770
 21.954500
 29.206160
  9.486833
 12.165530
 33.837850
 21.095020
 28.160260
 19.235380
 21.840330
 19.416490
 36.891740
 27.784890
 29.068880
 15.811390
 21.400930
 26.248810
 26.683330
 24.738630
  5.000000
 25.079870
 25.317980
 30.232430
 25.317980
  5.385165
 36.400550
 30.083220
 34.669870
 39.051250
 22.022710
 15.000000
 38.948680
 47.201690
 35.468300
 36.055510
 34.409300
 29.154760
 34.525350
  5.099020
 14.422200
 13.601470
 21.931710
 24.041630
  9.433981
 27.073970
 22.022710
 32.557640
 22.803510
 16.124520
 14.317820
 23.021730
 27.202940
 16.278820
 24.698180
 19.235380
 19.235380
 38.470770
 39.115220
 33.241540
 31.304950
 13.601470
 24.083190
 24.186770
 26.832820
 36.055510
 44.777230
 33.241540
 40.000000
 18.439090
  4.472136
 10.630150
 31.064450
 17.464250
  8.246211
 25.079870
 21.540660
 33.837850
 36.619670
 34.885530
 27.294690
 48.010410
 41.868840
 20.248460
 38.078870
 33.241540
 42.201900
 37.202150
 27.658630
 31.257000
 27.730850
 21.540660
 36.124780
 14.317820
 21.260290
  6.082763
 13.601470
 28.301940
 36.619670
 37.735920
 32.015620
 18.248290
 23.323810
 18.867960
 29.000000
 16.643320
 25.709920
 37.589890
 43.931770
 33.120990
 51.739730
 23.537200
  5.000000
 12.649110
 33.941120
 31.304950
 29.154760
 33.615470
 36.674240
 16.124520
 20.024980
 29.120440
 24.331050
 24.041630
 24.166090
 18.248290
 20.248460
 25.553870
 27.802880
 38.948680
 26.476400
 10.630150
 11.401750
 23.086790
 30.805840
 24.596750
 25.000000
 18.384780
 21.540660
 20.248460
 24.351590
 26.925820
 22.203600
 30.016660
 33.421550
 36.400550
 40.360870
 16.278820
 41.677330
 58.412330
 32.557640
 41.436700
 47.296940
 17.262680
 32.572990
 46.872170
 26.476400
 57.008770
 53.009430
 61.911230
 23.323810
 26.832820
   .000000
 53.600370
 70.802540
 55.443660
 46.238510
 28.071340
 13.152950
 11.313710
 33.526110
 50.990200
 47.707440
 52.430910
 45.343140
 29.732140
 13.341660
 31.906110
 44.011360
 46.389650
 64.350600
 65.436990
 39.293770
 21.377560
 21.840330
 39.115220
 42.426410
 37.656340
 14.422200
 48.548940
 44.271890
 57.982760
 52.402290
 18.248290
 28.284270
 40.607880
 43.737850
 31.953090
 40.459860
 15.000000
 10.630150
 22.803510
 48.764740
 54.671750
 36.249140
 32.557640
 31.257000
 14.317820
 48.259710
 45.541190
 37.589890
 24.351590
 43.185650
 48.041650
 54.817880
 33.015150
  7.071068
  4.123106
 18.110770
 21.633310
 22.472200
 35.735140
 49.648770
 56.938560
 30.870700
 30.675720
 59.033890
 56.859470
 53.460270
 55.542780
 41.048750
 41.677330
 64.660650
 50.159740
 39.012820
 47.539460
  8.944272
 46.065170
 54.918120
 28.600700
 28.844410
 16.031220
 48.010410
 50.695170
 32.756680
 46.872170
 47.296940
 58.412330
 26.683330
 30.528680
 12.529960
 13.038400
 46.173580
 21.377560
 14.212670
 46.065170
 37.443290
 46.389650
 55.154330
 36.013890
 26.305890
 19.416490
  7.211102
 37.107950
 50.911690
 58.412330
 68.680420
 59.808030
 66.573270
 44.407210
 30.528680
 37.215590
 56.753850
 31.257000
 22.360680
 29.068880
 44.181440
 56.008930
 54.744860
  8.062258
 37.643060
 51.156620
 67.357250
 43.840620
 59.076220
 46.486560
 54.817880
 42.047590
 18.248290
 10.630150
  1.000000
  5.656854
 12.369320
 39.051250
 40.049970
 22.203600
 37.536650
 55.072680
 63.285070
 62.225400
 49.648770
 40.360870
 34.176010
 23.409400
 32.140320
 15.132750
 22.203600
 21.840330
 57.008770
 43.462630
 77.233410
 49.980000
 29.410880
 28.000000
 49.477270
 55.172460
 52.402290
 56.727420
 60.207970
 42.379240
 45.880280
 52.153620
 48.662100
 50.695170
 46.043460
 10.816650
 19.646880
 25.079870
 34.713110
 38.327540
 42.485290
 17.464250
 27.018510
 24.596750
 37.483330
 36.400550
 33.241540
 33.615470
 35.777090
 31.780500
 38.483760
 36.400550
 31.953090
 39.051250
 29.966650
 47.707440
 34.058770
 41.109610
 21.400930
 28.861740
 32.202480
 12.165530
  7.615773
 37.643060
 28.425340
 18.384780
 27.166150
 13.000000
  9.000000
 24.000000
 42.720020
 29.274560
 53.600370
   .000000
 34.234490
 39.357340
 50.209560
 54.781380
 55.226810
 47.759820
 21.095020
 15.652480
 41.868840
 24.166090
 29.068880
 41.773200
 40.311290
 40.706260
 14.422200
  7.280110
 38.832980
 33.060550
 23.430750
 34.176010
 32.062440
 58.830270
 58.008620
 54.378300
 41.000000
 21.633310
 12.529960
 35.114100
 30.413810
 50.990200
 25.317980
 13.038400
 18.867960
 47.413080
 28.425340
 41.012190
 47.434170
 34.014700
 18.027760
 29.154760
 21.189620
 34.885530
 61.465440
 50.358720
 41.231060
 12.206560
 43.011630
 47.434170
 60.216280
 11.180340
  6.000000
 21.931710
 46.872170
 54.147950
 55.901700
 40.311290
 32.000000
 26.870060
  4.000000
 21.377560
 32.649650
 24.083190
 41.231060
 15.033300
 15.000000
 21.023800
 39.698870
 21.400930
 33.136080
 70.802540
 60.539240
 55.901700
 59.203040
 45.967380
 44.418460
 31.320920
 40.311290
 37.656340
 24.413110
 12.529960
 21.023800
 41.109610
  7.615773
 28.861740
 50.328920
 41.146080
 42.047590
 52.239830
 13.892440
 34.176010
 45.310040
 17.691810
 39.408120
 60.440050
 53.600370
 59.059290
 59.774580
 42.755120
 48.507730
 24.041630
 32.756680
 41.629320
 43.566040
 13.341660
 28.160260
 24.758840
 28.160260
 23.706540
  6.324555
 25.059930
 31.257000
 34.205260
  9.848858
  7.615773
 17.029390
 61.188230
 50.477720
 71.400280
 36.055510
 31.827660
 45.617980
 52.345010
 59.548300
 61.294370
 56.885850
 60.000000
 54.589370
 49.162990
 59.464280
 15.033300
 16.401220
 35.355340
 30.232430
 19.646880
 25.019990
 37.107950
 46.861500
 34.058770
 47.507890
 47.127490
 55.461700
 39.293770
 40.816660
 55.226810
 29.000000
 28.178010
 43.289720
 10.816650
 25.019990
 26.248810
 20.615530
 35.341190
 35.846900
 38.483760
 39.217340
 14.317820
 10.295630
  4.123106
  5.000000
 12.529960
  9.219544
 47.010640
 49.244290
 53.758720
 52.839380
 65.299310
 45.343140
 36.221540
 38.275320
 36.359320
 55.226810
 47.707440
 50.119860
 41.677330
 44.102150
 45.177430
 45.803930
 50.774010
 47.413080
 53.254110
 37.443290
 44.721360
 32.310990
 54.644310
 29.698480
 12.529960
 38.587560
 39.395430
 32.893770
 60.207970
 58.137770
 52.172790
 48.270070
 21.377560
 43.185650
 10.770330
 50.089920
 44.598210
 70.802540
 34.234490
   .000000
 22.022710
 40.012500
 56.753850
 65.741920
 70.007140
 40.607880
 22.825420
 31.064450
 18.439090
 25.942240
 71.196910
 58.796260
 42.720020
 30.528680
 37.643060
 12.649110
  6.082763
 55.362440
 58.412330
 50.911690
 54.083270
 51.000000
 50.249380
 56.400360
 22.627420
 31.764760
 16.031220
 19.313210
 59.093150
 47.801670
 38.910150
 51.923020
 47.539460
 30.528680
 55.803230
 69.296460
 59.405390
 23.600850
 16.552950
 36.124780
 39.357340
 61.983870
 60.827630
 30.066590
 30.413810
 40.024990
 52.554730
 53.009430
 44.911020
 28.284270
 49.244290
 65.946950
 69.339740
 63.694580
 66.610810
 49.517670
 57.775430
 34.928500
 15.264340
 62.177170
 42.520580
 20.396080
 19.646880
 49.162990
 55.081760
 34.928500
 29.698480
  7.071068
 61.522350
 56.080300
 45.177430
 78.873310
 36.013890
 27.294690
 42.201900
 44.777230
 57.982760
 22.803510
 25.079870
 43.011630
 31.144820
 32.893770
 12.529960
 53.450910
 44.011360
 58.412330
 63.063460
 47.296940
 58.412330
 68.680420
 26.400760
 37.643060
 51.156620
 37.107950
 56.320510
 63.063460
 52.839380
 68.680420
 55.154330
 21.840330
 21.377560
 14.212670
 21.023800
  6.082763
 26.400760
 40.459860
 33.970580
 28.071340
 52.839380
 51.662360
 63.134780
 40.162170
 41.012190
 51.088160
 78.816240
 46.389650
 61.660360
  6.324555
 28.231190
 25.000000
 42.047590
 44.384680
 55.000000
 64.621980
 72.470680
 71.610050
 65.215030
 80.721740
 38.078870
 47.169910
 48.600410
 33.615470
 17.492860
  9.486833
 13.152950
 34.058770
 32.310990
 46.097720
 52.924470
 54.918120
 60.827630
 67.424030
 81.055530
 63.126860
 61.400330
  9.055386
 26.925820
 43.931770
 51.039200
 54.744860
 19.104970
 22.203600
 20.024980
 17.262680
 32.756680
 31.780500
 38.327540
 35.171010
 25.079870
 41.484940
 60.745370
 56.859470
 57.567350
 50.635960
 62.128900
 38.209950
 55.172460
 45.177430
 63.513780
 51.244510
 44.721360
 49.030600
 42.059480
 42.201900
 45.880280
 41.593270
 47.518420
 47.539460
 48.166380
 23.769730
 23.769730
 15.264340
 39.408120
 22.022710
 13.038400
 23.706540
 37.483330
 33.837850
 49.396350
 53.150730
 53.150730
 39.051250
 28.425340
 47.539460
 21.095020
 32.526910
 32.893770
 55.443660
 39.357340
 22.022710
   .000000
 18.000000
 36.249140
 47.634020
 57.706150
 33.136080
 23.706540
  9.486833
 15.264340
 13.038400
 64.327290
 45.650850
 24.083190
 27.658630
 38.600520
 10.440310
 16.124520
 53.084840
 49.040800
 39.560080
 32.249030
 29.017240
 28.635640
 41.880780
 18.027760
 29.832870
  6.324555
  8.944272
 40.607880
 39.623230
 36.345560
 51.623640
 27.294690
 17.464250
 41.048750
 56.824290
 50.695170
 21.540660
 10.630150
 28.071340
 23.021730
 40.804410
 43.185650
  8.544003
 29.120440
 19.723080
 33.600590
 31.000000
 46.840150
 34.132100
 44.045430
 52.153620
 53.075420
 44.654230
 57.567350
 37.696160
 54.009260
 37.696160
 19.798990
 56.435800
 33.541020
  3.605551
 26.248810
 53.141320
 59.135440
 15.000000
 22.022710
 15.132750
 39.623230
 34.234490
 23.194830
 64.202800
 14.142140
  5.830952
 28.635640
 26.870060
 46.097720
 15.524170
 26.832820
 36.124780
  9.848858
 33.837850
 13.038400
 33.615470
 25.495100
 44.102150
 45.343140
 48.270070
 49.040800
 57.271290
 22.803510
 18.439090
 29.154760
 16.124520
 34.713110
 42.544090
 36.124780
 55.226810
 52.009610
  7.071068
  3.162278
 13.601470
 30.413810
 22.135940
 17.029390
 28.460500
 24.186770
 35.227830
 47.169910
 41.109610
 56.718610
 40.024990
 46.957430
 55.362440
 63.031740
 25.000000
 39.812060
 16.031220
 12.649110
  6.324555
 20.024980
 23.259410
 33.015150
 45.486260
 54.671750
 56.080300
 49.819680
 66.850580
 34.132100
 45.276920
 34.481880
 19.313210
 20.615530
 21.470910
  9.055386
 12.041590
 15.264340
 25.495100
 34.205260
 33.837850
 49.244290
 58.523500
 70.263790
 66.483080
 60.207970
 24.351590
 28.635640
 34.713110
 43.566040
 56.515480
  4.242640
  4.000000
  2.000000
  5.385165
 29.427880
 31.320920
 42.544090
 37.336310
 26.832820
 42.449970
 44.687810
 38.418750
 37.589890
 29.410880
 40.311290
 16.763050
 42.953460
 28.425340
 55.542780
 29.614190
 23.769730
 28.231190
 22.803510
 21.954500
 26.076810
 20.615530
 26.248810
 27.294690
 26.476400
 23.769730
  9.848858
 16.401220
 32.388270
 29.068880
 29.832870
 22.135940
 44.102150
 43.185650
 46.000000
 54.817880
 59.539900
 39.051250
 42.190040
 56.850680
 37.643060
 23.537200
 31.780500
 46.238510
 50.209560
 40.012500
 18.000000
   .000000
 21.213200
 35.510560
 51.788030
 36.249140
 35.805030
  9.486833
 29.068880
 21.400930
 63.198100
 40.199500
 16.000000
 36.124780
 47.010640
 28.160260
 34.058770
 57.008770
 47.169910
 37.215590
 14.560220
 11.045360
 11.661900
 35.355340
 29.410880
 38.288380
 24.083190
 23.409400
 28.653100
 40.521600
 42.720020
 57.245090
 14.317820
 22.022710
 34.365680
 50.803540
 49.254440
 32.802440
 26.248810
 32.249030
 19.646880
 24.186770
 32.202480
 10.440310
 38.209950
 10.049880
 21.931710
 13.000000
 54.644310
 46.227700
 46.818800
 45.122060
 42.953460
 31.400640
 55.009090
 35.227830
 56.612720
 47.423620
 34.928500
 57.070130
 35.114100
 20.223750
 40.311290
 61.611690
 67.119290
 10.816650
 29.068880
 33.060550
 22.135940
 16.492420
  5.830952
 55.154330
  4.472136
 13.341660
 26.683330
 19.026300
 42.011900
 26.627050
 38.418750
 39.000000
  9.848858
 43.185650
 29.832870
 20.248460
 17.029390
 37.483330
 34.000000
 55.226810
 47.169910
 52.345010
 32.557640
 12.649110
 11.401750
  8.944272
 17.464250
 27.018510
 27.658630
 48.270070
 55.362440
 20.248460
 19.235380
 30.083220
 44.777230
 39.623230
 25.495100
 28.460500
 28.301940
 47.801670
 49.040800
 39.319210
 56.718610
 47.434170
 57.314920
 63.820060
 52.773100
  9.219544
 22.472200
 34.014700
 18.439090
 17.088010
  2.236068
 10.440310
 15.033300
 32.015620
 42.438190
 46.615450
 41.109610
 58.523500
 39.962480
 50.537110
 30.016660
 21.095020
 34.885530
 38.327540
 27.018510
  6.082763
 16.401220
 12.083050
 22.847320
 17.804490
 45.044420
 56.008930
 64.938430
 73.430240
 64.257290
 41.773200
 39.698870
 35.735140
 44.384680
 63.134780
 21.213200
 18.439090
 20.000000
 23.086790
 37.013510
 40.360870
 52.402290
 46.754680
 38.418750
 50.219520
 35.735140
 26.832820
 23.430750
 13.453620
 22.561030
  5.385165
 39.000000
 22.000000
 54.230990
 12.529960
  9.848858
 13.601470
 14.000000
 11.045360
 14.560220
  8.062258
 10.630150
 14.317820
  9.433981
 25.000000
 12.529960
 25.079870
 19.723080
 34.713110
 44.721360
 22.803510
 44.777230
 47.169910
 34.438350
 47.801670
 57.489130
 33.241540
 51.478150
 58.668560
 51.156620
 12.806250
 27.202940
 28.071340
 54.781380
 56.753850
 36.249140
 21.213200
   .000000
 15.524170
 36.496570
 34.985710
 44.407210
 26.832820
 41.048750
 32.062440
 52.000000
 27.313000
 15.033300
 40.804410
 49.193500
 46.615450
 50.695170
 52.345010
 37.215590
 29.068880
 11.045360
 14.560220
 10.295630
 22.360680
 39.051250
 42.379240
 41.109610
 37.656340
 10.049880
 35.383610
 43.416590
 54.561890
  9.219544
 29.068880
 21.470910
 35.510560
 39.446170
 41.303750
 40.607880
 33.615470
 20.396080
  6.708204
 14.035670
 27.730850
 43.011630
 16.763050
  7.810250
 15.132750
 54.918120
 52.886670
 42.449970
 29.427880
 24.186770
 10.770330
 43.081320
 27.586230
 50.447990
 51.078370
 47.010640
 48.548940
 32.449960
 39.357340
 50.249380
 61.854670
 66.219330
 21.840330
 34.713110
 49.729270
 22.803510
 11.045360
 20.591260
 36.496570
 23.021730
 33.286630
 23.706540
 14.560220
 30.413810
 37.000000
 45.891170
 36.619670
 26.400760
 47.169910
 44.721360
  4.472136
 14.142140
 23.769730
 15.033300
 54.405880
 37.215590
 38.078870
 39.623230
 19.235380
 18.439090
 29.832870
  8.062258
  6.324555
 15.000000
 32.249030
 50.249380
 34.928500
 38.470770
 49.648770
 54.451810
 54.589370
 34.058770
 26.832820
 31.320920
 54.817880
 43.185650
 31.241000
 47.507890
 48.373550
 60.373840
 63.820060
 33.241540
 12.041590
 23.769730
 51.546100
 29.154760
 37.443290
 20.615530
 27.730850
 14.000000
 11.180340
 21.931710
 28.160260
 24.083190
 40.311290
 40.706260
 48.414880
 21.931710
 26.172500
 46.010870
 52.239830
 44.944410
 26.400760
 25.079870
 10.770330
  8.485281
  4.123106
 32.695560
 44.011360
 49.162990
 70.724820
 58.898220
 60.539240
 46.324940
 32.202480
 38.209950
 60.959000
 37.947330
 34.785050
 38.078870
 41.629320
 40.496910
 44.598210
 55.461700
 50.159740
 45.891170
 51.107730
 19.416490
  9.486833
  3.000000
  7.810250
 12.206560
 19.723080
 28.301940
 16.552950
 43.829210
  9.848858
 12.529960
  8.062258
 15.033300
 14.560220
 11.045360
 15.652480
 10.630150
  9.219544
 12.206560
 29.120440
 25.806980
 33.615470
 14.142140
 38.832980
 53.225930
 27.513630
 43.566040
 48.041650
 24.839490
 40.224370
 52.801510
 29.120440
 55.578770
 56.753850
 58.189350
 15.652480
 26.019220
 13.152950
 55.226810
 65.741920
 47.634020
 35.510560
 15.524170
   .000000
 23.259410
 34.132100
 48.836460
 38.897300
 48.104050
 39.812060
 40.804410
 18.027760
 23.600850
 43.104520
 48.507730
 57.428220
 59.941640
 46.141090
 28.600700
 24.041630
 26.476400
 30.083220
 25.632010
 14.866070
 44.922150
 44.011360
 51.312770
 46.529560
  7.071068
 31.320920
 42.426410
 49.658840
 21.400930
 35.468300
 14.560220
 22.360680
 30.610460
 46.097720
 49.193500
 35.057090
 26.400760
 18.110770
  5.099020
 39.623230
 45.044420
 28.284270
 14.142140
 30.594120
 52.201530
 55.009090
 37.696160
 16.643320
  9.055386
  5.000000
 32.015620
 23.537200
 43.266620
 51.244510
 53.450910
 39.698870
 31.144820
 51.088160
 54.918120
 58.523500
 61.741400
 32.649650
 38.832980
 59.059290
 37.054020
 26.172500
 35.846900
 21.095020
 36.235340
 45.967380
 25.317980
 21.095020
 21.633310
 43.657760
 49.365980
 34.525350
 38.209950
 48.041650
 53.225930
 15.264340
 22.203600
 14.764820
  3.000000
 50.921510
 28.600700
 25.553870
 43.737850
 29.206160
 33.955850
 44.418460
 23.194830
 13.152950
 13.341660
 18.788290
 43.909000
 44.418460
 50.328920
 61.220910
 58.549130
 62.393910
 40.162170
 28.160260
 34.525350
 57.008770
 37.121420
 25.632010
 38.209950
 46.872170
 59.228370
 60.166440
 17.720050
 26.419690
 38.052600
 61.400330
 37.589890
 50.209560
 35.355340
 43.081320
 29.274560
  5.099020
  7.071068
 13.038400
 10.816650
 25.019990
 40.199500
 44.598210
 20.000000
 32.310990
 51.923020
 59.464280
 55.470710
 39.824620
 33.615470
 23.600850
 13.453620
 19.646880
 22.671570
 32.802440
 34.928500
 64.660650
 51.613950
 71.021130
 49.162990
 30.265490
 32.695560
 55.901700
 48.259710
 45.221680
 49.203660
 52.801510
 42.011900
 46.000000
 54.744860
 50.249380
 49.365980
 49.244290
  8.944272
  9.219544
 12.649110
 22.847320
 25.179360
 32.649650
 21.023800
 20.615530
 33.941120
 25.298220
 25.806980
 21.954500
 24.839490
 26.172500
 21.931710
 28.425340
 25.059930
 21.400930
 27.313000
 34.132100
 42.296570
 42.485290
 19.416490
 40.311290
 58.137770
 34.000000
 35.846900
 42.485290
 10.295630
 23.086790
 38.013160
 22.203600
 53.535030
 45.541190
 60.207970
 28.284270
 25.612500
 11.313710
 47.759820
 70.007140
 57.706150
 51.788030
 36.496570
 23.259410
   .000000
 30.000000
 48.414880
 51.264020
 51.662360
 46.043460
 18.439090
 12.083050
 36.138620
 40.804410
 40.496910
 65.459920
 65.192020
 30.066590
 13.601470
 19.104970
 47.265210
 50.039990
 45.011110
 16.492420
 47.381430
 40.496910
 59.076220
 53.009430
 26.476400
 23.323810
 35.341190
 35.000000
 38.118240
 41.048750
 17.464250
  1.000000
 14.142140
 46.754680
 54.817880
 33.970580
 34.928500
 40.804410
 22.561030
 51.623640
 41.880780
 42.201900
 31.000000
 51.156620
 40.447500
 50.089920
 25.961510
  7.071068
 15.000000
 27.856780
 10.770330
 20.615530
 26.172500
 44.011360
 55.226810
 20.615530
 27.658630
 61.294370
 53.823790
 45.011110
 46.270940
 44.598210
 40.311290
 64.536810
 59.228370
 47.518420
 54.147950
 12.000000
 50.695170
 58.309520
 29.154760
 32.984840
 12.041590
 47.507890
 47.434170
 28.301940
 50.328920
 42.485290
 58.137770
 34.058770
 34.928500
 14.317820
 22.135940
 38.209950
 13.601470
  3.162278
 43.931770
 41.109610
 54.037030
 60.415230
 44.553340
 36.055510
 24.186770
  4.472136
 28.017850
 52.153620
 60.827630
 70.178340
 56.080300
 65.115280
 44.045430
 30.000000
 36.124780
 51.894120
 23.345240
 18.439090
 18.681540
 37.947330
 48.836460
 46.010870
 15.524170
 44.102150
 60.207970
 67.475920
 45.276920
 62.241470
 52.469040
 61.294370
 50.358720
 28.231190
 21.931710
 12.041590
 12.649110
 11.704700
 34.481880
 32.557640
 23.259410
 38.587560
 53.150730
 61.619800
 63.245550
 54.120240
 42.485290
 40.199500
 30.000000
 40.311290
  9.219544
 11.180340
 13.152950
 46.840150
 33.241540
 77.336920
 46.324940
 26.248810
 21.540660
 40.199500
 56.603890
 54.203320
 58.668560
 61.911230
 38.832980
 41.677330
 45.607020
 43.081320
 47.434170
 39.293770
 17.117240
 27.166150
 33.541020
 42.011900
 47.801670
 47.296940
 15.000000
 30.364450
 14.317820
 45.044420
 42.296570
 40.012500
 38.078870
 40.792160
 37.336310
 43.737850
 43.046490
 38.118240
 46.010870
 12.529960
 30.610460
 20.615530
 20.024980
 11.704700
 29.529650
 14.422200
  9.848858
 14.035670
 19.849430
 20.024980
 23.600850
  7.810250
 23.706540
 23.706540
 30.413810
 22.360680
  8.246211
 33.526110
 21.095020
 40.607880
 33.136080
 36.249140
 34.985710
 34.132100
 30.000000
   .000000
 18.439090
 30.594120
 22.825420
 20.099750
 31.622780
 20.248460
 22.671570
 10.816650
 14.560220
 38.275320
 36.359320
 20.880610
 17.804490
 11.704700
 41.012190
 41.231060
 36.796740
 20.099750
 18.357560
 10.770330
 32.280030
 25.961510
 30.083220
  7.211102
  8.544003
 21.095020
 29.000000
 16.031220
 20.024980
 29.410880
 18.867960
 17.029390
 26.925820
  5.099020
 17.204650
 41.677330
 29.274560
 30.413810
 12.083050
 26.925820
 27.294690
 43.278170
 20.000000
 21.377560
 11.045360
 27.313000
 33.541020
 34.928500
 26.076810
 11.180340
 21.095020
 17.117240
 25.495100
 23.345240
  3.000000
 36.345560
 23.853720
 27.018510
 31.827660
 25.632010
 11.704700
 35.846900
 53.814500
 42.449970
 41.182520
 40.249220
 32.893770
 36.055510
 11.401750
 21.260290
 18.357560
 19.313210
 17.492860
  3.000000
 29.614190
 14.035670
 29.529650
 30.528680
 22.627420
 21.377560
 31.144820
 19.798990
 17.804490
 28.319600
 14.212670
 23.706540
 44.407210
 42.449970
 40.459860
 39.395430
 21.840330
 29.529650
 19.416490
 26.305890
 36.221540
 43.324360
 26.400760
 35.383610
 16.492420
  8.485281
  9.000000
 23.345240
 14.035670
 11.661900
 23.769730
 13.416410
 25.632010
 29.068880
 41.436700
 33.421550
 54.561890
 38.948680
 21.023800
 39.012820
 38.013160
 46.615450
 43.863430
 35.902650
 39.051250
 34.481880
 28.635640
 41.340050
  6.082763
 14.422200
 14.317820
 15.524170
 23.345240
 31.827660
 36.055510
 35.171010
 20.615530
 29.732140
 26.832820
 36.400550
 20.808650
 26.925820
 40.459860
 37.443290
 28.160260
 48.548940
 16.552950
  4.123106
 10.770330
 27.202940
 30.594120
 29.154760
 33.376640
 35.902650
  8.944272
 12.369320
 20.880610
 16.124520
 17.492860
 16.124520
 26.019220
 28.460500
 33.541020
 34.655450
 46.400430
 30.870700
 16.155490
 18.601080
 23.259410
 37.483330
 30.610460
 31.827660
 24.207440
 27.202940
 26.870060
 29.681640
 33.301650
 29.000000
 36.235340
 20.024980
 35.114100
 20.615530
 35.735140
 10.049880
 14.000000
 22.000000
 16.763050
 11.000000
 38.288380
 35.341190
 31.000000
 26.248810
  7.071068
 24.041630
 12.206560
 34.058770
 24.166090
 50.990200
 15.652480
 22.825420
 23.706540
 35.805030
 44.407210
 48.836460
 48.414880
 18.439090
   .000000
 26.907250
  8.544003
 14.422200
 48.373550
 38.078870
 29.427880
  7.810250
 16.000000
 24.020820
 19.646880
 32.984840
 36.069380
 29.681640
 46.238510
 44.721360
 41.785160
 36.769550
  6.403124
  8.944272
 19.646880
 14.764820
 43.185650
 25.455840
 16.155490
 30.149630
 35.902650
 15.524170
 36.400550
 47.801670
 36.878180
  3.162278
 13.601470
 14.764820
 24.083190
 50.803540
 43.737850
 26.172500
  7.615773
 30.083220
 38.013160
 46.957430
 24.083190
 10.630150
 26.419690
 45.276920
 50.328920
 48.166380
 44.045430
 28.653100
 35.114100
 14.317820
  7.615773
 39.357340
 20.808650
 25.632010
  6.082763
 29.832870
 35.902650
 25.942240
 10.049880
 19.416490
 57.306190
 48.104050
 41.617310
 58.309520
 31.400640
 28.844410
 23.537200
 30.066590
 36.619670
  9.219544
  3.162278
 20.518280
 26.248810
 11.000000
 14.000000
 40.199500
 30.265490
 38.483760
 45.891170
 26.000000
 36.069380
 46.754680
  5.099020
 26.570660
 46.647610
 38.288380
 47.127490
 50.159740
 35.510560
 47.707440
 32.572990
 17.204650
 26.000000
 29.000000
 10.049880
 17.204650
 10.770330
 20.880610
 14.317820
 12.041590
 30.016660
 30.000000
 40.311290
 18.110770
 23.259410
 32.015620
 59.033890
 37.696160
 57.801380
 22.561030
 17.492860
 29.966650
 38.013160
 44.553340
 48.332180
 49.162990
 54.817880
 51.894120
 45.694640
 59.640590
 15.264340
 24.738630
 29.410880
 18.248290
  5.385165
 13.601470
 22.090720
 31.827660
 20.615530
 35.440090
 38.000000
 44.147480
 39.204590
 44.821870
 58.728190
 43.566040
 39.458840
 31.384710
  5.099020
 22.203600
 28.425340
 34.058770
 19.697720
 20.248460
 22.847320
 23.769730
 10.000000
  9.219544
 18.973670
 14.142140
  3.162278
 20.000000
 42.059480
 41.109610
 44.102150
 40.804410
 53.450910
 31.384710
 34.132100
 29.017240
 40.804410
 42.720020
 35.114100
 38.327540
 29.832870
 31.622780
 33.734260
 32.695560
 38.275320
 35.902650
 40.311290
 19.000000
 14.317820
 10.049880
 32.202480
 21.470910
 20.396080
 18.110770
 37.161810
 35.227830
 43.931770
 50.249380
 52.924470
 35.000000
 33.015150
 49.091750
 28.160260
 24.413110
 28.071340
 47.707440
 41.868840
 31.064450
  9.486833
  9.486833
 26.832820
 38.897300
 51.264020
 30.594120
 26.907250
   .000000
 19.723080
 12.806250
 60.133190
 39.217340
 15.811390
 28.301940
 39.446170
 19.924860
 25.019990
 51.419840
 44.283180
 34.365680
 23.021730
 20.099750
 19.235380
 34.928500
 20.518280
 30.528680
 15.033300
 13.928390
 31.827660
 36.055510
 35.846900
 50.921510
 18.027760
 14.866070
 34.014700
 50.328920
 46.173580
 24.041630
 16.763050
 25.961510
 16.492420
 31.320920
 34.713110
  1.000000
 30.232430
 10.630150
 24.758840
 22.203600
 47.413080
 37.483330
 41.593270
 45.188500
 45.000000
 35.608990
 52.611790
 32.388270
 51.623640
 39.408120
 25.495100
 53.037720
 30.149630
 12.529960
 31.064450
 54.203320
 59.941640
  6.708204
 21.470910
 24.020820
 31.622780
 25.019990
 15.231550
 56.603890
  5.099020
  7.211102
 23.194830
 18.867960
 40.261640
 17.691810
 29.698480
 33.541020
  1.000000
 35.227830
 20.396080
 24.413110
 17.204650
 37.161810
 36.796740
 48.332180
 44.283180
 51.244510
 24.207440
 10.295630
 20.880610
 12.083050
 25.317980
 33.105890
 28.301940
 48.332180
 50.010000
 10.770330
 11.661900
 22.825420
 35.510560
 30.265490
 17.204650
 24.000000
 21.840330
 38.948680
 44.283180
 36.221540
 53.000000
 40.249220
 49.203660
 56.435800
 55.000000
 15.524170
 31.953090
 25.317980
 10.295630
 11.401750
 11.704700
 17.691810
 24.083190
 36.400550
 45.967380
 48.259710
 42.190040
 59.539900
 33.241540
 44.271890
 28.160260
 15.132750
 25.553870
 28.861740
 18.439090
  5.000000
 10.049880
 16.124520
 25.455840
 24.351590
 43.416590
 53.600370
 64.195010
 66.708320
 58.694120
 33.837850
 31.144820
 31.064450
 40.049970
 56.462380
 12.000000
  9.055386
 11.401750
 14.866070
 29.529650
 32.449960
 44.407210
 38.832980
 29.698480
 42.941820
 36.891740
 29.698480
 28.301940
 19.924860
 31.064450
  7.280110
 37.107950
 21.023800
 51.156620
 20.223750
 14.317820
 18.788290
 14.212670
 12.806250
 17.029390
 11.180340
 16.763050
 18.027760
 17.117240
 19.235380
 30.265490
 16.000000
 36.359320
 11.401750
  6.708204
 20.615530
 24.083190
 19.235380
 42.011900
 41.761230
 39.115220
 30.232430
 13.453620
 32.572990
 10.198040
 32.572990
 26.172500
 52.430910
 24.166090
 18.439090
 15.264340
 29.068880
 41.048750
 48.104050
 51.662360
 22.825420
  8.544003
 19.723080
   .000000
  9.000000
 54.230990
 40.360870
 26.172500
 14.142140
 24.186770
 16.124520
 13.601470
 40.311290
 40.496910
 32.557640
 41.000000
 38.897300
 36.674240
 38.013160
  4.472136
 16.031220
 11.180340
  6.403124
 41.761230
 30.016660
 23.194830
 38.000000
 32.000000
 12.649110
 37.443290
 50.931330
 41.677330
  7.000000
  5.099020
 18.027760
 21.840330
 47.010640
 43.081320
 18.867960
 15.000000
 25.179360
 35.693140
 41.109610
 32.388270
 18.867960
 32.572990
 47.507890
 51.107730
 46.572530
 48.877400
 31.112700
 41.976180
 22.803510
  6.082763
 45.541190
 24.413110
 17.088010
 11.401750
 38.327540
 44.384680
 20.396080
 11.401750
 13.038400
 51.078370
 42.953460
 34.885530
 60.440050
 24.596750
 20.615530
 23.853720
 27.658630
 39.623230
  4.472136
 11.704700
 25.495100
 19.235380
 19.235380
  6.708204
 37.215590
 27.294690
 40.000000
 45.310040
 34.132100
 40.496910
 50.447990
  9.219544
 22.022710
 40.311290
 30.413810
 42.426410
 47.169910
 34.928500
 50.249380
 39.623230
  9.219544
 17.464250
 21.213200
 15.811390
 14.317820
  8.062258
 22.022710
 15.556350
 20.000000
 36.055510
 33.421550
 46.238510
 26.019220
 31.780500
 40.521600
 60.464870
 32.557640
 51.478150
 16.124520
 12.041590
 21.470910
 31.304950
 37.013510
 42.720020
 47.539460
 54.626000
 53.254110
 46.872170
 62.289650
 21.587030
 32.140320
 30.232430
 15.811390
  5.830952
 11.401750
 14.035670
 24.413110
 16.000000
 31.064450
 35.902650
 40.049970
 42.520580
 49.739320
 63.007930
 51.971150
 47.095650
 25.806980
 13.601470
 25.806980
 33.541020
 42.296570
 11.180340
 12.041590
 14.317820
 15.297060
 16.278820
 17.029390
 27.513630
 22.561030
 11.704700
 28.160260
 42.544090
 39.560080
 41.303750
 36.221540
 48.662100
 25.298220
 36.769550
 27.513630
 46.065170
 37.656340
 30.265490
 34.058770
 26.019220
 27.073970
 30.016660
 27.459060
 33.376640
 32.000000
 34.928500
 12.041590
 21.377560
  7.000000
 29.068880
  9.219544
 13.416410
 12.806250
 25.000000
 22.472200
 37.121420
 40.112340
 40.804410
 26.248810
 21.023800
 36.359320
 19.104970
 24.166090
 20.591260
 45.343140
 29.068880
 25.942240
 13.038400
 21.400930
 32.062440
 39.812060
 46.043460
 20.099750
 14.422200
 12.806250
  9.000000
   .000000
 51.419840
 34.205260
 17.262680
 15.652480
 26.832820
 19.416490
 20.248460
 40.199500
 36.400550
 27.294690
 32.280030
 30.463090
 27.892650
 31.112700
  8.062258
 17.888540
 13.038400
  7.071068
 33.241540
 26.683330
 23.769730
 39.051250
 23.000000
  5.000000
 30.413810
 45.221680
 37.947330
 11.401750
  9.433981
 15.033300
 13.416410
 38.013160
 34.885530
 12.206560
 17.492860
 16.278820
 26.925820
 32.695560
 34.928500
 24.839490
 31.016120
 41.109610
 43.600460
 37.947330
 44.944410
 25.553870
 41.000000
 26.627050
 15.033300
 43.416590
 20.615530
 16.278820
 19.313210
 41.593270
 47.423620
 11.704700
  9.219544
 19.416490
 42.941820
 34.205260
 27.202940
 53.740120
 17.029390
 16.492420
 17.029390
 18.973670
 34.132100
  5.385165
 17.029390
 23.086790
 12.041590
 22.472200
 13.416410
 28.284270
 18.439090
 33.241540
 37.121420
 36.055510
 36.400550
 45.276920
 11.401750
 13.038400
 32.249030
 24.698180
 33.541020
 38.209950
 26.925820
 44.045430
 39.051250
  6.324555
 16.124520
 24.186770
 23.769730
 22.803510
  4.472136
 16.124520
 11.180340
 26.400760
 34.132100
 28.635640
 43.737850
 27.856780
 36.400550
 43.829210
 53.263500
 23.769730
 43.416590
 22.022710
  3.162278
 19.026300
 23.600850
 30.479500
 34.176010
 38.897300
 46.529560
 46.097720
 39.698870
 55.973210
 21.377560
 32.557640
 23.345240
  7.810250
 14.317820
 20.223750
 17.204650
 17.804490
  7.000000
 22.090720
 27.202940
 31.064450
 37.215590
 45.880280
 58.180750
 54.424260
 47.381430
 31.890440
 18.384780
 21.840330
 30.594120
 44.271890
 10.770330
  9.055386
 13.341660
 16.155490
 17.088010
 19.723080
 31.622780
 26.076810
 17.029390
 30.463090
 35.000000
 31.016120
 32.388270
 27.294690
 39.812060
 17.000000
 31.064450
 19.235380
 42.720020
 28.861740
 21.377560
 25.079870
 17.029390
 18.110770
 21.023800
 18.681540
 24.515300
 23.000000
 26.248810
 41.194660
 54.744860
 50.249380
 32.572990
 43.324360
 60.926190
 42.047590
 32.202480
 39.204590
 17.720050
 13.453620
 26.400760
 25.317980
 51.400390
 36.359320
 60.539240
 41.231060
 32.062440
 29.732140
 41.773200
 71.196910
 64.327290
 63.198100
 52.000000
 40.804410
 18.439090
 31.622780
 48.373550
 60.133190
 54.230990
 51.419840
   .000000
 24.698180
 47.265210
 40.706260
 35.383610
 69.892780
 67.542580
 18.867960
 16.031220
 26.019220
 61.983870
 64.031240
 58.940650
 29.732140
 49.769470
 39.446170
 63.890530
 57.567350
 42.485290
 24.738630
 32.449960
 24.186770
 51.195700
 46.872170
 30.675720
 19.104970
 14.000000
 47.853940
 58.523500
 36.687870
 44.000000
 57.245090
 38.948680
 60.207970
 40.816660
 53.150730
 45.221680
 65.520990
 31.622780
 46.010870
 21.954500
 24.207440
 33.241540
 44.944410
  8.944272
 28.017850
 15.000000
 38.897300
 55.946400
  9.219544
 30.805840
 67.683080
 52.430910
 33.615470
 32.756680
 54.009260
 43.324360
 67.119290
 74.672620
 62.625870
 66.753280
 28.635640
 61.008200
 66.483080
 37.013510
 44.407210
 21.840330
 50.921510
 46.324940
 28.792360
 59.135440
 39.204590
 60.926190
 48.703180
 46.389650
 28.231190
 39.115220
 28.844410
 16.031220
 15.556350
 45.188500
 51.009800
 67.911710
 71.007040
 59.808030
 52.839380
 37.643060
 22.627420
 17.804490
 57.723480
 67.468510
 74.946650
 53.263500
 65.513360
 48.083260
 36.221540
 40.261640
 47.381430
 18.357560
 24.000000
  8.062258
 32.557640
 39.962480
 33.837850
 33.120990
 57.070130
 75.610850
 70.263790
 51.788030
 69.871310
 64.381680
 73.437050
 65.145990
 45.486260
 40.311290
 30.479500
 30.000000
 26.248810
 33.120990
 25.455840
 33.241540
 45.398240
 53.712200
 61.911230
 67.675700
 64.007810
 50.249380
 52.952810
 44.271890
 55.362440
 19.313210
  8.062258
 16.031220
 31.016120
 18.248290
 79.605280
 44.654230
 29.614190
 20.880610
 27.202940
 62.096700
 60.415230
 64.761100
 67.446270
 38.470770
 39.661060
 38.418750
 38.209950
 46.324940
 32.557640
 33.120990
 42.544090
 49.244290
 56.044620
 63.976560
 58.077530
 24.515300
 41.303750
  9.000000
 59.203040
 54.744860
 53.600370
 49.254440
 52.345010
 49.819680
 55.326310
 56.293870
 51.195700
 59.439040
 22.203600
 31.000000
 30.413810
  8.062258
 29.206160
 46.669050
 21.954500
 28.160260
 33.955850
  7.211102
 22.203600
 35.114100
 13.152950
 43.863430
 40.199500
 49.406480
 17.029390
 14.212670
 13.341660
 40.311290
 58.796260
 45.650850
 40.199500
 27.313000
 18.027760
 12.083050
 20.248460
 38.078870
 39.217340
 40.360870
 34.205260
 24.698180
   .000000
 24.331050
 30.870700
 33.136080
 53.600370
 53.740120
 28.178010
 10.630150
  8.544003
 37.363080
 39.623230
 34.525350
  5.099020
 36.235340
 31.016120
 47.201690
 41.231060
 18.027760
 15.033300
 27.294690
 31.953090
 27.073970
 29.206160
  6.082763
 11.180340
 12.727920
 36.055510
 43.185650
 23.323810
 22.847320
 32.756680
 14.866070
 39.560080
 32.310990
 30.413810
 20.615530
 41.000000
 35.355340
 41.484940
 20.396080
  7.211102
 14.035670
 21.213200
 15.811390
  9.433981
 25.238860
 36.345560
 44.407210
 21.931710
 17.464250
 49.244290
 43.829210
 41.231060
 44.011360
 32.572990
 29.206160
 53.037720
 49.980000
 37.947330
 43.011630
 20.248460
 38.832980
 46.238510
 17.204650
 21.213200
  3.605551
 36.069380
 37.576590
 19.416490
 38.275320
 33.955850
 46.669050
 24.041630
 23.194830
  3.605551
 15.620500
 33.734260
 10.630150
 12.165530
 33.286630
 29.120440
 43.566040
 48.662100
 35.114100
 28.600700
 13.152950
  9.899495
 25.942240
 40.224370
 48.764740
 58.249460
 46.615450
 54.203320
 32.526910
 18.384780
 24.839490
 43.416590
 19.313210
  9.055386
 20.615530
 31.016120
 43.046490
 42.720020
 21.189620
 33.060550
 50.921510
 55.901700
 33.286630
 50.159740
 41.048750
 50.010000
 40.521600
 21.931710
 20.615530
 14.317820
  9.055386
 21.931710
 25.709920
 27.459060
 11.180340
 26.627050
 42.438190
 50.803540
 51.400390
 42.201900
 30.413810
 29.017240
 19.646880
 30.675720
  5.385165
 16.763050
 25.000000
 46.647610
 33.600590
 65.795140
 36.769550
 16.155490
 15.297060
 38.078870
 44.654230
 42.190040
 46.647610
 49.929950
 29.154760
 32.572990
 39.012820
 35.355340
 37.576590
 33.015150
  9.219544
 17.888540
 24.596750
 31.575310
 39.357340
 35.510560
  4.123106
 18.439090
 16.643320
 34.713110
 31.000000
 29.274560
 26.305890
 29.154760
 26.000000
 32.140320
 32.140320
 27.073970
 35.227830
 10.816650
  8.062258
 10.440310
 16.763050
 19.924860
 30.364450
  8.602325
 31.890440
 33.120990
 30.000000
 39.560080
 46.227700
 23.769730
 36.496570
 45.607020
 36.345560
  8.602325
 16.552950
 31.906110
 40.706260
 42.720020
 24.083190
 16.000000
 15.033300
 23.600850
 36.138620
 22.671570
 29.427880
 15.811390
 26.172500
 17.262680
 47.265210
 24.331050
   .000000
 26.400760
 35.805030
 33.837850
 36.769550
 42.544090
 31.257000
 21.377560
 18.439090
 18.601080
 14.142140
 19.646880
 24.020820
 28.178010
 27.784890
 23.409400
 16.643320
 25.495100
 30.479500
 43.600460
  6.708204
 14.035670
 18.681540
 35.171010
 33.376640
 26.305890
 26.248810
 20.000000
  5.830952
 21.377560
 19.104970
 16.401220
 28.635640
  6.082763
  9.848858
 20.615530
 42.449970
 38.275320
 32.249030
 29.732140
 29.206160
 21.023800
 39.012820
 19.416490
 41.629320
 37.215590
 32.062440
 41.484940
 20.808650
 27.586230
 35.227830
 49.517670
 54.488530
  9.219544
 19.924860
 35.846900
 31.144820
 20.000000
 19.646880
 40.816660
 14.560220
 23.021730
 11.661900
  3.162278
 26.019220
 22.022710
 31.048350
 25.000000
 15.000000
 33.120990
 30.364450
 11.045360
  1.414214
 21.840330
 21.260290
 42.449970
 31.257000
 36.496570
 24.738630
  5.656854
 21.954500
 24.331050
 18.357560
 21.023800
 12.529960
 32.893770
 40.706260
 21.023800
 26.870060
 37.643060
 39.458840
 40.024990
 19.026300
 14.212670
 17.000000
 40.162170
 34.014700
 23.537200
 41.000000
 35.468300
 46.872170
 51.623640
 39.204590
 10.816650
 31.890440
 38.013160
 14.560220
 27.202940
 17.117240
 26.172500
 21.213200
 21.931710
 30.610460
 32.449960
 26.419690
 43.829210
 27.658630
 37.013510
 14.035670
 11.180340
 31.000000
 37.483330
 31.906110
 18.027760
 10.440310
  7.071068
 10.295630
 14.866070
 29.068880
 40.012500
 49.244290
 60.000000
 49.648770
 47.507890
 31.622780
 21.095020
 29.154760
 49.819680
 24.698180
 21.633310
 25.612500
 29.206160
 26.419690
 30.413810
 41.880780
 36.359320
 31.048350
 38.288380
 21.095020
 14.422200
 15.132750
 12.206560
 24.596750
 11.180340
 23.000000
  6.000000
 38.327540
 14.866070
  8.062258
  9.433981
  2.000000
  5.099020
  4.472136
  8.062258
 10.630150
  6.708204
 13.601470
 15.811390
 33.286630
 19.798990
 29.427880
  7.071068
 20.615530
 18.027760
 10.000000
  7.071068
 30.610460
 27.856780
 25.495100
 18.601080
 13.000000
 20.808650
 20.000000
 29.274560
 17.464250
 44.011360
 14.422200
 30.528680
 27.658630
 36.124780
 40.804410
 43.104520
 40.804410
 10.816650
  7.810250
 28.301940
 14.142140
 15.652480
 40.706260
 30.870700
 26.400760
   .000000
 11.180340
 30.265490
 26.925820
 26.172500
 28.284270
 22.360680
 44.418460
 43.600460
 39.962480
 30.083220
 10.000000
  2.236068
 25.000000
 19.104970
 38.052600
 17.691810
  9.055386
 24.083190
 33.105890
 14.142140
 29.832870
 40.224370
 29.068880
  7.280110
 19.026300
  8.062258
 20.615530
 47.434170
 38.052600
 27.784890
  2.236068
 28.600700
 33.734260
 45.803930
 19.313210
 12.165530
 18.788290
 38.013160
 43.680660
 43.046490
 36.235340
 21.540660
 27.892650
 11.313710
 15.264340
 31.780500
 13.416410
 30.265490
 13.038400
 25.942240
 31.780500
 25.455840
  7.071068
 26.570660
 56.400360
 46.141090
 41.725290
 51.000000
 32.015620
 31.953090
 18.027760
 26.248810
 29.154760
 12.165530
  6.708204
 12.727920
 27.459060
  7.071068
 20.615530
 36.400550
 26.925820
 31.622780
 40.112340
 20.615530
 28.284270
 39.051250
  5.000000
 25.000000
 46.097720
 40.311290
 44.721360
 46.097720
 30.000000
 40.311290
 25.495100
 20.615530
 30.413810
 35.355340
 15.811390
 25.000000
 11.180340
 15.000000
  9.486833
 14.142140
 22.360680
 22.472200
 32.649650
 12.369320
 21.213200
 28.178010
 52.000000
 36.055510
 57.008770
 29.732140
 18.027760
 33.955850
 38.209950
 45.803930
 46.872170
 44.045430
 48.662100
 44.944410
 38.897300
 52.153620
  7.615773
 18.027760
 23.194830
 15.811390
 13.038400
 21.400930
 28.160260
 33.286630
 19.798990
 33.120990
 33.541020
 41.231060
 31.622780
 37.013510
 50.931330
 38.897300
 33.015150
 38.910150
  6.082763
 14.764820
 20.615530
 28.861740
 24.186770
 23.769730
 27.294690
 29.017240
  2.236068
  4.242640
 16.278820
 10.630150
  6.708204
 14.866070
 35.693140
 36.124780
 40.024990
 38.470770
 50.990200
 31.112700
 26.832820
 24.515300
 33.015150
 40.816660
 33.286630
 35.777090
 27.294690
 29.681640
 30.870700
 31.400640
 36.359320
 33.105890
 38.832980
 25.000000
 43.278170
 30.610460
 34.365680
 18.027760
 30.000000
 27.202940
  5.000000
  5.000000
 30.364450
 21.931710
 15.000000
 20.024980
 16.552950
  9.899495
 26.925820
 36.769550
 22.803510
 46.389650
  7.280110
 37.643060
 38.600520
 47.010640
 49.193500
 48.507730
 40.496910
 14.560220
 16.000000
 39.446170
 24.186770
 26.832820
 35.383610
 33.136080
 35.805030
 11.180340
   .000000
 40.012500
 35.355340
 17.888540
 26.925820
 25.000000
 54.203320
 53.814500
 49.819680
 34.058770
 20.615530
  8.944272
 35.355340
 29.832870
 44.643030
 18.110770
  6.082763
 14.317820
 42.438190
 25.000000
 34.132100
 40.162170
 26.832820
 17.262680
 29.274560
 15.811390
 30.000000
 55.901700
 43.737850
 38.948680
  9.486833
 38.897300
 41.629320
 55.973210
  8.246211
 10.630150
 14.764820
 39.623230
 47.042530
 49.477270
 33.286630
 25.079870
 20.808650
  3.605551
 23.194830
 26.172500
 17.464250
 41.000000
 18.027760
 14.764820
 20.615530
 36.235340
 18.027760
 35.227830
 66.603300
 55.803230
 52.497620
 51.923020
 43.011630
 43.081320
 25.495100
 34.985710
 30.413810
 23.086790
 13.038400
 14.035670
 38.587560
  5.000000
 30.000000
 44.721360
 36.055510
 35.000000
 45.541190
 10.000000
 26.925820
 38.078870
 15.811390
 35.355340
 56.568540
 51.478150
 54.083270
 53.851650
 36.400550
 41.231060
 18.027760
 31.622780
 41.231060
 45.000000
 18.027760
 31.622780
 22.360680
 22.360680
 19.104970
 12.041590
 18.027760
 24.083190
 27.586230
  2.828427
 11.180340
 17.000000
 53.935150
 46.097720
 67.268120
 38.327540
 29.154760
 44.922150
 49.040800
 56.859470
 56.850680
 50.447990
 53.037720
 47.381430
 42.047590
 52.201530
  8.544003
 10.000000
 28.861740
 26.172500
 21.095020
 28.160260
 38.052600
 44.418460
 30.610460
 42.801870
 41.231060
 50.249380
 32.015620
 33.837850
 48.259710
 27.892650
 23.769730
 46.572530
 11.045360
 18.248290
 18.973670
 18.110770
 34.928500
 34.785050
 38.078870
 39.458840
 10.000000
  7.280110
  6.324555
  2.828427
 13.038400
  4.000000
 40.112340
 43.011630
 47.927030
 48.010410
 60.207970
 41.868840
 29.068880
 32.649650
 29.410880
 50.606320
 43.278170
 45.221680
 37.013510
 39.698870
 40.224370
 41.725290
 46.227700
 42.438190
 48.918300
 31.400640
 34.176010
 24.083190
 48.104050
 26.570660
 10.049880
 31.890440
 40.199500
 35.014280
 56.435800
 57.723480
 55.009090
 45.188500
 26.248810
 47.675990
 16.124520
 42.011900
 39.962480
 64.350600
 38.832980
 12.649110
 10.440310
 28.160260
 46.615450
 57.428220
 65.459920
 38.275320
 24.020820
 19.924860
 16.124520
 19.416490
 69.892780
 53.600370
 33.837850
 30.265490
 40.012500
   .000000
  7.810250
 56.435800
 55.461700
 46.647610
 42.579340
 39.204590
 39.051250
 50.328920
 20.396080
 32.140320
  6.403124
 12.529960
 50.477720
 45.310040
 39.319210
 54.037030
 37.576590
 24.413110
 49.578220
 64.637450
 56.859470
 23.086790
 11.401750
 33.241540
 31.827660
 51.244510
 52.801510
 18.973670
 31.064450
 29.966650
 43.566040
 41.109610
 48.093660
 32.984840
 48.507730
 60.440050
 62.289650
 54.708320
 63.976560
 44.944410
 58.051700
 38.209950
 17.464250
 61.400330
 39.395430
  8.000000
 24.041630
 53.600370
 59.682500
 25.059930
 26.570660
  7.071068
 49.162990
 44.553340
 33.000000
 72.917760
 24.515300
 15.000000
 36.400550
 36.400550
 53.535030
 18.973670
 27.073970
 41.109610
 20.248460
 35.014280
 10.049880
 43.829210
 35.227830
 52.497620
 55.000000
 50.010000
 55.461700
 64.660650
 25.317980
 28.301940
 39.000000
 24.515300
 45.122060
 52.924470
 45.343140
 63.411350
 55.731500
 13.453620
  9.000000
  5.099020
 27.313000
 14.866070
 21.931710
 35.510560
 29.966650
 33.526110
 51.923020
 47.885280
 61.983870
 42.011900
 46.324940
 55.731500
 72.138760
 35.440090
 49.254440
  6.324555
 20.518280
 12.369320
 30.066590
 31.780500
 43.185650
 55.569770
 64.404970
 65.053830
 58.694120
 75.286120
 37.656340
 48.259710
 42.638010
 27.018510
 19.235380
 15.811390
  2.236068
 22.090720
 24.083190
 35.846900
 44.102150
 44.271890
 56.603890
 64.884510
 77.524190
 67.475920
 63.198100
 13.928390
 29.068880
 40.718550
 49.040800
 58.077530
  9.219544
 12.206560
  8.544003
  5.099020
 32.388270
 33.015150
 42.579340
 38.118240
 27.073970
 44.011360
 53.758720
 48.259710
 47.853940
 39.849720
 50.635960
 27.202940
 50.477720
 37.536650
 61.465440
 40.024990
 34.176010
 38.626420
 32.756680
 32.202480
 36.235340
 31.016120
 36.687870
 37.576590
 36.878180
 32.015620
 38.639360
 26.400760
 49.203660
 25.000000
  7.071068
 33.015150
 36.400550
 30.413810
 55.605750
 54.781380
 50.249380
 43.829210
 20.099750
 42.047590
  9.219544
 44.294470
 39.623230
 65.436990
 33.060550
  6.082763
 16.124520
 34.058770
 50.695170
 59.941640
 65.192020
 36.359320
 19.646880
 25.019990
 13.601470
 20.248460
 67.542580
 53.740120
 36.769550
 26.925820
 35.355340
  7.810250
   .000000
 52.630790
 54.083270
 46.097720
 48.041650
 45.011110
 44.181440
 51.088160
 18.027760
 28.460500
 10.000000
 13.416410
 53.225930
 43.566040
 35.735140
 49.648770
 41.484940
 25.000000
 50.447990
 64.443770
 55.226810
 19.697720
 10.816650
 31.622780
 33.615470
 55.901700
 55.072680
 24.020820
 27.202940
 33.955850
 46.615450
 47.042530
 43.104520
 27.073970
 45.694640
 60.827630
 63.820060
 57.775430
 62.433960
 44.598210
 54.708320
 33.060550
 12.165530
 58.694120
 38.013160
 14.866070
 18.027760
 48.041650
 54.083270
 28.861740
 25.000000
  1.000000
 55.731500
 50.039990
 39.319210
 73.661380
 30.000000
 21.587030
 36.878180
 38.910150
 53.150730
 17.691810
 22.360680
 38.948680
 25.079870
 30.413810
  7.071068
 47.434170
 38.078870
 53.150730
 57.306190
 45.276920
 54.083270
 64.031240
 22.360680
 31.622780
 45.276920
 31.622780
 50.249380
 57.008770
 47.169910
 63.639610
 52.201530
 15.811390
 15.811390
 11.180340
 20.615530
  7.071068
 21.213200
 35.355340
 29.068880
 27.294690
 49.244290
 47.010640
 59.506300
 37.656340
 40.311290
 50.089920
 73.409810
 40.311290
 55.901700
  3.000000
 22.360680
 19.697720
 36.124780
 38.897300
 49.010200
 58.694120
 66.730800
 66.219330
 59.816390
 75.663730
 34.539830
 44.384680
 43.278170
 28.017850
 14.317820
  8.544003
  7.615773
 28.160260
 26.400760
 40.024990
 47.010640
 48.836460
 56.080300
 63.285070
 76.609400
 62.032250
 59.033890
 12.206560
 24.331050
 39.408120
 47.010640
 53.084840
 13.038400
 16.124520
 14.142140
 11.704700
 29.154760
 28.861740
 37.013510
 33.136080
 22.360680
 39.319210
 55.217750
 50.990200
 51.546100
 44.553340
 56.080300
 32.140320
 50.249380
 39.446170
 59.539900
 45.177430
 38.639360
 42.953460
 36.055510
 36.138620
 39.849720
 35.510560
 41.436700
 41.484940
 42.107010
 33.241540
 50.606320
 41.484940
 33.421550
 31.064450
 46.690470
 34.928500
 16.278820
 22.472200
 22.135940
  7.000000
  8.062258
 19.209370
 34.438350
 17.492860
 44.598210
 39.698870
 26.076810
 39.293770
 23.430750
 55.362440
 53.084840
 57.008770
 52.345010
 46.141090
 30.066590
 20.880610
 32.984840
 51.419840
 40.311290
 40.199500
 18.867960
 28.178010
 42.544090
 26.172500
 17.888540
 56.435800
 52.630790
   .000000
 18.027760
 23.345240
 60.216280
 61.057350
 56.302750
 31.622780
 36.124780
 24.331050
 51.088160
 45.011110
 44.821870
 17.204650
 17.117240
  5.385165
 48.259710
 36.674240
 32.202480
 30.149630
 16.492420
 33.376640
 45.177430
 25.495100
 37.576590
 58.694120
 42.438190
 51.195700
 25.495100
 47.423620
 44.598210
 62.968250
 12.806250
 28.301940
 10.295630
 32.280030
 41.436700
 48.826220
 20.099750
 24.758840
  4.123106
 21.095020
 40.521600
 10.440310
 21.931710
 56.008930
 35.846900
 15.297060
 16.278820
 46.486560
 31.064450
 52.392750
 73.239330
 61.400330
 61.741400
 42.047590
 53.758720
 56.568540
 30.886890
 40.496910
 24.596750
 38.013160
 30.364450
 18.027760
 50.447990
 22.472200
 46.690470
 48.166380
 42.190040
 31.384710
 43.566040
 10.000000
 18.027760
 27.018510
 31.144820
 44.384680
 64.498060
 63.324560
 59.033890
 55.317270
 37.483330
 32.557640
  2.236068
 46.043460
 56.035700
 61.522350
 35.846900
 49.396350
 36.055510
 28.635640
 29.614190
 29.410880
  9.219544
 21.260290
 12.369320
 15.231550
 21.095020
 16.031220
 45.398240
 53.338540
 74.060780
 55.542780
 41.593270
 59.211490
 58.694120
 67.416620
 63.245550
 49.648770
 48.466480
 40.261640
 36.769550
 41.048750
 19.000000
  8.246211
 30.479500
 36.400550
 38.327540
 45.880280
 54.332310
 56.044620
 41.484940
 49.396350
 43.863430
 54.671750
 24.351590
 20.223750
 33.837850
 18.601080
  7.280110
 64.195010
 28.460500
 21.470910
 14.142140
 10.198040
 50.000000
 49.091750
 53.009430
 55.036350
 24.083190
 23.769730
 19.798990
 20.591260
 30.364450
 14.422200
 37.215590
 43.931770
 50.209560
 53.823790
 64.443770
 51.623640
 25.238860
 37.443290
 16.031220
 56.859470
 50.606320
 51.039200
 44.294470
 47.413080
 46.324940
 50.089920
 53.000000
 48.259710
 56.080300
 25.495100
 38.832980
 34.525350
 17.492860
 29.154760
 47.169910
 26.172500
 22.360680
 29.154760
  4.123106
 11.661900
 25.495100
 10.295630
 40.607880
 32.140320
 48.166380
 25.632010
 16.278820
 21.377560
 34.176010
 58.412330
 49.040800
 47.169910
 37.215590
 28.600700
 13.601470
 17.804490
 36.069380
 44.283180
 40.496910
 36.400550
 16.031220
 10.630150
 31.257000
 28.284270
 26.925820
 55.461700
 54.083270
 18.027760
   .000000
 10.000000
 46.615450
 48.383880
 43.324360
 15.000000
 36.055510
 27.658630
 49.244290
 42.953460
 28.425340
 10.630150
 21.954500
 22.360680
 35.440090
 31.622780
 15.811390
 13.341660
  2.236068
 34.828150
 44.294470
 22.472200
 28.017850
 43.011630
 25.455840
 44.407210
 29.068880
 37.121420
 29.966650
 49.980000
 27.073970
 36.715120
 12.369320
 14.317820
 23.409400
 31.827660
  8.544003
 12.000000
 14.764820
 30.463090
 43.278170
 11.401750
 16.124520
 52.497620
 41.109610
 32.140320
 34.205260
 38.052600
 29.154760
 53.535030
 59.506300
 47.423620
 50.803540
 25.317980
 45.000000
 50.803540
 21.095020
 28.442920
  7.071068
 36.715120
 34.713110
 15.556350
 43.289720
 29.154760
 47.169910
 33.541020
 30.413810
 14.142140
 26.248810
 25.000000
   .000000
 11.180340
 32.015620
 35.000000
 52.201530
 55.000000
 44.721360
 39.051250
 22.360680
 15.000000
 15.811390
 42.720020
 52.201530
 60.415230
 43.011630
 53.150730
 33.541020
 20.615530
 25.495100
 38.470770
 10.000000
  8.062258
 10.295630
 24.351590
 35.355340
 33.376640
 28.000000
 41.231060
 60.415230
 56.603890
 36.400550
 54.341510
 48.373550
 57.428220
 49.769470
 32.557640
 30.463090
 22.360680
 18.788290
 25.298220
 21.400930
 19.104970
 17.262680
 29.832870
 41.109610
 49.578220
 53.225930
 48.041650
 34.525350
 37.107950
 29.068880
 40.249220
  6.324555
  9.486833
 22.671570
 36.235340
 23.021730
 66.287250
 33.421550
 14.764820
  8.062258
 28.160260
 47.169910
 45.221680
 49.648770
 52.554730
 26.172500
 28.600700
 32.015620
 29.546570
 34.713110
 25.709920
 19.849430
 28.017850
 34.669870
 40.496910
 49.396350
 42.047590
  8.944272
 25.317980
  7.071068
 43.657760
 38.832980
 37.947330
 33.241540
 36.345560
 33.955850
 39.319210
 40.521600
 35.440090
 43.680660
 15.811390
 29.120440
 24.738630
 10.295630
 21.213200
 39.051250
 16.278820
 20.000000
 25.495100
  9.848858
 18.867960
 29.154760
  5.099020
 35.341190
 32.756680
 41.231060
 16.643320
  6.708204
 21.840330
 32.062440
 50.911690
 39.560080
 37.215590
 29.068880
 24.041630
 19.104970
 11.704700
 29.681640
 34.365680
 32.557640
 27.294690
 26.019220
  8.544003
 21.377560
 22.360680
 25.000000
 46.647610
 46.097720
 23.345240
 10.000000
   .000000
 37.589890
 39.000000
 34.014700
  9.219544
 28.284270
 22.472200
 40.311290
 34.132100
 21.633310
  7.280110
 19.026300
 26.076810
 26.000000
 22.360680
  9.486833
 18.384780
 12.041590
 27.802880
 35.805030
 15.000000
 18.027760
 35.355340
 19.697720
 34.525350
 23.769730
 27.166150
 21.400930
 40.718550
 28.160260
 32.984840
 13.892440
 15.652480
 22.090720
 25.942240
 18.248290
  2.000000
 21.400930
 28.071340
 36.235340
 20.248460
  8.944272
 43.081320
 35.355340
 34.539830
 38.078870
 28.071340
 21.213200
 45.453270
 50.606320
 38.587560
 41.000000
 28.653100
 35.000000
 41.000000
 11.180340
 18.681540
  7.071068
 28.425340
 29.068880
 11.045360
 33.376640
 25.495100
 39.051250
 25.000000
 20.615530
 10.000000
 21.189620
 26.925820
 10.000000
 18.027760
 25.000000
 25.000000
 42.720020
 45.000000
 36.055510
 32.015620
 14.142140
 18.027760
 21.213200
 33.541020
 42.720020
 51.478150
 38.078870
 46.097720
 25.000000
 11.180340
 17.029390
 34.928500
 14.142140
  2.236068
 19.646880
 23.086790
 35.355340
 36.249140
 29.732140
 31.622780
 51.478150
 48.414880
 26.925820
 44.643030
 38.470770
 47.518420
 40.706260
 26.832820
 28.071340
 22.803510
 17.117240
 30.000000
 17.262680
 20.615530
  7.615773
 20.248460
 34.205260
 42.638010
 44.418460
 38.052600
 24.738630
 27.513630
 20.615530
 31.622780
 10.000000
 19.235380
 30.886890
 41.868840
 29.832870
 58.258050
 28.231190
  7.615773
  9.219544
 32.449960
 38.013160
 35.846900
 40.311290
 43.382020
 20.615530
 24.041630
 31.064450
 27.073970
 29.068880
 25.317980
 15.297060
 20.615530
 26.870060
 31.304950
 41.231060
 32.062440
  4.472136
 15.524170
 17.029390
 34.438350
 29.120440
 28.635640
 23.345240
 26.476400
 24.351590
 29.427880
 31.016120
 26.000000
 34.176010
 29.206160
 11.180340
 25.632010
 29.410880
 37.589890
 43.104520
 27.018510
 50.328920
 51.312770
 44.271890
 56.435800
 64.443770
 41.048750
 53.141320
 64.031240
 50.487620
 21.023800
 34.205260
 39.115220
 58.830270
 54.083270
 32.249030
 14.560220
 11.045360
 26.476400
 47.265210
 41.012190
 46.238510
 23.021730
 41.000000
 32.280030
 61.983870
 37.363080
 18.439090
 44.418460
 54.203320
 42.579340
 48.041650
 60.216280
 46.615450
 37.589890
   .000000
  4.242640
  4.472136
 32.280030
 40.162170
 46.324940
 38.052600
 36.221540
 21.000000
 43.011630
 48.918300
 61.717100
 12.041590
 30.870700
 31.320920
 46.270940
 48.846700
 43.081320
 39.204590
 38.418750
 24.207440
 10.630150
 25.000000
 24.020820
 46.647610
 16.155490
 16.763050
  4.123106
 60.876930
 55.901700
 50.000000
 40.199500
 35.227830
 21.587030
 53.160140
 35.846900
 58.830270
 55.470710
 47.074410
 57.697490
 38.948680
 34.713110
 51.546100
 67.941150
 72.835430
 20.615530
 37.589890
 47.042530
 13.038400
  2.000000
 11.401750
 47.518420
 18.110770
 27.892650
 29.732140
 19.849430
 40.162170
 37.643060
 48.332180
 43.185650
 23.000000
 51.312770
 43.104520
 13.341660
 18.384780
 33.955850
 26.076810
 60.811180
 46.615450
 48.662100
 42.047590
 19.697720
  7.615773
 21.633310
  3.605551
 14.764820
 24.351590
 43.104520
 58.249460
 33.136080
 33.734260
 44.643030
 55.973210
 53.084840
 35.468300
 32.526910
 35.227830
 57.697490
 51.312770
 39.824620
 56.859470
 53.907330
 65.215030
 70.035710
 44.147480
  8.544003
 13.892440
 48.259710
 29.120440
 31.622780
 13.000000
 17.804490
  3.162278
 21.840330
 32.572990
 39.204590
 35.014280
 51.351730
 46.097720
 55.226810
 30.016660
 28.653100
 46.572530
 51.351730
 41.303750
 20.615530
 25.632010
 11.401750
 17.720050
  7.000000
 42.720020
 54.120240
 60.074950
 78.102490
 67.119290
 56.293870
 49.193500
 39.051250
 46.324940
 68.014700
 35.014280
 32.000000
 34.234490
 37.483330
 44.654230
 48.548940
 60.216280
 54.644310
 48.332180
 56.727420
 30.149630
 20.099750
 14.035670
  6.403124
  8.062258
 16.031220
 37.696160
 22.803510
 53.488320
  3.605551
 11.180340
  9.219544
 17.204650
 14.764820
 14.142140
 13.601470
  8.062258
 12.041590
  6.082763
 29.000000
 10.630150
 24.186770
 31.575310
 36.619670
 40.447500
 26.907250
 50.209560
 50.606320
 46.324940
 57.697490
 64.815120
 42.059480
 51.478150
 63.702430
 48.052060
 22.803510
 34.985710
 42.426410
 58.008620
 51.000000
 29.017240
 11.045360
 14.560220
 30.083220
 50.039990
 41.231060
 44.721360
 20.099750
 38.897300
 30.463090
 64.031240
 39.623230
 18.601080
 43.600460
 53.814500
 39.204590
 45.011110
 61.057350
 48.383880
 39.000000
  4.242640
   .000000
  5.099020
 34.525350
 38.483760
 45.607020
 35.014280
 33.734260
 24.186770
 43.909000
 48.795490
 62.201290
 13.000000
 29.681640
 33.541020
 49.040800
 50.596440
 41.593270
 36.674240
 38.183770
 24.083190
 14.866070
 28.160260
 21.095020
 45.803930
 15.000000
 19.104970
  2.236068
 60.827630
 54.708320
 50.774010
 43.011630
 38.639360
 25.298220
 55.317270
 37.161810
 59.941640
 54.817880
 44.922150
 59.236810
 39.408120
 31.257000
 49.769470
 67.896980
 73.000000
 18.788290
 36.619670
 44.011360
 12.806250
  5.830952
  7.211102
 50.990200
 15.033300
 24.331050
 30.232430
 20.591260
 42.201900
 35.846900
 47.010640
 43.600460
 20.223750
 50.606320
 40.447500
 16.000000
 18.867960
 36.345560
 29.427880
 60.959000
 48.383880
 51.244510
 40.816660
 18.601080
  4.000000
 17.492860
  7.810250
 18.867960
 26.476400
 46.000000
 59.169250
 30.594120
 30.265490
 41.000000
 54.230990
 50.358720
 34.000000
 32.802440
 34.713110
 56.435800
 52.354560
 41.231060
 58.523500
 53.740120
 64.660650
 70.035710
 47.801670
  7.810250
 13.453620
 45.044420
 27.313000
 27.892650
  9.219544
 13.601470
  4.000000
 25.632010
 36.400550
 42.579340
 38.052600
 54.744860
 45.967380
 55.605750
 31.384710
 27.802880
 44.598210
 48.836460
 38.052600
 17.117240
 24.186770
 11.661900
 20.099750
 10.440310
 44.911020
 56.293870
 63.000000
 78.600260
 68.095520
 52.773100
 48.020830
 39.661060
 47.413080
 68.410520
 32.062440
 29.154760
 31.016120
 34.132100
 44.045430
 47.801670
 59.665740
 54.037030
 47.010640
 56.568540
 33.000000
 23.021730
 17.464250
  8.062258
 11.704700
 13.601470
 39.560080
 23.706540
 55.362440
  5.000000
 10.630150
 10.440310
 17.029390
 14.142140
 14.764820
 12.206560
  8.062258
 13.000000
  5.000000
 24.839490
  6.708204
 21.189620
 26.476400
 33.120990
 39.012820
 22.671570
 46.010870
 46.872170
 41.231060
 52.773100
 60.307540
 37.215590
 48.703180
 59.665740
 46.270940
 17.720050
 30.232430
 37.656340
 54.378300
 50.249380
 28.635640
 11.661900
 10.295630
 25.632010
 45.011110
 36.796740
 41.785160
 19.235380
 36.674240
 27.892650
 58.940650
 34.525350
 14.142140
 39.962480
 49.819680
 39.051250
 44.181440
 56.302750
 43.324360
 34.014700
  4.472136
  5.099020
   .000000
 29.427880
 35.735140
 41.880780
 34.234490
 32.062440
 19.416490
 39.115220
 44.598210
 57.628120
  8.062258
 26.400760
 28.442920
 44.011360
 45.541190
 38.626420
 35.057090
 34.058770
 19.849430
 12.529960
 23.345240
 20.223750
 42.190040
 11.704700
 14.035670
  6.708204
 56.586220
 51.429560
 46.043460
 38.000000
 33.955850
 21.023800
 50.219520
 32.202480
 55.072680
 51.039200
 42.755120
 54.230990
 34.828150
 31.320920
 47.127490
 63.655320
 68.622150
 16.278820
 33.120990
 43.185650
 17.029390
  6.324555
 10.295630
 46.324940
 14.560220
 24.698180
 25.612500
 15.811390
 37.107950
 33.241540
 43.863430
 39.051250
 19.104970
 46.872170
 39.012820
 11.045360
 14.212670
 31.257000
 24.738630
 56.586220
 43.324360
 46.173580
 37.576590
 15.231550
  9.055386
 19.798990
  6.082763
 15.556350
 21.377560
 41.012190
 54.378300
 29.017240
 30.364450
 41.436700
 51.546100
 49.010200
 31.016120
 28.319600
 30.805840
 53.225930
 47.507890
 36.249140
 53.488320
 49.578220
 60.802960
 65.764730
 43.324360
  4.123106
 17.804490
 44.553340
 24.738630
 28.635640
 10.630150
 17.464250
  7.071068
 21.470910
 32.202480
 37.854990
 33.136080
 50.010000
 41.773200
 51.088160
 26.400760
 24.186770
 42.201900
 47.169910
 37.656340
 17.464250
 21.189620
  7.071068
 15.033300
  6.403124
 39.812060
 51.195700
 58.008620
 74.027020
 63.285070
 52.886670
 44.721360
 35.000000
 42.544090
 63.890530
 31.144820
 28.071340
 30.594120
 33.955850
 40.224370
 44.102150
 55.803230
 50.219520
 43.863430
 52.402290
 28.017850
 18.110770
 13.000000
  3.000000
 12.041590
 12.041590
 34.481880
 18.867960
 50.289170
  1.000000
  6.708204
  5.385165
 12.806250
 10.295630
 10.000000
  9.219544
  3.605551
  8.062258
  2.236068
 19.104970
 26.019220
 26.627050
  3.000000
 27.294690
 44.045430
 18.439090
 29.068880
 34.132100
 12.083050
 26.172500
 38.013160
 14.317820
 43.011630
 41.976180
 47.507890
 12.000000
 12.649110
 14.422200
 41.000000
 56.400360
 41.880780
 35.355340
 22.360680
 14.866070
 16.492420
 20.099750
 36.769550
 34.928500
 38.013160
 31.112700
 29.732140
  5.099020
 19.646880
 30.083220
 34.058770
 50.328920
 51.088160
 31.622780
 15.000000
  9.219544
 32.280030
 34.525350
 29.427880
   .000000
 34.132100
 30.594120
 43.931770
 38.183770
 13.453620
 16.492420
 28.017850
 34.885530
 22.022710
 26.172500
  1.000000
 15.524170
 17.204650
 34.438350
 40.360870
 22.135940
 18.867960
 28.017850
 10.816650
 35.341190
 31.780500
 25.709920
 15.524170
 35.902650
 37.363080
 41.436700
 22.847320
 10.295630
 13.601470
 17.204650
 20.880610
  9.000000
 29.068880
 37.000000
 42.544090
 26.400760
 17.117240
 45.486260
 42.720020
 43.657760
 46.957430
 28.231190
 27.294690
 50.328920
 44.944410
 32.893770
 38.000000
 22.627420
 34.205260
 42.047590
 14.212670
 16.492420
  8.062258
 33.600590
 36.687870
 20.024980
 34.014700
 34.132100
 44.045430
 18.973670
 18.439090
  2.236068
 12.083050
 36.055510
 15.000000
 17.029390
 31.780500
 24.698180
 38.470770
 43.931770
 30.083220
 24.083190
  8.062258
 13.416410
 29.410880
 36.878180
 44.944410
 54.817880
 45.880280
 52.153620
 30.000000
 16.124520
 22.825420
 43.416590
 22.472200
 10.770330
 25.238860
 32.249030
 44.553340
 45.310040
 22.472200
 28.017850
 45.880280
 53.075420
 29.832870
 46.065170
 36.124780
 45.044420
 35.440090
 18.027760
 19.000000
 15.264340
  8.944272
 25.000000
 26.019220
 29.732140
  7.810250
 23.345240
 40.706260
 48.877400
 48.166380
 37.643060
 26.627050
 24.000000
 14.560220
 25.632010
 10.440310
 21.840330
 29.614190
 50.219520
 37.536650
 62.968250
 36.138620
 16.031220
 17.888540
 41.182520
 41.231060
 38.600520
 43.011630
 46.400430
 28.635640
 32.388270
 40.199500
 36.000000
 36.687870
 34.525350
  6.082763
 13.038400
 19.723080
 26.476400
 34.481880
 30.805840
  6.403124
 13.928390
 21.470910
 29.614190
 26.019220
 24.186770
 21.587030
 24.331050
 21.023800
 27.294690
 27.073970
 22.022710
 30.149630
 15.811390
 29.120440
 14.560220
 32.649650
  7.071068
 11.180340
 17.464250
 20.000000
 15.811390
 37.643060
 37.363080
 35.355340
 25.806980
 13.000000
 29.546570
 13.416410
 29.614190
 22.022710
 48.548940
 21.633310
 22.627420
 18.027760
 29.410880
 39.051250
 44.922150
 47.381430
 18.357560
  6.403124
 20.518280
  4.472136
  8.062258
 49.769470
 36.235340
 24.020820
 10.000000
 20.615530
 20.396080
 18.027760
 36.124780
 36.055510
 28.284270
 40.162170
 38.483760
 35.735140
 34.132100
   .000000
 12.041590
 15.000000
  9.219544
 38.832980
 25.553870
 19.026300
 34.058770
 30.265490
 10.000000
 33.615470
 46.669050
 37.215590
  3.605551
  9.055386
 13.601470
 19.104970
 45.276920
 39.849720
 19.798990
 11.180340
 24.041630
 33.136080
 40.718550
 28.861740
 16.970560
 28.160260
 43.416590
 47.413080
 43.737850
 44.418460
 26.907250
 37.656340
 19.697720
  8.544003
 41.109610
 20.000000
 20.396080
 11.401750
 35.114100
 41.109610
 19.697720
  7.071068
 17.492860
 51.000000
 42.059480
 35.227830
 56.400360
 25.000000
 22.825420
 20.124610
 25.079870
 35.355340
  2.828427
  9.219544
 21.023800
 19.849430
 15.811390
 11.180340
 35.000000
 25.000000
 36.055510
 42.059480
 30.413810
 36.055510
 46.097720
  5.000000
 20.615530
 40.311290
 32.015620
 41.231060
 45.000000
 31.622780
 46.097720
 35.355340
 11.180340
 20.615530
 25.495100
 15.811390
 18.027760
  5.000000
 18.027760
 11.401750
 18.439090
 31.622780
 29.068880
 41.785160
 22.203600
 29.154760
 37.336310
 56.603890
 31.622780
 51.478150
 20.591260
 11.180340
 24.351590
 31.622780
 38.183770
 42.154480
 44.721360
 51.264020
 49.396350
 43.046490
 58.137770
 17.262680
 28.017850
 26.419690
 13.038400
  7.071068
 14.764820
 18.248290
 25.455840
 14.560220
 29.614190
 33.241540
 38.470770
 38.209950
 45.276920
 58.600340
 48.507730
 43.011630
 30.232430
 10.816650
 21.400930
 29.068880
 38.639360
 14.317820
 14.317820
 17.464250
 19.026300
 12.041590
 13.341660
 24.596750
 19.313210
  9.219544
 24.515300
 38.910150
 36.674240
 39.012820
 34.928500
 47.539460
 25.059930
 32.557640
 24.515300
 41.593270
 36.687870
 29.120440
 32.557640
 24.186770
 25.709920
 28.160260
 26.570660
 32.280030
 30.265490
 34.176010
 17.464250
 35.227830
 21.931710
 30.149630
  9.219544
 22.360680
 19.697720
  8.062258
  5.000000
 30.232430
 26.400760
 23.345240
 18.357560
 13.038400
 18.601080
 21.095020
 30.594120
 18.110770
 44.271890
 12.529960
 31.764760
 29.832870
 38.288380
 42.379240
 44.011360
 40.496910
 10.770330
  8.944272
 30.528680
 16.031220
 17.888540
 39.446170
 31.016120
 28.178010
  2.236068
  8.944272
 32.140320
 28.460500
 24.331050
 27.658630
 22.472200
 46.324940
 45.607020
 41.880780
 30.594120
 12.041590
   .000000
 27.018510
 21.213200
 39.204590
 17.204650
  7.280110
 22.022710
 34.885530
 16.278820
 30.413810
 39.962480
 28.284270
  9.055386
 21.000000
  9.055386
 22.360680
 49.040800
 39.000000
 30.016660
  1.414214
 30.610460
 35.171010
 47.801670
 17.088010
 11.000000
 17.492860
 38.078870
 44.147480
 44.181440
 35.383610
 21.840330
 26.248810
  9.219544
 16.552950
 30.413810
 13.601470
 32.388270
 13.453620
 23.706540
 29.546570
 27.586230
  9.219544
 28.160260
 58.412330
 48.020830
 43.863430
 50.990200
 34.205260
 34.176010
 19.235380
 27.856780
 29.068880
 14.317820
  7.071068
 12.206560
 29.681640
  5.000000
 22.360680
 37.947330
 28.635640
 32.015620
 41.012190
 18.439090
 27.658630
 38.600520
  7.071068
 27.018510
 48.166380
 42.544090
 46.529560
 47.539460
 31.064450
 40.249220
 23.769730
 22.803510
 32.557640
 37.215590
 15.652480
 26.076810
 13.416410
 16.124520
 11.180340
 13.000000
 21.095020
 22.360680
 31.384710
 10.198040
 19.104970
 25.942240
 52.201530
 38.013160
 59.033890
 31.320920
 20.248460
 36.138620
 40.360870
 48.010410
 48.826220
 45.177430
 49.365980
 45.221680
 39.293770
 51.971150
  6.403124
 16.124520
 24.020820
 17.804490
 14.317820
 22.472200
 30.066590
 35.510560
 21.931710
 34.985710
 34.928500
 42.953460
 31.384710
 36.124780
 50.209560
 36.687870
 31.064450
 40.311290
  5.830952
 14.866070
 19.798990
 26.683330
 26.305890
 25.961510
 29.427880
 31.064450
  2.000000
  2.236068
 14.142140
  8.485281
  7.071068
 12.649110
 36.345560
 37.336310
 41.484940
 40.311290
 52.773100
 33.241540
 26.925820
 25.961510
 32.015620
 42.720020
 35.227830
 37.589890
 29.154760
 31.622780
 32.649650
 33.421550
 38.275320
 34.885530
 40.804410
 25.000000
 28.861740
 17.804490
 41.725290
 20.615530
  7.071068
 25.495100
 35.000000
 30.413810
 50.119860
 51.971150
 50.249380
 39.000000
 23.323810
 43.680660
 15.000000
 35.805030
 33.615470
 57.982760
 35.114100
 16.031220
  6.324555
 24.083190
 41.109610
 51.312770
 59.076220
 32.280030
 19.646880
 15.033300
 11.180340
 13.038400
 63.890530
 47.201690
 27.784890
 25.000000
 35.355340
  6.403124
 10.000000
 51.088160
 49.244290
 40.311290
 38.052600
 35.014280
 34.234490
 43.931770
 15.000000
 27.018510
   .000000
  6.324555
 44.418460
 39.217340
 34.014700
 49.040800
 31.953090
 18.027760
 43.185650
 58.249460
 50.695170
 18.110770
  6.082763
 27.202940
 25.495100
 46.097720
 46.615450
 14.035670
 26.076810
 24.351590
 37.589890
 37.054020
 43.566040
 29.546570
 42.755120
 54.037030
 55.973210
 48.764740
 57.775430
 38.587560
 52.469040
 33.955850
 14.422200
 55.542780
 33.241540
  6.403124
 21.095020
 49.477270
 55.542780
 19.313210
 20.615530
  9.000000
 45.891170
 40.049970
 29.427880
 66.528190
 20.000000
 12.083050
 30.000000
 30.232430
 47.169910
 13.152950
 22.803510
 35.171010
 15.132750
 30.413810
  7.071068
 38.078870
 29.154760
 46.097720
 48.826220
 45.276920
 49.244290
 58.309520
 20.000000
 22.360680
 35.355340
 22.360680
 40.311290
 47.434170
 39.051250
 57.008770
 50.249380
  7.071068
  7.071068
 11.180340
 25.000000
 15.811390
 15.811390
 29.154760
 23.769730
 30.413810
 46.097720
 41.593270
 56.044620
 37.121420
 42.720020
 51.662360
 65.795140
 30.413810
 46.097720
 10.440310
 14.142140
 11.313710
 26.172500
 29.546570
 39.012820
 49.648770
 58.249460
 58.694120
 52.325900
 68.883960
 32.140320
 43.011630
 36.235340
 20.615530
 15.652480
 15.264340
  4.242640
 18.248290
 17.804490
 30.364450
 38.078870
 39.051250
 50.249380
 58.694120
 71.196910
 63.150610
 58.008620
 19.723080
 24.738630
 34.539830
 43.011630
 53.460270
  3.162278
  6.324555
  4.472136
  4.123106
 27.018510
 28.160260
 38.600520
 33.734260
 22.803510
 39.319210
 47.423620
 42.190040
 42.154480
 34.713110
 46.097720
 22.203600
 44.102150
 31.241000
 55.362440
 35.227830
 28.861740
 33.241540
 26.832820
 26.570660
 30.463090
 25.709920
 31.575310
 31.953090
 32.140320
 19.104970
 26.019220
 13.000000
 36.124780
 14.317820
  7.071068
 19.849430
 29.068880
 25.000000
 43.909000
 45.705580
 44.553340
 32.695560
 19.798990
 38.626420
 14.317820
 30.886890
 27.459060
 52.402290
 30.413810
 19.313210
  8.944272
 23.409400
 37.656340
 46.529560
 53.009430
 25.961510
 14.764820
 13.928390
  6.403124
  7.071068
 57.567350
 41.231060
 23.409400
 19.104970
 29.832870
 12.529960
 13.416410
 45.011110
 42.953460
 34.132100
 36.221540
 33.734260
 32.062440
 38.183770
  9.219544
 21.213200
  6.324555
   .000000
 39.812060
 32.893770
 28.017850
 43.185650
 28.442920
 12.041590
 37.483330
 52.201530
 44.384680
 12.649110
  3.000000
 20.880610
 20.248460
 43.185650
 41.677330
 13.000000
 20.396080
 21.095020
 33.241540
 35.902650
 38.078870
 25.238860
 36.496570
 48.166380
 50.606320
 44.384680
 51.478150
 32.449960
 46.270940
 28.792360
 11.661900
 49.244290
 26.925820
 11.180340
 17.691810
 44.271890
 50.289170
 16.031220
 14.317820
 12.529960
 45.541190
 38.209950
 29.154760
 60.811180
 18.973670
 14.212670
 24.083190
 25.495100
 41.048750
  7.000000
 17.888540
 28.861740
 13.601470
 25.000000
  7.071068
 34.205260
 24.698180
 40.311290
 43.909000
 39.623230
 42.953460
 52.153620
 14.142140
 18.439090
 34.785050
 24.083190
 38.013160
 43.931770
 33.837850
 51.088160
 44.102150
  3.162278
 11.401750
 17.464250
 22.022710
 17.029390
  9.486833
 23.021730
 17.464250
 26.400760
 39.812060
 35.355340
 49.729270
 31.400640
 38.013160
 46.486560
 60.307540
 28.017850
 45.880280
 15.000000
  8.944272
 15.231550
 25.632010
 30.805840
 37.656340
 45.310040
 53.338540
 53.150730
 46.754680
 63.031740
 26.019220
 37.013510
 30.413810
 14.866070
 12.041590
 15.132750
 10.295630
 18.357560
 13.000000
 27.166150
 33.615470
 36.124780
 44.102150
 52.392750
 65.000000
 57.723480
 52.009610
 24.839490
 19.697720
 28.231190
 36.687870
 47.853940
  5.099020
  5.656854
  8.246211
 10.049880
 21.023800
 22.561030
 33.615470
 28.460500
 17.888540
 33.734260
 42.011900
 37.576590
 38.327540
 32.015620
 44.102150
 20.223750
 38.013160
 26.076810
 49.040800
 33.060550
 26.019220
 30.149630
 22.803510
 23.194830
 26.683330
 23.000000
 29.000000
 28.442920
 30.149630
 23.194830
 18.867960
 26.832820
 11.401750
 33.136080
 46.615450
 21.377560
 39.849720
 43.566040
 25.238860
 39.597980
 50.774010
 26.419690
 50.089920
 53.488320
 51.923020
  9.219544
 21.840330
 18.248290
 50.990200
 59.093150
 40.607880
 28.653100
 10.049880
  7.071068
 26.476400
 30.083220
 43.185650
 31.827660
 41.761230
 33.241540
 42.485290
 18.027760
 16.643320
 38.052600
 44.643030
 50.477720
 53.225930
 44.821870
 28.425340
 21.633310
 21.000000
 24.186770
 19.416490
 13.453620
 38.832980
 39.204590
 44.418460
 39.812060
   .000000
 28.653100
 38.600520
 47.707440
 14.422200
 29.120440
 12.727920
 25.495100
 30.610460
 40.311290
 42.544090
 30.149630
 19.924860
 14.764820
  4.000000
 32.557640
 40.112340
 21.213200
  7.071068
 25.019990
 49.244290
 50.159740
 35.510560
 19.416490
 14.560220
  5.000000
 33.541020
 20.591260
 42.449970
 47.074410
 47.296940
 39.824620
 27.202940
 44.045430
 49.254440
 55.901700
 59.682500
 25.612500
 33.136080
 52.325900
 32.756680
 21.095020
 29.410880
 26.925820
 29.206160
 38.897300
 20.024980
 14.317820
 21.400930
 37.363080
 44.011360
 31.016120
 31.144820
 43.566040
 46.615450
  8.544003
 15.264340
 14.422200
  5.385165
 48.301140
 28.425340
 28.160260
 38.118240
 22.203600
 28.160260
 37.589890
 18.110770
 10.630150
  8.246211
 22.203600
 42.638010
 37.589890
 43.278170
 54.203320
 53.084840
 55.973210
 33.955850
 23.086790
 29.017240
 52.153620
 35.608990
 23.600850
 38.600520
 43.324360
 55.659680
 57.706150
 24.166090
 19.697720
 33.734260
 54.589370
 30.870700
 43.139310
 28.635640
 36.687870
 24.020820
  6.000000
 14.142140
 18.439090
 14.035670
 30.594120
 36.138620
 42.059480
 15.811390
 25.961510
 45.891170
 53.160140
 48.548940
 32.802440
 26.832820
 16.643320
  6.403124
 14.000000
 23.323810
 34.438350
 39.115220
 63.411350
 50.931330
 64.140470
 44.011360
 26.570660
 30.805840
 54.083270
 41.340050
 38.275320
 42.201900
 45.803930
 37.215590
 41.303750
 50.960770
 46.097720
 44.011360
 45.880280
  9.486833
  2.236068
  7.071068
 16.492420
 21.540660
 25.612500
 19.798990
 14.317820
 34.669870
 19.235380
 18.867960
 15.231550
 17.804490
 19.104970
 14.866070
 21.400930
 18.384780
 14.422200
 20.880610
 17.117240
 33.541020
 26.019220
 17.464250
 18.788290
 36.715120
 18.439090
 13.152950
 19.313210
 13.038400
 14.317820
 22.203600
  2.236068
 30.232430
 25.495100
 37.536650
 22.627420
  8.944272
 28.284270
 25.317980
 47.801670
 39.623230
 40.521600
 35.383610
 31.320920
 23.323810
  7.211102
 25.455840
 36.055510
 30.016660
 26.683330
 24.738630
 15.033300
 25.495100
 17.691810
 18.110770
 45.310040
 43.566040
 17.204650
 10.630150
  7.280110
 43.011630
 43.909000
 39.115220
 16.492420
 25.553870
 17.204650
 39.217340
 32.893770
 28.653100
   .000000
 12.369320
 19.209370
 31.064450
 22.203600
 16.763050
 22.825420
 11.661900
 24.207440
 34.014700
 12.083050
 20.880610
 41.868840
 26.925820
 36.013890
 18.601080
 30.675720
 27.586230
 45.793010
 20.880610
 26.925820
  7.071068
 21.587030
 29.000000
 33.105890
 18.867960
  8.062258
 16.155490
 21.377560
 32.649650
 17.000000
  6.082763
 42.953460
 30.610460
 27.313000
 31.064450
 30.413810
 18.788290
 43.046490
 56.035700
 44.204070
 44.944410
 34.176010
 37.656340
 42.047590
 13.928390
 23.323810
 12.369320
 26.400760
 24.207440
  5.000000
 35.057090
 19.313210
 36.715120
 31.112700
 25.059930
 17.117240
 28.460500
 19.697720
 10.630150
 21.400930
 21.400930
 27.892650
 47.413080
 47.518420
 41.868840
 38.832980
 20.808650
 23.409400
 15.264340
 32.984840
 42.755120
 50.328920
 32.756680
 42.520580
 23.409400
 12.165530
 15.524170
 28.792360
  8.544003
  6.000000
 17.117240
 16.000000
 28.160260
 29.068880
 35.902650
 36.235340
 56.859470
 46.141090
 27.166150
 45.276920
 42.059480
 50.960770
 46.043460
 34.014700
 35.227830
 29.274560
 24.000000
 34.885530
 11.180340
 13.416410
 13.453620
 21.000000
 30.479500
 38.948680
 43.081320
 40.311290
 26.019220
 32.249030
 26.907250
 37.536650
 14.317820
 19.723080
 33.301650
 35.355340
 24.186770
 55.758410
 23.021730
  5.000000
  4.000000
 25.612500
 37.363080
 35.693140
 40.024990
 42.720020
 15.620500
 18.357560
 24.000000
 20.396080
 24.207440
 18.110770
 22.561030
 27.459060
 33.421550
 36.619670
 47.381430
 35.171010
 11.000000
 20.248460
 16.155490
 39.661060
 33.541020
 33.837850
 27.313000
 30.463090
 29.154760
 33.241540
 35.846900
 31.064450
 38.948680
 19.798990
 38.183770
 26.419690
 28.284270
 14.560220
 29.614190
 21.931710
  1.414214
  7.211102
 25.079870
 19.235380
 17.088010
 14.142140
 19.104970
 15.264340
 28.178010
 30.870700
 16.763050
 40.607880
 13.038400
 38.910150
 36.345560
 42.720020
 43.416590
 42.426410
 35.341190
  8.544003
 16.155490
 35.846900
 23.194830
 23.769730
 32.449960
 27.294690
 30.479500
  9.055386
  6.082763
 39.319210
 35.735140
 17.117240
 21.954500
 19.026300
 48.918300
 48.795490
 44.598210
 28.017850
 19.026300
  7.280110
 34.014700
 28.017850
 38.600520
 12.369320
   .000000
 15.297060
 37.013510
 21.023800
 28.071340
 34.928500
 22.203600
 16.278820
 28.071340
 10.630150
 24.758840
 50.119860
 37.656340
 35.468300
  8.544003
 34.058770
 35.777090
 50.911690
 12.041590
 14.764820
 10.630150
 33.955850
 41.109610
 43.416590
 29.068880
 19.026300
 18.973670
  9.055386
 23.769730
 23.323810
 11.401750
 39.115220
 20.000000
 19.104970
 24.413110
 31.906110
 14.560220
 35.440090
 61.522350
 50.447990
 48.010410
 46.486560
 38.948680
 40.261640
 19.723080
 29.410880
 24.738630
 21.023800
 13.892440
  8.000000
 34.928500
  7.211102
 29.614190
 38.948680
 30.610460
 29.017240
 39.458840
 12.529960
 21.954500
 33.120990
 14.035670
 30.610460
 51.739730
 47.927030
 48.600410
 47.927030
 30.364450
 35.735140
 16.492420
 29.274560
 39.204590
 44.407210
 21.260290
 33.120990
 19.416490
 16.643320
 14.422200
 16.552950
 14.212670
 18.248290
 24.413110
  5.000000
 17.088010
 21.260290
 48.270070
 41.012190
 62.225400
 38.600520
 25.632010
 42.579340
 44.654230
 52.839380
 51.662360
 44.384680
 47.010640
 41.593270
 36.124780
 47.010640
  2.828427
  9.000000
 22.803510
 21.633310
 21.540660
 29.529650
 37.215590
 40.718550
 26.419690
 37.536650
 35.341190
 44.654230
 26.570660
 29.732140
 44.045430
 30.870700
 24.000000
 47.539460
 12.206560
 12.165530
 13.892440
 20.615530
 33.060550
 32.388270
 36.124780
 38.000000
  7.000000
  7.211102
 12.369320
  8.062258
 13.892440
  7.810250
 34.058770
 37.000000
 42.047590
 42.638010
 54.644310
 37.443290
 23.194830
 26.925820
 25.455840
 45.343140
 38.183770
 39.824620
 31.827660
 34.655450
 34.828150
 36.878180
 41.036570
 37.013510
 43.840620
 33.615470
 51.613950
 41.231060
 36.359320
 29.832870
 44.102150
 35.510560
 14.142140
 19.235380
 26.476400
 12.165530
  3.162278
 21.400930
 30.675720
 12.206560
 41.231060
 41.773200
 27.586230
 43.737850
 18.867960
 51.923020
 51.623640
 57.245090
 54.561890
 49.658840
 35.000000
 21.095020
 30.149630
 50.921510
 38.000000
 39.051250
 24.186770
 31.953090
 43.600460
 24.083190
 14.317820
 54.037030
 49.648770
  5.385165
 22.360680
 26.076810
 61.717100
 62.201290
 57.628120
 34.885530
 34.058770
 22.022710
 49.040800
 43.185650
 47.707440
 19.209370
 15.297060
   .000000
 49.678970
 36.055510
 35.355340
 35.014280
 21.095020
 31.000000
 43.011630
 25.079870
 38.275320
 61.073730
 45.650850
 50.596440
 23.000000
 48.020830
 46.754680
 64.202800
  7.810250
 24.166090
 12.206560
 36.674240
 45.607020
 51.971150
 25.317980
 27.202940
  9.486833
 17.088010
 37.483330
 15.811390
 22.803510
 54.332310
 32.280030
 10.049880
 12.083050
 46.518810
 29.832870
 49.497470
 74.652530
 63.031740
 62.265560
 47.000000
 53.712200
 55.542780
 32.015620
 41.868840
 28.460500
 36.221540
 27.294690
 18.601080
 49.980000
 19.235380
 44.102150
 50.249380
 43.416590
 34.928500
 46.957430
  5.000000
 22.360680
 32.015620
 29.068880
 44.777230
 65.459920
 62.968250
 60.827630
 58.008620
 40.000000
 37.215590
  7.071068
 44.553340
 54.451810
 59.076220
 31.780500
 45.880280
 34.713110
 29.410880
 29.154760
 25.059930
 12.649110
 24.186770
 17.720050
 12.041590
 15.811390
 11.045360
 50.159740
 54.405880
 75.432090
 52.611790
 40.804410
 57.870540
 59.059290
 67.542580
 64.660650
 52.839380
 52.497620
 44.721360
 40.804410
 46.173580
 17.720050
  6.708204
 32.649650
 36.249140
 35.355340
 42.449970
 52.009610
 55.713550
 41.231060
 50.606320
 46.097720
 56.568540
 28.635640
 25.495100
 39.217340
 16.401220
  9.486833
 60.876930
 25.317980
 22.671570
 17.000000
  6.403124
 48.259710
 47.675990
 51.351730
 53.084840
 22.203600
 21.023800
 15.000000
 16.763050
 27.294690
 10.440310
 40.718550
 46.615450
 52.630790
 55.317270
 66.483080
 51.884490
 28.635640
 38.948680
 21.213200
 58.258050
 51.613950
 52.497620
 45.221680
 48.259710
 47.634020
 50.774010
 54.203320
 49.678970
 57.201400
 17.492860
  4.472136
 16.000000
 19.026300
 26.570660
 35.510560
 15.264340
 38.418750
 39.824620
 33.541020
 44.721360
 52.402290
 29.154760
 42.953460
 52.201530
 42.047590
 10.049880
 22.203600
 31.953090
 47.413080
 47.539460
 27.294690
 14.317820
  9.219544
 21.400930
 38.118240
 29.000000
 35.902650
 18.027760
 32.000000
 23.000000
 51.195700
 27.073970
  6.708204
 33.105890
 42.438190
 37.576590
 41.484940
 48.259710
 35.440090
 26.000000
 12.041590
 13.000000
  8.062258
 22.022710
 30.265490
 34.885530
 31.953090
 28.442920
 14.422200
 31.064450
 37.013510
 49.678970
   .000000
 20.396080
 21.023800
 37.121420
 37.643060
 32.756680
 31.400640
 26.627050
 12.529960
 15.033300
 17.888540
 18.867960
 35.341190
  7.615773
  7.615773
 14.764820
 48.918300
 44.944410
 38.013160
 31.257000
 28.635640
 17.691810
 42.579340
 24.166090
 47.010640
 43.909000
 38.013160
 46.238510
 26.907250
 30.528680
 41.593270
 55.973210
 60.811180
 12.649110
 26.570660
 40.521600
 25.000000
 13.453620
 16.031220
 40.853400
 14.866070
 24.839490
 17.691810
  7.810250
 29.427880
 28.071340
 37.643060
 31.144820
 17.492860
 39.824620
 35.510560
  6.403124
  6.403124
 24.000000
 19.723080
 48.795490
 35.440090
 39.000000
 31.320920
 10.049880
 16.763050
 23.259410
 11.661900
 15.524170
 14.000000
 34.365680
 46.324940
 25.709920
 29.681640
 40.816660
 45.891170
 45.398240
 25.317980
 20.518280
 23.706540
 46.818800
 39.446170
 28.231190
 45.541190
 42.011900
 53.535030
 58.051700
 38.470770
  6.000000
 25.806980
 42.379240
 20.024980
 29.068880
 14.560220
 23.194830
 15.000000
 18.439090
 28.425340
 32.310990
 26.925820
 44.271890
 34.205260
 43.185650
 18.384780
 17.720050
 37.121420
 43.104520
 35.846900
 18.439090
 16.000000
  2.236068
  8.544003
  8.246211
 32.249030
 43.566040
 51.244510
 66.068150
 55.226810
 51.478150
 38.275320
 27.018510
 34.481880
 55.973210
 28.792360
 25.632010
 29.068880
 32.649650
 33.120990
 37.121420
 48.548940
 43.046490
 37.643060
 44.821870
 21.587030
 12.529960
 10.295630
  5.656854
 17.888540
 11.313710
 26.683330
 10.816650
 42.449970
  8.602325
  4.472136
  2.828427
  6.082763
  5.385165
  2.236068
  7.071068
  5.099020
   .000000
  8.246211
  7.071068
 19.697720
  5.656854
 24.207440
  7.071068
 18.027760
  8.062258
 22.360680
 21.213200
 32.202480
 36.000000
 38.078870
 21.587030
 22.561030
 34.828150
 22.803510
 19.924860
 15.652480
 40.459860
 28.425340
 30.528680
 17.464250
 22.022710
 29.068880
 35.468300
 41.048750
 16.031220
 15.524170
 14.866070
 12.649110
  5.000000
 46.872170
 29.206160
 14.035670
 14.142140
 25.000000
 24.413110
 25.000000
 36.674240
 31.622780
 22.360680
 30.870700
 29.681640
 26.400760
 26.172500
 10.000000
 16.278820
 18.027760
 12.041590
 29.120440
 22.203600
 21.023800
 36.055510
 20.396080
   .000000
 25.495100
 40.224370
 33.241540
 12.369320
 14.212670
 11.180340
  9.219544
 35.355340
 30.463090
 14.560220
 16.278820
 14.764820
 23.194830
 31.906110
 32.756680
 25.059930
 27.073970
 36.124780
 38.832980
 33.955850
 40.162170
 20.591260
 37.121420
 25.455840
 18.248290
 39.115220
 16.124520
 20.880610
 21.213200
 39.661060
 45.276920
 11.313710
  7.071068
 24.207440
 42.438190
 32.695560
 27.586230
 48.795490
 18.027760
 20.024980
 12.041590
 15.132750
 29.154760
  8.246211
 17.464250
 19.026300
 13.928390
 21.213200
 18.027760
 25.000000
 15.000000
 28.284270
 32.695560
 33.541020
 31.622780
 40.311290
 11.180340
 11.180340
 32.015620
 26.925820
 31.622780
 35.000000
 22.360680
 39.051250
 35.355340
 11.180340
 20.615530
 29.154760
 25.495100
 26.925820
  5.000000
 11.180340
  7.071068
 26.832820
 30.000000
 23.769730
 39.319210
 25.553870
 35.355340
 41.880780
 48.414880
 22.360680
 43.011630
 26.907250
  5.000000
 23.086790
 24.083190
 31.906110
 33.120990
 34.928500
 42.047590
 41.231060
 34.828150
 50.990200
 18.384780
 29.410880
 18.384780
  3.162278
 17.029390
 24.041630
 22.203600
 19.697720
  5.656854
 19.924860
 23.345240
 28.635640
 32.249030
 41.109610
 53.235320
 51.894120
 43.931770
 36.796740
 18.357560
 17.262680
 26.172500
 41.629320
 15.652480
 13.601470
 18.027760
 21.023800
 15.000000
 18.384780
 30.413810
 24.758840
 17.464250
 28.301940
 30.232430
 26.925820
 29.017240
 25.298220
 37.947330
 16.970560
 26.076810
 14.866070
 38.078870
 27.313000
 19.697720
 22.803510
 14.317820
 16.155490
 18.248290
 17.492860
 22.847320
 20.396080
 25.059930
 18.439090
 25.019990
 25.806980
  2.000000
 26.832820
 43.416590
 17.691810
 29.154760
 34.058770
 13.000000
 26.870060
 38.470770
 14.560220
 42.720020
 42.201900
 47.010640
 11.000000
 12.369320
 15.000000
 41.012190
 55.803230
 41.048750
 34.365680
 21.470910
 14.560220
 17.464250
 20.024980
 36.400550
 34.014700
 37.443290
 30.413810
 30.675720
  6.082763
 18.681540
 29.832870
 34.132100
 49.578220
 50.447990
 32.202480
 15.811390
  9.486833
 31.320920
 33.541020
 28.442920
  1.000000
 33.615470
 30.413810
 43.185650
 37.483330
 12.727920
 16.763050
 28.071340
 35.355340
 21.023800
 25.495100
   .000000
 16.492420
 18.027760
 34.014700
 39.698870
 21.840330
 18.027760
 27.202940
 10.295630
 34.438350
 31.575310
 24.738630
 14.560220
 34.928500
 37.643060
 41.303750
 23.259410
 11.180340
 13.928390
 16.643320
 21.840330
  9.055386
 29.732140
 37.013510
 42.059480
 27.202940
 17.029390
 44.654230
 42.379240
 44.011360
 47.413080
 27.313000
 26.832820
 49.678970
 44.011360
 31.953090
 37.000000
 23.345240
 33.241540
 41.146080
 13.601470
 15.524170
  8.944272
 33.015150
 36.400550
 20.099750
 33.105890
 34.058770
 43.416590
 18.027760
 17.464250
  3.162278
 11.704700
 36.400550
 15.811390
 18.027760
 31.384710
 23.769730
 37.483330
 42.953460
 29.154760
 23.345240
  7.071068
 14.317820
 30.000000
 36.124780
 44.102150
 54.037030
 45.607020
 51.623640
 29.410880
 15.652480
 22.360680
 43.289720
 23.021730
 11.180340
 26.076810
 32.388270
 44.721360
 45.694640
 23.021730
 27.018510
 44.944410
 52.402290
 29.068880
 45.177430
 35.128340
 44.045430
 34.481880
 17.492860
 19.026300
 15.811390
  9.433981
 25.806980
 26.000000
 30.083220
  7.211102
 22.627420
 40.249220
 48.373550
 47.423620
 36.687870
 25.806980
 23.000000
 13.601470
 24.698180
 11.401750
 22.803510
 30.594120
 50.803540
 38.209950
 62.289650
 35.902650
 16.000000
 18.357560
 41.677330
 40.459860
 37.802120
 42.201900
 45.607020
 28.442920
 32.249030
 40.311290
 36.013890
 36.400550
 34.713110
  6.000000
 12.206560
 18.867960
 25.495100
 33.615470
 29.832870
  7.071068
 13.000000
 22.360680
 28.635640
 25.019990
 23.194830
 20.615530
 23.345240
 20.024980
 26.305890
 26.076810
 21.023800
 29.154760
 33.286630
 41.303750
 41.593270
 18.439090
 39.597980
 57.384670
 33.120990
 35.468300
 42.047590
  9.848858
 23.194830
 38.052600
 21.633310
 53.000000
 45.398240
 59.548300
 27.294690
 24.839490
 10.630150
 47.434170
 69.296460
 56.824290
 50.803540
 35.510560
 22.360680
  1.000000
 29.410880
 47.801670
 50.328920
 50.931330
 45.221680
 19.104970
 11.180340
 35.171010
 40.224370
 40.162170
 64.637450
 64.443770
 30.149630
 13.341660
 18.384780
 46.270940
 49.040800
 44.011360
 15.524170
 46.669050
 39.962480
 58.249460
 52.201530
 25.495100
 22.825420
 34.928500
 35.014280
 37.121420
 40.224370
 16.492420
   .000000
 14.035670
 46.097720
 54.037030
 33.301650
 34.014700
 39.849720
 21.587030
 50.695170
 41.340050
 41.231060
 30.000000
 50.159740
 40.311290
 49.658840
 25.709920
  6.082763
 14.212670
 26.925820
 11.180340
 19.849430
 26.305890
 43.657760
 54.561890
 20.880610
 27.018510
 60.415230
 53.254110
 45.000000
 46.389650
 43.657760
 39.597980
 63.780880
 58.249460
 46.529560
 53.150730
 12.041590
 49.729270
 57.384670
 28.301940
 32.015620
 11.313710
 46.754680
 46.872170
 27.784890
 49.396350
 42.047590
 57.384670
 33.060550
 33.955850
 13.341660
 21.189620
 38.118240
 13.341660
  3.605551
 43.278170
 40.162170
 53.037720
 59.439040
 43.566040
 35.114100
 23.194830
  3.605551
 28.071340
 51.312770
 59.941640
 69.339740
 55.569770
 64.443770
 43.278170
 29.206160
 35.383610
 51.478150
 23.194830
 17.804490
 18.973670
 37.643060
 48.662100
 46.043460
 15.297060
 43.104520
 59.228370
 66.708320
 44.418460
 61.326990
 51.478150
 60.299260
 49.365980
 27.313000
 21.213200
 11.401750
 11.704700
 12.083050
 34.000000
 32.388270
 22.360680
 37.735920
 52.497620
 60.959000
 62.425960
 53.160140
 41.593270
 39.204590
 29.000000
 39.319210
  8.602325
 11.661900
 14.142140
 47.127490
 33.526110
 76.576760
 45.793010
 25.612500
 21.189620
 40.311290
 55.758410
 53.338540
 57.801380
 61.057350
 38.275320
 41.182520
 45.354160
 42.720020
 46.872170
 39.051250
 16.124520
 26.172500
 32.557640
 41.012190
 46.840150
 46.324940
 14.212670
 29.410880
 14.560220
 44.045430
 41.303750
 39.012820
 37.107950
 39.812060
 36.345560
 42.755120
 42.047590
 37.121420
 45.011110
 27.294690
 41.000000
 36.345560
 19.723080
 30.413810
 48.373550
 28.071340
 22.472200
 29.410880
  5.830952
  9.848858
 24.186770
 11.704700
 41.109610
 31.400640
 49.040800
 27.856780
 18.110770
 22.803510
 34.014700
 59.405390
 50.695170
 49.254440
 39.446170
 30.610460
 14.142140
 18.867960
 36.878180
 46.173580
 41.677330
 37.947330
 14.000000
 12.727920
 33.376640
 29.068880
 26.832820
 56.859470
 55.226810
 16.492420
  2.236068
 12.041590
 48.846700
 50.596440
 45.541190
 17.204650
 37.215590
 28.284270
 50.695170
 44.384680
 30.610460
 11.661900
 22.203600
 21.095020
 37.643060
 33.241540
 18.027760
 14.035670
   .000000
 35.805030
 45.617980
 23.706540
 30.000000
 45.221680
 27.586230
 46.270940
 29.698480
 39.204590
 32.202480
 52.201530
 26.305890
 36.891740
 12.083050
 15.811390
 25.079870
 33.941120
  7.211102
 14.035670
 13.000000
 30.413810
 44.204070
  9.219544
 17.464250
 54.120240
 41.725290
 31.016120
 32.756680
 40.012500
 30.413810
 54.708320
 61.741400
 49.658840
 52.952810
 26.076810
 47.010640
 52.611790
 23.021730
 30.594120
  9.219544
 38.013160
 35.355340
 16.401220
 45.177430
 29.410880
 48.373550
 35.777090
 32.557640
 16.278820
 28.319600
 24.083190
  2.236068
 11.401750
 33.015150
 37.013510
 54.405880
 57.008770
 46.957430
 41.231060
 24.596750
 16.124520
 14.317820
 44.271890
 53.851650
 61.846580
 43.416590
 54.037030
 34.928500
 22.360680
 26.925820
 38.587560
  9.219544
 10.000000
  8.062258
 24.166090
 34.713110
 32.140320
 29.068880
 43.416590
 62.649820
 57.801380
 38.078870
 56.089210
 50.487620
 59.539900
 52.000000
 34.655450
 32.202480
 23.769730
 20.591260
 25.709920
 21.931710
 18.439090
 19.416490
 31.575310
 42.011900
 50.447990
 54.626000
 50.010000
 36.345560
 39.293770
 31.304950
 42.485290
  8.062258
  8.062258
 21.931710
 34.438350
 21.095020
 67.416620
 33.970580
 16.155490
  8.485281
 26.683330
 48.703180
 46.840150
 51.244510
 54.083270
 26.907250
 29.068880
 31.622780
 29.529650
 35.355340
 25.298220
 21.931710
 30.232430
 36.891740
 42.720020
 51.623640
 44.102150
 11.180340
 27.459060
  5.000000
 45.880280
 41.000000
 40.162170
 35.355340
 38.470770
 36.138620
 41.436700
 42.720020
 37.643060
 45.880280
 17.117240
 31.953090
 17.464250
 33.241540
  7.280110
 13.341660
 19.026300
 17.117240
 12.369320
 36.769550
 35.114100
 32.140320
 24.758840
 10.198040
 26.000000
 13.453620
 31.144820
 21.954500
 48.764740
 18.027760
 23.600850
 21.540660
 32.802440
 41.303750
 46.097720
 46.754680
 17.029390
  3.162278
 24.041630
  7.000000
 11.401750
 47.853940
 36.055510
 26.305890
  7.280110
 17.262680
 23.086790
 19.697720
 33.376640
 34.828150
 27.802880
 43.081320
 41.593270
 38.626420
 34.438350
  3.605551
  9.055386
 18.110770
 12.649110
 40.311290
 24.207440
 16.278820
 31.000000
 32.756680
 12.369320
 34.014700
 46.097720
 35.805030
   .000000
 12.041590
 12.806250
 21.023800
 47.675990
 41.000000
 23.345240
  8.000000
 26.925820
 35.000000
 43.829210
 25.495100
 13.453620
 26.000000
 43.266620
 47.927030
 45.276920
 43.011630
 26.627050
 35.171010
 16.155490
  8.485281
 39.000000
 19.104970
 23.769730
  9.000000
 31.622780
 37.643060
 22.825420
  7.280110
 19.313210
 54.203320
 44.944410
 38.600520
 56.302750
 28.425340
 26.419690
 20.880610
 27.018510
 34.828150
  6.403124
  5.656854
 19.416490
 23.345240
 12.369320
 13.341660
 37.121420
 27.166150
 36.235340
 43.174060
 27.166150
 34.828150
 45.254830
  2.828427
 23.409400
 43.566040
 35.608990
 43.965900
 47.095650
 32.756680
 45.803930
 32.756680
 14.764820
 24.041630
 28.160260
 13.152950
 18.384780
  7.615773
 18.384780
 11.704700
 15.000000
 29.546570
 28.319600
 39.812060
 19.026300
 25.553870
 33.837850
 56.824290
 34.539830
 54.708320
 22.472200
 14.422200
 27.856780
 35.000000
 41.725290
 45.188500
 46.270940
 52.201530
 49.648770
 43.382020
 57.801380
 14.866070
 25.179360
 26.925820
 15.132750
  6.403124
 14.866070
 21.023800
 29.000000
 17.464250
 32.280030
 35.014280
 41.000000
 37.536650
 43.829210
 57.489130
 45.122060
 40.112340
 31.764760
  7.211102
 20.518280
 27.459060
 35.355340
 17.720050
 17.888540
 20.880610
 22.203600
  9.486833
 10.049880
 21.023800
 15.811390
  5.656854
 21.213200
 39.560080
 38.209950
 41.048750
 37.643060
 50.289170
 28.301940
 32.202480
 26.076810
 39.962480
 39.560080
 31.953090
 35.171010
 26.683330
 28.460500
 30.594120
 29.546570
 35.114100
 32.756680
 37.161810
 21.260290
 29.017240
 15.811390
 38.418750
 15.231550
  4.123106
 22.203600
 29.017240
 24.331050
 45.486260
 46.324940
 44.181440
 34.000000
 17.804490
 37.643060
 11.401750
 33.541020
 29.206160
 54.671750
 29.154760
 16.552950
 10.630150
 26.248810
 40.607880
 49.193500
 54.817880
 26.925820
 13.601470
 16.763050
  5.099020
  9.433981
 58.523500
 43.185650
 26.248810
 19.026300
 29.274560
 11.401750
 10.816650
 45.177430
 44.294470
 35.805030
 39.204590
 36.674240
 35.057090
 40.360870
  9.055386
 21.000000
  6.082763
  3.000000
 42.544090
 34.014700
 28.071340
 43.011630
 31.400640
 14.212670
 39.698870
 54.037030
 45.617980
 12.041590
   .000000
 21.931710
 22.825420
 46.173580
 44.294470
 15.811390
 20.024980
 24.083190
 36.055510
 38.832980
 37.483330
 23.706540
 37.107950
 50.209560
 53.009430
 47.169910
 52.773100
 34.205260
 46.690470
 27.892650
  9.219544
 50.000000
 28.178010
 12.083050
 15.620500
 43.416590
 49.477270
 19.026300
 15.231550
 10.000000
 48.383880
 41.194660
 31.953090
 62.968250
 21.840330
 16.278820
 26.172500
 28.231190
 42.801870
  7.615773
 16.763050
 29.732140
 16.492420
 24.331050
  4.123106
 37.107950
 27.513630
 42.449970
 46.529560
 39.204590
 44.294470
 53.823790
 14.035670
 21.377560
 37.643060
 26.400760
 41.012190
 46.872170
 36.359320
 53.075420
 44.407210
  6.082763
 12.529960
 16.492420
 19.798990
 14.035670
 10.816650
 24.839490
 18.867960
 24.698180
 40.521600
 36.891740
 50.596440
 31.064450
 36.769550
 45.607020
 62.625870
 31.016120
 48.703180
 12.727920
 11.704700
 16.643320
 28.460500
 33.286630
 40.607880
 48.104050
 55.946400
 55.443660
 49.040800
 65.069190
 26.305890
 37.054020
 32.557640
 17.204650
 10.000000
 12.165530
  9.219544
 21.023800
 15.811390
 30.149630
 36.400550
 39.115220
 45.803930
 53.665630
 66.573270
 57.070130
 52.038450
 22.627420
 18.681540
 29.529650
 37.696160
 47.381430
  6.403124
  8.062258
  9.433981
 10.198040
 21.095020
 22.090720
 32.572990
 27.658630
 16.763050
 33.241540
 44.407210
 40.311290
 41.231060
 35.014280
 47.095650
 23.194830
 39.824620
 28.653100
 50.159740
 36.055510
 29.017240
 33.136080
 25.709920
 26.172500
 29.614190
 26.000000
 32.000000
 31.400640
 33.136080
  9.219544
 27.586230
 16.155490
 21.377560
  6.708204
 24.698180
 11.401750
 12.041590
 13.601470
 24.083190
 25.079870
 27.294690
 12.206560
 20.880610
 25.612500
 26.248810
 21.587030
  9.486833
 36.249140
 21.189620
 36.124780
 28.071340
 32.249030
 33.615470
 35.057090
 33.970580
  5.099020
 14.764820
 25.961510
 18.027760
 15.033300
 36.687870
 23.323810
 20.000000
  8.062258
 15.811390
 33.241540
 31.622780
 25.495100
 22.472200
 15.000000
 38.418750
 38.183770
 34.058770
 22.135940
 13.601470
  9.055386
 27.202940
 20.880610
 30.149630
 12.083050
 10.630150
 25.079870
 26.627050
 11.180340
 21.840330
 33.301650
 23.706540
 12.806250
 21.931710
   .000000
 14.212670
 40.311290
 30.016660
 25.709920
 10.000000
 23.430750
 26.248810
 40.311290
 22.671570
 20.024980
 16.000000
 30.528680
 35.735140
 35.128340
 30.886890
 13.892440
 26.019220
 17.464250
 21.260290
 28.442920
  6.403124
 31.257000
 20.615530
 29.732140
 35.000000
 21.470910
  6.708204
 31.064450
 50.931330
 40.000000
 37.443290
 43.566040
 28.635640
 31.144820
 10.198040
 19.235380
 22.022710
 14.317820
 14.560220
  8.062258
 25.000000
 13.601470
 24.698180
 29.154760
 20.248460
 23.769730
 32.062440
 23.021730
 22.472200
 32.557640
 10.000000
 20.000000
 41.109610
 37.947330
 38.275320
 38.600520
 22.022710
 33.015150
 24.186770
 21.213200
 31.144820
 38.275320
 23.769730
 31.144820
 11.401750
  7.071068
  4.123106
 22.022710
 19.104970
 15.556350
 28.861740
 15.556350
 26.925820
 31.890440
 44.283180
 30.413810
 51.623640
 34.132100
 16.124520
 34.000000
 34.132100
 42.485290
 41.109610
 36.124780
 40.607880
 37.161810
 31.016120
 45.000000
  7.810250
 18.384780
 15.132750
 11.180340
 19.209370
 27.658630
 31.016120
 30.675720
 16.155490
 27.018510
 25.961510
 34.481880
 24.758840
 31.764760
 45.000000
 41.182520
 32.756680
 43.829210
 14.142140
  7.810250
 15.811390
 30.886890
 25.495100
 24.083190
 28.284270
 30.805840
  7.071068
 11.180340
 21.954500
 16.552950
 14.560220
 18.384780
 27.658630
 28.284270
 32.572990
 32.202480
 44.418460
 26.925820
 19.416490
 17.088010
 28.231190
 34.828150
 27.586230
 29.410880
 21.260290
 24.041630
 24.413110
 26.248810
 30.479500
 26.627050
 33.241540
  5.000000
 13.453620
  7.810250
 16.401220
 14.317820
 26.832820
  2.828427
 26.172500
 27.294690
 27.459060
 35.171010
 40.804410
 19.416490
 31.144820
 39.824620
 32.015620
 10.770330
 12.165530
 32.557640
 34.885530
 39.357340
 23.021730
 19.646880
 20.396080
 26.400760
 34.928500
 17.204650
 24.083190
 16.492420
 21.840330
 13.416410
 44.000000
 22.847320
  5.830952
 20.615530
 30.000000
 31.827660
 33.615470
 37.576590
 28.017850
 18.027760
 24.207440
 24.083190
 19.849430
 18.867960
 19.104970
 22.360680
 25.495100
 20.248460
 19.924860
 20.880610
 24.758840
 38.275320
 12.529960
  9.219544
 18.027760
 34.014700
 30.000000
 21.023800
 22.825420
 14.212670
   .000000
 26.925820
 21.470910
 16.763050
 22.847320
  9.848858
 14.035670
 26.172500
 36.769550
 32.572990
 27.313000
 29.154760
 30.479500
 24.738630
 36.221540
 16.031220
 37.000000
 31.384710
 27.459060
 37.483330
 15.652480
 26.627050
 30.016660
 43.840620
 48.918300
 10.049880
 14.317820
 32.756680
 36.769550
 25.806980
 24.166090
 41.231060
 17.029390
 23.409400
  7.071068
  6.000000
 23.769730
 17.464250
 25.495100
 19.723080
 15.524170
 27.294690
 26.832820
 16.124520
  6.324555
 21.095020
 23.706540
 36.878180
 28.017850
 34.785050
 19.235380
  7.071068
 27.202940
 27.018510
 24.186770
 26.076810
 13.601470
 32.249030
 35.846900
 18.439090
 26.076810
 36.124780
 34.132100
 36.055510
 14.142140
  8.944272
 11.180340
 34.481880
 29.410880
 20.000000
 37.215590
 29.732140
 41.048750
 45.967380
 40.311290
 16.278820
 37.483330
 35.227830
 11.401750
 27.313000
 21.189620
 30.083220
 26.907250
 25.709920
 33.120990
 33.241540
 26.907250
 43.829210
 21.931710
 31.622780
 11.704700
  6.082763
 26.172500
 33.241540
 29.732140
 20.024980
  7.810250
 12.806250
 14.142140
 20.615530
 26.925820
 37.215590
 47.759820
 54.644310
 44.777230
 45.000000
 25.961510
 16.155490
 24.738630
 44.407210
 22.627420
 19.849430
 24.207440
 27.658630
 20.591260
 24.596750
 36.055510
 30.528680
 25.495100
 32.557640
 21.931710
 17.720050
 20.024980
 18.027760
 30.413810
 14.317820
 20.615530
  5.830952
 35.000000
 20.615530
 13.453620
 15.264340
  7.071068
 10.000000
 10.295630
 12.529960
 16.278820
 12.529960
 19.104970
 31.622780
 17.262680
 31.016120
 25.612500
 41.231060
 50.249380
 29.410880
 51.478150
 53.851650
 39.962480
 53.907330
 64.031240
 39.698870
 57.870540
 65.368190
 57.008770
 19.416490
 33.837850
 31.257000
 61.465440
 61.983870
 40.804410
 24.186770
  6.708204
 18.110770
 40.804410
 41.677330
 50.803540
 31.320920
 47.010640
 38.013160
 57.245090
 32.756680
 21.377560
 47.434170
 55.901700
 51.244510
 55.901700
 58.694120
 43.011630
 35.355340
 10.630150
 14.866070
 12.529960
 28.017850
 45.276920
 49.040800
 46.097720
 43.185650
 14.764820
 41.868840
 50.119860
 61.073730
 15.033300
 35.355340
 27.202940
 39.849720
 45.221680
 47.675990
 46.173580
 40.311290
 26.925820
   .000000
 18.384780
 32.280030
 49.648770
 22.090720
 14.422200
 14.422200
 61.587340
 59.481090
 48.918300
 33.837850
 27.166150
 13.152950
 48.301140
 33.970580
 56.639210
 57.775430
 53.037720
 54.405880
 39.115220
 43.657760
 56.568540
 68.505480
 72.801100
 27.166150
 41.231060
 54.918120
 19.000000
  9.433981
 21.931710
 39.000000
 26.925820
 37.161810
 30.413810
 21.189620
 36.055510
 43.104520
 52.392750
 43.266620
 31.048350
 53.851650
 50.249380
 11.180340
 20.615530
 29.154760
 18.681540
 61.032780
 43.011630
 42.720020
 46.097720
 25.000000
 18.027760
 32.015620
  7.071068
  5.000000
 21.213200
 36.400550
 56.568540
 40.311290
 42.720020
 53.851650
 60.827630
 60.207970
 40.311290
 33.541020
 37.947330
 61.400330
 49.497470
 37.483330
 53.254110
 55.072680
 67.082040
 70.455660
 35.128340
 15.811390
 20.000000
 56.515480
 35.000000
 41.146080
 23.021730
 28.425340
 12.529960
 13.038400
 23.194830
 31.144820
 28.160260
 43.011630
 47.413080
 55.000000
 28.425340
 32.557640
 52.153620
 58.034470
 49.729270
 29.966650
 31.016120
 16.031220
 15.000000
  7.071068
 38.078870
 49.193500
 52.952810
 77.155690
 65.115280
 65.145990
 52.886670
 38.832980
 44.553340
 67.475920
 42.953460
 39.812060
 42.720020
 46.173580
 47.169910
 51.264020
 62.169120
 56.859470
 52.392750
 57.801380
 24.166090
 15.000000
  8.485281
 11.401750
  7.071068
 24.041630
 34.205260
 23.259410
 49.396350
 11.661900
 17.262680
 13.038400
 21.095020
 20.024980
 17.117240
 20.396080
 14.560220
 15.033300
 14.764820
 24.041630
 22.360680
 28.844410
  9.486833
 33.734260
 48.301140
 22.472200
 38.832980
 43.104520
 22.022710
 36.878180
 48.764740
 24.698180
 50.487620
 52.201530
 53.141320
 10.816650
 21.095020
 14.317820
 50.358720
 60.827630
 43.185650
 32.202480
 14.035670
  5.099020
 22.561030
 29.274560
 43.737850
 34.713110
 43.081320
 34.885530
 38.948680
 14.866070
 19.104970
 38.052600
 43.737850
 52.801510
 55.072680
 42.438190
 25.455840
 19.697720
 25.000000
 28.160260
 23.345240
 10.816650
 39.849720
 39.000000
 46.615450
 41.677330
  4.000000
 26.925820
 37.656340
 45.650850
 17.888540
 30.463090
 10.295630
 21.587030
 27.586230
 41.000000
 44.294470
 30.016660
 21.470910
 18.384780
   .000000
 35.383610
 40.012500
 24.207440
 10.295630
 29.017240
 47.759820
 50.000000
 33.541020
 15.524170
 10.770330
  6.403124
 30.016660
 18.973670
 39.824620
 46.389650
 48.383880
 36.796740
 26.305890
 46.690470
 49.819680
 54.230990
 57.706150
 28.284270
 33.734260
 54.203320
 36.674240
 25.079870
 33.241540
 23.086790
 32.449960
 41.868840
 20.223750
 16.401220
 18.384780
 38.626420
 44.283180
 29.832870
 33.970580
 43.104520
 48.301140
 12.369320
 17.691810
 11.313710
  2.236068
 46.615450
 25.455840
 24.351590
 38.639360
 24.758840
 32.140320
 41.146080
 22.090720
 13.892440
  8.246211
 18.248290
 40.224370
 39.661060
 45.967380
 56.727420
 53.460270
 57.384670
 35.114100
 23.086790
 29.427880
 52.000000
 33.286630
 21.470910
 35.468300
 42.201900
 54.571060
 55.946400
 20.591260
 23.409400
 37.656340
 56.603890
 32.756680
 46.097720
 32.310990
 40.521600
 28.017850
  7.211102
 11.661900
 14.560220
 10.049880
 26.683330
 35.355340
 40.311290
 15.033300
 27.313000
 46.840150
 54.424260
 50.803540
 36.055510
 28.844410
 20.124610
  9.433981
 18.000000
 20.000000
 30.886890
 35.128340
 61.032780
 48.270070
 66.287250
 44.102150
 25.495100
 28.653100
 51.971150
 43.600460
 40.607880
 44.687810
 48.270070
 37.000000
 41.012190
 50.010000
 45.398240
 44.283180
 44.643030
  5.830952
  5.385165
 11.045360
 20.396080
 25.298220
 28.844410
 17.204650
 15.652480
 31.400640
 23.194830
 22.360680
 18.973670
 20.518280
 22.203600
 18.027760
 24.698180
 22.135940
 17.888540
 24.738630
 19.026300
 15.231550
 10.000000
 32.649650
 21.023800
 19.416490
 18.248290
 36.769550
 34.669870
 44.147480
 50.159740
 52.554730
 35.014280
 32.202480
 48.548940
 27.202940
 25.000000
 28.160260
 48.259710
 41.231060
 30.066590
  8.544003
 10.440310
 27.730850
 39.623230
 51.623640
 30.413810
 26.172500
  1.000000
 18.867960
 12.206560
 60.207970
 39.560080
 16.401220
 27.784890
 38.948680
 18.973670
 24.020820
 51.195700
 44.407210
 34.525350
 24.020820
 21.095020
 20.223750
 35.341190
 19.798990
 30.016660
 14.035670
 13.000000
 32.557640
 36.013890
 35.468300
 50.596440
 18.867960
 14.560220
 34.438350
 50.695170
 46.270940
 23.345240
 15.811390
 25.709920
 16.763050
 32.280030
 35.383610
   .000000
 29.681640
 11.401750
 25.495100
 23.194830
 46.957430
 36.769550
 41.436700
 45.617980
 45.607020
 36.400550
 52.773100
 32.557640
 51.478150
 38.832980
 24.596750
 53.009430
 30.066590
 11.661900
 30.232430
 53.712200
 59.481090
  7.211102
 21.023800
 23.021730
 32.572990
 26.019220
 16.155490
 57.140180
  6.082763
  6.708204
 23.345240
 19.416490
 40.521600
 16.970560
 29.000000
 33.376640
  1.414214
 34.669870
 19.416490
 25.238860
 17.804490
 37.576590
 37.483330
 47.927030
 44.407210
 51.546100
 23.600850
 10.816650
 21.840330
 12.529960
 26.305890
 34.014700
 28.844410
 48.754490
 49.819680
  9.848858
 10.816650
 21.954500
 34.669870
 29.274560
 16.643320
 24.020820
 21.587030
 38.209950
 44.181440
 36.345560
 53.009430
 39.812060
 48.600410
 55.946400
 55.605750
 16.492420
 32.893770
 24.331050
  9.848858
 10.816650
 12.649110
 18.384780
 25.079870
 37.202150
 46.690470
 48.826220
 42.720020
 60.033330
 32.893770
 43.965900
 28.460500
 15.033300
 24.698180
 27.892650
 17.464250
  5.656854
 10.000000
 17.000000
 26.172500
 25.298220
 43.680660
 53.758720
 64.513570
 66.309880
 58.463670
 32.893770
 30.479500
 31.016120
 40.012500
 56.080300
 11.000000
  8.062258
 10.440310
 13.928390
 29.068880
 31.906110
 43.829210
 38.275320
 29.000000
 42.485290
 37.443290
 30.413810
 29.154760
 20.880610
 32.062440
  8.246211
 37.363080
 21.470910
 51.244510
 21.213200
 15.231550
 19.697720
 14.866070
 13.601470
 17.804490
 12.083050
 17.720050
 18.867960
 18.110770
 18.027760
 35.510560
 21.931710
 31.257000
  9.219544
 21.213200
 20.248460
  9.219544
  5.000000
 31.622780
 27.730850
 24.186770
 19.723080
 11.661900
 18.867960
 19.723080
 31.400640
 19.235380
 45.541190
 12.206560
 30.413810
 29.120440
 38.209950
 43.011630
 45.044420
 41.880780
 12.083050
  7.615773
 30.232430
 15.000000
 17.492860
 40.816660
 32.310990
 28.635640
  2.236068
  9.486833
 31.064450
 27.202940
 25.495100
 29.068880
 23.769730
 46.647610
 45.803930
 42.190040
 31.780500
 11.180340
  1.414214
 26.076810
 20.396080
 40.112340
 18.601080
  8.544003
 23.000000
 35.341190
 16.278820
 31.575310
 41.340050
 29.698480
  8.000000
 20.024980
 10.000000
 22.847320
 49.648770
 40.012500
 29.681640
   .000000
 30.805840
 35.902650
 48.010410
 17.720050
 10.049880
 18.867960
 39.395430
 45.354160
 45.099890
 36.796740
 23.086790
 27.513630
  9.219544
 15.231550
 31.764760
 14.866070
 31.575310
 12.041590
 24.166090
 30.083220
 27.586230
  9.219544
 26.925820
 58.600340
 48.373550
 43.840620
 52.325900
 34.058770
 33.615470
 20.099750
 28.460500
 30.413810
 13.601470
  5.656854
 13.601470
 29.410880
  5.000000
 21.213200
 38.600520
 29.154760
 33.241540
 42.047590
 19.235380
 29.068880
 40.000000
  6.324555
 27.202940
 48.270070
 42.190040
 46.957430
 48.270070
 32.015620
 41.593270
 25.000000
 22.135940
 31.780500
 36.124780
 14.317820
 24.698180
 13.038400
 17.029390
 11.704700
 12.041590
 22.472200
 23.706540
 32.756680
 11.045360
 19.104970
 26.400760
 53.488320
 38.275320
 59.203040
 30.083220
 20.000000
 35.440090
 40.311290
 47.801670
 49.091750
 46.097720
 50.487620
 46.486560
 40.521600
 53.338540
  7.810250
 17.262680
 25.079870
 18.027760
 13.000000
 21.095020
 29.017240
 35.227830
 21.931710
 35.355340
 35.693140
 43.462630
 32.756680
 37.536650
 51.623640
 37.363080
 32.140320
 39.000000
  4.472136
 16.155490
 21.213200
 27.459060
 25.495100
 25.298220
 28.635640
 30.149630
  3.162278
  2.236068
 14.212670
  8.602325
  5.656854
 13.341660
 37.483330
 38.209950
 42.201900
 40.706260
 53.225930
 33.241540
 28.231190
 26.683330
 33.421550
 43.046490
 35.510560
 38.013160
 29.529650
 31.906110
 33.105890
 33.600590
 38.587560
 35.341190
 41.048750
 14.422200
  5.099020
  9.486833
 22.803510
 21.633310
 28.160260
 12.529960
 35.468300
 35.608990
 36.013890
 44.922150
 50.477720
 29.120440
 37.000000
 48.795490
 35.014280
 14.317820
 21.840330
 37.589890
 43.011630
 40.024990
 19.723080
 10.049880
 16.763050
 28.284270
 42.201900
 26.925820
 30.083220
 10.630150
 25.179360
 16.278820
 53.150730
 30.413810
  6.082763
 28.600700
 38.897300
 29.966650
 33.955850
 47.423620
 37.121420
 27.166150
 16.155490
 15.000000
 11.704700
 25.709920
 24.041630
 30.610460
 24.351590
 21.095020
 21.213200
 30.675720
 34.058770
 48.020830
  7.615773
 14.764820
 24.738630
 41.231060
 39.204590
 26.925820
 24.083190
 23.430750
  9.848858
 22.090720
 24.207440
 11.401750
 30.805840
   .000000
 14.142140
 17.204650
 46.097720
 39.824620
 37.161810
 35.735140
 34.669870
 25.000000
 45.000000
 25.179360
 46.818800
 39.824620
 31.257000
 47.074410
 25.495100
 23.021730
 35.440090
 53.150730
 58.412330
  5.099020
 21.633310
 32.984840
 27.802880
 18.027760
 14.317820
 46.529560
  8.544003
 17.691810
 16.763050
  9.219544
 32.062440
 21.587030
 32.202480
 29.529650
 10.000000
 35.608990
 28.160260
 13.892440
  7.280110
 27.892650
 26.248810
 46.400430
 37.121420
 42.579340
 25.942240
  3.605551
 17.691810
 18.248290
 17.262680
 23.086790
 18.384780
 38.897300
 45.694640
 18.248290
 22.203600
 33.286630
 39.849720
 38.118240
 19.313210
 18.788290
 19.798990
 41.593270
 39.217340
 29.274560
 46.690470
 38.948680
 49.678970
 55.317270
 44.654230
  7.615773
 28.425340
 34.785050
 13.152950
 21.931710
 11.401750
 20.396080
 18.357560
 25.806980
 35.355340
 38.078870
 32.202480
 49.658840
 31.241000
 41.340050
 20.000000
 12.806250
 30.594120
 36.000000
 28.231190
 12.083050
  9.486833
  6.082763
 14.866070
 15.033300
 35.128340
 46.000000
 55.317270
 64.350600
 54.626000
 43.863430
 33.120990
 26.000000
 34.481880
 54.083270
 21.189620
 18.027760
 21.470910
 25.059930
 29.068880
 32.802440
 44.687810
 39.051250
 32.202480
 41.773200
 26.832820
 19.104970
 17.888540
 11.045360
 23.537200
  5.099020
 29.017240
 12.041590
 44.181440
 12.649110
  5.099020
  9.055386
  4.123106
  2.236068
  6.403124
  2.828427
  8.246211
  7.615773
 10.295630
 18.110770
 12.083050
 20.248460
 12.649110
 28.071340
 40.162170
 16.031220
 37.121420
 39.849720
 27.513630
 40.224370
 49.678970
 25.455840
 45.044420
 51.000000
 45.891170
  5.000000
 19.416490
 24.351590
 47.434170
 52.554730
 33.600590
 21.931710
  7.810250
 14.142140
 31.000000
 27.294690
 38.013160
 24.758840
 35.693140
 26.925820
 45.221680
 20.615530
  9.848858
 33.734260
 41.629320
 43.566040
 46.615450
 44.598210
 29.966650
 21.400930
 16.763050
 19.104970
 14.035670
 15.524170
 33.136080
 35.171010
 37.589890
 33.241540
  7.071068
 27.586230
 35.777090
 46.754680
  7.615773
 23.194830
 14.560220
 30.000000
 32.202480
 35.000000
 36.055510
 26.248810
 14.035670
 14.422200
 10.295630
 25.495100
 35.902650
 14.142140
   .000000
 20.396080
 47.169910
 45.891170
 34.655450
 24.020820
 21.023800
 11.180340
 36.400550
 19.849430
 42.801870
 43.657760
 41.436700
 41.182520
 24.698180
 37.013510
 44.000000
 54.083270
 58.412330
 18.601080
 28.071340
 45.694640
 29.546570
 17.464250
 23.345240
 33.241540
 22.203600
 31.827660
 16.155490
  8.062258
 23.409400
 31.400640
 39.204590
 28.844410
 24.083190
 39.849720
 40.162170
  3.605551
  8.544003
 17.262680
 12.206560
 46.615450
 29.966650
 32.140320
 33.060550
 15.264340
 23.086790
 30.870700
 14.764820
 12.369320
  7.615773
 27.073970
 42.520580
 30.870700
 36.235340
 47.201690
 48.041650
 49.729270
 28.160260
 19.313210
 24.331050
 47.853940
 35.468300
 23.600850
 40.249220
 40.706260
 52.801510
 56.035700
 30.886890
 13.341660
 30.463090
 47.853940
 24.351590
 36.069380
 22.135940
 30.594120
 19.924860
 12.083050
 21.213200
 24.698180
 19.416490
 36.687870
 33.105890
 40.607880
 14.142140
 20.099750
 40.199500
 47.074410
 41.677330
 25.806980
 20.248460
  9.848858
  1.000000
 10.295630
 25.961510
 37.363080
 44.045430
 62.936480
 51.224990
 57.306190
 39.458840
 24.413110
 30.479500
 53.150730
 34.481880
 31.384710
 35.227830
 38.832980
 33.241540
 37.363080
 47.927030
 42.720020
 39.204590
 43.416590
 14.142140
  5.000000
  6.324555
 11.045360
 19.849430
 18.601080
 21.023800
  9.219544
 36.769550
 14.142140
 12.083050
  9.055386
 10.816650
 12.041590
  7.810250
 14.422200
 12.165530
  7.615773
 15.033300
 31.112700
 12.727920
 26.419690
 32.984840
 38.832980
 42.579340
 29.000000
 52.325900
 52.801510
 47.801670
 59.481090
 66.843100
 43.909000
 53.712200
 65.855900
 50.219520
 24.351590
 36.891740
 43.185650
 60.216280
 53.009430
 31.000000
 13.000000
 15.132750
 30.594120
 51.156620
 43.278170
 46.957430
 22.203600
 41.109610
 32.695560
 65.520990
 41.000000
 20.615530
 45.803930
 55.973210
 41.109610
 47.042530
 62.968250
 49.980000
 40.718550
  4.123106
  2.236068
  6.708204
 35.902650
 40.718550
 47.801670
 37.054020
 35.902650
 25.019990
 45.793010
 50.911690
 64.202800
 14.764820
 31.906110
 34.928500
 50.159740
 52.201530
 43.829210
 38.832980
 40.311290
 26.172500
 14.422200
 29.017240
 23.194830
 48.010410
 17.204650
 20.396080
   .000000
 62.936480
 56.938560
 52.697250
 44.102150
 39.319210
 25.709920
 56.753850
 38.910150
 61.773780
 57.008770
 47.127490
 60.926190
 41.400480
 33.136080
 52.000000
 70.007140
 75.073300
 21.023800
 38.832980
 46.043460
 10.630150
  5.000000
  8.544003
 51.623640
 17.117240
 26.172500
 32.202480
 22.472200
 43.680660
 38.078870
 49.244290
 45.607020
 22.360680
 52.801510
 42.579340
 17.117240
 20.808650
 37.656340
 30.149630
 63.031740
 49.980000
 52.469040
 43.046490
 20.808650
  3.605551
 18.788290
  7.615773
 18.788290
 27.892650
 47.042530
 61.057350
 32.756680
 32.140320
 42.755120
 56.462380
 52.469040
 36.235340
 34.828150
 36.878180
 58.668560
 54.203320
 42.953460
 60.166440
 55.865910
 66.843100
 72.138760
 48.270070
  9.899495
 11.313710
 47.010640
 29.546570
 29.614190
 11.045360
 14.142140
  2.236068
 25.961510
 36.687870
 43.289720
 39.000000
 55.443660
 48.083260
 57.628120
 33.105890
 30.000000
 46.818800
 50.990200
 40.012500
 19.026300
 26.419690
 13.601470
 21.377560
 11.045360
 46.324940
 57.723480
 64.031240
 80.603970
 69.971420
 54.589370
 50.249380
 41.617310
 49.244290
 70.434360
 34.132100
 31.257000
 33.000000
 36.055510
 46.227700
 50.000000
 61.846580
 56.222770
 49.244290
 58.694120
 34.058770
 24.020820
 18.110770
  9.486833
 10.295630
 15.811390
 41.109610
 25.553870
 56.921000
  6.324555
 12.727920
 12.083050
 19.104970
 16.278820
 16.643320
 14.422200
 10.000000
 14.764820
  7.071068
 31.827660
 50.209560
 38.275320
 38.275320
 25.942240
 38.052600
 33.941120
 10.630150
 13.152950
 31.016120
 18.788290
  7.280110
 23.086790
 23.537200
  5.099020
 34.365680
 42.190040
 27.784890
 48.041650
 11.180340
 44.911020
 46.840150
 54.644310
 54.918120
 52.201530
 40.447500
 20.000000
 24.083190
 47.413080
 32.388270
 34.928500
 31.622780
 35.355340
 42.449970
 19.313210
  8.246211
 48.093660
 43.104520
 12.806250
 27.073970
 28.160260
 60.876930
 60.827630
 56.586220
 37.363080
 28.861740
 17.088010
 43.566040
 38.078870
 49.244290
 20.880610
 12.041590
  7.810250
 48.918300
 32.756680
 37.643060
 40.311290
 26.305890
 25.495100
 37.483330
 22.671570
 36.769550
 61.587340
 47.759820
 46.957430
 17.720050
 46.097720
 47.169910
 62.936480
   .000000
 16.763050
 15.033300
 41.012190
 49.365980
 53.851650
 31.622780
 28.792360
 16.643320
 10.049880
 31.016120
 22.825420
 22.472200
 49.244290
 25.317980
  7.071068
 12.529960
 43.829210
 25.942240
 43.046490
 73.539110
 62.369870
 60.000000
 52.345010
 50.774010
 51.264020
 31.400640
 41.231060
 32.140320
 31.320920
 21.023800
 18.357560
 46.529560
 13.152950
 38.052600
 50.477720
 42.520580
 37.854990
 49.335590
  2.828427
 27.073970
 37.656340
 24.041630
 42.638010
 63.780880
 59.481090
 60.440050
 59.059290
 41.146080
 42.047590
 13.892440
 39.849720
 49.477270
 53.037720
 24.351590
 38.832980
 30.463090
 28.425340
 26.400760
 17.464250
 17.117240
 26.683330
 24.596750
  7.211102
  8.544003
  9.219544
 55.036350
 53.037720
 74.249580
 46.097720
 37.121420
 53.160140
 56.612720
 64.660650
 63.655320
 54.781380
 55.901700
 49.040800
 44.407210
 51.971150
 14.866070
  8.000000
 33.541020
 33.600590
 29.000000
 35.510560
 46.173580
 52.354560
 38.275320
 49.517670
 46.647610
 56.400360
 33.000000
 31.953090
 46.097720
 19.646880
 17.000000
 53.935150
 19.026300
 22.825420
 20.099750
 10.000000
 43.174060
 43.011630
 46.324940
 47.675990
 17.888540
 15.524170
  7.211102
 10.000000
 21.023800
  4.472136
 43.416590
 47.853940
 53.338540
 54.561890
 66.400300
 49.406480
 31.575310
 38.600520
 27.513630
 57.314920
 50.209560
 51.739730
 43.840620
 46.690470
 46.754680
 48.918300
 53.037720
 48.918300
 55.865910
 27.892650
 44.721360
 30.528680
 41.109610
 18.384780
 23.086790
 30.083220
 14.422200
  7.615773
 39.812060
 32.557640
 24.041630
 28.460500
  7.000000
 15.000000
 18.000000
 41.436700
 29.068880
 54.817880
  6.000000
 28.284270
 34.132100
 46.227700
 52.886670
 55.009090
 50.089920
 21.377560
 10.630150
 37.483330
 18.867960
 24.839490
 46.010870
 41.484940
 38.275320
 12.165530
 10.630150
 32.984840
 27.073970
 28.301940
 36.715120
 32.984840
 55.901700
 54.708320
 51.429560
 41.436700
 16.970560
 11.000000
 29.546570
 25.238860
 50.159740
 26.925820
 14.764820
 24.166090
 44.944410
 25.059930
 41.303750
 49.658840
 36.891740
 13.453620
 23.706540
 20.024980
 32.572990
 59.481090
 50.000000
 36.769550
 10.049880
 39.824620
 45.891170
 56.938560
 16.763050
   .000000
 25.000000
 48.383880
 54.918120
 55.145260
 43.600460
 32.557640
 31.400640
  7.211102
 15.524170
 36.796740
 24.331050
 35.777090
  9.055386
 21.000000
 27.018510
 36.055510
 18.384780
 27.166150
 67.416620
 57.697490
 52.009610
 61.098280
 41.868840
 39.408120
 30.149630
 38.327540
 39.217340
 19.798990
  7.810250
 22.135940
 36.796740
  7.615773
 23.086790
 48.507730
 38.897300
 42.755120
 52.009610
 19.313210
 36.715120
 47.885280
 13.892440
 36.235340
 56.859470
 48.918300
 56.462380
 58.249460
 42.047590
 50.328920
 28.600700
 27.802880
 36.235340
 37.656340
  7.615773
 22.203600
 20.808650
 27.073970
 21.587030
  2.000000
 28.425340
 32.572990
 38.183770
 13.453620
 13.341660
 23.021730
 62.641840
 47.413080
 67.955870
 30.066590
 27.802880
 40.311290
 48.414880
 55.154330
 58.180750
 56.142670
 60.299260
 55.785300
 50.010000
 61.741400
 15.811390
 20.615530
 35.014280
 27.313000
 13.928390
 19.026300
 31.320920
 42.426410
 30.528680
 44.777230
 45.705580
 53.141320
 41.231060
 44.204070
 58.600340
 35.000000
 33.615470
 37.336310
  6.708204
 25.495100
 28.653100
 26.476400
 30.016660
 30.805840
 33.120990
 33.615470
 13.000000
  9.055386
 10.049880
  7.810250
  7.810250
 13.892440
 47.265210
 48.259710
 52.172790
 50.159740
 62.769420
 41.617310
 37.363080
 36.674240
 39.824620
 52.325900
 44.721360
 47.539460
 39.000000
 41.146080
 42.720020
 42.544090
 47.853940
 44.944410
 50.119860
 23.086790
 40.311290
 31.575310
 24.186770
 22.203600
 39.217340
 24.698180
 10.630150
 17.691810
 16.124520
  9.219544
 15.264340
  9.219544
 29.732140
 20.000000
 38.587560
 29.698480
 15.811390
 33.015150
 21.931710
 49.244290
 44.045430
 46.818800
 42.449970
 37.696160
 25.961510
 11.045360
 26.419690
 41.593270
 32.572990
 31.016120
 21.954500
 20.396080
 32.249030
 18.788290
 14.764820
 48.507730
 45.694640
 10.295630
 12.369320
 13.892440
 50.000000
 50.774010
 46.043460
 22.847320
 28.160260
 17.492860
 42.755120
 36.496570
 35.510560
  7.071068
 10.630150
 12.206560
 38.013160
 27.073970
 23.259410
 25.709920
 12.083050
 26.000000
 37.107950
 16.000000
 27.313000
 48.918300
 33.541020
 41.436700
 18.867960
 37.161810
 34.655450
 52.697250
 15.033300
 25.000000
   .000000
 26.000000
 34.365680
 39.824620
 18.601080
 15.000000
 10.049880
 18.357560
 34.000000
 13.000000
 11.704700
 47.169910
 30.610460
 20.880610
 24.186770
 36.400550
 22.203600
 45.310040
 63.007930
 51.224990
 51.478150
 37.656340
 43.680660
 47.095650
 20.591260
 30.232430
 17.117240
 29.614190
 24.413110
  8.062258
 40.607880
 17.691810
 39.217340
 38.183770
 31.906110
 23.086790
 34.928500
 13.341660
 12.369320
 23.409400
 23.409400
 34.176010
 54.203320
 53.366660
 48.918300
 45.803930
 27.802880
 27.166150
  8.544003
 37.121420
 47.095650
 53.600370
 31.827660
 43.566040
 27.166150
 18.384780
 20.024980
 26.627050
  3.605551
 12.083050
 13.892440
 12.083050
 23.086790
 22.472200
 40.112340
 43.046490
 63.820060
 48.466480
 32.062440
 50.000000
 48.466480
 57.245090
 53.009430
 40.706260
 41.000000
 34.014700
 29.427880
 37.643060
 11.180340
  7.071068
 20.518280
 26.476400
 31.764760
 39.962480
 46.324940
 46.097720
 31.575310
 39.115220
 33.970580
 44.598210
 18.027760
 19.209370
 33.600590
 28.284270
 17.464250
 57.697490
 22.803510
 11.180340
  5.099020
 18.601080
 41.303750
 40.049970
 44.181440
 46.529560
 16.552950
 17.804490
 19.646880
 17.492860
 24.413110
 13.341660
 28.792360
 34.409300
 40.459860
 43.600460
 54.451810
 41.436700
 16.763050
 27.202940
 14.866070
 46.615450
 40.311290
 40.804410
 34.000000
 37.121420
 36.055510
 39.812060
 42.720020
 38.013160
 45.793010
 29.068880
 35.510560
 36.891740
 13.000000
 36.400550
 53.758720
 28.600700
 34.713110
 40.804410
 10.198040
 25.632010
 39.812060
 19.924860
 50.990200
 46.000000
 56.612720
 21.587030
 21.400930
  7.071068
 46.872170
 65.946950
 52.153620
 45.122060
 29.427880
 16.643320
  7.071068
 27.313000
 45.276920
 45.188500
 47.507890
 41.109610
 24.207440
  7.211102
 29.732140
 38.013160
 39.623230
 60.440050
 60.827630
 32.280030
 14.317820
 15.652480
 40.199500
 43.011630
 38.000000
 10.295630
 43.416590
 38.078870
 54.037030
 48.166380
 19.416490
 21.587030
 33.955850
 36.674240
 31.257000
 36.124780
 11.180340
  6.082763
 15.811390
 43.266620
 50.209560
 30.528680
 29.154760
 33.837850
 15.524170
 45.617980
 39.395430
 35.735140
 24.020820
 44.102150
 41.012190
 48.383880
 26.000000
   .000000
  9.433981
 21.023800
 15.556350
 16.643320
 28.792360
 42.953460
 51.613950
 24.186770
 24.596750
 55.758410
 51.000000
 46.389650
 48.507730
 38.483760
 36.400550
 60.108230
 52.172790
 40.447500
 47.265210
 13.038400
 44.271890
 52.325900
 24.083190
 26.570660
  9.219544
 43.185650
 44.721360
 26.248810
 44.283180
 40.804410
 53.758720
 27.018510
 28.460500
  8.062258
 15.231550
 39.115220
 14.317820
  8.944272
 40.496910
 34.928500
 47.010640
 53.851650
 37.483330
 29.154760
 17.464250
  3.162278
 30.083220
 47.010640
 55.226810
 65.000000
 53.712200
 61.400330
 39.623230
 25.495100
 32.015620
 50.289170
 24.186770
 15.811390
 22.472200
 37.336310
 49.040800
 47.675990
 14.317820
 37.215590
 53.150730
 62.936480
 40.000000
 56.356010
 45.705580
 54.451810
 43.289720
 21.470910
 16.643320
  8.062258
  5.830952
 14.866070
 32.572990
 33.015150
 17.804490
 33.421550
 49.648770
 58.008620
 58.258050
 47.759820
 36.891740
 33.376640
 23.021730
 33.241540
  8.062258
 16.278820
 20.024980
 50.159740
 36.674240
 72.835430
 43.863430
 23.259410
 21.023800
 42.449970
 51.400390
 48.826220
 53.254110
 56.612720
 36.249140
 39.560080
 45.276920
 41.976180
 44.721360
 39.115220
 10.049880
 20.099750
 26.476400
 35.000000
 40.804410
 40.804410
 11.180340
 24.166090
 18.027760
 38.013160
 35.510560
 33.060550
 31.622780
 34.205260
 30.594120
 37.107950
 36.124780
 31.257000
 39.051250
 31.906110
 33.105890
 38.209950
 14.764820
 40.718550
 56.859470
 30.805840
 42.047590
 47.518420
 19.313210
 34.928500
 48.764740
 27.018510
 56.612720
 54.230990
 60.827630
 20.615530
 26.248810
  4.123106
 54.147950
 69.339740
 53.075420
 42.953460
 24.186770
  9.055386
 15.000000
 33.541020
 50.328920
 45.000000
 51.107730
 43.600460
 33.241540
 14.035670
 29.206160
 43.680660
 47.042530
 62.289650
 63.820060
 41.436700
 23.409400
 22.090720
 35.227830
 38.639360
 33.955850
 13.601470
 47.413080
 44.147480
 55.973210
 50.606320
 14.560220
 29.000000
 41.109610
 45.607020
 28.635640
 38.832980
 13.928390
 14.212670
 25.079870
 47.927030
 53.009430
 35.735140
 30.479500
 27.166150
 10.770330
 45.607020
 45.354160
 34.669870
 21.023800
 39.319210
 49.365980
 54.918120
 34.365680
  9.433981
   .000000
 14.035670
 24.839490
 22.360680
 38.078870
 50.159740
 55.901700
 33.615470
 30.594120
 56.639210
 56.302750
 55.108980
 57.567350
 38.418750
 40.718550
 63.007930
 46.097720
 35.057090
 43.965900
 12.369320
 43.046490
 52.201530
 27.294690
 26.248810
 17.262680
 46.647610
 50.289170
 33.136080
 44.204070
 47.518420
 56.859470
 23.086790
 27.802880
 12.165530
  9.219544
 47.675990
 23.409400
 17.691810
 45.310040
 34.828150
 42.579340
 51.894120
 32.062440
 22.203600
 16.970560
 10.630150
 39.217340
 48.918300
 55.973210
 66.468040
 59.481090
 65.368190
 43.046490
 29.546570
 36.249140
 56.885850
 32.984840
 23.000000
 31.906110
 45.000000
 57.078890
 56.515480
 10.000000
 34.176010
 47.095650
 65.604880
 41.868840
 56.400360
 43.081320
 51.244510
 38.118240
 14.142140
  7.211102
  4.000000
  5.000000
 16.124520
 39.319210
 41.436700
 21.023800
 35.805030
 54.129470
 62.177170
 60.207970
 46.647610
 38.209950
 30.870700
 20.124610
 28.284270
 17.088010
 25.495100
 25.961510
 59.506300
 46.065170
 75.432090
 49.729270
 29.427880
 29.274560
 51.546100
 53.075420
 50.209560
 54.451810
 57.982760
 42.201900
 45.891170
 53.000000
 49.162990
 50.289170
 47.042530
  8.602325
 16.155490
 21.213200
 31.048350
 34.234490
 39.446170
 18.000000
 24.758840
 27.459060
 33.734260
 33.105890
 29.732140
 30.805840
 32.756680
 28.653100
 35.355340
 32.893770
 28.635640
 35.440090
 28.160260
 21.931710
 31.384710
 15.652480
 38.118240
 51.264020
 26.305890
 44.643030
 48.507730
 28.319600
 43.278170
 55.072680
 30.870700
 55.081760
 58.189350
 56.753850
 14.142140
 26.683330
 18.110770
 55.901700
 63.694580
 44.654230
 31.400640
 10.770330
  5.000000
 27.856780
 34.928500
 48.166380
 35.608990
 46.572530
 37.947330
 44.944410
 21.213200
 21.023800
 43.046490
 49.477270
 54.708320
 57.775430
 48.826220
 31.827660
 25.942240
 21.587030
 25.298220
 21.023800
 17.204650
 43.737850
 44.181440
 48.764740
 44.384680
  5.000000
 33.105890
 43.416590
 51.971150
 17.691810
 33.955850
 16.643320
 26.925820
 33.941120
 45.276920
 47.169910
 35.128340
 24.738630
 13.152950
  6.403124
 36.400550
 45.099890
 25.000000
 11.180340
 25.709920
 53.851650
 55.145260
 39.824620
 21.023800
 14.035670
   .000000
 36.055510
 25.079870
 46.227700
 51.971150
 52.172790
 43.139310
 32.015620
 48.010410
 54.230990
 60.415230
 64.007810
 29.681640
 38.118240
 56.859470
 32.062440
 21.213200
 31.304950
 26.076810
 32.526910
 42.520580
 25.019990
 18.973670
 24.758840
 42.201900
 49.010200
 35.735140
 35.000000
 48.507730
 51.264020
 11.313710
 19.697720
 17.691810
  5.830952
 52.801510
 31.827660
 29.966650
 43.104520
 26.419690
 29.120440
 40.224370
 18.248290
  8.246211
 13.152950
 23.409400
 46.615450
 42.047590
 47.201690
 58.249460
 58.077530
 60.728900
 38.832980
 28.071340
 34.014700
 57.140180
 39.661060
 27.784890
 41.773200
 48.083260
 60.440050
 62.169120
 22.561030
 22.203600
 33.060550
 59.033890
 35.468300
 46.754680
 31.064450
 38.483760
 24.331050
  1.000000
 11.180340
 18.027760
 15.231550
 30.016660
 41.000000
 46.518810
 20.615530
 30.805840
 50.803540
 57.974130
 52.839380
 36.069380
 31.384710
 19.798990
 10.770330
 14.866070
 26.248810
 36.891740
 39.812060
 67.424030
 54.671750
 68.476270
 49.010200
 31.320920
 34.985710
 58.309520
 45.650850
 42.544090
 46.324940
 49.929950
 42.190040
 46.270940
 55.785300
 50.990200
 49.010200
 50.596440
 12.041590
  7.071068
  8.062258
 18.357560
 20.223750
 29.000000
 23.600850
 19.235380
 37.643060
 20.615530
 21.931710
 17.804490
 21.954500
 22.803510
 18.601080
 24.758840
 20.808650
 17.691810
 22.825420
 33.955850
 46.270940
 42.953460
 23.769730
 37.589890
 55.569770
 34.525350
 29.206160
 36.235340
  9.055386
 13.152950
 28.160260
 18.788290
 48.104050
 36.687870
 56.222770
 32.557640
 24.738630
 21.633310
 40.311290
 66.610810
 57.567350
 55.009090
 43.081320
 32.015620
 10.770330
 26.076810
 44.045430
 52.611790
 48.877400
 44.944410
  8.944272
 15.811390
 39.012820
 36.235340
 33.286630
 63.976560
 62.433960
 20.099750
  8.544003
 18.248290
 53.160140
 55.317270
 50.219520
 20.880610
 44.418460
 35.383610
 57.775430
 51.478150
 33.541020
 18.867960
 29.068880
 25.317980
 42.579340
 40.162170
 21.840330
 11.180340
  7.211102
 43.011630
 52.773100
 30.886890
 36.221540
 48.301140
 30.016660
 52.773100
 36.796740
 45.000000
 36.400550
 56.753850
 31.622780
 43.600460
 18.601080
 15.556350
 24.839490
 36.055510
   .000000
 20.223750
 16.031220
 36.891740
 51.400390
 10.049880
 24.596750
 61.032780
 48.795490
 35.355340
 36.013890
 46.270940
 37.589890
 61.911230
 65.787540
 53.758720
 58.309520
 22.360680
 53.084840
 59.228370
 29.427880
 36.055510
 13.152950
 45.177430
 42.449970
 23.600850
 51.623640
 36.235340
 55.569770
 39.849720
 38.052600
 19.313210
 30.232430
 29.120440
  8.544003
  7.615773
 40.224370
 43.104520
 59.228370
 63.071390
 50.921510
 43.909000
 28.861740
 14.422200
 18.248290
 51.264020
 60.728900
 68.942000
 50.328920
 61.220910
 42.047590
 29.120440
 34.014700
 45.221680
 15.264340
 16.492420
  8.062258
 30.528680
 40.162170
 36.124780
 26.248810
 48.507730
 66.730800
 65.000000
 44.922150
 62.817200
 56.080300
 65.122960
 56.320510
 36.619670
 32.015620
 22.472200
 21.260290
 21.000000
 29.000000
 24.166090
 25.000000
 38.327540
 49.203660
 57.628120
 61.741400
 56.222770
 42.953460
 44.407210
 35.440090
 46.486560
 10.440310
  1.000000
 15.000000
 36.138620
 22.561030
 74.625730
 41.012190
 23.259410
 15.620500
 30.000000
 55.713550
 53.758720
 58.189350
 61.098280
 34.058770
 36.069380
 37.576590
 36.055510
 42.449970
 31.304950
 24.186770
 33.615470
 40.311290
 47.296940
 55.036350
 50.010000
 16.031220
 33.015150
  4.123106
 50.447990
 46.270940
 44.911020
 41.012190
 44.045430
 41.303750
 47.042530
 47.675990
 42.579340
 50.803540
 13.928390
 27.202940
 22.803510
  9.486833
 19.849430
 37.536650
 14.317820
 20.099750
 25.179360
 11.704700
 20.591260
 30.232430
  5.830952
 34.539830
 33.241540
 40.000000
 15.000000
  5.000000
 22.472200
 32.000000
 49.517670
 37.696160
 35.227830
 27.586230
 23.537200
 20.615530
 11.180340
 28.653100
 32.388270
 31.112700
 25.553870
 28.017850
  9.433981
 19.416490
 21.540660
 25.079870
 44.944410
 44.598210
 24.758840
 12.000000
  2.000000
 35.846900
 37.161810
 32.202480
  9.000000
 26.907250
 21.840330
 38.587560
 32.449960
 20.591260
  8.062258
 19.026300
 27.202940
 24.166090
 20.591260
  9.055386
 19.849430
 14.035670
 26.627050
 34.205260
 13.892440
 16.031220
 33.970580
 18.973670
 32.557640
 23.086790
 25.179360
 19.849430
 38.910150
 28.792360
 32.557640
 15.000000
 16.643320
 22.360680
 25.079870
 20.223750
   .000000
 23.021730
 28.000000
 35.000000
 22.135940
  8.246211
 41.231060
 34.438350
 35.341190
 39.115220
 26.076810
 19.849430
 43.931770
 48.877400
 36.891740
 39.051250
 29.681640
 33.000000
 39.051250
  9.219544
 16.763050
  8.602325
 26.907250
 28.231190
 11.045360
 31.400640
 25.179360
 37.536650
 23.430750
 18.681540
 10.198040
 20.615530
 27.730850
 12.000000
 19.723080
 23.853720
 23.000000
 40.853400
 43.000000
 34.409300
 30.805840
 12.806250
 19.209370
 22.671570
 31.764760
 40.853400
 49.739320
 37.336310
 44.821870
 23.430750
  9.433981
 15.556350
 34.525350
 15.620500
  4.123106
 21.587030
 23.345240
 35.693140
 37.121420
 30.463090
 29.732140
 49.739320
 46.861500
 25.079870
 42.720020
 36.496570
 45.541190
 38.948680
 26.000000
 28.000000
 23.409400
 17.464250
 31.241000
 17.029390
 21.470910
  5.830952
 18.384780
 33.015150
 41.400480
 42.720020
 36.055510
 22.803510
 25.632010
 19.104970
 30.000000
 11.661900
 21.213200
 32.649650
 43.185650
 31.400640
 56.727420
 27.513630
  7.071068
 10.630150
 33.600590
 36.235340
 34.014700
 38.483760
 41.593270
 19.924860
 23.537200
 31.257000
 27.000000
 28.231190
 25.709920
 15.033300
 19.416490
 25.495100
 29.529650
 39.698870
 30.066590
  5.656854
 13.601470
 19.026300
 32.649650
 27.202940
 26.832820
 21.377560
 24.515300
 22.472200
 27.459060
 29.154760
 24.166090
 32.310990
 32.984840
 49.658840
 41.593270
 31.112700
 32.062440
 48.507730
 34.481880
 18.384780
 25.059930
 18.788290
  3.162278
 12.165530
 17.888540
 37.215590
 21.470910
 47.010640
 38.013160
 25.079870
 35.735140
 26.870060
 57.775430
 54.009260
 56.612720
 50.447990
 43.266620
 26.172500
 21.095020
 35.114100
 51.623640
 41.976180
 41.000000
 15.000000
 25.238860
 41.629320
 27.892650
 20.808650
 58.051700
 54.708320
  4.123106
 14.764820
 21.400930
 58.830270
 59.941640
 55.072680
 29.068880
 37.656340
 26.248810
 52.469040
 46.270940
 42.449970
 16.155490
 18.973670
  9.486833
 47.010640
 37.121420
 29.732140
 26.305890
 13.000000
 35.171010
 46.690470
 26.019220
 37.000000
 56.639210
 39.824620
 51.478150
 27.513630
 46.818800
 42.801870
 61.773780
 16.643320
 31.400640
 10.049880
 28.792360
 38.078870
 46.227700
 16.031220
 23.021730
   .000000
 24.207440
 42.720020
  6.324555
 21.587030
 57.078890
 38.470770
 19.416490
 20.099750
 46.324940
 32.062440
 54.405880
 71.867940
 59.908260
 61.098280
 38.118240
 53.600370
 57.140180
 30.083220
 39.357340
 21.633310
 39.319210
 32.695560
 18.110770
 50.635960
 25.059930
 48.507730
 46.400430
 41.146080
 28.600700
 40.804410
 13.892440
 14.764820
 23.086790
 32.756680
 43.965900
 63.505910
 63.348240
 57.428220
 53.037720
 35.468300
 28.861740
  2.828427
 47.042530
 57.035080
 63.150610
 38.832980
 51.894120
 37.054020
 28.160260
 30.066590
 32.649650
  7.615773
 19.209370
  8.246211
 18.027760
 25.059930
 20.099750
 41.593270
 52.325900
 72.718640
 57.567350
 42.107010
 60.008330
 58.189350
 67.052220
 61.911230
 47.010640
 45.188500
 36.687870
 33.541020
 37.013510
 20.396080
 10.816650
 28.844410
 36.496570
 40.496910
 48.332180
 55.901700
 56.089210
 41.593270
 48.301140
 42.011900
 53.009430
 21.023800
 16.124520
 29.732140
 21.470910
  8.485281
 66.483080
 30.870700
 20.880610
 12.529960
 14.035670
 51.156620
 50.010000
 54.083270
 56.320510
 25.709920
 26.000000
 23.430750
 23.600850
 32.695560
 17.691810
 34.409300
 41.725290
 48.166380
 52.478570
 62.625870
 51.244510
 22.671570
 36.235340
 12.000000
 55.569770
 49.658840
 49.739320
 43.462630
 46.615450
 45.177430
 49.396350
 51.884490
 47.010640
 55.009090
 26.419690
 44.407210
 31.112700
 37.121420
 18.384780
 28.160260
 28.653100
  8.246211
  4.242640
 33.837850
 25.455840
 17.262680
 23.194830
 13.601470
  9.848858
 24.331050
 38.897300
 25.317980
 49.648770
  4.000000
 34.928500
 37.696160
 47.423620
 51.078370
 51.244510
 44.011360
 17.117240
 14.317820
 39.408120
 22.803510
 26.627050
 38.897300
 36.345560
 37.215590
 11.313710
  3.605551
 38.209950
 33.060550
 21.095020
 30.463090
 28.071340
 55.470710
 54.817880
 51.039200
 37.000000
 19.697720
  9.219544
 33.955850
 28.792360
 47.074410
 21.377560
  9.055386
 17.088010
 43.909000
 25.455840
 37.013510
 43.657760
 30.413810
 16.155490
 27.892650
 17.464250
 31.384710
 57.775430
 46.389650
 38.832980
  9.219544
 39.824620
 43.657760
 57.008770
 10.049880
  7.211102
 18.357560
 42.953460
 50.159740
 51.971150
 36.891740
 28.000000
 24.207440
   .000000
 21.000000
 29.698480
 20.099750
 39.849720
 15.297060
 15.524170
 21.587030
 36.769550
 18.384780
 33.015150
 67.623960
 57.140180
 53.037720
 55.362440
 43.278170
 42.485290
 27.513630
 36.674240
 33.734260
 22.360680
 11.180340
 17.029390
 38.600520
  4.242640
 28.160260
 46.615450
 37.589890
 38.052600
 48.259710
 12.369320
 30.463090
 41.629320
 15.264340
 36.235340
 57.384670
 51.312770
 55.569770
 55.973210
 38.832980
 44.643030
 21.400930
 30.870700
 40.162170
 43.104520
 14.764820
 28.861740
 22.203600
 24.351590
 20.248460
  8.485281
 21.633310
 27.294690
 31.144820
  6.403124
  9.899495
 17.720050
 57.271290
 47.201690
 68.249540
 36.055510
 29.206160
 44.011360
 49.517670
 57.008770
 58.008620
 52.952810
 56.000000
 50.635960
 45.177430
 55.713550
 11.045360
 13.453620
 31.400640
 27.018510
 19.026300
 25.495100
 36.345560
 44.407210
 31.112700
 44.102150
 43.324360
 51.884490
 35.440090
 37.443290
 51.865210
 29.274560
 26.570660
 43.931770
  9.219544
 21.023800
 22.472200
 20.024980
 33.837850
 34.014700
 37.000000
 38.078870
 10.816650
  7.071068
  5.000000
  1.000000
 11.180340
  6.708204
 43.011630
 45.354160
 49.980000
 49.396350
 61.773780
 42.426410
 32.249030
 34.539830
 33.015150
 51.865210
 44.407210
 46.647610
 38.275320
 40.804410
 41.677330
 42.638010
 47.434170
 43.909000
 50.000000
 24.351590
 36.345560
 22.022710
 41.146080
 15.264340
  7.615773
 25.961510
 24.351590
 18.248290
 45.254830
 42.953460
 38.118240
 33.241540
  8.944272
 30.265490
  5.000000
 38.078870
 30.232430
 56.938560
 21.377560
 15.264340
 19.798990
 34.928500
 47.010640
 53.450910
 55.226810
 25.495100
  7.615773
 25.495100
  6.082763
 15.033300
 55.946400
 44.407210
 32.062440
 15.264340
 23.194830
 17.464250
 12.165530
 40.521600
 43.278170
 36.235340
 47.074410
 44.922150
 42.755120
 42.544090
  8.544003
 16.552950
 14.422200
 11.661900
 47.296940
 32.649650
 23.769730
 37.483330
 38.013160
 18.248290
 42.059480
 54.561890
 44.204070
  8.485281
  9.219544
 21.260290
 27.459060
 53.037720
 48.383880
 24.596750
 15.231550
 31.257000
 41.436700
 47.127490
 31.016120
 15.524170
 34.000000
 51.613950
 55.901700
 52.172790
 51.400390
 35.000000
 42.720020
 21.000000
   .000000
 46.957430
 27.586230
 20.808650
  6.708204
 36.221540
 42.296570
 26.476400
 15.264340
 12.041590
 57.008770
 49.030600
 40.718550
 64.637450
 30.463090
 25.495100
 28.635640
 33.376640
 43.278170
 10.049880
 10.198040
 27.802880
 25.079870
 18.248290
  7.615773
 43.104520
 33.136080
 44.418460
 50.596440
 33.136080
 43.278170
 53.740120
 11.313710
 28.071340
 46.238510
 35.608990
 48.507730
 53.084840
 40.162170
 54.203320
 40.162170
 14.764820
 21.400930
 22.203600
 10.630150
  9.899495
 13.341660
 26.419690
 19.723080
 16.155490
 37.589890
 36.796740
 47.885280
 25.495100
 28.861740
 38.327540
 65.000000
 38.639360
 57.384670
 15.132750
 18.110770
 25.612500
 37.161810
 42.438190
 48.764740
 53.150730
 59.808030
 57.801380
 51.478150
 66.219330
 22.825420
 32.280030
 34.885530
 21.377560
  2.236068
  6.403124
 15.811390
 30.016660
 22.022710
 37.121420
 41.593270
 46.097720
 46.010870
 52.201530
 65.946950
 50.159740
 46.872170
 23.769730
 12.165530
 29.000000
 35.805030
 41.012190
 15.556350
 17.204650
 18.439090
 18.357560
 17.492860
 16.763050
 25.179360
 21.023800
 10.198040
 27.166150
 47.423620
 45.122060
 47.169910
 42.296570
 54.744860
 31.320920
 40.607880
 32.984840
 48.259710
 43.737850
 36.345560
 40.112340
 32.000000
 33.136080
 36.000000
 33.541020
 39.458840
 38.013160
 41.000000
 34.058770
 49.335590
 43.011630
 28.844410
 34.928500
 52.201530
 35.227830
 23.021730
 30.000000
 14.866070
  4.242640
 18.439090
 18.110770
 42.201900
 27.730850
 51.478150
 36.674240
 25.317980
 30.870700
 32.649650
 62.177170
 56.435800
 57.070130
 48.548940
 39.698870
 20.615530
 23.345240
 39.357340
 53.037720
 45.541190
 43.416590
  9.219544
 21.931710
 41.484940
 31.780500
 26.172500
 61.400330
 58.694120
 10.440310
 11.401750
 20.248460
 57.697490
 59.236810
 54.230990
 26.400760
 41.109610
 30.413810
 55.542780
 49.244290
 39.824620
 17.000000
 23.323810
 15.811390
 46.238510
 39.115220
 27.202940
 20.880610
  9.219544
 39.000000
 50.000000
 28.442920
 37.483330
 54.405880
 36.796740
 53.009430
 31.764760
 47.074410
 41.182520
 60.926190
 22.825420
 36.796740
 13.000000
 24.186770
 33.615470
 43.139310
 10.049880
 22.135940
  6.324555
 29.698480
 46.957430
   .000000
 23.021730
 59.682500
 43.266620
 25.709920
 26.000000
 47.265210
 34.928500
 58.309520
 70.661160
 58.591810
 61.131010
 32.388270
 54.451810
 59.033890
 30.413810
 38.897300
 18.439090
 42.449970
 37.215590
 20.396080
 52.038450
 30.000000
 52.201530
 44.777230
 40.804410
 25.495100
 37.483330
 20.124610
 11.401750
 17.464250
 36.400550
 44.553340
 62.968250
 64.381680
 55.946400
 50.447990
 33.615470
 23.769730
  8.944272
 49.648770
 59.539900
 66.483080
 44.045430
 56.435800
 39.812060
 29.068880
 32.249030
 38.183770
  9.486833
 18.027760
  2.000000
 23.345240
 31.304950
 26.305890
 36.138620
 51.865210
 71.554180
 61.465440
 44.102150
 62.201290
 58.463670
 67.468510
 60.835850
 43.840620
 40.816660
 31.780500
 29.410880
 31.016120
 24.166090
 16.278820
 27.856780
 38.000000
 44.721360
 52.839380
 59.203040
 57.218880
 43.011630
 47.759820
 40.311290
 51.478150
 17.029390
 10.000000
 23.409400
 26.248810
 12.649110
 70.682390
 35.510560
 22.000000
 13.000000
 20.024980
 53.935150
 52.469040
 56.718610
 59.228370
 29.546570
 30.528680
 29.410880
 29.000000
 37.215590
 23.430750
 31.112700
 39.408120
 46.043460
 51.478150
 60.745370
 51.788030
 20.248460
 35.735140
  6.324555
 54.626000
 49.335590
 48.846700
 43.416590
 46.572530
 44.598210
 49.477270
 51.264020
 46.238510
 54.424260
 11.401750
 28.844410
 20.099750
 17.029390
 13.038400
 31.064450
 13.000000
 12.649110
 17.029390
 17.691810
 20.099750
 25.495100
  5.830952
 26.400760
 26.400760
 32.557640
 19.723080
  5.385165
 30.675720
 24.083190
 42.520580
 33.541020
 35.114100
 32.449960
 31.144820
 27.658630
  3.000000
 20.808650
 30.149630
 24.413110
 20.615530
 30.805840
 17.464250
 20.808650
 13.416410
 17.464250
 39.395430
 38.013160
 21.931710
 16.124520
  8.944272
 38.948680
 39.408120
 34.828150
 17.117240
 20.000000
 13.601470
 33.241540
 26.925820
 27.202940
  6.082763
 11.401750
 22.803510
 26.907250
 16.124520
 17.029390
 27.018510
 17.464250
 19.104970
 28.178010
  6.403124
 15.652480
 39.115220
 26.305890
 30.066590
 14.866070
 25.495100
 24.698180
 41.400480
 22.472200
 24.331050
 11.704700
 24.596750
 30.594120
 32.015620
 24.596750
  8.246211
 21.587030
 20.099750
 27.586230
 23.021730
   .000000
 36.878180
 26.419690
 29.410880
 33.970580
 24.738630
 13.038400
 37.443290
 51.855570
 40.311290
 39.812060
 37.589890
 32.015620
 36.013890
  9.219544
 19.104970
 15.811390
 20.591260
 20.124610
  4.242640
 29.154760
 17.029390
 31.064450
 28.017850
 20.615530
 18.439090
 28.160260
 22.022710
 16.124520
 26.172500
 16.278820
 22.472200
 42.720020
 41.773200
 38.209950
 36.674240
 18.973670
 26.925820
 20.248460
 26.925820
 36.674240
 44.384680
 29.154760
 37.483330
 17.464250
  6.708204
  9.486833
 26.305890
 14.142140
  9.219544
 23.194830
 16.155490
 28.460500
 31.400640
 38.626420
 31.622780
 52.630790
 40.496910
 21.095020
 39.204590
 36.769550
 45.541190
 41.868840
 32.984840
 36.055510
 31.622780
 25.709920
 38.832980
  9.055386
 16.278820
 11.401750
 15.033300
 25.495100
 33.970580
 37.161810
 34.525350
 20.099750
 27.802880
 24.186770
 34.058770
 18.439090
 25.495100
 38.600520
 39.204590
 29.154760
 50.219520
 19.313210
  1.414214
 10.049880
 29.068880
 31.320920
 29.614190
 33.955850
 36.687870
 11.704700
 15.297060
 23.769730
 19.104970
 20.124610
 18.788290
 23.021730
 25.632010
 30.886890
 32.557640
 44.045430
 29.732140
 13.416410
 16.278820
 22.135940
 35.468300
 28.844410
 29.732140
 22.472200
 25.553870
 24.839490
 28.178010
 31.400640
 26.907250
 34.409300
 27.313000
 26.832820
 18.867960
 43.011630
 25.019990
 13.453620
 27.294690
 40.199500
 36.138620
 52.924470
 56.320510
 55.731500
 42.449970
 29.681640
 49.648770
 21.260290
 36.069380
 36.400550
 59.033890
 41.231060
 20.396080
  3.605551
 20.223750
 39.357340
 51.088160
 61.294370
 36.345560
 25.632010
 12.529960
 17.088010
 16.278820
 67.683080
 49.244290
 27.586230
 30.265490
 41.000000
  8.000000
 14.866070
 56.008930
 52.497620
 43.081320
 34.713110
 31.257000
 31.320920
 45.486260
 20.396080
 32.388270
  6.403124
 11.180340
 44.045430
 42.953460
 39.115220
 54.332310
 30.528680
 20.880610
 44.654230
 60.415230
 54.120240
 23.769730
 12.083050
 31.257000
 26.627050
 43.657760
 46.690470
 11.661900
 31.575310
 23.021730
 37.013510
 33.136080
 49.244290
 35.777090
 47.169910
 55.758410
 56.639210
 48.010410
 61.032780
 41.231060
 57.078890
 39.849720
 20.808650
 59.682500
 36.878180
   .000000
 27.459060
 55.362440
 61.400330
 18.439090
 25.019990
 13.928390
 41.194660
 36.674240
 25.000000
 67.801180
 16.763050
  7.000000
 32.202480
 30.413810
 49.658840
 18.110770
 28.792360
 39.319210
 13.038400
 36.138620
 13.453620
 36.891740
 29.000000
 47.707440
 48.836460
 50.803540
 52.497620
 60.835850
 25.317980
 21.931710
 31.000000
 16.763050
 37.363080
 45.617980
 39.698870
 58.830270
 55.009090
 10.049880
  1.000000
 10.295630
 31.400640
 21.470910
 20.024980
 31.953090
 27.459060
 36.715120
 50.358720
 44.598210
 60.016660
 42.579340
 48.846700
 57.567350
 66.603300
 27.856780
 41.303750
 14.142140
 16.155490
  5.000000
 22.090720
 24.041630
 35.227830
 48.826220
 58.137770
 59.665740
 53.413480
 70.455660
 37.013510
 48.093660
 38.078870
 22.847320
 21.954500
 21.400930
  7.280110
 14.142140
 18.867960
 28.653100
 37.643060
 36.769550
 52.801510
 61.983870
 73.824110
 68.883960
 63.071390
 21.587030
 30.675720
 38.078870
 46.872170
 59.033890
  6.082763
  7.280110
  3.000000
  3.162278
 32.140320
 33.734260
 44.598210
 39.560080
 28.792360
 44.911020
 48.270070
 41.868840
 40.816660
 32.310990
 42.755120
 19.697720
 46.518810
 32.015620
 58.940650
 32.280030
 26.832820
 31.304950
 26.248810
 25.238860
 29.410880
 23.706540
 29.154760
 30.528680
 29.120440
 26.076810
 40.521600
 25.961510
 41.761230
 16.124520
 14.317820
 28.017850
 20.248460
 13.416410
 43.600460
 39.115220
 32.557640
 31.622780
  2.236068
 24.020820
  9.055386
 40.112340
 30.083220
 56.859470
 15.033300
 19.646880
 26.248810
 40.311290
 50.249380
 54.918120
 53.823790
 23.853720
  6.082763
 31.064450
 11.401750
 19.313210
 52.430910
 43.829210
 35.227830
 13.038400
 18.027760
 24.041630
 18.027760
 35.846900
 41.109610
 35.355340
 51.546100
 49.769470
 47.127490
 42.720020
 11.401750
 13.453620
 21.095020
 17.691810
 49.254440
 30.610460
 20.000000
 32.280030
 41.593270
 21.213200
 42.379240
 53.254110
 41.725290
  9.000000
 15.620500
 20.615530
 30.016660
 56.568540
 49.819680
 30.232430
 12.041590
 35.440090
 44.000000
 52.000000
 25.317980
  9.055386
 30.610460
 51.000000
 56.302750
 54.230990
 48.795490
 34.438350
 38.470770
 15.297060
  6.708204
 43.266620
 26.419690
 27.459060
   .000000
 30.016660
 36.055510
 31.016120
 16.124520
 18.110770
 62.169120
 53.450910
 46.141090
 64.007810
 35.846900
 31.827660
 29.614190
 36.013890
 42.190040
 13.928390
  6.403124
 25.612500
 30.528680
 13.416410
 14.317820
 46.097720
 36.124780
 44.384680
 51.971150
 27.658630
 41.109610
 52.009610
 11.180340
 32.015620
 51.429560
 41.773200
 52.630790
 56.080300
 41.593270
 53.338540
 35.777090
 20.615530
 28.017850
 28.635640
  4.472136
 13.601470
 16.278820
 26.925820
 20.396080
  9.486833
 34.205260
 35.510560
 44.407210
 20.615530
 22.360680
 32.062440
 64.884510
 43.011630
 62.609910
 21.023800
 22.472200
 32.202480
 42.544090
 48.414880
 53.488320
 55.226810
 60.876930
 57.775430
 51.623640
 65.192020
 19.798990
 27.730850
 35.440090
 24.083190
  5.656854
 10.198040
 22.472200
 35.805030
 25.961510
 41.000000
 44.011360
 49.819680
 44.654230
 49.517670
 63.655320
 44.011360
 41.761230
 28.635640
  7.810250
 27.784890
 33.241540
 35.227830
 22.022710
 23.345240
 25.000000
 25.059930
 15.000000
 12.806250
 19.000000
 15.524170
  6.403124
 21.840330
 48.083260
 47.169910
 50.039990
 46.324940
 58.940650
 36.249140
 39.824620
 35.057090
 45.343140
 48.083260
 40.521600
 43.931770
 35.510560
 37.107950
 39.458840
 37.947330
 43.680660
 41.593270
 45.541190
 38.897300
 57.280010
 45.221680
 44.777230
 32.756680
 43.566040
 41.012190
 17.691810
 19.313210
 36.221540
 22.203600
  7.280110
 29.546570
 28.000000
  6.000000
 39.000000
 49.091750
 34.669870
 53.460270
 15.000000
 49.162990
 53.141320
 61.611690
 61.854670
 58.523500
 45.011110
 27.018510
 29.832870
 54.203320
 38.327540
 41.593270
 33.615470
 41.231060
 49.517670
 25.942240
 14.764820
 53.600370
 48.041650
 15.297060
 32.140320
 34.539830
 67.941150
 67.896980
 63.655320
 43.657760
 35.114100
 23.706540
 49.477270
 44.271890
 55.901700
 27.313000
 19.104970
 10.049880
 55.973210
 39.661060
 44.011360
 45.000000
 31.016120
 31.622780
 43.416590
 29.732140
 43.840620
 68.505480
 54.230990
 53.712200
 24.166090
 53.150730
 54.083270
 70.007140
  7.071068
 21.000000
 20.880610
 46.389650
 55.108980
 60.415230
 35.355340
 35.341190
 19.416490
 15.524170
 36.221540
 25.709920
 29.410880
 55.362440
 30.016660
   .000000
  6.082763
 50.803540
 32.756680
 48.093660
 80.610180
 69.426220
 67.007460
 57.008770
 57.688820
 57.775430
 38.418750
 48.270070
 37.854990
 37.696160
 26.683330
 25.238860
 53.338540
 19.313210
 43.566040
 57.428220
 49.578220
 43.965900
 55.713550
  7.615773
 32.140320
 42.047590
 30.463090
 49.678970
 70.837840
 66.241980
 67.475920
 65.863490
 47.885280
 47.095650
 17.117240
 46.238510
 55.659680
 58.420890
 28.160260
 43.104520
 37.121420
 35.468300
 33.421550
 21.095020
 22.203600
 32.893770
 27.658630
 14.212670
  8.544003
  2.236068
 60.074950
 60.108230
 81.320350
 51.039200
 43.909000
 59.464280
 63.600320
 71.561160
 70.724820
 61.326990
 61.846580
 54.451810
 50.219520
 56.222770
 21.931710
 13.928390
 40.311290
 40.607880
 34.365680
 40.012500
 51.788030
 59.169250
 45.221680
 56.586220
 53.535030
 63.411350
 38.327540
 35.510560
 49.040800
 14.000000
 16.401220
 58.215120
 24.738630
 29.681640
 25.961510
  7.071068
 49.335590
 49.396350
 52.497620
 53.600370
 24.698180
 21.931710
 11.045360
 15.811390
 26.683330
 11.401750
 49.648770
 54.589370
 60.207970
 61.619800
 73.409810
 56.400360
 37.643060
 45.607020
 31.257000
 64.381680
 57.280010
 58.796260
 50.911690
 53.758720
 53.814500
 55.973210
 60.108230
 55.973210
 62.936480
 44.045430
 62.369870
 50.774010
 48.373550
 38.470770
 49.648770
 46.097720
 23.021730
 25.298220
 38.327540
 23.194830
  8.944272
 33.286630
 34.014700
 12.041590
 45.011110
 53.413480
 39.051250
 55.542780
 21.023800
 55.081760
 59.135440
 67.119290
 66.219330
 61.741400
 46.270940
 31.827660
 35.902650
 59.941640
 44.384680
 47.423620
 32.756680
 44.011360
 54.488530
 31.780500
 20.615530
 59.682500
 54.083270
 16.278820
 34.205260
 38.078870
 72.835430
 73.000000
 68.622150
 46.957430
 41.109610
 29.546570
 55.542780
 50.289170
 59.682500
 31.064450
 24.413110
 12.083050
 60.811180
 45.276920
 47.413080
 46.389650
 32.756680
 37.643060
 49.477270
 35.000000
 48.918300
 72.801100
 57.706150
 59.481090
 30.083220
 58.412330
 58.412330
 75.073300
 12.529960
 27.018510
 24.186770
 48.507730
 57.567350
 64.007810
 36.013890
 39.115220
 20.099750
 21.587030
 42.296570
 26.000000
 33.970580
 61.400330
 36.055510
  6.082763
   .000000
 56.302750
 38.470770
 54.147950
 85.632930
 74.249580
 72.422370
 58.215120
 63.285070
 63.694580
 43.139310
 53.037720
 40.496910
 43.657760
 32.756680
 29.732140
 59.059290
 25.298220
 49.648770
 61.846580
 54.451810
 47.010640
 59.033890
 12.041590
 34.205260
 43.185650
 36.400550
 55.000000
 76.059190
 72.006940
 72.180330
 69.892780
 51.865210
 48.836460
 18.439090
 52.201530
 61.684680
 64.498060
 34.058770
 49.040800
 42.953460
 40.311290
 38.832980
 27.018510
 24.698180
 36.235340
 28.000000
 19.723080
 14.142140
  4.000000
 61.660360
 65.192020
 86.371290
 57.078890
 49.648770
 65.459920
 69.065190
 77.175130
 75.690160
 64.884510
 64.513570
 56.515480
 52.810990
 57.008770
 27.202940
 17.804490
 44.407210
 46.043460
 40.447500
 46.000000
 57.870540
 64.884510
 50.774010
 61.554860
 57.801380
 68.014700
 40.521600
 36.000000
 48.662100
  8.062258
 14.560220
 64.124880
 30.805840
 34.058770
 29.068880
  6.082763
 55.362440
 55.362440
 58.523500
 59.665740
 30.413810
 27.856780
 17.117240
 21.840330
 32.756680
 17.000000
 52.801510
 58.523500
 64.404970
 66.468040
 77.987170
 61.854670
 40.718550
 50.249380
 32.062440
 69.310890
 62.369870
 63.639610
 55.973210
 58.898220
 58.694120
 61.220910
 65.115280
 60.811180
 68.014700
 13.341660
 10.000000
  5.656854
 25.495100
 18.384780
 23.086790
 12.041590
 33.286630
 32.526910
 37.483330
 44.721360
 48.764740
 29.154760
 32.695560
 46.097720
 30.066590
 17.804490
 22.022710
 41.048750
 39.698870
 34.928500
 15.000000
 10.816650
 21.840330
 32.649650
 44.598210
 25.632010
 25.942240
  6.708204
 20.396080
 11.704700
 54.009260
 32.572990
  9.219544
 25.455840
 36.235340
 25.059930
 28.861740
 46.486560
 38.052600
 28.071340
 20.615530
 18.788290
 16.278820
 28.231190
 19.697720
 27.586230
 19.313210
 16.031220
 25.612500
 30.413810
 31.906110
 46.518810
 12.649110
 11.313710
 27.313000
 43.657760
 40.012500
 22.825420
 19.026300
 21.470910
 10.049880
 27.166150
 28.284270
  7.211102
 27.586230
  5.099020
 18.601080
 21.023800
 43.829210
 36.055510
 36.400550
 38.483760
 38.418750
 29.681640
 46.270940
 26.076810
 46.324940
 36.769550
 26.476400
 47.265210
 24.738630
 18.439090
 31.016120
 50.803540
 56.302750
   .000000
 18.384780
 27.892650
 31.384710
 22.561030
 16.278820
 49.929950
  7.280110
 13.892440
 17.000000
 12.206560
 33.734260
 17.088010
 28.301940
 28.460500
  5.830952
 32.526910
 23.086790
 18.788290
 10.630150
 30.463090
 30.413810
 44.418460
 38.052600
 44.643030
 22.203600
  3.605551
 20.808650
 17.117240
 22.090720
 28.160260
 21.633310
 41.629320
 44.922150
 13.152950
 17.691810
 28.600700
 35.468300
 33.060550
 15.264340
 18.248290
 17.492860
 37.735920
 38.832980
 30.016660
 47.095650
 36.619670
 46.669050
 53.009430
 48.414880
 12.165530
 31.906110
 29.732140
  8.544003
 18.027760
 12.806250
 21.023800
 22.472200
 30.528680
 39.698870
 41.617310
 35.510560
 52.839380
 29.154760
 39.812060
 21.587030
 10.295630
 25.961510
 31.016120
 23.259410
 10.000000
  5.656854
 11.180340
 19.209370
 20.099750
 36.878180
 47.265210
 57.567350
 62.649820
 53.758720
 38.910150
 29.410880
 25.495100
 34.365680
 52.354560
 16.155490
 13.000000
 16.643320
 20.248460
 26.248810
 29.698480
 41.725290
 36.069380
 28.301940
 39.408120
 30.232430
 23.430750
 22.847320
 16.000000
 28.284270
  5.656854
 30.594120
 14.317820
 45.011110
 17.262680
 10.000000
 14.142140
  7.810250
  7.280110
 11.180340
  7.071068
 13.038400
 12.649110
 14.560220
 10.000000
 26.419690
 12.727920
 26.000000
   .000000
 18.027760
 12.041590
 15.811390
 14.142140
 30.610460
 31.400640
 31.622780
 18.867960
 17.000000
 27.802880
 20.248460
 24.020820
 15.000000
 41.677330
 21.400930
 29.698480
 22.022710
 29.068880
 34.713110
 38.832980
 40.311290
 11.704700
 10.049880
 21.470910
 11.401750
  9.219544
 43.324360
 29.206160
 19.924860
  7.071068
 18.027760
 26.570660
 25.000000
 31.064450
 29.154760
 21.213200
 37.589890
 36.619670
 33.120990
 27.294690
  7.071068
  9.219544
 20.615530
 14.317820
 33.136080
 18.788290
 14.560220
 29.832870
 26.570660
  7.071068
 26.832820
 39.597980
 30.413810
  7.280110
 15.231550
  6.708204
 14.317820
 41.231060
 33.734260
 21.023800
  9.219544
 21.633310
 28.071340
 38.832980
 25.942240
 18.384780
 22.203600
 36.400550
 40.718550
 38.118240
 37.589890
 19.849430
 32.062440
 18.384780
 15.264340
 34.928500
 13.038400
 25.019990
 16.124520
 32.756680
 38.470770
 18.384780
   .000000
 24.413110
 49.406480
 39.357340
 34.655450
 49.406480
 25.000000
 25.709920
 13.601470
 20.223750
 28.284270
  7.615773
 11.180340
 14.560220
 20.591260
 14.142140
 18.027760
 30.413810
 20.615530
 29.154760
 35.902650
 26.925820
 29.154760
 39.051250
  5.000000
 18.027760
 39.051250
 33.541020
 38.078870
 40.311290
 25.495100
 39.051250
 30.000000
 15.000000
 25.000000
 31.622780
 20.000000
 25.000000
  5.000000
 11.180340
  4.472136
 20.248460
 25.495100
 22.022710
 35.440090
 18.788290
 28.284270
 34.985710
 49.739320
 29.154760
 50.000000
 27.459060
 11.180340
 28.160260
 31.144820
 38.832980
 39.962480
 39.115220
 44.922150
 42.544090
 36.235340
 51.088160
 12.165530
 23.345240
 19.697720
  8.944272
 13.416410
 21.633310
 24.351590
 26.419690
 12.727920
 26.400760
 28.017850
 34.785050
 31.144820
 38.470770
 51.613950
 45.310040
 38.209950
 37.202150
 11.704700
 14.422200
 22.472200
 35.114100
 19.104970
 18.027760
 22.022710
 24.331050
  8.062258
 11.313710
 23.345240
 17.691810
 11.180340
 21.470910
 32.310990
 31.064450
 34.234490
 31.780500
 44.384680
 24.041630
 25.495100
 19.000000
 34.928500
 34.000000
 26.419690
 29.154760
 20.615530
 22.825420
 24.351590
 24.413110
 29.529650
 26.570660
 31.906110
 31.241000
 37.656340
 25.495100
 48.414880
 24.413110
  6.403124
 32.202480
 36.138620
 30.265490
 55.000000
 54.424260
 50.159740
 43.266620
 20.223750
 42.107010
  9.486833
 43.416590
 38.948680
 64.660650
 33.136080
  7.071068
 15.132750
 33.060550
 49.729270
 59.059290
 64.536810
 35.846900
 19.416490
 24.020820
 13.038400
 19.416490
 67.119290
 53.037720
 35.846900
 26.570660
 35.227830
  7.071068
  1.000000
 52.392750
 53.535030
 45.453270
 47.042530
 44.011360
 43.185650
 50.328920
 17.492860
 28.160260
  9.000000
 12.529960
 52.325900
 43.046490
 35.440090
 49.497470
 40.521600
 24.207440
 49.678970
 63.780880
 54.708320
 19.313210
 10.000000
 31.064450
 32.756680
 54.918120
 54.203320
 23.021730
 26.925820
 32.984840
 45.694640
 46.043460
 43.046490
 27.166150
 45.310040
 60.108230
 63.007930
 56.859470
 61.911230
 43.931770
 54.405880
 33.015150
 12.041590
 58.309520
 37.443290
 13.928390
 18.110770
 48.093660
 54.147950
 27.892650
 24.413110
   .000000
 54.744860
 49.040800
 38.327540
 72.917760
 29.000000
 20.615530
 36.124780
 38.013160
 52.497620
 17.029390
 22.203600
 38.470770
 24.083190
 30.265490
  6.403124
 46.486560
 37.161810
 52.402290
 56.435800
 45.177430
 53.535030
 63.411350
 21.931710
 30.675720
 44.283180
 30.675720
 49.254440
 56.044620
 46.324940
 62.936480
 51.923020
 14.866070
 14.866070
 10.770330
 20.880610
  7.810250
 20.518280
 34.655450
 28.425340
 27.459060
 48.846700
 46.400430
 59.093150
 37.483330
 40.447500
 50.159740
 72.622310
 39.319210
 54.918120
  3.162278
 21.470910
 18.788290
 35.128340
 37.947330
 48.010410
 57.775430
 65.863490
 65.436990
 59.033890
 74.953320
 34.176010
 44.147480
 42.520580
 27.202940
 14.142140
  8.944272
  6.708204
 27.166150
 25.495100
 39.051250
 46.097720
 47.853940
 55.443660
 62.769420
 76.026310
 62.072540
 58.855750
 12.806250
 24.186770
 38.832980
 46.529560
 53.037720
 12.041590
 15.132750
 13.152950
 10.770330
 28.792360
 28.635640
 37.054020
 33.060550
 22.203600
 39.204590
 54.405880
 50.089920
 50.596440
 43.566040
 55.081760
 31.144820
 49.578220
 38.587560
 59.059290
 44.181440
 37.656340
 41.976180
 35.114100
 35.171010
 38.897300
 34.525350
 40.447500
 40.521600
 41.109610
 41.725290
 23.345240
 36.891740
 42.154480
 49.406480
 51.923020
 39.597980
 62.936480
 63.411350
 57.008770
 69.462220
 77.336920
 54.083270
 63.953110
 76.485290
 59.774580
 34.000000
 47.201690
 50.159740
 70.802540
 61.522350
 39.623230
 22.135940
 22.803510
 37.054020
 59.228370
 53.814500
 57.306190
 31.622780
 51.078370
 42.941820
 74.672620
 49.980000
 31.144820
 56.400360
 66.603300
 49.162990
 55.731500
 73.239330
 59.506300
 50.606320
 13.038400
 12.806250
 17.029390
 44.944410
 51.000000
 58.412330
 45.891170
 45.541190
 32.756680
 56.035700
 61.522350
 74.652530
 25.000000
 42.438190
 44.011360
 58.249460
 61.741400
 54.203320
 48.383880
 50.931330
 36.769550
 19.000000
 36.674240
 32.572990
 58.600340
 27.802880
 29.546570
 10.630150
 73.539110
 67.416620
 63.007930
 52.172790
 46.097720
 32.062440
 65.787540
 48.877400
 71.867940
 67.623960
 57.008770
 70.661160
 51.855570
 41.194660
 62.169120
 80.610180
 85.632930
 31.384710
 49.406480
 54.744860
   .000000
 12.083050
 16.492420
 58.000000
 26.570660
 34.234490
 42.638010
 32.802440
 52.924470
 48.301140
 59.682500
 56.080300
 31.953090
 63.411350
 51.923020
 26.000000
 31.241000
 46.486560
 37.336310
 73.593480
 59.506300
 60.876930
 53.535030
 31.400640
 10.770330
 25.019990
 14.866070
 24.000000
 37.161810
 54.918120
 71.281140
 42.379240
 40.199500
 50.010000
 66.640830
 61.611690
 46.647610
 45.343140
 47.507890
 69.115840
 64.350600
 52.839380
 69.778220
 66.483080
 77.466120
 82.734510
 54.083270
 20.518280
  1.000000
 55.326310
 39.824620
 37.013510
 19.924860
 18.248290
 10.000000
 32.015620
 42.107010
 50.089920
 46.690470
 62.008060
 58.694120
 68.117550
 43.046490
 40.607880
 56.859470
 60.440050
 48.373550
 27.658630
 36.891740
 24.083190
 30.463090
 19.313210
 55.362440
 66.730800
 71.700770
 91.049440
 80.156100
 62.008060
 60.745370
 52.009610
 59.363290
 80.919720
 43.174060
 40.521600
 41.593270
 44.283180
 56.850680
 60.605280
 72.470680
 66.843100
 59.682500
 69.310890
 42.201900
 32.280030
 25.709920
 19.416490
 12.041590
 25.942240
 50.566790
 35.805030
 66.309880
 16.401220
 23.345240
 22.203600
 29.698480
 26.907250
 27.018510
 25.000000
 20.518280
 25.000000
 17.691810
 30.805840
 13.000000
 27.513630
 30.083220
 39.357340
 45.099890
 28.600700
 51.855570
 53.000000
 44.944410
 57.454330
 65.795140
 42.201900
 55.027270
 65.604880
 52.469040
 21.954500
 35.468300
 39.012820
 60.539240
 56.080300
 34.234490
 16.492420
 11.045360
 26.172500
 47.518420
 42.449970
 48.104050
 25.019990
 42.953460
 34.205260
 62.625870
 37.947330
 20.000000
 46.141090
 55.803230
 44.553340
 50.039990
 61.400330
 47.423620
 38.587560
  2.000000
  5.830952
  6.324555
 32.893770
 42.059480
 48.020830
 40.049970
 38.209950
 21.095020
 44.204070
 50.447990
 63.031740
 13.453620
 32.695560
 31.953090
 46.529560
 49.658840
 44.944410
 41.194660
 40.000000
 25.806980
  9.433981
 25.079870
 26.019220
 48.373550
 18.027760
 17.464250
  5.000000
 62.369870
 57.697490
 51.224990
 40.447500
 35.057090
 21.213200
 53.758720
 36.891740
 59.908260
 57.140180
 49.030600
 58.591810
 40.311290
 36.674240
 53.450910
 69.426220
 74.249580
 22.561030
 39.357340
 49.040800
 12.083050
   .000000
 13.038400
 47.265210
 20.099750
 29.832870
 31.112700
 21.213200
 40.853400
 39.560080
 50.159740
 44.553340
 25.000000
 53.000000
 45.099890
 13.928390
 19.849430
 34.481880
 26.000000
 62.241470
 47.423620
 49.030600
 43.863430
 21.540660
  8.602325
 23.323810
  3.000000
 13.928390
 25.079870
 43.289720
 59.405390
 35.128340
 35.693140
 46.572530
 57.870540
 55.081760
 37.336310
 33.970580
 36.891740
 59.506300
 52.430910
 40.816660
 57.697490
 55.443660
 66.850580
 71.505240
 43.737850
 10.440310
 13.000000
 50.249380
 31.048350
 33.526110
 14.866070
 19.104970
  3.162278
 21.377560
 32.015620
 39.051250
 35.128340
 51.156620
 47.634020
 56.586220
 31.064450
 30.413810
 48.507730
 53.338540
 43.289720
 22.561030
 27.513630
 13.038400
 18.384780
  7.280110
 43.324360
 54.708320
 60.207970
 79.397740
 68.242220
 58.249460
 50.990200
 40.360870
 47.434170
 69.354160
 37.013510
 34.000000
 36.221540
 39.458840
 46.324940
 50.249380
 61.854670
 56.302750
 50.159740
 58.258050
 30.413810
 20.396080
 14.035670
  7.810250
  6.082763
 18.027760
 38.483760
 24.083190
 54.230990
  5.385165
 13.000000
 10.630150
 18.867960
 16.552950
 15.620500
 15.524170
  9.848858
 13.453620
  8.062258
 28.653100
 12.041590
 21.931710
 35.000000
 34.655450
 35.440090
 26.832820
 49.406480
 48.795490
 49.254440
 59.135440
 64.660650
 43.324360
 48.020830
 62.369870
 43.324360
 26.000000
 36.055510
 47.539460
 55.901700
 45.177430
 23.194830
  5.830952
 20.591260
 35.846900
 54.147950
 41.182520
 41.617310
 15.231550
 34.885530
 27.202940
 66.753280
 43.011630
 19.646880
 41.725290
 52.497620
 33.000000
 39.319210
 61.741400
 50.803540
 41.000000
 11.401750
  7.211102
 10.295630
 38.000000
 35.227830
 43.863430
 29.427880
 29.154760
 29.410880
 44.944410
 48.010410
 62.265560
 16.031220
 27.586230
 37.000000
 53.150730
 52.952810
 38.600520
 31.953090
 37.443290
 24.166090
 21.931710
 33.241540
 16.155490
 43.840620
 14.317820
 23.345240
  8.544003
 60.000000
 52.009610
 51.478150
 47.265210
 43.965900
 31.304950
 58.309520
 39.051250
 61.098280
 53.037720
 40.718550
 61.131010
 39.812060
 25.000000
 46.141090
 67.007460
 72.422370
 16.278820
 34.655450
 38.327540
 16.492420
 13.038400
   .000000
 56.320510
 10.295630
 18.000000
 31.016120
 22.360680
 45.177430
 32.449960
 44.204070
 43.829210
 15.652480
 48.795490
 35.440090
 20.880610
 20.396080
 40.012500
 34.785050
 60.464870
 50.803540
 55.009090
 38.288380
 17.492860
  6.000000
 10.295630
 14.866070
 25.612500
 30.016660
 50.358720
 60.008330
 26.000000
 24.000000
 34.365680
 50.606320
 45.122060
 31.241000
 33.105890
 33.600590
 53.600370
 53.488320
 43.174060
 60.638270
 52.801510
 62.936480
 69.202600
 53.488320
 10.049880
 16.763050
 39.051250
 24.207440
 21.213200
  3.605551
  7.280110
 10.770330
 31.764760
 42.485290
 47.801670
 42.755120
 59.908260
 45.221680
 55.569770
 33.541020
 26.400760
 40.706260
 43.965900
 32.062440
 11.180340
 21.931710
 14.000000
 24.331050
 16.643320
 48.093660
 59.304300
 67.268120
 78.549350
 68.942000
 46.270940
 45.453270
 40.311290
 48.703180
 68.264190
 26.683330
 24.041630
 25.179360
 28.017850
 42.520580
 45.967380
 58.000000
 52.345010
 44.204070
 55.605750
 37.483330
 27.892650
 23.259410
 13.000000
 18.788290
 10.630150
 42.296570
 25.495100
 57.870540
 10.816650
 12.041590
 14.317820
 17.720050
 14.560220
 17.029390
 11.704700
 11.180340
 16.031220
  8.544003
 41.725290
 45.310040
 49.040800
 24.839490
 49.406480
 66.603300
 41.036570
 47.127490
 53.488320
 21.587030
 35.057090
 50.010000
 32.695560
 63.953110
 57.428220
 69.634760
 32.249030
 34.409300
  8.944272
 59.203040
 78.873310
 64.202800
 55.154330
 36.496570
 21.095020
 12.000000
 40.249220
 58.309520
 56.603890
 60.440050
 53.740120
 28.635640
 20.248460
 40.816660
 51.000000
 51.923020
 72.917760
 73.661380
 42.047590
 25.317980
 28.653100
 47.518420
 50.990200
 46.324940
 22.627420
 56.400360
 50.990200
 66.528190
 60.811180
 26.925820
 34.176010
 46.486560
 47.000000
 40.853400
 48.795490
 23.345240
 12.041590
 26.076810
 56.302750
 62.968250
 43.566040
 41.231060
 39.000000
 23.086790
 57.140180
 52.325900
 46.529560
 33.241540
 51.623640
 52.345010
 61.098280
 37.656340
 13.038400
 12.369320
 26.076810
 22.360680
 29.681640
 38.118240
 55.362440
 64.637450
 32.388270
 37.589890
 67.801180
 64.007810
 57.008770
 58.215120
 49.929950
 49.406480
 72.917760
 58.000000
 47.265210
 56.320510
   .000000
 55.009090
 63.812230
 36.796740
 37.735920
 21.931710
 56.080300
 57.706150
 39.000000
 55.758410
 53.488320
 66.603300
 35.440090
 39.446170
 20.518280
 21.587030
 50.159740
 25.317980
 15.033300
 53.535030
 46.324940
 54.918120
 64.078080
 44.283180
 34.000000
 28.301940
 10.770330
 40.012500
 59.464280
 67.201190
 77.336920
 66.640830
 74.404300
 52.497620
 38.418750
 45.000000
 62.968250
 35.227830
 28.635640
 30.413810
 49.477270
 60.671250
 58.008620
  5.000000
 46.486560
 59.000000
 75.690160
 52.402290
 67.955870
 55.362440
 63.600320
 50.358720
 26.019220
 16.278820
  8.544003
 14.422200
  4.123106
 45.310040
 44.407210
 30.413810
 45.967380
 62.681740
 71.028160
 70.767230
 58.591810
 49.040800
 43.081320
 32.310990
 40.607880
 19.924860
 22.561030
 16.401220
 58.463670
 44.911020
 85.586210
 56.797890
 36.235340
 32.984840
 52.153620
 63.780880
 61.073730
 65.436990
 68.883960
 49.193500
 52.392750
 57.271290
 54.405880
 57.706150
 50.990200
 19.723080
 28.460500
 33.541020
 43.416590
 46.010870
 51.429560
 24.186770
 35.805030
 26.172500
 46.097720
 45.310040
 42.059480
 42.544090
 44.721360
 40.718550
 47.423620
 45.221680
 40.853400
 47.801670
 20.615530
 10.630150
 12.529960
 31.320920
 25.000000
 25.495100
 19.235380
 40.311290
 39.051250
 44.181440
 51.971150
 55.901700
 36.345560
 37.735920
 52.801510
 33.241540
 22.847320
 29.154760
 46.065170
 45.967380
 36.013890
 14.142140
  4.472136
 23.021730
 36.235340
 50.695170
 32.893770
 31.400640
  5.099020
 24.596750
 17.029390
 61.008200
 38.832980
 14.560220
 32.015620
 43.011630
 24.515300
 30.000000
 53.758720
 45.000000
 35.000000
 18.110770
 15.033300
 14.560220
 34.205260
 25.000000
 34.205260
 20.000000
 18.973670
 29.206160
 37.656340
 38.948680
 53.712200
 14.866070
 18.027760
 33.241540
 49.729270
 47.010640
 28.425340
 21.840330
 28.635640
 17.029390
 26.925820
 32.449960
  6.082763
 34.058770
  8.544003
 22.203600
 17.117240
 50.774010
 41.868840
 43.680660
 44.271890
 43.046490
 32.526910
 53.084840
 33.000000
 53.600370
 43.278170
 30.463090
 54.451810
 32.015620
 16.763050
 35.846900
 57.688820
 63.285070
  7.280110
 25.000000
 29.000000
 26.570660
 20.099750
 10.295630
 55.009090
   .000000
 10.295630
 24.083190
 17.720050
 40.311290
 22.203600
 34.058770
 35.735140
  5.385165
 39.051250
 25.495100
 21.213200
 15.811390
 36.400550
 34.409300
 51.478150
 45.000000
 50.990200
 28.284270
 10.000000
 15.811390
 10.000000
 20.615530
 29.154760
 26.925820
 47.434170
 52.201530
 15.811390
 15.811390
 26.925820
 40.311290
 35.355340
 21.213200
 25.495100
 24.596750
 43.416590
 46.097720
 37.013510
 54.230990
 43.566040
 53.150730
 59.908260
 53.000000
 11.180340
 26.925820
 30.149630
 14.142140
 14.422200
  6.708204
 13.892440
 19.026300
 33.241540
 43.278170
 46.529560
 40.718550
 58.180750
 36.235340
 47.010640
 28.160260
 17.464250
 30.413810
 33.955850
 23.194830
  3.605551
 12.529960
 12.727920
 23.021730
 20.124610
 43.416590
 54.083270
 63.788720
 69.771060
 61.032780
 38.327540
 35.383610
 32.756680
 41.593270
 59.481090
 17.029390
 14.142140
 16.124520
 19.416490
 33.015150
 36.235340
 48.270070
 42.638010
 34.058770
 46.324940
 35.341190
 27.202940
 24.839490
 15.652480
 26.172500
  3.605551
 37.215590
 20.396080
 52.009610
 15.524170
 10.630150
 15.000000
 12.649110
 10.295630
 14.422200
  7.810250
 12.529960
 14.866070
 12.369320
 25.317980
 20.808650
 16.278820
 39.357340
 25.709920
 18.867960
 24.738630
 41.484940
 38.483760
 50.695170
 56.008930
 57.280010
 41.194660
 33.970580
 52.325900
 26.925820
 31.622780
 34.525350
 54.918120
 44.418460
 27.294690
  5.830952
 13.341660
 33.286630
 45.967380
 58.309520
 36.055510
 28.844410
  7.211102
 20.615530
 16.492420
 66.483080
 46.238510
 23.021730
 31.953090
 43.081320
 15.000000
 21.587030
 56.568540
 50.803540
 41.000000
 27.892650
 24.331050
 24.698180
 42.047590
 22.825420
 34.176010
 12.083050
 14.212670
 38.897300
 42.047590
 40.261640
 55.542780
 24.839490
 20.024980
 41.146080
 57.384670
 52.611790
 26.419690
 16.278820
 31.144820
 23.409400
 37.161810
 41.868840
  6.708204
 33.615470
 17.691810
 31.827660
 26.172500
 51.264020
 39.408120
 47.095650
 52.325900
 52.201530
 42.520580
 59.228370
 39.051250
 57.140180
 42.485290
 25.495100
 59.033890
 36.013890
  7.000000
 31.827660
 57.775430
 63.694580
 13.892440
 25.709920
 20.615530
 34.234490
 29.832870
 18.000000
 63.812230
 10.295630
   .000000
 29.832870
 26.076810
 47.127490
 20.124610
 31.906110
 39.051250
  8.062258
 38.483760
 18.867960
 31.241000
 24.413110
 44.283180
 43.931770
 52.497620
 50.803540
 58.189350
 27.313000
 17.492860
 24.000000
 10.295630
 30.675720
 39.446170
 35.510560
 55.461700
 55.326310
 11.661900
  6.000000
 16.763050
 36.069380
 27.856780
 20.880610
 30.265490
 27.073970
 40.607880
 50.010000
 42.755120
 59.135440
 44.271890
 51.971150
 60.008330
 62.201290
 21.470910
 34.365680
 21.095020
 15.033300
  4.242640
 15.132750
 17.464250
 28.284270
 43.278170
 53.037720
 55.470710
 49.396350
 66.730800
 37.854990
 49.030600
 35.114100
 21.095020
 26.172500
 27.294690
 14.142140
  7.280110
 16.278820
 22.803510
 32.557640
 30.413810
 50.289170
 60.207970
 71.168820
 70.837840
 63.788720
 28.442920
 33.615470
 37.054020
 46.043460
 60.728900
 10.000000
  8.602325
  7.615773
 10.049880
 33.526110
 35.846900
 47.413080
 42.047590
 31.906110
 46.818800
 44.102150
 36.796740
 35.000000
 25.942240
 35.902650
 13.601470
 43.965900
 28.178010
 57.558670
 25.632010
 20.808650
 25.238860
 21.400930
 19.798990
 24.041630
 17.804490
 22.825420
 24.839490
 22.472200
  5.000000
 19.723080
 13.601470
 12.529960
 13.601470
 29.832870
  5.099020
 21.095020
 23.769730
 20.880610
 28.160260
 34.713110
 12.369320
 30.265490
 34.985710
 33.541020
 11.401750
  5.099020
 28.600700
 31.320920
 42.201900
 28.635640
 26.683330
 23.706540
 25.317980
 29.154760
 11.401750
 23.537200
 23.194830
 23.853720
 17.029390
 37.013510
 17.204650
 11.661900
 18.027760
 25.495100
 36.400550
 36.878180
 30.886890
 21.095020
 11.180340
 29.732140
 30.232430
 25.612500
 14.212670
 20.124610
 19.235380
 30.000000
 24.083190
 20.024980
 13.928390
 19.723080
 32.015620
 17.691810
 12.041590
 13.601470
 28.301940
 23.021730
 20.880610
 26.172500
 10.198040
  7.071068
 30.413810
 20.223750
 23.345240
 20.099750
 16.763050
 16.155490
 32.202480
 31.400640
 30.149630
 20.591260
 24.083190
 27.294690
 25.019990
 29.427880
  9.219544
 30.083220
 27.513630
 28.635640
 30.413810
  9.219544
 32.202480
 29.614190
 38.418750
 43.139310
 17.000000
 13.601470
 36.124780
 42.638010
 31.112700
 31.016120
 36.796740
 24.083190
 29.832870
   .000000
  9.899495
 17.464250
 19.416490
 24.083190
 13.453620
 22.203600
 23.769730
 29.832870
 19.235380
 11.401750
 16.278820
 22.360680
 31.144820
 21.095020
 28.635640
 18.439090
 14.142140
 33.615470
 34.058770
 29.068880
 28.460500
 12.041590
 27.018510
 29.068880
 23.021730
 31.780500
 41.048750
 33.241540
 38.078870
 15.811390
  3.162278
  9.219544
 32.140320
 22.472200
 13.038400
 30.149630
 24.698180
 36.674240
 40.459860
 36.619670
 22.472200
 43.416590
 38.897300
 16.124520
 33.526110
 28.160260
 37.107950
 32.649650
 26.019220
 31.320920
 29.410880
 23.021730
 38.948680
 17.000000
 25.495100
  6.403124
  9.433981
 26.925820
 34.885530
 34.205260
 27.000000
 13.601470
 18.601080
 15.811390
 25.000000
 20.615530
 30.413810
 41.629320
 48.414880
 38.013160
 48.795490
 24.000000
  9.433981
 17.720050
 38.288380
 27.459060
 25.059930
 29.529650
 32.756680
 17.262680
 21.377560
 31.780500
 26.570660
 24.083190
 27.459060
 18.788290
 18.110770
 22.472200
 23.345240
 35.000000
 21.377560
 14.317820
  7.211102
 28.017850
 26.248810
 19.723080
 20.518280
 13.416410
 16.552950
 15.620500
 19.313210
 22.203600
 17.691810
 25.238860
 10.440310
 10.440310
 12.529960
 13.601470
 20.223750
 32.310990
  8.246211
 30.805840
 32.695560
 27.018510
 37.161810
 44.598210
 21.470910
 37.121420
 44.654230
 37.854990
  5.656854
 14.422200
 28.844410
 40.311290
 44.777230
 26.870060
 19.026300
 14.560220
 21.095020
 32.984840
 21.260290
 30.066590
 18.867960
 27.658630
 18.973670
 44.407210
 21.213200
  3.162278
 26.248810
 34.985710
 36.400550
 38.910150
 40.496910
 28.442920
 18.681540
 19.849430
 20.591260
 15.811390
 16.492420
 25.079870
 27.856780
 30.232430
 25.495100
 14.317820
 23.323810
 29.410880
 41.868840
  7.810250
 15.132750
 15.524170
 32.015620
 30.594120
 27.018510
 28.231190
 19.235380
  6.000000
 21.189620
 16.401220
 19.416490
 28.460500
  9.219544
  8.062258
 22.472200
 41.231060
 38.327540
 30.232430
 26.570660
 26.248810
 18.973670
 36.055510
 16.763050
 39.357340
 36.674240
 33.376640
 38.897300
 19.104970
 30.413810
 36.013890
 48.270070
 53.037720
 12.206560
 20.223750
 38.013160
 32.802440
 21.213200
 22.360680
 37.735920
 17.720050
 26.076810
  9.899495
   .000000
 23.000000
 23.345240
 31.400640
 23.345240
 18.027760
 32.695560
 32.310990
 10.198040
  2.000000
 18.681540
 18.601080
 41.036570
 28.442920
 33.376640
 25.179360
  8.602325
 24.166090
 27.459060
 19.209370
 20.099750
  9.433981
 29.732140
 38.587560
 23.323810
 29.732140
 40.360870
 40.112340
 41.761230
 20.099750
 12.806250
 16.763050
 40.261640
 31.764760
 20.880610
 38.327540
 34.409300
 46.141090
 50.328920
 36.235340
 13.000000
 33.600590
 40.311290
 16.552950
 30.232430
 20.024980
 29.068880
 22.803510
 19.924860
 28.017850
 29.410880
 23.323810
 40.706260
 26.627050
 35.383610
 11.180340
 12.041590
 32.140320
 39.051250
 34.409300
 21.189620
 12.529960
  8.944272
  8.246211
 15.264340
 26.019220
 37.054020
 46.097720
 58.258050
 47.507890
 49.929950
 31.780500
 19.209370
 26.832820
 48.166380
 27.202940
 24.207440
 28.319600
 31.890440
 26.000000
 30.083220
 41.182520
 35.777090
 31.400640
 37.202150
 18.027760
 12.083050
 14.035670
 13.453620
 25.238860
 14.317820
 20.024980
  3.162278
 35.510560
 16.401220
 10.440310
 10.630150
  5.099020
  8.000000
  5.830952
 11.000000
 12.529960
  7.810250
 15.652480
 22.360680
 33.136080
 31.016120
 10.770330
 28.284270
 46.097720
 22.472200
 25.495100
 31.622780
  4.123106
 18.601080
 31.622780
 10.770330
 42.059480
 37.054020
 48.270070
 19.416490
 13.601470
 16.031220
 37.656340
 57.982760
 46.097720
 42.011900
 30.413810
 21.633310
 12.041590
 18.357560
 36.619670
 40.261640
 39.623230
 34.132100
 21.840330
  3.605551
 26.019220
 29.154760
 30.413810
 53.535030
 53.150730
 24.596750
  7.071068
  7.071068
 40.162170
 42.201900
 37.107950
  8.062258
 35.355340
 29.068880
 47.169910
 41.048750
 21.400930
 12.369320
 24.738630
 28.460500
 29.427880
 29.154760
  8.944272
 11.313710
  9.219544
 34.828150
 42.801870
 22.022710
 23.769730
 36.055510
 18.384780
 40.521600
 30.413810
 32.062440
 23.409400
 43.680660
 32.140320
 39.217340
 17.117240
  9.219544
 17.262680
 24.758840
 13.152950
  8.602325
 21.633310
 33.734260
 43.278170
 18.439090
 15.811390
 49.658840
 42.190040
 37.854990
 40.496910
 33.734260
 28.284270
 52.497620
 52.924470
 40.853400
 45.177430
 21.931710
 40.311290
 47.127490
 17.464250
 23.000000
   .000000
 35.468300
 35.846900
 17.088010
 39.293770
 31.622780
 46.097720
 26.925820
 25.000000
  7.071068
 19.209370
 30.413810
  7.071068
 11.180340
 32.015620
 30.413810
 46.097720
 50.249380
 38.078870
 32.015620
 15.811390
 11.180340
 22.360680
 40.311290
 49.244290
 58.309520
 44.721360
 53.150730
 32.015620
 18.027760
 24.083190
 41.109610
 15.811390
  6.708204
 17.204650
 28.160260
 40.000000
 39.293770
 23.537200
 35.355340
 53.851650
 55.443660
 33.541020
 50.921510
 43.011630
 52.038450
 43.324360
 25.495100
 24.041630
 17.029390
 12.369320
 23.021730
 23.409400
 24.186770
 12.165530
 26.832820
 41.231060
 49.678970
 51.312770
 43.566040
 31.016120
 31.257000
 22.472200
 33.615470
  3.162278
 14.142140
 24.166090
 43.046490
 30.000000
 65.299310
 34.885530
 14.422200
 12.041590
 34.539830
 44.777230
 42.485290
 46.957430
 50.119860
 27.294690
 30.463090
 36.124780
 32.756680
 35.846900
 30.016660
 12.806250
 21.095020
 27.784890
 34.205260
 42.544090
 37.121420
  3.162278
 20.024980
 13.416410
 37.363080
 33.136080
 31.780500
 28.017850
 31.000000
 28.160260
 34.000000
 34.525350
 29.427880
 37.656340
 14.764820
 26.683330
 12.165530
 31.906110
  7.615773
 10.630150
 16.155490
 22.090720
 18.384780
 38.013160
 38.832980
 37.656340
 26.419690
 15.652480
 32.202480
 14.560220
 28.160260
 21.931710
 48.010410
 24.413110
 22.803510
 15.524170
 26.627050
 37.000000
 43.657760
 47.507890
 19.313210
  9.219544
 17.691810
  4.472136
  5.385165
 50.921510
 36.069380
 22.022710
 12.165530
 23.086790
 18.973670
 17.691810
 38.013160
 36.715120
 28.425340
 37.643060
 35.846900
 33.241540
 33.600590
  2.828427
 14.317820
 13.152950
  7.000000
 37.363080
 26.400760
 21.023800
 36.221540
 28.071340
  8.246211
 33.015150
 46.754680
 38.013160
  6.403124
  7.615773
 14.317820
 17.464250
 43.104520
 38.626420
 16.970560
 13.601470
 21.587030
 31.400640
 38.078870
 31.320920
 19.798990
 29.614190
 43.185650
 46.647610
 42.201900
 45.177430
 26.907250
 39.319210
 22.360680
 10.049880
 42.449970
 20.591260
 18.110770
 13.928390
 37.696160
 43.657760
 17.088010
  7.615773
 17.029390
 48.301140
 39.560080
 32.449960
 56.080300
 22.203600
 20.124610
 19.416490
 23.345240
 35.468300
   .000000
 12.041590
 22.135940
 17.029390
 18.384780
 10.630150
 33.060550
 23.086790
 35.608990
 40.853400
 32.756680
 36.715120
 46.400430
  7.280110
 18.248290
 37.589890
 29.206160
 38.832980
 43.046490
 30.463090
 45.967380
 37.121420
  8.544003
 18.248290
 24.041630
 18.384780
 18.788290
  3.605551
 17.691810
 11.401750
 21.260290
 32.984840
 29.410880
 43.011630
 24.515300
 31.906110
 39.924930
 56.035700
 29.120440
 48.764740
 20.000000
  8.544003
 21.840330
 28.844410
 35.355340
 39.560080
 43.174060
 50.159740
 48.826220
 42.438190
 58.000000
 19.026300
 30.016660
 25.806980
 11.401750
  9.055386
 15.811390
 16.763050
 22.627420
 12.165530
 27.294690
 31.575310
 36.221540
 38.418750
 46.065170
 59.076220
 50.960770
 45.011110
 29.832870
 13.601470
 21.954500
 30.083220
 41.000000
 12.041590
 11.704700
 15.132750
 17.029390
 14.035670
 15.811390
 27.294690
 21.931710
 12.041590
 26.925820
 38.078870
 35.171010
 37.121420
 32.557640
 45.122060
 22.360680
 32.557640
 23.086790
 42.544090
 34.205260
 26.683330
 30.265490
 22.022710
 23.345240
 26.019220
 24.041630
 29.832870
 28.071340
 31.622780
 21.095020
 37.161810
 22.825420
 35.902650
 11.180340
 17.029390
 23.194830
 14.317820
  8.062258
 37.202150
 33.120990
 28.017850
 25.238860
  6.324555
 20.880610
 14.317820
 35.014280
 24.041630
 50.695170
 12.529960
 25.079870
 26.832820
 38.418750
 45.891170
 49.365980
 47.434170
 17.492860
  3.162278
 29.698480
 11.704700
 17.029390
 46.324940
 37.576590
 31.048350
  6.708204
 13.038400
 27.073970
 22.360680
 30.364450
 34.713110
 29.068880
 48.332180
 47.010640
 43.863430
 36.687870
  9.219544
  7.071068
 22.803510
 17.888540
 44.011360
 24.207440
 13.892440
 27.294690
 37.643060
 17.464250
 36.400550
 46.872170
 35.355340
  5.656854
 16.763050
 14.560220
 25.495100
 52.392750
 44.283180
 29.000000
  5.656854
 32.202480
 39.204590
 49.244290
 21.023800
  7.810250
 24.413110
 44.721360
 50.289170
 49.010200
 42.449970
 28.231190
 32.695560
 11.180340
 10.198040
 37.215590
 20.124610
 28.792360
  6.403124
 26.683330
 32.756680
 28.301940
 11.180340
 22.203600
 59.682500
 50.159740
 44.204070
 57.706150
 34.058770
 31.906110
 24.083190
 31.400640
 35.846900
 12.041590
   .000000
 19.209370
 29.000000
  8.062258
 17.029390
 41.593270
 31.780500
 38.275320
 46.389650
 23.021730
 34.713110
 45.607020
  6.324555
 28.635640
 49.091750
 41.231060
 49.040800
 51.478150
 36.124780
 47.010640
 30.083220
 20.248460
 29.154760
 32.015620
  9.219544
 19.235380
 13.038400
 21.213200
 15.000000
  9.433981
 28.017850
 29.154760
 38.275320
 15.297060
 20.124610
 28.861740
 58.694120
 39.812060
 60.207970
 25.317980
 20.000000
 33.105890
 40.607880
 47.381430
 50.537110
 50.010000
 55.108980
 51.623640
 45.541190
 58.830270
 13.453620
 22.135940
 29.614190
 19.924860
  8.062258
 15.652480
 25.179360
 34.655450
 22.825420
 37.336310
 39.115220
 45.880280
 38.275320
 43.185650
 57.280010
 40.447500
 36.674240
 33.837850
  2.000000
 21.470910
 26.870060
 31.016120
 22.847320
 23.323810
 26.000000
 26.925820
  8.602325
  6.708204
 15.811390
 11.045360
   .000000
 17.029390
 42.201900
 42.000000
 45.398240
 42.720020
 55.362440
 33.837850
 33.541020
 30.066590
 39.051250
 44.777230
 37.161810
 40.162170
 31.622780
 33.615470
 35.440090
 34.885530
 40.311290
 37.643060
 42.485290
 15.231550
 33.015150
 23.537200
 20.396080
 14.560220
 32.202480
 17.000000
  9.055386
 14.560220
 18.027760
 17.029390
 21.260290
  6.324555
 25.238860
 22.472200
 32.649650
 23.853720
  9.433981
 32.756680
 21.023800
 43.011630
 36.124780
 39.000000
 36.619670
 34.525350
 28.301940
  3.000000
 20.518280
 33.541020
 25.495100
 23.086790
 28.792360
 19.416490
 25.000000
 12.727920
 14.035670
 41.109610
 38.948680
 18.027760
 15.556350
 11.045360
 43.185650
 43.600460
 39.051250
 20.024980
 21.023800
 12.206560
 35.171010
 28.861740
 31.016120
  5.000000
  8.000000
 18.601080
 31.144820
 19.026300
 20.099750
 27.784890
 16.401220
 19.416490
 29.732140
  8.062258
 19.723080
 43.266620
 29.832870
 33.376640
 13.601470
 29.529650
 28.844410
 45.607020
 18.357560
 22.135940
  8.062258
 26.248810
 33.136080
 35.735140
 23.600850
 11.045360
 18.110770
 17.029390
 27.802880
 20.396080
  4.242640
 39.319210
 25.612500
 25.238860
 29.732140
 28.460500
 14.560220
 38.470770
 56.080300
 44.553340
 43.829210
 39.000000
 35.735140
 39.051250
 13.453620
 23.345240
 17.088010
 22.135940
 19.209370
   .000000
 32.557640
 14.560220
 32.202480
 32.202480
 24.839490
 21.023800
 31.575310
 17.804490
 15.556350
 26.400760
 16.643320
 26.400760
 46.872170
 45.354160
 42.449970
 40.706260
 22.847320
 28.231190
 16.492420
 29.274560
 39.204590
 46.173580
 27.784890
 37.643060
 19.416490
 10.816650
 12.000000
 24.041630
 11.045360
 10.440310
 20.880610
 12.369320
 24.738630
 27.202940
 40.521600
 35.805030
 56.850680
 41.593270
 24.020820
 42.011900
 40.718550
 49.396350
 46.097720
 36.687870
 39.012820
 33.734260
 28.160260
 39.824620
  6.324555
 12.041590
 15.231550
 18.439090
 25.612500
 34.058770
 38.897300
 38.078870
 23.537200
 32.015620
 28.301940
 38.288380
 19.235380
 24.413110
 38.209950
 35.000000
 25.298220
 51.107730
 18.027760
  4.472136
  8.062258
 24.839490
 33.541020
 32.140320
 36.345560
 38.832980
 10.630150
 13.416410
 20.223750
 16.031220
 19.209370
 14.866070
 26.076810
 29.546570
 34.985710
 36.796740
 48.270070
 33.615470
 15.297060
 20.518280
 20.591260
 39.698870
 33.015150
 33.970580
 26.627050
 29.681640
 29.068880
 32.249030
 35.608990
 31.144820
 38.600520
 18.000000
 13.928390
  9.055386
 31.304950
 20.591260
 20.223750
 17.117240
 36.249140
 34.409300
 42.953460
 49.254440
 52.000000
 34.000000
 32.449960
 48.259710
 27.892650
 23.600850
 27.073970
 46.872170
 41.109610
 31.144820
  9.848858
  9.848858
 26.400760
 38.209950
 50.328920
 29.614190
 26.248810
  1.000000
 19.235380
 12.041590
 59.135440
 38.275320
 15.000000
 27.459060
 38.587560
 20.248460
 25.079870
 50.447990
 43.289720
 33.376640
 23.000000
 20.223750
 19.104970
 34.014700
 19.849430
 29.681640
 15.132750
 13.601470
 31.144820
 35.057090
 34.928500
 49.980000
 17.492860
 13.928390
 33.105890
 49.396350
 45.177430
 23.345240
 16.492420
 25.000000
 15.524170
 31.048350
 33.970580
  1.414214
 29.410880
 10.000000
 24.083190
 22.360680
 46.529560
 36.796740
 40.607880
 44.283180
 44.204070
 35.000000
 51.623640
 31.400640
 50.635960
 38.600520
 25.079870
 52.038450
 29.154760
 13.038400
 30.528680
 53.338540
 59.059290
  5.830952
 20.591260
 24.083190
 31.953090
 25.000000
 15.652480
 55.758410
  5.385165
  8.062258
 22.203600
 18.027760
 39.293770
 17.029390
 29.000000
 32.557640
   .000000
 34.409300
 20.223750
 23.853720
 16.401220
 36.249140
 36.069380
 47.423620
 43.289720
 50.289170
 23.430750
  9.433981
 21.189620
 13.000000
 25.179360
 32.695560
 27.459060
 47.423620
 49.030600
 10.440310
 12.206560
 23.323810
 34.985710
 30.149630
 16.401220
 23.000000
 20.880610
 38.288380
 43.289720
 35.227830
 52.000000
 39.357340
 48.414880
 55.569770
 54.203320
 15.297060
 32.310990
 25.495100
  9.433981
 12.206560
 12.083050
 18.439090
 24.186770
 35.805030
 45.276920
 47.434170
 41.340050
 58.668560
 32.310990
 43.324360
 27.202940
 14.142140
 25.059930
 28.635640
 18.681540
  5.830952
  9.055386
 15.652480
 24.758840
 24.041630
 42.449970
 52.611790
 63.245550
 65.795140
 57.723480
 34.176010
 30.413810
 30.066590
 39.051250
 55.542780
 12.041590
  9.000000
 11.704700
 15.231550
 28.653100
 31.622780
 43.600460
 38.013160
 29.000000
 42.059480
 36.055510
 29.000000
 27.784890
 19.646880
 31.016120
  7.071068
 36.138620
 20.124610
 50.159740
 20.099750
 13.928390
 18.384780
 13.453620
 12.206560
 16.401220
 10.770330
 16.492420
 17.492860
 17.029390
 22.360680
 40.224370
 26.870060
 34.000000
 14.142140
 25.000000
 24.596750
  7.071068
   .000000
 32.202480
 25.806980
 20.000000
 20.880610
 12.206560
 13.892440
 22.135940
 35.171010
 22.022710
 47.296940
  7.615773
 32.893770
 33.837850
 43.185650
 47.169910
 48.041650
 42.485290
 14.035670
 11.000000
 35.227830
 19.235380
 22.472200
 39.204590
 33.955850
 33.120990
  7.071068
  5.000000
 35.014280
 30.413810
 22.472200
 29.154760
 25.495100
 51.312770
 50.606320
 46.872170
 34.132100
 15.811390
  5.000000
 30.413810
 25.000000
 43.566040
 19.313210
  7.211102
 19.235380
 39.824620
 21.213200
 34.058770
 42.047590
 29.410880
 12.369320
 24.331050
 13.601470
 27.294690
 53.851650
 43.104520
 34.669870
  5.000000
 35.608990
 39.849720
 52.801510
 13.152950
  7.615773
 17.691810
 40.804410
 47.518420
 48.507730
 36.235340
 25.179360
 25.059930
  4.242640
 18.248290
 30.000000
 17.029390
 36.138620
 13.416410
 19.313210
 25.298220
 32.526910
 14.142140
 30.265490
 63.411350
 53.000000
 48.795490
 53.488320
 39.051250
 38.483760
 23.769730
 32.695560
 31.622780
 18.384780
  8.062258
 14.560220
 34.409300
   .000000
 25.000000
 42.720020
 33.541020
 35.355340
 45.044420
 15.000000
 29.154760
 40.311290
 11.180340
 32.015620
 53.150730
 47.169910
 51.478150
 52.201530
 35.355340
 42.720020
 22.360680
 26.925820
 36.400550
 40.000000
 14.142140
 26.925820
 18.027760
 20.615530
 16.124520
  9.486833
 21.213200
 25.000000
 31.241000
  7.280110
 14.142140
 21.540660
 55.081760
 43.011630
 64.031240
 33.376640
 25.000000
 40.162170
 45.276920
 52.801510
 53.823790
 49.497470
 53.084840
 48.270070
 42.579340
 54.129470
  8.246211
 14.317820
 28.071340
 22.803510
 16.124520
 23.409400
 33.060550
 40.224370
 26.870060
 39.962480
 39.560080
 47.853940
 33.615470
 36.878180
 51.224990
 32.756680
 28.635640
 41.761230
  6.082763
 18.110770
 21.095020
 23.086790
 30.083220
 30.083220
 33.241540
 34.525350
  6.708204
  2.828427
  9.219544
  3.605551
  8.062258
  9.000000
 40.049970
 41.773200
 46.173580
 45.276920
 57.706150
 38.183770
 29.832870
 30.675720
 32.557640
 47.707440
 40.224370
 42.544090
 34.132100
 36.619670
 37.589890
 38.418750
 43.266620
 39.824620
 45.803930
 25.000000
 33.060550
 19.924860
 42.201900
 18.027760
   .000000
 26.076810
 30.413810
 25.000000
 48.600410
 48.383880
 45.000000
 36.891740
 16.552950
 37.656340
  8.062258
 37.576590
 32.557640
 58.412330
 28.861740
 12.529960
 13.038400
 29.832870
 44.721360
 53.225930
 58.137770
 29.529650
 14.000000
 20.396080
  6.708204
 13.416410
 60.926190
 46.669050
 30.364450
 20.615530
 30.000000
 10.049880
  7.071068
 46.690470
 47.169910
 39.051250
 43.104520
 40.447500
 39.012820
 44.045430
 11.180340
 22.360680
  7.071068
  7.071068
 46.615450
 36.715120
 29.614190
 44.102150
 35.510560
 18.027760
 43.416590
 57.384670
 48.373550
 13.341660
  4.123106
 24.698180
 26.832820
 50.249380
 48.301140
 19.416490
 21.213200
 28.160260
 40.162170
 42.579340
 38.052600
 23.086790
 39.217340
 53.758720
 56.859470
 51.264020
 55.569770
 37.536650
 48.507730
 28.160260
  7.615773
 52.201530
 31.064450
 13.453620
 14.317820
 43.566040
 49.648770
 23.086790
 18.027760
  6.403124
 51.923020
 45.099890
 35.440090
 66.603300
 25.495100
 18.867960
 29.832870
 32.310990
 46.097720
 10.630150
 17.029390
 32.202480
 20.223750
 25.000000
   .000000
 41.231060
 31.622780
 46.097720
 50.537110
 40.000000
 47.169910
 57.008770
 15.811390
 25.495100
 41.231060
 29.154760
 45.000000
 50.990200
 40.311290
 56.568540
 46.097720
 10.000000
 14.142140
 15.000000
 18.027760
 10.000000
 14.142140
 28.284270
 22.022710
 23.769730
 42.720020
 40.000000
 52.924470
 32.062440
 36.400550
 45.705580
 66.400300
 35.000000
 52.201530
  9.433981
 15.811390
 18.384780
 32.015620
 36.235340
 44.407210
 52.201530
 59.941640
 59.203040
 52.801510
 68.593000
 28.160260
 38.470770
 36.235340
 21.095020
  9.219544
  8.544003
  8.246211
 24.351590
 19.924860
 34.234490
 40.496910
 43.185650
 49.040800
 56.435800
 69.634760
 57.428220
 53.338540
 19.209370
 19.026300
 32.449960
 40.249220
 48.041650
  8.944272
 11.401750
 11.401750
 10.816650
 22.803510
 23.086790
 32.557640
 28.071340
 17.029390
 34.000000
 48.259710
 44.384680
 45.354160
 39.051250
 51.039200
 27.073970
 43.185650
 32.649650
 52.773100
 40.012500
 33.060550
 37.215590
 29.832870
 30.265490
 33.734260
 30.016660
 36.013890
 35.510560
 37.054020
 20.615530
 10.630150
 21.377560
 16.155490
 30.413810
 41.231060
 18.439090
 40.311290
 42.720020
 31.016120
 43.829210
 53.150730
 29.000000
 47.265210
 54.203320
 47.381430
  8.485281
 22.803510
 26.683330
 50.328920
 53.450910
 33.615470
 20.248460
  4.472136
 15.264340
 34.058770
 30.528680
 40.199500
 24.413110
 37.215590
 28.284270
 48.703180
 24.041630
 11.045360
 36.400550
 44.721360
 43.829210
 47.434170
 48.166380
 33.541020
 25.000000
 13.341660
 16.000000
 11.045360
 18.973670
 35.000000
 37.947330
 38.078870
 34.205260
  8.544003
 31.112700
 38.948680
 50.249380
  6.403124
 25.000000
 18.027760
 33.060550
 35.777090
 37.121420
 37.107950
 29.154760
 16.124520
 11.180340
 12.369320
 25.238860
 38.600520
 13.892440
  3.605551
 17.117240
 50.477720
 48.507730
 38.183770
 27.018510
 23.086790
 11.313710
 39.849720
 23.430750
 46.400430
 46.615450
 43.104520
 44.777230
 28.017850
 36.891740
 46.097720
 57.428220
 61.846580
 18.788290
 30.413810
 46.486560
 26.000000
 13.928390
 20.880610
 35.440090
 21.213200
 31.241000
 19.235380
 10.198040
 26.925820
 33.060550
 41.593270
 32.202480
 23.853720
 42.720020
 41.231060
   .000000
 10.000000
 20.615530
 13.928390
 50.000000
 33.541020
 35.355340
 35.355340
 15.811390
 20.000000
 29.154760
 11.180340
 10.000000
 11.180340
 30.000000
 46.097720
 31.622780
 36.055510
 47.169910
 50.249380
 50.990200
 30.000000
 22.360680
 26.925820
 50.447990
 39.051250
 27.202940
 43.829210
 43.909000
 55.901700
 59.405390
 32.695560
 11.180340
 26.925820
 48.466480
 25.495100
 35.468300
 20.124610
 28.160260
 16.492420
 12.041590
 22.203600
 26.925820
 22.090720
 39.051250
 36.235340
 44.045430
 17.691810
 22.022710
 42.011900
 48.507730
 42.047590
 24.758840
 21.377560
  8.485281
  4.472136
  6.708204
 29.410880
 40.804410
 47.000000
 66.468040
 54.817880
 57.697490
 41.976180
 27.802880
 34.058770
 56.639210
 34.928500
 31.780500
 35.355340
 38.948680
 36.055510
 40.162170
 50.990200
 45.694640
 41.593270
 46.647610
 17.000000
  7.071068
  4.123106
  8.062258
 16.278820
 17.691810
 24.596750
 12.083050
 40.311290
 11.000000
 10.630150
  6.708204
 11.401750
 11.661900
  7.615773
 13.453620
  9.848858
  6.403124
 12.369320
 11.180340
  8.544003
 11.704700
 15.524170
 20.615530
 31.622780
  8.944272
 32.015620
 33.541020
 29.017240
 39.000000
 46.097720
 23.259410
 37.336310
 45.803930
 37.483330
  7.211102
 16.124520
 30.528680
 41.146080
 44.011360
 25.495100
 17.029390
 14.142140
 22.203600
 34.928500
 22.627420
 30.265490
 17.204650
 27.294690
 18.439090
 46.389650
 23.194830
  1.414214
 26.925820
 36.055510
 35.227830
 38.078870
 42.190040
 30.413810
 20.615530
 18.384780
 18.867960
 14.212670
 18.439090
 25.000000
 28.635640
 29.154760
 24.698180
 15.264340
 25.059930
 30.610460
 43.416590
  6.403124
 15.000000
 17.464250
 33.955850
 32.557640
 27.166150
 27.513630
 20.248460
  6.324555
 20.615530
 17.691810
 17.804490
 29.154760
  7.280110
  8.544003
 20.808650
 42.520580
 38.897300
 31.906110
 28.460500
 27.802880
 19.697720
 38.052600
 18.681540
 41.146080
 37.589890
 33.136080
 40.804410
 20.615530
 29.000000
 36.124780
 49.578220
 54.451810
 10.630150
 20.615530
 37.161810
 31.241000
 19.849430
 20.396080
 39.446170
 15.811390
 24.413110
 11.401750
  2.000000
 25.000000
 23.086790
 31.780500
 24.839490
 16.401220
 33.541020
 31.622780
 10.000000
   .000000
 20.615530
 19.849430
 42.426410
 30.413810
 35.355340
 25.495100
  7.071068
 22.360680
 25.495100
 18.027760
 20.000000
 11.180340
 31.622780
 40.311290
 22.360680
 28.284270
 39.051250
 40.311290
 41.231060
 20.000000
 14.142140
 17.464250
 40.804410
 33.541020
 22.803510
 40.261640
 35.608990
 47.169910
 51.662360
 37.802120
 11.180340
 32.015620
 39.357340
 15.811390
 28.600700
 18.027760
 27.073970
 21.260290
 20.615530
 29.206160
 31.064450
 25.059930
 42.485290
 27.802880
 36.878180
 13.152950
 12.041590
 32.015620
 38.639360
 33.286630
 19.313210
 11.704700
  7.211102
  8.944272
 14.317820
 28.017850
 39.051250
 48.052060
 59.816390
 49.244290
 48.877400
 32.280030
 20.808650
 28.635640
 49.678970
 26.076810
 23.021730
 27.018510
 30.610460
 26.832820
 30.870700
 42.190040
 36.715120
 31.780500
 38.418750
 19.723080
 13.038400
 14.035670
 12.041590
 24.186770
 12.369320
 22.022710
  5.099020
 37.483330
 14.866070
  8.544003
  9.219544
  3.162278
  6.000000
  4.242640
  9.000000
 10.816650
  6.403124
 13.892440
 21.213200
 28.071340
 28.844410
  5.099020
 29.154760
 46.097720
 20.615530
 30.000000
 35.355340
 10.816650
 25.612500
 38.078870
 15.033300
 44.598210
 42.579340
 49.396350
 14.035670
 14.317820
 12.529960
 42.047590
 58.412330
 44.102150
 37.483330
 23.769730
 14.764820
 14.317820
 21.377560
 38.483760
 37.161810
 40.000000
 33.241540
 28.231190
  3.605551
 21.840330
 31.622780
 35.000000
 52.497620
 53.150730
 31.384710
 14.142140
 10.000000
 33.955850
 36.345560
 31.257000
  2.236068
 36.055510
 32.015620
 46.097720
 40.311290
 14.422200
 17.117240
 29.017240
 34.928500
 24.000000
 28.284270
  3.162278
 13.341660
 16.278820
 36.235340
 42.449970
 23.769730
 21.095020
 29.154760
 11.313710
 37.576590
 33.241540
 27.892650
 17.262680
 37.656340
 37.854990
 42.755120
 23.086790
  8.062258
 12.165530
 17.691810
 19.313210
 10.198040
 28.600700
 38.052600
 44.418460
 25.495100
 18.439090
 47.707440
 44.384680
 43.965900
 47.010640
 30.463090
 29.154760
 52.402290
 46.486560
 34.481880
 40.012500
 20.518280
 36.400550
 44.283180
 16.278820
 18.681540
  7.071068
 35.608990
 38.275320
 21.023800
 36.249140
 35.355340
 46.097720
 20.615530
 20.615530
   .000000
 12.206560
 36.400550
 14.142140
 15.000000
 33.541020
 26.925820
 40.311290
 46.097720
 31.622780
 25.000000
 10.000000
 11.180340
 29.154760
 39.051250
 47.169910
 57.008770
 47.434170
 54.083270
 32.015620
 18.027760
 24.698180
 44.721360
 22.360680
 11.180340
 24.207440
 33.060550
 45.276920
 45.541190
 20.591260
 30.000000
 47.434170
 55.172460
 32.015620
 48.301140
 38.209950
 47.095650
 37.107950
 18.439090
 18.110770
 13.416410
  7.280110
 22.803510
 27.166150
 30.083220
  9.899495
 25.495100
 42.544090
 50.774010
 50.328920
 39.849720
 28.844410
 26.019220
 16.278820
 27.202940
  8.944272
 20.248460
 27.459060
 49.929950
 37.013510
 65.069190
 37.643060
 17.262680
 18.027760
 41.146080
 43.416590
 40.804410
 45.221680
 48.600410
 30.083220
 33.734260
 41.048750
 37.054020
 38.275320
 35.227830
  5.830952
 14.317820
 21.023800
 28.284270
 35.777090
 32.984840
  6.324555
 16.155490
 20.248460
 31.400640
 28.071340
 26.076810
 23.769730
 26.476400
 23.086790
 29.427880
 29.017240
 24.000000
 32.062440
 26.248810
 24.186770
 31.064450
 11.180340
 35.902650
 50.537110
 24.698180
 40.607880
 45.044420
 22.627420
 37.802120
 50.089920
 26.248810
 52.611790
 53.851650
 55.362440
 13.038400
 23.021730
 13.038400
 52.239830
 63.063460
 45.343140
 34.000000
 15.033300
  3.000000
 22.135940
 31.144820
 45.891170
 36.796740
 45.310040
 37.121420
 39.115220
 15.620500
 21.260290
 40.112340
 45.541190
 55.000000
 57.306190
 43.566040
 26.248810
 21.189620
 26.076810
 29.427880
 24.738630
 12.083050
 42.059480
 41.012190
 48.826220
 43.909000
  5.385165
 28.460500
 39.458840
 46.957430
 19.723080
 32.695560
 11.704700
 21.189620
 28.319600
 43.174060
 46.529560
 32.062440
 23.706540
 18.681540
  2.236068
 37.483330
 42.047590
 26.248810
 12.206560
 30.149630
 49.335590
 52.009610
 34.928500
 15.231550
  9.219544
  5.830952
 30.232430
 20.615530
 40.804410
 48.259710
 50.596440
 37.483330
 28.160260
 48.836460
 51.971150
 55.713550
 59.033890
 30.413810
 35.902650
 56.435800
 37.336310
 26.000000
 34.785050
 21.587030
 34.409300
 43.931770
 22.360680
 18.601080
 19.209370
 40.853400
 46.389650
 31.575310
 36.069380
 45.044420
 50.537110
 13.928390
 19.849430
 12.206560
   .000000
 48.104050
 26.248810
 24.166090
 40.792160
 26.907250
 33.376640
 42.941820
 23.000000
 13.928390
 10.440310
 17.720050
 41.340050
 41.880780
 48.104050
 58.898220
 55.578770
 59.615430
 37.336310
 25.179360
 31.575310
 54.009260
 34.481880
 22.847320
 36.069380
 43.931770
 56.293870
 57.384670
 18.788290
 25.079870
 38.327540
 58.830270
 34.985710
 48.166380
 34.014700
 42.059480
 29.017240
  6.403124
  9.433981
 13.152950
  9.486833
 25.317980
 37.215590
 41.785160
 17.000000
 29.546570
 49.040800
 56.648040
 53.009430
 38.013160
 31.064450
 21.954500
 11.401750
 19.104970
 20.518280
 31.064450
 34.365680
 62.128900
 49.203660
 68.505480
 46.173580
 27.294690
 29.966650
 53.235320
 45.803930
 42.801870
 46.861500
 50.447990
 39.012820
 43.000000
 51.788030
 47.265210
 46.389650
 46.324940
  6.403124
  7.211102
 12.041590
 21.840330
 25.709920
 30.805840
 18.357560
 17.888540
 31.890440
 24.515300
 24.186770
 20.615530
 22.627420
 24.207440
 20.000000
 26.627050
 23.769730
 19.723080
 26.248810
 32.015620
 50.328920
 38.948680
 37.161810
 26.925820
 40.000000
 34.058770
 11.180340
 15.000000
 29.017240
 16.155490
  5.000000
 21.931710
 25.961510
  7.615773
 36.674240
 41.617310
 27.202940
 46.173580
 13.892440
 47.296940
 48.270070
 55.226810
 54.405880
 50.921510
 38.209950
 19.798990
 26.000000
 48.332180
 34.132100
 36.055510
 28.844410
 33.734260
 42.449970
 20.615530
 10.000000
 50.010000
 45.276920
 10.000000
 25.000000
 26.925820
 60.811180
 60.959000
 56.586220
 36.055510
 30.413810
 18.439090
 45.276920
 39.623230
 48.301140
 19.697720
 12.529960
  5.000000
 48.795490
 33.541020
 36.400550
 38.118240
 24.083190
 27.166150
 39.204590
 23.021730
 36.878180
 61.032780
 46.615450
 47.927030
 19.235380
 46.400430
 46.615450
 63.031740
  2.828427
 19.313210
 13.341660
 39.115220
 47.675990
 52.801510
 29.120440
 27.730850
 13.892440
 12.369320
 33.136080
 20.124610
 22.022710
 50.803540
 27.658630
  7.615773
 12.041590
 44.418460
 26.925820
 45.177430
 73.593480
 62.241470
 60.464870
 50.159740
 51.478150
 52.497620
 31.144820
 41.036570
 30.413810
 32.756680
 23.021730
 17.804490
 47.423620
 15.000000
 40.000000
 50.000000
 42.426410
 36.400550
 48.104050
   .000000
 25.000000
 35.355340
 25.495100
 43.011630
 64.031240
 60.415230
 60.207970
 58.309520
 40.311290
 40.000000
 11.180340
 41.231060
 50.990200
 55.000000
 26.925820
 41.231060
 31.622780
 28.284270
 26.925820
 20.124610
 15.000000
 25.298220
 21.931710
  8.246211
 11.180340
  9.433981
 53.000000
 53.150730
 74.330350
 48.259710
 38.078870
 54.571060
 57.140180
 65.368190
 63.655320
 53.712200
 54.341510
 47.169910
 42.755120
 49.648770
 15.264340
  6.324555
 32.756680
 34.132100
 31.064450
 37.854990
 48.041650
 53.225930
 38.948680
 49.517670
 46.043460
 56.080300
 31.064450
 29.410880
 43.462630
 18.384780
 14.317820
 56.293870
 21.023800
 22.203600
 18.439090
  8.246211
 44.721360
 44.384680
 47.853940
 49.365980
 18.973670
 17.117240
 10.000000
 12.165530
 23.021730
  6.000000
 42.059480
 47.010640
 52.697250
 54.451810
 66.068150
 49.929950
 30.083220
 38.288380
 25.000000
 57.280010
 50.328920
 51.623640
 43.931770
 46.861500
 46.669050
 49.203660
 53.075420
 48.795490
 55.973210
 25.495100
 38.832980
 34.525350
 17.492860
 29.154760
 47.169910
 26.172500
 22.360680
 29.154760
  4.123106
 11.661900
 25.495100
 10.295630
 40.607880
 32.140320
 48.166380
 25.632010
 16.278820
 21.377560
 34.176010
 58.412330
 49.040800
 47.169910
 37.215590
 28.600700
 13.601470
 17.804490
 36.069380
 44.283180
 40.496910
 36.400550
 16.031220
 10.630150
 31.257000
 28.284270
 26.925820
 55.461700
 54.083270
 18.027760
   .000000
 10.000000
 46.615450
 48.383880
 43.324360
 15.000000
 36.055510
 27.658630
 49.244290
 42.953460
 28.425340
 10.630150
 21.954500
 22.360680
 35.440090
 31.622780
 15.811390
 13.341660
  2.236068
 34.828150
 44.294470
 22.472200
 28.017850
 43.011630
 25.455840
 44.407210
 29.068880
 37.121420
 29.966650
 49.980000
 27.073970
 36.715120
 12.369320
 14.317820
 23.409400
 31.827660
  8.544003
 12.000000
 14.764820
 30.463090
 43.278170
 11.401750
 16.124520
 52.497620
 41.109610
 32.140320
 34.205260
 38.052600
 29.154760
 53.535030
 59.506300
 47.423620
 50.803540
 25.317980
 45.000000
 50.803540
 21.095020
 28.442920
  7.071068
 36.715120
 34.713110
 15.556350
 43.289720
 29.154760
 47.169910
 33.541020
 30.413810
 14.142140
 26.248810
 25.000000
   .000000
 11.180340
 32.015620
 35.000000
 52.201530
 55.000000
 44.721360
 39.051250
 22.360680
 15.000000
 15.811390
 42.720020
 52.201530
 60.415230
 43.011630
 53.150730
 33.541020
 20.615530
 25.495100
 38.470770
 10.000000
  8.062258
 10.295630
 24.351590
 35.355340
 33.376640
 28.000000
 41.231060
 60.415230
 56.603890
 36.400550
 54.341510
 48.373550
 57.428220
 49.769470
 32.557640
 30.463090
 22.360680
 18.788290
 25.298220
 21.400930
 19.104970
 17.262680
 29.832870
 41.109610
 49.578220
 53.225930
 48.041650
 34.525350
 37.107950
 29.068880
 40.249220
  6.324555
  9.486833
 22.671570
 36.235340
 23.021730
 66.287250
 33.421550
 14.764820
  8.062258
 28.160260
 47.169910
 45.221680
 49.648770
 52.554730
 26.172500
 28.600700
 32.015620
 29.546570
 34.713110
 25.709920
 19.849430
 28.017850
 34.669870
 40.496910
 49.396350
 42.047590
  8.944272
 25.317980
  7.071068
 43.657760
 38.832980
 37.947330
 33.241540
 36.345560
 33.955850
 39.319210
 40.521600
 35.440090
 43.680660
 33.541020
 43.046490
 42.154480
 20.024980
 39.051250
 57.008770
 33.615470
 33.541020
 40.311290
  8.485281
 20.024980
 35.000000
 20.518280
 51.613950
 42.755120
 58.694120
 29.017240
 24.698180
 14.212670
 45.310040
 68.680420
 57.271290
 52.345010
 38.078870
 25.553870
  3.162278
 28.319600
 46.754680
 51.244510
 50.447990
 45.276920
 15.556350
 12.165530
 36.496570
 39.051250
 38.078870
 64.660650
 64.031240
 27.018510
 11.180340
 18.027760
 48.662100
 51.244510
 46.173580
 17.029390
 46.097720
 38.600520
 58.309520
 52.153620
 28.160260
 21.400930
 33.120990
 32.015620
 39.000000
 40.311290
 18.027760
  3.605551
 11.401750
 45.254830
 53.823790
 32.557640
 34.785050
 42.720020
 24.351590
 51.546100
 40.000000
 42.579340
 32.140320
 52.469040
 37.656340
 47.885280
 23.409400
  8.944272
 17.691810
 29.966650
  7.615773
 19.723080
 23.086790
 41.629320
 53.740120
 17.464250
 26.172500
 60.835850
 52.009610
 42.047590
 43.185650
 44.643030
 39.051250
 63.411350
 60.876930
 49.030600
 55.009090
 15.033300
 50.990200
 58.189350
 28.635640
 33.376640
 11.180340
 46.400430
 45.607020
 26.400760
 50.289170
 40.311290
 57.008770
 35.355340
 35.355340
 15.000000
 24.166090
 35.355340
 11.180340
   .000000
 42.426410
 41.231060
 55.226810
 60.827630
 46.097720
 38.078870
 25.000000
  7.071068
 25.000000
 51.478150
 60.415230
 69.462220
 54.083270
 63.639610
 43.011630
 29.154760
 35.000000
 49.648770
 20.615530
 17.029390
 15.524170
 35.468300
 46.097720
 43.000000
 18.681540
 45.000000
 61.846580
 66.400300
 44.721360
 62.032250
 53.150730
 62.072540
 51.788030
 30.413810
 24.758840
 15.000000
 14.764820
 14.317820
 32.449960
 29.832870
 23.086790
 38.013160
 51.623640
 60.108230
 62.433960
 54.341510
 42.154480
 41.012190
 31.144820
 41.773200
  8.062258
  8.062258
 13.000000
 43.680660
 30.083220
 76.216800
 44.407210
 24.758840
 19.235380
 37.121420
 55.946400
 53.665630
 58.137770
 61.294370
 37.013510
 39.661060
 43.011630
 40.718550
 45.607020
 36.687870
 18.681540
 28.635640
 35.171010
 43.185650
 49.648770
 47.675990
 14.317820
 30.594120
 11.180340
 46.270940
 43.046490
 41.048750
 38.470770
 41.303750
 38.052600
 44.283180
 44.011360
 39.000000
 47.042530
 15.000000
 30.870700
 16.643320
 30.675720
  5.000000
 15.811390
 17.029390
 15.000000
 11.180340
 33.941120
 32.572990
 30.413810
 21.931710
 12.000000
 25.059930
 16.278820
 29.017240
 19.235380
 46.065170
 17.691810
 26.400760
 22.803510
 32.557640
 39.623230
 43.737850
 43.931770
 14.212670
  5.099020
 24.207440
  9.219544
 11.401750
 45.188500
 33.286630
 24.738630
  5.000000
 15.811390
 25.317980
 22.360680
 31.144820
 32.015620
 25.000000
 42.047590
 40.816660
 37.576590
 31.780500
  5.000000
  7.071068
 20.000000
 14.142140
 38.118240
 21.400930
 14.035670
 29.068880
 31.320920
 11.180340
 31.384710
 43.278170
 33.015150
  2.828427
 14.035670
 10.000000
 19.235380
 46.097720
 38.639360
 23.600850
  6.324555
 25.942240
 33.060550
 43.046490
 24.041630
 13.892440
 23.409400
 40.496910
 45.310040
 43.104520
 40.224370
 23.853720
 32.756680
 15.264340
 11.313710
 36.400550
 16.278820
 25.317980
 11.180340
 30.463090
 36.400550
 22.203600
  5.000000
 21.931710
 53.535030
 43.863430
 38.288380
 53.535030
 28.284270
 27.313000
 18.439090
 25.179360
 32.015620
  7.280110
  6.324555
 16.643320
 23.430750
 11.180340
 15.811390
 35.355340
 25.495100
 33.541020
 40.792160
 25.495100
 32.015620
 42.426410
   .000000
 22.360680
 43.011630
 36.055510
 42.720020
 45.276920
 30.413810
 43.011630
 30.413810
 15.811390
 25.495100
 30.413810
 15.000000
 21.213200
  7.071068
 15.811390
  9.219544
 15.652480
 26.925820
 25.495100
 37.161810
 17.262680
 25.000000
 32.695560
 54.120240
 33.541020
 54.083270
 25.079870
 14.142140
 29.120440
 34.713110
 41.868840
 44.294470
 44.102150
 49.729270
 46.957430
 40.718550
 55.000000
 12.369320
 23.021730
 24.351590
 13.601470
  9.219544
 17.691810
 23.194830
 29.206160
 16.643320
 31.016120
 33.015150
 39.560080
 34.713110
 41.048750
 54.671750
 43.680660
 38.013160
 34.481880
  7.211102
 17.691810
 24.698180
 33.734260
 19.235380
 18.973670
 22.360680
 24.020820
  7.071068
  8.544003
 20.248460
 14.764820
  6.324555
 19.646880
 37.000000
 36.055510
 39.204590
 36.400550
 49.040800
 27.802880
 29.410880
 24.000000
 37.215590
 38.483760
 30.870700
 33.837850
 25.298220
 27.313000
 29.120440
 28.653100
 34.014700
 31.320920
 36.235340
 11.180340
  8.544003
  6.082763
 21.931710
 18.027760
 25.495100
  9.486833
 32.015620
 32.015620
 34.234490
 42.201900
 47.169910
 26.476400
 33.526110
 45.254830
 32.015620
 14.212670
 19.235380
 37.443290
 39.408120
 37.643060
 18.439090
 12.649110
 19.235380
 29.206160
 41.109610
 23.706540
 26.570660
 10.295630
 22.022710
 13.038400
 51.009800
 29.120440
  5.656854
 25.000000
 35.355340
 28.301940
 31.622780
 44.384680
 35.000000
 25.000000
 19.697720
 18.601080
 15.231550
 24.698180
 20.615530
 27.018510
 22.360680
 18.439090
 22.203600
 27.892650
 30.610460
 44.777230
 10.049880
 11.180340
 23.769730
 40.162170
 37.013510
 23.409400
 21.377560
 20.000000
  7.071068
 25.000000
 24.758840
 10.816650
 27.202940
  3.605551
 15.264340
 20.808650
 42.638010
 36.235340
 34.176010
 34.928500
 34.828150
 26.419690
 43.104520
 23.000000
 43.965900
 36.235340
 28.071340
 44.553340
 22.472200
 21.931710
 32.015620
 49.678970
 55.000000
  3.605551
 18.027760
 30.675720
 31.400640
 21.540660
 17.492860
 46.324940
 10.000000
 17.492860
 14.142140
  8.602325
 30.413810
 18.248290
 28.635640
 26.400760
  9.433981
 32.015620
 25.495100
 15.811390
  7.071068
 26.925820
 26.907250
 43.011630
 35.000000
 41.231060
 22.360680
   .000000
 21.213200
 20.000000
 20.615530
 25.495100
 18.027760
 38.078870
 42.720020
 15.811390
 21.213200
 32.015620
 36.400550
 35.355340
 15.811390
 15.811390
 16.278820
 38.013160
 36.400550
 27.018510
 44.283180
 35.468300
 46.097720
 51.855570
 44.821870
 11.180340
 32.015620
 32.695560
 10.000000
 21.633310
 14.317820
 23.086790
 21.954500
 27.294690
 36.235340
 38.013160
 31.906110
 49.244290
 27.802880
 38.078870
 18.248290
  9.219544
 27.294690
 33.060550
 26.419690
 13.152950
  6.082763
  9.055386
 15.811390
 18.027760
 33.541020
 44.102150
 54.120240
 61.057350
 51.623640
 42.059480
 29.529650
 23.086790
 31.780500
 50.774010
 19.235380
 16.124520
 20.000000
 23.600850
 25.495100
 29.206160
 41.109610
 35.468300
 28.635640
 38.288380
 26.627050
 20.000000
 19.924860
 14.317820
 26.925820
  7.280110
 27.294690
 10.770330
 42.011900
 16.155490
  8.544003
 12.041590
  4.472136
  5.099020
  8.246211
  6.403124
 11.704700
 10.049880
 13.892440
 32.015620
 13.892440
 26.400760
 35.510560
 39.051250
 41.231060
 30.000000
 53.150730
 53.150730
 50.219520
 61.326990
 68.007350
 45.617980
 53.235320
 66.468040
 49.040800
 26.683330
 38.470770
 46.389650
 60.440050
 51.156620
 29.154760
 11.401750
 18.439090
 33.955850
 54.037030
 44.407210
 46.647610
 20.880610
 40.311290
 32.249030
 67.911710
 43.566040
 21.954500
 46.097720
 56.568540
 39.000000
 45.276920
 64.498060
 52.201530
 42.720020
  7.615773
  4.000000
  9.055386
 38.470770
 40.311290
 48.166380
 35.355340
 34.785050
 28.160260
 47.413080
 51.739730
 65.459920
 16.763050
 32.015620
 37.483330
 53.037720
 54.405880
 43.566040
 37.643060
 41.109610
 27.202940
 18.027760
 32.140320
 21.840330
 48.270070
 17.691810
 23.086790
  3.605551
 63.780880
 56.859470
 54.203320
 47.010640
 42.579340
 29.120440
 59.228370
 40.853400
 63.505910
 57.384670
 46.238510
 62.968250
 42.720020
 31.000000
 51.429560
 70.837840
 76.059190
 20.808650
 39.051250
 44.283180
 10.770330
  8.602325
  6.000000
 54.918120
 15.811390
 24.000000
 33.615470
 24.166090
 46.097720
 37.589890
 49.091750
 46.872170
 21.189620
 53.150730
 41.231060
 20.000000
 22.360680
 40.311290
 33.376640
 64.031240
 52.201530
 55.226810
 43.011630
 21.213200
   .000000
 15.811390
 11.180340
 22.360680
 30.413810
 50.000000
 62.649820
 31.622780
 30.000000
 40.311290
 55.901700
 50.990200
 36.055510
 36.055510
 37.483330
 58.523500
 55.901700
 44.944410
 62.297670
 56.639210
 67.268120
 73.000000
 51.662360
 11.180340
 11.180340
 45.044420
 29.154760
 27.166150
  9.219544
 10.630150
  5.656854
 29.410880
 40.162170
 46.529560
 42.047590
 58.694120
 48.918300
 58.821770
 35.114100
 30.413810
 46.097720
 49.729270
 38.052600
 17.117240
 26.400760
 15.231550
 24.083190
 14.317820
 48.836460
 60.207970
 67.000000
 81.841310
 71.589100
 52.239830
 50.219520
 43.046490
 50.990200
 71.610050
 32.557640
 29.832870
 31.144820
 34.014700
 46.690470
 50.328920
 62.289650
 56.639210
 49.091750
 59.464280
 37.000000
 27.018510
 21.377560
 12.041590
 13.601470
 15.264340
 43.416590
 27.313000
 59.203040
  9.000000
 13.892440
 14.317820
 20.248460
 17.204650
 18.384780
 14.866070
 11.704700
 16.763050
  8.544003
 30.413810
 18.788290
 21.840330
 41.000000
 33.541020
 29.154760
 29.154760
 49.244290
 47.169910
 54.147950
 61.814240
 65.000000
 46.270940
 43.863430
 61.057350
 37.215590
 32.280030
 39.115220
 55.154330
 53.600370
 37.107950
 16.124520
  8.944272
 29.832870
 44.418460
 60.415230
 42.449970
 38.288380
 12.083050
 30.413810
 24.698180
 71.007040
 48.662100
 24.331050
 40.311290
 51.478150
 24.515300
 31.622780
 63.324560
 55.000000
 45.000000
 21.633310
 17.492860
 19.798990
 43.931770
 32.015620
 42.544090
 22.360680
 24.083190
 37.589890
 47.518420
 47.927030
 62.968250
 23.259410
 26.925820
 42.953460
 59.439040
 57.008770
 35.608990
 26.400760
 37.947330
 27.018510
 32.015620
 41.146080
 12.529960
 42.190040
 18.248290
 30.870700
 18.788290
 59.481090
 48.918300
 53.366660
 53.851650
 51.894120
 40.224370
 63.071390
 43.000000
 63.348240
 51.312770
 35.608990
 64.381680
 41.773200
 16.763050
 41.773200
 66.241980
 72.006940
 17.117240
 33.541020
 30.675720
 25.019990
 23.323810
 10.295630
 64.078080
 10.000000
 10.295630
 34.058770
 27.459060
 50.249380
 29.206160
 41.231060
 45.354160
 13.000000
 47.169910
 29.154760
 29.154760
 25.495100
 46.097720
 42.941820
 60.415230
 55.000000
 60.827630
 36.055510
 20.000000
 15.811390
   .000000
 25.000000
 35.355340
 36.400550
 57.008770
 61.846580
 21.213200
 15.811390
 25.000000
 46.097720
 38.078870
 29.154760
 35.355340
 33.837850
 50.249380
 55.901700
 47.010640
 64.195010
 52.325900
 61.032780
 68.476270
 61.717100
 18.027760
 25.000000
 30.805840
 22.360680
 12.165530
  9.219544
  7.280110
 21.023800
 40.804410
 51.312770
 55.542780
 49.980000
 67.416620
 45.310040
 56.302750
 38.118240
 26.925820
 36.124780
 37.589890
 24.041630
  7.280110
 21.840330
 21.023800
 31.780500
 26.172500
 53.338540
 64.070270
 73.545910
 78.790860
 70.604530
 37.000000
 42.801870
 42.579340
 51.478150
 68.541960
 20.248460
 18.439090
 17.888540
 19.924860
 41.593270
 44.418460
 56.302750
 50.774010
 41.231060
 55.009090
 44.598210
 35.777090
 32.202480
 22.022710
 29.068880
 13.152950
 47.169910
 30.265490
 62.008060
 20.518280
 18.788290
 22.472200
 22.360680
 19.646880
 23.409400
 16.763050
 19.416490
 23.259410
 17.691810
 29.154760
 12.165530
 26.683330
 27.313000
 38.078870
 45.000000
 26.925820
 50.000000
 51.478150
 42.154480
 54.918120
 63.639610
 39.824620
 54.120240
 63.820060
 52.153620
 19.416490
 33.241540
 36.013890
 59.059290
 56.320510
 34.713110
 17.464250
  8.062258
 23.194830
 44.553340
 40.459860
 47.127490
 25.317980
 42.426410
 33.541020
 59.808030
 35.114100
 18.357560
 44.721360
 54.083270
 45.122060
 50.249380
 59.033890
 44.721360
 36.055510
  3.605551
  7.810250
  6.082763
 30.083220
 41.231060
 46.529560
 40.311290
 38.013160
 18.110770
 41.868840
 48.600410
 60.827630
 11.661900
 31.622780
 29.154760
 43.566040
 46.957430
 43.965900
 41.012190
 38.275320
 24.186770
  7.071068
 22.090720
 26.305890
 46.957430
 17.262680
 14.764820
  7.615773
 60.440050
 56.462380
 48.918300
 37.483330
 32.062440
 18.248290
 50.921510
 34.409300
 57.428220
 55.569770
 48.507730
 55.946400
 38.209950
 37.363080
 52.630790
 67.475920
 72.180330
 22.090720
 38.078870
 49.254440
 14.866070
  3.000000
 14.866070
 44.283180
 20.615530
 30.675720
 29.068880
 19.209370
 38.078870
 38.832980
 49.040800
 42.449970
 25.179360
 51.478150
 45.000000
 11.180340
 18.027760
 31.622780
 23.000000
 60.207970
 44.721360
 46.097720
 42.720020
 20.615530
 11.180340
 25.000000
   .000000
 11.180340
 22.360680
 40.311290
 57.008770
 35.000000
 36.400550
 47.434170
 57.008770
 55.000000
 36.400550
 32.015620
 35.355340
 58.309520
 50.000000
 38.275320
 55.009090
 53.600370
 65.192020
 69.526970
 40.792160
 10.000000
 15.811390
 50.635960
 30.413810
 34.539830
 16.124520
 21.400930
  6.082763
 18.439090
 29.120440
 36.055510
 32.140320
 48.166380
 45.803930
 54.451810
 28.600700
 29.154760
 47.853940
 53.084840
 43.737850
 23.409400
 26.683330
 11.704700
 15.652480
  4.472136
 40.496910
 51.865210
 57.218880
 77.155690
 65.802730
 58.940650
 49.769470
 38.183770
 45.000000
 67.178860
 37.215590
 34.132100
 36.674240
 40.024990
 44.777230
 48.764740
 60.207970
 54.708320
 49.040800
 56.400360
 27.459060
 17.464250
 11.045360
  6.324555
  6.324555
 18.110770
 35.777090
 21.931710
 51.478150
  5.099020
 12.165530
  8.944272
 17.464250
 15.524170
 13.892440
 15.033300
  9.055386
 11.661900
  8.246211
 30.413810
 18.788290
 31.257000
 21.931710
 40.311290
 50.990200
 28.284270
 49.244290
 52.201530
 35.805030
 50.209560
 61.032780
 36.619670
 57.218880
 63.071390
 57.314920
 17.088010
 31.304950
 26.305890
 59.774580
 63.063460
 42.544090
 27.018510
  6.324555
 13.152950
 36.055510
 39.395430
 50.159740
 33.105890
 47.169910
 38.209950
 52.839380
 28.600700
 21.023800
 46.097720
 53.851650
 52.924470
 57.008770
 55.317270
 39.051250
 32.015620
 14.764820
 18.867960
 15.556350
 24.083190
 45.000000
 47.539460
 47.434170
 43.931770
 10.630150
 38.832980
 47.927030
 58.008620
 15.524170
 35.000000
 23.345240
 35.114100
 41.231060
 47.095650
 46.872170
 38.600520
 26.076810
  5.000000
 13.892440
 34.014700
 48.270070
 23.086790
 12.369320
 18.788290
 59.059290
 58.249460
 45.803930
 29.154760
 22.203600
  8.246211
 43.909000
 30.805840
 53.037720
 55.973210
 53.084840
 50.447990
 36.674240
 45.617980
 56.080300
 65.863490
 69.892780
 28.160260
 40.311290
 56.044620
 24.000000
 13.928390
 25.612500
 34.000000
 29.154760
 39.446170
 28.460500
 20.099750
 32.015620
 43.046490
 51.478150
 40.706260
 32.695560
 52.201530
 50.990200
 10.000000
 20.000000
 25.000000
 13.928390
 58.309520
 39.051250
 38.078870
 45.276920
 25.495100
 22.360680
 35.355340
 11.180340
   .000000
 18.027760
 31.622780
 53.150730
 41.231060
 44.721360
 55.901700
 60.207970
 60.827630
 40.000000
 31.622780
 36.674240
 60.207970
 46.097720
 34.058770
 49.203660
 52.801510
 65.000000
 67.742160
 30.149630
 18.027760
 25.000000
 57.870540
 35.355340
 43.566040
 26.172500
 32.449960
 17.088010
  8.062258
 18.248290
 26.172500
 23.409400
 38.013160
 45.310040
 52.153620
 25.553870
 32.015620
 52.009610
 58.420890
 51.264020
 32.449960
 31.257000
 17.088010
 12.649110
  9.219544
 33.837850
 44.777230
 48.052060
 73.878280
 61.522350
 66.850580
 51.788030
 36.235340
 41.231060
 64.404970
 44.271890
 41.109610
 44.384680
 47.927030
 45.607020
 49.729270
 60.166440
 55.027270
 51.478150
 55.461700
 19.723080
 11.401750
  6.082763
 13.601470
 12.041590
 25.942240
 30.413810
 21.587030
 45.221680
 14.866070
 18.788290
 14.317820
 21.213200
 20.880610
 17.262680
 21.931710
 16.643320
 15.524170
 17.691810
 15.811390
 18.110770
 21.260290
  5.099020
 25.495100
 40.311290
 14.317820
 31.622780
 35.355340
 19.924860
 32.802440
 43.011630
 18.601080
 42.296570
 45.310040
 44.944410
  4.123106
 13.601470
 19.416490
 42.755120
 52.839380
 36.124780
 27.658630
 15.000000
 13.341660
 24.186770
 21.840330
 35.510560
 28.301940
 34.928500
 26.925820
 37.643060
 13.152950
 12.529960
 30.000000
 36.400550
 45.343140
 47.169910
 37.483330
 22.360680
 14.142140
 24.351590
 26.476400
 21.377560
  8.062258
 31.622780
 31.064450
 39.051250
 33.837850
  8.246211
 20.808650
 30.364450
 40.000000
 14.000000
 22.360680
  7.071068
 23.194830
 24.596750
 32.756680
 36.359320
 22.022710
 13.601470
 21.213200
  8.246211
 28.844410
 32.015620
 18.384780
  7.615773
 27.892650
 41.146080
 42.047590
 27.802880
 17.464250
 16.970560
 13.152950
 28.861740
 12.806250
 35.468300
 38.832980
 40.162170
 33.615470
 18.973670
 39.698870
 41.593270
 47.885280
 51.865210
 21.633310
 25.495100
 46.324940
 37.161810
 25.079870
 30.016660
 28.301940
 26.925820
 35.510560
 12.041590
  9.433981
 15.811390
 30.463090
 36.124780
 22.847320
 27.459060
 35.355340
 40.311290
 11.180340
 11.180340
 10.000000
 10.440310
 40.311290
 22.360680
 25.000000
 30.413810
 18.027760
 30.413810
 36.400550
 22.360680
 18.027760
   .000000
 20.615530
 35.355340
 32.015620
 39.051250
 49.497470
 45.276920
 49.244290
 26.925820
 15.000000
 21.213200
 44.045430
 28.284270
 16.278820
 32.649650
 35.114100
 47.434170
 49.739320
 26.907250
 20.000000
 38.078870
 48.826220
 25.000000
 39.661060
 28.284270
 37.121420
 27.513630
 14.142140
 19.697720
 20.000000
 13.892440
 31.304950
 27.892650
 34.132100
  7.615773
 19.235380
 38.600520
 46.238510
 43.278170
 30.463090
 21.260290
 16.031220
  6.708204
 17.888540
 18.439090
 29.832870
 37.336310
 55.973210
 43.931770
 58.600340
 36.013890
 18.384780
 23.345240
 46.400430
 36.124780
 33.241540
 37.483330
 41.012190
 29.068880
 33.136080
 42.720020
 37.854990
 36.124780
 37.696160
  8.602325
  6.708204
 12.727920
 18.439090
 27.202940
 23.409400
 13.416410
  7.810250
 29.154760
 21.587030
 18.110770
 16.124520
 14.317820
 16.763050
 13.152950
 19.646880
 19.026300
 14.000000
 22.090720
 32.015620
 38.639360
 39.962480
 16.155490
 39.051250
 56.568540
 31.622780
 36.400550
 42.720020
 11.045360
 25.709920
 40.311290
 21.931710
 53.235320
 47.095650
 59.203040
 24.738630
 24.083190
  7.211102
 48.507730
 68.680420
 55.226810
 48.270070
 32.249030
 18.788290
  4.472136
 29.529650
 47.707440
 48.332180
 50.249380
 44.045430
 22.627420
  9.899495
 32.893770
 40.311290
 41.231060
 63.411350
 63.639610
 32.557640
 15.000000
 18.027760
 43.104520
 46.000000
 41.012190
 13.416410
 46.097720
 40.249220
 57.008770
 51.088160
 22.203600
 23.409400
 35.735140
 37.215590
 34.365680
 39.051250
 14.317820
  3.605551
 16.124520
 45.803930
 53.075420
 33.015150
 32.249030
 36.400550
 18.248290
 48.754490
 41.593270
 38.897300
 27.073970
 47.042530
 42.047590
 50.328920
 27.166150
  3.162278
 10.630150
 23.409400
 14.422200
 19.209370
 28.861740
 44.643030
 54.203320
 23.769730
 26.925820
 58.830270
 53.338540
 47.095650
 48.836460
 41.629320
 39.051250
 62.936480
 54.918120
 43.289720
 50.358720
 10.770330
 47.434170
 55.461700
 27.018510
 29.732140
 11.180340
 45.967380
 47.010640
 28.231190
 47.423620
 42.720020
 56.568540
 30.000000
 31.622780
 11.180340
 17.720050
 40.000000
 15.000000
  7.071068
 43.011630
 38.078870
 50.000000
 57.008770
 40.311290
 31.622780
 20.615530
   .000000
 30.413810
 50.000000
 58.309520
 68.007350
 55.901700
 64.031240
 42.426410
 28.284270
 34.713110
 52.201530
 25.000000
 17.888540
 21.931710
 38.832980
 50.249380
 48.259710
 13.000000
 40.311290
 55.901700
 65.795140
 43.011630
 59.481090
 48.836460
 57.558670
 46.173580
 23.769730
 17.691810
  8.062258
  8.246211
 12.041590
 34.539830
 34.058770
 20.808650
 36.400550
 52.201530
 60.605280
 61.220910
 50.921510
 39.962480
 36.496570
 26.076810
 36.124780
  9.219544
 15.000000
 17.000000
 49.980000
 36.400550
 75.690160
 46.065170
 25.553870
 22.360680
 42.755120
 54.405880
 51.865210
 56.302750
 59.640590
 38.470770
 41.629320
 46.690470
 43.680660
 47.010640
 40.447500
 13.000000
 23.021730
 29.274560
 38.013160
 43.416590
 43.965900
 13.601470
 27.313000
 17.464250
 41.000000
 38.639360
 36.124780
 34.785050
 37.363080
 33.734260
 40.261640
 39.204590
 34.365680
 42.107010
 31.622780
 48.764740
 40.024990
 31.241000
 30.000000
 46.097720
 33.241540
 15.811390
 22.360680
 19.924860
  5.099020
 10.000000
 17.204650
 34.481880
 18.788290
 44.384680
 37.643060
 24.186770
 37.107950
 24.041630
 55.154330
 52.009610
 55.362440
 50.249380
 43.909000
 28.017850
 19.416490
 32.572990
 50.010000
 39.623230
 39.051250
 17.804490
 25.942240
 40.706260
 25.495100
 18.027760
 55.731500
 52.201530
  2.236068
 15.811390
 21.213200
 58.249460
 59.169250
 54.378300
 29.410880
 35.355340
 23.769730
 50.249380
 44.102150
 42.638010
 15.264340
 16.492420
  7.071068
 46.324940
 35.355340
 30.000000
 28.071340
 14.317820
 32.756680
 44.407210
 24.186770
 35.846900
 56.568540
 40.224370
 49.819680
 25.000000
 45.694640
 42.520580
 61.057350
 13.892440
 28.600700
  8.544003
 30.083220
 39.217340
 46.615450
 18.248290
 22.671570
  2.828427
 21.400930
 40.162170
  8.944272
 20.248460
 55.009090
 35.777090
 17.117240
 18.439090
 44.922150
 30.000000
 51.923020
 71.281140
 59.405390
 60.008330
 40.012500
 52.201530
 55.326310
 29.068880
 38.587560
 22.360680
 37.121420
 30.083220
 16.492420
 49.030600
 22.360680
 46.097720
 46.097720
 40.311290
 29.154760
 41.340050
 11.180340
 15.811390
 25.000000
 30.413810
 42.720020
 62.649820
 61.846580
 57.008770
 53.150730
 35.355340
 30.413810
   .000000
 45.000000
 55.000000
 60.827630
 36.055510
 49.244290
 35.000000
 26.925820
 28.284270
 29.832870
  7.071068
 19.104970
 10.770330
 15.264340
 22.360680
 18.000000
 43.289720
 51.478150
 72.111020
 55.081760
 40.311290
 58.077530
 57.008770
 65.787540
 61.294370
 47.434170
 46.238510
 38.078870
 34.539830
 39.115220
 18.110770
  8.062258
 28.425340
 34.928500
 37.947330
 45.694640
 53.600370
 54.571060
 40.024990
 47.507890
 41.773200
 52.630790
 22.135940
 18.439090
 32.310990
 20.808650
  8.944272
 63.906180
 28.231190
 19.697720
 12.041590
 12.369320
 49.040800
 48.010410
 52.009610
 54.147950
 23.345240
 23.409400
 20.615530
 20.808650
 30.083220
 14.866070
 34.985710
 41.773200
 48.083260
 51.865210
 62.369870
 49.980000
 23.021730
 35.510560
 14.142140
 54.918120
 48.764740
 49.091750
 42.485290
 45.617980
 44.418460
 48.332180
 51.107730
 46.324940
 54.203320
 18.027760
 23.086790
 10.816650
 34.655450
 15.000000
 10.000000
 18.439090
 30.413810
 26.925820
 43.382020
 46.270940
 46.097720
 32.572990
 22.671570
 40.718550
 17.464250
 28.844410
 26.832820
 50.911690
 32.756680
 21.840330
  7.071068
 20.248460
 34.928500
 44.418460
 52.153620
 26.305890
 17.204650
 10.770330
  9.219544
  6.324555
 57.723480
 40.224370
 21.023800
 20.615530
 31.622780
 13.453620
 15.811390
 46.043460
 42.720020
 33.541020
 33.136080
 30.594120
 29.017240
 36.878180
 11.180340
 22.803510
  7.071068
  3.162278
 37.589890
 32.984840
 29.274560
 44.553340
 25.709920
 11.180340
 36.124780
 51.312770
 44.271890
 14.764820
  6.082763
 21.213200
 18.439090
 40.311290
 39.661060
  9.848858
 22.135940
 18.248290
 30.870700
 32.756680
 39.849720
 27.802880
 37.121420
 47.010640
 48.918300
 42.047590
 51.264020
 31.764760
 47.042530
 30.870700
 14.764820
 49.648770
 26.925820
 10.049880
 20.615530
 46.238510
 52.201530
 13.152950
 15.000000
 14.866070
 42.379240
 35.128340
 26.000000
 59.464280
 15.811390
 11.661900
 23.021730
 23.323810
 40.311290
  8.544003
 20.248460
 29.274560
 10.440310
 26.925820
 10.000000
 31.622780
 22.360680
 39.051250
 41.880780
 41.231060
 42.720020
 51.478150
 15.811390
 15.811390
 31.622780
 21.213200
 35.000000
 41.231060
 32.015620
 50.000000
 45.000000
   .000000
 10.000000
 18.027760
 25.000000
 20.000000
 10.000000
 22.360680
 17.464250
 29.068880
 40.311290
 34.928500
 50.010000
 32.984840
 40.311290
 48.466480
 58.728190
 25.000000
 42.720020
 17.000000
  7.071068
 13.341660
 22.472200
 27.802880
 34.525350
 42.953460
 51.312770
 51.623640
 45.254830
 61.846580
 27.073970
 38.209950
 29.206160
 13.601470
 15.000000
 18.248290
 11.313710
 15.264340
 10.816650
 24.331050
 31.304950
 33.241540
 43.416590
 52.201530
 64.412730
 59.481090
 53.150730
 26.627050
 21.954500
 28.160260
 36.878180
 49.477270
  4.472136
  3.162278
  7.071068
  9.848858
 22.360680
 24.351590
 35.777090
 30.463090
 20.248460
 35.440090
 40.360870
 35.355340
 35.735140
 29.068880
 41.048750
 17.117240
 37.215590
 24.207440
 49.040800
 30.016660
 23.086790
 27.294690
 20.248460
 20.396080
 24.041630
 20.024980
 26.019220
 25.709920
 27.073970
 26.925820
 25.942240
 18.357560
 42.438190
 25.000000
 14.142140
 26.832820
 40.311290
 36.400550
 52.554730
 56.222770
 55.901700
 42.201900
 30.232430
 49.980000
 22.022710
 35.383610
 36.055510
 58.412330
 41.629320
 21.377560
  3.162278
 19.235380
 38.470770
 50.328920
 60.827630
 36.221540
 26.000000
 11.661900
 17.464250
 16.124520
 67.468510
 48.764740
 26.870060
 30.413810
 41.231060
  9.000000
 15.811390
 56.035700
 52.201530
 42.720020
 33.734260
 30.265490
 30.364450
 44.944410
 20.615530
 32.557640
  7.071068
 11.401750
 43.278170
 42.755120
 39.204590
 54.451810
 29.681640
 20.615530
 44.102150
 59.941640
 53.851650
 24.041630
 12.529960
 31.144820
 26.076810
 42.720020
 45.967380
 10.816650
 31.780500
 22.203600
 36.235340
 32.140320
 49.477270
 36.235340
 47.095650
 55.226810
 55.973210
 47.201690
 60.728900
 40.853400
 57.035080
 40.162170
 21.400930
 59.539900
 36.674240
  1.000000
 28.017850
 55.659680
 61.684680
 17.691810
 25.000000
 14.866070
 40.199500
 35.693140
 24.000000
 67.201190
 15.811390
  6.000000
 31.780500
 29.732140
 49.244290
 18.248290
 29.154760
 39.204590
 12.206560
 36.400550
 14.142140
 36.055510
 28.284270
 47.169910
 48.104050
 50.990200
 52.201530
 60.415230
 25.495100
 21.213200
 30.000000
 15.811390
 36.400550
 44.721360
 39.051250
 58.309520
 55.000000
 10.000000
   .000000
 11.180340
 32.015620
 22.360680
 20.000000
 31.622780
 27.294690
 37.215590
 50.249380
 44.271890
 59.841460
 42.755120
 49.244290
 57.870540
 65.946950
 26.925820
 40.311290
 15.132750
 15.811390
  4.242640
 21.095020
 23.086790
 34.234490
 48.010410
 57.384670
 59.033890
 52.801510
 69.892780
 37.054020
 48.166380
 37.589890
 22.472200
 22.472200
 22.203600
  8.246211
 13.152950
 18.357560
 27.784890
 36.878180
 35.846900
 52.392750
 61.684680
 73.409810
 69.123080
 63.126860
 22.561030
 31.016120
 37.854990
 46.690470
 59.228370
  6.324555
  7.071068
  3.162278
  4.123106
 32.249030
 33.955850
 44.944410
 39.849720
 29.154760
 45.122060
 47.634020
 41.109610
 39.962480
 31.384710
 41.773200
 18.788290
 46.097720
 31.400640
 58.694120
 31.320920
 25.942240
 30.413810
 25.495100
 24.413110
 28.600700
 22.825420
 28.231190
 29.681640
 28.160260
 36.055510
 37.121420
 28.319600
 52.497620
 31.622780
 15.000000
 36.400550
 45.276920
 40.000000
 61.294370
 62.817200
 60.000000
 50.159740
 30.805840
 52.469040
 20.248460
 46.010870
 44.777230
 68.680420
 43.566040
 14.212670
 13.601470
 30.083220
 49.648770
 61.220910
 70.178340
 43.324360
 29.000000
 22.825420
 21.213200
 24.186770
 74.946650
 58.249460
 37.643060
 35.355340
 45.000000
  5.099020
 11.180340
 61.522350
 60.415230
 51.478150
 44.643030
 41.000000
 41.436700
 54.817880
 25.495100
 37.215590
 11.180340
 17.464250
 54.203320
 50.328920
 44.407210
 59.076220
 40.816660
 29.154760
 54.037030
 69.339740
 61.846580
 28.160260
 16.492420
 38.275320
 36.124780
 53.851650
 56.727420
 21.954500
 36.124780
 33.286630
 47.201690
 42.755120
 53.037720
 37.656340
 53.600370
 65.000000
 66.468040
 58.249460
 68.942000
 49.739320
 63.150610
 43.104520
 22.203600
 66.483080
 44.384680
 10.295630
 28.635640
 58.420890
 64.498060
 28.600700
 31.622780
 10.770330
 50.010000
 46.572530
 34.365680
 77.336920
 26.925820
 16.763050
 41.048750
 40.360870
 58.309520
 24.041630
 32.015620
 46.173580
 23.323810
 40.000000
 15.000000
 47.169910
 39.051250
 57.008770
 58.898220
 55.000000
 60.415230
 69.462220
 30.413810
 32.015620
 40.311290
 25.000000
 47.434170
 55.901700
 49.497470
 68.007350
 60.827630
 18.027760
 11.180340
   .000000
 31.622780
 18.027760
 26.925820
 40.311290
 34.928500
 38.078870
 57.008770
 52.773100
 67.052220
 47.042530
 50.990200
 60.530980
 76.380620
 38.078870
 50.000000
  8.602325
 25.000000
 13.152950
 31.780500
 32.062440
 44.911020
 59.076220
 68.249540
 69.354160
 63.031740
 79.812280
 42.755120
 53.338540
 47.201690
 31.622780
 24.083190
 19.697720
  7.280110
 24.041630
 28.319600
 38.948680
 47.801670
 47.010640
 61.400330
 69.856990
 82.365040
 72.339480
 68.264190
 12.000000
 34.014700
 45.694640
 54.083270
 63.031740
 13.601470
 16.278820
 12.041590
  8.485281
 37.483330
 38.052600
 47.381430
 43.046490
 32.015620
 49.000000
 58.000000
 52.009610
 51.107730
 42.544090
 52.630790
 29.966650
 55.226810
 41.725290
 66.483080
 42.379240
 37.121420
 41.593270
 36.400550
 35.510560
 39.661060
 34.000000
 39.395430
 40.816660
 39.217340
 30.000000
 44.922150
 30.364450
 45.122060
 20.000000
 18.027760
 32.015620
 21.213200
 14.142140
 45.793010
 39.824620
 31.622780
 34.000000
  3.000000
 22.203600
 11.401750
 44.011360
 33.241540
 59.808030
 13.341660
 21.023800
 30.413810
 44.777230
 54.451810
 58.549130
 56.080300
 26.400760
 10.049880
 35.510560
 15.811390
 23.769730
 53.263500
 46.615450
 39.458840
 15.811390
 18.027760
 27.313000
 20.615530
 35.846900
 43.011630
 38.078870
 55.973210
 54.230990
 51.546100
 45.880280
 15.811390
 15.652480
 25.000000
 22.022710
 53.084840
 32.756680
 21.260290
 31.780500
 45.891170
 25.495100
 45.607020
 55.569770
 43.416590
 13.152950
 19.798990
 23.769730
 34.132100
 60.827630
 53.460270
 34.669870
 14.317820
 39.849720
 48.041650
 56.462380
 24.351590
  7.615773
 31.827660
 53.712200
 59.481090
 58.077530
 50.328920
 37.336310
 38.832980
 14.764820
 10.630150
 44.045430
 29.154760
 31.400640
  4.472136
 28.160260
 34.058770
 35.468300
 20.000000
 20.880610
 66.640830
 57.870540
 50.606320
 66.640830
 40.311290
 36.069380
 33.241540
 40.112340
 44.721360
 18.384780
  9.219544
 27.784890
 34.985710
 14.142140
 18.027760
 50.249380
 40.311290
 47.434170
 55.578770
 26.925820
 43.011630
 54.083270
 15.000000
 36.400550
 55.901700
 46.097720
 57.008770
 60.207970
 45.276920
 55.901700
 36.055510
 25.000000
 32.015620
 31.622780
   .000000
 15.000000
 20.615530
 30.413810
 24.083190
  7.071068
 35.355340
 38.013160
 45.343140
 20.808650
 20.000000
 30.066590
 67.779050
 47.434170
 67.082040
 23.537200
 26.925820
 36.235340
 47.010640
 52.801510
 57.939620
 59.076220
 64.327290
 60.745370
 54.708320
 67.601780
 21.633310
 28.017850
 38.832980
 28.284270
 10.000000
 12.165530
 25.942240
 40.224370
 30.364450
 45.354160
 48.010410
 54.129470
 47.010640
 50.990200
 65.299310
 42.107010
 41.231060
 30.066590
  9.848858
 30.463090
 35.000000
 33.955850
 26.172500
 27.658630
 29.068880
 28.844410
 17.464250
 14.422200
 17.464250
 15.264340
  9.219544
 21.470910
 51.419840
 51.039200
 54.147950
 50.695170
 63.324560
 40.718550
 42.544090
 39.000000
 46.690470
 52.497620
 44.922150
 48.270070
 39.812060
 41.484940
 43.737850
 42.379240
 48.083260
 45.891170
 49.980000
 33.541020
 43.046490
 29.614190
 50.606320
 25.000000
 10.000000
 34.928500
 33.541020
 26.925820
 55.154330
 52.354560
 46.097720
 43.139310
 15.297060
 37.121420
  5.000000
 46.818800
 40.000000
 66.573270
 28.160260
  6.082763
 22.135940
 39.623230
 54.589370
 62.393910
 65.115280
 35.383610
 17.204650
 30.265490
 14.317820
 22.803510
 65.513360
 54.203320
 40.024990
 25.000000
 31.622780
 14.866070
  7.071068
 49.396350
 53.150730
 46.097720
 53.084840
 50.358720
 49.010200
 52.153620
 18.027760
 26.076810
 15.811390
 17.029390
 55.973210
 42.520580
 33.120990
 45.880280
 45.398240
 26.925820
 51.623640
 64.443770
 54.037030
 18.384780
 14.035670
 31.144820
 36.055510
 60.207970
 57.384670
 29.274560
 24.698180
 38.118240
 49.729270
 52.469040
 38.832980
 22.203600
 43.566040
 61.400330
 65.368190
 60.728900
 61.220910
 44.821870
 51.894120
 28.861740
  9.899495
 56.435800
 37.483330
 21.470910
 13.601470
 43.104520
 49.040800
 33.060550
 25.000000
  7.810250
 61.611690
 55.081760
 45.122060
 74.404300
 35.355340
 27.856780
 38.078870
 41.761230
 53.150730
 18.788290
 19.235380
 37.643060
 30.149630
 26.925820
 10.000000
 50.990200
 41.231060
 54.083270
 59.615430
 41.231060
 53.150730
 63.639610
 21.213200
 35.355340
 50.990200
 38.078870
 55.000000
 60.827630
 49.244290
 64.031240
 49.244290
 20.000000
 22.360680
 18.027760
 15.000000
   .000000
 22.360680
 36.055510
 29.410880
 22.022710
 47.169910
 46.690470
 57.454330
 34.176010
 35.000000
 45.044420
 74.625730
 45.000000
 61.846580
  9.433981
 25.495100
 26.419690
 41.773200
 45.310040
 54.332310
 61.684680
 68.942000
 67.416620
 61.057350
 76.059190
 32.449960
 41.231060
 44.418460
 30.083220
 12.041590
  3.605551
 14.422200
 33.955850
 29.614190
 44.181440
 50.000000
 53.150730
 55.901700
 62.008060
 75.822160
 57.078890
 55.362440
 15.132750
 21.023800
 38.897300
 45.607020
 48.662100
 18.439090
 21.213200
 20.248460
 18.357560
 27.202940
 25.942240
 32.249030
 29.120440
 19.235380
 35.440090
 56.824290
 53.758720
 55.108980
 49.040800
 61.032780
 37.054020
 50.447990
 41.785160
 58.008620
 50.010000
 43.046490
 47.169910
 39.623230
 40.199500
 43.566040
 40.012500
 46.010870
 45.398240
 47.042530
 11.180340
 24.351590
  9.848858
 28.301940
  5.000000
 14.142140
 12.649110
 20.615530
 18.027760
 34.669870
 36.345560
 36.400550
 23.259410
 17.720050
 31.906110
 18.027760
 24.738630
 18.439090
 44.407210
 24.758840
 26.400760
 17.029390
 25.495100
 34.058770
 40.162170
 44.045430
 16.492420
 10.770330
 17.204650
  8.062258
  4.472136
 48.083260
 32.526910
 19.026300
 11.180340
 22.360680
 21.931710
 21.213200
 36.055510
 33.541020
 25.000000
 35.468300
 34.000000
 31.016120
 30.000000
  5.000000
 13.416410
 15.811390
  9.486833
 33.955850
 23.409400
 19.416490
 34.713110
 25.317980
  5.000000
 29.410880
 43.278170
 34.928500
  7.615773
 10.816650
 11.401750
 14.142140
 40.311290
 35.114100
 16.643320
 13.038400
 19.313210
 28.160260
 36.235340
 30.463090
 20.808650
 27.166150
 39.623230
 43.046490
 38.832980
 42.047590
 23.430750
 37.054020
 22.203600
 13.341660
 39.812060
 17.464250
 20.024980
 16.278820
 37.121420
 42.953460
 15.264340
  5.000000
 20.518280
 46.647610
 37.336310
 31.241000
 52.497620
 21.213200
 20.880610
 15.811390
 20.099750
 32.015620
  3.605551
 13.038400
 19.416490
 16.401220
 18.027760
 14.142140
 30.000000
 20.000000
 32.015620
 37.336310
 31.622780
 33.541020
 43.011630
  7.071068
 15.811390
 36.055510
 29.154760
 36.400550
 40.000000
 26.925820
 42.426410
 35.000000
 10.000000
 20.000000
 26.925820
 20.615530
 22.360680
   .000000
 14.142140
  8.062258
 22.472200
 30.413810
 26.076810
 40.261640
 23.409400
 32.015620
 39.357340
 52.430910
 26.925820
 47.169910
 23.430750
  7.071068
 23.194830
 27.658630
 34.828150
 37.576590
 39.812060
 46.615450
 45.221680
 38.832980
 54.451810
 17.117240
 28.284270
 22.203600
  8.062258
 12.041590
 19.313210
 19.697720
 22.203600
  9.848858
 24.738630
 28.284270
 33.541020
 35.000000
 42.953460
 55.758410
 49.980000
 43.185650
 33.301650
 14.212670
 18.788290
 27.202940
 39.849720
 14.142140
 13.038400
 17.029390
 19.416490
 12.649110
 15.264340
 27.202940
 21.633310
 13.038400
 26.000000
 34.481880
 31.780500
 34.014700
 30.083220
 42.720020
 20.808650
 29.068880
 19.646880
 39.560080
 31.953090
 24.351590
 27.658630
 19.235380
 20.880610
 23.194830
 21.931710
 27.513630
 25.317980
 29.546570
  5.000000
 22.203600
 14.035670
 14.866070
 11.180340
 28.284270
  6.324555
 18.027760
 20.615530
 21.023800
 26.476400
 32.015620
 11.000000
 27.459060
 31.906110
 31.384710
 14.560220
  4.472136
 30.528680
 28.160260
 40.459860
 28.460500
 28.460500
 26.832820
 28.160260
 30.000000
  8.485281
 20.880610
 24.000000
 22.022710
 16.124520
 36.221540
 18.384780
 14.212670
 15.000000
 22.360680
 35.510560
 35.355340
 28.635640
 20.615530
 11.180340
 32.526910
 32.802440
 28.319600
 16.124520
 18.027760
 16.124520
 29.154760
 23.021730
 23.086790
 12.165530
 16.643320
 29.410880
 20.518280
 11.180340
 15.652480
 29.206160
 22.360680
 18.384780
 24.839490
  7.071068
  8.944272
 33.541020
 23.086790
 24.020820
 17.029390
 18.788290
 19.313210
 34.828150
 28.425340
 27.073970
 18.384780
 25.495100
 29.546570
 28.071340
 29.120440
  9.433981
 28.160260
 24.351590
 26.419690
 29.068880
  6.708204
 31.953090
 26.925820
 35.468300
 40.311290
 18.248290
 11.180340
 34.655450
 45.343140
 33.970580
 33.105890
 38.418750
 25.495100
 30.265490
  3.162278
 12.806250
 18.027760
 17.691810
 21.213200
 10.816650
 23.000000
 20.615530
 28.284270
 22.360680
 14.142140
 18.027760
 25.179360
 28.284270
 20.615530
 29.154760
 15.811390
 15.811390
 36.055510
 35.355340
 32.015620
 31.622780
 15.000000
 28.284270
 26.925820
 22.360680
 31.622780
 40.311290
 30.413810
 36.055510
 14.142140
   .000000
  6.708204
 29.068880
 20.615530
 12.649110
 29.000000
 21.633310
 33.541020
 37.536650
 38.587560
 25.000000
 46.097720
 37.536650
 15.811390
 33.734260
 30.083220
 38.897300
 35.383610
 29.068880
 33.955850
 31.384710
 25.059930
 40.311290
 13.892440
 22.803510
  8.544003
  9.219544
 24.596750
 32.756680
 33.286630
 28.160260
 14.035670
 21.260290
 18.973670
 28.017850
 21.095020
 30.083220
 42.059480
 45.803930
 35.846900
 47.423620
 21.023800
  7.280110
 16.124520
 35.608990
 26.832820
 24.698180
 29.154760
 32.202480
 14.142140
 18.248290
 28.635640
 23.409400
 21.213200
 24.413110
 21.189620
 21.213200
 25.632010
 26.172500
 38.013160
 23.086790
 15.000000
 10.295630
 27.294690
 29.000000
 22.203600
 23.345240
 15.811390
 18.867960
 18.384780
 21.470910
 24.839490
 20.518280
 27.802880
  6.324555
 24.207440
 12.083050
 21.540660
  4.472136
 22.022710
  8.544003
 15.811390
 16.124520
 26.627050
 29.017240
 31.304950
 15.231550
 21.095020
 29.000000
 24.698180
 20.024980
 10.630150
 37.215590
 23.706540
 33.970580
 24.186770
 28.301940
 31.320920
 34.525350
 36.124780
  9.000000
 14.317820
 21.840330
 15.556350
 11.180340
 40.261640
 24.839490
 17.000000
  9.486833
 19.104970
 29.966650
 29.068880
 29.614190
 25.495100
 17.029390
 35.227830
 34.713110
 30.805840
 22.825420
 11.401750
 11.180340
 23.769730
 17.464250
 29.017240
 15.524170
 14.422200
 29.154760
 23.706540
  7.071068
 22.360680
 35.383610
 26.925820
 11.704700
 18.867960
  4.123106
 11.180340
 37.947330
 29.427880
 21.587030
 11.704700
 19.798990
 24.331050
 36.878180
 26.400760
 21.587030
 20.024980
 32.015620
 36.249140
 34.014700
 34.014700
 15.556350
 30.066590
 20.248460
 19.723080
 32.249030
  9.486833
 27.459060
 20.396080
 33.421550
 38.832980
 17.492860
  4.472136
 28.425340
 47.507890
 36.891740
 33.600590
 45.000000
 24.596750
 27.073970
  9.219544
 16.763050
 24.083190
 11.401750
 15.000000
 12.000000
 20.880610
 16.124520
 22.022710
 26.925820
 17.464250
 24.698180
 31.575310
 26.925820
 25.495100
 35.000000
  9.219544
 16.278820
 37.483330
 33.837850
 35.355340
 36.674240
 21.213200
 34.713110
 28.284270
 17.464250
 27.294690
 34.928500
 24.083190
 29.410880
  8.062258
  6.708204
   .000000
 23.537200
 23.021730
 18.027760
 32.557640
 19.209370
 30.000000
 35.608990
 45.276920
 27.018510
 48.166380
 31.400640
 12.041590
 30.016660
 30.232430
 38.470770
 37.802120
 35.014280
 40.521600
 38.078870
 31.764760
 46.754680
 11.661900
 22.472200
 15.231550
  7.211102
 17.888540
 26.076810
 27.730850
 26.570660
 12.083050
 23.853720
 24.186770
 31.780500
 27.018510
 34.928500
 47.707440
 45.177430
 36.878180
 41.231060
 15.132750
 10.770330
 19.416490
 34.885530
 21.840330
 20.223750
 24.515300
 27.202940
  9.433981
 13.416410
 25.000000
 19.416490
 15.000000
 22.022710
 27.856780
 27.000000
 30.594120
 29.154760
 41.593270
 23.021730
 21.213200
 15.132750
 31.622780
 31.622780
 24.207440
 26.419690
 18.027760
 20.615530
 21.470910
 22.627420
 27.202940
 23.706540
 29.832870
 29.832870
 46.518810
 32.249030
 43.104520
 20.248460
 23.769730
 32.015620
 16.124520
  9.486833
 41.629320
 33.941120
 24.698180
 30.364450
  7.280110
 15.132750
 18.110770
 43.416590
 31.064450
 56.753850
  6.324555
 28.071340
 35.227830
 47.801670
 54.817880
 57.008770
 51.894120
 23.345240
 12.041590
 38.948680
 20.000000
 26.400760
 47.381430
 43.416590
 40.162170
 14.142140
 12.041590
 33.526110
 27.294690
 29.410880
 38.470770
 34.928500
 57.697490
 56.435800
 53.225930
 43.416590
 18.439090
 13.000000
 30.413810
 26.400760
 52.153620
 28.792360
 16.552950
 25.059930
 46.818800
 26.832820
 43.289720
 51.478150
 38.587560
 15.000000
 24.698180
 22.022710
 34.481880
 61.400330
 52.000000
 38.209950
 12.041590
 41.593270
 47.853940
 58.668560
 17.464250
  2.000000
 26.627050
 50.289170
 56.885850
 57.140180
 45.221680
 34.525350
 32.649650
  8.485281
 16.155490
 38.183770
 26.305890
 36.715120
  9.486833
 21.095020
 27.018510
 37.735920
 20.248460
 27.459060
 69.115840
 59.506300
 53.600370
 62.968250
 43.416590
 40.607880
 32.140320
 40.261640
 41.109610
 21.260290
  9.433981
 24.041630
 38.288380
  9.486833
 23.769730
 50.447990
 40.804410
 44.721360
 54.009260
 20.124610
 38.470770
 49.648770
 15.652480
 38.013160
 58.523500
 50.249380
 58.309520
 60.207970
 44.045430
 52.201530
 29.832870
 29.068880
 37.215590
 38.078870
  7.071068
 22.022710
 22.472200
 29.068880
 23.537200
   .000000
 30.000000
 34.481880
 39.623230
 14.866070
 13.038400
 23.021730
 64.560050
 49.193500
 69.641940
 30.265490
 29.410880
 41.340050
 50.000000
 56.586220
 59.941640
 58.137770
 62.289650
 57.723480
 51.971150
 63.560990
 17.720050
 21.931710
 37.013510
 29.154760
 14.764820
 19.026300
 31.953090
 43.863430
 32.249030
 46.615450
 47.675990
 55.027270
 43.081320
 45.803930
 60.216280
 35.057090
 34.438350
 37.121420
  8.544003
 27.459060
 30.413810
 26.925820
 31.064450
 32.015620
 34.132100
 34.438350
 15.000000
 11.045360
 10.440310
  9.219544
  9.433981
 15.000000
 49.254440
 50.249380
 54.129470
 52.000000
 64.621980
 43.266620
 39.293770
 38.639360
 41.400480
 54.129470
 46.518810
 49.396350
 40.853400
 42.953460
 44.598210
 44.294470
 49.658840
 46.818800
 51.884490
 25.495100
 42.047590
 34.234490
 24.207440
 25.495100
 42.720020
 26.925820
 14.142140
 21.213200
 14.035670
  6.000000
 15.811390
 10.295630
 33.301650
 22.203600
 42.190040
 30.610460
 17.464250
 31.257000
 25.059930
 52.839380
 47.169910
 49.040800
 43.185650
 37.121420
 23.345240
 14.035670
 30.016660
 44.283180
 36.055510
 34.132100
 18.357560
 19.313210
 34.014700
 22.360680
 18.027760
 51.923020
 49.244290
  9.219544
 10.000000
 14.142140
 51.312770
 52.354560
 47.507890
 22.472200
 31.622780
 21.095020
 46.097720
 39.812060
 35.608990
  8.544003
 14.212670
 12.649110
 39.446170
 30.000000
 23.021730
 23.194830
  9.219544
 29.546570
 40.521600
 19.104970
 29.410880
 49.497470
 33.286630
 44.181440
 22.472200
 39.217340
 35.468300
 54.203320
 17.117240
 28.425340
  3.605551
 24.186770
 32.984840
 39.661060
 15.264340
 15.620500
  7.615773
 21.633310
 37.589890
  9.486833
 14.142140
 50.358720
 34.205260
 22.203600
 24.698180
 38.832980
 25.495100
 48.846700
 64.350600
 52.430910
 53.488320
 35.227830
 46.097720
 50.010000
 22.472200
 31.764760
 15.811390
 32.984840
 28.017850
 11.045360
 43.289720
 21.213200
 42.720020
 39.051250
 33.541020
 22.360680
 34.481880
 15.000000
 10.000000
 20.615530
 26.925820
 36.400550
 55.901700
 55.901700
 50.000000
 46.097720
 28.284270
 25.000000
  7.071068
 40.311290
 50.249380
 57.008770
 35.355340
 47.169910
 30.413810
 20.615530
 23.021730
 30.000000
   .000000
 12.041590
 10.295630
 15.264340
 25.495100
 23.537200
 38.000000
 44.721360
 65.192020
 52.000000
 35.000000
 53.037720
 50.596440
 59.481090
 54.378300
 40.496910
 39.849720
 32.249030
 28.160260
 34.928500
 14.764820
  9.219544
 21.400930
 29.154760
 35.355340
 43.566040
 49.729270
 48.662100
 34.234490
 40.706260
 34.713110
 45.607020
 16.124520
 15.811390
 30.232430
 27.802880
 15.811390
 61.269890
 26.400760
 13.341660
  5.000000
 18.788290
 44.553340
 43.185650
 47.381430
 49.819680
 20.124610
 21.400930
 22.472200
 20.808650
 28.017850
 16.155490
 28.178010
 34.713110
 41.012190
 44.944410
 55.317270
 43.680660
 16.124520
 28.653100
 11.401750
 48.020830
 42.047590
 42.190040
 35.846900
 39.000000
 37.589890
 41.785160
 44.294470
 39.446170
 47.413080
 17.464250
 31.320920
 26.476400
 12.206560
 22.022710
 40.000000
 18.110770
 19.104970
 25.000000
  8.602325
 16.643320
 27.294690
  4.123106
 35.355340
 31.400640
 41.773200
 18.867960
  8.246211
 22.360680
 31.257000
 51.662360
 41.109610
 39.319210
 31.241000
 25.632010
 18.439090
 11.661900
 30.000000
 36.221540
 33.421550
 28.635640
 24.000000
  9.055386
 23.537200
 22.472200
 24.083190
 47.885280
 47.010640
 21.260290
  8.062258
  2.236068
 39.824620
 41.231060
 36.249140
 10.770330
 29.068880
 22.360680
 41.593270
 35.355340
 23.600850
  6.000000
 18.248290
 24.186770
 28.231190
 23.769730
 11.180340
 17.804490
 10.000000
 28.319600
 36.891740
 15.556350
 20.000000
 37.483330
 21.470910
 36.345560
 23.706540
 29.274560
 23.600850
 42.953460
 26.683330
 32.572990
 12.083050
 15.811390
 23.000000
 27.784890
 16.492420
  4.123106
 19.209370
 27.294690
 36.796740
 18.027760
  9.219544
 44.598210
 35.510560
 32.893770
 36.235340
 30.016660
 22.022710
 46.400430
 52.839380
 40.816660
 43.174060
 28.635640
 37.013510
 42.755120
 13.038400
 20.880610
  6.708204
 29.410880
 29.154760
 10.440310
 35.227830
 25.000000
 40.000000
 27.202940
 22.803510
 11.180340
 22.847320
 25.298220
  8.062258
 17.029390
 25.495100
 27.018510
 44.944410
 47.010640
 38.275320
 34.058770
 16.278820
 17.888540
 19.104970
 34.928500
 44.271890
 52.773100
 38.013160
 46.690470
 26.076810
 12.649110
 18.027760
 34.481880
 12.041590
   .000000
 17.464250
 22.000000
 34.132100
 34.539830
 30.083220
 33.837850
 53.712200
 49.406480
 28.460500
 46.324940
 40.607880
 49.648770
 42.941820
 28.653100
 29.274560
 23.345240
 18.000000
 29.681640
 16.763050
 18.973670
  9.848858
 21.840330
 34.713110
 43.185650
 45.650850
 40.012500
 26.476400
 29.732140
 22.803510
 33.837850
  9.219544
 17.464250
 29.681640
 39.824620
 27.658630
 59.203040
 28.178010
  7.810250
  7.211102
 30.528680
 39.395430
 37.336310
 41.785160
 44.777230
 20.591260
 23.769730
 30.000000
 26.305890
 29.154760
 24.083190
 16.763050
 22.671570
 29.000000
 33.541020
 43.416590
 34.132100
  5.000000
 17.720050
 15.000000
 36.674240
 31.320920
 30.870700
 25.495100
 28.635640
 26.570660
 31.575310
 33.241540
 28.231190
 36.400550
 34.000000
 48.764740
 43.011630
 27.784890
 35.440090
 52.924470
 35.057090
 24.207440
 31.241000
 13.453620
  5.830952
 20.396080
 18.000000
 43.416590
 29.546570
 52.478570
 35.846900
 25.079870
 29.068880
 34.205260
 63.134780
 56.718610
 56.718610
 47.507890
 38.209950
 18.681540
 23.769730
 40.311290
 53.000000
 46.238510
 43.737850
  8.062258
 20.615530
 41.000000
 32.649650
 27.586230
 61.983870
 59.506300
 12.369320
 10.295630
 19.646880
 56.859470
 58.523500
 53.488320
 25.238860
 41.785160
 31.384710
 56.044620
 49.729270
 38.600520
 17.117240
 24.413110
 17.720050
 45.541190
 39.319210
 26.076810
 18.973670
  8.062258
 39.812060
 50.596440
 28.861740
 37.215590
 53.254110
 35.468300
 53.009430
 32.756680
 46.690470
 40.249220
 60.166440
 24.596750
 38.183770
 13.892440
 22.472200
 31.906110
 41.773200
  8.062258
 21.587030
  8.246211
 31.144820
 47.885280
  2.000000
 23.194830
 60.016660
 44.407210
 27.658630
 28.000000
 47.095650
 35.440090
 59.093150
 69.778220
 57.697490
 60.638270
 30.413810
 54.230990
 59.135440
 30.149630
 38.327540
 17.204650
 43.011630
 38.275320
 20.880610
 52.000000
 31.241000
 52.924470
 43.829210
 40.261640
 24.207440
 36.069380
 21.931710
 10.295630
 15.524170
 37.161810
 44.283180
 62.297670
 64.195010
 55.009090
 49.203660
 32.649650
 21.931710
 10.770330
 50.010000
 59.841460
 67.052220
 45.343140
 57.454330
 40.261640
 29.000000
 32.557640
 39.623230
 10.295630
 17.464250
   .000000
 24.758840
 33.105890
 28.284270
 34.205260
 51.244510
 70.682390
 62.241470
 44.283180
 62.393910
 58.051700
 67.082040
 60.008330
 42.449970
 39.115220
 29.966650
 27.802880
 29.017240
 25.059930
 17.804490
 27.202940
 38.052600
 45.650850
 53.851650
 59.774580
 57.078890
 43.011630
 47.127490
 39.357340
 50.537110
 15.556350
  8.000000
 21.540660
 28.160260
 14.560220
 71.554180
 36.619670
 22.090720
 13.152950
 22.022710
 54.341510
 52.773100
 57.070130
 59.665740
 30.413810
 31.622780
 31.064450
 30.413810
 38.275320
 25.000000
 29.732140
 38.275320
 44.944410
 50.695170
 59.682500
 51.478150
 19.235380
 35.171010
  4.472136
 53.851650
 48.764740
 48.104050
 42.953460
 46.097720
 43.965900
 49.030600
 50.596440
 45.541190
 53.758720
 24.758840
 43.139310
 31.064450
 32.756680
 18.788290
 32.062440
 26.907250
  3.605551
  7.280110
 27.892650
 19.104970
 13.152950
 18.027760
 19.235380
 10.295630
 29.410880
 35.777090
 21.540660
 44.181440
  9.848858
 40.162170
 40.024990
 47.434170
 48.373550
 46.872170
 37.947330
 13.416410
 18.110770
 40.249220
 26.019220
 27.856780
 32.557640
 31.016120
 35.468300
 12.369320
  2.828427
 42.011900
 37.656340
 15.231550
 24.351590
 23.086790
 53.907330
 53.740120
 49.578220
 32.249030
 22.203600
 10.198040
 37.121420
 31.400640
 43.324360
 16.000000
  5.000000
 12.041590
 42.011900
 25.553870
 32.388270
 37.643060
 24.166090
 19.026300
 31.064450
 15.556350
 29.732140
 55.072680
 42.201900
 39.812060
 11.045360
 38.948680
 40.706260
 55.865910
  7.211102
 13.453620
 12.083050
 37.336310
 45.000000
 48.083260
 30.528680
 23.345240
 18.027760
  6.403124
 25.495100
 23.345240
 16.155490
 42.579340
 20.615530
 14.212670
 19.723080
 36.619670
 18.788290
 37.483330
 66.483080
 55.443660
 52.801510
 49.477270
 43.566040
 44.271890
 24.698180
 34.409300
 28.160260
 24.515300
 15.297060
 12.369320
 39.357340
  7.280110
 32.062440
 43.909000
 35.608990
 33.060550
 43.931770
  8.246211
 24.351590
 35.468300
 17.262680
 35.468300
 56.639210
 52.325900
 53.600370
 52.801510
 35.114100
 38.832980
 15.264340
 32.984840
 42.755120
 47.042530
 20.808650
 34.176010
 23.409400
 21.633310
 19.209370
 14.866070
 15.264340
 22.000000
 24.758840
   .000000
 12.369320
 16.401220
 51.623640
 45.967380
 67.178860
 40.607880
 29.966650
 46.324940
 49.406480
 57.454330
 56.639210
 49.040800
 51.156620
 45.177430
 40.000000
 49.648770
  7.810250
  7.211102
 27.513630
 26.400760
 23.345240
 30.675720
 40.000000
 45.177430
 31.064450
 42.520580
 40.249220
 49.648770
 29.614190
 31.064450
 45.486260
 26.570660
 21.377560
 49.040800
 13.341660
 16.763050
 16.492420
 16.492420
 36.496570
 36.138620
 39.623230
 41.194660
 10.770330
  9.000000
  8.000000
  5.656854
 15.297060
  2.828427
 38.327540
 41.785160
 46.957430
 47.634020
 59.640590
 42.201900
 27.000000
 31.906110
 26.627050
 50.328920
 43.139310
 44.821870
 36.796740
 39.597980
 39.824620
 41.773200
 46.010870
 42.011900
 48.795490
 36.055510
 54.203320
 41.012190
 45.122060
 28.284270
 36.400550
 38.275320
 15.811390
 14.142140
 39.204590
 27.313000
 14.142140
 30.265490
 20.223750
  3.605551
 31.144820
 47.927030
 33.837850
 56.008930
  7.615773
 41.012190
 46.957430
 57.314920
 60.373840
 59.228370
 48.836460
 25.632010
 23.259410
 49.203660
 31.780500
 36.400550
 39.962480
 43.046490
 46.872170
 21.213200
 11.180340
 46.324940
 40.311290
 21.095020
 35.355340
 35.355340
 65.215030
 64.660650
 60.802960
 44.553340
 29.154760
 19.104970
 42.720020
 38.013160
 55.659680
 28.160260
 17.088010
 15.811390
 53.535030
 35.355340
 44.721360
 48.662100
 34.713110
 25.553870
 36.769550
 26.925820
 41.048750
 67.082040
 54.571060
 48.600410
 19.104970
 49.678970
 52.801510
 66.843100
  8.544003
 13.341660
 23.086790
 49.040800
 57.078890
 60.440050
 40.162170
 35.693140
 25.059930
  9.899495
 28.861740
 31.304950
 28.460500
 48.846700
 22.360680
  8.544003
 14.142140
 46.669050
 28.284270
 40.447500
 77.466120
 66.850580
 62.936480
 60.671250
 53.150730
 51.971150
 36.674240
 46.141090
 40.000000
 31.906110
 20.124610
 24.738630
 48.414880
 14.142140
 36.400550
 55.901700
 47.169910
 45.276920
 56.293870
 11.180340
 35.355340
 46.097720
 25.000000
 46.097720
 67.268120
 61.032780
 65.192020
 65.000000
 47.434170
 50.249380
 22.360680
 40.311290
 49.244290
 50.990200
 20.000000
 35.000000
 32.015620
 33.541020
 30.000000
 13.038400
 25.495100
 34.132100
 33.105890
 12.369320
   .000000
 10.198040
 63.198100
 57.008770
 78.102490
 43.289720
 39.051250
 53.225930
 59.413800
 66.843100
 67.801180
 61.400330
 63.387700
 57.008770
 52.086470
 60.415230
 19.697720
 16.278820
 39.849720
 36.878180
 27.202940
 32.062440
 44.643030
 54.203320
 41.012190
 53.823790
 52.392750
 61.400330
 41.109610
 40.496910
 54.626000
 22.203600
 24.083190
 50.039990
 18.357560
 29.120440
 28.017850
 15.264340
 42.953460
 43.416590
 46.097720
 46.818800
 20.615530
 16.970560
  5.000000
 10.630150
 20.124610
 10.049880
 50.635960
 54.083270
 59.093150
 59.076220
 71.344240
 52.325900
 39.115220
 43.829210
 36.055510
 61.611690
 54.203320
 56.302750
 48.010410
 50.606320
 51.312770
 52.497620
 57.201400
 53.535030
 59.816390
 41.036570
 59.413800
 47.434170
 46.518810
 34.985710
 45.705580
 43.139310
 19.849430
 21.540660
 37.483330
 23.021730
  8.000000
 31.304950
 30.016660
  8.062258
 41.012190
 51.039200
 36.619670
 54.744860
 17.029390
 51.088160
 55.362440
 63.820060
 63.820060
 60.166440
 46.010870
 29.068880
 32.015620
 56.435800
 40.521600
 43.829210
 33.837850
 42.720020
 51.623640
 28.178010
 17.000000
 55.731500
 50.089920
 16.031220
 33.376640
 36.249140
 70.035710
 70.035710
 65.764730
 45.310040
 37.336310
 25.942240
 51.662360
 46.486560
 57.706150
 29.068880
 21.260290
 11.045360
 58.051700
 41.880780
 45.694640
 46.043460
 32.140320
 33.837850
 45.607020
 31.890440
 45.967380
 70.455660
 55.946400
 55.946400
 26.400760
 55.317270
 56.035700
 72.138760
  9.219544
 23.021730
 22.472200
 47.675990
 56.515480
 62.169120
 36.124780
 37.121420
 20.099750
 17.720050
 38.327540
 26.305890
 31.400640
 57.567350
 32.062440
  2.236068
  4.000000
 53.009430
 34.985710
 50.159740
 82.734510
 71.505240
 69.202600
 58.008620
 59.908260
 60.008330
 40.459860
 50.328920
 39.293770
 39.924930
 28.861740
 27.202940
 55.569770
 21.540660
 45.705580
 59.405390
 51.662360
 45.541190
 57.384670
  9.433981
 33.376640
 43.000000
 32.695560
 51.855570
 73.000000
 68.476270
 69.526970
 67.742160
 49.739320
 48.259710
 18.000000
 48.466480
 57.870540
 60.530980
 30.066590
 45.044420
 39.357340
 37.536650
 35.608990
 23.021730
 23.537200
 34.539830
 28.284270
 16.401220
 10.198040
   .000000
 61.204570
 62.241470
 83.450580
 53.084840
 46.141090
 61.684680
 65.802730
 73.783470
 72.835430
 63.071390
 63.324560
 55.731500
 51.662360
 57.078890
 24.083190
 15.652480
 42.190040
 42.801870
 36.496570
 42.000000
 53.935150
 61.400330
 47.434170
 58.694120
 55.470710
 65.436990
 39.623230
 36.221540
 49.477270
 12.041590
 16.124520
 60.133190
 26.925820
 31.622780
 27.513630
  6.708204
 51.546100
 51.623640
 54.708320
 55.785300
 26.925820
 24.166090
 13.152950
 18.027760
 28.861740
 13.601470
 51.264020
 56.435800
 62.128900
 63.702430
 75.432090
 58.600340
 39.217340
 47.634020
 32.062440
 66.483080
 59.413800
 60.876930
 53.037720
 55.901700
 55.901700
 58.137770
 62.225400
 58.051700
 65.069190
 41.400480
 42.941820
 48.083260
 24.207440
 49.739320
 66.400300
 40.459860
 49.030600
 55.081760
 24.020820
 38.470770
 53.235320
 34.205260
 65.000000
 60.074950
 69.971420
 30.610460
 34.885530
  8.062258
 61.188230
 78.816240
 63.031740
 52.773100
 33.241540
 17.720050
 15.524170
 41.436700
 59.033890
 55.000000
 60.464870
 53.263500
 33.120990
 21.189620
 39.204590
 52.000000
 53.935150
 72.138760
 73.409810
 45.398240
 28.000000
 29.732140
 44.147480
 47.801670
 43.324360
 22.472200
 56.603890
 52.201530
 65.795140
 60.307540
 24.166090
 35.902650
 48.270070
 50.159740
 38.470770
 48.414880
 23.021730
 15.297060
 29.068880
 56.824290
 62.625870
 44.283180
 40.311290
 35.128340
 20.591260
 55.605750
 53.488320
 44.654230
 30.886890
 48.270070
 55.036350
 62.641840
 40.112340
 14.317820
 10.000000
 22.561030
 26.248810
 30.463090
 41.593270
 57.271290
 65.000000
 36.138620
 38.626420
 66.603300
 64.884510
 60.074950
 61.660360
 48.414880
 49.739320
 72.622310
 54.083270
 43.737850
 53.488320
  5.000000
 53.000000
 62.201290
 36.619670
 36.235340
 23.537200
 56.035700
 58.694120
 40.521600
 54.203320
 55.081760
 66.400300
 32.695560
 37.802120
 20.591260
 18.788290
 53.000000
 28.000000
 18.681540
 54.120240
 44.821870
 51.662360
 61.717100
 40.792160
 30.149630
 26.907250
 13.000000
 43.289720
 58.728190
 65.946950
 76.380620
 67.779050
 74.625730
 52.430910
 38.587560
 45.276920
 64.560050
 38.000000
 30.083220
 34.205260
 51.623640
 63.198100
 61.204570
   .000000
 43.863430
 55.081760
 75.286120
 51.662360
 66.400300
 52.801510
 60.745370
 46.872170
 22.360680
 12.000000
  7.211102
 13.601470
  8.944272
 46.840150
 47.042530
 30.232430
 45.453270
 63.134780
 71.344240
 70.035710
 56.603890
 48.083260
 40.706260
 30.016660
 37.363080
 22.090720
 26.570660
 21.400930
 62.361850
 48.764740
 85.146930
 57.939620
 37.336310
 35.227830
 55.578770
 62.936480
 60.108230
 64.381680
 67.896980
 50.328920
 53.758720
 59.539900
 56.293870
 58.694120
 53.338540
 18.384780
 25.942240
 30.364450
 40.496910
 42.047590
 49.396350
 25.298220
 34.655450
 29.832870
 43.011630
 42.941820
 39.395430
 40.804410
 42.720020
 38.587560
 45.276920
 42.544090
 38.470770
 44.944410
 21.213200
  2.828427
 17.088010
 25.019990
 29.154760
 35.000000
 19.104970
 42.426410
 43.011630
 39.458840
 50.159740
 57.008770
 34.438350
 44.598210
 55.973210
 42.190040
 16.031220
 27.294690
 37.643060
 50.477720
 46.389650
 25.000000
  9.219544
 12.041590
 26.419690
 44.102150
 33.421550
 37.696160
 15.524170
 32.557640
 23.769730
 57.070130
 33.060550
 10.816650
 36.055510
 46.097720
 35.440090
 40.311290
 53.338540
 41.231060
 31.622780
  8.544003
  7.810250
  4.123106
 28.017850
 31.622780
 38.013160
 30.413810
 28.017850
 19.697720
 36.235340
 41.012190
 54.405880
  6.000000
 22.360680
 27.018510
 43.104520
 43.416590
 34.539830
 31.016120
 30.413810
 16.278820
 15.811390
 23.409400
 16.492420
 38.275320
  7.615773
 13.341660
  9.899495
 53.037720
 47.413080
 43.046490
 37.215590
 34.176010
 22.203600
 48.507730
 29.732140
 52.325900
 47.201690
 38.639360
 51.865210
 31.622780
 27.856780
 43.011630
 60.108230
 65.192020
 12.165530
 29.154760
 39.319210
 20.518280
 10.440310
 10.049880
 46.486560
 11.180340
 21.470910
 22.472200
 13.000000
 35.355340
 29.120440
 39.812060
 35.805030
 15.297060
 43.011630
 35.000000
 11.180340
 11.180340
 30.000000
 25.079870
 53.150730
 41.231060
 45.000000
 33.541020
 11.180340
 11.180340
 18.027760
 10.000000
 18.027760
 20.000000
 40.311290
 51.478150
 25.000000
 26.925820
 38.078870
 47.434170
 45.000000
 26.925820
 25.000000
 27.018510
 49.193500
 44.721360
 33.837850
 51.244510
 45.967380
 57.008770
 62.241470
 43.863430
   .000000
 21.213200
 40.792160
 20.615530
 25.553870
  8.944272
 17.262680
 10.816650
 22.803510
 33.286630
 37.947330
 32.756680
 50.000000
 38.183770
 47.801670
 24.041630
 20.248460
 38.078870
 43.104520
 33.955850
 14.422200
 17.088010
  4.123106
 14.317820
  8.944272
 38.209950
 49.497470
 57.218880
 70.802540
 60.415230
 49.335590
 40.706260
 31.906110
 39.812060
 60.605280
 27.294690
 24.186770
 26.925820
 30.364450
 36.400550
 40.224370
 52.009610
 46.400430
 39.812060
 48.795490
 27.459060
 18.027760
 14.212670
  4.472136
 16.124520
  8.246211
 32.557640
 16.155490
 48.270070
  5.099020
  2.828427
  4.472136
  9.219544
  6.403124
  7.280110
  5.099020
  1.414214
  6.000000
  2.828427
 42.426410
 24.041630
 37.443290
 43.081320
 50.000000
 52.201530
 40.311290
 63.639610
 64.031240
 57.939620
 70.327800
 78.102490
 54.918120
 64.412730
 77.155690
 60.083270
 34.885530
 48.010410
 51.156620
 71.400280
 61.660360
 39.812060
 22.472200
 23.769730
 38.052600
 60.207970
 54.561890
 57.801380
 31.953090
 51.478150
 43.416590
 75.610850
 50.921510
 31.890440
 57.008770
 67.268120
 49.254440
 55.901700
 74.060780
 60.415230
 51.478150
 13.892440
 13.453620
 17.804490
 45.880280
 51.478150
 59.033890
 46.097720
 45.880280
 33.734260
 56.859470
 62.225400
 75.432090
 25.806980
 43.011630
 44.944410
 59.228370
 62.649820
 54.708320
 48.703180
 51.623640
 37.483330
 20.000000
 37.656340
 32.893770
 59.203040
 28.425340
 30.463090
 11.313710
 74.249580
 67.955870
 63.820060
 53.150730
 47.095650
 33.060550
 66.730800
 49.739320
 72.718640
 68.249540
 57.384670
 71.554180
 52.630790
 41.303750
 62.609910
 81.320350
 86.371290
 31.906110
 50.000000
 54.918120
  1.000000
 13.000000
 16.763050
 59.000000
 26.925820
 34.365680
 43.416590
 33.600590
 53.851650
 48.764740
 60.207970
 56.850680
 32.310990
 64.031240
 52.201530
 26.925820
 32.015620
 47.434170
 38.327540
 74.330350
 60.415230
 61.846580
 54.083270
 32.015620
 11.180340
 25.000000
 15.811390
 25.000000
 38.078870
 55.901700
 72.111020
 42.720020
 40.311290
 50.000000
 67.082040
 61.846580
 47.169910
 46.097720
 48.166380
 69.641940
 65.192020
 53.712200
 70.682390
 67.178860
 78.102490
 83.450580
 55.081760
 21.213200
   .000000
 55.443660
 40.311290
 37.054020
 20.248460
 18.110770
 10.816650
 33.015150
 43.104520
 51.088160
 47.675990
 63.007930
 59.396970
 68.883960
 43.909000
 41.231060
 57.271290
 60.728900
 48.507730
 27.892650
 37.443290
 24.839490
 31.384710
 20.248460
 56.302750
 67.675700
 72.691120
 91.831370
 80.993830
 62.000000
 61.294370
 52.801510
 60.207970
 81.688430
 43.416590
 40.804410
 41.773200
 44.407210
 57.489130
 61.220910
 73.109500
 67.475920
 60.207970
 70.007140
 43.174060
 33.241540
 26.683330
 20.248460
 13.038400
 26.419690
 51.478150
 36.619670
 67.230940
 17.204650
 24.041630
 23.021730
 30.413810
 27.586230
 27.802880
 25.612500
 21.260290
 25.806980
 18.384780
 33.970580
 39.293770
 27.784890
 51.088160
 27.459060
  9.433981
 34.828150
 39.293770
 33.376640
 58.008620
 57.584720
 53.235320
 46.324940
 23.086790
 45.044420
 12.165530
 45.793010
 41.868840
 67.357250
 36.055510
  6.324555
 16.031220
 34.014700
 51.546100
 61.400330
 67.475920
 38.948680
 22.561030
 25.317980
 16.124520
 22.022710
 70.263790
 55.901700
 38.013160
 29.732140
 38.327540
  6.324555
  3.000000
 55.542780
 56.603890
 48.414880
 48.259710
 45.044420
 44.553340
 53.075420
 20.591260
 31.320920
 10.440310
 15.000000
 54.589370
 46.141090
 38.600520
 52.611790
 42.379240
 26.907250
 52.402290
 66.708320
 57.801380
 22.472200
 12.727920
 34.132100
 35.227830
 56.515480
 56.603890
 24.331050
 30.083220
 34.785050
 47.853940
 47.010640
 46.097720
 30.066590
 48.466480
 62.936480
 65.604880
 59.033890
 65.000000
 46.861500
 57.567350
 36.055510
 15.132750
 61.465440
 40.496910
 14.142140
 21.023800
 51.039200
 57.078890
 29.732140
 27.459060
  3.162278
 55.326310
 50.249380
 39.051250
 75.690160
 30.149630
 21.095020
 38.897300
 40.311290
 55.443660
 20.000000
 25.317980
 41.593270
 25.495100
 33.376640
  9.433981
 48.466480
 39.357340
 55.172460
 58.830270
 48.259710
 56.603890
 66.400300
 25.079870
 32.695560
 45.044420
 30.805840
 50.635960
 57.870540
 48.826220
 65.795140
 55.081760
 17.000000
 15.132750
  8.602325
 23.537200
  9.433981
 23.430750
 37.536650
 31.400640
 30.265490
 52.000000
 49.406480
 62.241470
 40.607880
 43.289720
 53.084840
 75.286120
 40.792160
 55.443660
   .000000
 23.853720
 18.681540
 36.000000
 38.078870
 49.040800
 59.933300
 68.264190
 68.117550
 61.717100
 77.794600
 37.336310
 47.296940
 45.276920
 29.832870
 17.262680
 11.401750
  7.000000
 28.000000
 27.784890
 40.804410
 48.301140
 49.477270
 58.412330
 65.863490
 79.056940
 65.030760
 61.983870
  9.899495
 27.294690
 41.880780
 49.648770
 56.080300
 13.601470
 16.763050
 14.035670
 11.045360
 31.953090
 31.780500
 40.012500
 36.124780
 25.317980
 42.296570
 57.008770
 52.354560
 52.554730
 45.122060
 56.320510
 32.557640
 52.497620
 41.048750
 62.177170
 45.541190
 39.293770
 43.680660
 37.161810
 37.000000
 40.853400
 36.138620
 41.976180
 42.379240
 42.426410
 11.180340
 18.248290
  4.123106
 27.586230
 11.180340
 15.811390
 11.401750
 26.925820
 25.000000
 36.769550
 41.000000
 42.720020
 26.476400
 24.166090
 38.832980
 22.022710
 21.954500
 20.248460
 43.840620
 31.827660
 28.231190
 12.649110
 18.439090
 29.154760
 37.589890
 45.276920
 21.023800
 17.492860
 10.295630
 12.041590
  3.162278
 51.788030
 33.286630
 14.560220
 18.027760
 29.154760
 20.518280
 22.360680
 41.593270
 36.400550
 26.925820
 29.120440
 27.313000
 24.738630
 29.832870
 11.180340
 20.248460
 14.142140
  8.944272
 30.870700
 27.166150
 25.632010
 40.804410
 20.024980
  5.000000
 29.068880
 44.418460
 38.078870
 14.422200
 11.704700
 16.124520
 11.401750
 35.000000
 32.756680
  9.848858
 20.000000
 13.152950
 24.351590
 29.546570
 37.121420
 27.802880
 32.062440
 40.000000
 41.868840
 35.468300
 44.922150
 25.079870
 42.107010
 29.206160
 18.110770
 44.102150
 21.095020
 16.155490
 22.472200
 43.909000
 49.648770
  8.544003
 11.180340
 21.470910
 39.824620
 31.048350
 24.207440
 52.402290
 14.142140
 15.033300
 16.124520
 16.552950
 33.541020
  8.544003
 20.000000
 24.020820
  9.433981
 25.000000
 15.811390
 25.495100
 15.811390
 32.015620
 34.985710
 38.078870
 36.400550
 44.721360
 14.142140
 10.000000
 29.154760
 22.360680
 30.413810
 35.355340
 25.000000
 43.011630
 40.311290
  7.071068
 15.811390
 25.000000
 26.925820
 25.495100
  7.071068
 15.811390
 12.041590
 29.410880
 35.000000
 28.460500
 44.283180
 29.966650
 39.051250
 46.141090
 51.662360
 20.615530
 40.311290
 23.853720
   .000000
 18.110770
 20.615530
 27.802880
 31.016120
 36.400550
 44.418460
 44.553340
 38.183770
 54.817880
 23.086790
 34.205260
 22.203600
  6.708204
 17.464250
 23.086790
 18.384780
 15.264340
  4.123106
 19.026300
 24.698180
 28.017850
 36.674240
 45.880280
 57.697490
 56.462380
 48.836460
 33.600590
 21.260290
 22.203600
 31.144820
 46.238510
 11.401750
  8.944272
 13.416410
 16.643320
 19.235380
 22.203600
 34.205260
 28.600700
 20.000000
 32.649650
 33.301650
 28.635640
 29.614190
 24.186770
 36.674240
 13.892440
 30.413810
 17.204650
 42.953460
 25.709920
 18.248290
 22.022710
 14.142140
 15.033300
 18.110770
 15.524170
 21.377560
 20.024980
 23.086790
 28.861740
 25.000000
 19.924860
 43.416590
 28.160260
 18.384780
 28.460500
 43.737850
 40.162170
 54.405880
 59.033890
 59.439040
 44.553340
 34.409300
 53.851650
 26.248810
 35.805030
 38.078870
 59.076220
 45.617980
 25.000000
  6.324555
 17.088010
 37.443290
 50.209560
 62.241470
 39.012820
 29.966650
 11.401750
 21.470910
 19.026300
 69.871310
 50.159740
 27.202940
 33.955850
 44.922150
 12.369320
 19.697720
 59.211490
 54.341510
 44.643030
 31.622780
 27.892650
 28.635640
 46.065170
 24.351590
 36.138620
 11.313710
 15.231550
 43.139310
 45.276920
 42.579340
 57.870540
 29.068880
 23.086790
 45.177430
 61.326990
 56.089210
 27.856780
 16.643320
 34.000000
 27.313000
 41.146080
 46.097720
 10.816650
 35.440090
 21.931710
 36.069380
 29.614190
 53.160140
 40.311290
 50.000000
 56.356010
 56.400360
 46.754680
 62.817200
 42.720020
 60.008330
 44.011360
 25.612500
 62.201290
 39.204590
  5.000000
 32.202480
 59.464280
 65.459920
 18.027760
 28.160260
 18.788290
 37.013510
 33.526110
 21.213200
 67.955870
 14.422200
  4.242640
 33.526110
 30.232430
 50.921510
 21.840330
 33.105890
 42.011900
 12.206560
 40.162170
 18.384780
 35.468300
 28.600700
 48.301140
 48.166380
 54.571060
 54.341510
 62.032250
 29.120440
 21.633310
 27.166150
 12.165530
 34.539830
 43.566040
 39.661060
 59.481090
 58.077530
 13.341660
  4.242640
 13.152950
 36.235340
 26.419690
 23.194830
 33.734260
 30.016660
 41.340050
 53.037720
 46.324940
 62.393910
 46.324940
 53.225930
 61.684680
 66.400300
 25.553870
 37.054020
 18.681540
 18.110770
   .000000
 18.681540
 19.416490
 31.780500
 47.507890
 57.280010
 59.640590
 53.535030
 70.830790
 40.311290
 51.478150
 39.000000
 24.515300
 26.627050
 26.400760
 12.083050
 11.180340
 19.924860
 27.018510
 36.796740
 34.481880
 54.083270
 63.788720
 75.026660
 72.801100
 66.370170
 25.079870
 34.928500
 40.311290
 49.254440
 62.817200
 10.295630
 10.198040
  7.211102
  8.062258
 35.693140
 37.643060
 48.846700
 43.657760
 33.105890
 48.764740
 48.259710
 41.036570
 39.204590
 30.016660
 39.560080
 17.804490
 47.759820
 32.249030
 61.000000
 29.546570
 25.000000
 29.410880
 25.612500
 24.041630
 28.284270
 22.022710
 26.925820
 29.068880
 26.400760
 25.495100
 10.198040
 18.439090
 33.136080
 31.144820
 32.015620
 23.769730
 46.043460
 45.276920
 47.042530
 56.320510
 61.400330
 40.521600
 44.418460
 58.898220
 39.849720
 24.186770
 33.241540
 46.486560
 52.345010
 42.047590
 20.024980
  2.236068
 20.615530
 35.355340
 52.469040
 38.013160
 38.013160
 11.704700
 31.304950
 23.600850
 64.381680
 41.048750
 17.117240
 38.209950
 49.040800
 30.066590
 36.124780
 58.694120
 48.373550
 38.470770
 13.000000
  9.219544
 10.630150
 36.124780
 31.622780
 40.360870
 26.172500
 25.632010
 28.635640
 42.059480
 44.654230
 59.059290
 14.560220
 24.083190
 35.128340
 51.478150
 50.487620
 35.000000
 28.460500
 34.132100
 21.189620
 23.021730
 32.310990
 12.649110
 40.311290
 11.401750
 22.135940
 11.045360
 56.612720
 48.414880
 48.466480
 45.705580
 43.081320
 31.064450
 56.080300
 36.496570
 58.189350
 49.517670
 37.161810
 58.463670
 36.769550
 22.090720
 42.544090
 63.600320
 69.065190
 12.806250
 31.144820
 35.128340
 19.924860
 14.866070
  3.605551
 55.362440
  6.708204
 15.132750
 28.160260
 20.024980
 43.011630
 28.844410
 40.607880
 40.718550
 12.083050
 45.276920
 32.015620
 20.124610
 18.027760
 38.209950
 34.014700
 57.140180
 48.373550
 53.150730
 34.713110
 14.317820
  9.219544
  9.219544
 16.124520
 26.172500
 28.284270
 48.836460
 57.008770
 22.472200
 21.095020
 31.780500
 47.010640
 41.773200
 27.658630
 30.083220
 30.232430
 50.000000
 50.596440
 40.607880
 58.051700
 49.406480
 59.413800
 65.802730
 52.801510
  8.944272
 20.248460
 36.000000
 20.615530
 18.681540
   .000000
  9.055386
 13.152950
 31.622780
 42.190040
 46.818800
 41.484940
 58.821770
 41.880780
 52.354560
 31.144820
 23.021730
 37.121420
 40.521600
 29.000000
  8.000000
 18.439090
 12.369320
 23.086790
 16.970560
 46.000000
 57.078890
 65.620120
 75.292760
 65.924200
 43.566040
 41.868840
 37.336310
 45.880280
 65.000000
 23.345240
 20.615530
 22.022710
 25.019990
 39.051250
 42.449970
 54.488530
 48.836460
 40.607880
 52.201530
 36.138620
 26.925820
 23.021730
 12.806250
 20.880610
  7.211102
 40.049970
 23.086790
 55.443660
 11.401750
 10.198040
 13.416410
 15.132750
 12.041590
 15.132750
  9.055386
 10.295630
 14.560220
  8.485281
 34.176010
 19.026300
 26.419690
 42.047590
 38.832980
 36.235340
 32.572990
 54.203320
 52.801510
 56.080300
 65.253350
 69.771060
 49.477270
 50.447990
 66.610810
 44.294470
 33.060550
 42.201900
 54.817880
 59.548300
 44.384680
 23.259410
 10.440310
 27.730850
 43.081320
 61.294370
 46.615450
 44.553340
 17.691810
 37.013510
 30.479500
 73.437050
 50.010000
 26.172500
 45.803930
 56.859470
 31.780500
 38.897300
 67.416620
 57.428220
 47.518420
 17.804490
 13.601470
 17.464250
 45.044420
 38.183770
 48.010410
 29.546570
 30.805840
 36.687870
 50.960770
 52.839380
 67.542580
 23.194830
 31.906110
 44.045430
 60.299260
 59.539900
 41.725290
 33.286630
 42.485290
 30.083220
 28.425340
 40.521600
 18.384780
 47.801670
 20.396080
 30.594120
 14.142140
 64.660650
 55.154330
 57.245090
 54.451810
 51.244510
 38.483760
 65.122960
 45.541190
 67.052220
 57.008770
 42.438190
 67.468510
 45.541190
 24.041630
 48.414880
 71.561160
 77.175130
 21.023800
 38.832980
 37.947330
 18.248290
 19.104970
  7.280110
 63.600320
 13.892440
 17.464250
 37.107950
 29.068880
 52.038450
 35.355340
 47.381430
 49.396350
 18.439090
 52.801510
 36.235340
 28.160260
 27.073970
 47.095650
 42.059480
 65.368190
 57.428220
 62.072540
 41.868840
 23.086790
 10.630150
  7.280110
 21.400930
 32.449960
 37.121420
 57.558670
 65.787540
 27.802880
 23.086790
 32.062440
 52.801510
 45.310040
 34.828150
 38.897300
 38.470770
 56.586220
 59.481090
 49.648770
 67.082040
 57.454330
 66.843100
 73.783470
 60.745370
 17.262680
 18.110770
 38.078870
 27.802880
 19.416490
  9.055386
   .000000
 16.278820
 38.910150
 49.658840
 55.081760
 50.010000
 67.186310
 50.119860
 60.835850
 40.199500
 31.304950
 42.801870
 44.721360
 31.320920
 12.727920
 26.419690
 21.095020
 31.575310
 23.706540
 55.009090
 66.121100
 74.431180
 83.648070
 74.672620
 44.045430
 48.836460
 46.173580
 54.817880
 73.355300
 27.294690
 25.238860
 25.079870
 27.202940
 46.872170
 50.000000
 62.008060
 56.400360
 47.381430
 60.207970
 44.721360
 35.171010
 30.463090
 20.248460
 24.207440
 15.811390
 49.091750
 32.140320
 64.498060
 17.888540
 19.026300
 21.587030
 24.186770
 21.095020
 24.020820
 18.110770
 18.439090
 23.194830
 15.811390
 31.890440
 13.601470
 27.730850
 32.572990
 39.962480
 44.407210
 29.732140
 53.075420
 53.823790
 47.434170
 59.539900
 67.357250
 44.102150
 55.154330
 66.708320
 51.971150
 24.166090
 37.202150
 42.047590
 61.294370
 55.000000
 33.015150
 15.033300
 14.000000
 29.274560
 50.358720
 43.863430
 48.332180
 24.083190
 42.720020
 34.176010
 65.145990
 40.521600
 21.213200
 46.872170
 56.850680
 43.185650
 49.010200
 63.245550
 49.769470
 40.706260
  3.162278
  4.000000
  7.071068
 35.440090
 42.154480
 48.826220
 39.012820
 37.656340
 24.020820
 46.043460
 51.662360
 64.660650
 15.000000
 33.120990
 34.481880
 49.365980
 52.000000
 45.188500
 40.607880
 41.109610
 26.907250
 12.529960
 28.017850
 25.079870
 49.091750
 18.357560
 19.924860
  2.236068
 63.655320
 58.180750
 53.009430
 43.289720
 38.118240
 24.331050
 56.320510
 38.948680
 61.911230
 58.008620
 48.764740
 60.835850
 41.868840
 35.227830
 53.488320
 70.724820
 75.690160
 22.472200
 39.962480
 48.010410
 10.000000
  3.162278
 10.770330
 50.358720
 19.026300
 28.284270
 32.649650
 22.803510
 43.324360
 39.560080
 50.537110
 46.097720
 24.186770
 53.823790
 44.407210
 16.492420
 21.260290
 37.107950
 29.017240
 63.655320
 49.769470
 51.788030
 44.294470
 21.954500
  5.656854
 21.023800
  6.082763
 17.088010
 27.513630
 46.173580
 61.294370
 34.525350
 34.234490
 44.911020
 57.939620
 54.332310
 37.576590
 35.383610
 37.802120
 59.941640
 54.378300
 42.941820
 60.008330
 56.639210
 67.801180
 72.835430
 46.872170
 10.816650
 10.816650
 49.040800
 31.016120
 31.780500
 13.152950
 16.278820
   .000000
 24.515300
 35.171010
 42.107010
 38.052600
 54.230990
 48.836460
 58.137770
 33.120990
 31.064450
 48.383880
 52.773100
 42.047590
 21.095020
 27.730850
 14.142140
 20.880610
 10.049880
 45.880280
 57.280010
 63.126860
 81.055530
 70.178340
 56.718610
 51.478150
 42.011900
 49.396350
 70.936590
 36.055510
 33.136080
 35.014280
 38.118240
 47.201690
 51.039200
 62.801270
 57.201400
 50.537110
 59.464280
 33.241540
 23.194830
 17.000000
  9.433981
  8.062258
 17.464250
 40.853400
 25.806980
 56.648040
  6.403124
 13.601470
 12.206560
 19.849430
 17.204650
 17.029390
 15.652480
 10.630150
 15.000000
  8.062258
 29.154760
 22.627420
 32.310990
 16.552950
 39.115220
 52.201530
 27.294690
 45.607020
 49.497470
 29.000000
 44.045430
 55.946400
 31.780500
 56.080300
 59.135440
 57.723480
 15.132750
 27.658630
 18.248290
 56.885850
 64.621980
 45.486260
 32.015620
 11.180340
  5.099020
 28.231190
 35.902650
 49.162990
 36.400550
 47.539460
 38.897300
 45.486260
 21.931710
 21.931710
 44.045430
 50.447990
 55.569770
 58.694120
 49.648770
 32.557640
 26.832820
 21.840330
 25.632010
 21.470910
 18.027760
 44.721360
 45.177430
 49.648770
 45.310040
  6.000000
 34.014700
 44.384680
 52.839380
 18.439090
 34.928500
 17.492860
 27.313000
 34.655450
 46.270940
 48.104050
 36.124780
 25.709920
 13.038400
  7.211102
 37.202150
 46.097720
 25.806980
 12.083050
 25.961510
 54.781380
 56.142670
 40.706260
 21.470910
 14.142140
  1.000000
 36.619670
 26.000000
 47.010640
 52.952810
 53.150730
 43.840620
 32.984840
 48.826220
 55.226810
 61.326990
 64.884510
 30.528680
 39.115220
 57.775430
 32.015620
 21.377560
 31.764760
 26.019220
 33.241540
 43.278170
 26.019220
 19.924860
 25.495100
 43.174060
 50.010000
 36.687870
 35.805030
 49.497470
 52.201530
 12.041590
 20.615530
 18.439090
  6.403124
 53.712200
 32.557640
 30.413810
 44.102150
 27.294690
 29.410880
 40.804410
 18.439090
  8.062258
 14.142140
 23.769730
 47.434170
 42.953460
 48.010410
 59.076220
 59.076220
 61.684680
 39.812060
 29.068880
 35.014280
 58.137770
 40.496910
 28.653100
 42.449970
 49.040800
 61.400330
 63.071390
 22.360680
 22.803510
 33.015150
 59.933300
 36.400550
 47.507890
 31.622780
 38.910150
 24.515300
   .000000
 10.770330
 18.110770
 15.652480
 30.000000
 41.976180
 47.423620
 21.587030
 31.780500
 51.788030
 58.940650
 53.712200
 36.769550
 32.310990
 20.518280
 11.704700
 15.231550
 26.907250
 37.443290
 40.024990
 68.242220
 55.443660
 69.354160
 50.010000
 32.280030
 35.846900
 59.169250
 46.529560
 43.416590
 47.169910
 50.774010
 43.185650
 47.265210
 56.753850
 51.971150
 50.010000
 51.546100
 12.727920
  8.062258
  8.602325
 18.867960
 20.099750
 29.732140
 24.413110
 20.223750
 38.288380
 21.023800
 22.627420
 18.439090
 22.825420
 23.600850
 19.416490
 25.495100
 21.400930
 18.439090
 23.323810
 35.468300
 32.802440
 40.496910
 19.235380
 44.922150
 59.941640
 34.014700
 48.041650
 53.084840
 26.400760
 42.047590
 55.659680
 33.136080
 61.392180
 60.671250
 64.621980
 22.472200
 31.257000
 10.630150
 60.000000
 72.470680
 54.671750
 42.438190
 21.931710
  7.071068
 21.931710
 39.051250
 54.817880
 45.967380
 54.626000
 46.529560
 40.311290
 20.615530
 30.610460
 48.662100
 53.037720
 64.404970
 66.730800
 48.466480
 30.463090
 28.071340
 32.572990
 36.400550
 32.202480
 19.000000
 51.264020
 49.365980
 58.249460
 53.338540
 14.142140
 35.227830
 47.010640
 52.497620
 28.425340
 42.047590
 19.026300
 21.213200
 32.202480
 52.201530
 55.946400
 40.607880
 33.120990
 23.194830
 11.661900
 46.690470
 50.487620
 35.355340
 21.213200
 36.687870
 55.901700
 60.299260
 41.000000
 16.643320
  7.211102
 11.180340
 32.015620
 28.000000
 45.188500
 56.000000
 59.808030
 40.816660
 36.055510
 58.137770
 60.876930
 61.846580
 64.513570
 39.698870
 44.922150
 65.863490
 42.107010
 32.015620
 42.485290
 16.278820
 43.278170
 53.037720
 31.320920
 28.017850
 24.041630
 50.159740
 55.108980
 39.012820
 45.276920
 53.084840
 59.941640
 22.203600
 29.206160
 18.110770
  9.433981
 54.341510
 30.463090
 24.758840
 49.729270
 36.235340
 40.162170
 51.312770
 29.120440
 18.248290
 19.697720
 17.691810
 46.238510
 51.312770
 57.384670
 68.249540
 64.327290
 68.942000
 46.615450
 33.955850
 40.521600
 62.289650
 39.849720
 29.274560
 39.115220
 51.156620
 63.387700
 63.324560
 12.000000
 33.286630
 43.104520
 68.264190
 44.418460
 57.280010
 42.190040
 49.658840
 35.171010
 10.770330
   .000000
 10.000000
 11.704700
 20.396080
 45.011110
 48.052060
 25.495100
 38.910150
 58.189350
 65.924200
 62.425960
 46.861500
 40.496910
 30.610460
 20.518280
 26.000000
 24.166090
 32.649650
 31.780500
 66.640830
 53.235320
 77.935870
 54.744860
 35.014280
 35.902650
 58.523500
 55.217750
 52.201530
 56.222770
 59.816390
 47.381430
 51.244510
 59.135440
 55.000000
 55.108980
 53.338540
 13.038400
 16.278820
 19.235380
 29.529650
 30.066590
 39.698870
 24.331050
 27.294690
 34.669870
 31.780500
 32.802440
 28.844410
 31.890440
 33.241540
 29.000000
 35.468300
 31.906110
 28.425340
 34.000000
 34.205260
 36.769550
 41.036570
 17.029390
 42.544090
 59.203040
 33.301650
 42.426410
 48.270070
 18.248290
 33.526110
 47.853940
 27.459060
 57.939620
 54.009260
 62.769420
 23.853720
 27.730850
  1.000000
 54.589370
 71.610050
 56.080300
 46.615450
 28.160260
 13.038400
 12.041590
 34.481880
 51.894120
 48.259710
 53.254110
 46.097720
 30.479500
 14.317820
 32.449960
 44.944410
 47.381430
 65.053830
 66.219330
 40.261640
 22.360680
 22.803510
 39.204590
 42.579340
 37.854990
 15.264340
 49.396350
 45.221680
 58.694120
 53.150730
 18.439090
 29.274560
 41.593270
 44.721360
 32.310990
 41.231060
 15.811390
 11.401750
 23.769730
 49.648770
 55.443660
 37.161810
 33.241540
 31.144820
 14.560220
 48.826220
 46.486560
 38.078870
 24.698180
 43.289720
 49.040800
 55.785300
 34.014700
  8.062258
  4.000000
 18.027760
 22.472200
 23.409400
 36.687870
 50.635960
 57.801380
 31.780500
 31.622780
 59.665740
 57.775430
 54.451810
 56.515480
 41.617310
 42.544090
 65.436990
 50.089920
 39.051250
 47.801670
  8.544003
 46.529560
 55.470710
 29.410880
 29.410880
 17.029390
 48.826220
 51.623640
 33.734260
 47.434170
 48.270070
 59.203040
 26.925820
 31.064450
 13.416410
 13.152950
 47.169910
 22.360680
 15.000000
 46.957430
 38.013160
 46.529560
 55.542780
 36.055510
 26.172500
 20.000000
  8.062258
 38.078870
 51.623640
 59.033890
 69.354160
 60.745370
 67.416620
 45.221680
 31.384710
 38.078870
 57.723480
 32.249030
 23.345240
 29.966650
 45.177430
 57.008770
 55.731500
  7.211102
 37.947330
 51.088160
 68.117550
 44.553340
 59.640590
 46.818800
 55.081760
 42.107010
 18.110770
 10.000000
   .000000
  6.403124
 12.165530
 40.024990
 41.048750
 23.021730
 38.288380
 55.946400
 64.140470
 62.936480
 50.119860
 41.036570
 34.539830
 23.769730
 32.249030
 16.124520
 23.021730
 22.135940
 57.939620
 44.384680
 77.987170
 50.921510
 30.364450
 29.000000
 50.447990
 55.865910
 53.075420
 57.384670
 60.876930
 43.324360
 46.840150
 53.150730
 49.648770
 51.623640
 47.042530
 11.401750
 19.924860
 25.179360
 34.928500
 38.209950
 42.941820
 18.439090
 27.658630
 25.495100
 37.656340
 36.769550
 33.526110
 34.132100
 36.235340
 32.202480
 38.910150
 36.687870
 32.310990
 39.293770
 27.802880
 31.320920
 34.713110
 10.630150
 36.235340
 52.801510
 26.907250
 37.054020
 42.579340
 14.764820
 30.413810
 43.965900
 22.022710
 51.865210
 49.254440
 56.435800
 17.888540
 21.540660
  5.656854
 49.162990
 65.215030
 49.819680
 41.109610
 24.083190
 10.816650
 12.649110
 28.635640
 45.694640
 42.190040
 46.872170
 39.698870
 30.000000
  9.055386
 26.419690
 38.897300
 42.047590
 58.694120
 59.816390
 36.769550
 18.788290
 17.117240
 35.014280
 38.052600
 33.136080
  8.944272
 43.046490
 39.293770
 52.325900
 46.754680
 14.035670
 24.000000
 36.124780
 40.804410
 26.925820
 34.828150
  9.433981
 11.704700
 20.591260
 43.382020
 49.040800
 31.016120
 26.907250
 28.160260
 10.049880
 42.720020
 40.521600
 32.202480
 19.416490
 39.000000
 44.407210
 50.010000
 29.427880
  5.830952
  5.000000
 15.231550
 21.260290
 17.464250
 33.541020
 45.177430
 51.478150
 29.410880
 25.709920
 53.413480
 51.623640
 50.219520
 52.810990
 35.510560
 36.235340
 59.033890
 46.690470
 35.128340
 42.755120
 14.422200
 40.718550
 49.396350
 23.021730
 23.323810
 12.369320
 42.438190
 45.541190
 28.160260
 41.340050
 42.579340
 52.801510
 22.090720
 25.059930
  7.280110
  9.486833
 42.755120
 18.788290
 14.764820
 40.718550
 31.906110
 42.047590
 49.980000
 32.140320
 23.409400
 13.892440
  8.246211
 34.539830
 45.254830
 52.801510
 63.031740
 54.708320
 61.057350
 38.832980
 25.059930
 31.764760
 51.971150
 28.160260
 18.000000
 27.802880
 40.000000
 52.086470
 51.662360
 13.601470
 32.756680
 47.675990
 61.717100
 38.183770
 53.535030
 41.484940
 50.010000
 38.052600
 15.652480
 11.704700
  6.403124
   .000000
 17.464250
 34.365680
 36.496570
 16.643320
 31.890440
 49.648770
 57.801380
 56.568540
 44.283180
 34.713110
 29.120440
 18.439090
 28.017850
 12.529960
 22.022710
 25.079870
 55.009090
 41.677330
 71.589100
 44.922150
 24.515300
 24.331050
 46.818800
 49.517670
 46.754680
 51.088160
 54.561890
 37.363080
 41.000000
 48.000000
 44.181440
 45.541190
 42.047590
  5.385165
 15.033300
 21.095020
 30.149630
 35.171010
 37.161810
 13.000000
 21.400930
 23.430750
 33.060550
 31.320920
 28.442920
 28.178010
 30.463090
 26.570660
 33.241540
 31.575310
 26.925820
 34.365680
 43.931770
 48.703180
 51.613950
 27.459060
 51.088160
 68.593000
 43.416590
 47.539460
 54.129470
 21.931710
 34.058770
 49.091750
 33.615470
 65.000000
 57.070130
 71.217970
 35.341190
 36.124780
 12.369320
 59.464280
 80.721740
 66.850580
 58.523500
 40.311290
 25.019990
 11.704700
 41.340050
 59.640590
 59.539900
 62.289650
 55.973210
 26.248810
 21.931710
 43.829210
 52.153620
 52.201530
 75.286120
 75.663730
 41.048750
 25.298220
 30.000000
 51.351730
 54.744860
 50.010000
 25.000000
 58.137770
 51.971150
 68.883960
 63.031740
 30.594120
 34.885530
 47.010640
 46.173580
 44.271890
 50.990200
 25.806980
 12.083050
 25.709920
 57.801380
 65.069190
 45.000000
 43.829210
 43.011630
 26.683330
 60.033330
 53.338540
 49.658840
 36.687870
 55.443660
 51.971150
 61.741400
 37.643060
 14.866070
 16.124520
 30.016660
 21.000000
 31.241000
 37.013510
 55.713550
 66.219330
 31.016120
 38.832980
 70.455660
 65.192020
 56.222770
 57.008770
 52.839380
 51.088160
 74.953320
 62.008060
 51.156620
 59.908260
  4.123106
 58.180750
 66.730800
 38.948680
 40.706260
 23.021730
 58.000000
 58.830270
 39.824620
 58.668560
 54.129470
 68.593000
 39.051250
 42.485290
 22.803510
 25.317980
 49.648770
 25.298220
 14.317820
 55.000000
 49.244290
 58.694120
 67.416620
 48.166380
 38.013160
 31.304950
 12.041590
 39.115220
 61.846580
 69.892780
 79.812280
 67.601780
 76.059190
 54.451810
 40.311290
 46.754680
 63.560990
 34.928500
 29.681640
 29.017240
 49.648770
 60.415230
 57.078890
  8.944272
 50.000000
 63.007930
 77.794600
 54.817880
 70.830790
 58.821770
 67.186310
 54.230990
 30.000000
 20.396080
 12.165530
 17.464250
   .000000
 46.065170
 44.147480
 32.649650
 48.270070
 64.202800
 72.622310
 73.109500
 61.741400
 51.613950
 46.486560
 35.735140
 44.407210
 20.591260
 21.023800
 12.727920
 56.718610
 43.289720
 87.692640
 57.801380
 37.443290
 33.241540
 51.000000
 66.219330
 63.600320
 68.007350
 71.400280
 50.249380
 53.235320
 57.280010
 54.781380
 58.830270
 50.960770
 22.847320
 32.015620
 37.336310
 47.074410
 50.039990
 54.626000
 25.612500
 38.587560
 25.019990
 49.819680
 48.703180
 45.607020
 45.617980
 47.927030
 44.011360
 50.695170
 48.764740
 44.271890
 51.419840
 16.970560
 35.355340
 23.706540
 26.076810
 12.165530
 28.160260
 19.104970
  4.242640
  8.246211
 24.186770
 20.248460
 19.697720
 12.649110
 19.209370
 18.027760
 27.459060
 28.231190
 14.317820
 39.051250
 15.033300
 38.078870
 34.132100
 39.962480
 40.706260
 40.199500
 34.481880
  6.082763
 15.264340
 33.241540
 21.587030
 21.377560
 33.120990
 25.709920
 27.658630
  7.615773
  8.544003
 37.656340
 34.539830
 19.000000
 21.400930
 17.262680
 46.097720
 45.967380
 41.773200
 26.019220
 17.262680
  6.403124
 32.140320
 26.019220
 36.138620
 11.180340
  2.828427
 17.720050
 34.205260
 18.384780
 26.000000
 34.000000
 21.931710
 14.866070
 26.305890
  7.810250
 21.931710
 47.413080
 35.355340
 32.893770
  7.810250
 31.241000
 33.105890
 48.083260
 14.866070
 15.811390
 11.180340
 32.572990
 39.319210
 41.000000
 29.000000
 17.029390
 20.396080
 11.045360
 22.825420
 24.166090
  9.055386
 37.013510
 19.798990
 21.931710
 27.202940
 29.154760
 12.165530
 34.176010
 58.694120
 47.634020
 45.221680
 45.310040
 36.235340
 37.854990
 17.000000
 26.627050
 23.409400
 19.026300
 13.453620
  6.324555
 32.310990
  8.246211
 28.160260
 36.235340
 27.802880
 27.166150
 37.215590
 15.264340
 21.400930
 32.449960
 12.369320
 27.802880
 48.918300
 45.310040
 45.803930
 45.310040
 27.892650
 34.539830
 18.110770
 27.073970
 37.054020
 42.755120
 21.633310
 32.449960
 17.117240
 13.892440
 11.661900
 17.720050
 14.764820
 16.763050
 25.059930
  7.810250
 19.697720
 24.083190
 46.840150
 38.183770
 59.396970
 37.336310
 23.086790
 40.311290
 41.880780
 50.119860
 48.836460
 41.976180
 45.011110
 40.024990
 34.365680
 46.065170
   .000000
 11.180340
 20.396080
 18.867960
 20.591260
 28.844410
 35.510560
 38.078870
 23.706540
 34.713110
 32.695560
 41.880780
 25.495100
 29.732140
 43.863430
 33.541020
 26.076810
 46.518810
 12.041590
 10.000000
 13.453620
 23.259410
 31.000000
 30.149630
 34.014700
 36.055510
  5.385165
  7.211102
 14.866070
 10.049880
 13.453620
 10.630150
 32.000000
 34.481880
 39.395430
 39.824620
 51.865210
 34.669870
 21.587030
 24.186770
 25.612500
 42.520580
 35.355340
 37.013510
 29.000000
 31.827660
 32.015620
 34.058770
 38.209950
 34.205260
 41.012190
 26.925820
 45.000000
 34.539830
 30.870700
 23.345240
 38.470770
 28.844410
  8.062258
 14.317820
 23.021730
 12.041590
  9.219544
 15.652480
 26.419690
 13.038400
 36.400550
 35.608990
 21.260290
 40.049970
 16.401220
 47.169910
 45.276920
 50.537110
 48.414880
 44.598210
 32.557640
 14.422200
 24.738630
 44.271890
 32.140320
 32.557640
 25.455840
 27.459060
 37.013510
 18.027760
 10.000000
 48.259710
 44.384680
  8.246211
 19.104970
 20.615530
 55.226810
 55.605750
 51.088160
 29.732140
 28.017850
 16.124520
 43.011630
 37.013510
 42.059480
 13.416410
  9.000000
  6.708204
 43.185650
 29.410880
 30.083220
 32.388270
 18.439090
 25.179360
 37.054020
 18.384780
 31.622780
 55.000000
 40.311290
 43.965900
 17.262680
 41.340050
 40.607880
 57.628120
  8.000000
 20.615530
  7.071068
 33.015150
 41.436700
 46.518810
 24.166090
 21.470910
 10.816650
 13.453620
 32.280030
 16.278820
 16.278820
 48.093660
 27.730850
 13.928390
 17.804490
 39.812060
 23.345240
 44.147480
 68.117550
 56.586220
 55.569770
 44.407210
 47.010640
 49.030600
 25.495100
 35.383610
 24.186770
 30.016660
 22.135940
 12.041590
 43.324360
 14.317820
 38.470770
 44.045430
 36.878180
 30.083220
 41.785160
  6.324555
 19.104970
 29.832870
 23.021730
 38.078870
 58.821770
 56.302750
 54.451810
 52.153620
 34.132100
 34.058770
  8.062258
 38.209950
 48.166380
 53.338540
 28.017850
 41.231060
 28.284270
 22.803510
 22.472200
 21.931710
  9.219544
 18.973670
 17.804490
  7.211102
 16.278820
 15.652480
 47.042530
 47.801670
 68.883960
 47.296940
 34.205260
 51.478150
 52.354560
 60.835850
 58.137770
 47.423620
 48.052060
 41.048750
 36.496570
 44.147480
 11.180340
   .000000
 26.627050
 29.546570
 30.083220
 37.696160
 46.173580
 49.040800
 34.539830
 44.045430
 40.000000
 50.249380
 25.000000
 24.596750
 38.948680
 23.021730
 15.000000
 55.973210
 20.248460
 16.278820
 12.165530
 12.806250
 42.047590
 41.303750
 45.099890
 47.000000
 16.000000
 15.524170
 13.416410
 12.806250
 22.135940
  7.211102
 35.735140
 40.816660
 46.615450
 48.836460
 60.207970
 45.177430
 23.769730
 32.526910
 20.124610
 51.739730
 45.000000
 46.010870
 38.600520
 41.617310
 41.109610
 44.102150
 47.634020
 43.185650
 50.606320
 11.313710
 21.587030
 19.235380
  6.324555
 19.697720
 36.235340
 10.816650
 24.041630
 28.071340
 16.031220
 26.419690
 35.608990
 11.313710
 35.902650
 37.696160
 39.824620
  9.219544
  6.082763
 22.203600
 35.355340
 48.600410
 34.481880
 30.016660
 21.931710
 20.000000
 23.259410
 14.317820
 29.410880
 28.160260
 30.232430
 23.345240
 33.241540
 11.180340
 14.035670
 23.194830
 28.861740
 42.638010
 43.278170
 30.479500
 17.262680
  7.615773
 30.016660
 31.384710
 26.400760
  7.810250
 26.419690
 24.020820
 36.235340
 30.413810
 15.811390
 13.453620
 22.803510
 32.649650
 18.384780
 18.384780
  7.211102
 22.360680
 19.416490
 26.925820
 32.557640
 15.132750
 11.704700
 28.425340
 15.033300
 28.460500
 25.079870
 20.000000
 14.142140
 33.105890
 33.541020
 35.014280
 20.518280
 17.804490
 21.023800
 20.615530
 25.000000
  5.830952
 28.844410
 31.400640
 34.885530
 27.856780
 11.401750
 38.078870
 35.440090
 40.311290
 44.407210
 21.587030
 19.697720
 42.520580
 43.046490
 31.064450
 33.541020
 30.413810
 28.160260
 35.114100
  6.403124
 11.180340
 12.165530
 25.806980
 29.614190
 15.231550
 27.202940
 28.071340
 36.235340
 17.691810
 13.152950
  9.899495
 17.000000
 32.756680
 17.262680
 23.086790
 24.351590
 18.248290
 35.114100
 38.118240
 28.600700
 25.553870
  7.615773
 20.808650
 28.425340
 29.206160
 37.589890
 47.201690
 38.832980
 44.418460
 22.203600
  8.544003
 15.231550
 37.013510
 21.400930
  9.848858
 27.202940
 27.513630
 39.849720
 42.190040
 30.232430
 24.041630
 43.909000
 45.276920
 22.203600
 39.000000
 31.144820
 40.199500
 33.120990
 21.587030
 25.495100
 23.021730
 16.643320
 32.649650
 20.396080
 26.627050
   .000000
 15.620500
 33.105890
 41.182520
 40.459860
 31.400640
 19.235380
 19.924860
 13.453620
 24.207440
 15.297060
 26.000000
 36.055510
 48.795490
 37.202150
 55.172460
 29.274560
 10.770330
 16.401220
 39.051250
 33.600590
 31.064450
 35.510560
 38.832980
 22.022710
 26.000000
 35.171010
 30.413810
 29.614190
 30.083220
 12.649110
 14.317820
 20.000000
 23.706540
 33.970580
 25.019990
  9.055386
  8.062258
 24.331050
 26.832820
 21.587030
 21.023800
 16.031220
 19.104970
 16.763050
 22.090720
 23.409400
 18.384780
 26.570660
  4.472136
 17.492860
  5.099020
 21.260290
  8.944272
 21.095020
  5.000000
 23.021730
 22.803510
 30.083220
 35.128340
 38.470770
 20.099750
 25.317980
 36.069380
 25.961510
 16.763050
 13.601470
 37.536650
 30.232430
 33.615470
 19.313210
 21.095020
 26.172500
 32.310990
 38.587560
 15.524170
 18.248290
 15.132750
 15.811390
  7.810250
 45.398240
 26.627050
 11.180340
 15.811390
 26.172500
 27.018510
 28.017850
 36.400550
 29.832870
 20.248460
 28.653100
 27.802880
 24.186770
 23.345240
 13.038400
 17.804490
 20.615530
 14.866070
 25.961510
 21.000000
 21.633310
 36.249140
 17.720050
  3.162278
 22.627420
 37.735920
 31.575310
 15.132750
 17.204650
 11.180340
  6.082763
 32.557640
 27.313000
 15.033300
 18.027760
 12.806250
 20.099750
 30.000000
 33.600590
 27.313000
 26.476400
 33.421550
 35.805030
 30.805840
 38.327540
 18.384780
 36.496570
 27.018510
 21.377560
 38.000000
 15.033300
 22.847320
 24.083190
 40.607880
 46.043460
 10.295630
  8.944272
 27.202940
 40.607880
 30.413810
 26.400760
 45.967380
 17.464250
 21.095020
  9.433981
 12.041590
 26.832820
 11.401750
 19.924860
 18.439090
 14.142140
 22.803510
 21.095020
 22.022710
 12.041590
 25.495100
 29.546570
 34.132100
 29.832870
 38.013160
 13.601470
  9.219544
 30.413810
 26.925820
 29.154760
 32.015620
 19.235380
 36.400550
 34.928500
 13.601470
 22.472200
 31.622780
 28.284270
 30.083220
  8.062258
  9.219544
  7.211102
 29.154760
 29.154760
 21.840330
 38.052600
 26.400760
 36.878180
 42.801870
 45.453270
 20.248460
 41.231060
 29.832870
  6.708204
 24.515300
 23.021730
 31.304950
 31.064450
 31.780500
 38.910150
 38.288380
 31.890440
 48.270070
 18.867960
 29.546570
 15.620500
   .000000
 20.099750
 27.202940
 24.839490
 19.646880
  5.099020
 17.464250
 20.223750
 25.961510
 29.966650
 39.293770
 50.990200
 52.354560
 43.680660
 39.698870
 20.615530
 16.000000
 25.000000
 42.059480
 18.027760
 15.652480
 20.124610
 23.323810
 16.278820
 20.000000
 31.890440
 26.248810
 19.924860
 29.206160
 27.202940
 23.769730
 26.000000
 22.847320
 35.468300
 15.811390
 23.706540
 11.704700
 36.496570
 25.059930
 17.492860
 20.248460
 11.704700
 13.892440
 15.524170
 15.620500
 20.591260
 17.720050
 23.021730
 22.803510
 35.693140
 21.213200
 39.395430
 13.416410
  9.219544
 24.515300
 22.135940
 16.124520
 43.139310
 40.718550
 36.055510
 31.112700
  7.810250
 28.442920
  7.071068
 36.674240
 28.301940
 55.072680
 19.646880
 17.492860
 20.615530
 34.885530
 46.010870
 51.923020
 53.150730
 23.345240
  5.385165
 25.553870
  5.830952
 14.317820
 53.712200
 42.438190
 31.000000
 13.038400
 21.095020
 19.235380
 14.317820
 38.327540
 41.109610
 34.205260
 46.572530
 44.598210
 42.201900
 40.706260
  7.071068
 14.317820
 15.652480
 12.041590
 45.891170
 30.479500
 21.540660
 35.355340
 37.121420
 17.029390
 40.249220
 52.497620
 42.011900
  6.403124
 10.000000
 19.209370
 26.172500
 52.153620
 46.840150
 24.698180
 13.000000
 30.594120
 40.199500
 46.818800
 29.000000
 13.928390
 31.764760
 49.648770
 54.129470
 50.803540
 49.203660
 33.015150
 40.496910
 19.026300
  2.236068
 44.721360
 25.495100
 21.954500
  5.656854
 34.365680
 40.447500
 25.961510
 13.416410
 14.142140
 56.859470
 48.507730
 40.706260
 62.681740
 30.413810
 26.172500
 26.925820
 32.140320
 41.231060
  9.055386
  8.062258
 25.612500
 25.059930
 16.124520
  9.219544
 42.011900
 32.015620
 42.544090
 49.040800
 31.064450
 41.109610
 51.623640
  9.219544
 27.294690
 46.097720
 36.124780
 47.853940
 52.009610
 38.600520
 52.201530
 37.947330
 15.000000
 22.472200
 24.083190
 10.000000
 12.041590
 12.041590
 24.596750
 17.888540
 14.764820
 35.355340
 34.713110
 45.650850
 23.345240
 27.202940
 36.496570
 63.134780
 38.078870
 57.271290
 17.262680
 17.464250
 26.627050
 37.121420
 42.801870
 48.383880
 51.788030
 58.189350
 55.946400
 49.648770
 64.202800
 20.591260
 30.083220
 33.105890
 20.099750
   .000000
  8.485281
 17.464250
 30.232430
 21.213200
 36.345560
 40.311290
 45.276920
 43.931770
 50.000000
 63.780880
 48.259710
 44.721360
 26.000000
 10.049880
 26.907250
 33.600590
 39.000000
 16.401220
 17.691810
 19.416490
 19.697720
 15.264340
 14.560220
 23.345240
 19.000000
  8.062258
 25.079870
 45.694640
 43.737850
 46.043460
 41.593270
 54.129470
 31.016120
 38.600520
 31.575310
 46.043460
 43.174060
 35.693140
 39.319210
 31.064450
 32.388270
 35.057090
 32.984840
 38.832980
 37.121420
 40.521600
 30.463090
 41.012190
 27.166150
 47.413080
 21.633310
  8.544003
 31.953090
 29.966650
 23.409400
 51.623640
 48.764740
 42.755120
 39.597980
 12.041590
 34.014700
  1.414214
 43.965900
 36.619670
 63.285070
 25.019990
  9.486833
 21.470910
 38.327540
 52.239830
 59.464280
 61.619800
 31.827660
 13.601470
 28.861740
 11.401750
 20.223750
 61.911230
 50.803540
 37.483330
 21.400930
 28.160260
 15.811390
  8.544003
 45.880280
 49.578220
 42.638010
 51.351730
 48.836460
 47.169910
 48.877400
 14.764820
 22.472200
 15.264340
 15.132750
 53.160140
 38.948680
 29.529650
 42.449970
 43.104520
 24.041630
 48.373550
 60.959000
 50.447990
 14.866070
 12.165530
 27.658630
 33.241540
 58.034470
 54.424260
 27.892650
 21.095020
 36.000000
 47.074410
 50.990200
 35.510560
 19.026300
 39.962480
 58.008620
 62.177170
 57.974130
 57.628120
 41.400480
 48.332180
 25.495100
  6.403124
 52.839380
 33.970580
 21.400930
 10.198040
 40.012500
 46.000000
 31.016120
 21.633310
  8.944272
 60.440050
 53.338540
 43.965900
 71.028160
 33.955850
 27.294690
 34.885530
 39.051250
 49.678970
 15.811390
 15.652480
 34.058770
 28.635640
 23.409400
  8.544003
 48.507730
 38.639360
 50.774010
 56.648040
 37.854990
 49.578220
 60.108230
 17.691810
 33.060550
 49.729270
 37.589890
 53.084840
 58.420890
 46.238510
 60.605280
 45.694640
 18.248290
 22.203600
 19.697720
 12.165530
  3.605551
 19.313210
 32.756680
 26.076810
 19.026300
 43.566040
 43.185650
 53.851650
 30.675720
 32.062440
 42.000000
 71.344240
 43.104520
 60.728900
 11.401750
 23.086790
 26.400760
 40.521600
 44.721360
 52.773100
 58.940650
 65.924200
 64.140470
 57.801380
 72.622310
 28.844410
 37.696160
 41.182520
 27.202940
  8.485281
   .000000
 14.866070
 32.893770
 27.166150
 42.011900
 47.296940
 51.009800
 52.402290
 58.412330
 72.249570
 54.009260
 51.923020
 18.439090
 17.464250
 35.383610
 42.011900
 45.398240
 17.464250
 19.924860
 19.723080
 18.439090
 23.600850
 22.360680
 29.068880
 25.709920
 15.652480
 32.015620
 53.665630
 50.960770
 52.611790
 47.010640
 59.211490
 35.355340
 47.010640
 38.897300
 54.405880
 48.166380
 41.012190
 45.011110
 37.215590
 38.013160
 41.194660
 38.052600
 44.045430
 43.104520
 45.276920
 29.206160
 32.572990
 22.022710
 45.967380
 24.351590
  8.246211
 29.732140
 38.118240
 33.060550
 54.203320
 55.542780
 53.037720
 42.953460
 24.698180
 45.891170
 15.000000
 40.000000
 37.735920
 62.225400
 37.107950
 13.152950
  9.055386
 27.018510
 44.944410
 55.470710
 63.245550
 36.055510
 22.090720
 18.439090
 14.035670
 17.204650
 67.675700
 51.400390
 31.906110
 28.160260
 38.052600
  2.236068
  7.615773
 54.332310
 53.225930
 44.418460
 41.303750
 38.052600
 37.656340
 48.166380
 18.248290
 30.066590
  4.242640
 10.295630
 48.548940
 43.081320
 37.215590
 52.009610
 35.846900
 22.203600
 47.423620
 62.425960
 54.626000
 21.023800
  9.219544
 31.016120
 29.732140
 49.729270
 50.803540
 17.464250
 29.017240
 28.231190
 41.677330
 40.012500
 46.173580
 31.320920
 46.324940
 58.258050
 60.207970
 52.839380
 61.741400
 42.720020
 55.901700
 36.345560
 15.811390
 59.203040
 37.161810
  7.280110
 22.472200
 51.788030
 57.870540
 23.259410
 24.351590
  6.708204
 48.373550
 43.289720
 32.062440
 70.767230
 23.194830
 14.142140
 34.205260
 34.409300
 51.312770
 16.763050
 25.179360
 38.897300
 18.681540
 33.060550
  8.246211
 42.047590
 33.286630
 50.328920
 53.009430
 48.041650
 53.225930
 62.433960
 23.194830
 26.419690
 38.052600
 24.041630
 43.737850
 51.264020
 43.278170
 61.220910
 53.600370
 11.313710
  8.246211
  7.280110
 25.942240
 14.422200
 19.697720
 33.286630
 27.730850
 31.953090
 49.729270
 45.650850
 59.774580
 40.000000
 44.643030
 53.935150
 70.035710
 33.955850
 48.507730
  7.000000
 18.384780
 12.083050
 29.000000
 31.320920
 42.047590
 53.712200
 62.425960
 62.936480
 56.568540
 73.109500
 35.510560
 46.173580
 40.459860
 24.839490
 17.464250
 14.866070
   .000000
 21.000000
 22.022710
 34.176010
 42.190040
 42.720020
 54.378300
 62.649820
 75.292760
 65.620120
 61.131010
 15.652480
 27.166150
 38.483760
 46.818800
 56.142670
  7.211102
 10.295630
  7.071068
  4.123106
 30.265490
 31.000000
 40.792160
 36.221540
 25.179360
 42.047590
 51.662360
 46.324940
 46.097720
 38.327540
 49.365980
 25.709920
 48.259710
 35.468300
 59.236810
 38.639360
 32.572990
 37.000000
 30.886890
 30.463090
 34.438350
 29.410880
 35.171010
 35.846900
 35.510560
 23.194830
 14.142140
 14.560220
 34.785050
 26.419690
 24.351590
 22.022710
 42.047590
 40.224370
 47.381430
 54.589370
 57.775430
 39.115220
 37.802120
 54.083270
 32.310990
 26.400760
 32.015620
 49.648770
 46.861500
 34.058770
 12.041590
  6.082763
 26.400760
 39.824620
 54.120240
 35.171010
 31.827660
  5.000000
 24.413110
 17.804490
 64.007810
 42.201900
 18.027760
 33.286630
 44.418460
 22.090720
 28.160260
 56.044620
 48.041650
 38.052600
 20.615530
 17.117240
 17.464250
 37.643060
 25.455840
 35.510560
 18.248290
 18.357560
 32.802440
 40.311290
 40.718550
 55.713550
 18.439090
 19.697720
 36.687870
 53.160140
 50.010000
 29.000000
 21.023800
 30.675720
 20.024980
 29.966650
 36.055510
  5.656854
 35.227830
 12.083050
 25.806980
 19.026300
 52.354560
 42.426410
 46.097720
 47.759820
 46.647610
 36.069380
 56.222770
 36.055510
 56.089210
 44.407210
 30.016660
 57.218880
 34.525350
 14.142140
 35.805030
 59.169250
 64.884510
 10.000000
 26.419690
 27.166150
 27.658630
 22.561030
 11.180340
 58.591810
  3.605551
  7.280110
 27.000000
 21.189620
 43.566040
 22.627420
 34.655450
 38.078870
  5.830952
 40.224370
 24.351590
 24.758840
 19.313210
 39.849720
 38.013160
 53.225930
 48.041650
 54.341510
 29.206160
 13.152950
 17.117240
  7.280110
 23.409400
 32.449960
 30.463090
 50.921510
 54.571060
 15.264340
 13.152950
 24.041630
 40.224370
 33.955850
 22.203600
 28.160260
 26.570660
 43.863430
 48.662100
 40.012500
 57.078890
 45.177430
 54.203320
 61.400330
 56.603890
 14.422200
 27.892650
 28.000000
 15.264340
 11.180340
  8.000000
 12.727920
 21.095020
 36.769550
 46.861500
 50.119860
 44.283180
 61.741400
 38.078870
 49.040800
 31.400640
 19.646880
 30.232430
 32.893770
 21.000000
   .000000
 14.560220
 16.278820
 26.627050
 23.323810
 46.690470
 57.218880
 67.186310
 71.589100
 63.324560
 35.693140
 36.124780
 35.355340
 44.283180
 61.326990
 15.524170
 13.000000
 14.035670
 17.029390
 34.481880
 37.443290
 49.406480
 43.829210
 34.655450
 47.885280
 38.910150
 30.805840
 28.319600
 18.867960
 28.635640
  7.211102
 40.447500
 23.769730
 55.009090
 18.384780
 14.142140
 18.439090
 16.155490
 13.892440
 18.027760
 11.401750
 15.811390
 18.439090
 15.231550
  9.055386
 14.560220
   .000000
 24.207440
 12.727920
 19.924860
  8.544003
 27.784890
 26.870060
 34.481880
 40.199500
 43.382020
 25.019990
 27.513630
 40.459860
 26.076810
 18.027760
 18.248290
 40.360870
 34.058770
 32.310990
 15.264340
 16.401220
 25.079870
 33.615470
 42.485290
 20.615530
 20.615530
 10.049880
 16.000000
  7.000000
 50.249380
 30.413810
 10.440310
 19.798990
 30.610460
 24.083190
 26.400760
 41.484940
 34.525350
 24.738630
 25.632010
 24.186770
 21.189620
 26.627050
 14.560220
 21.931710
 17.804490
 13.000000
 26.832820
 26.019220
 26.419690
 41.231060
 16.000000
  5.656854
 25.806980
 41.593270
 36.345560
 17.464250
 15.811390
 16.155490
  7.810250
 31.016120
 28.844410
 10.000000
 21.931710
  9.486833
 20.248460
 26.419690
 38.275320
 30.528680
 31.575310
 36.891740
 38.209950
 31.384710
 42.953460
 22.803510
 41.593270
 31.112700
 22.022710
 43.011630
 20.099750
 18.867960
 25.961510
 45.221680
 50.774010
  5.656854
 12.727920
 25.495100
 36.891740
 27.513630
 21.931710
 49.040800
 12.529960
 16.278820
 13.601470
 12.529960
 31.016120
 12.165530
 22.825420
 23.537200
  9.055386
 26.870060
 19.924860
 21.377560
 11.704700
 28.844410
 31.064450
 38.948680
 34.525350
 42.154480
 16.643320
  6.082763
 26.400760
 21.840330
 26.683330
 31.257000
 21.260290
 39.962480
 40.024990
 10.816650
 18.357560
 28.319600
 30.364450
 29.614190
  9.848858
 14.035670
 12.083050
 32.249030
 34.234490
 26.476400
 43.011630
 31.064450
 41.012190
 47.434170
 48.083260
 17.088010
 37.443290
 27.784890
  4.123106
 19.924860
 18.439090
 26.419690
 27.730850
 32.310990
 40.496910
 41.036570
 34.713110
 51.613950
 23.706540
 34.539830
 19.235380
  5.099020
 21.213200
 27.166150
 22.022710
 14.560220
   .000000
 15.132750
 20.615530
 24.083190
 34.176010
 43.931770
 55.154330
 57.245090
 48.764740
 37.443290
 23.853720
 21.023800
 30.016660
 46.957430
 14.866070
 12.041590
 16.401220
 19.849430
 20.615530
 24.041630
 36.069380
 30.413810
 22.825420
 33.837850
 29.698480
 24.596750
 25.495100
 20.396080
 32.984840
 11.313710
 27.856780
 13.453620
 41.303750
 22.135940
 14.560220
 18.110770
 10.049880
 11.180340
 14.035670
 12.083050
 17.720050
 16.000000
 19.697720
 17.804490
  2.236068
 15.132750
 21.000000
 26.400760
 34.234490
 15.620500
 38.948680
 39.962480
 35.355340
 46.097720
 53.263500
 30.413810
 42.449970
 52.630790
 41.000000
 12.000000
 23.323810
 34.176010
 47.507890
 46.097720
 25.495100
 12.083050
 10.770330
 23.600850
 40.199500
 29.732140
 35.440090
 16.124520
 31.064450
 22.090720
 52.952810
 29.017240
  7.071068
 33.120990
 42.801870
 35.846900
 40.024990
 49.396350
 37.107950
 27.513630
 11.401750
 11.661900
  7.071068
 24.000000
 29.614190
 34.985710
 30.364450
 27.166150
 16.643320
 32.249030
 37.536650
 50.606320
  2.236068
 19.924860
 23.000000
 39.204590
 39.293770
 32.280030
 30.149630
 27.018510
 12.806250
 16.031220
 20.124610
 17.000000
 35.355340
  6.082763
  9.848858
 13.601470
 49.517670
 44.777230
 39.115220
 33.376640
 30.870700
 19.798990
 44.407210
 25.632010
 48.301140
 44.102150
 37.121420
 47.759820
 27.802880
 28.653100
 41.000000
 56.586220
 61.554860
 11.180340
 26.400760
 39.051250
 24.083190
 13.038400
 14.000000
 43.081320
 12.727920
 22.803510
 18.601080
  8.944272
 31.257000
 27.294690
 37.336310
 32.015620
 15.652480
 39.962480
 34.234490
  8.485281
  7.211102
 26.019220
 21.954500
 49.517670
 37.107950
 41.012190
 31.016120
  9.055386
 15.231550
 21.023800
 11.704700
 17.088010
 16.031220
 36.496570
 47.507890
 24.331050
 27.784890
 38.948680
 45.354160
 44.181440
 24.738630
 21.260290
 23.853720
 46.615450
 40.706260
 29.732140
 47.127490
 42.520580
 53.823790
 58.694120
 40.706260
  4.123106
 24.839490
 40.804410
 19.026300
 27.018510
 12.369320
 21.095020
 14.142140
 20.518280
 30.610460
 34.539830
 29.120440
 46.486560
 34.713110
 44.045430
 19.924860
 17.464250
 36.345560
 42.011900
 34.176010
 16.278820
 15.132750
   .000000
 10.770330
  9.000000
 34.132100
 45.398240
 53.338540
 67.007460
 56.435800
 49.769470
 38.078870
 28.017850
 35.777090
 56.850680
 27.202940
 24.041630
 27.313000
 30.870700
 33.286630
 37.215590
 48.826220
 43.266620
 37.336310
 45.343140
 23.769730
 14.764820
 12.206560
  5.385165
 18.027760
  9.219544
 28.442920
 12.083050
 44.147480
  7.810250
  2.236068
  3.000000
  5.830952
  4.000000
  3.162278
  5.000000
  3.605551
  2.236068
  6.708204
 18.027760
 13.000000
 20.615530
 11.704700
 28.017850
 40.496910
 16.000000
 36.674240
 39.560080
 26.570660
 39.408120
 49.040800
 24.758840
 45.011110
 50.537110
 46.097720
  4.472136
 18.867960
 23.409400
 47.127490
 52.924470
 34.205260
 22.847320
  8.485281
 13.453620
 30.000000
 26.832820
 38.000000
 25.455840
 35.902650
 27.202940
 44.271890
 19.646880
 10.295630
 33.541020
 41.231060
 44.102150
 47.010640
 43.863430
 29.068880
 20.615530
 17.720050
 20.099750
 15.033300
 14.560220
 33.241540
 34.928500
 38.078870
 33.615470
  6.403124
 26.907250
 35.341190
 46.097720
  8.544003
 23.345240
 13.601470
 29.000000
 31.304950
 35.014280
 36.400550
 25.961510
 14.142140
 15.000000
  9.433981
 26.172500
 35.693140
 14.866070
  1.000000
 21.377560
 46.647610
 45.705580
 33.970580
 23.021730
 20.124610
 10.770330
 35.440090
 19.104970
 42.011900
 43.324360
 41.593270
 40.311290
 24.186770
 37.643060
 44.011360
 53.535030
 57.801380
 19.209370
 28.017850
 46.097720
 30.463090
 18.384780
 24.331050
 32.310990
 23.021730
 32.557640
 15.811390
  8.246211
 22.472200
 31.575310
 39.115220
 28.301940
 24.758840
 39.560080
 40.496910
  4.472136
  8.944272
 16.278820
 11.401750
 46.043460
 29.068880
 31.144820
 33.015150
 15.811390
 24.083190
 31.780500
 15.652480
 12.649110
  6.708204
 26.076810
 41.773200
 31.304950
 36.878180
 47.801670
 48.010410
 50.000000
 28.284270
 18.973670
 24.186770
 47.675990
 34.713110
 22.803510
 39.357340
 40.249220
 52.392750
 55.470710
 30.016660
 14.317820
 31.384710
 48.301140
 24.698180
 36.796740
 23.086790
 31.575310
 20.880610
 11.704700
 20.518280
 23.769730
 18.439090
 35.735140
 32.695560
 40.000000
 13.453620
 20.223750
 40.311290
 47.296940
 42.190040
 26.627050
 20.615530
 10.770330
   .000000
 11.180340
 25.000000
 36.400550
 43.046490
 62.241470
 50.447990
 57.801380
 39.319210
 23.853720
 29.732140
 52.497620
 34.985710
 31.906110
 35.805030
 39.408120
 32.984840
 37.107950
 47.539460
 42.379240
 39.115220
 42.941820
 13.152950
  4.242640
  6.708204
 12.041590
 20.615530
 19.416490
 20.124610
  9.055386
 35.846900
 15.132750
 13.000000
 10.049880
 11.401750
 12.806250
  8.602325
 15.264340
 13.152950
  8.544003
 16.031220
 25.495100
 10.198040
 24.083190
 22.847320
 34.785050
 43.185650
 23.259410
 46.043460
 47.853940
 37.696160
 50.477720
 59.413800
 35.468300
 51.195700
 59.908260
 50.000000
 15.000000
 29.000000
 32.140320
 55.461700
 54.918120
 33.837850
 17.804490
  4.123106
 19.646880
 40.311290
 36.400550
 44.147480
 24.351590
 40.049970
 31.064450
 55.362440
 30.675720
 14.866070
 41.231060
 50.249380
 44.271890
 48.836460
 54.671750
 40.249220
 31.622780
  7.000000
 10.440310
  6.403124
 25.632010
 38.470770
 42.953460
 39.051250
 36.124780
 14.000000
 37.536650
 44.654230
 56.568540
  8.246211
 28.635640
 24.698180
 39.319210
 42.485290
 41.000000
 39.115220
 34.481880
 20.615530
  7.071068
 18.000000
 25.298220
 43.462630
 15.033300
 10.295630
 11.045360
 56.400360
 53.141320
 44.598210
 33.241540
 28.284270
 14.866070
 46.486560
 30.000000
 53.009430
 51.884490
 46.097720
 51.478150
 34.058770
 36.769550
 49.819680
 63.411350
 68.014700
 20.099750
 34.785050
 47.853940
 19.313210
  7.280110
 16.643320
 40.607880
 20.124610
 30.413810
 25.000000
 15.264340
 33.615470
 36.221540
 45.880280
 38.288380
 24.041630
 47.853940
 43.185650
  6.708204
 14.317820
 27.202940
 19.104970
 56.080300
 40.249220
 41.773200
 39.560080
 18.027760
 14.317820
 26.172500
  4.472136
  9.219544
 17.888540
 36.124780
 52.630790
 33.241540
 35.846900
 47.010640
 54.129470
 53.150730
 33.541020
 28.017850
 31.780500
 55.027270
 45.607020
 33.837850
 50.537110
 49.648770
 61.400330
 65.436990
 37.363080
  8.944272
 20.248460
 49.477270
 28.017850
 34.481880
 16.970560
 23.706540
 10.049880
 15.231550
 26.000000
 32.249030
 28.017850
 44.407210
 41.880780
 50.249380
 24.207440
 25.961510
 45.276920
 51.009800
 42.720020
 23.323810
 24.083190
  9.000000
 11.180340
   .000000
 36.055510
 47.434170
 53.084840
 72.862880
 61.400330
 58.189350
 46.486560
 33.970580
 40.607880
 62.936480
 35.902650
 32.756680
 35.735140
 39.217340
 41.146080
 45.188500
 56.435800
 51.000000
 45.880280
 52.430910
 23.194830
 13.152950
  7.071068
  4.472136
 10.000000
 17.088010
 31.304950
 17.804490
 47.010640
  5.830952
 10.198040
  6.000000
 14.317820
 13.000000
 10.440310
 13.341660
  7.615773
  8.246211
  8.485281
 25.495100
 36.055510
 34.176010
 13.341660
 31.144820
 49.040800
 25.632010
 27.202940
 33.615470
  2.236068
 17.888540
 31.780500
 13.038400
 44.418460
 38.013160
 50.990200
 22.203600
 16.643320
 15.132750
 39.293770
 60.827630
 49.244290
 45.044420
 32.695560
 22.671570
  9.219544
 20.808650
 39.204590
 43.416590
 42.520580
 37.215590
 19.313210
  5.385165
 29.068880
 31.622780
 32.015620
 56.603890
 56.080300
 24.351590
  6.324555
 10.000000
 42.720020
 44.911020
 39.812060
 10.440310
 38.209950
 31.384710
 50.249380
 44.102150
 23.323810
 14.317820
 26.570660
 28.635640
 32.249030
 32.249030
 11.401750
  8.602325
  8.062258
 37.536650
 45.803930
 24.758840
 26.925820
 38.078870
 20.000000
 43.680660
 32.756680
 35.128340
 25.961510
 46.324940
 33.000000
 41.231060
 18.027760
  8.062258
 17.088010
 26.248810
 10.440310
 11.661900
 21.023800
 35.440090
 46.010870
 17.029390
 18.439090
 52.801510
 44.654230
 38.327540
 40.521600
 36.878180
 31.144820
 55.443660
 55.362440
 43.324360
 48.093660
 19.924860
 43.416590
 50.289170
 20.615530
 26.019220
  3.162278
 38.418750
 38.275320
 19.235380
 42.449970
 33.615470
 49.040800
 29.410880
 28.017850
  8.944272
 20.518280
 31.064450
  6.324555
  8.062258
 34.713110
 33.541020
 48.836460
 53.338540
 40.496910
 33.837850
 18.439090
  9.219544
 22.135940
 43.416590
 52.392750
 61.400330
 47.010640
 55.901700
 35.000000
 21.095020
 27.018510
 43.081320
 16.124520
  9.219544
 15.556350
 29.614190
 41.109610
 39.623230
 22.090720
 38.209950
 56.302750
 58.412330
 36.674240
 54.083270
 46.000000
 55.009090
 45.880280
 26.907250
 24.166090
 16.124520
 12.529960
 20.591260
 25.495100
 25.000000
 15.297060
 29.966650
 43.931770
 52.402290
 54.378300
 46.690470
 34.176010
 34.132100
 25.000000
 36.055510
   .000000
 11.401750
 21.023800
 42.485290
 29.154760
 68.249540
 37.215590
 17.029390
 13.152950
 34.481880
 47.885280
 45.617980
 50.089920
 53.235320
 29.681640
 32.649650
 37.483330
 34.481880
 38.275320
 31.257000
 14.212670
 23.259410
 29.966650
 36.878180
 44.721360
 40.199500
  6.324555
 23.086790
 11.401750
 40.024990
 36.055510
 34.525350
 31.064450
 34.014700
 31.064450
 37.013510
 37.336310
 32.249030
 40.447500
 34.928500
 47.265210
 43.931770
 24.738630
 38.470770
 56.435800
 35.510560
 29.832870
 36.878180
 10.049880
 13.341660
 28.284270
 19.697720
 48.795490
 37.000000
 57.008770
 33.541020
 25.709920
 22.203600
 40.816660
 67.424030
 58.523500
 56.008930
 44.011360
 32.802440
 11.180340
 26.925820
 44.821870
 53.600370
 49.739320
 45.880280
  8.062258
 16.763050
 40.012500
 37.013510
 33.837850
 64.884510
 63.285070
 20.223750
  9.486833
 19.235380
 54.120240
 56.293870
 51.195700
 21.840330
 45.276920
 36.124780
 58.694120
 52.392750
 34.438350
 19.723080
 29.732140
 25.495100
 43.566040
 41.109610
 22.803510
 11.661900
  8.062258
 43.829210
 53.665630
 31.764760
 37.215590
 49.193500
 30.886890
 53.758720
 37.536650
 46.000000
 37.363080
 57.723480
 31.953090
 44.204070
 19.209370
 16.278820
 25.495100
 36.891740
  1.000000
 21.213200
 16.124520
 37.443290
 52.201530
 10.000000
 25.495100
 61.983870
 49.517670
 35.510560
 36.000000
 47.265210
 38.470770
 62.769420
 66.730800
 54.708320
 59.304300
 22.561030
 54.083270
 60.207970
 30.413810
 37.054020
 14.142140
 46.065170
 43.185650
 24.413110
 52.611790
 36.878180
 56.435800
 40.804410
 39.051250
 20.248460
 31.064450
 29.410880
  9.486833
  8.062258
 41.048750
 44.102150
 60.207970
 64.070270
 51.865210
 44.777230
 29.832870
 15.000000
 18.439090
 52.201530
 61.684680
 69.856990
 50.990200
 62.008060
 42.953460
 30.083220
 34.928500
 45.803930
 15.811390
 17.464250
  8.000000
 31.064450
 40.496910
 36.221540
 26.570660
 49.497470
 67.675700
 65.863490
 45.880280
 63.788720
 57.078890
 66.121100
 57.280010
 37.443290
 32.649650
 23.021730
 22.022710
 21.023800
 29.732140
 24.596750
 26.000000
 39.293770
 50.000000
 58.412330
 62.649820
 57.218880
 43.931770
 45.398240
 36.400550
 47.434170
 11.401750
   .000000
 14.422200
 35.902650
 22.360680
 75.471850
 41.725290
 24.166090
 16.401220
 30.016660
 56.648040
 54.708320
 59.135440
 62.032250
 34.828150
 36.769550
 38.013160
 36.619670
 43.185650
 31.764760
 25.059930
 34.539830
 41.231060
 48.270070
 55.946400
 51.009800
 17.029390
 34.014700
  4.472136
 51.419840
 47.265210
 45.891170
 42.011900
 45.044420
 42.296570
 48.041650
 48.662100
 43.566040
 51.788030
 46.518810
 55.443660
 55.154330
 32.557640
 51.613950
 69.634760
 46.615450
 44.204070
 51.224990
 21.095020
 27.313000
 41.761230
 32.802440
 63.031740
 51.078370
 70.837840
 41.436700
 37.589890
 21.840330
 55.226810
 81.055530
 70.263790
 64.938430
 49.162990
 34.928500
 13.152950
 40.459860
 58.728190
 64.195010
 63.007930
 58.180750
 16.031220
 25.000000
 49.244290
 50.931330
 48.259710
 77.524190
 76.609400
 33.837850
 22.671570
 30.886890
 60.074950
 63.000000
 58.008620
 29.614190
 58.600340
 50.209560
 71.196910
 65.000000
 39.115220
 33.301650
 44.045430
 39.217340
 51.244510
 53.235320
 30.594120
 14.142140
 21.931710
 57.489130
 66.573270
 45.000000
 47.759820
 52.952810
 35.128340
 64.513570
 51.623640
 55.317270
 44.045430
 64.031240
 46.097720
 58.600340
 33.600590
 20.024980
 25.961510
 39.812060
 15.000000
 32.649650
 29.732140
 51.865210
 65.946950
 23.409400
 38.600520
 73.824110
 63.655320
 49.040800
 48.662100
 57.567350
 51.613950
 76.026310
 71.700770
 60.207970
 67.268120
 16.401220
 63.788720
 71.168820
 41.629320
 46.097720
 24.166090
 59.076220
 57.280010
 38.209950
 63.245550
 51.224990
 69.634760
 47.000000
 48.052060
 27.459060
 34.365680
 43.462630
 22.671570
 13.000000
 54.671750
 54.120240
 67.000000
 73.545910
 57.218880
 48.052060
 37.336310
 17.000000
 32.310990
 64.412730
 73.409810
 82.365040
 65.299310
 75.822160
 55.758410
 42.059480
 47.707440
 60.216280
 30.232430
 29.681640
 21.540660
 45.486260
 54.626000
 49.477270
 21.400930
 57.218880
 72.691120
 79.056940
 57.697490
 75.026660
 65.620120
 74.431180
 63.126860
 40.024990
 31.780500
 22.135940
 25.079870
 12.727920
 43.863430
 38.948680
 36.055510
 50.990200
 63.780880
 72.249570
 75.292760
 67.186310
 55.154330
 53.338540
 43.046490
 53.084840
 21.023800
 14.422200
   .000000
 47.000000
 34.234490
 88.814410
 55.901700
 37.202150
 30.413810
 42.953460
 68.883960
 66.640830
 71.112590
 74.242840
 48.795490
 50.990200
 52.354560
 51.039200
 57.280010
 46.141090
 30.000000
 40.012500
 46.173580
 55.009090
 60.016660
 60.415230
 27.313000
 43.416590
 18.867960
 58.000000
 55.443660
 53.084840
 51.195700
 53.935150
 50.487620
 56.885850
 56.142670
 51.244510
 59.076220
 49.929950
 68.007350
 57.245090
 52.009610
 45.310040
 57.428220
 51.865210
 29.546570
 32.756680
 40.249220
 24.596750
 13.892440
 37.483330
 42.000000
 20.000000
 53.000000
 57.982760
 43.931770
 57.008770
 29.000000
 63.126860
 66.483080
 73.430240
 70.724820
 64.660650
 46.840150
 37.443290
 43.566040
 66.708320
 51.971150
 54.424260
 31.016120
 46.647610
 60.000000
 38.897300
 27.892650
 67.475920
 62.032250
 18.601080
 36.235340
 41.868840
 78.102490
 78.600260
 74.027020
 50.219520
 48.507730
 36.687870
 63.150610
 57.723480
 63.411350
 35.355340
 30.870700
 16.401220
 66.068150
 51.894120
 50.803540
 47.127490
 34.438350
 45.122060
 57.070130
 41.182520
 54.644310
 77.155690
 61.032780
 66.309880
 37.363080
 64.350600
 62.936480
 80.603970
 19.646880
 35.000000
 28.284270
 50.159740
 59.506300
 67.424030
 36.138620
 43.185650
 21.470910
 29.274560
 50.159740
 26.248810
 39.204590
 68.883960
 44.011360
 14.000000
  8.062258
 62.649820
 45.310040
 62.072540
 91.049440
 79.397740
 78.549350
 58.463670
 69.771060
 70.837840
 48.414880
 58.258050
 43.046490
 50.960770
 40.447500
 35.000000
 65.795140
 32.756680
 57.428220
 66.468040
 59.816390
 49.929950
 62.128900
 18.384780
 36.235340
 43.680660
 43.680660
 61.057350
 81.841310
 78.790860
 77.155690
 73.878280
 55.973210
 49.980000
 20.808650
 59.481090
 69.123080
 72.339480
 42.107010
 57.078890
 49.980000
 45.803930
 45.177430
 35.057090
 27.802880
 39.824620
 28.160260
 26.570660
 22.203600
 12.041590
 62.361850
 70.802540
 91.831370
 65.030760
 56.462380
 72.801100
 75.292760
 83.648070
 81.055530
 68.242220
 66.640830
 57.939620
 55.009090
 56.718610
 33.541020
 23.021730
 48.795490
 52.354560
 48.259710
 54.009260
 65.620120
 71.589100
 57.245090
 67.007460
 62.241470
 72.862880
 42.485290
 35.902650
 47.000000
   .000000
 13.601470
 72.173400
 38.470770
 39.051250
 32.649650
 10.295630
 62.817200
 62.641840
 65.969690
 67.268120
 37.336310
 35.171010
 25.019990
 29.427880
 40.447500
 24.041630
 55.758410
 62.482000
 68.680420
 71.700770
 82.734510
 68.095520
 43.829210
 55.317270
 32.572990
 74.652530
 68.007350
 68.883960
 61.611690
 64.637450
 64.031240
 67.119290
 70.604530
 66.068150
 73.600270
 40.496910
 57.706150
 48.764740
 39.597980
 38.209950
 53.338540
 42.154480
 23.021730
 28.635640
 26.925820
 11.401750
 10.000000
 26.076810
 40.162170
 20.615530
 50.695170
 46.400430
 33.120990
 43.462630
 28.178010
 61.400330
 60.207970
 64.257290
 58.898220
 51.613950
 33.241540
 28.160260
 39.458840
 58.694120
 47.095650
 47.381430
 18.248290
 33.600590
 49.648770
 33.015150
 23.769730
 63.198100
 59.033890
  7.280110
 23.021730
 29.832870
 67.119290
 68.095520
 63.285070
 37.536650
 43.011630
 31.064450
 58.008620
 52.009610
 50.931330
 24.186770
 24.000000
  9.486833
 55.226810
 43.931770
 38.209950
 33.526110
 21.095020
 40.112340
 52.038450
 32.756680
 44.777230
 65.115280
 48.270070
 58.463670
 32.140320
 54.626000
 51.224990
 69.971420
 17.000000
 33.615470
 17.464250
 36.674240
 46.065170
 54.671750
 22.561030
 31.400640
  8.485281
 26.570660
 46.872170
 12.649110
 29.154760
 63.071390
 41.761230
 16.401220
 14.560220
 53.758720
 38.209950
 58.855750
 80.156100
 68.242220
 68.942000
 44.911020
 61.032780
 63.788720
 38.013160
 47.507890
 30.000000
 45.011110
 36.674240
 25.298220
 57.723480
 28.635640
 53.338540
 54.817880
 49.244290
 37.013510
 49.203660
 14.317820
 23.021730
 30.083220
 38.013160
 51.623640
 71.589100
 70.604530
 65.802730
 61.522350
 43.931770
 36.400550
  8.944272
 53.150730
 63.126860
 68.264190
 41.231060
 55.362440
 43.185650
 35.846900
 36.878180
 34.438350
 15.811390
 27.658630
 14.560220
 21.377560
 24.083190
 16.124520
 48.764740
 60.415230
 80.993830
 61.983870
 48.836460
 66.370170
 65.924200
 74.672620
 70.178340
 55.443660
 53.235320
 44.384680
 41.677330
 43.289720
 26.076810
 15.000000
 37.202150
 43.680660
 44.721360
 51.923020
 61.131010
 63.324560
 48.764740
 56.435800
 50.447990
 61.400330
 29.154760
 22.360680
 34.234490
 13.601470
   .000000
 70.342020
 34.713110
 28.635640
 20.808650
  9.433981
 57.035080
 56.222770
 60.074950
 62.000000
 31.000000
 30.265490
 24.186770
 26.248810
 36.674240
 19.924860
 42.801870
 50.209560
 56.639210
 60.745370
 71.063350
 58.872750
 31.144820
 44.418460
 18.973670
 63.812230
 57.706150
 57.982760
 51.429560
 54.561890
 53.338540
 57.271290
 60.033330
 55.226810
 63.134780
 43.863430
 48.104050
 37.443290
 60.959000
 37.202150
 19.209370
 44.687810
 48.104050
 41.761230
 67.801180
 66.708320
 61.188230
 56.035700
 30.413810
 52.239830
 19.646880
 55.470710
 51.739730
 77.233410
 43.289720
  9.055386
 24.351590
 41.773200
 60.539240
 71.021130
 77.336920
 48.548940
 31.384710
 33.837850
 25.806980
 31.890440
 79.605280
 65.795140
 47.507890
 38.910150
 46.572530
 13.928390
 12.206560
 64.195010
 66.287250
 58.258050
 56.293870
 52.773100
 52.886670
 62.968250
 30.232430
 40.311290
 19.723080
 24.839490
 64.140470
 55.758410
 47.539460
 60.876930
 51.478150
 36.796740
 62.289650
 76.576760
 67.416620
 31.764760
 22.627420
 43.829210
 45.000000
 65.145990
 66.287250
 32.893770
 39.000000
 43.863430
 57.306190
 54.589370
 53.935150
 37.336310
 57.697490
 72.835430
 75.432090
 68.476270
 74.625730
 56.727420
 66.483080
 43.931770
 23.769730
 70.682390
 50.219520
 21.587030
 28.635640
 58.215120
 64.124880
 38.910150
 37.202150
 12.806250
 62.008060
 58.249460
 46.270940
 85.586210
 38.327540
 28.442920
 48.795490
 49.929950
 65.299310
 29.832870
 33.837850
 51.107730
 34.176010
 41.761230
 19.209370
 57.697490
 48.877400
 65.069190
 68.505480
 56.293870
 66.287250
 76.216800
 34.481880
 42.059480
 52.239830
 37.000000
 58.940650
 66.850580
 58.600340
 75.690160
 63.906180
 26.627050
 22.561030
 12.000000
 30.066590
 15.132750
 33.301650
 47.423620
 41.231060
 37.121420
 61.269890
 59.203040
 71.554180
 49.040800
 50.039990
 60.133190
 85.146930
 49.335590
 62.000000
  9.899495
 33.600590
 25.079870
 43.566040
 44.045430
 56.718610
 69.354160
 77.935870
 77.987170
 71.589100
 87.692640
 46.518810
 55.973210
 55.172460
 39.698870
 26.000000
 18.439090
 15.652480
 35.693140
 37.443290
 49.769470
 57.801380
 58.189350
 68.249540
 75.471850
 88.814410
 72.173400
 70.342020
   .000000
 35.735140
 51.613950
 59.169250
 63.788720
 22.825420
 25.942240
 22.472200
 18.973670
 41.146080
 40.496910
 47.381430
 44.147480
 33.837850
 50.447990
 66.843100
 61.911230
 61.741400
 53.758720
 64.327290
 41.109610
 62.369870
 50.803540
 71.693790
 53.851650
 48.104050
 52.554730
 46.529560
 46.097720
 50.089920
 44.944410
 50.596440
 51.478150
 50.695170
 21.377560
 38.013160
 23.853720
 35.510560
 11.704700
 19.026300
 23.537200
 12.529960
  6.082763
 36.055510
 31.384710
 26.019220
 24.186770
  7.211102
 18.973670
 16.155490
 35.128340
 23.537200
 49.980000
 10.816650
 26.925820
 28.635640
 39.698870
 46.324940
 49.162990
 46.324940
 16.552950
  5.099020
 31.144820
 13.601470
 18.384780
 44.654230
 36.769550
 31.622780
  6.082763
 11.045360
 29.068880
 24.331050
 28.460500
 33.421550
 28.231190
 49.193500
 48.020830
 44.721360
 36.138620
 10.816650
  5.830952
 24.738630
 19.697720
 44.011360
 23.021730
 12.206560
 25.317980
 38.275320
 18.357560
 35.902650
 45.793010
 33.970580
  7.211102
 18.681540
 14.142140
 25.961510
 52.886670
 44.102150
 30.479500
  4.472136
 33.120990
 39.458840
 50.249380
 19.026300
  6.708204
 22.803510
 43.863430
 49.729270
 49.010200
 41.012190
 27.513630
 30.870700
  9.219544
 12.165530
 35.510560
 19.313210
 30.675720
  7.810250
 24.738630
 30.805840
 29.410880
 11.704700
 24.186770
 60.745370
 50.990200
 45.453270
 56.797890
 35.383610
 33.615470
 24.000000
 31.780500
 34.885530
 13.601470
  2.000000
 18.027760
 30.413810
  6.082763
 19.026300
 41.976180
 32.280030
 37.643060
 46.173580
 21.023800
 33.421550
 44.407210
  7.211102
 29.529650
 50.219520
 42.801870
 49.769470
 51.788030
 36.013890
 46.065170
 28.231190
 21.954500
 31.016120
 34.014700
  9.848858
 21.023800
 14.212670
 21.023800
 15.132750
  8.544003
 26.400760
 28.178010
 36.619670
 13.341660
 18.357560
 26.925820
 57.939620
 40.706260
 61.294370
 27.294690
 21.260290
 34.928500
 41.868840
 48.836460
 51.478150
 50.010000
 54.744860
 50.921510
 44.922150
 57.801380
 12.041590
 20.248460
 29.274560
 20.615530
 10.049880
 17.464250
 27.166150
 36.124780
 23.853720
 38.078870
 39.319210
 46.486560
 37.215590
 41.725290
 55.901700
 38.470770
 34.713110
 35.735140
   .000000
 20.615530
 25.495100
 29.017240
 24.698180
 25.059930
 27.856780
 28.861740
  7.615773
  5.000000
 13.928390
  9.055386
  2.000000
 15.033300
 41.773200
 42.047590
 45.705580
 43.462630
 56.080300
 35.000000
 32.695560
 30.265490
 37.536650
 45.617980
 38.013160
 40.853400
 32.310990
 34.438350
 36.055510
 35.846900
 41.146080
 38.275320
 43.416590
 12.165530
 29.154760
 21.023800
 16.124520
 14.422200
 32.449960
 13.601470
 13.341660
 18.110770
 16.278820
 19.235380
 25.455840
  4.472136
 27.730850
 26.925820
 33.970580
 19.416490
  5.000000
 29.410880
 25.019990
 43.931770
 34.713110
 35.735140
 32.202480
 30.265490
 26.248810
  4.123106
 22.203600
 31.064450
 25.806980
 21.840330
 29.614190
 16.155490
 21.095020
 14.764820
 18.248290
 40.718550
 39.408120
 21.470910
 14.764820
  7.615773
 39.051250
 39.661060
 35.000000
 16.031220
 21.400930
 14.866070
 34.539830
 28.231190
 26.570660
  5.000000
 12.165530
 22.671570
 27.018510
 17.262680
 16.000000
 25.612500
 16.155490
 20.518280
 29.529650
  7.810250
 16.155490
 38.832980
 25.495100
 31.016120
 16.155490
 26.000000
 24.413110
 41.617310
 22.825420
 25.495100
 11.180340
 23.259410
 29.427880
 31.320920
 23.259410
  7.071068
 20.880610
 21.023800
 29.000000
 22.000000
  1.414214
 38.078870
 27.784890
 29.681640
 34.058770
 25.495100
 14.422200
 38.832980
 52.009610
 40.360870
 40.311290
 36.235340
 32.756680
 37.054020
  9.433981
 19.209370
 14.422200
 21.954500
 21.470910
  4.472136
 30.066590
 18.110770
 32.449960
 27.802880
 20.808650
 17.262680
 27.294690
 22.203600
 14.764820
 24.758840
 17.691810
 23.086790
 43.046490
 42.579340
 38.183770
 36.235340
 18.384780
 25.553870
 19.697720
 28.160260
 37.854990
 45.694640
 30.463090
 38.897300
 18.788290
  7.280110
 10.770330
 27.459060
 13.341660
  7.810250
 22.090720
 16.763050
 29.120440
 31.622780
 37.336310
 31.906110
 52.801510
 41.880780
 22.203600
 40.311290
 37.336310
 46.173580
 42.011900
 32.280030
 35.014280
 30.364450
 24.515300
 37.443290
 10.000000
 16.278820
 10.770330
 16.000000
 26.907250
 35.383610
 38.483760
 35.355340
 21.023800
 28.017850
 23.853720
 33.970580
 17.029390
 24.166090
 37.202150
 39.051250
 28.635640
 51.613950
 20.615530
   .000000
  9.000000
 29.000000
 32.572990
 30.805840
 35.171010
 37.947330
 13.000000
 16.492420
 24.515300
 20.024980
 21.470910
 19.313210
 22.000000
 25.079870
 30.528680
 32.649650
 43.931770
 30.364450
 12.083050
 16.278820
 20.880610
 35.608990
 29.154760
 29.832870
 22.825420
 25.942240
 25.000000
 28.635640
 31.622780
 27.018510
 34.669870
 21.095020
 37.161810
 30.016660
 19.416490
 22.472200
 40.249220
 22.360680
 14.317820
 21.095020
 11.401750
 10.440310
 20.124610
  5.385165
 32.649650
 25.019990
 40.607880
 25.612500
 12.649110
 28.000000
 26.248810
 51.039200
 43.566040
 44.384680
 38.209950
 32.695560
 21.540660
 10.770330
 28.425340
 40.049970
 33.541020
 30.594120
 20.880610
 15.297060
 29.154760
 20.615530
 18.973670
 49.040800
 47.010640
 14.142140
  8.062258
  9.219544
 46.324940
 47.413080
 42.544090
 17.888540
 29.068880
 19.798990
 43.011630
 36.687870
 30.805840
  4.000000
 13.892440
 17.000000
 34.481880
 26.172500
 18.357560
 21.189620
  8.485281
 27.459060
 37.696160
 15.811390
 24.738630
 44.553340
 28.653100
 40.012500
 21.213200
 34.481880
 30.479500
 49.244290
 20.099750
 28.653100
  5.099020
 21.023800
 29.274560
 34.985710
 15.620500
 10.630150
 12.529960
 22.472200
 35.805030
 13.000000
 10.049880
 46.872170
 33.241540
 25.961510
 29.068880
 34.365680
 22.472200
 46.529560
 59.363290
 47.434170
 48.703180
 32.984840
 41.593270
 46.043460
 17.720050
 26.832820
 12.041590
 30.083220
 26.870060
  8.062258
 39.051250
 21.095020
 40.249220
 34.058770
 28.635640
 18.027760
 29.966650
 18.439090
  8.062258
 19.235380
 24.698180
 31.780500
 50.990200
 51.478150
 45.000000
 41.231060
 23.345240
 22.360680
 12.041590
 36.878180
 46.690470
 54.083270
 35.000000
 45.607020
 27.202940
 16.124520
 19.416490
 30.413810
  5.000000
  7.211102
 13.152950
 16.492420
 28.017850
 27.513630
 35.227830
 39.812060
 60.207970
 49.648770
 31.144820
 49.254440
 45.880280
 54.817880
 49.396350
 35.846900
 35.902650
 29.000000
 24.331050
 33.241540
 13.453620
 12.165530
 16.401220
 25.000000
 33.600590
 42.011900
 46.818800
 44.283180
 30.016660
 35.777090
 29.732140
 40.607880
 13.152950
 16.401220
 30.413810
 32.649650
 20.808650
 59.169250
 25.495100
  9.000000
   .000000
 23.323810
 41.231060
 39.623230
 43.931770
 46.572530
 18.439090
 20.615530
 24.331050
 21.540660
 26.870060
 18.110770
 23.769730
 29.832870
 36.069380
 39.962480
 50.328920
 39.051250
 11.704700
 23.706540
 12.529960
 43.046490
 37.161810
 37.215590
 31.016120
 34.176010
 32.649650
 37.000000
 39.357340
 34.481880
 42.485290
 39.661060
 57.801380
 46.957430
 42.720020
 35.114100
 48.041650
 41.617310
 19.313210
 23.086790
 32.280030
 17.117240
  3.605551
 27.802880
 33.376640
 12.083050
 44.283180
 48.166380
 33.941120
 49.477270
 20.615530
 54.744860
 56.515480
 63.134780
 60.959000
 55.901700
 40.199500
 27.202940
 34.058770
 56.462380
 42.296570
 44.271890
 27.202940
 38.078870
 49.819680
 28.861740
 18.110770
 58.077530
 53.084840
 10.198040
 28.160260
 32.449960
 68.014700
 68.410520
 63.890530
 41.182520
 38.639360
 26.683330
 53.460270
 47.853940
 54.083270
 25.612500
 20.615530
  6.403124
 55.973210
 41.629320
 41.677330
 40.311290
 26.683330
 35.355340
 47.381430
 30.886890
 44.407210
 67.475920
 51.971150
 56.080300
 27.459060
 54.083270
 53.150730
 70.434360
 10.000000
 26.476400
 18.601080
 42.449970
 51.546100
 58.309520
 30.000000
 33.600590
 14.035670
 20.024980
 41.012190
 20.024980
 29.068880
 59.033890
 35.227830
  7.071068
  6.082763
 52.354560
 35.114100
 53.037720
 80.919720
 69.354160
 68.264190
 52.153620
 59.481090
 60.728900
 38.288380
 48.166380
 34.539830
 41.000000
 31.016120
 24.839490
 55.542780
 23.086790
 48.041650
 56.639210
 49.678970
 41.146080
 53.235320
  8.246211
 28.160260
 37.121420
 33.734260
 50.774010
 71.610050
 68.541960
 67.178860
 64.404970
 46.400430
 42.755120
 12.369320
 49.477270
 59.228370
 63.031740
 33.955850
 48.662100
 39.849720
 35.608990
 34.885530
 26.925820
 18.788290
 30.528680
 22.022710
 16.492420
 15.264340
  6.708204
 55.578770
 60.605280
 81.688430
 56.080300
 46.238510
 62.817200
 65.000000
 73.355300
 70.936590
 59.169250
 58.523500
 50.447990
 46.818800
 51.000000
 23.259410
 12.806250
 39.051250
 42.059480
 39.000000
 45.398240
 56.142670
 61.326990
 46.957430
 56.850680
 52.497620
 62.936480
 34.481880
 30.016660
 42.953460
 10.295630
  9.433981
 63.788720
 29.017240
 29.000000
 23.323810
   .000000
 52.952810
 52.630790
 56.089210
 57.558670
 27.202940
 25.317980
 16.492420
 20.000000
 31.016120
 14.142140
 46.957430
 53.009430
 59.033890
 61.619800
 72.862880
 57.801380
 34.885530
 45.276920
 26.019220
 64.536810
 57.801380
 58.796260
 51.400390
 54.405880
 53.907330
 56.859470
 60.440050
 55.973210
 63.411350
 22.472200
 25.709920
 14.866070
 38.948680
 19.104970
  8.944272
 22.803510
 34.132100
 30.083220
 47.853940
 50.487620
 49.648770
 37.000000
 24.207440
 43.657760
 17.000000
 32.802440
 31.304950
 55.172460
 35.341190
 19.104970
  4.242640
 21.213200
 37.947330
 48.259710
 56.603890
 30.594120
 19.697720
 12.000000
 11.180340
 10.770330
 62.096700
 44.654230
 24.698180
 24.186770
 34.928500
  9.219544
 13.038400
 50.000000
 47.169910
 38.013160
 35.014280
 32.062440
 31.144820
 41.231060
 14.317820
 26.305890
  3.162278
  5.099020
 41.340050
 37.363080
 33.060550
 48.259710
 28.792360
 15.652480
 40.459860
 55.758410
 48.703180
 17.720050
  6.403124
 25.495100
 22.627420
 42.953460
 43.600460
 11.000000
 25.495100
 21.189620
 34.481880
 34.132100
 43.174060
 30.016660
 41.303750
 51.400390
 53.075420
 45.650850
 55.713550
 36.235340
 51.156620
 33.837850
 15.556350
 53.935150
 31.320920
  6.082763
 22.022710
 49.335590
 55.362440
 16.155490
 19.104970
 12.041590
 43.174060
 37.013510
 26.683330
 63.780880
 17.029390
 10.000000
 27.459060
 27.202940
 44.777230
 12.041590
 22.847320
 33.541020
 12.041590
 30.083220
  8.944272
 34.928500
 26.076810
 43.416590
 45.803930
 44.721360
 47.169910
 55.946400
 19.235380
 19.235380
 32.557640
 20.248460
 37.215590
 44.271890
 36.124780
 54.405880
 49.040800
  4.472136
  6.324555
 13.601470
 26.172500
 18.439090
 14.142140
 26.832820
 21.840330
 31.064450
 44.553340
 39.395430
 54.341510
 36.496570
 42.953460
 51.546100
 62.936480
 27.294690
 43.416590
 13.601470
 11.401750
 10.295630
 23.345240
 27.294690
 36.055510
 46.529560
 55.217750
 55.865910
 49.517670
 66.219330
 31.000000
 42.047590
 33.600590
 18.027760
 16.401220
 17.464250
  7.211102
 15.524170
 14.866070
 27.202940
 34.985710
 35.902650
 47.885280
 56.648040
 68.883960
 62.817200
 57.035080
 22.825420
 24.698180
 32.572990
 41.231060
 52.952810
   .000000
  3.162278
  3.162278
  5.385165
 26.076810
 27.658630
 38.626420
 33.526110
 22.847320
 38.832980
 44.553340
 39.115220
 39.000000
 31.575310
 43.046490
 19.104970
 41.677330
 28.319600
 53.450910
 32.140320
 25.709920
 30.083220
 23.706540
 23.409400
 27.313000
 22.561030
 28.442920
 28.792360
 29.068880
 20.124610
 22.561030
 12.041590
 36.235340
 18.027760
 11.401750
 20.248460
 33.541020
 30.083220
 45.694640
 49.162990
 49.244290
 35.171010
 25.455840
 43.863430
 19.313210
 29.832870
 29.154760
 52.402290
 35.846900
 22.203600
  4.000000
 18.439090
 34.785050
 45.221680
 54.203320
 29.154760
 20.248460
  9.055386
 12.041590
  9.055386
 60.415230
 42.190040
 21.633310
 23.769730
 34.785050
 12.206560
 16.124520
 49.091750
 45.221680
 35.846900
 32.000000
 29.154760
 28.071340
 38.600520
 14.317820
 25.961510
  6.324555
  5.656854
 38.275320
 35.693140
 32.388270
 47.675990
 25.632010
 13.601470
 37.802120
 53.338540
 46.840150
 17.888540
  8.062258
 24.083190
 19.849430
 39.812060
 40.607880
  8.062258
 25.298220
 18.027760
 31.384710
 31.257000
 43.011630
 30.805840
 40.049970
 48.826220
 50.209560
 42.544090
 53.758720
 34.014700
 50.010000
 34.014700
 17.204650
 52.469040
 29.614190
  7.280110
 23.345240
 49.396350
 55.362440
 13.000000
 18.027760
 15.132750
 40.521600
 34.000000
 24.041630
 61.073730
 14.142140
  8.602325
 25.059930
 24.207440
 42.485290
 11.704700
 23.323810
 32.140320
  9.000000
 30.083220
 11.401750
 31.780500
 23.021730
 40.804410
 42.801870
 44.384680
 45.221680
 53.665630
 18.973670
 16.124520
 29.832870
 18.439090
 34.132100
 41.109610
 33.241540
 51.865210
 48.010410
  3.162278
  7.071068
 16.278820
 27.658630
 21.213200
 13.038400
 24.698180
 20.223750
 32.015620
 43.185650
 37.336310
 52.773100
 36.138620
 43.416590
 51.623640
 60.108230
 24.186770
 40.804410
 16.763050
  8.944272
 10.198040
 20.615530
 25.238860
 33.136080
 43.416590
 52.201530
 53.075420
 46.754680
 63.600320
 30.149630
 41.303750
 31.064450
 15.652480
 17.691810
 19.924860
 10.295630
 13.000000
 12.041590
 24.041630
 31.906110
 32.756680
 45.617980
 54.708320
 66.640830
 62.641840
 56.222770
 25.942240
 25.059930
 30.805840
 39.623230
 52.630790
  3.162278
   .000000
  4.472136
  7.810250
 25.495100
 27.513630
 38.910150
 33.615470
 23.323810
 38.600520
 41.725290
 36.055510
 35.846900
 28.442920
 40.012500
 16.031220
 39.357340
 25.455840
 51.662360
 29.068880
 22.561030
 26.925820
 20.591260
 20.248460
 24.166090
 19.416490
 25.317980
 25.632010
 26.019220
 24.596750
 25.632010
 16.401220
 40.607880
 22.022710
 11.401750
 24.698180
 37.215590
 33.241540
 50.159740
 53.338540
 52.773100
 39.560080
 27.202940
 46.818800
 19.416490
 33.970580
 33.615470
 56.727420
 38.483760
 20.024980
  2.000000
 20.000000
 38.078870
 49.203660
 58.668560
 33.376640
 22.847320
 11.401750
 14.317820
 13.341660
 64.761100
 46.647610
 25.612500
 27.294690
 38.078870
  8.544003
 14.142140
 53.009430
 49.648770
 40.311290
 34.234490
 31.016120
 30.594120
 43.011630
 17.464250
 29.427880
  4.472136
  8.246211
 42.201900
 40.024990
 36.124780
 51.351730
 29.068880
 18.027760
 42.201900
 57.801380
 51.244510
 20.880610
  9.433981
 28.284270
 24.207440
 42.720020
 44.687810
 10.440310
 28.635640
 21.470910
 35.227830
 33.000000
 46.324940
 33.120990
 44.181440
 53.254110
 54.451810
 46.324940
 58.189350
 38.483760
 54.083270
 37.000000
 18.439090
 56.718610
 33.955850
  3.000000
 25.000000
 52.497620
 58.523500
 16.643320
 22.022710
 13.152950
 41.593270
 36.221540
 25.179360
 65.436990
 16.124520
  7.615773
 29.529650
 28.319600
 46.957430
 15.132750
 26.000000
 36.345560
 11.704700
 33.241540
 11.401750
 35.355340
 27.018510
 45.221680
 46.861500
 47.853940
 49.648770
 58.137770
 22.360680
 20.000000
 31.144820
 17.888540
 36.674240
 44.384680
 37.483330
 56.302750
 52.009610
  7.071068
  3.162278
 12.041590
 29.068880
 20.248460
 17.029390
 29.154760
 24.515300
 34.132100
 47.381430
 41.785160
 57.070130
 39.623230
 46.097720
 54.708320
 64.381680
 26.925820
 41.773200
 14.035670
 13.416410
  7.211102
 22.022710
 25.079870
 35.014280
 47.169910
 56.222770
 57.384670
 51.088160
 68.007350
 34.014700
 45.099890
 35.510560
 20.124610
 19.416490
 19.723080
  7.071068
 14.035670
 16.401220
 27.313000
 35.805030
 35.735140
 50.089920
 59.135440
 71.112590
 65.969690
 60.074950
 22.472200
 27.856780
 35.171010
 43.931770
 56.089210
  3.162278
  4.472136
   .000000
  3.605551
 29.154760
 30.805840
 41.785160
 36.687870
 26.000000
 41.976180
 46.010870
 40.000000
 39.357340
 31.320920
 42.296570
 18.681540
 43.829210
 29.732140
 56.044620
 31.575310
 25.632010
 30.083220
 24.413110
 23.706540
 27.784890
 22.472200
 28.160260
 29.068880
 28.442920
 27.784890
 29.154760
 19.849430
 44.045430
 24.331050
 10.816650
 28.017850
 39.012820
 34.525350
 53.225930
 55.731500
 54.332310
 42.379240
 27.294690
 47.801670
 18.384780
 37.536650
 36.674240
 60.207970
 39.217340
 17.262680
  5.385165
 23.086790
 41.629320
 52.801510
 61.911230
 35.902650
 23.769730
 14.866070
 15.297060
 16.155490
 67.446270
 49.929950
 29.206160
 29.017240
 39.458840
  5.099020
 11.704700
 55.036350
 52.554730
 43.382020
 37.483330
 34.132100
 33.955850
 46.400430
 19.026300
 31.064450
  4.123106
 10.049880
 45.803930
 42.720020
 38.000000
 53.084840
 32.649650
 21.023800
 45.607020
 61.057350
 54.083270
 22.203600
 10.198040
 30.805840
 27.658630
 46.173580
 48.270070
 13.928390
 30.149630
 25.059930
 38.832980
 36.055510
 47.675990
 33.615470
 46.529560
 56.612720
 57.982760
 49.929950
 61.098280
 41.593270
 56.320510
 38.078870
 18.357560
 59.228370
 36.687870
  3.162278
 25.059930
 53.600370
 59.665740
 20.248460
 24.331050
 10.770330
 44.283180
 39.458840
 28.017850
 68.883960
 19.416490
 10.049880
 32.756680
 31.890440
 50.119860
 17.029390
 26.925820
 38.832980
 15.231550
 34.525350
 10.816650
 38.948680
 30.610460
 48.600410
 50.447990
 49.365980
 52.554730
 61.294370
 24.020820
 23.600850
 34.014700
 19.924860
 40.024990
 47.927030
 41.012190
 59.640590
 54.147950
  9.848858
  4.123106
  8.485281
 28.844410
 18.357560
 19.416490
 32.202480
 27.202940
 34.438350
 49.819680
 44.777230
 59.665740
 41.194660
 46.818800
 55.785300
 67.896980
 30.364450
 44.407210
 11.045360
 16.643320
  8.062258
 25.019990
 27.202940
 38.118240
 50.774010
 59.816390
 60.876930
 54.561890
 71.400280
 36.055510
 47.000000
 38.832980
 23.323810
 19.697720
 18.439090
  4.123106
 17.029390
 19.849430
 30.870700
 39.408120
 39.217340
 53.235320
 62.032250
 74.242840
 67.268120
 62.000000
 18.973670
 28.861740
 37.947330
 46.572530
 57.558670
  5.385165
  7.810250
  3.605551
   .000000
 31.000000
 32.249030
 42.720020
 37.854990
 26.925820
 43.416590
 49.517670
 43.600460
 42.941820
 34.785050
 45.541190
 22.135940
 47.010640
 33.241540
 58.821770
 34.928500
 29.154760
 33.615470
 28.017850
 27.294690
 31.384710
 26.000000
 31.622780
 32.649650
 31.780500
 15.652480
 33.600590
 20.615530
 28.160260
  8.062258
 22.803510
 17.888540
  8.062258
  6.708204
 28.600700
 25.632010
 23.769730
 16.643320
 14.764820
 19.849430
 22.203600
 28.635640
 16.124520
 42.379240
 14.317820
 32.756680
 29.427880
 37.013510
 40.496910
 42.011900
 38.832980
  8.944272
 10.000000
 29.529650
 16.278820
 17.088010
 38.470770
 29.154760
 26.419690
  2.236068
 10.000000
 32.388270
 29.154760
 24.083190
 26.172500
 20.615530
 44.654230
 44.045430
 40.224370
 28.635640
 12.041590
  2.000000
 27.018510
 21.023800
 37.215590
 15.620500
  7.000000
 22.203600
 33.120990
 15.000000
 28.442920
 38.275320
 26.907250
  9.486833
 21.095020
  7.071068
 20.591260
 47.169910
 37.000000
 29.068880
  3.162278
 29.068880
 33.241540
 46.227700
 17.888540
 13.000000
 16.552950
 36.249140
 42.201900
 42.190040
 34.058770
 19.924860
 25.709920
 10.816650
 17.492860
 29.546570
 11.704700
 32.140320
 15.000000
 24.698180
 30.413810
 26.248810
  8.062258
 28.792360
 56.850680
 46.324940
 42.520580
 49.193500
 33.015150
 33.526110
 17.262680
 26.000000
 27.294690
 14.035670
  8.602325
 10.630150
 28.653100
  6.708204
 22.803510
 36.055510
 26.832820
 30.083220
 39.012820
 18.973670
 26.172500
 37.013510
  7.071068
 25.495100
 46.690470
 41.593270
 44.777230
 45.607020
 29.068880
 38.470770
 23.345240
 22.360680
 32.249030
 37.483330
 17.464250
 27.202940
 12.649110
 14.142140
  9.433981
 15.000000
 20.124610
 20.591260
 30.413810
 10.770330
 20.615530
 26.925820
 50.328920
 36.400550
 57.489130
 31.953090
 19.235380
 35.693140
 39.051250
 46.872170
 47.201690
 43.185650
 47.381430
 43.324360
 37.363080
 50.249380
  5.385165
 16.000000
 22.022710
 16.278820
 15.264340
 23.600850
 30.265490
 34.481880
 20.615530
 33.286630
 32.984840
 41.146080
 29.681640
 34.828150
 48.795490
 37.336310
 31.000000
 41.146080
  7.615773
 13.000000
 18.439090
 27.202940
 26.076810
 25.495100
 29.154760
 31.000000
   .000000
  4.123106
 15.620500
 10.000000
  8.602325
 13.416410
 34.365680
 35.355340
 39.560080
 38.587560
 51.000000
 31.890440
 25.079870
 24.041630
 30.805840
 41.048750
 33.600590
 35.846900
 27.459060
 30.000000
 30.886890
 31.890440
 36.619670
 33.120990
 39.204590
 19.697720
 37.443290
 24.041630
 32.062440
 11.313710
 23.086790
 21.931710
  7.615773
  2.828427
 31.384710
 26.419690
 22.090720
 19.697720
 12.041590
 16.643320
 21.023800
 32.756680
 20.024980
 45.880280
 10.295630
 31.780500
 31.320920
 40.360870
 44.598210
 46.000000
 41.677330
 12.369320
  9.219544
 32.449960
 17.029390
 19.723080
 39.661060
 32.572990
 30.413810
  4.242640
  7.280110
 33.015150
 28.861740
 23.769730
 28.600700
 24.041630
 48.548940
 47.801670
 44.102150
 32.388270
 13.341660
  2.236068
 28.160260
 22.561030
 41.303750
 18.357560
  7.211102
 21.023800
 37.121420
 18.384780
 32.249030
 41.182520
 29.068880
 10.049880
 22.090720
 11.180340
 24.596750
 51.264020
 41.012190
 31.906110
  2.236068
 32.802440
 37.363080
 50.000000
 15.524170
  9.055386
 17.804490
 39.560080
 45.891170
 46.270940
 36.069380
 23.537200
 26.000000
  7.071068
 16.763050
 30.528680
 15.297060
 33.734260
 12.806250
 21.931710
 27.856780
 29.698480
 11.313710
 28.635640
 60.605280
 50.249380
 45.967380
 52.392750
 36.235340
 35.846900
 21.377560
 30.083220
 30.463090
 15.811390
  6.708204
 13.416410
 31.622780
  2.828427
 23.086790
 40.162170
 30.870700
 33.734260
 43.000000
 17.117240
 28.600700
 39.661060
  8.544003
 29.206160
 50.328920
 44.418460
 48.764740
 49.729270
 33.136080
 41.629320
 23.409400
 24.351590
 33.955850
 38.052600
 14.422200
 25.942240
 15.264340
 18.248290
 13.416410
 11.045360
 21.400930
 23.769730
 31.622780
  9.000000
 16.970560
 24.166090
 53.758720
 40.224370
 61.220910
 31.780500
 22.203600
 37.643060
 42.449970
 50.000000
 51.039200
 47.265210
 51.244510
 46.840150
 41.000000
 53.235320
  7.211102
 15.524170
 26.000000
 20.000000
 14.560220
 22.360680
 31.000000
 37.443290
 24.041630
 37.215590
 37.107950
 45.188500
 32.649650
 36.769550
 50.990200
 35.171010
 30.265490
 40.496910
  5.000000
 16.492420
 20.615530
 25.317980
 27.658630
 27.513630
 30.805840
 32.249030
  4.123106
   .000000
 12.041590
  6.403124
  6.708204
 11.180340
 38.209950
 39.458840
 43.680660
 42.544090
 55.009090
 35.355340
 28.460500
 28.160260
 32.557640
 44.944410
 37.443290
 39.824620
 31.384710
 33.837850
 34.885530
 35.608990
 40.496910
 37.121420
 43.011630
 31.064450
 49.203660
 36.069380
 40.607880
 23.345240
 32.557640
 33.286630
 11.180340
  9.219544
 35.693140
 25.238860
 14.317820
 26.019220
 17.029390
  5.099020
 28.017850
 43.081320
 29.120440
 52.153620
  4.123106
 38.327540
 42.544090
 52.402290
 55.461700
 54.744860
 45.607020
 20.880610
 18.973670
 44.407210
 27.513630
 31.622780
 38.418750
 39.012820
 41.880780
 16.278820
  6.324555
 42.579340
 37.013510
 19.798990
 32.015620
 31.064450
 60.216280
 59.665740
 55.803230
 40.199500
 24.596750
 14.142140
 38.600520
 33.615470
 50.960770
 24.000000
 12.369320
 15.000000
 48.548940
 30.413810
 40.311290
 45.354160
 31.622780
 21.023800
 32.572990
 21.954500
 36.055510
 62.169120
 50.010000
 43.829210
 14.212670
 44.687810
 47.927030
 61.846580
  7.211102
 10.049880
 19.646880
 45.276920
 53.000000
 55.785300
 37.576590
 31.257000
 23.430750
  5.000000
 25.179360
 29.410880
 23.769730
 44.598210
 19.000000
 11.045360
 17.117240
 41.725290
 23.345240
 37.054020
 72.470680
 61.854670
 58.000000
 57.271290
 48.270070
 47.413080
 31.780500
 41.182520
 36.124780
 27.294690
 15.811390
 20.223750
 43.600460
  9.219544
 32.557640
 50.990200
 42.190040
 41.048750
 51.788030
 10.000000
 32.015620
 43.011630
 20.248460
 41.109610
 62.289650
 56.302750
 60.207970
 60.166440
 42.720020
 46.690470
 20.615530
 35.777090
 44.944410
 47.381430
 17.464250
 32.249030
 27.202940
 28.635640
 25.000000
 10.440310
 22.472200
 30.000000
 31.064450
  8.000000
  5.000000
 13.152950
 59.539900
 52.009610
 73.109500
 40.012500
 34.205260
 48.846700
 54.488530
 62.008060
 62.801270
 56.753850
 59.135440
 53.150730
 48.000000
 57.280010
 14.866070
 13.416410
 35.171010
 31.890440
 23.345240
 29.068880
 40.792160
 49.406480
 36.069380
 48.826220
 47.539460
 56.435800
 37.483330
 38.013160
 52.354560
 25.019990
 24.186770
 47.381430
 13.928390
 24.515300
 24.331050
 16.492420
 38.626420
 38.910150
 41.785160
 42.720020
 15.620500
 12.041590
   .000000
  5.656854
 15.811390
  6.324555
 46.270940
 49.335590
 54.230990
 54.083270
 66.370170
 47.381430
 35.000000
 38.910150
 33.541020
 56.612720
 49.203660
 51.312770
 43.011630
 45.607020
 46.324940
 47.507890
 52.201530
 48.548940
 54.817880
 25.553870
 43.600460
 30.413810
 36.124780
 17.691810
 28.071340
 27.784890
  7.280110
  3.605551
 32.893770
 24.758840
 17.117240
 22.203600
 13.928390
 10.295630
 24.515300
 37.947330
 24.331050
 48.662100
  5.000000
 35.171010
 37.336310
 46.754680
 50.159740
 50.249380
 43.081320
 16.124520
 14.142140
 38.832980
 22.561030
 26.076810
 38.209950
 35.355340
 36.359320
 10.630150
  2.828427
 38.118240
 33.136080
 20.591260
 29.546570
 27.073970
 54.644310
 54.037030
 50.219520
 36.000000
 19.313210
  8.485281
 33.734260
 28.460500
 46.097720
 20.396080
  8.062258
 16.763050
 43.046490
 24.758840
 36.013890
 42.720020
 29.529650
 15.811390
 27.658630
 16.552950
 30.528680
 56.859470
 45.398240
 38.275320
  8.602325
 39.051250
 42.720020
 56.222770
 10.000000
  7.810250
 17.492860
 41.976180
 49.162990
 50.990200
 36.055510
 27.000000
 23.600850
  1.000000
 21.023800
 29.000000
 19.104970
 39.560080
 15.524170
 15.811390
 21.840330
 36.069380
 17.691810
 33.060550
 66.843100
 56.302750
 52.345010
 54.405880
 42.638010
 42.047590
 26.570660
 35.777090
 32.756680
 21.931710
 11.045360
 16.031220
 38.013160
  3.605551
 28.071340
 45.694640
 36.715120
 37.054020
 47.265210
 12.165530
 29.546570
 40.718550
 14.764820
 35.468300
 56.639210
 50.774010
 54.708320
 55.027270
 37.854990
 43.680660
 20.808650
 30.463090
 39.849720
 43.046490
 15.264340
 29.120440
 21.633310
 23.409400
 19.416490
  9.219544
 20.808650
 26.305890
 30.413810
  5.656854
 10.630150
 18.027760
 56.293870
 46.400430
 67.475920
 36.124780
 28.600700
 43.657760
 48.836460
 56.400360
 57.201400
 51.971150
 55.000000
 49.648770
 44.181440
 54.781380
 10.049880
 12.806250
 30.413810
 26.248810
 19.000000
 25.709920
 36.221540
 43.829210
 30.413810
 43.266620
 42.379240
 51.000000
 34.481880
 36.619670
 51.039200
 29.427880
 26.248810
 44.147480
  9.055386
 20.024980
 21.540660
 20.000000
 33.526110
 33.615470
 36.687870
 37.854990
 10.000000
  6.403124
  5.656854
   .000000
 11.045360
  6.324555
 42.011900
 44.384680
 49.040800
 48.548940
 60.901560
 41.725290
 31.257000
 33.615470
 32.202480
 51.039200
 43.600460
 45.793010
 37.443290
 40.000000
 40.816660
 41.868840
 46.615450
 43.046490
 49.203660
 21.095020
 37.161810
 22.825420
 35.902650
 11.180340
 17.029390
 23.194830
 14.317820
  8.062258
 37.202150
 33.120990
 28.017850
 25.238860
  6.324555
 20.880610
 14.317820
 35.014280
 24.041630
 50.695170
 12.529960
 25.079870
 26.832820
 38.418750
 45.891170
 49.365980
 47.434170
 17.492860
  3.162278
 29.698480
 11.704700
 17.029390
 46.324940
 37.576590
 31.048350
  6.708204
 13.038400
 27.073970
 22.360680
 30.364450
 34.713110
 29.068880
 48.332180
 47.010640
 43.863430
 36.687870
  9.219544
  7.071068
 22.803510
 17.888540
 44.011360
 24.207440
 13.892440
 27.294690
 37.643060
 17.464250
 36.400550
 46.872170
 35.355340
  5.656854
 16.763050
 14.560220
 25.495100
 52.392750
 44.283180
 29.000000
  5.656854
 32.202480
 39.204590
 49.244290
 21.023800
  7.810250
 24.413110
 44.721360
 50.289170
 49.010200
 42.449970
 28.231190
 32.695560
 11.180340
 10.198040
 37.215590
 20.124610
 28.792360
  6.403124
 26.683330
 32.756680
 28.301940
 11.180340
 22.203600
 59.682500
 50.159740
 44.204070
 57.706150
 34.058770
 31.906110
 24.083190
 31.400640
 35.846900
 12.041590
   .000000
 19.209370
 29.000000
  8.062258
 17.029390
 41.593270
 31.780500
 38.275320
 46.389650
 23.021730
 34.713110
 45.607020
  6.324555
 28.635640
 49.091750
 41.231060
 49.040800
 51.478150
 36.124780
 47.010640
 30.083220
 20.248460
 29.154760
 32.015620
  9.219544
 19.235380
 13.038400
 21.213200
 15.000000
  9.433981
 28.017850
 29.154760
 38.275320
 15.297060
 20.124610
 28.861740
 58.694120
 39.812060
 60.207970
 25.317980
 20.000000
 33.105890
 40.607880
 47.381430
 50.537110
 50.010000
 55.108980
 51.623640
 45.541190
 58.830270
 13.453620
 22.135940
 29.614190
 19.924860
  8.062258
 15.652480
 25.179360
 34.655450
 22.825420
 37.336310
 39.115220
 45.880280
 38.275320
 43.185650
 57.280010
 40.447500
 36.674240
 33.837850
  2.000000
 21.470910
 26.870060
 31.016120
 22.847320
 23.323810
 26.000000
 26.925820
  8.602325
  6.708204
 15.811390
 11.045360
   .000000
 17.029390
 42.201900
 42.000000
 45.398240
 42.720020
 55.362440
 33.837850
 33.541020
 30.066590
 39.051250
 44.777230
 37.161810
 40.162170
 31.622780
 33.615470
 35.440090
 34.885530
 40.311290
 37.643060
 42.485290
 27.586230
 45.967380
 33.837850
 35.171010
 21.470910
 34.000000
 29.732140
  6.403124
  9.000000
 29.427880
 19.209370
 11.000000
 20.223750
 20.248460
  7.615773
 30.805840
 38.470770
 24.166090
 46.043460
  9.219544
 41.484940
 42.449970
 50.219520
 51.107730
 49.244290
 39.293770
 16.124520
 20.000000
 42.941820
 28.160260
 30.463090
 32.557640
 33.015150
 38.288380
 14.866070
  4.000000
 44.011360
 39.319210
 14.422200
 25.709920
 25.317980
 56.727420
 56.568540
 52.402290
 34.525350
 24.515300
 12.649110
 39.319210
 33.734260
 45.880280
 18.110770
  7.810250
 10.440310
 44.821870
 28.301940
 34.713110
 39.051250
 25.298220
 21.213200
 33.241540
 18.384780
 32.557640
 57.801380
 44.643030
 42.485290
 13.341660
 41.773200
 43.416590
 58.694120
  4.472136
 13.892440
 13.341660
 39.115220
 47.042530
 50.596440
 31.304950
 25.709920
 17.691810
  6.708204
 27.166150
 23.430750
 18.788290
 44.911020
 21.840330
 11.401750
 17.000000
 39.408120
 21.470910
 39.204590
 69.310890
 58.258050
 55.605750
 50.990200
 46.324940
 46.818800
 27.459060
 37.202150
 30.016660
 26.925820
 17.029390
 14.866070
 42.059480
  9.000000
 34.000000
 46.647610
 38.418750
 35.227830
 46.324940
  6.000000
 25.709920
 36.687870
 19.646880
 38.288380
 59.464280
 55.009090
 56.400360
 55.461700
 37.696160
 40.447500
 14.866070
 35.440090
 45.122060
 49.000000
 21.470910
 35.440090
 26.000000
 24.413110
 22.022710
 15.000000
 16.155490
 24.083190
 25.000000
  2.828427
 10.049880
 13.601470
 53.338540
 48.795490
 70.007140
 42.296570
 32.649650
 48.764740
 52.201530
 60.207970
 59.464280
 51.546100
 53.338540
 47.042530
 42.047590
 50.960770
 10.630150
  7.211102
 30.083220
 29.206160
 25.079870
 32.015620
 42.047590
 47.885280
 33.837850
 45.343140
 42.941820
 52.430910
 31.257000
 31.764760
 46.141090
 24.041630
 19.924860
 50.447990
 15.033300
 19.313210
 18.110770
 14.142140
 38.832980
 38.600520
 41.976180
 43.416590
 13.416410
 11.180340
  6.324555
  6.324555
 17.029390
   .000000
 40.607880
 44.384680
 49.648770
 50.447990
 62.425960
 45.000000
 29.068880
 34.669870
 27.294690
 53.150730
 45.967380
 47.634020
 39.623230
 42.426410
 42.638010
 44.598210
 48.836460
 44.821870
 51.623640
 23.323810
 25.961510
 29.698480
  6.324555
 32.310990
 48.259710
 22.203600
 35.128340
 40.049970
 16.278820
 31.400640
 43.863430
 20.396080
 48.507730
 48.052060
 52.325900
 12.529960
 18.248290
 10.816650
 47.010640
 60.745370
 44.687810
 35.735140
 19.416490
  8.944272
 17.117240
 26.019220
 42.059480
 36.891740
 42.544090
 35.000000
 33.120990
  9.219544
 21.095020
 35.693140
 40.112340
 53.758720
 55.217750
 37.215590
 19.849430
 15.297060
 30.149630
 33.000000
 28.017850
  6.082763
 38.910150
 36.345560
 47.423620
 42.011900
  9.486833
 22.561030
 34.058770
 40.718550
 21.587030
 30.232430
  6.000000
 16.124520
 21.931710
 39.560080
 44.407210
 27.658630
 21.931710
 24.166090
  5.830952
 37.443290
 37.483330
 26.832820
 14.142140
 34.058770
 43.416590
 47.265210
 28.792360
 10.049880
  8.602325
 12.041590
 24.186770
 15.033300
 34.409300
 43.011630
 47.423620
 31.112700
 23.021730
 48.270070
 48.083260
 49.648770
 52.801510
 30.232430
 32.310990
 54.405880
 42.201900
 30.413810
 37.483330
 19.723080
 35.341190
 44.102150
 18.788290
 18.027760
 12.806250
 38.078870
 42.201900
 26.076810
 36.055510
 40.049970
 48.259710
 17.000000
 19.723080
  5.830952
  6.403124
 42.059480
 19.849430
 18.681540
 37.000000
 26.627050
 37.000000
 44.598210
 27.459060
 19.723080
  8.602325
 13.000000
 34.985710
 40.360870
 47.634020
 58.000000
 51.419840
 56.824290
 34.481880
 21.189620
 27.856780
 49.254440
 28.178010
 16.763050
 29.732140
 38.327540
 50.635960
 51.264020
 18.384780
 27.459060
 43.174060
 57.008770
 33.301650
 48.259710
 36.138620
 44.721360
 33.241540
 12.727920
 13.038400
 11.401750
  5.385165
 22.847320
 32.000000
 35.735140
 12.649110
 27.202940
 45.694640
 53.665630
 51.662360
 38.910150
 29.698480
 23.769730
 13.152950
 23.194830
 14.212670
 25.059930
 30.000000
 55.758410
 42.801870
 66.843100
 41.773200
 22.000000
 23.769730
 46.957430
 44.553340
 41.725290
 46.010870
 49.517670
 34.365680
 38.209950
 46.270940
 42.011900
 42.201900
 40.607880
   .000000
 10.049880
 16.492420
 25.019990
 31.016120
 31.780500
 12.083050
 16.278820
 25.612500
 28.000000
 25.961510
 23.194830
 22.825420
 25.079870
 21.189620
 27.856780
 26.305890
 21.587030
 29.154760
 21.095020
 17.000000
 24.596750
 10.630150
 31.064450
 44.384680
 19.235380
 38.275320
 41.773200
 25.059930
 38.948680
 49.648770
 25.238860
 48.041650
 52.000000
 49.729270
  7.071068
 20.248460
 19.646880
 49.244290
 56.859470
 38.418750
 26.832820
  9.486833
  9.219544
 27.166150
 28.460500
 41.109610
 29.698480
 39.560080
 31.016120
 42.544090
 17.888540
 14.422200
 36.124780
 43.011630
 48.259710
 50.990200
 43.931770
 28.017850
 20.615530
 20.099750
 23.021730
 18.110770
 13.038400
 36.674240
 37.336310
 42.190040
 37.576590
  2.236068
 27.459060
 37.000000
 46.615450
 12.529960
 26.925820
 12.206560
 26.172500
 30.232430
 38.209950
 40.311290
 28.284270
 17.720050
 15.000000
  5.385165
 30.413810
 38.209950
 19.104970
  5.000000
 24.020820
 47.853940
 48.259710
 34.409300
 20.099750
 16.155490
  7.071068
 33.615470
 19.416490
 41.725290
 45.354160
 45.122060
 39.408120
 25.632010
 41.868840
 47.169910
 54.589370
 58.523500
 23.430750
 31.064450
 50.089920
 32.280030
 20.396080
 27.892650
 28.460500
 27.202940
 36.796740
 18.110770
 12.083050
 21.095020
 35.171010
 42.000000
 29.546570
 29.000000
 41.773200
 44.384680
  7.071068
 13.038400
 14.317820
  7.211102
 47.010640
 28.017850
 28.635640
 36.055510
 20.000000
 27.018510
 35.777090
 17.464250
 11.401750
  6.708204
 23.021730
 41.773200
 35.355340
 41.109610
 52.009610
 51.039200
 53.758720
 31.780500
 21.213200
 27.000000
 50.249380
 34.713110
 22.671570
 38.275320
 41.785160
 54.083270
 56.435800
 25.942240
 18.027760
 33.241540
 52.354560
 28.635640
 41.036570
 26.925820
 35.171010
 23.194830
  8.062258
 16.278820
 19.924860
 15.033300
 32.015620
 34.481880
 40.816660
 14.317820
 23.769730
 43.737850
 50.960770
 46.324940
 30.805840
 24.596750
 14.764820
  4.242640
 13.152950
 23.259410
 34.539830
 40.012500
 62.482000
 50.209560
 61.911230
 42.047590
 25.079870
 29.832870
 53.009430
 39.115220
 36.055510
 40.000000
 43.600460
 35.355340
 39.458840
 49.335590
 44.384680
 42.000000
 44.384680
 10.049880
   .000000
  6.708204
 15.132750
 21.470910
 23.600850
 19.209370
 12.165530
 34.481880
 18.027760
 17.000000
 13.601470
 15.620500
 17.029390
 12.806250
 19.416490
 16.763050
 12.529960
 19.416490
 24.331050
 14.212670
 25.495100
 17.204650
 34.234490
 45.354160
 22.203600
 43.382020
 46.173580
 31.764760
 45.453270
 55.605750
 31.241000
 51.156620
 57.245090
 51.478150
 11.180340
 25.553870
 25.079870
 53.758720
 57.567350
 37.589890
 23.430750
  3.000000
 12.649110
 33.541020
 33.541020
 44.102150
 28.301940
 41.303750
 32.388270
 49.244290
 24.596750
 15.132750
 40.024990
 47.927030
 47.853940
 51.546100
 50.209560
 34.669870
 26.870060
 14.035670
 17.464250
 13.000000
 19.723080
 39.012820
 41.484940
 42.154480
 38.327540
  7.071068
 33.421550
 42.047590
 52.630790
 10.295630
 29.017240
 18.867960
 32.557640
 36.891740
 41.048750
 41.231060
 32.572990
 20.024980
  8.485281
 11.045360
 29.154760
 42.201900
 17.888540
  6.324555
 18.110770
 53.338540
 52.172790
 40.459860
 26.476400
 21.213200
  8.062258
 40.311290
 25.495100
 48.166380
 49.980000
 47.169910
 46.043460
 30.886890
 40.816660
 50.039990
 60.207970
 64.404970
 22.847320
 34.234490
 50.596440
 25.709920
 14.035670
 23.259410
 33.541020
 24.839490
 35.000000
 22.472200
 14.035670
 27.784890
 37.121420
 45.398240
 34.985710
 27.784890
 46.173580
 45.354160
  4.123106
 14.035670
 21.023800
 12.041590
 52.697250
 34.669870
 35.171010
 39.204590
 19.924860
 21.377560
 32.202480
 11.045360
  6.082763
 12.727920
 29.274560
 48.083260
 35.735140
 39.962480
 51.107730
 54.147950
 55.108980
 34.014700
 25.632010
 30.594120
 54.129470
 41.012190
 29.000000
 44.944410
 46.957430
 59.093150
 62.128900
 30.364450
 14.212670
 26.683330
 52.554730
 29.614190
 39.204590
 23.021730
 30.463090
 17.000000
  8.602325
 19.235380
 25.179360
 21.095020
 37.336310
 39.395430
 46.615450
 20.000000
 26.000000
 46.043460
 52.611790
 46.097720
 28.319600
 25.495100
 12.206560
  6.708204
  7.071068
 29.966650
 41.231060
 46.173580
 68.680420
 56.639210
 61.741400
 45.705580
 30.528680
 36.069380
 59.033890
 39.000000
 35.846900
 39.357340
 42.941820
 39.560080
 43.680660
 54.230990
 49.040800
 45.398240
 49.648770
 16.492420
  6.708204
   .000000
 10.295630
 14.764820
 21.400930
 25.806980
 15.524170
 41.182520
 12.649110
 14.212670
  9.899495
 15.524170
 15.652480
 11.704700
 17.204650
 12.806250
 10.295630
 14.764820
 23.021730
  6.000000
 20.396080
 23.537200
 31.780500
 39.051250
 20.808650
 44.045430
 45.276920
 38.327540
 50.119860
 58.051700
 34.669870
 47.801670
 57.801380
 46.043460
 14.866070
 27.802880
 34.713110
 52.839380
 50.635960
 29.410880
 13.453620
  7.810250
 22.847320
 42.011900
 34.655450
 40.804410
 19.924860
 36.221540
 27.294690
 56.044620
 31.575310
 12.206560
 38.470770
 48.010410
 39.849720
 44.553340
 53.823790
 40.496910
 31.304950
  6.403124
  8.062258
  3.000000
 26.476400
 34.928500
 40.311290
 34.713110
 32.015620
 16.492420
 36.619670
 42.638010
 55.317270
  5.656854
 25.298220
 25.495100
 41.012190
 42.720020
 37.643060
 35.014280
 32.202480
 18.027760
 11.401750
 20.396080
 20.880610
 40.706260
 11.045360
 11.045360
  9.486833
 54.561890
 50.159740
 43.600460
 35.000000
 31.048350
 18.357560
 47.296940
 29.529650
 52.478570
 49.396350
 42.296570
 51.478150
 32.557640
 32.310990
 46.324940
 61.619800
 66.468040
 16.000000
 31.780500
 43.566040
 19.416490
  7.810250
 13.000000
 43.416590
 15.652480
 25.942240
 23.345240
 13.453620
 34.205260
 32.557640
 42.720020
 36.796740
 19.646880
 45.276920
 39.051250
  8.062258
 12.041590
 28.284270
 21.840330
 54.451810
 40.496910
 43.185650
 36.400550
 14.317820
 12.041590
 22.022710
  6.324555
 13.601470
 18.439090
 38.013160
 51.865210
 29.068880
 31.384710
 42.544090
 50.695170
 49.040800
 30.083220
 26.172500
 29.154760
 52.000000
 44.944410
 33.541020
 50.695170
 47.634020
 59.076220
 63.702430
 40.496910
  4.472136
 20.248460
 45.122060
 24.186770
 30.016660
 12.806250
 20.248460
  9.433981
 18.867960
 29.529650
 34.928500
 30.149630
 47.074410
 39.824620
 48.836460
 23.706540
 22.847320
 41.593270
 47.010640
 38.327540
 18.867960
 20.396080
  5.385165
 12.041590
  4.472136
 36.878180
 48.270070
 55.009090
 71.700770
 60.745370
 53.758720
 43.462630
 32.649650
 39.962480
 61.619800
 31.575310
 28.442920
 31.320920
 34.785050
 38.587560
 42.544090
 54.083270
 48.548940
 42.720020
 50.447990
 25.019990
 15.132750
 10.295630
   .000000
 12.649110
 12.649110
 31.622780
 16.401220
 47.434170
  3.162278
  6.000000
  2.828427
 11.180340
  9.219544
  7.810250
  9.055386
  3.162278
  5.656854
  4.472136
 35.355340
 18.439090
 32.984840
 31.906110
 44.384680
 51.039200
 33.120990
 56.035700
 57.706150
 46.529560
 60.000000
 69.354160
 45.276920
 60.440050
 69.892780
 58.309520
 24.758840
 38.948680
 38.327540
 65.299310
 62.128900
 40.311290
 22.561030
 12.206560
 25.179360
 47.801670
 46.400430
 53.450910
 31.064450
 48.662100
 39.812060
 63.976560
 39.357340
 24.596750
 50.990200
 60.207970
 50.635960
 56.080300
 64.443770
 49.396350
 41.231060
  8.062258
 11.704700
 12.041590
 34.481880
 47.539460
 52.773100
 46.097720
 44.102150
 21.540660
 47.381430
 54.644310
 66.483080
 17.888540
 37.947330
 33.615470
 46.840150
 51.623640
 50.289170
 47.095650
 44.418460
 30.413810
  7.071068
 25.298220
 32.062440
 53.225930
 23.537200
 19.849430
 10.295630
 66.400300
 62.769420
 54.451810
 40.804410
 34.234490
 20.223750
 55.036350
 39.698870
 62.625870
 61.773780
 54.744860
 60.745370
 44.045430
 42.755120
 58.940650
 73.409810
 77.987170
 28.284270
 44.384680
 55.081760
 12.041590
  6.082763
 18.788290
 46.010870
 26.172500
 35.902650
 35.000000
 25.238860
 42.544090
 45.122060
 55.362440
 48.270070
 31.016120
 57.706150
 51.039200
 16.278820
 24.186770
 35.777090
 25.709920
 66.068150
 49.396350
 49.648770
 49.040800
 26.925820
 13.601470
 29.068880
  6.324555
 12.041590
 27.202940
 43.416590
 62.369870
 41.048750
 41.773200
 52.630790
 63.324560
 61.032780
 42.720020
 38.013160
 41.593270
 64.621980
 55.317270
 43.416590
 59.682500
 59.640590
 71.344240
 75.432090
 42.047590
 16.124520
 13.038400
 56.320510
 36.674240
 39.560080
 20.880610
 24.207440
  8.062258
 20.099750
 30.066590
 38.209950
 35.171010
 50.039990
 51.865210
 60.207970
 33.970580
 35.468300
 54.129470
 59.211490
 49.365980
 28.635640
 32.984840
 18.027760
 20.615530
 10.000000
 44.721360
 55.946400
 60.016660
 82.734510
 71.063350
 64.327290
 56.080300
 43.931770
 50.328920
 72.862880
 43.046490
 40.012500
 42.296570
 45.541190
 51.000000
 55.009090
 66.370170
 60.901560
 55.362440
 62.425960
 31.016120
 21.470910
 14.764820
 12.649110
   .000000
 24.000000
 40.496910
 27.802880
 55.946400
 11.045360
 18.439090
 15.231550
 23.769730
 21.840330
 20.124610
 21.213200
 15.297060
 17.888540
 14.000000
 18.384780
  7.211102
 11.313710
 27.892650
 24.041630
 27.073970
 16.763050
 38.832980
 38.183770
 41.048750
 49.477270
 54.203320
 33.734260
 38.013160
 51.739730
 34.525350
 19.313210
 26.476400
 42.485290
 45.343140
 38.209950
 16.763050
  5.385165
 19.723080
 32.649650
 47.296940
 30.870700
 31.384710
  7.280110
 25.298220
 17.000000
 58.077530
 35.510560
 11.180340
 31.112700
 41.868840
 27.202940
 32.140320
 51.623640
 42.047590
 32.062440
 16.031220
 13.601470
 12.041590
 30.805840
 25.059930
 33.241540
 22.203600
 20.223750
 25.612500
 35.171010
 37.443290
 51.884490
 11.313710
 16.970560
 29.832870
 46.324940
 44.102150
 28.301940
 23.194830
 26.925820
 14.317820
 24.041630
 28.844410
  8.246211
 33.241540
  5.099020
 18.601080
 15.811390
 49.406480
 41.617310
 41.436700
 40.804410
 39.446170
 29.000000
 50.010000
 30.066590
 51.244510
 42.426410
 31.320920
 51.788030
 29.732140
 19.697720
 36.249140
 56.400360
 61.854670
  5.656854
 24.041630
 31.144820
 25.942240
 18.027760
 10.630150
 51.429560
  3.605551
 13.601470
 21.377560
 14.317820
 37.121420
 22.360680
 33.837850
 33.615470
  7.071068
 38.183770
 27.073970
 17.691810
 12.369320
 32.984840
 30.805840
 49.929950
 42.047590
 47.675990
 27.802880
  7.280110
 15.264340
 13.152950
 18.110770
 25.942240
 23.409400
 43.965900
 49.980000
 17.117240
 18.788290
 29.966650
 40.718550
 37.054020
 20.808650
 23.086790
 23.021730
 43.266620
 43.680660
 34.132100
 51.478150
 42.201900
 52.325900
 58.600340
 49.396350
  8.246211
 26.419690
 32.557640
 13.892440
 17.804490
  7.211102
 15.811390
 17.464250
 29.732140
 39.698870
 42.941820
 37.161810
 54.626000
 34.669870
 45.177430
 25.019990
 15.811390
 31.016120
 35.355340
 25.709920
  7.211102
 11.313710
  9.219544
 19.416490
 17.088010
 40.199500
 51.009800
 60.415230
 68.095520
 58.872750
 41.109610
 35.000000
 30.364450
 39.051250
 57.801380
 19.104970
 16.031220
 18.681540
 22.135940
 31.890440
 35.355340
 47.381430
 41.725290
 33.837850
 45.000000
 31.780500
 23.600850
 21.400930
 12.649110
 24.000000
   .000000
 34.058770
 17.117240
 49.091750
 13.038400
  7.211102
 11.661900
  9.219544
  6.708204
 10.816650
  4.242640
  9.486833
 11.313710
 10.000000
 19.235380
 30.265490
 27.856780
  8.602325
 25.495100
 43.185650
 19.313210
 24.083190
 29.832870
  7.000000
 19.798990
 31.780500
  9.055386
 39.812060
 36.345560
 45.607020
 16.763050
 10.630150
 17.464250
 36.221540
 55.172460
 42.953460
 39.000000
 28.301940
 21.023800
 15.000000
 16.155490
 34.132100
 37.107950
 36.769550
 31.064450
 24.515300
  4.123106
 23.000000
 26.832820
 29.068880
 50.477720
 50.249380
 25.238860
  8.944272
  4.472136
 37.696160
 39.560080
 34.481880
  6.403124
 32.557640
 26.925820
 44.102150
 38.013160
 19.798990
 11.000000
 23.194830
 28.635640
 26.683330
 26.076810
  7.071068
 14.212670
 11.180340
 32.202480
 39.824620
 19.416490
 20.615530
 34.205260
 17.204650
 37.363080
 28.231190
 29.017240
 21.023800
 41.109610
 31.575310
 37.363080
 16.763050
 11.180340
 18.000000
 23.600850
 16.031220
  5.656854
 22.671570
 32.249030
 40.607880
 20.248460
 13.416410
 46.518810
 39.824620
 37.643060
 40.718550
 30.594120
 25.495100
 49.578220
 50.566790
 38.483760
 42.296570
 24.186770
 37.215590
 43.965900
 14.317820
 20.024980
  3.162278
 32.557640
 33.541020
 15.297060
 36.138620
 29.832870
 43.185650
 24.596750
 22.022710
  6.324555
 18.357560
 30.083220
  8.944272
 14.317820
 29.410880
 27.294690
 43.416590
 47.169910
 35.777090
 30.413810
 13.416410
 13.601470
 23.021730
 37.215590
 46.097720
 55.226810
 42.544090
 50.447990
 29.068880
 15.000000
 21.213200
 39.293770
 16.124520
  5.000000
 19.235380
 27.000000
 39.115220
 39.217340
 25.298220
 32.557640
 51.478150
 52.497620
 30.413810
 47.759820
 40.049970
 49.091750
 40.853400
 24.413110
 24.331050
 18.439090
 13.000000
 25.612500
 21.587030
 23.769730
  9.055386
 23.706540
 38.600520
 47.010640
 48.259710
 40.447500
 27.856780
 28.442920
 20.124610
 31.304950
  6.324555
 17.029390
 27.313000
 43.829210
 31.144820
 62.369870
 32.695560
 12.083050
 11.704700
 34.885530
 41.677330
 39.357340
 43.829210
 47.010640
 25.079870
 28.460500
 35.000000
 31.257000
 33.541020
 29.068880
 12.083050
 19.209370
 25.806980
 31.622780
 40.496910
 34.058770
   .000000
 17.000000
 15.811390
 34.785050
 30.265490
 29.120440
 25.000000
 28.017850
 25.317980
 31.016120
 31.780500
 26.683330
 34.928500
  9.000000
 13.601470
 13.453620
 11.180340
 19.000000
 32.649650
  7.071068
 28.301940
 30.675720
 24.000000
 34.014700
 41.725290
 18.357560
 36.000000
 42.190040
 37.643060
  5.099020
 11.401750
 27.018510
 38.275320
 45.177430
 28.425340
 22.000000
 16.552950
 20.615530
 30.364450
 18.601080
 29.017240
 21.023800
 27.513630
 19.235380
 41.303750
 18.439090
  6.000000
 24.515300
 32.649650
 37.536650
 39.446170
 37.443290
 25.317980
 15.524170
 22.803510
 23.706540
 18.867960
 13.928390
 24.515300
 25.961510
 31.241000
 26.076810
 14.317820
 20.248460
 26.925820
 38.948680
 10.816650
 14.866070
 13.000000
 29.410880
 27.459060
 26.076810
 28.653100
 17.088010
  5.830952
 23.259410
 15.652480
 21.470910
 26.683330
 12.041590
  9.219544
 25.553870
 38.600520
 36.674240
 27.202940
 24.166090
 24.758840
 19.235380
 33.015150
 13.601470
 36.235340
 34.539830
 32.984840
 35.735140
 16.278820
 32.015620
 35.057090
 45.607020
 50.249380
 14.317820
 19.000000
 38.587560
 35.805030
 24.083190
 25.495100
 35.805030
 20.396080
 28.178010
  7.211102
  3.162278
 20.024980
 23.086790
 30.066590
 20.518280
 20.124610
 30.675720
 32.649650
 12.083050
  5.099020
 16.155490
 17.888540
 38.288380
 25.317980
 30.594120
 24.000000
 10.770330
 27.313000
 30.265490
 21.931710
 21.587030
  7.810250
 27.313000
 35.510560
 24.207440
 31.400640
 41.725290
 39.000000
 41.785160
 19.646880
 10.295630
 15.132750
 38.639360
 28.653100
 17.720050
 35.171010
 31.906110
 43.829210
 47.634020
 34.655450
 16.155490
 36.619670
 41.048750
 17.204650
 32.249030
 23.086790
 32.140320
 25.806980
 20.223750
 27.294690
 27.658630
 21.400930
 38.587560
 24.186770
 32.526910
  8.062258
 11.704700
 31.575310
 38.897300
 35.468300
 23.769730
 13.453620
 12.083050
  9.055386
 17.804490
 23.086790
 34.014700
 43.416590
 55.317270
 44.418460
 50.803540
 30.265490
 16.278820
 23.706540
 45.276920
 28.319600
 25.455840
 29.732140
 33.241540
 24.041630
 28.160260
 38.910150
 33.615470
 30.066590
 34.669870
 16.278820
 12.165530
 15.524170
 16.401220
 27.802880
 17.117240
 17.000000
   .000000
 32.388270
 19.416490
 13.601470
 13.601470
  8.000000
 11.045360
  8.944272
 14.035670
 15.652480
 10.816650
 18.788290
 32.249030
 45.891170
 41.303750
 24.166090
 34.928500
 52.773100
 33.060550
 25.495100
 32.557640
  9.433981
  9.055386
 24.083190
 16.492420
 44.553340
 32.572990
 53.009430
 32.572990
 23.086790
 24.596750
 36.359320
 63.513780
 55.542780
 54.230990
 43.829210
 33.941120
 14.317820
 23.259410
 40.804410
 51.156620
 46.065170
 42.720020
  9.000000
 16.643320
 38.327540
 33.015150
 29.410880
 61.465440
 59.539900
 16.031220
  7.071068
 17.029390
 53.488320
 55.362440
 50.289170
 21.470910
 41.593270
 32.015620
 55.362440
 49.040800
 34.669870
 16.155490
 25.455840
 21.213200
 42.449970
 38.078870
 22.360680
 14.560220
  5.000000
 39.962480
 50.159740
 28.231190
 35.000000
 49.396350
 31.400640
 51.244510
 33.421550
 44.181440
 36.769550
 56.921000
 27.513630
 39.824620
 14.866070
 18.027760
 27.459060
 37.643060
  4.123106
 19.026300
 12.000000
 33.015150
 48.259710
  6.324555
 22.135940
 58.940650
 45.343140
 31.257000
 32.062440
 45.011110
 34.928500
 59.059290
 66.309880
 54.230990
 57.870540
 26.172500
 52.009610
 57.558670
 28.017850
 35.510560
 13.416410
 42.544090
 39.051250
 20.591260
 50.159740
 32.557640
 52.773100
 40.311290
 37.483330
 20.248460
 31.890440
 25.000000
  7.071068
 11.180340
 37.215590
 42.011900
 59.203040
 62.008060
 51.478150
 45.221680
 29.154760
 17.464250
 14.142140
 49.040800
 58.694120
 66.483080
 46.690470
 58.008620
 39.560080
 27.294690
 31.622780
 41.400480
 11.401750
 15.000000
  4.472136
 26.627050
 36.055510
 32.062440
 29.832870
 48.270070
 67.230940
 62.177170
 42.953460
 61.000000
 55.443660
 64.498060
 56.648040
 38.288380
 34.669870
 25.495100
 23.430750
 25.019990
 25.612500
 20.124610
 24.331050
 36.496570
 46.043460
 54.405880
 59.236810
 55.009090
 41.303750
 44.147480
 35.846900
 47.010640
 11.401750
  4.472136
 18.867960
 32.572990
 18.973670
 71.693790
 37.536650
 20.880610
 12.529960
 26.019220
 53.450910
 51.662360
 56.044620
 58.821770
 30.805840
 32.557640
 33.541020
 32.202480
 39.051250
 27.294690
 25.612500
 34.481880
 41.182520
 47.434170
 55.946400
 49.091750
 15.811390
 32.388270
   .000000
 50.596440
 45.891170
 44.922150
 40.311290
 43.416590
 41.000000
 46.389650
 47.539460
 42.449970
 50.695170
 25.612500
  7.615773
 22.135940
 26.683330
 34.000000
 40.012500
 23.430750
 46.754680
 47.707440
 41.484940
 53.235320
 60.959000
 37.735920
 49.648770
 60.440050
 47.265210
 18.027760
 30.805840
 37.483330
 55.226810
 51.244510
 29.614190
 12.529960
  9.848858
 25.298220
 45.044420
 37.483330
 42.720020
 20.223750
 37.656340
 28.861740
 59.203040
 34.713110
 14.866070
 40.816660
 50.606320
 40.024990
 45.177430
 56.859470
 43.657760
 34.438350
  3.605551
  5.000000
  1.000000
 29.614190
 36.687870
 42.720020
 35.227830
 33.060550
 19.235380
 39.661060
 45.343140
 58.258050
  8.602325
 27.313000
 28.635640
 44.045430
 45.880280
 39.560080
 36.055510
 34.828150
 20.615530
 11.661900
 23.194830
 21.213200
 43.046490
 12.649110
 14.142140
  6.324555
 57.314920
 52.325900
 46.615450
 38.013160
 33.734260
 20.615530
 50.447990
 32.649650
 55.569770
 51.865210
 43.737850
 54.626000
 35.468300
 32.280030
 48.083260
 64.381680
 69.310890
 17.262680
 34.000000
 44.181440
 16.401220
  5.385165
 10.816650
 46.097720
 15.524170
 25.632010
 26.248810
 16.401220
 37.363080
 34.205260
 44.777230
 39.698870
 20.099750
 47.707440
 40.012500
 11.000000
 14.866070
 31.400640
 24.515300
 57.280010
 43.657760
 46.270940
 38.483760
 16.155490
  9.000000
 20.518280
  5.099020
 14.866070
 21.587030
 41.000000
 54.918120
 30.016660
 31.320920
 42.379240
 52.497620
 50.010000
 31.953090
 29.000000
 31.622780
 54.129470
 48.020830
 36.674240
 53.851650
 50.328920
 61.611690
 66.483080
 43.011630
  5.099020
 17.204650
 45.541190
 25.709920
 29.546570
 11.401750
 17.888540
  6.403124
 21.023800
 31.780500
 37.656340
 33.060550
 49.819680
 42.520580
 51.739730
 26.832820
 25.059930
 43.174060
 48.166380
 38.639360
 18.384780
 22.135940
  7.810250
 15.132750
  5.830952
 40.024990
 51.419840
 58.000000
 74.652530
 63.812230
 53.851650
 45.617980
 35.608990
 43.046490
 64.536810
 32.140320
 29.068880
 31.575310
 34.928500
 41.048750
 44.944410
 56.612720
 51.039200
 44.777230
 53.150730
 28.000000
 18.027760
 12.649110
  3.162278
 11.045360
 13.038400
 34.785050
 19.416490
 50.596440
   .000000
  7.615773
  5.830952
 13.601470
 11.180340
 10.630150
 10.198040
  4.472136
  8.602325
  3.162278
 18.384780
   .000000
 14.560220
 23.021730
 26.419690
 33.060550
 16.278820
 39.597980
 40.224370
 37.215590
 47.539460
 54.203320
 31.780500
 42.059480
 53.150730
 40.049970
 14.035670
 24.596750
 36.400550
 47.707440
 44.721360
 23.769730
  9.848858
 12.529960
 25.806980
 42.296570
 30.610460
 35.114100
 14.317820
 30.265490
 21.377560
 54.744860
 31.000000
  8.062258
 33.286630
 43.278170
 34.176010
 38.639360
 50.606320
 38.832980
 29.120440
 11.180340
 10.630150
  6.708204
 26.019220
 29.120440
 35.227830
 28.861740
 26.019220
 18.867960
 33.541020
 38.183770
 51.613950
  4.472136
 19.697720
 25.019990
 41.303750
 41.000000
 31.953090
 29.017240
 27.586230
 13.453620
 17.262680
 22.360680
 15.231550
 35.510560
  5.099020
 12.083050
 12.727920
 50.209560
 44.721360
 40.311290
 35.510560
 33.105890
 21.931710
 46.270940
 27.202940
 49.658840
 44.407210
 36.345560
 49.335590
 28.844410
 26.832820
 40.521600
 57.280010
 62.369870
 10.000000
 26.419690
 37.656340
 23.345240
 13.000000
 12.041590
 45.310040
 10.630150
 20.808650
 19.723080
 10.440310
 33.136080
 26.683330
 37.161810
 33.015150
 13.928390
 40.224370
 33.060550
 10.630150
  8.544003
 28.071340
 24.186770
 50.328920
 38.832980
 43.046490
 30.870700
  8.544003
 13.892440
 18.788290
 12.165530
 18.788290
 18.110770
 38.639360
 48.764740
 23.086790
 25.942240
 37.121420
 44.922150
 43.046490
 24.351590
 22.203600
 24.207440
 46.518810
 42.047590
 31.320920
 48.764740
 43.139310
 54.203320
 59.413800
 42.941820
  2.828427
 24.041630
 39.293770
 18.248290
 25.000000
 10.198040
 19.026300
 13.601470
 22.627420
 32.802440
 36.769550
 31.320920
 48.703180
 35.355340
 45.000000
 21.587030
 17.492860
 35.693140
 41.012190
 32.572990
 14.142140
 14.560220
  2.236068
 13.000000
 10.198040
 36.055510
 47.265210
 55.443660
 68.007350
 57.706150
 48.104050
 38.013160
 29.154760
 37.161810
 57.801380
 25.709920
 22.561030
 25.632010
 29.154760
 33.600590
 37.443290
 49.203660
 43.600460
 37.161810
 45.967380
 25.961510
 17.000000
 14.212670
  6.000000
 18.439090
  7.211102
 30.265490
 13.601470
 45.891170
  7.615773
   .000000
  4.472136
  6.403124
  3.605551
  5.000000
  3.162278
  3.162278
  4.472136
  5.656854
 20.248460
  4.472136
 18.110770
 21.213200
 29.154760
 37.215590
 18.027760
 41.231060
 42.544090
 35.902650
 47.413080
 55.226810
 31.906110
 45.354160
 55.000000
 44.000000
 12.369320
 25.000000
 33.241540
 50.119860
 49.030600
 28.231190
 13.601470
  8.062258
 21.954500
 40.012500
 31.827660
 38.327540
 18.788290
 34.058770
 25.079870
 53.600370
 29.274560
  9.433981
 35.777090
 45.221680
 38.626420
 42.953460
 51.039200
 37.947330
 28.635640
  9.219544
 10.440310
  5.385165
 24.186770
 32.557640
 37.589890
 33.241540
 30.149630
 15.231550
 33.837850
 39.824620
 52.497620
  2.828427
 22.803510
 23.194830
 39.012820
 40.162170
 35.171010
 33.136080
 29.410880
 15.264340
 13.038400
 18.973670
 19.697720
 38.013160
  9.055386
  9.055386
 12.083050
 51.739730
 47.539460
 40.804410
 33.060550
 29.732140
 17.804490
 44.911020
 26.832820
 49.739320
 46.647610
 40.112340
 48.846700
 29.732140
 31.304950
 43.931770
 58.796260
 63.639610
 14.142140
 29.154760
 41.976180
 22.203600
 10.630150
 14.317820
 42.059480
 15.000000
 25.238860
 20.518280
 10.630150
 31.780500
 30.265490
 40.162170
 33.970580
 18.384780
 42.544090
 37.215590
  6.708204
  9.219544
 26.076810
 20.615530
 51.623640
 37.947330
 41.048750
 33.837850
 12.041590
 14.317820
 22.472200
  8.944272
 14.317820
 16.124520
 36.124780
 49.091750
 27.294690
 30.413810
 41.593270
 48.270070
 47.169910
 27.658630
 23.345240
 26.419690
 49.396350
 42.190040
 30.870700
 48.104050
 44.821870
 56.302750
 60.876930
 39.395430
  4.472136
 23.021730
 43.680660
 22.022710
 29.410880
 13.416410
 21.587030
 12.206560
 18.439090
 28.844410
 33.526110
 28.442920
 45.607020
 37.013510
 46.010870
 21.023800
 20.248460
 39.319210
 45.011110
 37.000000
 18.439090
 18.110770
  3.000000
 10.049880
  6.000000
 34.525350
 45.891170
 53.084840
 68.883960
 57.982760
 52.554730
 40.853400
 29.832870
 37.215590
 58.796260
 30.083220
 26.925820
 30.083220
 33.615470
 35.846900
 39.824620
 51.312770
 45.793010
 40.162170
 47.634020
 23.194830
 13.601470
  9.899495
  2.828427
 15.231550
 11.661900
 29.120440
 13.601470
 44.922150
  5.830952
  4.472136
   .000000
  8.544003
  7.000000
  5.000000
  7.615773
  3.162278
  2.828427
  6.000000
 12.041590
  6.403124
 10.049880
 18.681540
 20.615530
 29.832870
  9.899495
 33.241540
 34.132100
 32.000000
 41.436700
 47.801670
 25.632010
 36.878180
 46.861500
 36.124780
 10.295630
 18.384780
 33.615470
 41.677330
 42.059480
 22.803510
 14.000000
 15.033300
 24.839490
 38.078870
 24.207440
 29.832870
 14.212670
 26.019220
 17.029390
 49.254440
 26.305890
  2.000000
 27.294690
 37.013510
 32.756680
 36.055510
 44.294470
 33.241540
 23.345240
 17.204650
 17.029390
 12.806250
 21.587030
 24.186770
 29.154760
 26.832820
 22.803510
 17.804490
 27.313000
 31.827660
 45.221680
  6.082763
 14.317820
 20.615530
 37.107950
 35.355340
 26.683330
 25.709920
 21.260290
  7.071068
 21.095020
 20.518280
 14.866070
 29.529650
  4.123106
 10.816650
 19.104970
 43.840620
 39.000000
 34.000000
 31.622780
 30.805840
 21.954500
 41.012190
 21.377560
 43.462630
 38.275320
 32.000000
 43.416590
 22.472200
 26.248810
 35.510560
 50.911690
 55.973210
  7.810250
 20.615530
 35.114100
 29.698480
 18.867960
 17.720050
 42.544090
 12.649110
 21.400930
 13.416410
  5.099020
 28.017850
 22.022710
 31.622780
 26.627050
 13.453620
 34.132100
 29.832870
 11.401750
  3.162278
 23.769730
 22.627420
 43.931770
 33.241540
 38.470770
 25.298220
  4.472136
 20.248460
 22.360680
 17.464250
 21.213200
 14.317820
 34.785050
 42.485290
 20.248460
 25.495100
 36.400550
 39.812060
 39.623230
 19.235380
 15.811390
 18.027760
 40.853400
 35.846900
 25.495100
 42.953460
 36.796740
 48.010410
 53.037720
 40.804410
  9.219544
 30.413810
 37.161810
 14.142140
 25.612500
 15.132750
 24.186770
 19.849430
 22.825420
 31.890440
 34.132100
 28.178010
 45.617980
 29.000000
 38.600520
 16.031220
 11.704700
 31.064450
 37.215590
 30.886890
 16.155490
 10.049880
  5.830952
 11.401750
 14.317820
 31.064450
 42.011900
 51.195700
 61.611690
 51.429560
 46.529560
 32.310990
 22.825420
 31.016120
 51.400390
 23.706540
 20.591260
 24.413110
 28.017850
 27.459060
 31.384710
 43.011630
 37.443290
 31.622780
 39.623230
 22.825420
 15.620500
 15.524170
 11.180340
 23.769730
  9.219544
 25.000000
  8.000000
 40.311290
 13.601470
  6.403124
  8.544003
   .000000
  3.162278
  4.000000
  6.082763
  9.219544
  6.082763
 12.041590
 14.866070
  3.605551
 11.180340
 21.377560
 22.825420
 30.265490
 12.806250
 36.069380
 36.619670
 35.014280
 44.598210
 50.803540
 28.792360
 38.600520
 49.578220
 37.000000
 12.649110
 21.540660
 35.777090
 44.102150
 42.201900
 21.954500
 11.045360
 14.560220
 26.172500
 40.792160
 27.202940
 31.622780
 12.806250
 27.073970
 18.110770
 52.345010
 29.154760
  5.099020
 29.681640
 39.698870
 32.202480
 36.138620
 47.413080
 36.345560
 26.476400
 14.764820
 14.142140
 10.295630
 24.331050
 25.709920
 31.622780
 26.570660
 23.194830
 19.104970
 30.463090
 34.655450
 48.259710
  5.385165
 16.155490
 23.345240
 39.812060
 38.470770
 28.460500
 26.172500
 24.041630
 10.000000
 20.024980
 22.203600
 13.601470
 31.906110
  2.236068
 12.041590
 16.278820
 46.690470
 41.146080
 37.121420
 34.205260
 32.756680
 22.803510
 44.045430
 24.515300
 46.615450
 40.804410
 33.136080
 46.572530
 25.553870
 25.238860
 37.107950
 53.758720
 58.898220
  7.280110
 22.825420
 35.171010
 26.907250
 16.552950
 14.560220
 44.721360
 10.295630
 19.798990
 16.552950
  8.000000
 31.000000
 23.345240
 33.615470
 29.681640
 12.206560
 36.619670
 30.265490
 11.661900
  6.000000
 26.476400
 24.207440
 46.861500
 36.345560
 41.303750
 27.313000
  5.099020
 17.204650
 19.646880
 15.524170
 20.880610
 16.763050
 37.363080
 45.617980
 20.396080
 24.413110
 35.510560
 41.484940
 40.199500
 20.880610
 18.867960
 20.615530
 42.953460
 39.000000
 28.635640
 46.097720
 39.597980
 50.606320
 55.901700
 42.720020
  6.403124
 27.586230
 37.000000
 15.033300
 24.041630
 12.041590
 21.095020
 17.204650
 23.600850
 33.241540
 36.235340
 30.463090
 47.927030
 31.827660
 41.617310
 19.104970
 13.892440
 32.388270
 38.013160
 30.463090
 13.892440
 11.180340
  4.000000
 12.806250
 13.000000
 34.014700
 45.044420
 53.935150
 64.637450
 54.561890
 46.097720
 34.438350
 25.942240
 34.176010
 54.405880
 23.409400
 20.248460
 23.706540
 27.294690
 30.000000
 33.837850
 45.607020
 40.000000
 33.615470
 42.426410
 25.079870
 17.029390
 15.652480
  9.219544
 21.840330
  6.708204
 28.017850
 11.045360
 43.416590
 11.180340
  3.605551
  7.000000
  3.162278
   .000000
  4.242640
  3.000000
  6.708204
  5.385165
  9.219544
 15.264340
  5.000000
 14.035670
 18.027760
 24.351590
 33.734260
 13.038400
 36.235340
 37.589890
 32.249030
 42.953460
 50.328920
 27.294690
 40.792160
 50.000000
 40.112340
  9.055386
 20.248460
 31.780500
 45.177430
 45.880280
 26.076810
 14.560220
 11.045360
 21.931710
 37.336310
 26.870060
 33.734260
 17.029390
 30.016660
 21.023800
 49.819680
 26.000000
  4.472136
 30.870700
 40.224370
 36.235340
 39.849720
 46.324940
 33.955850
 24.351590
 14.142140
 14.764820
 10.000000
 21.023800
 28.160260
 32.649650
 30.463090
 26.683330
 14.866070
 29.154760
 34.828150
 47.634020
  2.236068
 18.248290
 20.024980
 36.345560
 36.138620
 30.594120
 29.614190
 24.413110
 10.295630
 17.117240
 18.027760
 17.804490
 33.105890
  6.403124
  7.810250
 16.643320
 46.754680
 42.720020
 36.055510
 30.594120
 28.653100
 18.601080
 41.303750
 22.472200
 45.177430
 41.677330
 36.000000
 44.598210
 24.839490
 29.410880
 39.458840
 53.814500
 58.694120
 11.180340
 24.351590
 38.897300
 27.018510
 15.620500
 17.029390
 40.718550
 14.422200
 24.041630
 15.620500
  5.830952
 28.160260
 26.019220
 35.440090
 29.068880
 16.401220
 37.589890
 33.734260
  7.615773
  4.242640
 23.086790
 20.000000
 46.669050
 33.955850
 38.052600
 29.120440
  8.246211
 18.384780
 23.409400
 13.892440
 17.262680
 13.152950
 33.734260
 44.418460
 24.041630
 28.600700
 39.661060
 43.737850
 43.566040
 23.194830
 18.384780
 21.470910
 44.598210
 37.589890
 26.570660
 43.965900
 39.824620
 51.312770
 55.901700
 38.587560
  7.280110
 27.802880
 40.853400
 18.110770
 28.284270
 15.132750
 24.020820
 17.029390
 19.416490
 29.000000
 32.202480
 26.570660
 44.011360
 32.015620
 41.109610
 16.763050
 15.524170
 35.057090
 41.194660
 34.438350
 18.027760
 14.035670
  3.162278
  8.602325
 10.440310
 31.064450
 42.296570
 50.487620
 64.031240
 53.338540
 50.089920
 36.055510
 25.000000
 32.649650
 53.907330
 27.313000
 24.166090
 27.784890
 31.384710
 30.886890
 34.885530
 46.324940
 40.816660
 35.440090
 42.638010
 21.189620
 12.806250
 11.704700
  7.810250
 20.124610
 10.816650
 25.317980
  8.944272
 41.000000
 10.630150
  5.000000
  5.000000
  4.000000
  4.242640
   .000000
  6.708204
  6.708204
  2.236068
  9.848858
 17.204650
  3.162278
 12.083050
 24.331050
 24.413110
 30.016660
 15.264340
 38.288380
 38.418750
 38.013160
 47.434170
 53.254110
 31.622780
 39.560080
 51.623640
 37.121420
 15.524170
 24.351590
 38.483760
 45.803930
 41.593270
 20.615530
  8.062258
 15.652480
 28.425340
 43.737850
 29.681640
 32.695560
 11.180340
 27.459060
 18.681540
 55.326310
 32.140320
  8.062258
 31.400640
 41.725290
 31.016120
 35.510560
 50.089920
 39.319210
 29.427880
 13.601470
 12.206560
  9.219544
 27.294690
 26.570660
 33.421550
 25.709920
 23.000000
 21.400930
 33.241540
 36.878180
 50.774010
  7.071068
 17.492860
 26.305890
 42.755120
 41.436700
 29.546570
 26.000000
 26.248810
 12.529960
 20.396080
 24.698180
 12.083050
 33.600590
  2.828427
 14.422200
 14.422200
 48.918300
 42.544090
 39.812060
 37.107950
 35.355340
 24.758840
 47.042530
 27.459060
 49.396350
 42.638010
 33.541020
 49.477270
 28.178010
 23.706540
 37.947330
 55.973210
 61.220910
  7.071068
 24.413110
 34.525350
 25.000000
 15.524170
 11.704700
 47.423620
  7.810250
 17.804490
 19.313210
 11.000000
 34.000000
 24.041630
 34.885530
 32.249030
 10.770330
 38.418750
 30.016660
 13.453620
  9.000000
 29.427880
 26.627050
 49.203660
 39.319210
 44.283180
 28.653100
  6.403124
 14.866070
 16.763050
 15.033300
 21.931710
 19.646880
 40.261640
 48.332180
 20.024980
 22.825420
 34.000000
 42.379240
 40.012500
 21.931710
 21.470910
 22.627420
 44.294470
 41.785160
 31.575310
 49.030600
 41.773200
 52.497620
 58.137770
 45.276920
  5.099020
 25.612500
 36.138620
 15.524170
 22.022710
  9.055386
 18.110770
 15.652480
 25.495100
 35.468300
 38.910150
 33.241540
 50.695170
 34.058770
 44.102150
 22.090720
 15.620500
 32.984840
 38.052600
 29.410880
 11.401750
 12.083050
  5.000000
 15.264340
 13.341660
 37.013510
 48.041650
 56.885850
 67.119290
 57.271290
 44.944410
 35.846900
 28.635640
 37.000000
 56.859470
 22.561030
 19.416490
 22.472200
 26.000000
 31.890440
 35.608990
 47.507890
 41.868840
 34.885530
 44.598210
 27.856780
 19.416490
 17.204650
  9.055386
 21.213200
  4.242640
 31.016120
 14.035670
 46.389650
 10.198040
  3.162278
  7.615773
  6.082763
  3.000000
  6.708204
   .000000
  6.000000
  7.071068
  7.615773
 21.260290
  3.162278
 17.720050
 24.083190
 29.529650
 36.013890
 19.104970
 42.449970
 43.266620
 38.639360
 49.658840
 56.850680
 34.000000
 45.221680
 56.080300
 43.104520
 15.132750
 26.925820
 36.400550
 50.774010
 47.518420
 26.248810
 10.630150
 10.630150
 25.059930
 43.046490
 33.301650
 38.275320
 16.763050
 33.376640
 24.515300
 56.293870
 32.140320
 10.630150
 36.359320
 46.227700
 36.687870
 41.436700
 53.000000
 40.521600
 31.016120
  8.062258
  8.062258
  3.605551
 27.073970
 32.280030
 38.275320
 31.575310
 29.000000
 18.384780
 35.846900
 41.036570
 54.203320
  5.099020
 22.847320
 26.076810
 42.047590
 42.720020
 35.114100
 32.000000
 30.479500
 16.278820
 14.560220
 22.135940
 17.720050
 38.587560
  8.246211
 12.165530
 10.000000
 53.037720
 47.853940
 42.720020
 36.124780
 32.893770
 20.808650
 47.675990
 29.154760
 51.884490
 47.434170
 39.458840
 51.264020
 31.400640
 29.154760
 43.680660
 60.108230
 65.115280
 13.038400
 29.529650
 40.447500
 20.518280
  9.848858
 11.180340
 45.221680
 12.529960
 22.825420
 22.203600
 12.529960
 34.525350
 29.832870
 40.311290
 35.608990
 16.492420
 43.266620
 36.013890
  9.848858
 10.816650
 29.017240
 23.769730
 53.075420
 40.521600
 44.011360
 34.014700
 11.704700
 11.704700
 19.416490
  9.055386
 16.643320
 19.026300
 39.204590
 51.107730
 26.019220
 28.231190
 39.395430
 48.083260
 46.010870
 27.513630
 24.839490
 27.202940
 49.658840
 44.294470
 33.241540
 50.596440
 46.010870
 57.201400
 62.225400
 42.544090
  1.414214
 21.260290
 41.976180
 21.377560
 26.925820
 10.295630
 18.439090
 10.630150
 21.400930
 31.906110
 36.687870
 31.575310
 48.764740
 38.209950
 47.634020
 23.409400
 20.591260
 38.832980
 44.045430
 35.171010
 15.811390
 17.720050
  3.605551
 13.152950
  7.615773
 37.336310
 48.662100
 56.142670
 70.604530
 60.033330
 50.596440
 41.146080
 31.622780
 39.357340
 60.440050
 28.442920
 25.317980
 28.160260
 31.622780
 36.619670
 40.496910
 52.201530
 46.615450
 40.311290
 48.836460
 26.305890
 16.763050
 12.806250
  3.162278
 15.297060
  9.486833
 31.780500
 15.652480
 47.539460
  4.472136
  3.162278
  3.162278
  9.219544
  6.708204
  6.708204
  6.000000
   .000000
  5.099020
  3.162278
 17.492860
  4.472136
 16.000000
 19.026300
 26.570660
 35.510560
 15.264340
 38.418750
 39.824620
 33.541020
 44.721360
 52.402290
 29.154760
 42.953460
 52.201530
 42.047590
 10.049880
 22.203600
 31.953090
 47.413080
 47.539460
 27.294690
 14.317820
  9.219544
 21.400930
 38.118240
 29.000000
 35.902650
 18.027760
 32.000000
 23.000000
 51.195700
 27.073970
  6.708204
 33.105890
 42.438190
 37.576590
 41.484940
 48.259710
 35.440090
 26.000000
 12.041590
 13.000000
  8.062258
 22.022710
 30.265490
 34.885530
 31.953090
 28.442920
 14.422200
 31.064450
 37.013510
 49.678970
   .000000
 20.396080
 21.023800
 37.121420
 37.643060
 32.756680
 31.400640
 26.627050
 12.529960
 15.033300
 17.888540
 18.867960
 35.341190
  7.615773
  7.615773
 14.764820
 48.918300
 44.944410
 38.013160
 31.257000
 28.635640
 17.691810
 42.579340
 24.166090
 47.010640
 43.909000
 38.013160
 46.238510
 26.907250
 30.528680
 41.593270
 55.973210
 60.811180
 12.649110
 26.570660
 40.521600
 25.000000
 13.453620
 16.031220
 40.853400
 14.866070
 24.839490
 17.691810
  7.810250
 29.427880
 28.071340
 37.643060
 31.144820
 17.492860
 39.824620
 35.510560
  6.403124
  6.403124
 24.000000
 19.723080
 48.795490
 35.440090
 39.000000
 31.320920
 10.049880
 16.763050
 23.259410
 11.661900
 15.524170
 14.000000
 34.365680
 46.324940
 25.709920
 29.681640
 40.816660
 45.891170
 45.398240
 25.317980
 20.518280
 23.706540
 46.818800
 39.446170
 28.231190
 45.541190
 42.011900
 53.535030
 58.051700
 38.470770
  6.000000
 25.806980
 42.379240
 20.024980
 29.068880
 14.560220
 23.194830
 15.000000
 18.439090
 28.425340
 32.310990
 26.925820
 44.271890
 34.205260
 43.185650
 18.384780
 17.720050
 37.121420
 43.104520
 35.846900
 18.439090
 16.000000
  2.236068
  8.544003
  8.246211
 32.249030
 43.566040
 51.244510
 66.068150
 55.226810
 51.478150
 38.275320
 27.018510
 34.481880
 55.973210
 28.792360
 25.632010
 29.068880
 32.649650
 33.120990
 37.121420
 48.548940
 43.046490
 37.643060
 44.821870
 21.587030
 12.529960
 10.295630
  5.656854
 17.888540
 11.313710
 26.683330
 10.816650
 42.449970
  8.602325
  4.472136
  2.828427
  6.082763
  5.385165
  2.236068
  7.071068
  5.099020
   .000000
  8.246211
 24.041630
  5.656854
 19.697720
 27.166150
 31.906110
 37.054020
 21.931710
 45.254830
 45.803930
 41.773200
 52.801510
 59.816390
 37.121420
 47.169910
 58.796260
 44.407210
 18.248290
 30.016660
 39.051250
 53.254110
 48.166380
 26.476400
  9.433981
 12.206560
 27.313000
 46.010870
 36.235340
 40.311290
 17.117240
 34.928500
 26.248810
 59.439040
 35.227830
 13.601470
 38.832980
 48.918300
 36.878180
 42.107010
 56.080300
 43.680660
 34.176010
  6.082763
  5.000000
  2.236068
 30.149630
 34.176010
 40.804410
 32.140320
 30.149630
 20.880610
 38.948680
 43.840620
 57.201400
  8.246211
 25.059930
 29.154760
 45.011110
 45.880280
 37.161810
 33.136080
 33.241540
 19.104970
 14.764820
 24.738630
 18.110770
 41.048750
 10.295630
 15.033300
  7.071068
 55.865910
 50.119860
 45.793010
 39.051250
 35.440090
 22.825420
 50.803540
 32.310990
 55.009090
 50.000000
 41.000000
 54.424260
 34.409300
 29.120440
 45.541190
 62.936480
 68.014700
 14.560220
 31.906110
 41.109610
 17.691810
  8.062258
  8.544003
 47.801670
 12.369320
 22.472200
 25.238860
 15.652480
 37.656340
 31.622780
 42.485290
 38.600520
 17.029390
 45.803930
 37.054020
 12.369320
 13.892440
 32.062440
 26.248810
 55.973210
 43.680660
 47.042530
 36.235340
 13.892440
  8.544003
 17.691810
  8.246211
 17.691810
 22.090720
 42.107010
 54.203320
 27.073970
 28.160260
 39.217340
 49.980000
 47.042530
 29.546570
 27.802880
 29.832870
 51.884490
 47.413080
 36.400550
 53.758720
 48.795490
 59.816390
 65.069190
 44.944410
  2.828427
 18.384780
 42.426410
 23.086790
 26.400760
  8.485281
 15.811390
  8.062258
 23.323810
 34.000000
 39.293770
 34.365680
 51.419840
 41.012190
 50.606320
 26.570660
 23.021730
 40.521600
 45.276920
 35.510560
 15.231550
 19.697720
  6.708204
 16.031220
  8.485281
 40.447500
 51.788030
 59.076220
 73.600270
 63.134780
 50.695170
 43.416590
 34.669870
 42.485290
 63.411350
 29.068880
 26.019220
 28.442920
 31.780500
 39.204590
 43.011630
 54.817880
 49.203660
 42.485290
 51.623640
 29.154760
 19.416490
 14.764820
  4.472136
 14.000000
 10.000000
 34.928500
 18.788290
 50.695170
  3.162278
  5.656854
  6.000000
 12.041590
  9.219544
  9.848858
  7.615773
  3.162278
  8.246211
   .000000
   .000000
 18.000000
  7.222222
 18.777780
  5.866667
  5.133333
  6.666666
 23.333330
 13.363640
  7.636364
   .558824
 18.441180
   .000000
 15.000000
  2.909091
 13.090910
 16.220340
 12.779660
 10.242420
 15.757580
  5.692307
 31.307690
  5.019608
 10.980390
  5.225806
  6.774194
  2.500000
 28.500000
  4.903226
  3.096774
  7.916667
 11.083330
  5.000000
 15.000000
 10.910710
  2.089286
  3.387097
 11.612900
 17.333330
  4.666667
 19.727270
  8.272727
  6.000000
  6.000000
  3.642857
  2.357143
 22.604650
  4.395349
 10.281250
  3.718750
  1.956521
 16.043480
  6.490909
 10.509090
 15.742860
 13.257140
  6.500000
  6.500000
  8.697675
 13.302330
 14.802630
 10.197370
 16.377360
 11.622640
  2.793103
 24.206900
  3.800000
 15.200000
   .909091
  9.090909
  9.777778
  2.222222
 10.500000
  3.500000
  6.909091
 17.090910
  8.000000
  8.000000
 13.200000
 19.800000
  4.411765
 10.588240
   .733333
 10.266670
  2.842105
 15.157900
  9.562500
  7.437500
  8.400000
 12.600000
  4.764706
 22.235290
 13.300000
  5.700000
 11.250000
  8.750000
  3.421053
  1.578947
  2.019231
  4.980769
   .000000
 30.000000
  3.000000
 13.000000
  2.076923
  6.923077
  5.250000
 15.750000
  8.297873
  6.702128
 13.873020
  5.126985
 11.500000
 11.500000
  4.019231
  6.980769
  2.941176
  2.058824
   .452381
 18.547620
   .906250
 28.093750
 18.400000
  4.600000
 15.000000
  6.000000
  5.555555
  4.444445
  3.173077
 11.826920
   .444444
  2.555556
 19.878790
 21.121210
   .000000
  9.000000
   .482758
 27.517240
  2.580645
  5.419355
  2.105263
  5.894737
 11.508770
  4.491228
  8.461538
  1.538462
 22.842110
  5.157895
  4.220588
  2.779412
  5.625000
  9.375000
  5.014925
  8.985075
  1.034483
  4.965518
 10.155170
  8.844828
  5.101449
  5.898551
  2.086957
  9.913043
 18.000000
  5.000000
 11.934430
 14.065570
   .269841
 16.730160
   .521739
  5.478261
  2.812500
  6.187500
  3.333333
 11.666670
 10.440680
  3.559322
  1.166667
  5.833333
 11.117650
 15.882350
  6.809524
  6.190476
 10.140630
   .859375
  8.000000
  8.000000
  7.435897
  2.564103
   .897436
  4.102564
  5.468750
 19.531250
  9.272727
  7.727273
  7.500000
 10.500000
  3.392857
  6.607142
  1.632653
  8.367347
  3.600000
  3.400000
  2.363636
 10.636360
 12.090910
  6.909091
 13.000000
 13.000000
   .500000
  2.500000
  3.000000
  2.000000
  6.906977
  2.093023
  1.333333
 14.666670
  8.000000
  8.000000
  8.307693
  3.692308
  5.700000
 13.300000
  3.833334
 19.166670
  6.666666
 13.333330
  6.666667
  1.333333
  9.500000
  9.500000
  1.666667
   .333333
  6.000000
  6.000000
 12.750000
  4.250000
  2.769231
  6.230769
  6.111111
  4.888889
 14.000000
  4.000000
 26.363640
  2.636364
  1.384615
  1.615385
  4.153846
  1.846154
  5.666667
 11.333330
  2.000000
 14.000000
  1.560976
 14.439020
  3.093750
  5.906250
  7.000000
 14.000000
 10.903850
 16.096150
 11.333330
 11.666670
   .207547
 10.792450
  2.153846
 11.846150
   .246154
  7.753846
  4.833333
   .166667
   .000000
  8.000000
   .000000
 16.000000
 24.800000
  6.200000
  3.375000
  5.625000
  4.166667
   .833333
  2.500000
  2.500000
  6.086957
   .913043
  3.857143
 14.142860
 13.473680
  2.526316
   .958333
   .041667
 23.142860
  3.857143
 27.000000
  9.000000
 27.352940
  2.647059
   .000000
 13.000000
  1.551724
  8.448276
  3.348837
  5.651163
  2.270271
 11.729730
  8.842105
  9.157895
  1.269841
   .730159
  4.641510
  1.358491
  4.375000
  2.625000
  5.000000
 13.000000
  3.500000
 24.500000
  1.500000
  1.500000
  6.500000
  6.500000
 11.137930
  7.862069
  6.086957
  3.913043
  7.246753
  1.753247
  3.896104
 16.103900
  8.219178
 16.780820
 23.134330
  1.865672
 10.928570
 25.071430
  1.276596
  4.723404
  1.696429
  3.303571
  2.426470
 12.573530
 16.489360
  8.510638
  5.522727
  3.477273
  5.739130
  2.260870
 13.959180
  4.040816
  1.857143
 11.142860
  2.641509
 11.358490
   .442623
  2.557377
  3.631579
 19.368420
  2.035714
  3.964286
   .472727
 25.527270
 10.893620
  5.106383
  6.837838
  4.162162
  4.516129
  2.483871
 11.181820
 29.818180
 27.222220
  7.777778
  9.285714
 16.714280
  4.500000
  4.500000
  3.857143
 11.142860
  1.611940
  1.388060
   .210526
   .789474
   .000000
  2.000000
  5.500000
 16.500000
   .999999
 26.000000
   .800000
 19.200000
  2.037037
  8.962963
  1.920000
 10.080000
   .952381
  9.047619
  2.076923
  6.923077
   .000000
 17.000000
