Solving instance /mnt/c/Users/bruno.mattos/OneDrive - americanas s.a/Documentos/GitHub/GenericILS/TWRD/100/C204_100_005.vrptwrd...
------------------------------------------------------------------------------------------------------------------------------------------------
|  Restart |  Iteration |  Best Feas. Cost |    Best Cost |   Curr. Cost |   Penalty Custom Res. |   Penalty Standard Res. |   Pool |   Time (s) |
------------------------------------------------------------------------------------------------------------------------------------------------
|        1 |          1 |           708.00 |       708.00 |       708.00 |                 10.32 |                   10.32 |      5 |     0.1781 |
|        1 |          2 |           708.00 |       708.00 |       714.10 |                  5.00 |                    5.00 |      9 |     0.6940 |
|        1 |          0 |           703.60 |       703.60 |       703.60 |                  5.00 |                    5.00 |     13 |     0.7548 |
|        1 |          0 |           691.80 |       691.80 |       691.80 |                  5.00 |                    5.00 |     17 |     0.8512 |
|        1 |          0 |           671.20 |       671.20 |       671.20 |                  5.00 |                    5.00 |     20 |     0.8955 |
|        1 |          1 |           671.20 |       671.20 |       671.20 |                  5.58 |                    5.00 |     20 |     0.9283 |
|        1 |          2 |           671.20 |       671.20 |       671.20 |                  5.00 |                    5.00 |     20 |     0.9647 |
|        1 |          3 |           671.20 |       671.20 |       671.20 |                  6.47 |                    5.00 |     20 |     0.9898 |
|        1 |          4 |           671.20 |       671.20 |       671.20 |                  5.00 |                    5.00 |     20 |     1.0509 |
|        1 |          5 |           671.20 |       671.20 |       687.00 |                  7.44 |                    5.00 |     21 |     1.0921 |
|        1 |          6 |           671.20 |       671.20 |       709.80 |                  5.00 |                    5.00 |     23 |     1.1499 |
|        1 |          7 |           671.20 |       671.20 |       679.20 |                  5.00 |                    5.00 |     26 |     1.2055 |
|        1 |          8 |           671.20 |       671.20 |       679.20 |                  5.00 |                    5.00 |     26 |     1.2657 |
|        1 |          9 |           671.20 |       671.20 |       679.20 |                  5.00 |                    5.00 |     26 |     1.3082 |
|        1 |         10 |           671.20 |       671.20 |       679.20 |                  5.00 |                    5.00 |     26 |     1.3428 |
|        1 |         11 |           671.20 |       671.20 |       680.10 |                  5.00 |                    5.00 |     28 |     1.3851 |
|        1 |         12 |           671.20 |       671.20 |       681.80 |                  5.00 |                    5.00 |     30 |     1.4399 |
|        1 |         13 |           671.20 |       671.20 |       723.10 |                  5.00 |                    5.00 |     35 |     1.5261 |
|        1 |         14 |           671.20 |       671.20 |       720.40 |                  5.00 |                    5.00 |     39 |     1.5612 |
|        1 |         15 |           671.20 |       671.20 |       679.60 |                  5.91 |                    5.00 |     44 |     1.6540 |
|        1 |         16 |           671.20 |       671.20 |       713.84 |                  5.00 |                    5.00 |     46 |     1.7374 |
|        1 |         17 |           671.20 |       671.20 |       701.10 |                  5.00 |                    5.00 |     48 |     1.8212 |
|        1 |         18 |           671.20 |       671.20 |       701.10 |                  5.00 |                    5.00 |     48 |     1.8560 |
|        1 |         19 |           671.20 |       671.20 |       680.40 |                  5.00 |                    5.00 |     48 |     1.9095 |
|        1 |         20 |           671.20 |       671.20 |       680.40 |                  5.00 |                    5.00 |     48 |     1.9732 |
|        1 |          0 |           666.80 |       666.80 |       666.80 |                  5.26 |                    5.00 |     50 |     2.0389 |
|        1 |          0 |           656.90 |       656.90 |       656.90 |                  5.00 |                    5.00 |     53 |     2.1277 |
|        1 |          1 |           656.90 |       656.90 |       656.90 |                  5.00 |                    5.00 |     53 |     2.1643 |
|        1 |          2 |           656.90 |       656.90 |       656.90 |                  5.00 |                    5.00 |     53 |     2.2031 |
|        1 |          3 |           656.90 |       656.90 |       656.90 |                  5.00 |                    5.00 |     53 |     2.2353 |
|        1 |          0 |           654.20 |       654.20 |       654.20 |                  5.00 |                    5.00 |     54 |     2.2796 |
|        1 |          1 |           654.20 |       654.20 |       670.90 |                  5.00 |                    5.00 |     55 |     2.3345 |
|        1 |          2 |           654.20 |       654.20 |       670.90 |                  5.00 |                    5.00 |     55 |     2.3833 |
|        1 |          3 |           654.20 |       654.20 |       688.50 |                  5.00 |                    5.00 |     57 |     2.4480 |
|        1 |          4 |           654.20 |       654.20 |       674.90 |                  5.00 |                    5.00 |     57 |     2.5146 |
|        1 |          5 |           654.20 |       654.20 |       670.90 |                  5.00 |                    5.00 |     57 |     2.5932 |
|        1 |          6 |           654.20 |       654.20 |       680.80 |                  5.00 |                    5.00 |     59 |     2.6299 |
|        1 |          7 |           654.20 |       654.20 |       695.30 |                  5.00 |                    5.00 |     62 |     2.7054 |
|        1 |          8 |           654.20 |       654.20 |       686.40 |                  5.00 |                    5.00 |     64 |     2.7388 |
|        1 |          9 |           654.20 |       654.20 |       682.70 |                  5.00 |                    5.00 |     66 |     2.8467 |
|        1 |         10 |           654.20 |       654.20 |       707.10 |                  5.00 |                    5.00 |     67 |     2.8894 |
|        1 |         11 |           654.20 |       654.20 |       705.80 |                  5.00 |                    5.00 |     68 |     2.9356 |
|        1 |         12 |           654.20 |       654.20 |       691.80 |                  5.00 |                    5.00 |     70 |     3.0169 |
|        1 |         13 |           654.20 |       654.20 |       691.80 |                  5.00 |                    5.00 |     70 |     3.0613 |
|        1 |         14 |           654.20 |       654.20 |       674.80 |                  5.00 |                    5.00 |     72 |     3.1362 |
|        1 |         15 |           654.20 |       654.20 |       691.80 |                  5.00 |                    5.00 |     72 |     3.2098 |
|        1 |         16 |           654.20 |       654.20 |       691.80 |                  5.00 |                    5.00 |     72 |     3.2518 |
|        1 |         17 |           654.20 |       654.20 |       692.60 |                  5.00 |                    5.00 |     73 |     3.2943 |
|        1 |         18 |           654.20 |       654.20 |       677.30 |                  5.00 |                    5.00 |     75 |     3.3644 |
|        1 |         19 |           654.20 |       654.20 |       677.30 |                  5.00 |                    5.00 |     75 |     3.4023 |
|        1 |         20 |           654.20 |       654.20 |       681.80 |                  5.00 |                    5.00 |     76 |     3.4403 |
|        1 |         21 |           654.20 |       654.20 |       655.90 |                  5.00 |                    5.00 |     78 |     3.5259 |
|        1 |         22 |           654.20 |       654.20 |       677.30 |                  5.00 |                    5.00 |     83 |     3.6067 |
|        1 |         23 |           654.20 |       654.20 |       681.70 |                  5.00 |                    5.00 |     86 |     3.6434 |
|        1 |         24 |           654.20 |       654.20 |       709.20 |                  5.00 |                    5.00 |     88 |     3.6681 |
|        1 |         25 |           654.20 |       654.20 |       658.80 |                  5.00 |                    5.00 |     89 |     3.7829 |
|        1 |         26 |           654.20 |       654.20 |       659.00 |                  7.67 |                    5.00 |     89 |     3.8204 |
|        1 |         27 |           654.20 |       654.20 |       664.29 |                  9.54 |                    5.00 |     89 |     3.8483 |
|        1 |         28 |           654.20 |       652.46 |       652.46 |                  5.00 |                    5.00 |     90 |     3.9306 |
|        1 |         29 |           654.20 |       651.60 |       651.60 |                  5.00 |                    5.00 |     90 |     3.9932 |
|        1 |         30 |           654.20 |       651.60 |       651.62 |                  5.34 |                    5.00 |     92 |     4.0499 |
|        1 |         31 |           654.20 |       651.60 |       653.99 |                  5.00 |                    5.00 |     92 |     4.1057 |
|        1 |         32 |           654.20 |       651.60 |       651.90 |                  5.91 |                    5.00 |     92 |     4.1373 |
|        1 |         33 |           654.20 |       651.60 |       653.78 |                  8.04 |                    5.00 |     92 |     4.1707 |
|        1 |         34 |           654.20 |       651.60 |       658.01 |                  5.00 |                    5.00 |     92 |     4.2142 |
|        1 |         35 |           654.20 |       651.60 |       651.70 |                  9.74 |                    5.00 |     92 |     4.2633 |
|        1 |         36 |           654.20 |       651.60 |       656.80 |                  5.37 |                    5.00 |     92 |     4.3140 |
|        1 |         37 |           654.20 |       651.60 |       656.15 |                  7.15 |                    5.00 |     92 |     4.3710 |
|        1 |         38 |           654.20 |       651.60 |       656.15 |                  5.00 |                    5.00 |     92 |     4.4044 |
|        1 |         39 |           654.20 |       651.60 |       656.02 |                  5.00 |                    5.26 |     92 |     4.4495 |
|        1 |         40 |           654.20 |       651.60 |       655.30 |                  8.82 |                    5.00 |     92 |     4.4970 |
|        1 |         41 |           654.20 |       651.60 |       677.90 |                  5.00 |                    5.00 |     92 |     4.5384 |
|        1 |         42 |           654.20 |       651.60 |       673.40 |                  5.00 |                    5.00 |     92 |     4.5809 |
|        1 |         43 |           654.20 |       651.60 |       673.40 |                  5.00 |                    5.00 |     92 |     4.6163 |
|        1 |         44 |           654.20 |       651.60 |       673.40 |                  5.00 |                    5.00 |     92 |     4.6666 |
|        1 |         45 |           654.20 |       651.60 |       677.40 |                  5.00 |                    5.00 |     93 |     4.6974 |
|        1 |         46 |           654.20 |       651.60 |       673.40 |                  5.00 |                    5.00 |     94 |     4.7663 |
|        1 |         47 |           654.20 |       651.60 |       673.40 |                  5.00 |                    5.00 |     94 |     4.8159 |
|        1 |         48 |           654.20 |       651.60 |       674.80 |                  5.00 |                    5.00 |     94 |     4.8603 |
|        1 |         49 |           654.20 |       651.60 |       674.80 |                  5.00 |                    5.00 |     94 |     4.9343 |
|        1 |         50 |           654.20 |       651.60 |       674.80 |                  5.00 |                    5.00 |     94 |     4.9592 |
|        1 |         51 |           654.20 |       651.60 |       674.00 |                  5.00 |                    5.00 |     94 |     5.0095 |
|        1 |         52 |           654.20 |       651.60 |       674.00 |                  5.00 |                    5.00 |     94 |     5.0472 |
|        1 |         53 |           654.20 |       651.60 |       679.90 |                  5.00 |                    5.00 |     96 |     5.0979 |
|        1 |         54 |           654.20 |       651.60 |       681.20 |                  5.00 |                    5.00 |     97 |     5.1563 |
|        1 |         55 |           654.20 |       651.60 |       679.80 |                  5.00 |                    5.00 |     98 |     5.2010 |
|        1 |         56 |           654.20 |       651.60 |       675.30 |                  5.00 |                    5.00 |    100 |     5.2735 |
|        1 |         57 |           654.20 |       651.60 |       674.80 |                  5.00 |                    5.00 |    101 |     5.3393 |
|        1 |         58 |           654.20 |       651.60 |       660.22 |                  6.66 |                    5.00 |    101 |     5.4391 |
|        1 |         59 |           654.20 |       651.60 |       660.22 |                  8.70 |                    5.00 |    101 |     5.4744 |
|        1 |         60 |           654.20 |       651.60 |       660.22 |                  5.82 |                    5.86 |    101 |     5.5059 |
|        1 |         61 |           654.20 |       651.60 |       661.24 |                  5.00 |                    5.00 |    101 |     5.5472 |
|        1 |         62 |           654.20 |       651.60 |       659.70 |                  5.00 |                    5.00 |    101 |     5.5839 |
|        1 |         63 |           654.20 |       651.60 |       681.20 |                  5.00 |                    5.00 |    102 |     5.6563 |
|        1 |         64 |           654.20 |       651.60 |       660.54 |                  7.14 |                    5.00 |    102 |     5.7389 |
|        1 |         65 |           654.20 |       651.60 |       665.06 |                  5.22 |                    5.00 |    102 |     5.7797 |
|        1 |         66 |           654.20 |       651.60 |       651.60 |                  8.22 |                    5.00 |    102 |     5.8227 |
|        1 |         67 |           654.20 |       651.60 |       656.80 |                  5.00 |                    5.00 |    102 |     5.8789 |
|        1 |         68 |           654.20 |       651.60 |       651.60 |                  5.00 |                    5.00 |    102 |     5.9238 |
|        1 |         69 |           654.20 |       651.00 |       651.00 |                  6.66 |                    5.00 |    102 |     5.9658 |
|        1 |         70 |           654.20 |       651.00 |       655.88 |                  5.72 |                    5.00 |    102 |     6.0021 |
|        1 |         71 |           654.20 |       651.00 |       654.35 |                  9.40 |                    5.00 |    102 |     6.0484 |
|        1 |         72 |           654.20 |       651.00 |       664.94 |                  6.39 |                    5.69 |    104 |     6.1175 |
|        1 |         73 |           654.20 |       651.00 |       664.94 |                  5.27 |                    5.00 |    104 |     6.1486 |
|        1 |         74 |           654.20 |       651.00 |       662.83 |                  9.76 |                    5.00 |    105 |     6.1982 |
|        1 |         75 |           654.20 |       651.00 |       662.83 |                  6.86 |                    5.00 |    105 |     6.2305 |
|        1 |         76 |           654.20 |       651.00 |       662.83 |                  5.78 |                    5.00 |    105 |     6.2625 |
|        1 |         77 |           654.20 |       651.00 |       660.80 |                  7.92 |                    5.00 |    105 |     6.3206 |
|        1 |         78 |           654.20 |       651.00 |       663.32 |                  5.00 |                    5.00 |    105 |     6.3952 |
|        1 |         79 |           654.20 |       651.00 |       660.53 |                  5.34 |                    5.00 |    105 |     6.4531 |
|        1 |         80 |           654.20 |       651.00 |       663.14 |                  7.94 |                    5.00 |    106 |     6.4941 |
|        1 |         81 |           654.20 |       651.00 |       674.80 |                  5.00 |                    5.00 |    106 |     6.5371 |
|        1 |         82 |           654.20 |       651.00 |       674.80 |                  5.00 |                    5.00 |    106 |     6.5923 |
|        1 |         83 |           654.20 |       651.00 |       674.80 |                  5.00 |                    5.00 |    106 |     6.6445 |
|        1 |         84 |           654.20 |       651.00 |       704.20 |                  5.00 |                    5.00 |    107 |     6.6935 |
|        1 |         85 |           654.20 |       651.00 |       723.30 |                  5.00 |                    5.00 |    109 |     6.7772 |
|        1 |         86 |           654.20 |       651.00 |       770.40 |                  5.00 |                    5.00 |    112 |     6.8130 |
|        1 |         87 |           654.20 |       651.00 |       720.90 |                  5.00 |                    5.00 |    113 |     6.8768 |
|        1 |         88 |           654.20 |       651.00 |       720.90 |                  5.00 |                    5.00 |    113 |     6.9081 |
|        1 |         89 |           654.20 |       651.00 |       695.10 |                  5.00 |                    5.00 |    115 |     7.0196 |
|        1 |         90 |           654.20 |       651.00 |       695.10 |                  5.00 |                    5.00 |    115 |     7.0660 |
|        1 |         91 |           654.20 |       651.00 |       722.60 |                  5.00 |                    5.00 |    117 |     7.0951 |
|        1 |         92 |           654.20 |       651.00 |       695.90 |                  5.00 |                    5.00 |    117 |     7.1655 |
|        1 |         93 |           654.20 |       651.00 |       685.00 |                  5.00 |                    5.00 |    119 |     7.2354 |
|        1 |         94 |           654.20 |       651.00 |       678.80 |                  5.00 |                    5.00 |    120 |     7.3010 |
|        1 |         95 |           654.20 |       651.00 |       678.80 |                  5.00 |                    5.00 |    120 |     7.3391 |
|        1 |         96 |           654.20 |       651.00 |       670.00 |                  5.00 |                    5.00 |    121 |     7.3997 |
|        1 |          0 |           646.90 |       646.90 |       646.90 |                  5.00 |                    5.00 |    122 |     7.4759 |
|        1 |          0 |           644.00 |       644.00 |       644.00 |                  5.00 |                    5.00 |    123 |     7.5281 |
|        1 |          1 |           644.00 |       644.00 |       644.00 |                  5.00 |                    5.00 |    123 |     7.5650 |
|        1 |          0 |           643.80 |       643.80 |       643.80 |                  5.00 |                    5.00 |    124 |     7.6131 |
|        1 |          1 |           643.80 |       643.80 |       643.80 |                  5.00 |                    5.00 |    124 |     7.6654 |
|        1 |          2 |           643.80 |       643.80 |       647.80 |                  5.00 |                    5.00 |    124 |     7.6960 |
|        1 |          3 |           643.80 |       643.80 |       647.80 |                  5.00 |                    5.00 |    124 |     7.7386 |
|        1 |          4 |           643.80 |       643.80 |       647.80 |                  6.66 |                    5.00 |    124 |     7.7971 |
|        1 |          5 |           643.80 |       643.80 |       664.20 |                  5.00 |                    5.00 |    126 |     7.8482 |
|        1 |          6 |           643.80 |       643.80 |       664.20 |                  5.00 |                    5.00 |    126 |     7.8824 |
|        1 |          7 |           643.80 |       643.80 |       663.60 |                  5.00 |                    5.00 |    128 |     7.9270 |
|        1 |          8 |           643.80 |       643.80 |       646.00 |                  5.00 |                    5.00 |    129 |     7.9819 |
|        1 |          9 |           643.80 |       643.80 |       646.00 |                  5.47 |                    5.00 |    129 |     8.0033 |
|        1 |         10 |           643.80 |       643.80 |       646.00 |                  5.00 |                    5.00 |    129 |     8.0757 |
|        1 |         11 |           643.80 |       643.80 |       646.00 |                  5.00 |                    5.00 |    129 |     8.1537 |
|        1 |         12 |           643.80 |       637.86 |       637.86 |                  5.04 |                    5.00 |    129 |     8.2956 |
|        1 |         13 |           643.80 |       637.86 |       654.30 |                  7.40 |                    5.00 |    129 |     8.4175 |
|        1 |         14 |           643.80 |       637.86 |       680.50 |                  5.00 |                    5.00 |    133 |     8.5888 |
|        1 |         15 |           643.80 |       637.86 |       656.70 |                  5.00 |                    5.00 |    133 |     8.6274 |
|        1 |         16 |           643.80 |       637.86 |       656.70 |                  5.85 |                    5.00 |    133 |     8.6723 |
|        1 |         17 |           643.80 |       637.86 |       651.80 |                  5.13 |                    5.00 |    133 |     8.7560 |
|        1 |         18 |           643.80 |       637.86 |       652.07 |                  8.77 |                    5.00 |    133 |     8.8086 |
|        1 |         19 |           643.80 |       637.86 |       652.07 |                  7.45 |                    5.00 |    133 |     8.8511 |
|        1 |         20 |           643.80 |       637.86 |       652.39 |                  7.18 |                    5.00 |    133 |     8.9356 |
|        1 |         21 |           643.80 |       637.86 |       656.65 |                  6.04 |                    5.00 |    133 |     8.9828 |
|        1 |         22 |           643.80 |       637.86 |       653.48 |                  5.00 |                    5.00 |    133 |     9.0324 |
|        1 |         23 |           643.80 |       637.86 |       652.92 |                  5.96 |                    5.00 |    133 |     9.0950 |
|        1 |         24 |           643.80 |       637.86 |       652.92 |                  7.48 |                    5.00 |    133 |     9.1216 |
|        1 |         25 |           643.80 |       637.86 |       668.50 |                  5.00 |                    5.00 |    133 |     9.1811 |
|        1 |         26 |           643.80 |       637.86 |       691.80 |                  5.00 |                    5.00 |    133 |     9.2440 |
|        1 |         27 |           643.80 |       637.86 |       692.60 |                  5.00 |                    5.00 |    133 |     9.2909 |
|        1 |         28 |           643.80 |       637.86 |       692.60 |                  5.00 |                    5.00 |    133 |     9.3268 |
|        1 |         29 |           643.80 |       637.86 |       692.60 |                  5.00 |                    5.00 |    133 |     9.3487 |
|        1 |         30 |           643.80 |       637.86 |       692.60 |                  5.00 |                    5.00 |    133 |     9.3703 |
|        1 |         31 |           643.80 |       637.86 |       677.30 |                  5.00 |                    5.00 |    133 |     9.4270 |
|        1 |         32 |           643.80 |       637.86 |       665.80 |                  5.00 |                    5.00 |    134 |     9.5163 |
|        1 |         33 |           643.80 |       637.86 |       666.31 |                  5.40 |                    5.00 |    134 |     9.5476 |
|        1 |         34 |           643.80 |       637.86 |       663.80 |                  8.34 |                    5.00 |    136 |     9.6285 |
|        1 |         35 |           643.80 |       637.86 |       667.50 |                  5.00 |                    5.00 |    137 |     9.6653 |
|        1 |         36 |           643.80 |       637.86 |       656.70 |                  5.00 |                    5.00 |    140 |     9.6994 |
|        1 |         37 |           643.80 |       637.86 |       656.40 |                  7.44 |                    5.00 |    140 |     9.7484 |
|        1 |         38 |           643.80 |       637.86 |       657.40 |                  5.00 |                    5.00 |    141 |     9.7864 |
|        1 |         39 |           643.80 |       637.86 |       651.00 |                  5.00 |                    5.00 |    141 |     9.8559 |
|        1 |         40 |           643.80 |       637.86 |       659.80 |                  7.52 |                    5.00 |    141 |     9.8873 |
|        1 |         41 |           643.80 |       637.86 |       651.00 |                  5.00 |                    5.00 |    141 |     9.9436 |
|        1 |         42 |           643.80 |       637.86 |       650.20 |                  5.80 |                    5.00 |    142 |    10.0396 |
|        1 |         43 |           643.80 |       637.86 |       650.20 |                  6.16 |                    5.00 |    142 |    10.0866 |
|        1 |         44 |           643.80 |       637.86 |       650.92 |                  6.08 |                    5.00 |    142 |    10.1336 |
|        1 |         45 |           643.80 |       637.86 |       667.10 |                  5.00 |                    5.00 |    143 |    10.1717 |
|        1 |         46 |           643.80 |       637.86 |       667.10 |                  5.00 |                    5.00 |    143 |    10.2132 |
|        1 |         47 |           643.80 |       637.86 |       679.40 |                  5.00 |                    5.00 |    145 |    10.2653 |
|        1 |         48 |           643.80 |       637.86 |       679.40 |                  5.00 |                    5.00 |    145 |    10.3113 |
|        1 |         49 |           643.80 |       637.86 |       679.40 |                  5.00 |                    5.00 |    145 |    10.3547 |
|        1 |         50 |           643.80 |       637.86 |       662.50 |                  6.94 |                    5.00 |    145 |    10.3940 |
|        1 |         51 |           643.80 |       637.86 |       654.60 |                  7.29 |                    5.00 |    147 |    10.4776 |
|        1 |         52 |           643.80 |       637.86 |       650.20 |                  6.47 |                    5.00 |    147 |    10.5544 |
|        1 |         53 |           643.80 |       637.86 |       650.20 |                  6.22 |                    5.00 |    147 |    10.6004 |
|        1 |         54 |           643.80 |       637.86 |       650.20 |                  5.00 |                    5.00 |    147 |    10.6428 |
|        1 |         55 |           643.80 |       637.86 |       650.20 |                  5.00 |                    5.00 |    147 |    10.6679 |
|        1 |         56 |           643.80 |       637.86 |       650.00 |                  5.00 |                    5.00 |    147 |    10.7303 |
|        1 |         57 |           643.80 |       637.86 |       650.30 |                  5.00 |                    5.00 |    147 |    10.7951 |
|        1 |         58 |           643.80 |       637.86 |       650.00 |                  7.00 |                    5.00 |    147 |    10.8434 |
|        1 |         59 |           643.80 |       637.86 |       667.10 |                  5.00 |                    5.00 |    147 |    10.8891 |
|        1 |         60 |           643.80 |       637.86 |       650.00 |                  7.01 |                    5.00 |    148 |    10.9344 |
|        1 |         61 |           643.80 |       637.86 |       650.00 |                  5.26 |                    5.00 |    148 |    10.9692 |
|        1 |         62 |           643.80 |       637.86 |       650.20 |                  6.34 |                    5.00 |    148 |    11.0087 |
|        1 |         63 |           643.80 |       637.86 |       651.10 |                  6.12 |                    5.00 |    149 |    11.0777 |
|        1 |         64 |           643.80 |       637.86 |       667.40 |                  5.58 |                    5.00 |    150 |    11.1409 |
|        1 |         65 |           643.80 |       637.86 |       666.60 |                  5.00 |                    5.00 |    150 |    11.1758 |
|        1 |         66 |           643.80 |       637.86 |       666.60 |                  7.15 |                    5.00 |    150 |    11.2173 |
|        1 |         67 |           643.80 |       637.86 |       650.30 |                  7.43 |                    5.00 |    150 |    11.2545 |
|        1 |         68 |           643.80 |       637.86 |       650.30 |                  7.18 |                    5.00 |    150 |    11.2998 |
|        1 |         69 |           643.80 |       637.86 |       655.80 |                  7.44 |                    5.00 |    151 |    11.3794 |
|        1 |         70 |           643.80 |       637.86 |       658.00 |                  6.44 |                    5.00 |    152 |    11.4436 |
|        1 |         71 |           643.80 |       637.86 |       658.00 |                  5.00 |                    5.00 |    152 |    11.5056 |
|        1 |         72 |           643.80 |       637.86 |       681.90 |                  7.59 |                    5.00 |    152 |    11.5743 |
|        1 |         73 |           643.80 |       637.86 |       675.40 |                  5.00 |                    5.00 |    153 |    11.6286 |
|        1 |         74 |           643.80 |       637.86 |       656.80 |                  5.00 |                    5.00 |    153 |    11.6801 |
|        1 |         75 |           643.80 |       637.86 |       651.00 |                  5.00 |                    5.00 |    153 |    11.7407 |
|        1 |         76 |           643.80 |       637.86 |       651.00 |                  5.00 |                    5.00 |    153 |    11.7698 |
|        1 |         77 |           643.80 |       637.86 |       650.20 |                  5.00 |                    5.00 |    153 |    11.8190 |
|        1 |         78 |           643.80 |       637.86 |       660.50 |                  5.00 |                    5.00 |    154 |    11.8570 |
|        1 |         79 |           643.80 |       637.86 |       661.30 |                  5.00 |                    5.00 |    154 |    11.9143 |
|        1 |         80 |           643.80 |       637.86 |       654.01 |                  5.08 |                    5.00 |    154 |    11.9913 |
|        1 |         81 |           643.80 |       637.86 |       690.80 |                  5.00 |                    5.00 |    158 |    12.1102 |
|        1 |         82 |           643.80 |       637.86 |       664.40 |                  5.69 |                    5.00 |    162 |    12.2575 |
|        1 |         83 |           643.80 |       637.86 |       664.40 |                  5.00 |                    5.00 |    162 |    12.3084 |
|        1 |         84 |           643.80 |       637.86 |       648.60 |                  5.00 |                    5.00 |    163 |    12.3659 |
|        1 |         85 |           643.80 |       637.86 |       648.60 |                  5.00 |                    5.00 |    163 |    12.4096 |
|        1 |         86 |           643.80 |       637.86 |       663.20 |                  5.00 |                    5.00 |    165 |    12.4683 |
|        1 |         87 |           643.80 |       637.86 |       658.90 |                  5.00 |                    5.00 |    166 |    12.5065 |
|        1 |         88 |           643.80 |       637.86 |       648.60 |                  6.94 |                    5.00 |    166 |    12.5419 |
|        1 |         89 |           643.80 |       637.86 |       648.60 |                  5.00 |                    5.00 |    166 |    12.5787 |
|        1 |         90 |           643.80 |       637.86 |       690.00 |                  5.00 |                    5.00 |    168 |    12.6278 |
|        1 |         91 |           643.80 |       637.86 |       688.80 |                  5.00 |                    5.00 |    170 |    12.6699 |
|        1 |         92 |           643.80 |       637.86 |       660.73 |                  8.80 |                    5.00 |    172 |    12.7614 |
|        1 |         93 |           643.80 |       637.86 |       663.76 |                  9.59 |                    5.00 |    172 |    12.8142 |
|        1 |         94 |           643.80 |       637.86 |       687.10 |                  5.00 |                    5.00 |    173 |    12.8872 |
|        1 |         95 |           643.80 |       637.86 |       683.90 |                  5.00 |                    5.26 |    174 |    12.9690 |
|        1 |         96 |           643.80 |       637.86 |       685.70 |                  5.00 |                    5.00 |    176 |    13.0625 |
|        1 |         97 |           643.80 |       637.86 |       685.70 |                  5.00 |                    5.00 |    176 |    13.1037 |
|        1 |         98 |           643.80 |       637.86 |       685.70 |                  5.00 |                    5.00 |    176 |    13.1338 |
|        1 |         99 |           643.80 |       637.86 |       685.70 |                  5.00 |                    5.00 |    176 |    13.1615 |
|        1 |        100 |           643.80 |       637.86 |       685.70 |                  5.00 |                    5.00 |    176 |    13.2045 |
|        1 |        101 |           643.80 |       637.86 |       677.30 |                  5.00 |                    5.00 |    176 |    13.2573 |
|        1 |        102 |           643.80 |       637.86 |       675.90 |                  5.00 |                    5.26 |    176 |    13.3043 |
|        1 |        103 |           643.80 |       637.86 |       675.90 |                  5.00 |                    5.00 |    176 |    13.3728 |
|        1 |        104 |           643.80 |       637.86 |       699.80 |                  5.00 |                    5.00 |    178 |    13.4374 |
|        1 |        105 |           643.80 |       637.86 |       699.80 |                  5.00 |                    5.00 |    179 |    13.5000 |
|        1 |        106 |           643.80 |       637.86 |       699.80 |                  5.00 |                    5.00 |    179 |    13.5323 |
|        1 |        107 |           643.80 |       637.86 |       674.00 |                  5.00 |                    5.00 |    179 |    13.6147 |
|        1 |        108 |           643.80 |       637.86 |       674.00 |                  5.00 |                    5.00 |    179 |    13.6494 |
|        1 |        109 |           643.80 |       637.86 |       677.20 |                  5.00 |                    5.00 |    180 |    13.6915 |
|        1 |        110 |           643.80 |       637.86 |       677.20 |                  5.00 |                    5.00 |    180 |    13.7294 |
|        1 |        111 |           643.80 |       637.86 |       677.20 |                  5.00 |                    5.00 |    180 |    13.7712 |
|        1 |        112 |           643.80 |       637.86 |       662.70 |                  5.00 |                    5.00 |    180 |    13.8384 |
|        1 |        113 |           643.80 |       637.86 |       662.90 |                  5.00 |                    5.00 |    180 |    13.8792 |
|        1 |        114 |           643.80 |       637.86 |       679.70 |                  5.00 |                    5.00 |    181 |    13.9129 |
|        1 |        115 |           643.80 |       637.86 |       676.50 |                  5.00 |                    5.00 |    182 |    13.9861 |
|        1 |        116 |           643.80 |       637.86 |       651.40 |                  5.00 |                    5.00 |    182 |    14.0729 |
|        1 |        117 |           643.80 |       637.86 |       659.81 |                  5.00 |                    5.00 |    182 |    14.1095 |
|        1 |        118 |           643.80 |       637.86 |       659.40 |                  5.00 |                    5.00 |    182 |    14.1770 |
|        1 |        119 |           643.80 |       637.86 |       651.60 |                  6.35 |                    5.00 |    182 |    14.2235 |
|        1 |        120 |           643.80 |       637.86 |       654.22 |                  8.81 |                    5.00 |    182 |    14.2580 |
|        1 |        121 |           643.80 |       637.86 |       674.00 |                  5.00 |                    5.00 |    182 |    14.3064 |
|        1 |        122 |           643.80 |       637.86 |       674.80 |                  5.00 |                    5.00 |    182 |    14.3601 |
|        1 |        123 |           643.80 |       637.86 |       678.00 |                  5.00 |                    5.00 |    182 |    14.4260 |
|        1 |        124 |           643.80 |       637.86 |       674.00 |                  5.00 |                    5.00 |    182 |    14.4932 |
|        1 |        125 |           643.80 |       637.86 |       685.60 |                  5.00 |                    5.00 |    182 |    14.5411 |
|        1 |        126 |           643.80 |       637.86 |       674.00 |                  5.00 |                    5.00 |    182 |    14.6078 |
|        1 |        127 |           643.80 |       637.86 |       674.00 |                  5.00 |                    5.00 |    182 |    14.6525 |
|        1 |        128 |           643.80 |       637.86 |       674.00 |                  5.00 |                    5.00 |    182 |    14.6755 |
|        1 |        129 |           643.80 |       637.86 |       691.80 |                  5.00 |                    5.00 |    182 |    14.7135 |
|        1 |        130 |           643.80 |       637.86 |       691.80 |                  5.00 |                    5.00 |    182 |    14.7416 |
|        1 |        131 |           643.80 |       637.86 |       691.80 |                  5.00 |                    5.00 |    182 |    14.8378 |
|        1 |        132 |           643.80 |       637.86 |       691.80 |                  5.00 |                    5.00 |    182 |    14.8750 |
|        1 |        133 |           643.80 |       637.86 |       691.80 |                  5.00 |                    5.00 |    182 |    14.9196 |
|        1 |        134 |           643.80 |       637.86 |       697.00 |                  5.00 |                    5.00 |    183 |    14.9656 |
|        1 |        135 |           643.80 |       637.86 |       700.00 |                  5.00 |                    5.00 |    184 |    15.0305 |
|        1 |        136 |           643.80 |       637.86 |       674.00 |                  5.00 |                    5.00 |    184 |    15.1344 |
|        1 |        137 |           643.80 |       637.86 |       643.80 |                  5.00 |                    5.00 |    184 |    15.2188 |
|        1 |        138 |           643.80 |       637.86 |       643.80 |                  5.00 |                    5.00 |    184 |    15.2693 |
|        1 |        139 |           643.80 |       637.86 |       643.80 |                  5.00 |                    5.00 |    184 |    15.3253 |
|        1 |        140 |           643.80 |       637.86 |       643.80 |                  5.00 |                    5.00 |    184 |    15.3577 |
|        1 |        141 |           643.80 |       637.86 |       643.80 |                  5.00 |                    5.00 |    184 |    15.3983 |
|        1 |        142 |           643.80 |       637.86 |       643.80 |                  5.00 |                    5.00 |    184 |    15.4411 |
|        1 |        143 |           643.80 |       637.86 |       643.80 |                  5.00 |                    5.00 |    184 |    15.4813 |
|        1 |        144 |           643.80 |       637.86 |       643.80 |                  5.00 |                    5.00 |    184 |    15.5244 |
|        1 |        145 |           643.80 |       637.86 |       645.50 |                  5.00 |                    5.00 |    185 |    15.5603 |
|        1 |        146 |           643.80 |       637.86 |       643.80 |                  5.00 |                    5.00 |    185 |    15.6522 |
|        1 |        147 |           643.80 |       637.86 |       643.80 |                  5.00 |                    5.00 |    185 |    15.6931 |
|        1 |        148 |           643.80 |       637.86 |       650.30 |                  5.00 |                    5.00 |    186 |    15.7589 |
|        1 |        149 |           643.80 |       637.86 |       650.30 |                  5.26 |                    5.00 |    186 |    15.8042 |
|        1 |        150 |           643.80 |       637.86 |       668.10 |                  5.00 |                    5.00 |    186 |    15.8368 |
|        1 |        151 |           643.80 |       637.86 |       668.10 |                  5.00 |                    5.00 |    186 |    15.8982 |
|        1 |        152 |           643.80 |       637.86 |       664.60 |                  5.00 |                    5.00 |    188 |    15.9801 |
|        1 |        153 |           643.80 |       637.86 |       667.40 |                  5.00 |                    5.00 |    189 |    16.0246 |
|        1 |        154 |           643.80 |       637.86 |       667.40 |                  5.00 |                    5.00 |    189 |    16.0504 |
|        1 |        155 |           643.80 |       637.86 |       646.90 |                  6.41 |                    5.00 |    191 |    16.0849 |
|        1 |        156 |           643.80 |       637.86 |       643.36 |                  9.62 |                    5.00 |    191 |    16.1328 |
|        1 |        157 |           643.80 |       637.86 |       652.10 |                 10.40 |                    5.00 |    191 |    16.1711 |
|        1 |        158 |           643.80 |       637.86 |       653.94 |                  7.21 |                    5.00 |    193 |    16.2380 |
|        1 |        159 |           643.80 |       637.86 |       640.25 |                  6.12 |                    5.00 |    195 |    16.3064 |
|        1 |        160 |           643.80 |       634.41 |       634.41 |                  5.00 |                    5.00 |    195 |    16.3727 |
|        1 |        161 |           643.80 |       632.50 |       632.50 |                  5.00 |                    5.00 |    195 |    16.4232 |
|        1 |          0 |           632.10 |       632.10 |       632.10 |                  5.00 |                    5.00 |    196 |    16.4841 |
|        1 |          1 |           632.10 |       632.10 |       632.10 |                  5.00 |                    5.00 |    196 |    16.5296 |
|        1 |          2 |           632.10 |       632.10 |       632.30 |                  5.30 |                    5.00 |    197 |    16.5910 |
|        1 |          3 |           632.10 |       632.10 |       632.30 |                  5.00 |                    5.00 |    197 |    16.6273 |
|        1 |          4 |           632.10 |       632.10 |       632.30 |                  5.00 |                    5.00 |    197 |    16.6621 |
|        1 |          5 |           632.10 |       632.10 |       632.30 |                  5.00 |                    5.00 |    197 |    16.6948 |
|        1 |          6 |           632.10 |       632.10 |       632.30 |                  5.00 |                    5.00 |    197 |    16.7454 |
|        1 |          7 |           632.10 |       632.10 |       656.00 |                  5.00 |                    5.00 |    197 |    16.8256 |
|        1 |          8 |           632.10 |       632.10 |       656.00 |                  5.00 |                    5.00 |    197 |    16.8636 |
|        1 |          9 |           632.10 |       632.10 |       656.00 |                  5.00 |                    5.00 |    197 |    16.9111 |
|        1 |         10 |           632.10 |       632.10 |       659.00 |                  5.00 |                    5.00 |    197 |    16.9540 |
|        1 |         11 |           632.10 |       632.10 |       659.00 |                  5.00 |                    5.00 |    197 |    16.9979 |
|        1 |         12 |           632.10 |       632.10 |       685.30 |                  5.00 |                    5.00 |    199 |    17.0339 |
|        1 |         13 |           632.10 |       632.10 |       685.30 |                  5.00 |                    5.00 |    199 |    17.0617 |
|        1 |         14 |           632.10 |       632.10 |       649.90 |                  5.00 |                    5.00 |    199 |    17.1113 |
|        1 |         15 |           632.10 |       632.10 |       649.90 |                  5.00 |                    5.00 |    199 |    17.1474 |
|        1 |         16 |           632.10 |       632.10 |       632.10 |                  5.00 |                    5.00 |    199 |    17.1919 |
|        1 |         17 |           632.10 |       632.10 |       632.10 |                  5.00 |                    5.00 |    199 |    17.2421 |
|        1 |         18 |           632.10 |       626.22 |       626.22 |                  7.98 |                    5.00 |    200 |    17.3097 |
|        1 |         19 |           632.10 |       626.22 |       632.30 |                  5.00 |                    5.00 |    200 |    17.3694 |
|        1 |         20 |           632.10 |       626.22 |       632.30 |                  5.00 |                    5.00 |    200 |    17.4249 |
|        1 |         21 |           632.10 |       626.22 |       656.20 |                  5.00 |                    5.00 |    200 |    17.4756 |
|        1 |         22 |           632.10 |       626.22 |       656.20 |                  5.00 |                    5.00 |    200 |    17.5108 |
|        1 |         23 |           632.10 |       626.22 |       656.20 |                  5.00 |                    5.00 |    200 |    17.5443 |
|        1 |         24 |           632.10 |       626.22 |       651.70 |                  5.00 |                    5.00 |    200 |    17.5979 |
|        1 |         25 |           632.10 |       626.22 |       635.00 |                  5.00 |                    5.00 |    201 |    17.6454 |
|        1 |         26 |           632.10 |       626.22 |       635.00 |                  5.00 |                    5.00 |    201 |    17.6794 |
|        1 |         27 |           632.10 |       626.22 |       635.00 |                  5.00 |                    5.00 |    201 |    17.7210 |
|        1 |         28 |           632.10 |       624.30 |       624.30 |                  5.00 |                    5.00 |    201 |    17.8004 |
|        1 |         29 |           632.10 |       624.30 |       625.01 |                  5.00 |                    5.00 |    203 |    17.8527 |
|        1 |         30 |           632.10 |       624.30 |       624.30 |                  7.74 |                    5.00 |    203 |    17.9073 |
|        1 |         31 |           632.10 |       624.30 |       624.30 |                 10.75 |                    5.00 |    203 |    17.9320 |
|        1 |          0 |           629.50 |       624.30 |       629.50 |                  5.65 |                    5.00 |    203 |    17.9887 |
|        1 |          1 |           629.50 |       624.30 |       628.72 |                  5.14 |                    5.00 |    203 |    18.0361 |
|        1 |          2 |           629.50 |       624.30 |       630.07 |                  8.12 |                    5.00 |    205 |    18.0682 |
|        1 |          3 |           629.50 |       624.30 |       630.54 |                  5.00 |                    5.00 |    205 |    18.1392 |
|        1 |          4 |           629.50 |       624.30 |       625.91 |                  6.87 |                    5.00 |    205 |    18.1742 |
|        1 |          5 |           629.50 |       624.30 |       626.98 |                  8.70 |                    5.00 |    205 |    18.2228 |
|        1 |          6 |           629.50 |       624.30 |       626.98 |                 10.82 |                    5.00 |    205 |    18.2474 |
|        1 |          7 |           629.50 |       624.30 |       634.20 |                 10.88 |                    5.00 |    205 |    18.3130 |
|        1 |          8 |           629.50 |       624.30 |       635.47 |                  9.71 |                    5.00 |    205 |    18.3660 |
|        1 |          9 |           629.50 |       624.30 |       642.50 |                  5.00 |                    5.00 |    205 |    18.4199 |
|        1 |         10 |           629.50 |       624.30 |       642.50 |                  5.00 |                    5.00 |    205 |    18.4492 |
|        1 |         11 |           629.50 |       624.30 |       625.40 |                  5.73 |                    5.00 |    205 |    18.5051 |
|        1 |         12 |           629.50 |       624.30 |       625.40 |                  6.51 |                    5.00 |    205 |    18.5440 |
|        1 |         13 |           629.50 |       624.30 |       625.40 |                  9.12 |                    5.00 |    205 |    18.5754 |
|        1 |         14 |           629.50 |       624.30 |       634.58 |                 11.11 |                    5.00 |    205 |    18.6137 |
|        1 |         15 |           629.50 |       624.30 |       630.60 |                  7.12 |                    5.26 |    206 |    18.6876 |
|        1 |         16 |           629.50 |       624.30 |       636.53 |                  5.36 |                    5.00 |    206 |    18.7270 |
|        1 |         17 |           629.50 |       624.30 |       634.67 |                  9.74 |                    5.00 |    206 |    18.7686 |
|        1 |         18 |           629.50 |       624.30 |       665.10 |                  5.00 |                    5.00 |    209 |    18.8348 |
|        1 |         19 |           629.50 |       624.30 |       648.20 |                  5.00 |                    5.00 |    212 |    18.9085 |
|        1 |         20 |           629.50 |       624.30 |       671.60 |                  5.00 |                    5.00 |    214 |    18.9784 |
|        1 |         21 |           629.50 |       624.30 |       671.60 |                  5.00 |                    5.00 |    214 |    19.0099 |
|        1 |         22 |           629.50 |       624.30 |       643.10 |                  5.00 |                    5.00 |    215 |    19.1310 |
|        1 |         23 |           629.50 |       624.30 |       643.10 |                  5.00 |                    5.00 |    215 |    19.1644 |
|        1 |         24 |           629.50 |       624.30 |       636.15 |                  5.84 |                    5.00 |    216 |    19.2522 |
|        1 |         25 |           629.50 |       624.30 |       635.12 |                  5.00 |                    5.00 |    216 |    19.2931 |
|        1 |         26 |           629.50 |       624.30 |       647.83 |                  5.00 |                    5.00 |    218 |    19.3585 |
|        1 |         27 |           629.50 |       624.30 |       647.21 |                  6.02 |                    5.00 |    218 |    19.4094 |
|        1 |         28 |           629.50 |       624.30 |       655.70 |                  5.00 |                    5.00 |    221 |    19.4693 |
|        1 |         29 |           629.50 |       624.30 |       650.80 |                  5.46 |                    5.00 |    222 |    19.5113 |
|        1 |         30 |           629.50 |       624.30 |       651.82 |                  5.28 |                    5.00 |    222 |    19.5392 |
|        1 |         31 |           629.50 |       624.30 |       652.20 |                  5.41 |                    5.26 |    224 |    19.5886 |
|        1 |         32 |           629.50 |       624.30 |       644.00 |                  5.00 |                    5.00 |    226 |    19.6504 |
|        1 |         33 |           629.50 |       624.30 |       642.30 |                  5.00 |                    5.00 |    229 |    19.7073 |
|        1 |         34 |           629.50 |       624.30 |       642.30 |                  5.00 |                    5.00 |    229 |    19.7482 |
|        1 |         35 |           629.50 |       624.30 |       642.30 |                  5.00 |                    5.00 |    229 |    19.7793 |
|        1 |         36 |           629.50 |       624.30 |       642.30 |                  5.00 |                    5.00 |    229 |    19.8354 |
|        1 |         37 |           629.50 |       624.30 |       642.30 |                  5.00 |                    5.00 |    229 |    19.8547 |
|        1 |         38 |           629.50 |       624.30 |       642.30 |                  5.00 |                    5.00 |    229 |    19.9140 |
|        1 |         39 |           629.50 |       624.30 |       642.30 |                  5.00 |                    5.00 |    229 |    19.9436 |
|        1 |         40 |           629.50 |       624.30 |       643.90 |                  5.00 |                    5.00 |    231 |    19.9847 |
------------------------------------------------------------------------------------------------------------------------------------------------
|  Restart |  Iteration |  Best Feas. Cost |    Best Cost |   Curr. Cost |   Penalty Custom Res. |   Penalty Standard Res. |   Pool |   Time (s) |
------------------------------------------------------------------------------------------------------------------------------------------------
|        1 |         41 |           629.50 |       624.30 |       643.90 |                  5.00 |                    5.00 |    231 |    20.0283 |
|        1 |         42 |           629.50 |       624.30 |       643.90 |                  5.00 |                    5.00 |    231 |    20.0671 |
|        1 |         43 |           629.50 |       624.30 |       670.30 |                  5.00 |                    5.00 |    233 |    20.1136 |
|        1 |         44 |           629.50 |       624.30 |       641.10 |                  5.00 |                    5.00 |    234 |    20.1913 |
|        1 |         45 |           629.50 |       624.30 |       641.10 |                  5.00 |                    5.00 |    234 |    20.2209 |
|        1 |         46 |           629.50 |       624.30 |       641.10 |                  5.00 |                    5.00 |    234 |    20.2470 |
|        1 |         47 |           629.50 |       624.30 |       641.10 |                  5.00 |                    5.00 |    234 |    20.2969 |
|        1 |         48 |           629.50 |       624.30 |       646.90 |                  5.00 |                    5.00 |    235 |    20.3314 |
|        1 |         49 |           629.50 |       624.30 |       634.40 |                  5.00 |                    5.26 |    237 |    20.4223 |
|        1 |         50 |           629.50 |       624.30 |       641.90 |                  5.00 |                    5.00 |    239 |    20.4528 |
|        1 |         51 |           629.50 |       624.30 |       647.10 |                  5.00 |                    5.00 |    242 |    20.5075 |
|        1 |         52 |           629.50 |       624.30 |       635.90 |                  5.00 |                    5.00 |    242 |    20.5867 |
|        1 |         53 |           629.50 |       624.30 |       635.90 |                  5.00 |                    5.00 |    242 |    20.6055 |
|        1 |         54 |           629.50 |       624.30 |       635.90 |                  5.00 |                    5.00 |    242 |    20.6319 |
|        1 |         55 |           629.50 |       624.30 |       652.50 |                  5.00 |                    5.00 |    243 |    20.6943 |
|        1 |         56 |           629.50 |       624.30 |       638.90 |                  5.00 |                    5.00 |    244 |    20.7730 |
|        1 |         57 |           629.50 |       624.30 |       639.10 |                  5.00 |                    5.00 |    245 |    20.8254 |
|        1 |         58 |           629.50 |       624.30 |       656.90 |                  7.08 |                    5.41 |    245 |    20.8659 |
|        1 |         59 |           629.50 |       624.30 |       642.80 |                  5.00 |                    5.00 |    245 |    20.9396 |
|        1 |         60 |           629.50 |       624.30 |       639.90 |                  5.00 |                    5.00 |    245 |    20.9745 |
|        1 |         61 |           629.50 |       624.30 |       639.90 |                  5.00 |                    5.00 |    245 |    21.0118 |
|        1 |         62 |           629.50 |       624.30 |       639.90 |                  5.00 |                    5.00 |    245 |    21.0553 |
|        1 |         63 |           629.50 |       624.30 |       638.90 |                  5.00 |                    5.63 |    246 |    21.1037 |
|        1 |         64 |           629.50 |       624.30 |       638.90 |                  5.00 |                    5.00 |    246 |    21.1393 |
|        1 |         65 |           629.50 |       624.30 |       638.90 |                  5.00 |                    5.00 |    246 |    21.1750 |
|        1 |         66 |           629.50 |       624.30 |       638.90 |                  5.00 |                    5.00 |    246 |    21.2047 |
|        1 |         67 |           629.50 |       624.30 |       638.90 |                  5.00 |                    5.00 |    246 |    21.2616 |
|        1 |         68 |           629.50 |       624.30 |       638.90 |                  5.00 |                    5.00 |    246 |    21.2960 |
|        1 |         69 |           629.50 |       624.30 |       638.90 |                  5.00 |                    5.00 |    246 |    21.3182 |
|        1 |         70 |           629.50 |       624.30 |       639.10 |                  5.00 |                    5.00 |    246 |    21.3601 |
|        1 |         71 |           629.50 |       624.30 |       662.90 |                  5.00 |                    5.00 |    246 |    21.4047 |
|        1 |         72 |           629.50 |       624.30 |       662.90 |                  5.00 |                    5.00 |    246 |    21.4628 |
|        1 |         73 |           629.50 |       624.30 |       662.70 |                  5.00 |                    5.00 |    246 |    21.5196 |
|        1 |         74 |           629.50 |       624.30 |       662.90 |                  5.00 |                    5.00 |    246 |    21.5982 |
|        1 |         75 |           629.50 |       624.30 |       662.90 |                  5.00 |                    5.00 |    246 |    21.6580 |
|        1 |         76 |           629.50 |       624.30 |       662.90 |                  5.00 |                    5.00 |    246 |    21.6970 |
|        1 |         77 |           629.50 |       624.30 |       662.90 |                  6.16 |                    5.00 |    246 |    21.7413 |
|        1 |         78 |           629.50 |       624.30 |       662.90 |                  5.00 |                    5.00 |    246 |    21.7880 |
|        1 |         79 |           629.50 |       624.30 |       662.90 |                  5.00 |                    5.00 |    246 |    21.8384 |
|        1 |         80 |           629.50 |       624.30 |       662.90 |                  5.00 |                    5.00 |    246 |    21.8968 |
|        1 |         81 |           629.50 |       624.30 |       662.90 |                  5.00 |                    5.00 |    246 |    21.9421 |
|        1 |         82 |           629.50 |       624.30 |       662.70 |                  5.00 |                    5.00 |    246 |    22.0103 |
|        1 |         83 |           629.50 |       624.30 |       662.70 |                  5.00 |                    5.00 |    246 |    22.0567 |
|        1 |         84 |           629.50 |       624.30 |       662.70 |                  5.00 |                    5.00 |    246 |    22.0968 |
|        1 |         85 |           629.50 |       624.30 |       662.70 |                  5.98 |                    5.00 |    246 |    22.1234 |
|        1 |         86 |           629.50 |       624.30 |       662.70 |                  5.00 |                    5.00 |    246 |    22.1598 |
|        1 |         87 |           629.50 |       624.30 |       670.10 |                  5.00 |                    5.00 |    247 |    22.1971 |
|        1 |         88 |           629.50 |       624.30 |       692.50 |                  5.00 |                    5.00 |    247 |    22.2500 |
|        1 |         89 |           629.50 |       624.30 |       702.30 |                  5.00 |                    5.00 |    249 |    22.3395 |
|        1 |         90 |           629.50 |       624.30 |       701.50 |                  5.00 |                    5.00 |    251 |    22.3976 |
|        1 |         91 |           629.50 |       624.30 |       730.00 |                  5.00 |                    5.00 |    254 |    22.4541 |
|        1 |         92 |           629.50 |       624.30 |       663.90 |                  5.00 |                    5.00 |    255 |    22.6050 |
|        1 |         93 |           629.50 |       624.30 |       663.90 |                  5.00 |                    5.00 |    255 |    22.6368 |
|        1 |         94 |           629.50 |       624.30 |       663.10 |                  5.00 |                    5.00 |    256 |    22.6708 |
|        1 |         95 |           629.50 |       624.30 |       663.10 |                  5.00 |                    5.00 |    256 |    22.7104 |
|        1 |         96 |           629.50 |       624.30 |       663.10 |                  5.00 |                    5.00 |    256 |    22.7690 |
|        1 |         97 |           629.50 |       624.30 |       663.10 |                  5.00 |                    5.00 |    256 |    22.8097 |
|        1 |         98 |           629.50 |       624.30 |       663.10 |                  5.00 |                    5.00 |    256 |    22.8522 |
|        1 |         99 |           629.50 |       624.30 |       663.10 |                  5.00 |                    5.00 |    256 |    22.8989 |
|        1 |        100 |           629.50 |       624.30 |       663.10 |                  5.00 |                    5.00 |    256 |    22.9386 |
|        1 |        101 |           629.50 |       624.30 |       646.00 |                  8.06 |                    5.00 |    256 |    22.9739 |
|        1 |        102 |           629.50 |       624.30 |       651.49 |                 10.86 |                    5.00 |    256 |    23.0060 |
|        1 |        103 |           629.50 |       624.30 |       657.07 |                  6.90 |                    5.00 |    256 |    23.0560 |
|        1 |        104 |           629.50 |       624.30 |       649.79 |                  5.00 |                    5.00 |    256 |    23.0905 |
|        1 |        105 |           629.50 |       624.30 |       646.00 |                  5.26 |                    5.00 |    256 |    23.1455 |
|        1 |        106 |           629.50 |       624.30 |       646.19 |                  8.30 |                    5.00 |    256 |    23.1849 |
|        1 |        107 |           629.50 |       624.30 |       654.07 |                  7.57 |                    5.00 |    257 |    23.2232 |
|        1 |        108 |           629.50 |       624.30 |       650.08 |                  5.00 |                    5.00 |    257 |    23.2749 |
|        1 |        109 |           629.50 |       624.30 |       646.80 |                  5.00 |                    5.00 |    257 |    23.3055 |
|        1 |        110 |           629.50 |       624.30 |       657.09 |                  5.00 |                    5.00 |    259 |    23.3527 |
|        1 |        111 |           629.50 |       624.30 |       648.88 |                  7.73 |                    5.00 |    259 |    23.4047 |
|        1 |        112 |           629.50 |       624.30 |       652.87 |                  9.70 |                    5.00 |    259 |    23.4539 |
|        1 |        113 |           629.50 |       624.30 |       652.87 |                  8.42 |                    5.00 |    259 |    23.4777 |
|        1 |        114 |           629.50 |       624.30 |       650.80 |                  5.00 |                    5.00 |    260 |    23.5331 |
|        1 |        115 |           629.50 |       624.30 |       650.80 |                  5.00 |                    5.74 |    260 |    23.5536 |
|        1 |        116 |           629.50 |       624.30 |       650.80 |                  5.00 |                    5.00 |    260 |    23.5900 |
|        1 |        117 |           629.50 |       624.30 |       650.10 |                  5.00 |                    6.09 |    260 |    23.6211 |
|        1 |        118 |           629.50 |       624.30 |       664.30 |                  5.00 |                    5.00 |    261 |    23.6737 |
|        1 |        119 |           629.50 |       624.30 |       650.73 |                 11.18 |                    5.00 |    261 |    23.7512 |
|        1 |        120 |           629.50 |       624.30 |       651.80 |                  8.67 |                    5.00 |    261 |    23.8205 |
|        1 |        121 |           629.50 |       624.30 |       651.80 |                  5.24 |                    5.00 |    261 |    23.8511 |
|        1 |        122 |           629.50 |       624.30 |       647.91 |                  5.00 |                    5.00 |    261 |    23.8932 |
|        1 |        123 |           629.50 |       624.30 |       648.32 |                  5.00 |                    5.00 |    263 |    23.9596 |
|        1 |        124 |           629.50 |       624.30 |       655.50 |                  9.08 |                    5.00 |    265 |    24.0178 |
|        1 |        125 |           629.50 |       624.30 |       661.13 |                  5.11 |                    5.00 |    265 |    24.0637 |
|        1 |        126 |           629.50 |       624.30 |       653.77 |                  8.58 |                    5.00 |    265 |    24.1043 |
|        1 |        127 |           629.50 |       624.30 |       653.77 |                  8.47 |                    5.00 |    265 |    24.1431 |
|        1 |        128 |           629.50 |       624.30 |       657.20 |                 11.06 |                    5.00 |    267 |    24.2000 |
|        1 |        129 |           629.50 |       624.30 |       662.00 |                  6.05 |                    5.00 |    267 |    24.2492 |
|        1 |        130 |           629.50 |       624.30 |       653.50 |                  5.00 |                    5.00 |    267 |    24.2939 |
|        1 |        131 |           629.50 |       624.30 |       674.60 |                  5.00 |                    5.00 |    267 |    24.3583 |
|        1 |        132 |           629.50 |       624.30 |       674.60 |                  5.00 |                    5.86 |    267 |    24.3929 |
|        1 |        133 |           629.50 |       624.30 |       674.60 |                  5.00 |                    5.00 |    267 |    24.4445 |
|        1 |        134 |           629.50 |       624.30 |       674.60 |                  5.00 |                    5.00 |    267 |    24.4752 |
|        1 |        135 |           629.50 |       624.30 |       674.60 |                  5.00 |                    5.00 |    267 |    24.5136 |
|        1 |        136 |           629.50 |       624.30 |       674.60 |                  5.00 |                    5.00 |    267 |    24.5412 |
|        1 |        137 |           629.50 |       624.30 |       688.50 |                  5.00 |                    5.00 |    269 |    24.6255 |
|        1 |        138 |           629.50 |       624.30 |       675.30 |                  5.00 |                    5.00 |    270 |    24.7005 |
|        1 |        139 |           629.50 |       624.30 |       675.30 |                  5.00 |                    5.00 |    270 |    24.7435 |
|        1 |        140 |           629.50 |       624.30 |       674.50 |                  5.00 |                    5.00 |    271 |    24.7900 |
|        1 |        141 |           629.50 |       624.30 |       674.50 |                  5.00 |                    5.00 |    271 |    24.8269 |
|        1 |        142 |           629.50 |       624.30 |       674.50 |                  5.00 |                    5.00 |    271 |    24.8633 |
|        1 |        143 |           629.50 |       624.30 |       682.80 |                  5.80 |                    5.00 |    273 |    24.9300 |
|        1 |        144 |           629.50 |       624.30 |       674.50 |                  5.79 |                    5.00 |    273 |    25.0515 |
|        1 |        145 |           629.50 |       624.30 |       705.20 |                  5.00 |                    5.00 |    274 |    25.0971 |
|        1 |        146 |           629.50 |       624.30 |       701.20 |                  5.00 |                    5.00 |    275 |    25.2059 |
|        1 |        147 |           629.50 |       624.30 |       700.40 |                  5.00 |                    5.00 |    276 |    25.2644 |
|        1 |        148 |           629.50 |       624.30 |       673.50 |                  5.00 |                    5.00 |    277 |    25.4307 |
|        1 |        149 |           629.50 |       624.30 |       673.50 |                  5.00 |                    6.04 |    277 |    25.4943 |
|        1 |        150 |           629.50 |       624.30 |       662.90 |                  5.00 |                    5.00 |    280 |    25.6046 |
|        1 |        151 |           629.50 |       624.30 |       662.90 |                  5.00 |                    5.00 |    280 |    25.6440 |
|        1 |        152 |           629.50 |       624.30 |       673.50 |                  5.00 |                    5.00 |    280 |    25.6924 |
|        1 |        153 |           629.50 |       624.30 |       663.10 |                  5.00 |                    5.00 |    281 |    25.8022 |
|        1 |        154 |           629.50 |       624.30 |       663.10 |                  5.00 |                    5.00 |    281 |    25.8433 |
|        1 |        155 |           629.50 |       624.30 |       663.90 |                  5.00 |                    5.00 |    282 |    25.8842 |
|        1 |        156 |           629.50 |       624.30 |       668.60 |                  5.00 |                    5.00 |    283 |    25.9148 |
|        1 |        157 |           629.50 |       624.30 |       664.50 |                  5.00 |                    5.00 |    283 |    25.9736 |
|        1 |        158 |           629.50 |       624.30 |       690.00 |                  5.00 |                    5.00 |    286 |    26.0527 |
|        1 |        159 |           629.50 |       624.30 |       690.00 |                  5.00 |                    5.00 |    286 |    26.0911 |
|        1 |        160 |           629.50 |       624.30 |       672.40 |                  5.00 |                    5.00 |    288 |    26.1788 |
|        1 |        161 |           629.50 |       624.30 |       672.40 |                  5.00 |                    5.00 |    288 |    26.2181 |
|        1 |        162 |           629.50 |       624.30 |       672.90 |                  5.52 |                    5.00 |    289 |    26.2741 |
|        1 |        163 |           629.50 |       624.30 |       672.10 |                  5.00 |                    5.00 |    291 |    26.3308 |
|        1 |        164 |           629.50 |       624.30 |       697.40 |                  5.00 |                    5.00 |    292 |    26.3838 |
|        1 |        165 |           629.50 |       624.30 |       700.10 |                  5.00 |                    5.00 |    295 |    26.4352 |
|        1 |        166 |           629.50 |       624.30 |       692.40 |                  5.00 |                    5.00 |    297 |    26.5173 |
|        1 |        167 |           629.50 |       624.30 |       725.80 |                  5.00 |                    5.00 |    298 |    26.5617 |
|        1 |        168 |           629.50 |       624.30 |       723.30 |                  5.00 |                    5.00 |    299 |    26.6051 |
|        1 |        169 |           629.50 |       624.30 |       699.90 |                  5.00 |                    5.00 |    301 |    26.7143 |
|        1 |        170 |           629.50 |       624.30 |       679.50 |                  5.00 |                    5.00 |    302 |    26.7805 |
|        1 |        171 |           629.50 |       624.30 |       659.60 |                  5.00 |                    5.00 |    303 |    26.8892 |
|        1 |        172 |           629.50 |       624.30 |       658.80 |                  5.00 |                    5.00 |    304 |    26.9469 |
|        1 |        173 |           629.50 |       624.30 |       658.80 |                  5.00 |                    5.00 |    304 |    26.9844 |
|        1 |        174 |           629.50 |       624.30 |       659.60 |                  5.00 |                    5.00 |    304 |    27.0200 |
|        1 |        175 |           629.50 |       624.30 |       659.60 |                  5.00 |                    5.00 |    304 |    27.0582 |
|        1 |        176 |           629.50 |       624.30 |       659.60 |                  5.00 |                    5.00 |    305 |    27.1056 |
|        1 |        177 |           629.50 |       624.30 |       654.80 |                  5.00 |                    5.00 |    305 |    27.1967 |
|        1 |        178 |           629.50 |       624.30 |       655.71 |                  5.00 |                    5.00 |    307 |    27.2351 |
|        1 |        179 |           629.50 |       624.30 |       655.80 |                  8.22 |                    5.00 |    307 |    27.2780 |
|        1 |        180 |           629.50 |       624.30 |       660.20 |                  5.08 |                    5.00 |    308 |    27.3143 |
|        1 |        181 |           629.50 |       624.30 |       660.20 |                  5.00 |                    5.00 |    308 |    27.3573 |
|        1 |        182 |           629.50 |       624.30 |       662.60 |                  5.00 |                    5.00 |    309 |    27.4339 |
|        1 |        183 |           629.50 |       624.30 |       659.40 |                  5.00 |                    5.00 |    309 |    27.4788 |
|        1 |        184 |           629.50 |       624.30 |       660.20 |                  5.00 |                    5.00 |    310 |    27.5145 |
|        1 |        185 |           629.50 |       624.30 |       659.60 |                  5.00 |                    5.00 |    310 |    27.5740 |
|        1 |        186 |           629.50 |       624.30 |       659.60 |                  5.80 |                    5.00 |    310 |    27.6062 |
|        1 |        187 |           629.50 |       624.30 |       659.60 |                  5.00 |                    5.00 |    310 |    27.6328 |
|        1 |        188 |           629.50 |       624.30 |       683.50 |                  5.00 |                    5.00 |    311 |    27.6832 |
|        1 |        189 |           629.50 |       624.30 |       683.50 |                  5.00 |                    5.00 |    311 |    27.7120 |
|        1 |        190 |           629.50 |       624.30 |       683.50 |                  5.00 |                    5.00 |    311 |    27.7447 |
|        1 |        191 |           629.50 |       624.30 |       683.50 |                  5.00 |                    5.00 |    311 |    27.7774 |
|        1 |        192 |           629.50 |       624.30 |       641.00 |                  5.00 |                    5.00 |    312 |    27.9136 |
|        1 |        193 |           629.50 |       624.30 |       659.40 |                  5.00 |                    5.00 |    313 |    27.9643 |
|        1 |        194 |           629.50 |       624.30 |       659.70 |                  5.00 |                    5.00 |    315 |    28.0237 |
|        1 |        195 |           629.50 |       624.30 |       659.70 |                  5.00 |                    5.00 |    315 |    28.0630 |
|        1 |        196 |           629.50 |       624.30 |       659.70 |                  5.00 |                    5.00 |    315 |    28.0936 |
|        1 |        197 |           629.50 |       624.30 |       659.70 |                  5.00 |                    5.00 |    315 |    28.1325 |
|        1 |        198 |           629.50 |       624.30 |       663.10 |                  5.00 |                    5.00 |    316 |    28.1792 |
|        1 |        199 |           629.50 |       624.30 |       663.10 |                  5.00 |                    5.00 |    316 |    28.2282 |
|        1 |        200 |           629.50 |       624.30 |       654.80 |                  5.00 |                    5.00 |    317 |    28.2994 |
|        1 |        201 |           629.50 |       624.30 |       655.30 |                  5.00 |                    5.00 |    318 |    28.3359 |
|        1 |        202 |           629.50 |       624.30 |       655.30 |                  5.00 |                    5.00 |    318 |    28.3687 |
|        1 |        203 |           629.50 |       624.30 |       655.30 |                  5.00 |                    5.00 |    318 |    28.4093 |
|        1 |        204 |           629.50 |       624.30 |       655.30 |                  5.00 |                    5.00 |    318 |    28.4316 |
|        1 |        205 |           629.50 |       624.30 |       655.30 |                  5.00 |                    5.00 |    318 |    28.4628 |
|        1 |        206 |           629.50 |       624.30 |       635.90 |                  5.00 |                    5.00 |    318 |    28.5300 |
|        1 |        207 |           629.50 |       624.30 |       635.90 |                  5.00 |                    5.00 |    318 |    28.5554 |
|        1 |        208 |           629.50 |       624.30 |       635.90 |                  5.00 |                    5.00 |    318 |    28.5906 |
|        1 |        209 |           629.50 |       624.30 |       635.90 |                  5.00 |                    5.00 |    318 |    28.6348 |
|        1 |        210 |           629.50 |       624.30 |       660.30 |                  5.00 |                    5.00 |    320 |    28.6980 |
|        1 |        211 |           629.50 |       624.30 |       660.30 |                  5.00 |                    5.00 |    320 |    28.7431 |
|        1 |        212 |           629.50 |       624.30 |       652.20 |                 10.03 |                    5.00 |    321 |    28.8296 |
|        1 |        213 |           629.50 |       624.30 |       673.90 |                  8.44 |                    5.26 |    322 |    28.8790 |
|        1 |        214 |           629.50 |       624.30 |       678.80 |                  5.00 |                    5.00 |    324 |    28.9408 |
|        1 |        215 |           629.50 |       624.30 |       678.10 |                  5.00 |                    5.00 |    324 |    29.0042 |
|        1 |        216 |           629.50 |       624.30 |       678.30 |                  5.00 |                    5.00 |    325 |    29.0590 |
|        1 |        217 |           629.50 |       624.30 |       678.30 |                  5.00 |                    5.00 |    325 |    29.1167 |
|        1 |        218 |           629.50 |       624.30 |       642.00 |                  5.00 |                    5.00 |    325 |    29.3568 |
|        1 |        219 |           629.50 |       624.30 |       650.50 |                  5.00 |                    5.00 |    325 |    29.4215 |
|        1 |        220 |           629.50 |       624.30 |       625.40 |                  5.00 |                    5.00 |    325 |    29.4834 |
|        1 |        221 |           629.50 |       624.30 |       625.40 |                  6.87 |                    5.00 |    325 |    29.5167 |
|        1 |        222 |           629.50 |       624.30 |       661.30 |                  5.00 |                    5.00 |    327 |    29.5939 |
|        1 |        223 |           629.50 |       624.30 |       661.30 |                  5.00 |                    5.00 |    327 |    29.6361 |
|        1 |        224 |           629.50 |       624.30 |       637.80 |                  5.00 |                    5.00 |    329 |    29.7204 |
|        1 |        225 |           629.50 |       624.30 |       633.50 |                  5.00 |                    5.00 |    329 |    29.7659 |
|        1 |        226 |           629.50 |       624.30 |       632.70 |                  5.00 |                    5.00 |    329 |    29.8125 |
|        1 |        227 |           629.50 |       624.30 |       632.70 |                  5.00 |                    5.00 |    329 |    29.8625 |
|        1 |        228 |           629.50 |       624.30 |       632.70 |                  5.00 |                    5.00 |    329 |    29.8836 |
|        1 |        229 |           629.50 |       624.30 |       632.70 |                  5.00 |                    5.00 |    329 |    29.9088 |
|        1 |        230 |           629.50 |       624.30 |       632.10 |                  5.00 |                    5.00 |    329 |    29.9507 |
|        1 |        231 |           629.50 |       624.30 |       632.10 |                  5.00 |                    5.00 |    329 |    30.0050 |
|        1 |        232 |           629.50 |       624.30 |       650.20 |                  5.00 |                    5.00 |    330 |    30.0559 |
|        1 |        233 |           629.50 |       624.30 |       634.80 |                  5.00 |                    5.00 |    330 |    30.1379 |
|        1 |        234 |           629.50 |       624.30 |       641.90 |                  5.00 |                    5.00 |    331 |    30.2374 |
|        1 |        235 |           629.50 |       624.30 |       640.00 |                  5.00 |                    5.00 |    331 |    30.3426 |
|        1 |        236 |           629.50 |       624.30 |       651.60 |                  5.00 |                    5.00 |    332 |    30.3845 |
|        1 |        237 |           629.50 |       624.30 |       651.60 |                  5.00 |                    5.00 |    332 |    30.4186 |
|        1 |        238 |           629.50 |       624.30 |       632.90 |                  5.00 |                    5.00 |    332 |    30.4913 |
|        1 |        239 |           629.50 |       624.30 |       637.40 |                  5.00 |                    5.00 |    333 |    30.5494 |
|        1 |        240 |           629.50 |       624.30 |       655.20 |                  5.00 |                    5.00 |    333 |    30.5938 |
|        1 |        241 |           629.50 |       624.30 |       637.40 |                  5.00 |                    5.00 |    333 |    30.6506 |
|        1 |        242 |           629.50 |       624.30 |       637.40 |                  5.00 |                    5.00 |    333 |    30.7307 |
|        1 |        243 |           629.50 |       624.30 |       650.20 |                  5.00 |                    5.00 |    335 |    30.7751 |
|        1 |        244 |           629.50 |       624.30 |       648.50 |                  5.00 |                    5.00 |    337 |    30.8158 |
|        1 |        245 |           629.50 |       624.30 |       667.40 |                  5.00 |                    5.00 |    340 |    30.8563 |
|        1 |        246 |           629.50 |       624.30 |       650.80 |                  5.00 |                    5.00 |    341 |    30.9053 |
|        1 |        247 |           629.50 |       624.30 |       650.20 |                  5.00 |                    5.00 |    341 |    30.9865 |
|        1 |        248 |           629.50 |       624.30 |       650.20 |                  5.00 |                    5.00 |    341 |    31.0178 |
|        1 |        249 |           629.50 |       624.30 |       650.20 |                  5.00 |                    5.00 |    341 |    31.0544 |
|        1 |        250 |           629.50 |       624.30 |       650.20 |                  5.00 |                    5.00 |    341 |    31.0910 |
|        1 |        251 |           629.50 |       624.30 |       650.20 |                  5.00 |                    5.00 |    341 |    31.1325 |
|        1 |        252 |           629.50 |       624.30 |       651.90 |                  5.00 |                    5.00 |    341 |    31.2027 |
|        1 |        253 |           629.50 |       624.30 |       641.00 |                  5.00 |                    5.00 |    341 |    31.2667 |
|        1 |        254 |           629.50 |       624.30 |       641.00 |                  5.00 |                    5.00 |    341 |    31.3060 |
|        1 |        255 |           629.50 |       624.30 |       641.00 |                  5.00 |                    5.00 |    341 |    31.3304 |
|        1 |        256 |           629.50 |       624.30 |       638.30 |                  5.00 |                    5.00 |    341 |    31.3986 |
|        1 |        257 |           629.50 |       624.30 |       638.30 |                  5.00 |                    5.00 |    341 |    31.4314 |
|        1 |        258 |           629.50 |       624.30 |       638.30 |                  5.00 |                    5.36 |    341 |    31.4681 |
|        1 |        259 |           629.50 |       624.30 |       660.30 |                  5.00 |                    5.00 |    342 |    31.5142 |
|        1 |        260 |           629.50 |       624.30 |       689.60 |                  5.00 |                    5.00 |    343 |    31.5584 |
|        1 |        261 |           629.50 |       624.30 |       689.60 |                  5.00 |                    5.00 |    343 |    31.5830 |
|        1 |        262 |           629.50 |       624.30 |       672.20 |                  5.00 |                    5.00 |    343 |    31.6522 |
|        1 |        263 |           629.50 |       624.30 |       667.70 |                  5.00 |                    5.00 |    344 |    31.7309 |
|        1 |        264 |           629.50 |       624.30 |       666.90 |                  5.00 |                    5.00 |    344 |    31.7746 |
|        1 |        265 |           629.50 |       624.30 |       666.90 |                  5.00 |                    5.58 |    344 |    31.8148 |
|        1 |        266 |           629.50 |       624.30 |       666.90 |                  5.00 |                    5.00 |    344 |    31.8470 |
|        1 |        267 |           629.50 |       624.30 |       666.90 |                  5.00 |                    5.00 |    344 |    31.8891 |
|        1 |        268 |           629.50 |       624.30 |       666.90 |                  5.00 |                    5.00 |    344 |    31.9208 |
|        1 |        269 |           629.50 |       624.30 |       683.30 |                  5.00 |                    5.00 |    346 |    31.9654 |
|        1 |        270 |           629.50 |       624.30 |       664.50 |                  5.00 |                    5.00 |    346 |    32.0444 |
|        1 |        271 |           629.50 |       624.30 |       664.50 |                  5.00 |                    5.00 |    346 |    32.0681 |
|        1 |        272 |           629.50 |       624.30 |       664.50 |                  5.00 |                    5.00 |    346 |    32.1087 |
|        1 |        273 |           629.50 |       624.30 |       664.50 |                  5.00 |                    5.00 |    346 |    32.1646 |
|        1 |        274 |           629.50 |       624.30 |       664.50 |                  5.00 |                    5.00 |    346 |    32.2157 |
|        1 |        275 |           629.50 |       624.30 |       672.50 |                  5.00 |                    5.00 |    346 |    32.2898 |
|        1 |        276 |           629.50 |       624.30 |       672.50 |                  5.00 |                    5.00 |    346 |    32.3363 |
|        1 |        277 |           629.50 |       624.30 |       671.70 |                  5.00 |                    5.00 |    346 |    32.3782 |
|        1 |        278 |           629.50 |       624.30 |       671.70 |                  5.00 |                    5.00 |    346 |    32.4319 |
|        1 |        279 |           629.50 |       624.30 |       671.70 |                  5.00 |                    5.00 |    346 |    32.4688 |
|        1 |        280 |           629.50 |       624.30 |       676.60 |                  5.00 |                    5.00 |    346 |    32.5369 |
|        1 |        281 |           629.50 |       624.30 |       676.60 |                  5.00 |                    5.00 |    346 |    32.5815 |
|        1 |        282 |           629.50 |       624.30 |       676.60 |                  5.00 |                    5.00 |    346 |    32.6249 |
|        1 |        283 |           629.50 |       624.30 |       676.60 |                  5.00 |                    5.00 |    346 |    32.6703 |
|        1 |        284 |           629.50 |       624.30 |       676.60 |                  5.00 |                    5.00 |    346 |    32.7171 |
|        1 |        285 |           629.50 |       624.30 |       683.50 |                  5.00 |                    5.00 |    347 |    32.7891 |
|        1 |        286 |           629.50 |       624.30 |       683.50 |                  5.00 |                    5.00 |    347 |    32.8259 |
|        1 |        287 |           629.50 |       624.30 |       678.30 |                  5.00 |                    5.00 |    349 |    32.8942 |
|        1 |        288 |           629.50 |       624.30 |       678.30 |                  5.00 |                    5.00 |    349 |    32.9443 |
|        1 |        289 |           629.50 |       624.30 |       678.30 |                  5.00 |                    5.00 |    349 |    32.9787 |
|        1 |        290 |           629.50 |       624.30 |       678.30 |                  5.00 |                    5.00 |    349 |    33.0142 |
|        1 |        291 |           629.50 |       624.30 |       678.10 |                  5.26 |                    5.00 |    350 |    33.0564 |
|        1 |        292 |           629.50 |       624.30 |       640.50 |                  5.00 |                    5.00 |    351 |    33.1173 |
|        1 |        293 |           629.50 |       624.30 |       640.50 |                  5.00 |                    5.00 |    351 |    33.1401 |
|        1 |        294 |           629.50 |       624.30 |       640.30 |                  5.00 |                    5.00 |    352 |    33.2409 |
|        1 |        295 |           629.50 |       624.30 |       640.30 |                  5.00 |                    5.00 |    352 |    33.2796 |
|        1 |        296 |           629.50 |       624.30 |       640.30 |                  5.00 |                    5.00 |    352 |    33.3088 |
|        1 |        297 |           629.50 |       624.30 |       640.30 |                  5.00 |                    5.00 |    352 |    33.3518 |
|        1 |        298 |           629.50 |       624.30 |       649.40 |                  5.00 |                    5.00 |    353 |    33.4107 |
|        1 |        299 |           629.50 |       624.30 |       649.40 |                  5.00 |                    5.00 |    353 |    33.4493 |
|        1 |        300 |           629.50 |       624.30 |       644.00 |                  5.00 |                    5.00 |    354 |    33.4921 |
|        1 |        301 |           629.50 |       624.30 |       644.00 |                  5.00 |                    5.00 |    354 |    33.5341 |
|        1 |        302 |           629.50 |       624.30 |       644.00 |                  5.00 |                    5.00 |    354 |    33.5823 |
|        1 |        303 |           629.50 |       624.30 |       647.40 |                  5.00 |                    5.00 |    354 |    33.6309 |
|        1 |        304 |           629.50 |       624.30 |       637.82 |                  5.00 |                    5.00 |    354 |    33.7287 |
|        1 |        305 |           629.50 |       624.30 |       654.20 |                  5.00 |                    5.00 |    355 |    33.7593 |
|        1 |        306 |           629.50 |       624.30 |       646.50 |                  5.00 |                    5.00 |    356 |    33.8072 |
|        1 |        307 |           629.50 |       624.30 |       652.80 |                  5.00 |                    5.18 |    357 |    33.8635 |
|        1 |        308 |           629.50 |       624.30 |       644.40 |                  8.22 |                    6.16 |    359 |    33.9224 |
|        1 |        309 |           629.50 |       624.30 |       650.42 |                  8.62 |                    5.00 |    359 |    33.9595 |
|        1 |        310 |           629.50 |       624.30 |       651.89 |                  6.76 |                    5.00 |    359 |    34.0138 |
|        1 |        311 |           629.50 |       624.30 |       660.54 |                  9.82 |                    5.00 |    361 |    34.0850 |
|        1 |        312 |           629.50 |       624.30 |       652.50 |                 10.82 |                    5.00 |    363 |    34.1276 |
|        1 |        313 |           629.50 |       624.30 |       639.86 |                  5.00 |                    5.00 |    363 |    34.1943 |
|        1 |        314 |           629.50 |       624.30 |       629.61 |                  5.00 |                    5.00 |    363 |    34.2345 |
|        1 |        315 |           629.50 |       624.30 |       629.10 |                  5.00 |                    5.00 |    363 |    34.2727 |
|        1 |        316 |           629.50 |       624.30 |       629.82 |                  8.47 |                    5.00 |    363 |    34.3132 |
|        1 |        317 |           629.50 |       624.30 |       635.70 |                  5.43 |                    5.00 |    363 |    34.3658 |
|        1 |        318 |           629.50 |       624.30 |       629.97 |                  6.96 |                    5.00 |    363 |    34.3980 |
|        1 |        319 |           629.50 |       624.30 |       631.19 |                  5.85 |                    5.00 |    363 |    34.4427 |
|        1 |        320 |           629.50 |       624.30 |       631.53 |                  5.00 |                    5.00 |    363 |    34.4915 |
|        1 |        321 |           629.50 |       624.30 |       629.10 |                  5.00 |                    5.00 |    363 |    34.5259 |
|        1 |        322 |           629.50 |       624.30 |       629.82 |                  7.90 |                    5.00 |    363 |    34.5698 |
|        1 |        323 |           629.50 |       624.30 |       629.82 |                  6.51 |                    5.00 |    363 |    34.6072 |
|        1 |        324 |           629.50 |       624.30 |       634.30 |                  5.91 |                    5.00 |    364 |    34.6895 |
|        1 |        325 |           629.50 |       624.30 |       628.67 |                  5.00 |                    5.00 |    364 |    34.7480 |
|        1 |        326 |           629.50 |       624.30 |       628.70 |                  5.00 |                    5.00 |    364 |    34.7880 |
|        1 |        327 |           629.50 |       624.30 |       629.81 |                  8.98 |                    5.00 |    364 |    34.8430 |
|        1 |        328 |           629.50 |       624.30 |       634.30 |                  5.60 |                    5.00 |    364 |    34.8774 |
|        1 |        329 |           629.50 |       624.30 |       629.96 |                  5.00 |                    5.00 |    364 |    34.9195 |
|        1 |        330 |           629.50 |       624.30 |       645.50 |                  5.00 |                    5.00 |    365 |    35.0312 |
|        1 |        331 |           629.50 |       624.30 |       687.30 |                  5.51 |                    5.00 |    367 |    35.0945 |
|        1 |        332 |           629.50 |       624.30 |       680.70 |                  5.00 |                    5.00 |    368 |    35.1793 |
|        1 |        333 |           629.50 |       624.30 |       630.44 |                  5.00 |                    5.00 |    368 |    35.3027 |
|        1 |        334 |           629.50 |       624.30 |       628.90 |                  7.59 |                    5.00 |    368 |    35.3358 |
|        1 |        335 |           629.50 |       624.30 |       628.90 |                  6.72 |                    5.00 |    368 |    35.3614 |
|        1 |        336 |           629.50 |       624.30 |       633.45 |                  8.35 |                    5.00 |    368 |    35.4069 |
|        1 |        337 |           629.50 |       624.30 |       634.80 |                  5.98 |                    5.00 |    368 |    35.4478 |
|        1 |        338 |           629.50 |       624.30 |       630.92 |                  7.00 |                    5.00 |    368 |    35.4932 |
|        1 |        339 |           629.50 |       624.30 |       633.16 |                  5.00 |                    5.00 |    368 |    35.5368 |
|        1 |        340 |           629.50 |       624.30 |       631.42 |                  9.63 |                    5.00 |    368 |    35.6010 |
|        1 |        341 |           629.50 |       624.30 |       638.44 |                  6.83 |                    5.00 |    368 |    35.6570 |
|        1 |        342 |           629.50 |       624.30 |       631.71 |                  5.79 |                    5.00 |    368 |    35.7160 |
|        1 |        343 |           629.50 |       624.30 |       655.70 |                  5.00 |                    5.00 |    371 |    35.7591 |
|        1 |        344 |           629.50 |       624.30 |       655.70 |                  5.00 |                    5.00 |    371 |    35.7806 |
|        1 |        345 |           629.50 |       624.30 |       636.76 |                  5.00 |                    5.00 |    371 |    35.8506 |
|        1 |        346 |           629.50 |       624.30 |       634.90 |                  7.15 |                    5.00 |    371 |    35.8836 |
|        1 |        347 |           629.50 |       624.30 |       653.60 |                  5.00 |                    5.00 |    373 |    35.9217 |
|        1 |        348 |           629.50 |       624.30 |       653.60 |                  5.00 |                    5.00 |    373 |    35.9784 |
|        1 |        349 |           629.50 |       624.30 |       666.60 |                  5.00 |                    5.00 |    374 |    36.0682 |
|        1 |        350 |           629.50 |       624.30 |       666.60 |                  5.00 |                    5.00 |    374 |    36.1038 |
|        1 |        351 |           629.50 |       624.30 |       636.00 |                  5.00 |                    5.00 |    374 |    36.1649 |
|        1 |        352 |           629.50 |       624.30 |       636.00 |                  5.00 |                    5.00 |    374 |    36.2157 |
|        1 |        353 |           629.50 |       624.30 |       636.00 |                  5.00 |                    5.00 |    374 |    36.2629 |
|        1 |        354 |           629.50 |       624.30 |       636.00 |                  5.00 |                    5.00 |    374 |    36.3235 |
|        1 |        355 |           629.50 |       624.30 |       636.00 |                  5.00 |                    5.00 |    374 |    36.3490 |
|        1 |        356 |           629.50 |       624.30 |       641.10 |                  5.00 |                    5.00 |    374 |    36.3870 |
|        1 |        357 |           629.50 |       624.30 |       636.00 |                  5.00 |                    5.00 |    374 |    36.4427 |
|        1 |        358 |           629.50 |       624.30 |       636.00 |                  5.00 |                    5.00 |    374 |    36.4685 |
|        1 |        359 |           629.50 |       624.30 |       636.00 |                  5.00 |                    5.00 |    374 |    36.5103 |
|        1 |        360 |           629.50 |       624.30 |       632.60 |                  5.00 |                    5.00 |    374 |    36.5947 |
|        1 |        361 |           629.50 |       624.30 |       632.60 |                  5.00 |                    5.00 |    374 |    36.6290 |
|        1 |        362 |           629.50 |       624.30 |       640.70 |                  5.00 |                    5.00 |    376 |    36.6718 |
|        1 |        363 |           629.50 |       624.30 |       632.60 |                  5.00 |                    5.00 |    376 |    36.7386 |
|        1 |        364 |           629.50 |       624.30 |       632.60 |                  5.00 |                    5.00 |    376 |    36.7634 |
|        1 |        365 |           629.50 |       624.30 |       632.60 |                  5.00 |                    5.00 |    376 |    36.8041 |
|        1 |        366 |           629.50 |       624.30 |       632.60 |                  5.00 |                    5.00 |    376 |    36.8275 |
|        1 |        367 |           629.50 |       624.30 |       632.60 |                  5.00 |                    5.00 |    376 |    36.8528 |
|        1 |        368 |           629.50 |       624.30 |       650.40 |                  5.00 |                    5.00 |    376 |    36.8946 |
|        1 |        369 |           629.50 |       624.30 |       663.60 |                  5.00 |                    5.00 |    378 |    36.9485 |
|        1 |        370 |           629.50 |       624.30 |       663.60 |                  5.00 |                    5.00 |    378 |    36.9743 |
|        1 |        371 |           629.50 |       624.30 |       663.60 |                  5.00 |                    5.00 |    378 |    37.0540 |
|        1 |        372 |           629.50 |       624.30 |       663.60 |                  5.00 |                    5.00 |    378 |    37.1062 |
|        1 |        373 |           629.50 |       624.30 |       663.60 |                  5.00 |                    5.00 |    378 |    37.1374 |
|        1 |        374 |           629.50 |       624.30 |       663.60 |                  5.00 |                    5.26 |    378 |    37.1673 |
|        1 |        375 |           629.50 |       624.30 |       663.60 |                  5.26 |                    5.00 |    378 |    37.2186 |
|        1 |        376 |           629.50 |       624.30 |       663.60 |                  5.00 |                    5.00 |    378 |    37.2632 |
|        1 |        377 |           629.50 |       624.30 |       663.60 |                  5.00 |                    5.00 |    378 |    37.2874 |
|        1 |        378 |           629.50 |       624.30 |       663.60 |                  5.00 |                    5.00 |    378 |    37.3085 |
|        1 |        379 |           629.50 |       624.30 |       663.60 |                  5.00 |                    5.00 |    378 |    37.3507 |
|        1 |        380 |           629.50 |       624.30 |       666.10 |                  7.22 |                    5.00 |    380 |    37.4218 |
|        1 |        381 |           629.50 |       624.30 |       643.50 |                  5.00 |                    5.00 |    381 |    37.4823 |
|        1 |        382 |           629.50 |       624.30 |       643.50 |                  5.00 |                    5.00 |    381 |    37.5071 |
|        1 |          0 |           629.40 |       624.30 |       629.40 |                  5.00 |                    5.00 |    381 |    37.6164 |
|        1 |          1 |           629.40 |       624.30 |       641.00 |                  5.00 |                    5.00 |    381 |    37.6514 |
|        1 |          2 |           629.40 |       624.30 |       651.70 |                  5.00 |                    5.00 |    382 |    37.6977 |
|        1 |          3 |           629.40 |       624.30 |       651.70 |                  5.00 |                    5.00 |    383 |    37.7348 |
|        1 |          4 |           629.40 |       624.30 |       654.00 |                  5.00 |                    5.00 |    383 |    37.8280 |
|        1 |          5 |           629.40 |       624.30 |       633.20 |                  5.00 |                    5.00 |    383 |    37.9272 |
|        1 |          6 |           629.40 |       624.30 |       633.20 |                  5.00 |                    5.00 |    383 |    37.9650 |
|        1 |          7 |           629.40 |       624.30 |       633.20 |                  5.00 |                    5.00 |    383 |    38.0353 |
|        1 |          8 |           629.40 |       624.30 |       633.20 |                  5.26 |                    5.00 |    383 |    38.0693 |
|        1 |          9 |           629.40 |       624.30 |       633.20 |                  5.00 |                    5.00 |    383 |    38.1101 |
|        1 |         10 |           629.40 |       624.30 |       633.20 |                  5.00 |                    5.00 |    383 |    38.1407 |
|        1 |         11 |           629.40 |       624.30 |       646.20 |                  5.00 |                    5.00 |    383 |    38.2124 |
|        1 |         12 |           629.40 |       624.30 |       643.00 |                  5.00 |                    5.00 |    383 |    38.2508 |
|        1 |         13 |           629.40 |       624.30 |       648.30 |                  5.00 |                    5.26 |    384 |    38.3064 |
|        1 |         14 |           629.40 |       624.30 |       648.30 |                  5.00 |                    5.00 |    384 |    38.3449 |
|        1 |         15 |           629.40 |       624.30 |       648.30 |                  5.30 |                    5.00 |    384 |    38.3840 |
|        1 |         16 |           629.40 |       624.30 |       648.10 |                  5.00 |                    5.00 |    384 |    38.4459 |
|        1 |         17 |           629.40 |       624.30 |       645.60 |                  5.00 |                    5.00 |    384 |    38.5138 |
|        1 |         18 |           629.40 |       624.30 |       645.60 |                  5.00 |                    5.36 |    384 |    38.5493 |
|        1 |         19 |           629.40 |       624.30 |       639.10 |                  5.58 |                    5.00 |    384 |    38.5923 |
|        1 |         20 |           629.40 |       624.30 |       660.50 |                  5.00 |                    5.00 |    384 |    38.6577 |
|        1 |         21 |           629.40 |       624.30 |       660.50 |                  5.00 |                    5.26 |    384 |    38.7082 |
|        1 |         22 |           629.40 |       624.30 |       660.50 |                  5.00 |                    5.00 |    384 |    38.7518 |
|        1 |         23 |           629.40 |       624.30 |       660.50 |                  5.00 |                    5.00 |    384 |    38.8045 |
|        1 |         24 |           629.40 |       624.30 |       660.30 |                  5.00 |                    5.00 |    384 |    38.8305 |
|        1 |         25 |           629.40 |       624.30 |       660.30 |                  5.00 |                    5.00 |    384 |    38.8777 |
|        1 |         26 |           629.40 |       624.30 |       651.90 |                  5.56 |                    5.00 |    384 |    38.9244 |
|        1 |         27 |           629.40 |       624.30 |       642.23 |                  5.00 |                    5.00 |    385 |    39.0103 |
|        1 |         28 |           629.40 |       624.30 |       638.37 |                  5.00 |                    5.00 |    385 |    39.0682 |
|        1 |         29 |           629.40 |       624.30 |       630.08 |                  7.97 |                    5.00 |    385 |    39.1246 |
|        1 |         30 |           629.40 |       624.30 |       633.45 |                  9.70 |                    5.00 |    385 |    39.1627 |
|        1 |         31 |           629.40 |       624.30 |       633.45 |                  8.25 |                    5.00 |    385 |    39.1920 |
|        1 |         32 |           629.40 |       624.30 |       635.10 |                  5.62 |                    5.00 |    385 |    39.2372 |
|        1 |         33 |           629.40 |       624.30 |       629.40 |                  7.57 |                    5.00 |    385 |    39.2741 |
|        1 |         34 |           629.40 |       624.30 |       644.80 |                  8.76 |                    5.00 |    386 |    39.3194 |
|        1 |         35 |           629.40 |       624.30 |       644.12 |                  5.00 |                    5.00 |    386 |    39.3808 |
|        1 |         36 |           629.40 |       624.30 |       633.52 |                  9.35 |                    5.00 |    387 |    39.4284 |
|        1 |         37 |           629.40 |       624.30 |       639.22 |                  5.00 |                    5.00 |    387 |    39.4827 |
|        1 |         38 |           629.40 |       624.30 |       630.90 |                  6.03 |                    5.00 |    387 |    39.5106 |
|        1 |         39 |           629.40 |       624.30 |       630.90 |                  8.46 |                    5.00 |    387 |    39.5362 |
|        1 |         40 |           629.40 |       624.30 |       645.70 |                  5.00 |                    5.00 |    387 |    39.5760 |
|        1 |         41 |           629.40 |       624.30 |       645.70 |                  5.00 |                    5.00 |    387 |    39.6178 |
|        1 |         42 |           629.40 |       624.30 |       645.70 |                  5.00 |                    5.00 |    387 |    39.6519 |
|        1 |         43 |           629.40 |       624.30 |       625.40 |                  6.28 |                    5.00 |    387 |    39.7008 |
|        1 |         44 |           629.40 |       624.30 |       636.63 |                  8.62 |                    5.00 |    388 |    39.7596 |
|        1 |         45 |           629.40 |       624.30 |       633.69 |                  6.62 |                    5.00 |    388 |    39.8297 |
|        1 |         46 |           629.40 |       624.30 |       628.50 |                 10.98 |                    5.00 |    388 |    39.8892 |
|        1 |         47 |           629.40 |       624.30 |       630.60 |                  6.06 |                    5.00 |    388 |    39.9350 |
|        1 |         48 |           629.40 |       624.30 |       630.60 |                  5.80 |                    5.00 |    388 |    39.9652 |
------------------------------------------------------------------------------------------------------------------------------------------------
|  Restart |  Iteration |  Best Feas. Cost |    Best Cost |   Curr. Cost |   Penalty Custom Res. |   Penalty Standard Res. |   Pool |   Time (s) |
------------------------------------------------------------------------------------------------------------------------------------------------
|        1 |         49 |           629.40 |       624.30 |       630.60 |                  6.73 |                    5.00 |    388 |    40.0225 |
|        1 |         50 |           629.40 |       624.30 |       630.60 |                  5.62 |                    5.00 |    388 |    40.0830 |
|        1 |         51 |           629.40 |       624.30 |       629.70 |                  5.00 |                    5.00 |    388 |    40.1349 |
|        1 |         52 |           629.40 |       624.30 |       628.11 |                  9.44 |                    5.00 |    388 |    40.1962 |
|        1 |         53 |           629.40 |       624.30 |       635.05 |                  7.55 |                    5.00 |    388 |    40.2345 |
|        1 |         54 |           629.40 |       624.30 |       631.58 |                 10.78 |                    5.00 |    388 |    40.2802 |
|        1 |         55 |           629.40 |       624.30 |       657.69 |                 10.53 |                    5.00 |    389 |    40.3344 |
|        1 |         56 |           629.40 |       624.30 |       634.29 |                 10.34 |                    5.00 |    390 |    40.4373 |
|        1 |         57 |           629.40 |       624.30 |       649.10 |                  5.00 |                    5.00 |    390 |    40.4907 |
|        1 |         58 |           629.40 |       624.30 |       666.70 |                  5.00 |                    5.00 |    391 |    40.5312 |
|        1 |         59 |           629.40 |       624.30 |       669.60 |                  5.00 |                    5.00 |    391 |    40.6245 |
|        1 |         60 |           629.40 |       624.30 |       668.00 |                  5.00 |                    5.00 |    391 |    40.6645 |
|        1 |         61 |           629.40 |       624.30 |       695.60 |                  5.00 |                    5.00 |    392 |    40.7001 |
|        1 |         62 |           629.40 |       624.30 |       668.00 |                  5.00 |                    5.00 |    392 |    40.7982 |
|        1 |         63 |           629.40 |       624.30 |       626.20 |                  8.90 |                    5.00 |    392 |    40.9031 |
|        1 |         64 |           629.40 |       624.30 |       626.20 |                  6.64 |                    5.00 |    392 |    40.9371 |
|        1 |         65 |           629.40 |       624.30 |       635.04 |                  8.09 |                    5.69 |    393 |    40.9706 |
|        1 |         66 |           629.40 |       624.30 |       629.03 |                  7.00 |                    5.00 |    393 |    41.0409 |
|        1 |         67 |           629.40 |       624.30 |       629.03 |                  7.64 |                    5.00 |    393 |    41.0778 |
|        1 |         68 |           629.40 |       624.30 |       634.61 |                 10.26 |                    5.00 |    393 |    41.1403 |
|        1 |         69 |           629.40 |       624.30 |       630.32 |                 10.49 |                    5.00 |    393 |    41.2360 |
|        1 |         70 |           629.40 |       624.30 |       627.30 |                  5.00 |                    5.00 |    393 |    41.3277 |
|        1 |         71 |           629.40 |       624.30 |       629.14 |                  5.00 |                    5.00 |    393 |    41.3819 |
|        1 |         72 |           629.40 |       624.30 |       629.26 |                  5.00 |                    5.00 |    393 |    41.4360 |
|        1 |         73 |           629.40 |       624.30 |       634.52 |                  5.00 |                    5.00 |    394 |    41.4916 |
|        1 |         74 |           629.40 |       624.30 |       633.80 |                  5.04 |                    5.00 |    395 |    41.5357 |
|        1 |         75 |           629.40 |       624.30 |       628.76 |                  6.58 |                    5.00 |    395 |    41.5817 |
|        1 |         76 |           629.40 |       624.30 |       628.84 |                  9.39 |                    5.00 |    395 |    41.6339 |
|        1 |         77 |           629.40 |       624.30 |       636.60 |                  5.00 |                    5.00 |    395 |    41.6725 |
|        1 |         78 |           629.40 |       624.30 |       633.20 |                  5.00 |                    5.00 |    395 |    41.7055 |
|        1 |         79 |           629.40 |       624.30 |       660.80 |                  5.00 |                    5.00 |    395 |    41.7698 |
|        1 |         80 |           629.40 |       624.30 |       660.80 |                  5.00 |                    5.00 |    395 |    41.8024 |
|        1 |         81 |           629.40 |       624.30 |       633.20 |                  5.00 |                    5.00 |    395 |    41.8392 |
|        1 |         82 |           629.40 |       624.30 |       641.30 |                  5.00 |                    5.00 |    395 |    41.8699 |
|        1 |         83 |           629.40 |       624.30 |       626.00 |                  5.18 |                    5.00 |    396 |    41.9333 |
|        1 |         84 |           629.40 |       624.30 |       625.20 |                  5.00 |                    5.00 |    396 |    42.0401 |
|        1 |         85 |           629.40 |       624.30 |       625.20 |                  7.01 |                    5.00 |    396 |    42.0681 |
|        1 |         86 |           629.40 |       624.30 |       625.20 |                  5.50 |                    5.00 |    396 |    42.1131 |
|        1 |         87 |           629.40 |       624.30 |       625.20 |                  7.94 |                    5.00 |    396 |    42.1417 |
|        1 |         88 |           629.40 |       624.30 |       625.20 |                  5.92 |                    5.00 |    396 |    42.1765 |
|        1 |         89 |           629.40 |       624.30 |       626.40 |                  5.00 |                    5.00 |    396 |    42.2051 |
|        1 |         90 |           629.40 |       624.30 |       624.30 |                  5.74 |                    5.00 |    396 |    42.3002 |
|        1 |         91 |           629.40 |       624.30 |       625.55 |                  5.00 |                    5.00 |    396 |    42.3384 |
|        1 |         92 |           629.40 |       624.30 |       624.60 |                  5.79 |                    5.00 |    396 |    42.3757 |
|        1 |         93 |           629.40 |       624.30 |       626.97 |                  6.07 |                    5.00 |    396 |    42.4144 |
|        1 |         94 |           629.40 |       624.30 |       625.91 |                  8.39 |                    5.00 |    396 |    42.5002 |
|        1 |         95 |           629.40 |       624.30 |       625.91 |                  5.02 |                    5.00 |    396 |    42.5482 |
|        1 |         96 |           629.40 |       624.30 |       635.04 |                  5.00 |                    5.00 |    396 |    42.5970 |
|        1 |         97 |           629.40 |       624.30 |       635.40 |                  7.01 |                    5.00 |    396 |    42.6318 |
|        1 |         98 |           629.40 |       624.30 |       639.40 |                 10.85 |                    5.00 |    396 |    42.6704 |
|        1 |         99 |           629.40 |       624.30 |       630.00 |                  6.23 |                    5.00 |    396 |    42.7501 |
|        1 |        100 |           629.40 |       624.30 |       635.50 |                  5.69 |                    5.00 |    397 |    42.8227 |
|        1 |        101 |           629.40 |       624.30 |       634.90 |                  5.98 |                    5.00 |    399 |    42.8945 |
|        1 |        102 |           629.40 |       624.30 |       670.70 |                  5.96 |                    5.00 |    402 |    42.9410 |
|        1 |        103 |           629.40 |       624.30 |       652.20 |                  5.68 |                    5.00 |    403 |    43.0005 |
|        1 |        104 |           629.40 |       624.30 |       635.85 |                  9.55 |                    5.00 |    403 |    43.0731 |
|        1 |        105 |           629.40 |       624.30 |       635.90 |                  5.66 |                    5.00 |    403 |    43.1206 |
|        1 |        106 |           629.40 |       624.30 |       646.30 |                  5.00 |                    5.00 |    403 |    43.1425 |
|        1 |        107 |           629.40 |       624.30 |       635.90 |                  5.26 |                    5.00 |    403 |    43.1852 |
|        1 |        108 |           629.40 |       624.30 |       635.90 |                  5.00 |                    5.26 |    403 |    43.2240 |
|        1 |        109 |           629.40 |       624.30 |       644.60 |                  5.69 |                    5.00 |    404 |    43.2764 |
|        1 |        110 |           629.40 |       624.30 |       644.60 |                  5.00 |                    5.00 |    404 |    43.3199 |
|        1 |        111 |           629.40 |       624.30 |       647.30 |                  5.00 |                    5.00 |    407 |    43.3576 |
|        1 |        112 |           629.40 |       624.30 |       651.00 |                  5.00 |                    5.00 |    407 |    43.4167 |
|        1 |        113 |           629.40 |       624.30 |       654.00 |                  5.00 |                    5.00 |    407 |    43.4702 |
|        1 |        114 |           629.40 |       624.30 |       633.20 |                  5.00 |                    5.00 |    407 |    43.5642 |
|        1 |        115 |           629.40 |       624.30 |       633.20 |                  5.00 |                    5.00 |    407 |    43.6118 |
|        1 |        116 |           629.40 |       624.30 |       641.90 |                  5.00 |                    5.00 |    407 |    43.6638 |
|        1 |        117 |           629.40 |       624.30 |       641.90 |                  5.00 |                    5.00 |    407 |    43.7175 |
|        1 |        118 |           629.40 |       624.30 |       641.90 |                  5.00 |                    5.00 |    407 |    43.7690 |
|        1 |        119 |           629.40 |       624.30 |       659.70 |                  5.00 |                    5.00 |    408 |    43.8201 |
|        1 |        120 |           629.40 |       624.30 |       662.70 |                  5.00 |                    5.00 |    408 |    43.8777 |
|        1 |        121 |           629.40 |       624.30 |       662.70 |                  5.00 |                    5.00 |    408 |    43.9177 |
|        1 |        122 |           629.40 |       624.30 |       667.60 |                  5.00 |                    5.00 |    409 |    43.9720 |
|        1 |        123 |           629.40 |       624.30 |       676.80 |                  5.00 |                    5.00 |    409 |    44.0227 |
|        1 |        124 |           629.40 |       624.30 |       655.70 |                  5.26 |                    5.00 |    409 |    44.0812 |
|        1 |        125 |           629.40 |       624.30 |       648.00 |                  5.00 |                    5.00 |    409 |    44.1363 |
|        1 |        126 |           629.40 |       624.30 |       648.00 |                  5.00 |                    5.00 |    409 |    44.1946 |
|        1 |        127 |           629.40 |       624.30 |       673.80 |                  5.00 |                    5.00 |    409 |    44.2629 |
|        1 |        128 |           629.40 |       624.30 |       632.90 |                  5.00 |                    5.00 |    409 |    44.3442 |
|        1 |        129 |           629.40 |       624.30 |       632.90 |                  5.00 |                    5.00 |    409 |    44.3750 |
|        1 |        130 |           629.40 |       618.16 |       618.16 |                  5.00 |                    5.00 |    409 |    44.4520 |
|        1 |        131 |           629.40 |       618.16 |       620.52 |                  5.35 |                    5.00 |    410 |    44.5018 |
|        1 |        132 |           629.40 |       618.16 |       619.67 |                  5.00 |                    5.00 |    410 |    44.5418 |
|        1 |        133 |           629.40 |       618.16 |       632.70 |                  5.00 |                    5.00 |    410 |    44.5924 |
|        1 |        134 |           629.40 |       618.16 |       635.40 |                  5.00 |                    5.00 |    410 |    44.6529 |
|        1 |        135 |           629.40 |       618.16 |       639.20 |                  5.00 |                    5.00 |    411 |    44.7315 |
|        1 |        136 |           629.40 |       618.16 |       639.20 |                  5.00 |                    5.00 |    411 |    44.7857 |
|        1 |        137 |           629.40 |       618.16 |       656.80 |                  5.00 |                    5.00 |    412 |    44.8448 |
|        1 |        138 |           629.40 |       618.16 |       660.20 |                  5.00 |                    5.00 |    412 |    44.8828 |
|        1 |        139 |           629.40 |       618.16 |       650.10 |                  5.00 |                    5.00 |    413 |    44.9355 |
|        1 |        140 |           629.40 |       618.16 |       642.30 |                  5.00 |                    5.00 |    415 |    45.0265 |
|        1 |        141 |           629.40 |       618.16 |       694.80 |                  5.00 |                    5.00 |    417 |    45.0958 |
|        1 |        142 |           629.40 |       618.16 |       694.20 |                  5.00 |                    5.00 |    418 |    45.1369 |
|        1 |        143 |           629.40 |       618.16 |       666.20 |                  5.00 |                    5.00 |    420 |    45.2399 |
|        1 |        144 |           629.40 |       618.16 |       667.36 |                  7.44 |                    5.00 |    420 |    45.2805 |
|        1 |        145 |           629.40 |       618.16 |       670.08 |                  5.02 |                    5.00 |    420 |    45.3257 |
|        1 |        146 |           629.40 |       618.16 |       665.84 |                  5.00 |                    5.00 |    420 |    45.3764 |
|        1 |        147 |           629.40 |       618.16 |       665.90 |                  5.00 |                    5.00 |    420 |    45.4399 |
|        1 |        148 |           629.40 |       618.16 |       665.80 |                  6.41 |                    5.00 |    420 |    45.4773 |
|        1 |        149 |           629.40 |       618.16 |       670.69 |                  7.06 |                    5.00 |    420 |    45.5236 |
|        1 |        150 |           629.40 |       618.16 |       670.66 |                  6.84 |                    5.00 |    420 |    45.5523 |
|        1 |        151 |           629.40 |       618.16 |       673.26 |                  5.00 |                    5.00 |    421 |    45.5919 |
|        1 |        152 |           629.40 |       618.16 |       665.30 |                  5.00 |                    5.00 |    422 |    45.6482 |
|        1 |        153 |           629.40 |       618.16 |       665.10 |                  5.00 |                    5.00 |    422 |    45.6939 |
|        1 |        154 |           629.40 |       618.16 |       677.50 |                  5.26 |                    5.00 |    423 |    45.7413 |
|        1 |        155 |           629.40 |       618.16 |       677.50 |                  5.00 |                    5.00 |    423 |    45.7871 |
|        1 |        156 |           629.40 |       618.16 |       677.50 |                  5.00 |                    5.00 |    423 |    45.8353 |
|        1 |        157 |           629.40 |       618.16 |       659.40 |                  5.00 |                    5.00 |    425 |    45.9023 |
|        1 |        158 |           629.40 |       618.16 |       639.90 |                  5.00 |                    5.00 |    426 |    45.9782 |
|        1 |        159 |           629.40 |       618.16 |       639.90 |                  5.00 |                    5.00 |    426 |    46.0072 |
|        1 |        160 |           629.40 |       618.16 |       639.70 |                  5.69 |                    5.00 |    426 |    46.0507 |
|        1 |        161 |           629.40 |       618.16 |       633.00 |                  5.00 |                    5.00 |    426 |    46.0981 |
|        1 |        162 |           629.40 |       618.16 |       630.00 |                  5.00 |                    5.00 |    426 |    46.1553 |
|        1 |        163 |           629.40 |       618.16 |       637.20 |                  5.00 |                    5.00 |    426 |    46.1916 |
|        1 |        164 |           629.40 |       618.16 |       637.20 |                  5.00 |                    5.00 |    426 |    46.2347 |
|        1 |        165 |           629.40 |       618.16 |       641.00 |                  5.04 |                    5.00 |    427 |    46.2903 |
|        1 |        166 |           629.40 |       618.16 |       632.90 |                  5.00 |                    5.00 |    427 |    46.3364 |
|        1 |        167 |           629.40 |       618.16 |       647.40 |                  5.00 |                    5.00 |    427 |    46.4040 |
|        1 |        168 |           629.40 |       618.16 |       643.30 |                  5.00 |                    5.00 |    427 |    46.4402 |
|        1 |        169 |           629.40 |       618.16 |       643.30 |                  5.00 |                    5.00 |    427 |    46.4663 |
|        1 |        170 |           629.40 |       618.16 |       643.30 |                  5.00 |                    5.00 |    427 |    46.5437 |
|        1 |        171 |           629.40 |       618.16 |       643.30 |                  5.00 |                    5.00 |    427 |    46.5859 |
|        1 |        172 |           629.40 |       618.16 |       634.07 |                  7.36 |                    5.00 |    427 |    46.6937 |
|        1 |        173 |           629.40 |       618.16 |       636.27 |                  9.23 |                    5.00 |    427 |    46.7345 |
|        1 |        174 |           629.40 |       618.16 |       641.60 |                  6.95 |                    5.00 |    427 |    46.7819 |
|        1 |        175 |           629.40 |       618.16 |       632.38 |                  5.00 |                    5.00 |    427 |    46.8521 |
|        1 |        176 |           629.40 |       618.16 |       633.05 |                  5.00 |                    5.00 |    427 |    46.9075 |
|        1 |        177 |           629.40 |       618.16 |       643.90 |                  5.00 |                    5.00 |    427 |    46.9824 |
|        1 |        178 |           629.40 |       618.16 |       643.90 |                  5.00 |                    5.00 |    427 |    47.0079 |
|        1 |        179 |           629.40 |       618.16 |       643.30 |                  5.00 |                    5.00 |    427 |    47.0730 |
|        1 |        180 |           629.40 |       618.16 |       643.30 |                  5.00 |                    5.00 |    427 |    47.1351 |
|        1 |        181 |           629.40 |       618.16 |       636.10 |                  5.00 |                    5.00 |    427 |    47.2258 |
|        1 |        182 |           629.40 |       618.16 |       643.20 |                  5.00 |                    5.00 |    428 |    47.2801 |
|        1 |        183 |           629.40 |       618.16 |       636.70 |                  5.00 |                    5.00 |    428 |    47.3433 |
|        1 |        184 |           629.40 |       618.16 |       633.50 |                  5.00 |                    5.00 |    428 |    47.4012 |
|        1 |        185 |           629.40 |       618.16 |       629.50 |                  5.00 |                    5.00 |    428 |    47.4742 |
|        1 |        186 |           629.40 |       618.16 |       629.50 |                  5.00 |                    5.00 |    428 |    47.5036 |
|        1 |        187 |           629.40 |       618.16 |       629.50 |                  5.00 |                    5.00 |    428 |    47.5448 |
|        1 |        188 |           629.40 |       618.16 |       632.70 |                  5.00 |                    5.00 |    428 |    47.5778 |
|        1 |        189 |           629.40 |       618.16 |       625.20 |                  9.83 |                    5.00 |    428 |    47.6385 |
|        1 |        190 |           629.40 |       618.16 |       633.79 |                 10.95 |                    5.00 |    428 |    47.6791 |
|        1 |        191 |           629.40 |       618.16 |       633.79 |                  8.25 |                    5.00 |    428 |    47.7226 |
|        1 |        192 |           629.40 |       618.16 |       634.17 |                  6.86 |                    5.00 |    428 |    47.7843 |
|        1 |        193 |           629.40 |       618.16 |       628.98 |                  6.44 |                    5.00 |    428 |    47.8240 |
|        1 |        194 |           629.40 |       618.16 |       628.41 |                  8.17 |                    5.00 |    428 |    47.8595 |
|        1 |        195 |           629.40 |       618.16 |       628.41 |                 10.68 |                    5.00 |    428 |    47.8849 |
|        1 |        196 |           629.40 |       618.16 |       642.50 |                  5.00 |                    5.00 |    428 |    47.9370 |
|        1 |        197 |           629.40 |       618.16 |       649.80 |                  7.59 |                    5.00 |    428 |    48.0037 |
|        1 |        198 |           629.40 |       618.16 |       630.45 |                  5.00 |                    5.00 |    428 |    48.1611 |
|        1 |        199 |           629.40 |       618.16 |       626.78 |                  8.46 |                    5.00 |    428 |    48.2164 |
|        1 |        200 |           629.40 |       618.16 |       647.60 |                  5.17 |                    5.00 |    428 |    48.2534 |
|        1 |        201 |           629.40 |       618.16 |       647.60 |                  6.35 |                    5.00 |    428 |    48.2822 |
|        1 |        202 |           629.40 |       618.16 |       650.80 |                  5.00 |                    5.00 |    428 |    48.3319 |
|        1 |        203 |           629.40 |       618.16 |       668.60 |                  5.00 |                    5.00 |    428 |    48.3747 |
|        1 |        204 |           629.40 |       618.16 |       668.60 |                  5.00 |                    5.00 |    428 |    48.4213 |
|        1 |        205 |           629.40 |       618.16 |       668.60 |                  5.00 |                    5.00 |    428 |    48.4666 |
|        1 |        206 |           629.40 |       618.16 |       650.80 |                  5.00 |                    5.00 |    428 |    48.5157 |
|        1 |        207 |           629.40 |       618.16 |       650.80 |                  5.00 |                    5.00 |    428 |    48.5598 |
|        1 |        208 |           629.40 |       618.16 |       650.80 |                  5.00 |                    5.00 |    428 |    48.6075 |
|        1 |        209 |           629.40 |       618.16 |       647.20 |                  5.00 |                    5.00 |    428 |    48.6638 |
|        1 |        210 |           629.40 |       618.16 |       647.20 |                  5.00 |                    5.00 |    428 |    48.6939 |
|        1 |        211 |           629.40 |       618.16 |       647.20 |                  5.00 |                    5.00 |    428 |    48.7194 |
|        1 |        212 |           629.40 |       618.16 |       671.60 |                  5.00 |                    5.00 |    428 |    48.7808 |
|        1 |        213 |           629.40 |       618.16 |       671.60 |                  5.00 |                    5.00 |    428 |    48.8220 |
|        1 |        214 |           629.40 |       618.16 |       636.60 |                  5.00 |                    5.00 |    428 |    48.9085 |
|        1 |        215 |           629.40 |       618.16 |       632.90 |                  5.00 |                    5.00 |    428 |    48.9721 |
|        1 |        216 |           629.40 |       618.16 |       632.90 |                  5.00 |                    5.00 |    428 |    49.0222 |
|        1 |        217 |           629.40 |       618.16 |       632.90 |                  5.00 |                    5.00 |    428 |    49.0627 |
|        1 |        218 |           629.40 |       618.16 |       632.90 |                  5.00 |                    5.00 |    428 |    49.1221 |
|        1 |        219 |           629.40 |       618.16 |       632.90 |                  5.00 |                    5.00 |    428 |    49.1569 |
|        1 |        220 |           629.40 |       618.16 |       632.70 |                  5.00 |                    5.00 |    428 |    49.2095 |
|        1 |        221 |           629.40 |       618.16 |       632.90 |                  5.00 |                    5.00 |    428 |    49.2826 |
|        1 |        222 |           629.40 |       618.16 |       632.70 |                  5.00 |                    5.00 |    428 |    49.3375 |
|        1 |        223 |           629.40 |       618.16 |       657.10 |                  5.00 |                    5.00 |    429 |    49.3766 |
|        1 |        224 |           629.40 |       618.16 |       657.10 |                  5.00 |                    5.00 |    429 |    49.4049 |
|        1 |        225 |           629.40 |       618.16 |       657.10 |                  5.00 |                    5.00 |    429 |    49.4432 |
|        1 |        226 |           629.40 |       618.16 |       657.10 |                  6.16 |                    5.00 |    429 |    49.4890 |
|        1 |        227 |           629.40 |       618.16 |       661.20 |                  5.00 |                    5.00 |    429 |    49.5704 |
|        1 |        228 |           629.40 |       618.16 |       654.50 |                  5.26 |                    5.00 |    429 |    49.6712 |
|        1 |        229 |           629.40 |       618.16 |       650.80 |                  5.00 |                    5.00 |    429 |    49.7133 |
|        1 |        230 |           629.40 |       618.16 |       650.80 |                  5.00 |                    5.00 |    429 |    49.7561 |
|        1 |        231 |           629.40 |       618.16 |       650.20 |                  5.00 |                    5.00 |    429 |    49.8251 |
|        1 |        232 |           629.40 |       618.16 |       654.20 |                  5.00 |                    5.00 |    429 |    49.8616 |
|        1 |        233 |           629.40 |       618.16 |       654.20 |                  5.00 |                    5.00 |    429 |    49.8915 |
|        1 |        234 |           629.40 |       618.16 |       650.20 |                  5.00 |                    5.00 |    429 |    49.9358 |
|        1 |        235 |           629.40 |       618.16 |       677.80 |                  5.26 |                    5.00 |    429 |    49.9831 |
|        1 |        236 |           629.40 |       618.16 |       650.20 |                  5.00 |                    5.00 |    429 |    50.0391 |
|        1 |        237 |           629.40 |       618.16 |       643.70 |                  5.00 |                    5.00 |    430 |    50.1061 |
|        1 |        238 |           629.40 |       618.16 |       661.50 |                  5.00 |                    5.00 |    431 |    50.1429 |
|        1 |        239 |           629.40 |       618.16 |       642.90 |                  5.00 |                    5.00 |    432 |    50.1846 |
|        1 |        240 |           629.40 |       618.16 |       629.50 |                  8.37 |                    5.00 |    432 |    50.2537 |
|        1 |        241 |           629.40 |       618.16 |       633.64 |                  7.69 |                    5.00 |    432 |    50.3139 |
|        1 |        242 |           629.40 |       618.16 |       630.90 |                  7.14 |                    5.00 |    432 |    50.3722 |
|        1 |        243 |           629.40 |       618.16 |       633.20 |                  5.00 |                    5.00 |    432 |    50.4156 |
|        1 |        244 |           629.40 |       618.16 |       633.20 |                  5.00 |                    5.00 |    432 |    50.4492 |
|        1 |        245 |           629.40 |       618.16 |       633.20 |                  5.00 |                    5.00 |    432 |    50.4914 |
|        1 |        246 |           629.40 |       618.16 |       634.50 |                  5.00 |                    5.00 |    432 |    50.5364 |
|        1 |        247 |           629.40 |       618.16 |       632.70 |                  5.25 |                    5.00 |    432 |    50.6010 |
|        1 |        248 |           629.40 |       618.16 |       632.70 |                  5.00 |                    5.00 |    432 |    50.6650 |
|        1 |        249 |           629.40 |       618.16 |       651.90 |                  5.00 |                    5.00 |    433 |    50.7470 |
|        1 |        250 |           629.40 |       618.16 |       654.40 |                  5.00 |                    5.00 |    434 |    50.8005 |
|        1 |        251 |           629.40 |       618.16 |       645.20 |                  5.00 |                    5.00 |    434 |    50.8829 |
|        1 |        252 |           629.40 |       618.16 |       640.50 |                  5.00 |                    5.00 |    434 |    50.9738 |
|        1 |        253 |           629.40 |       618.16 |       639.80 |                  5.26 |                    5.00 |    434 |    51.0080 |
|        1 |        254 |           629.40 |       618.16 |       640.60 |                  5.00 |                    5.00 |    435 |    51.0669 |
|        1 |        255 |           629.40 |       618.16 |       632.10 |                  5.00 |                    5.00 |    435 |    51.1285 |
|        1 |        256 |           629.40 |       618.16 |       632.10 |                  5.00 |                    5.00 |    435 |    51.1774 |
|        1 |        257 |           629.40 |       618.16 |       632.10 |                  5.00 |                    5.00 |    435 |    51.2259 |
|        1 |        258 |           629.40 |       618.16 |       632.10 |                  5.00 |                    5.00 |    435 |    51.2754 |
|        1 |        259 |           629.40 |       618.16 |       642.00 |                  5.00 |                    5.00 |    436 |    51.3151 |
|        1 |        260 |           629.40 |       618.16 |       632.30 |                  5.00 |                    5.00 |    436 |    51.3673 |
|        1 |        261 |           629.40 |       618.16 |       647.20 |                  5.00 |                    5.00 |    437 |    51.3945 |
|        1 |        262 |           629.40 |       618.16 |       640.40 |                  5.00 |                    5.00 |    438 |    51.4583 |
|        1 |        263 |           629.40 |       618.16 |       648.10 |                  5.00 |                    5.00 |    440 |    51.4999 |
|        1 |        264 |           629.40 |       618.16 |       648.10 |                  5.00 |                    5.00 |    440 |    51.5241 |
|        1 |        265 |           629.40 |       618.16 |       645.90 |                  5.00 |                    5.00 |    442 |    51.5671 |
|        1 |        266 |           629.40 |       618.16 |       645.90 |                  5.00 |                    5.00 |    442 |    51.5876 |
|        1 |        267 |           629.40 |       618.16 |       645.90 |                  5.00 |                    5.00 |    442 |    51.6212 |
|        1 |        268 |           629.40 |       618.16 |       642.40 |                  5.00 |                    5.00 |    443 |    51.6685 |
|        1 |        269 |           629.40 |       618.16 |       642.40 |                  5.00 |                    5.00 |    443 |    51.6996 |
|        1 |        270 |           629.40 |       618.16 |       652.00 |                  5.31 |                    5.00 |    443 |    51.7544 |
|        1 |        271 |           629.40 |       618.16 |       646.30 |                  5.00 |                    5.00 |    444 |    51.8275 |
|        1 |        272 |           629.40 |       618.16 |       647.00 |                  5.00 |                    5.00 |    444 |    51.8731 |
|        1 |        273 |           629.40 |       618.16 |       647.00 |                  5.00 |                    5.00 |    444 |    51.9340 |
|        1 |        274 |           629.40 |       618.16 |       647.00 |                  5.00 |                    5.00 |    444 |    51.9875 |
|        1 |        275 |           629.40 |       618.16 |       671.60 |                  5.00 |                    5.00 |    444 |    52.0716 |
|        1 |        276 |           629.40 |       618.16 |       671.60 |                  5.00 |                    5.00 |    444 |    52.1213 |
|        1 |        277 |           629.40 |       618.16 |       671.60 |                  5.00 |                    5.00 |    444 |    52.1658 |
|        1 |        278 |           629.40 |       618.16 |       671.60 |                  5.00 |                    5.00 |    444 |    52.2075 |
|        1 |        279 |           629.40 |       618.16 |       644.60 |                  5.00 |                    5.00 |    446 |    52.3005 |
|        1 |        280 |           629.40 |       618.16 |       654.20 |                  5.00 |                    5.00 |    446 |    52.3419 |
|        1 |        281 |           629.40 |       618.16 |       650.20 |                  5.00 |                    5.00 |    446 |    52.3835 |
|        1 |        282 |           629.40 |       618.16 |       650.20 |                  5.00 |                    5.00 |    446 |    52.4257 |
|        1 |        283 |           629.40 |       618.16 |       653.60 |                  5.00 |                    5.00 |    446 |    52.4896 |
|        1 |        284 |           629.40 |       618.16 |       650.20 |                  5.00 |                    5.00 |    446 |    52.5222 |
|        1 |        285 |           629.40 |       618.16 |       650.20 |                  5.00 |                    5.00 |    446 |    52.5618 |
|        1 |        286 |           629.40 |       618.16 |       650.20 |                  5.00 |                    5.00 |    446 |    52.6049 |
|        1 |        287 |           629.40 |       618.16 |       650.50 |                  5.00 |                    5.00 |    446 |    52.6709 |
|        1 |        288 |           629.40 |       618.16 |       650.50 |                  5.00 |                    5.00 |    446 |    52.7061 |
|        1 |        289 |           629.40 |       618.16 |       650.50 |                  5.00 |                    5.00 |    446 |    52.7377 |
|        1 |        290 |           629.40 |       618.16 |       650.50 |                  5.26 |                    5.00 |    446 |    52.7635 |
|        1 |        291 |           629.40 |       618.16 |       631.93 |                  5.00 |                    5.00 |    446 |    52.8689 |
|        1 |        292 |           629.40 |       618.16 |       637.71 |                  5.00 |                    5.00 |    446 |    52.9092 |
|        1 |        293 |           629.40 |       618.16 |       633.50 |                  8.53 |                    5.00 |    446 |    52.9902 |
|        1 |        294 |           629.40 |       618.16 |       633.50 |                 10.61 |                    5.00 |    446 |    53.0203 |
|        1 |        295 |           629.40 |       618.16 |       652.40 |                  7.68 |                    5.00 |    447 |    53.0590 |
|        1 |        296 |           629.40 |       618.16 |       644.70 |                  6.02 |                    5.00 |    448 |    53.0984 |
|        1 |        297 |           629.40 |       618.16 |       644.70 |                  5.00 |                    5.00 |    448 |    53.1468 |
|        1 |        298 |           629.40 |       618.16 |       635.16 |                  7.28 |                    5.00 |    448 |    53.2098 |
|        1 |        299 |           629.40 |       618.16 |       635.16 |                  6.98 |                    5.00 |    448 |    53.2485 |
|        1 |        300 |           629.40 |       618.16 |       637.01 |                 10.08 |                    5.00 |    448 |    53.2777 |
|        1 |        301 |           629.40 |       618.16 |       638.40 |                  5.97 |                    5.00 |    448 |    53.3249 |
|        1 |        302 |           629.40 |       618.16 |       642.44 |                  6.25 |                    5.00 |    448 |    53.3784 |
|        1 |        303 |           629.40 |       618.16 |       643.83 |                  7.62 |                    5.00 |    448 |    53.4151 |
|        1 |        304 |           629.40 |       618.16 |       646.13 |                  5.04 |                    5.00 |    448 |    53.4573 |
|        1 |        305 |           629.40 |       618.16 |       633.61 |                  7.52 |                    5.00 |    448 |    53.5006 |
|        1 |        306 |           629.40 |       618.16 |       633.61 |                  7.96 |                    5.00 |    448 |    53.5342 |
|        1 |        307 |           629.40 |       618.16 |       642.40 |                  5.12 |                    5.00 |    450 |    53.5657 |
|        1 |        308 |           629.40 |       618.16 |       642.40 |                  5.00 |                    5.00 |    450 |    53.6153 |
|        1 |        309 |           629.40 |       618.16 |       642.40 |                  6.54 |                    5.00 |    450 |    53.6460 |
|        1 |        310 |           629.40 |       618.16 |       642.40 |                  5.56 |                    5.00 |    450 |    53.6896 |
|        1 |        311 |           629.40 |       618.16 |       642.40 |                  5.00 |                    5.00 |    450 |    53.7243 |
|        1 |        312 |           629.40 |       618.16 |       663.40 |                  5.00 |                    5.00 |    451 |    53.7694 |
|        1 |        313 |           629.40 |       618.16 |       663.40 |                  5.00 |                    5.00 |    451 |    53.8108 |
|        1 |        314 |           629.40 |       618.16 |       663.40 |                  5.00 |                    5.00 |    451 |    53.8380 |
|        1 |        315 |           629.40 |       618.16 |       662.80 |                  5.00 |                    5.00 |    451 |    53.8961 |
|        1 |        316 |           629.40 |       618.16 |       652.00 |                  5.00 |                    5.00 |    453 |    53.9644 |
|        1 |        317 |           629.40 |       618.16 |       647.70 |                  5.00 |                    5.00 |    453 |    54.0062 |
|        1 |        318 |           629.40 |       618.16 |       656.50 |                  5.00 |                    5.00 |    453 |    54.0343 |
|        1 |        319 |           629.40 |       618.16 |       656.50 |                  5.00 |                    5.00 |    453 |    54.0722 |
|        1 |        320 |           629.40 |       618.16 |       657.12 |                  5.14 |                    5.00 |    453 |    54.1100 |
|        1 |        321 |           629.40 |       618.16 |       654.10 |                  5.00 |                    5.00 |    454 |    54.1487 |
|        1 |        322 |           629.40 |       618.16 |       637.20 |                  5.00 |                    5.00 |    454 |    54.2453 |
|        1 |        323 |           629.40 |       618.16 |       645.00 |                  5.00 |                    5.00 |    455 |    54.2871 |
|        1 |        324 |           629.40 |       618.16 |       645.00 |                  5.00 |                    5.00 |    455 |    54.3193 |
|        1 |        325 |           629.40 |       618.16 |       645.00 |                  5.00 |                    5.00 |    455 |    54.3608 |
|        1 |        326 |           629.40 |       618.16 |       670.40 |                  5.00 |                    5.00 |    457 |    54.4126 |
|        1 |        327 |           629.40 |       618.16 |       662.60 |                  5.00 |                    5.00 |    457 |    54.4514 |
|        1 |        328 |           629.40 |       618.16 |       662.60 |                  5.00 |                    5.00 |    457 |    54.5038 |
|        1 |        329 |           629.40 |       618.16 |       662.60 |                  5.00 |                    5.00 |    457 |    54.5305 |
|        1 |        330 |           629.40 |       618.16 |       658.60 |                  5.00 |                    5.00 |    457 |    54.5875 |
|        1 |        331 |           629.40 |       618.16 |       658.60 |                  5.00 |                    5.00 |    457 |    54.6212 |
|        1 |        332 |           629.40 |       618.16 |       658.60 |                  5.00 |                    5.00 |    457 |    54.6526 |
|        1 |        333 |           629.40 |       618.16 |       658.60 |                  5.00 |                    5.00 |    457 |    54.7004 |
|        1 |        334 |           629.40 |       618.16 |       658.60 |                  5.00 |                    5.00 |    457 |    54.7216 |
|        1 |        335 |           629.40 |       618.16 |       673.70 |                  5.00 |                    5.00 |    458 |    54.7687 |
|        1 |        336 |           629.40 |       618.16 |       658.60 |                  5.00 |                    5.00 |    458 |    54.8537 |
|        1 |        337 |           629.40 |       618.16 |       658.30 |                  5.00 |                    5.00 |    461 |    54.9152 |
|        1 |        338 |           629.40 |       618.16 |       658.30 |                  5.00 |                    5.00 |    461 |    54.9665 |
|        1 |        339 |           629.40 |       618.16 |       658.30 |                  5.00 |                    5.00 |    461 |    55.0090 |
|        1 |        340 |           629.40 |       618.16 |       651.90 |                  5.00 |                    5.00 |    463 |    55.1120 |
|        1 |        341 |           629.40 |       618.16 |       651.90 |                  5.00 |                    5.00 |    463 |    55.1916 |
|        1 |        342 |           629.40 |       618.16 |       651.90 |                  5.00 |                    5.00 |    463 |    55.2347 |
|        1 |        343 |           629.40 |       618.16 |       651.90 |                  5.00 |                    5.00 |    463 |    55.2877 |
|        1 |        344 |           629.40 |       618.16 |       651.90 |                  5.00 |                    5.92 |    463 |    55.3260 |
|        1 |        345 |           629.40 |       618.16 |       651.90 |                  5.00 |                    5.00 |    463 |    55.3821 |
|        1 |        346 |           629.40 |       618.16 |       670.80 |                  5.00 |                    5.00 |    465 |    55.4261 |
|        1 |        347 |           629.40 |       618.16 |       670.80 |                  5.00 |                    5.00 |    465 |    55.4748 |
|        1 |        348 |           629.40 |       618.16 |       670.80 |                  5.00 |                    5.00 |    465 |    55.5169 |
|        1 |        349 |           629.40 |       618.16 |       670.80 |                  5.00 |                    5.00 |    465 |    55.5526 |
|        1 |        350 |           629.40 |       618.16 |       670.80 |                  5.00 |                    5.00 |    465 |    55.6002 |
|        1 |        351 |           629.40 |       618.16 |       670.80 |                  5.00 |                    5.00 |    465 |    55.6300 |
|        1 |        352 |           629.40 |       618.16 |       670.80 |                  5.00 |                    5.00 |    465 |    55.6902 |
|        1 |        353 |           629.40 |       618.16 |       699.10 |                  5.00 |                    5.00 |    466 |    55.7269 |
|        1 |        354 |           629.40 |       618.16 |       699.10 |                  5.00 |                    5.00 |    466 |    55.7561 |
|        1 |        355 |           629.40 |       618.16 |       699.10 |                  5.00 |                    5.00 |    466 |    55.7980 |
|        1 |        356 |           629.40 |       618.16 |       725.40 |                  5.00 |                    5.00 |    469 |    55.8321 |
|        1 |        357 |           629.40 |       618.16 |       763.70 |                  5.00 |                    5.00 |    473 |    55.9071 |
|        1 |        358 |           629.40 |       618.16 |       718.70 |                  5.00 |                    5.00 |    475 |    56.0627 |
|        1 |        359 |           629.40 |       618.16 |       718.70 |                  5.00 |                    5.00 |    476 |    56.1331 |
|        1 |        360 |           629.40 |       618.16 |       693.70 |                  5.00 |                    5.00 |    476 |    56.2070 |
|        1 |        361 |           629.40 |       618.16 |       693.70 |                  5.00 |                    5.00 |    478 |    56.2421 |
|        1 |        362 |           629.40 |       618.16 |       678.90 |                  5.00 |                    5.00 |    479 |    56.3368 |
|        1 |        363 |           629.40 |       618.16 |       681.20 |                  5.00 |                    5.00 |    481 |    56.3911 |
|        1 |        364 |           629.40 |       618.16 |       666.50 |                  5.00 |                    5.00 |    485 |    56.4749 |
|        1 |        365 |           629.40 |       618.16 |       641.80 |                  5.00 |                    5.00 |    486 |    56.5294 |
|        1 |        366 |           629.40 |       618.16 |       641.80 |                  5.00 |                    5.00 |    486 |    56.5703 |
|        1 |        367 |           629.40 |       618.16 |       641.80 |                  5.00 |                    5.00 |    486 |    56.6170 |
|        1 |        368 |           629.40 |       618.16 |       641.80 |                  5.00 |                    5.00 |    486 |    56.6515 |
|        1 |        369 |           629.40 |       618.16 |       660.50 |                  5.00 |                    5.00 |    487 |    56.6976 |
|        1 |        370 |           629.40 |       618.16 |       649.20 |                  5.00 |                    5.00 |    489 |    56.7824 |
|        1 |        371 |           629.40 |       618.16 |       649.20 |                  5.00 |                    5.63 |    489 |    56.8170 |
|        1 |        372 |           629.40 |       618.16 |       668.90 |                  5.00 |                    5.00 |    490 |    56.8703 |
|        1 |        373 |           629.40 |       618.16 |       668.90 |                  5.00 |                    5.00 |    490 |    56.9003 |
|        1 |        374 |           629.40 |       618.16 |       648.20 |                  5.00 |                    5.00 |    490 |    56.9902 |
|        1 |        375 |           629.40 |       618.16 |       648.20 |                  5.00 |                    6.67 |    490 |    57.0357 |
|        1 |        376 |           629.40 |       618.16 |       648.20 |                  5.00 |                    5.00 |    490 |    57.0673 |
|        1 |        377 |           629.40 |       618.16 |       648.20 |                  5.00 |                    5.00 |    490 |    57.0994 |
|        1 |        378 |           629.40 |       618.16 |       656.00 |                  5.00 |                    5.00 |    490 |    57.1475 |
|        1 |        379 |           629.40 |       618.16 |       656.00 |                  5.00 |                    5.00 |    490 |    57.1828 |
|        1 |        380 |           629.40 |       618.16 |       642.40 |                  5.00 |                    5.00 |    490 |    57.2427 |
|        1 |        381 |           629.40 |       618.16 |       642.40 |                  5.00 |                    5.00 |    490 |    57.2798 |
|        1 |        382 |           629.40 |       618.16 |       642.40 |                  5.00 |                    5.00 |    490 |    57.3533 |
|        1 |        383 |           629.40 |       618.16 |       654.80 |                  5.00 |                    5.00 |    490 |    57.4048 |
|        1 |        384 |           629.40 |       618.16 |       637.70 |                  6.81 |                    5.00 |    490 |    57.4594 |
|        1 |        385 |           629.40 |       618.16 |       640.78 |                  9.54 |                    5.00 |    490 |    57.4988 |
|        1 |        386 |           629.40 |       618.16 |       646.20 |                  5.00 |                    5.00 |    490 |    57.5579 |
|        1 |        387 |           629.40 |       618.16 |       637.70 |                  5.00 |                    5.00 |    490 |    57.6227 |
|        1 |        388 |           629.40 |       618.16 |       637.90 |                  6.34 |                    5.00 |    490 |    57.6488 |
|        1 |        389 |           629.40 |       618.16 |       637.90 |                  5.00 |                    5.00 |    490 |    57.6854 |
|        1 |        390 |           629.40 |       618.16 |       638.86 |                  7.75 |                    5.00 |    490 |    57.7135 |
|        1 |        391 |           629.40 |       618.16 |       640.50 |                  5.00 |                    5.00 |    490 |    57.7700 |
|        1 |        392 |           629.40 |       618.16 |       638.42 |                  6.94 |                    5.00 |    490 |    57.8108 |
|        1 |        393 |           629.40 |       618.16 |       638.42 |                  7.89 |                    5.00 |    490 |    57.8348 |
|        1 |        394 |           629.40 |       618.16 |       645.12 |                  9.42 |                    5.00 |    490 |    57.8831 |
|        1 |        395 |           629.40 |       618.16 |       642.91 |                  9.64 |                    5.00 |    491 |    57.9658 |
|        1 |        396 |           629.40 |       618.16 |       634.90 |                  8.27 |                    5.00 |    492 |    58.0193 |
|        1 |        397 |           629.40 |       618.16 |       634.90 |                  5.00 |                    5.00 |    492 |    58.0785 |
|        1 |        398 |           629.40 |       618.16 |       634.90 |                  5.00 |                    5.00 |    492 |    58.1002 |
|        1 |        399 |           629.40 |       618.16 |       663.20 |                  6.22 |                    5.00 |    492 |    58.1406 |
|        1 |        400 |           629.40 |       618.16 |       667.08 |                  9.17 |                    5.00 |    492 |    58.1752 |
|        1 |        401 |           629.40 |       618.16 |       655.80 |                  5.98 |                    5.00 |    494 |    58.2756 |
|        1 |        402 |           629.40 |       618.16 |       632.60 |                  5.00 |                    5.00 |    494 |    58.3872 |
|        1 |        403 |           629.40 |       618.16 |       652.70 |                  5.00 |                    5.00 |    496 |    58.4392 |
|        1 |        404 |           629.40 |       618.16 |       670.30 |                  5.00 |                    5.00 |    497 |    58.4755 |
|        1 |        405 |           629.40 |       618.16 |       644.80 |                  5.00 |                    5.00 |    498 |    58.5861 |
|        1 |        406 |           629.40 |       618.16 |       632.50 |                  5.80 |                    5.00 |    499 |    58.6418 |
|        1 |        407 |           629.40 |       618.16 |       632.90 |                  5.00 |                    5.00 |    499 |    58.7116 |
|        1 |        408 |           629.40 |       618.16 |       632.30 |                  5.00 |                    5.00 |    499 |    58.7771 |
|        1 |        409 |           629.40 |       618.16 |       632.00 |                  5.00 |                    5.00 |    499 |    58.8094 |
|        1 |        410 |           629.40 |       618.16 |       626.18 |                  7.29 |                    5.00 |    499 |    58.8465 |
|        1 |        411 |           629.40 |       618.16 |       640.01 |                  5.71 |                    5.00 |    499 |    58.8956 |
|        1 |        412 |           629.40 |       618.16 |       635.15 |                  5.26 |                    5.00 |    500 |    58.9599 |
|        1 |        413 |           629.40 |       618.16 |       624.80 |                  5.19 |                    5.00 |    500 |    59.0424 |
|        1 |        414 |           629.40 |       618.16 |       624.80 |                  6.02 |                    5.00 |    500 |    59.0692 |
|        1 |        415 |           629.40 |       618.16 |       627.33 |                  9.80 |                    5.00 |    500 |    59.1170 |
|        1 |        416 |           629.40 |       618.16 |       634.79 |                  7.85 |                    5.00 |    500 |    59.1460 |
|        1 |        417 |           629.40 |       618.16 |       630.49 |                 10.87 |                    5.00 |    500 |    59.2004 |
|        1 |        418 |           629.40 |       618.16 |       635.04 |                 10.61 |                    5.00 |    500 |    59.2647 |
|        1 |        419 |           629.40 |       618.16 |       630.00 |                  7.23 |                    5.00 |    500 |    59.3044 |
|        1 |        420 |           629.40 |       618.16 |       638.71 |                  6.46 |                    5.26 |    501 |    59.3583 |
|        1 |        421 |           629.40 |       618.16 |       632.60 |                  5.00 |                    5.00 |    501 |    59.4478 |
|        1 |        422 |           629.40 |       618.16 |       632.60 |                  5.00 |                    5.00 |    501 |    59.4944 |
|        1 |        423 |           629.40 |       618.16 |       632.60 |                  5.00 |                    5.00 |    501 |    59.5311 |
|        1 |        424 |           629.40 |       618.16 |       632.60 |                  5.00 |                    5.00 |    501 |    59.5699 |
|        1 |        425 |           629.40 |       618.16 |       632.60 |                  5.00 |                    5.00 |    501 |    59.6275 |
|        1 |        426 |           629.40 |       618.16 |       632.60 |                  5.00 |                    5.00 |    501 |    59.6586 |
|        1 |        427 |           629.40 |       618.16 |       632.60 |                  5.00 |                    5.00 |    501 |    59.7019 |
|        1 |        428 |           629.40 |       618.16 |       650.20 |                  5.00 |                    5.00 |    501 |    59.7645 |
|        1 |        429 |           629.40 |       618.16 |       650.80 |                  5.00 |                    5.00 |    501 |    59.8255 |
|        1 |        430 |           629.40 |       618.16 |       637.70 |                  5.14 |                    5.00 |    501 |    59.9003 |
|        1 |        431 |           629.40 |       618.16 |       638.39 |                  9.90 |                    5.00 |    501 |    59.9460 |
------------------------------------------------------------------------------------------------------------------------------------------------
|  Restart |  Iteration |  Best Feas. Cost |    Best Cost |   Curr. Cost |   Penalty Custom Res. |   Penalty Standard Res. |   Pool |   Time (s) |
------------------------------------------------------------------------------------------------------------------------------------------------
|        1 |        432 |           629.40 |       618.16 |       644.80 |                  8.48 |                    5.00 |    504 |    60.0225 |
|        1 |        433 |           629.40 |       618.16 |       640.50 |                  5.00 |                    5.00 |    504 |    60.0582 |
|        1 |        434 |           629.40 |       618.16 |       633.61 |                  5.00 |                    5.00 |    505 |    60.1227 |
|        1 |        435 |           629.40 |       618.16 |       627.08 |                  7.15 |                    5.00 |    506 |    60.1630 |
|        1 |        436 |           629.40 |       618.16 |       635.90 |                  5.00 |                    5.00 |    506 |    60.2704 |
|        1 |        437 |           629.40 |       618.16 |       638.90 |                  5.00 |                    5.00 |    507 |    60.3125 |
|        1 |        438 |           629.40 |       618.16 |       638.90 |                  5.00 |                    5.00 |    507 |    60.3694 |
|        1 |        439 |           629.40 |       618.16 |       635.90 |                  5.00 |                    5.00 |    507 |    60.4794 |
|        1 |        440 |           629.40 |       618.16 |       635.90 |                  5.00 |                    5.00 |    507 |    60.5175 |
|        1 |        441 |           629.40 |       618.16 |       651.00 |                  5.00 |                    5.00 |    507 |    60.5606 |
|        1 |        442 |           629.40 |       618.16 |       654.00 |                  5.00 |                    5.00 |    507 |    60.6070 |
|        1 |        443 |           629.40 |       618.16 |       671.60 |                  5.00 |                    5.00 |    507 |    60.6339 |
|        1 |        444 |           629.40 |       618.16 |       671.60 |                  5.00 |                    5.00 |    507 |    60.6733 |
|        1 |        445 |           629.40 |       618.16 |       630.00 |                  5.00 |                    5.00 |    507 |    60.7512 |
|        1 |        446 |           629.40 |       618.16 |       633.20 |                  5.00 |                    5.00 |    507 |    60.7878 |
|        1 |        447 |           629.40 |       618.16 |       633.20 |                  5.00 |                    5.00 |    507 |    60.8278 |
|        1 |        448 |           629.40 |       618.16 |       651.00 |                  5.00 |                    5.00 |    507 |    60.8594 |
|        1 |        449 |           629.40 |       618.16 |       644.40 |                  5.00 |                    5.00 |    508 |    60.9645 |
|        1 |        450 |           629.40 |       618.16 |       636.20 |                  5.00 |                    5.00 |    510 |    61.0370 |
|        1 |        451 |           629.40 |       618.16 |       628.39 |                  5.00 |                    5.00 |    510 |    61.0941 |
|        1 |        452 |           629.40 |       618.16 |       625.80 |                  7.22 |                    5.00 |    510 |    61.1269 |
|        1 |        453 |           629.40 |       618.16 |       629.71 |                 10.85 |                    5.00 |    510 |    61.1620 |
|        1 |        454 |           629.40 |       618.16 |       629.71 |                  7.85 |                    5.00 |    510 |    61.2046 |
|        1 |        455 |           629.40 |       618.16 |       629.71 |                  9.28 |                    5.00 |    510 |    61.2448 |
|        1 |        456 |           629.40 |       618.16 |       629.71 |                  7.90 |                    5.00 |    510 |    61.2630 |
|        1 |        457 |           629.40 |       618.16 |       631.65 |                 10.31 |                    5.00 |    510 |    61.3119 |
|        1 |        458 |           629.40 |       618.16 |       635.89 |                  6.09 |                    5.00 |    510 |    61.3780 |
|        1 |        459 |           629.40 |       618.16 |       628.01 |                  7.73 |                    5.00 |    510 |    61.4152 |
|        1 |        460 |           629.40 |       618.16 |       630.69 |                  7.63 |                    5.00 |    510 |    61.4529 |
|        1 |        461 |           629.40 |       618.16 |       630.69 |                 10.91 |                    5.00 |    510 |    61.4819 |
|        1 |        462 |           629.40 |       618.16 |       657.40 |                  6.93 |                    5.00 |    510 |    61.5400 |
|        1 |        463 |           629.40 |       618.16 |       657.40 |                  5.00 |                    5.00 |    510 |    61.5653 |
|        1 |        464 |           629.40 |       618.16 |       656.50 |                  5.00 |                    5.00 |    512 |    61.6328 |
|        1 |        465 |           629.40 |       618.16 |       656.50 |                  5.00 |                    5.80 |    512 |    61.6719 |
|        1 |        466 |           629.40 |       618.16 |       656.50 |                  5.00 |                    5.00 |    512 |    61.7200 |
|        1 |        467 |           629.40 |       618.16 |       656.50 |                  5.00 |                    5.00 |    512 |    61.7775 |
|        1 |        468 |           629.40 |       618.16 |       656.50 |                  5.00 |                    5.00 |    512 |    61.8275 |
|        1 |        469 |           629.40 |       618.16 |       656.50 |                  5.00 |                    5.00 |    512 |    61.8662 |
|        1 |        470 |           629.40 |       618.16 |       656.50 |                  5.00 |                    5.00 |    512 |    61.9119 |
|        1 |        471 |           629.40 |       618.16 |       682.30 |                  5.00 |                    5.00 |    514 |    61.9533 |
|        1 |        472 |           629.40 |       618.16 |       682.30 |                  5.00 |                    5.00 |    514 |    61.9899 |
|        1 |        473 |           629.40 |       618.16 |       682.30 |                  5.00 |                    5.00 |    514 |    62.0061 |
|        1 |        474 |           629.40 |       618.16 |       656.80 |                  5.00 |                    5.00 |    516 |    62.0997 |
|        1 |        475 |           629.40 |       618.16 |       655.50 |                  5.00 |                    5.00 |    517 |    62.1572 |
|        1 |        476 |           629.40 |       618.16 |       655.50 |                  5.00 |                    5.00 |    517 |    62.2159 |
|        1 |        477 |           629.40 |       618.16 |       655.50 |                  5.00 |                    5.00 |    517 |    62.2615 |
|        1 |        478 |           629.40 |       618.16 |       655.50 |                  5.00 |                    5.00 |    517 |    62.3023 |
|        1 |        479 |           629.40 |       618.16 |       655.50 |                  5.00 |                    5.00 |    517 |    62.3246 |
|        1 |        480 |           629.40 |       618.16 |       655.50 |                  5.00 |                    5.00 |    517 |    62.3567 |
|        1 |        481 |           629.40 |       618.16 |       654.10 |                  5.00 |                    5.00 |    518 |    62.4016 |
|        1 |        482 |           629.40 |       618.16 |       654.10 |                  5.00 |                    5.00 |    518 |    62.4443 |
|        1 |        483 |           629.40 |       618.16 |       654.10 |                  5.00 |                    5.00 |    518 |    62.4642 |
|        1 |        484 |           629.40 |       618.16 |       673.80 |                  5.00 |                    5.00 |    520 |    62.5043 |
|        1 |        485 |           629.40 |       618.16 |       665.10 |                  5.00 |                    5.00 |    523 |    62.5598 |
|        1 |        486 |           629.40 |       618.16 |       665.30 |                  5.00 |                    5.00 |    524 |    62.6459 |
|        1 |        487 |           629.40 |       618.16 |       665.30 |                  5.00 |                    5.00 |    524 |    62.6792 |
|        1 |        488 |           629.40 |       618.16 |       673.80 |                  5.00 |                    5.00 |    525 |    62.7548 |
|        1 |        489 |           629.40 |       618.16 |       673.80 |                  5.00 |                    5.00 |    525 |    62.7794 |
|        1 |        490 |           629.40 |       618.16 |       685.20 |                  5.00 |                    5.00 |    526 |    62.8170 |
|        1 |        491 |           629.40 |       618.16 |       685.20 |                  5.00 |                    5.00 |    526 |    62.8681 |
|        1 |        492 |           629.40 |       618.16 |       685.20 |                  5.00 |                    5.00 |    526 |    62.8878 |
|        1 |        493 |           629.40 |       618.16 |       699.10 |                  5.00 |                    5.00 |    528 |    62.9302 |
|        1 |        494 |           629.40 |       618.16 |       677.20 |                  5.00 |                    5.00 |    528 |    62.9881 |
|        1 |        495 |           629.40 |       618.16 |       685.20 |                  5.00 |                    5.00 |    528 |    63.0520 |
|        1 |        496 |           629.40 |       618.16 |       684.00 |                  5.00 |                    5.00 |    530 |    63.1354 |
|        1 |        497 |           629.40 |       618.16 |       665.00 |                  5.00 |                    5.00 |    531 |    63.2435 |
|        1 |        498 |           629.40 |       618.16 |       659.60 |                  5.00 |                    5.00 |    534 |    63.3103 |
|        1 |        499 |           629.40 |       618.16 |       652.90 |                  5.00 |                    5.00 |    536 |    63.3388 |
|        1 |        500 |           629.40 |       618.16 |       647.50 |                  5.00 |                    5.00 |    537 |    63.4054 |
------------------------------------------------------------------------------------------------------------------------------------------------
Version identifier: 22.1.2.0 | 2024-11-26 | 0edbb82fd
CPXPARAM_MIP_Tolerances_UpperCutoff              629.49999999985494
Tried aggregator 1 time.
MIP Presolve eliminated 47 rows and 185 columns.
MIP Presolve modified 189 coefficients.
Reduced MIP has 54 rows, 352 columns, and 4498 nonzeros.
Reduced MIP has 352 binaries, 0 generals, 0 SOSs, and 0 indicators.
Presolve time = 0.00 sec. (5.49 ticks)
Probing fixed 3 vars, tightened 0 bounds.
Probing time = 0.00 sec. (6.88 ticks)
Tried aggregator 1 time.
Detecting symmetries...
MIP Presolve eliminated 0 rows and 12 columns.
Reduced MIP has 54 rows, 340 columns, and 4390 nonzeros.
Reduced MIP has 340 binaries, 0 generals, 0 SOSs, and 0 indicators.
Presolve time = 0.00 sec. (3.39 ticks)
Probing time = 0.00 sec. (2.61 ticks)
Clique table members: 504.
MIP emphasis: balance optimality and feasibility.
MIP search method: dynamic search.
Parallel mode: deterministic, using up to 8 threads.
Root relaxation solution time = 0.00 sec. (1.53 ticks)

        Nodes                                         Cuts/
   Node  Left     Objective  IInf  Best Integer    Best Bound    ItCnt     Gap

      0     0      618.2250    11                    618.2250       78         
*     0+    0                          629.5000      618.2250             1.79%
*     0     0      integral     0      628.9000       Cuts: 4      125    0.00%
      0     0        cutoff            628.9000      628.9000      125    0.00%
Elapsed time = 0.02 sec. (28.04 ticks, tree = 0.01 MB, solutions = 2)
objective_value(sp) = 628.8999999999999
 66.810972 seconds (6.93 M allocations: 348.948 MiB, 0.11% gc time, 5.68% compilation time)
#1: 0 (0.0) {154.0} -> 67 (10.0) {166.2} [12.0, 172.0] -> 62 (30.0) {262.0} [120.0, 280.0] -> 74 (80.0) {355.0} [213.0, 373.0] -> 72 (90.0) {450.0} [0.0, 3276.0] -> 61 (100.0) {543.0} [0.0, 3277.0] -> 64 (110.0) {635.0} [0.0, 3278.0] -> 66 (120.0) {730.0} [0.0, 3283.0] -> 69 (130.0) {822.0} [680.0, 840.0] -> 68 (140.0) {917.8} [0.0, 3279.0] -> 65 (150.0) {1013.1} [0.0, 3274.0] -> 49 (160.0) {1109.5} [0.0, 3268.0] -> 55 (170.0) {1207.3} [1065.0, 1225.0] -> 54 (210.0) {1302.3} [0.0, 3259.0] -> 53 (230.0) {1397.6} [1256.0, 1416.0] -> 56 (260.0) {1491.6} [0.0, 3255.0] -> 58 (290.0) {1583.6} [1442.0, 1602.0] -> 60 (310.0) {1676.6} [0.0, 3254.0] -> 59 (320.0) {1772.4} [0.0, 3259.0] -> 57 (360.0) {1867.4} [0.0, 3264.0] -> 40 (370.0) {1961.0} [0.0, 3267.0] -> 44 (380.0) {2055.4} [1913.0, 2073.0] -> 46 (410.0) {2150.7} [0.0, 3274.0] -> 41 (420.0) {2247.7} [0.0, 3281.0] -> 42 (440.0) {2339.7} [0.0, 3280.0] -> 45 (450.0) {2433.3} [0.0, 3277.0] -> 51 (460.0) {2528.3} [0.0, 3275.0] -> 50 (470.0) {2620.5} [0.0, 3277.0] -> 52 (480.0) {2713.6} [0.0, 3278.0] -> 47 (490.0) {2808.6} [0.0, 3281.0] -> 43 (500.0) {2901.6} [0.0, 3283.0] -> 48 (510.0) {2997.4} [0.0, 3289.0] -> 0 (510.0) {3098.1} [0.0, 3390.0]
#2: 0 (0.0) {147.0} -> 5 (10.0) {162.1} [0.0, 3284.0] -> 75 (30.0) {255.1} [0.0, 3284.0] -> 2 (60.0) {350.1} [0.0, 3279.0] -> 1 (70.0) {448.7} [0.0, 3272.0] -> 99 (80.0) {544.5} [407.0, 567.0] -> 100 (100.0) {639.5} [502.0, 662.0] -> 97 (130.0) {734.5} [0.0, 3259.0] -> 92 (150.0) {831.5} [694.0, 854.0] -> 94 (160.0) {925.1} [0.0, 3259.0] -> 95 (190.0) {1018.7} [0.0, 3262.0] -> 98 (210.0) {1115.1} [0.0, 3269.0] -> 7 (230.0) {1210.1} [0.0, 3273.0] -> 3 (240.0) {1304.2} [0.0, 3270.0] -> 4 (250.0) {1397.8} [1261.0, 1421.0] -> 89 (260.0) {1492.2} [0.0, 3278.0] -> 93 (300.0) {1597.4} [0.0, 3291.0] -> 0 (300.0) {1695.6} [0.0, 3390.0]
#3: 0 (0.0) {150.0} -> 90 (10.0) {170.6} [0.0, 3279.0] -> 91 (20.0) {265.6} [0.0, 3277.0] -> 88 (50.0) {360.6} [0.0, 3273.0] -> 86 (60.0) {455.6} [0.0, 3273.0] -> 84 (80.0) {1641.0} [1641.0, 1801.0] -> 83 (90.0) {1734.6} [0.0, 3267.0] -> 82 (110.0) {1827.6} [0.0, 3264.0] -> 85 (140.0) {1931.8} [0.0, 3253.0] -> 76 (150.0) {2131.0} [2131.0, 2291.0] -> 71 (170.0) {2226.0} [0.0, 3242.0] -> 70 (200.0) {2321.0} [0.0, 3241.0] -> 73 (210.0) {2414.0} [0.0, 3244.0] -> 80 (220.0) {2512.6} [0.0, 3248.0] -> 79 (230.0) {2608.0} [2608.0, 2768.0] -> 81 (260.0) {2703.3} [0.0, 3252.0] -> 78 (280.0) {2801.9} [0.0, 3260.0] -> 77 (290.0) {2900.0} [2900.0, 3060.0] -> 96 (300.0) {3001.1} [0.0, 3275.0] -> 87 (320.0) {3097.4} [3097.0, 3257.0] -> 63 (370.0) {3202.6} [0.0, 3285.0] -> 0 (370.0) {3306.7} [0.0, 3390.0]
#4: 0 (0.0) {133.0} -> 20 (10.0) {143.0} [0.0, 3290.0] -> 24 (20.0) {238.0} [0.0, 3285.0] -> 27 (30.0) {330.8} [0.0, 3282.0] -> 30 (40.0) {425.0} [0.0, 3279.0] -> 29 (50.0) {520.0} [0.0, 3280.0] -> 6 (70.0) {618.9} [0.0, 3274.0] -> 32 (100.0) {715.2} [0.0, 3268.0] -> 33 (140.0) {807.2} [0.0, 3266.0] -> 31 (160.0) {902.5} [0.0, 3266.0] -> 35 (170.0) {997.5} [0.0, 3261.0] -> 37 (190.0) {1093.3} [0.0, 3260.0] -> 38 (220.0) {1185.3} [1063.0, 1223.0] -> 39 (240.0) {1280.3} [0.0, 3259.0] -> 36 (250.0) {1375.3} [0.0, 3264.0] -> 34 (270.0) {1468.3} [0.0, 3267.0] -> 28 (290.0) {1569.0} [0.0, 3263.0] -> 26 (300.0) {1667.0} [0.0, 3265.0] -> 23 (310.0) {1764.2} [1643.0, 1803.0] -> 18 (330.0) {1863.2} [0.0, 3264.0] -> 19 (340.0) {1958.2} [0.0, 3260.0] -> 16 (380.0) {2055.2} [0.0, 3259.0] -> 14 (390.0) {2147.2} [0.0, 3260.0] -> 12 (410.0) {2240.2} [0.0, 3261.0] -> 15 (450.0) {2337.2} [2216.0, 2376.0] -> 17 (470.0) {2432.5} [0.0, 3266.0] -> 13 (500.0) {2526.5} [2405.0, 2565.0] -> 25 (540.0) {2625.5} [2504.0, 2664.0] -> 9 (550.0) {2722.7} [2601.0, 2761.0] -> 11 (560.0) {2819.7} [2698.0, 2858.0] -> 10 (570.0) {2912.7} [0.0, 3283.0] -> 8 (590.0) {3008.7} [2887.0, 3047.0] -> 21 (610.0) {3104.3} [0.0, 3288.0] -> 22 (630.0) {3198.7} [0.0, 3287.0] -> 0 (630.0) {3300.8} [0.0, 3390.0]

Dist: 628.8999999999999. Cost: 628.8999999999999

Zero-half cuts applied:  1
Lift and project cuts applied:  1
Gomory fractional cuts applied:  2

Root node processing (before b&c):
  Real time             =    0.02 sec. (28.06 ticks)
Parallel b&c, 8 threads:
  Real time             =    0.00 sec. (0.00 ticks)
  Sync time (average)   =    0.00 sec.
  Wait time (average)   =    0.00 sec.
                          ------------
Total (root+branch&cut) =    0.02 sec. (28.06 ticks)
