Solving instance /mnt/c/Users/bruno.mattos/OneDrive - americanas s.a/Documentos/GitHub/GenericILS/TWRD/100/C207_100_015.vrptwrd...
------------------------------------------------------------------------------------------------------------------------------------------------
|  Restart |  Iteration |  Best Feas. Cost |    Best Cost |   Curr. Cost |   Penalty Custom Res. |   Penalty Standard Res. |   Pool |   Time (s) |
------------------------------------------------------------------------------------------------------------------------------------------------
|        1 |          1 |           785.40 |       783.16 |       783.16 |                 10.09 |                    6.63 |     11 |     0.2382 |
|        1 |          2 |           785.40 |       783.16 |       787.89 |                  6.88 |                    5.00 |     13 |     0.7544 |
|        1 |          3 |           785.40 |       777.10 |       777.10 |                 17.45 |                    5.00 |     16 |     0.8989 |
|        1 |          4 |           785.40 |       777.10 |       793.68 |                 16.13 |                    5.00 |     19 |     1.0511 |
|        1 |          5 |           785.40 |       777.10 |       793.56 |                 16.54 |                    5.00 |     19 |     1.1331 |
|        1 |          6 |           785.40 |       777.10 |       794.95 |                 16.48 |                    5.00 |     19 |     1.1943 |
|        1 |          7 |           785.40 |       777.10 |       794.85 |                 15.93 |                    5.00 |     19 |     1.2622 |
|        1 |          8 |           785.40 |       777.10 |       791.83 |                 20.35 |                    5.00 |     21 |     1.3799 |
|        1 |          9 |           785.40 |       777.10 |       791.68 |                 13.52 |                    5.00 |     25 |     1.5340 |
|        1 |         10 |           785.40 |       777.10 |       790.14 |                 18.75 |                    5.00 |     25 |     1.5866 |
|        1 |         11 |           785.40 |       777.10 |       790.53 |                 22.13 |                    5.00 |     28 |     1.6627 |
|        1 |         12 |           785.40 |       777.10 |       782.26 |                 14.32 |                    5.00 |     30 |     1.7459 |
|        1 |         13 |           785.40 |       771.92 |       771.92 |                 14.73 |                    5.00 |     30 |     1.7838 |
|        1 |         14 |           785.40 |       771.92 |       775.15 |                 12.15 |                    5.00 |     32 |     1.8294 |
|        1 |         15 |           785.40 |       768.80 |       768.80 |                 16.03 |                    5.00 |     32 |     1.8763 |
|        1 |         16 |           785.40 |       768.80 |       776.57 |                 10.60 |                    5.00 |     32 |     1.9314 |
|        1 |         17 |           785.40 |       766.30 |       766.30 |                 19.85 |                    5.00 |     32 |     1.9923 |
|        1 |         18 |           785.40 |       766.30 |       784.17 |                 18.43 |                    5.00 |     32 |     2.0547 |
|        1 |         19 |           785.40 |       766.30 |       781.36 |                 19.52 |                    5.00 |     32 |     2.1016 |
|        1 |         20 |           785.40 |       766.30 |       782.75 |                 14.26 |                    5.00 |     32 |     2.1662 |
|        1 |         21 |           785.40 |       766.30 |       777.08 |                 15.40 |                    5.00 |     33 |     2.2223 |
|        1 |         22 |           785.40 |       766.30 |       780.55 |                 16.46 |                    5.00 |     35 |     2.2816 |
|        1 |         23 |           785.40 |       766.30 |       777.74 |                 12.16 |                    5.00 |     35 |     2.3281 |
|        1 |         24 |           785.40 |       766.30 |       768.29 |                 19.28 |                    5.00 |     38 |     2.4848 |
|        1 |         25 |           785.40 |       755.32 |       755.32 |                 16.64 |                    5.00 |     39 |     2.6357 |
|        1 |          0 |           757.90 |       755.32 |       757.90 |                 13.04 |                    5.00 |     40 |     2.7017 |
|        1 |          1 |           757.90 |       737.03 |       737.03 |                 16.65 |                    5.00 |     42 |     2.7939 |
|        1 |          2 |           757.90 |       737.03 |       748.93 |                 18.35 |                    5.00 |     42 |     2.8539 |
|        1 |          0 |           749.40 |       737.03 |       749.40 |                 11.67 |                    5.00 |     43 |     2.8905 |
|        1 |          1 |           749.40 |       734.75 |       734.75 |                 13.36 |                    5.00 |     43 |     2.9937 |
|        1 |          2 |           749.40 |       734.75 |       745.94 |                 17.74 |                    5.00 |     43 |     3.1042 |
|        1 |          3 |           749.40 |       734.75 |       748.71 |                 13.63 |                    5.00 |     43 |     3.1665 |
|        1 |          4 |           749.40 |       734.75 |       760.83 |                 17.74 |                    5.00 |     44 |     3.2822 |
|        1 |          5 |           749.40 |       734.75 |       760.83 |                 15.71 |                    5.00 |     44 |     3.3132 |
|        1 |          6 |           749.40 |       734.75 |       761.30 |                 15.04 |                    5.00 |     44 |     3.3711 |
|        1 |          7 |           749.40 |       734.75 |       761.20 |                 16.90 |                    5.00 |     44 |     3.4233 |
|        1 |          8 |           749.40 |       734.75 |       764.14 |                 10.96 |                    5.00 |     45 |     3.4816 |
|        1 |          9 |           749.40 |       734.75 |       763.47 |                 18.31 |                    5.00 |     45 |     3.5911 |
|        1 |         10 |           749.40 |       734.75 |       763.68 |                 17.89 |                    5.00 |     45 |     3.6405 |
|        1 |         11 |           749.40 |       734.75 |       755.04 |                 10.04 |                    5.00 |     46 |     3.7712 |
|        1 |         12 |           749.40 |       734.75 |       736.39 |                 16.67 |                    5.00 |     46 |     3.8174 |
|        1 |         13 |           749.40 |       734.75 |       748.85 |                 17.64 |                    5.00 |     46 |     3.8764 |
|        1 |         14 |           749.40 |       734.75 |       749.38 |                 11.32 |                    5.00 |     46 |     3.9440 |
|        1 |         15 |           749.40 |       734.75 |       737.45 |                 17.17 |                    5.00 |     46 |     3.9976 |
|        1 |         16 |           749.40 |       734.75 |       758.25 |                 17.86 |                    5.00 |     46 |     4.2493 |
|        1 |         17 |           749.40 |       734.75 |       798.30 |                 22.42 |                    5.00 |     46 |     4.3014 |
|        1 |         18 |           749.40 |       734.75 |       769.40 |                 12.02 |                    5.00 |     47 |     4.3684 |
|        1 |         19 |           749.40 |       734.75 |       757.79 |                 15.37 |                    5.00 |     47 |     4.4374 |
|        1 |         20 |           749.40 |       731.76 |       731.76 |                 11.19 |                    5.00 |     47 |     4.8015 |
|        1 |         21 |           749.40 |       731.76 |       738.83 |                  8.42 |                    5.00 |     47 |     4.8847 |
|        1 |         22 |           749.40 |       731.76 |       734.66 |                  7.75 |                    5.00 |     47 |     4.9496 |
|        1 |         23 |           749.40 |       731.76 |       759.73 |                 13.12 |                    5.00 |     49 |     5.0047 |
|        1 |         24 |           749.40 |       731.76 |       761.59 |                 17.99 |                    5.00 |     49 |     5.0703 |
|        1 |         25 |           749.40 |       731.76 |       761.59 |                 17.42 |                    5.00 |     49 |     5.1066 |
|        1 |         26 |           749.40 |       731.76 |       764.02 |                 13.91 |                    5.00 |     49 |     5.1753 |
|        1 |         27 |           749.40 |       731.76 |       758.28 |                 12.68 |                    5.00 |     49 |     5.2124 |
|        1 |         28 |           749.40 |       731.76 |       732.41 |                 13.24 |                    5.00 |     49 |     5.3169 |
|        1 |         29 |           749.40 |       731.76 |       742.31 |                 17.30 |                    5.00 |     49 |     5.3533 |
|        1 |         30 |           749.40 |       731.76 |       743.85 |                 17.75 |                    5.00 |     49 |     5.4317 |
|        1 |         31 |           749.40 |       731.76 |       748.05 |                 11.98 |                    5.00 |     49 |     5.4779 |
|        1 |         32 |           749.40 |       731.76 |       739.84 |                 12.80 |                    5.00 |     49 |     5.5356 |
|        1 |         33 |           749.40 |       731.76 |       758.00 |                 17.40 |                    5.00 |     49 |     5.5836 |
|        1 |         34 |           749.40 |       731.76 |       763.96 |                 11.73 |                    5.00 |     49 |     5.6585 |
|        1 |         35 |           749.40 |       731.76 |       754.05 |                 15.15 |                    5.00 |     49 |     5.7190 |
|        1 |         36 |           749.40 |       731.76 |       764.03 |                 10.96 |                    5.00 |     49 |     5.7757 |
|        1 |         37 |           749.40 |       731.76 |       752.71 |                 15.50 |                    5.00 |     49 |     5.8287 |
|        1 |         38 |           749.40 |       731.76 |       762.81 |                 11.00 |                    5.00 |     49 |     5.8791 |
|        1 |         39 |           749.40 |       731.76 |       752.11 |                 16.19 |                    5.00 |     49 |     5.9244 |
|        1 |         40 |           749.40 |       731.76 |       762.60 |                 16.47 |                    5.00 |     49 |     5.9648 |
|        1 |         41 |           749.40 |       731.76 |       760.25 |                 10.55 |                    5.00 |     49 |     6.0420 |
|        1 |         42 |           749.40 |       731.76 |       751.87 |                 13.10 |                    5.00 |     49 |     6.0946 |
|        1 |         43 |           749.40 |       731.76 |       757.36 |                  9.48 |                    5.00 |     49 |     6.1530 |
|        1 |         44 |           749.40 |       731.76 |       751.90 |                 17.38 |                    5.00 |     49 |     6.2122 |
|        1 |         45 |           749.40 |       731.76 |       753.70 |                  5.00 |                    5.00 |     52 |     6.3473 |
|        1 |         46 |           749.40 |       706.76 |       706.76 |                  8.22 |                    5.00 |     52 |     6.4093 |
|        1 |         47 |           749.40 |       706.76 |       724.21 |                 16.02 |                    5.00 |     52 |     6.4628 |
|        1 |         48 |           749.40 |       706.76 |       746.30 |                 10.38 |                    5.00 |     52 |     6.5122 |
|        1 |         49 |           749.40 |       706.76 |       735.70 |                 16.73 |                    5.00 |     52 |     6.5643 |
|        1 |         50 |           749.40 |       706.76 |       745.75 |                 17.86 |                    5.00 |     52 |     6.6290 |
|        1 |         51 |           749.40 |       706.76 |       753.70 |                  8.66 |                    5.00 |     53 |     6.6864 |
|        1 |         52 |           749.40 |       706.76 |       721.75 |                 13.24 |                    5.00 |     53 |     6.7603 |
|        1 |         53 |           749.40 |       706.76 |       758.67 |                 15.63 |                    5.00 |     53 |     6.8166 |
|        1 |         54 |           749.40 |       706.76 |       762.88 |                 16.71 |                    5.00 |     53 |     6.8662 |
|        1 |         55 |           749.40 |       706.76 |       762.69 |                 16.95 |                    5.00 |     53 |     6.9647 |
|        1 |         56 |           749.40 |       706.76 |       758.82 |                 18.29 |                    5.00 |     53 |     7.0296 |
|        1 |         57 |           749.40 |       706.76 |       774.10 |                 10.31 |                    5.00 |     55 |     7.0795 |
|        1 |         58 |           749.40 |       706.76 |       730.43 |                 14.73 |                    5.00 |     57 |     7.1477 |
|        1 |         59 |           749.40 |       706.76 |       751.91 |                 14.69 |                    5.00 |     57 |     7.1989 |
|        1 |         60 |           749.40 |       705.41 |       705.41 |                 11.63 |                    5.00 |     58 |     7.4118 |
|        1 |         61 |           749.40 |       705.41 |       719.90 |                 21.34 |                    5.00 |     58 |     7.4588 |
|        1 |         62 |           749.40 |       705.41 |       748.97 |                 32.42 |                    5.00 |     58 |     7.4925 |
|        1 |         63 |           749.40 |       705.41 |       750.70 |                 21.47 |                    5.00 |     61 |     7.5302 |
|        1 |         64 |           749.40 |       705.41 |       756.20 |                 18.77 |                    5.00 |     63 |     7.5971 |
|        1 |         65 |           749.40 |       705.41 |       756.01 |                 18.13 |                    5.00 |     64 |     7.6741 |
|        1 |         66 |           749.40 |       705.41 |       756.01 |                 14.63 |                    5.00 |     64 |     7.7397 |
|        1 |         67 |           749.40 |       705.41 |       749.25 |                 15.61 |                    5.00 |     65 |     7.8188 |
|        1 |         68 |           749.40 |       705.41 |       748.59 |                 14.79 |                    5.00 |     65 |     7.8894 |
|        1 |         69 |           749.40 |       705.41 |       752.17 |                 10.77 |                    5.00 |     65 |     7.9897 |
|        1 |         70 |           749.40 |       705.41 |       751.86 |                 16.01 |                    5.00 |     66 |     8.0452 |
|        1 |         71 |           749.40 |       705.41 |       757.05 |                 16.44 |                    5.00 |     67 |     8.1062 |
|        1 |         72 |           749.40 |       705.41 |       759.99 |                 15.11 |                    5.00 |     67 |     8.1770 |
|        1 |         73 |           749.40 |       705.41 |       758.31 |                 17.85 |                    5.00 |     67 |     8.2288 |
|        1 |         74 |           749.40 |       705.41 |       758.21 |                 16.19 |                    5.00 |     67 |     8.3649 |
|        1 |         75 |           749.40 |       705.41 |       760.91 |                 11.11 |                    5.00 |     67 |     8.4710 |
|        1 |         76 |           749.40 |       705.41 |       752.35 |                 15.73 |                    5.00 |     67 |     8.5158 |
|        1 |         77 |           749.40 |       705.41 |       761.99 |                 11.74 |                    5.00 |     67 |     8.5618 |
|        1 |         78 |           749.40 |       705.41 |       754.18 |                 18.70 |                    5.00 |     67 |     8.6471 |
|        1 |         79 |           749.40 |       705.41 |       764.00 |                 20.99 |                    5.00 |     67 |     8.7195 |
|        1 |         80 |           749.40 |       705.41 |       755.80 |                  9.18 |                    5.00 |     67 |     8.8126 |
|        1 |         81 |           749.40 |       705.41 |       773.20 |                  6.99 |                    5.00 |     69 |     8.8709 |
|        1 |         82 |           749.40 |       705.41 |       727.60 |                 10.33 |                    5.00 |     70 |     8.9742 |
|        1 |         83 |           749.40 |       705.41 |       751.36 |                 10.80 |                    5.00 |     70 |     9.0646 |
|        1 |         84 |           749.40 |       705.41 |       739.65 |                 17.39 |                    5.00 |     70 |     9.1175 |
|        1 |         85 |           749.40 |       705.41 |       759.03 |                 19.88 |                    5.00 |     70 |     9.2187 |
|        1 |         86 |           749.40 |       705.41 |       763.12 |                 17.52 |                    5.00 |     70 |     9.3219 |
|        1 |         87 |           749.40 |       705.41 |       752.42 |                 17.74 |                    5.00 |     70 |     9.4410 |
|        1 |         88 |           749.40 |       705.41 |       753.38 |                 16.45 |                    5.00 |     70 |     9.5311 |
|        1 |         89 |           749.40 |       705.41 |       751.74 |                 19.80 |                    5.00 |     72 |     9.6078 |
|        1 |         90 |           749.40 |       705.41 |       756.88 |                 18.02 |                    5.00 |     72 |     9.6716 |
|        1 |         91 |           749.40 |       705.41 |       758.30 |                 17.43 |                    5.00 |     72 |     9.7259 |
|        1 |         92 |           749.40 |       705.41 |       756.56 |                 14.05 |                    5.00 |     73 |     9.8234 |
|        1 |         93 |           749.40 |       705.41 |       751.76 |                 17.28 |                    5.00 |     73 |     9.9017 |
|        1 |         94 |           749.40 |       705.41 |       732.19 |                 13.75 |                    5.00 |     73 |    10.0301 |
|        1 |         95 |           749.40 |       705.41 |       743.07 |                  8.47 |                    5.00 |     73 |    10.1100 |
|        1 |         96 |           749.40 |       705.41 |       731.95 |                  7.85 |                    5.00 |     73 |    10.1935 |
|        1 |         97 |           749.40 |       705.41 |       728.12 |                 12.91 |                    5.00 |     73 |    10.2485 |
|        1 |         98 |           749.40 |       705.41 |       737.14 |                 10.12 |                    5.00 |     73 |    10.2969 |
|        1 |         99 |           749.40 |       705.41 |       732.55 |                 15.83 |                    5.00 |     73 |    10.3401 |
|        1 |        100 |           749.40 |       705.41 |       741.32 |                 13.57 |                    5.00 |     73 |    10.4134 |
|        1 |        101 |           749.40 |       705.41 |       744.85 |                 10.51 |                    5.00 |     73 |    10.4996 |
|        1 |        102 |           749.40 |       705.41 |       733.55 |                 14.44 |                    5.00 |     73 |    10.5479 |
|        1 |        103 |           749.40 |       705.41 |       757.23 |                 17.74 |                    5.00 |     75 |    10.6177 |
|        1 |        104 |           749.40 |       705.41 |       763.15 |                 14.58 |                    5.00 |     75 |    10.7612 |
|        1 |        105 |           749.40 |       705.41 |       756.06 |                 17.00 |                    5.00 |     75 |    10.8911 |
|        1 |        106 |           749.40 |       705.41 |       759.24 |                 17.40 |                    5.00 |     75 |    11.0107 |
|        1 |        107 |           749.40 |       705.41 |       763.24 |                 13.23 |                    5.00 |     75 |    11.0811 |
|        1 |        108 |           749.40 |       705.41 |       757.88 |                 11.25 |                    5.00 |     75 |    11.1443 |
|        1 |        109 |           749.40 |       705.41 |       753.38 |                 15.44 |                    5.00 |     75 |    11.2005 |
|        1 |        110 |           749.40 |       705.41 |       760.69 |                 14.07 |                    5.00 |     75 |    11.2536 |
|        1 |        111 |           749.40 |       705.41 |       761.52 |                 12.81 |                    5.00 |     75 |    11.3291 |
|        1 |        112 |           749.40 |       705.41 |       756.90 |                  6.65 |                    5.00 |     75 |    11.4364 |
|        1 |        113 |           749.40 |       705.41 |       756.90 |                  5.00 |                    5.00 |     75 |    11.4904 |
|        1 |        114 |           749.40 |       705.41 |       727.21 |                 10.44 |                    5.00 |     75 |    11.5544 |
|        1 |        115 |           749.40 |       705.41 |       732.89 |                  9.78 |                    5.00 |     75 |    11.6449 |
|        1 |        116 |           749.40 |       705.41 |       737.33 |                 18.31 |                    5.00 |     75 |    11.6997 |
|        1 |        117 |           749.40 |       705.41 |       764.25 |                 17.18 |                    5.00 |     75 |    11.7619 |
|        1 |        118 |           749.40 |       705.41 |       764.08 |                 22.87 |                    5.00 |     75 |    11.8233 |
|        1 |        119 |           749.40 |       705.41 |       763.48 |                 15.50 |                    5.00 |     75 |    11.9657 |
|        1 |        120 |           749.40 |       705.41 |       760.79 |                 13.43 |                    5.00 |     75 |    12.0268 |
|        1 |        121 |           749.40 |       705.41 |       758.61 |                 16.52 |                    5.00 |     75 |    12.0791 |
|        1 |        122 |           749.40 |       705.41 |       763.32 |                 15.75 |                    5.00 |     75 |    12.1989 |
|        1 |        123 |           749.40 |       705.41 |       756.90 |                  5.53 |                    5.00 |     75 |    12.3316 |
|        1 |        124 |           749.40 |       705.41 |       711.27 |                  9.08 |                    5.00 |     75 |    12.3976 |
|        1 |        125 |           749.40 |       705.41 |       734.87 |                 18.03 |                    5.00 |     75 |    12.4872 |
|        1 |        126 |           749.40 |       705.41 |       749.60 |                 14.56 |                    5.00 |     75 |    12.5579 |
|        1 |        127 |           749.40 |       705.41 |       756.97 |                 11.42 |                    5.00 |     75 |    12.6212 |
|        1 |        128 |           749.40 |       705.41 |       753.62 |                 17.67 |                    5.00 |     75 |    12.6716 |
|        1 |        129 |           749.40 |       705.41 |       763.70 |                 17.43 |                    5.00 |     75 |    12.7307 |
|        1 |        130 |           749.40 |       705.41 |       771.50 |                  7.49 |                    5.00 |     76 |    12.7953 |
|        1 |        131 |           749.40 |       705.41 |       718.71 |                 12.05 |                    5.00 |     76 |    12.8678 |
|        1 |        132 |           749.40 |       705.41 |       741.44 |                 15.90 |                    5.00 |     76 |    12.9154 |
|        1 |        133 |           749.40 |       705.41 |       762.45 |                 14.05 |                    5.00 |     76 |    12.9662 |
|        1 |        134 |           749.40 |       705.41 |       758.08 |                 14.28 |                    5.00 |     76 |    13.0195 |
|        1 |        135 |           749.40 |       705.41 |       756.90 |                  5.49 |                    5.00 |     76 |    13.1250 |
|        1 |        136 |           749.40 |       705.41 |       728.12 |                 12.49 |                    5.00 |     77 |    13.2077 |
|        1 |        137 |           749.40 |       705.41 |       756.90 |                  9.59 |                    5.00 |     77 |    13.2732 |
|        1 |        138 |           749.40 |       705.41 |       730.54 |                 13.00 |                    5.00 |     77 |    13.3486 |
|        1 |        139 |           749.40 |       705.41 |       747.45 |                 12.53 |                    5.00 |     77 |    13.4614 |
|        1 |        140 |           749.40 |       705.41 |       750.73 |                 15.57 |                    5.00 |     78 |    13.5013 |
|        1 |        141 |           749.40 |       705.41 |       750.73 |                 14.62 |                    5.00 |     78 |    13.5477 |
|        1 |        142 |           749.40 |       705.41 |       750.81 |                 14.57 |                    5.00 |     78 |    13.6038 |
|        1 |        143 |           749.40 |       705.41 |       749.22 |                 16.38 |                    5.00 |     78 |    13.6406 |
|        1 |        144 |           749.40 |       705.41 |       753.89 |                 13.38 |                    5.00 |     78 |    13.6753 |
|        1 |        145 |           749.40 |       705.41 |       746.03 |                 18.18 |                    5.00 |     78 |    13.7271 |
|        1 |        146 |           749.40 |       705.41 |       753.70 |                  7.81 |                    5.00 |     78 |    13.7982 |
|        1 |        147 |           749.40 |       705.41 |       726.66 |                 10.93 |                    5.00 |     78 |    13.8554 |
|        1 |        148 |           749.40 |       705.41 |       735.15 |                 12.79 |                    5.00 |     78 |    13.8916 |
|        1 |        149 |           749.40 |       705.41 |       742.31 |                 18.64 |                    5.00 |     78 |    13.9411 |
|        1 |        150 |           749.40 |       705.41 |       746.02 |                 17.32 |                    5.00 |     78 |    13.9944 |
|        1 |        151 |           749.40 |       705.41 |       745.98 |                 12.40 |                    5.00 |     78 |    14.0503 |
|        1 |        152 |           749.40 |       705.41 |       756.26 |                 17.53 |                    5.00 |     78 |    14.1004 |
|        1 |        153 |           749.40 |       705.41 |       765.19 |                 25.52 |                    5.00 |     79 |    14.1690 |
|        1 |        154 |           749.40 |       705.41 |       761.70 |                 17.92 |                    5.00 |     80 |    14.2218 |
|        1 |        155 |           749.40 |       705.41 |       761.68 |                 12.98 |                    5.00 |     80 |    14.2517 |
|        1 |        156 |           749.40 |       705.41 |       754.60 |                  5.29 |                    5.00 |     81 |    14.3568 |
|        1 |        157 |           749.40 |       705.41 |       763.50 |                  5.00 |                    5.00 |     81 |    14.3956 |
|        1 |        158 |           749.40 |       705.41 |       709.52 |                  9.93 |                    5.00 |     81 |    14.5039 |
|        1 |        159 |           749.40 |       705.41 |       735.69 |                 17.17 |                    5.00 |     81 |    14.5460 |
|        1 |        160 |           749.40 |       705.41 |       735.69 |                 17.83 |                    5.00 |     81 |    14.5842 |
|        1 |        161 |           749.40 |       705.41 |       752.60 |                 11.33 |                    5.00 |     82 |    14.6293 |
|        1 |        162 |           749.40 |       705.41 |       740.93 |                 18.26 |                    5.00 |     82 |    14.6718 |
|        1 |        163 |           749.40 |       705.41 |       758.00 |                 18.00 |                    5.00 |     84 |    14.7290 |
|        1 |        164 |           749.40 |       705.41 |       749.15 |                 11.55 |                    5.00 |     84 |    14.7827 |
|        1 |        165 |           749.40 |       705.41 |       747.98 |                 16.52 |                    5.00 |     85 |    14.8216 |
|        1 |        166 |           749.40 |       705.41 |       755.08 |                 10.18 |                    5.00 |     85 |    14.8811 |
|        1 |        167 |           749.40 |       705.41 |       754.22 |                 17.23 |                    5.00 |     85 |    14.9424 |
|        1 |        168 |           749.40 |       705.41 |       758.04 |                 23.61 |                    5.00 |     85 |    15.0251 |
|        1 |        169 |           749.40 |       705.41 |       764.70 |                 13.45 |                    5.00 |     85 |    15.0667 |
|        1 |        170 |           749.40 |       705.41 |       758.16 |                 14.08 |                    5.00 |     85 |    15.1199 |
|        1 |        171 |           749.40 |       705.41 |       736.29 |                 11.80 |                    5.00 |     85 |    15.2065 |
|        1 |        172 |           749.40 |       705.41 |       745.42 |                 13.66 |                    5.00 |     85 |    15.2689 |
|        1 |        173 |           749.40 |       705.41 |       752.41 |                 17.27 |                    5.00 |     85 |    15.3478 |
|        1 |        174 |           749.40 |       705.41 |       764.44 |                 18.09 |                    5.00 |     85 |    15.4044 |
|        1 |        175 |           749.40 |       705.41 |       745.69 |                 17.09 |                    5.00 |     85 |    15.5106 |
|        1 |        176 |           749.40 |       705.41 |       764.09 |                 10.01 |                    5.00 |     86 |    15.5770 |
|        1 |        177 |           749.40 |       705.41 |       754.02 |                 17.14 |                    5.00 |     86 |    15.6214 |
|        1 |        178 |           749.40 |       705.41 |       763.43 |                 19.63 |                    5.00 |     86 |    15.6909 |
|        1 |        179 |           749.40 |       705.41 |       771.30 |                 10.96 |                    5.00 |     87 |    15.7387 |
|        1 |        180 |           749.40 |       705.41 |       756.70 |                  5.88 |                    5.00 |     87 |    15.7916 |
|        1 |        181 |           749.40 |       705.41 |       756.70 |                  5.00 |                    5.00 |     87 |    15.8311 |
|        1 |        182 |           749.40 |       705.41 |       735.08 |                 15.19 |                    5.00 |     87 |    16.0131 |
|        1 |        183 |           749.40 |       705.41 |       742.71 |                 10.65 |                    5.00 |     87 |    16.0940 |
|        1 |        184 |           749.40 |       705.41 |       731.08 |                 17.34 |                    5.00 |     87 |    16.1398 |
|        1 |        185 |           749.40 |       705.41 |       743.83 |                 10.17 |                    5.00 |     87 |    16.2010 |
|        1 |        186 |           749.40 |       705.41 |       730.74 |                 17.92 |                    5.00 |     87 |    16.2540 |
|        1 |        187 |           749.40 |       705.41 |       730.81 |                 19.29 |                    5.00 |     87 |    16.3646 |
|        1 |          0 |           747.50 |       705.41 |       747.50 |                 15.44 |                    5.00 |     87 |    16.4046 |
|        1 |          1 |           747.50 |       705.41 |       749.83 |                 17.72 |                    5.00 |     87 |    16.4449 |
|        1 |          2 |           747.50 |       705.41 |       746.39 |                 14.88 |                    5.00 |     87 |    16.5164 |
|        1 |          3 |           747.50 |       705.41 |       761.19 |                 15.28 |                    5.00 |     87 |    16.5744 |
|        1 |          4 |           747.50 |       705.41 |       757.07 |                 14.07 |                    5.00 |     87 |    16.6129 |
|        1 |          5 |           747.50 |       705.41 |       770.85 |                 12.33 |                    5.00 |     87 |    16.6659 |
|        1 |          6 |           747.50 |       705.41 |       771.05 |                 11.58 |                    5.00 |     87 |    16.7061 |
|        1 |          7 |           747.50 |       705.41 |       759.31 |                 15.40 |                    5.92 |     87 |    16.7853 |
|        1 |          8 |           747.50 |       705.41 |       759.31 |                 16.48 |                    5.00 |     87 |    16.8308 |
|        1 |          9 |           747.50 |       705.41 |       759.96 |                 17.62 |                    5.00 |     87 |    16.8827 |
|        1 |         10 |           747.50 |       705.41 |       761.84 |                 14.39 |                    5.00 |     87 |    16.9235 |
|        1 |         11 |           747.50 |       705.41 |       760.59 |                 17.31 |                    5.00 |     88 |    17.0707 |
|        1 |         12 |           747.50 |       705.41 |       761.57 |                 13.99 |                    5.00 |     88 |    17.1161 |
|        1 |         13 |           747.50 |       705.41 |       756.26 |                 17.56 |                    5.00 |     88 |    17.1674 |
|        1 |         14 |           747.50 |       705.41 |       756.26 |                 17.86 |                    5.00 |     88 |    17.2064 |
|        1 |         15 |           747.50 |       705.41 |       762.80 |                  9.45 |                    5.00 |     88 |    17.3110 |
|        1 |         16 |           747.50 |       705.41 |       733.07 |                 13.12 |                    5.00 |     88 |    17.3463 |
|        1 |         17 |           747.50 |       705.41 |       738.85 |                 17.48 |                    5.00 |     88 |    17.3917 |
|        1 |         18 |           747.50 |       705.41 |       731.86 |                 17.91 |                    5.00 |     88 |    17.4783 |
|        1 |          0 |           740.90 |       705.41 |       740.90 |                 17.87 |                    5.00 |     88 |    17.5178 |
|        1 |          1 |           740.90 |       705.41 |       740.57 |                 17.45 |                    5.00 |     88 |    17.5799 |
|        1 |          2 |           740.90 |       705.41 |       740.11 |                 17.39 |                    5.00 |     88 |    17.6437 |
|        1 |          3 |           740.90 |       705.41 |       738.66 |                 17.85 |                    5.00 |     88 |    17.7064 |
|        1 |          4 |           740.90 |       705.41 |       739.85 |                 13.44 |                    5.00 |     88 |    17.7708 |
|        1 |          5 |           740.90 |       705.41 |       733.48 |                 17.91 |                    5.00 |     88 |    17.8220 |
|        1 |          6 |           740.90 |       705.41 |       755.59 |                 16.64 |                    5.00 |     88 |    17.8810 |
|        1 |          7 |           740.90 |       705.41 |       782.85 |                 28.76 |                    5.00 |     88 |    17.9241 |
|        1 |          8 |           740.90 |       705.41 |       760.90 |                 13.93 |                    5.00 |     90 |    17.9978 |
|        1 |          9 |           740.90 |       705.41 |       753.65 |                 25.48 |                    5.00 |     90 |    18.0980 |
|        1 |         10 |           740.90 |       705.41 |       753.65 |                 17.90 |                    5.00 |     90 |    18.1475 |
|        1 |         11 |           740.90 |       705.41 |       753.34 |                 14.98 |                    5.00 |     91 |    18.2914 |
|        1 |         12 |           740.90 |       705.41 |       751.06 |                 17.71 |                    5.00 |     91 |    18.3340 |
|        1 |         13 |           740.90 |       705.41 |       751.32 |                 16.75 |                    5.00 |     91 |    18.4163 |
|        1 |         14 |           740.90 |       705.41 |       754.99 |                 19.18 |                    5.00 |     91 |    18.4930 |
|        1 |         15 |           740.90 |       705.41 |       753.85 |                 15.96 |                    5.00 |     91 |    18.5483 |
|        1 |         16 |           740.90 |       705.41 |       753.01 |                 25.12 |                    5.00 |     91 |    18.6543 |
|        1 |         17 |           740.90 |       705.41 |       756.00 |                 11.58 |                    8.64 |     91 |    18.7148 |
|        1 |         18 |           740.90 |       705.41 |       757.95 |                 17.00 |                    5.00 |     91 |    18.8010 |
|        1 |         19 |           740.90 |       705.41 |       756.13 |                 14.41 |                    5.00 |     91 |    18.8833 |
|        1 |         20 |           740.90 |       705.41 |       750.59 |                 20.60 |                    5.00 |     91 |    18.9301 |
|        1 |         21 |           740.90 |       705.41 |       750.59 |                 18.78 |                    5.00 |     91 |    18.9679 |
|        1 |         22 |           740.90 |       705.41 |       755.49 |                 11.92 |                    5.00 |     91 |    19.0542 |
|        1 |         23 |           740.90 |       705.41 |       738.53 |                 18.74 |                    5.00 |     91 |    19.1685 |
|        1 |         24 |           740.90 |       705.41 |       745.18 |                 18.46 |                    5.00 |     91 |    19.2517 |
|        1 |         25 |           740.90 |       705.41 |       745.18 |                 18.22 |                    5.00 |     91 |    19.3002 |
|        1 |         26 |           740.90 |       705.41 |       740.92 |                 13.44 |                    5.00 |     91 |    19.3691 |
|        1 |         27 |           740.90 |       705.41 |       738.13 |                 17.38 |                    5.00 |     91 |    19.4218 |
|        1 |         28 |           740.90 |       705.41 |       764.16 |                 13.49 |                    5.00 |     91 |    19.4712 |
|        1 |         29 |           740.90 |       705.41 |       758.18 |                 10.79 |                    5.00 |     91 |    19.5237 |
|        1 |         30 |           740.90 |       705.41 |       729.92 |                 11.98 |                    5.00 |     91 |    19.6105 |
|        1 |         31 |           740.90 |       705.41 |       740.18 |                 17.11 |                    5.00 |     91 |    19.6587 |
|        1 |         32 |           740.90 |       705.41 |       748.05 |                 10.88 |                    5.00 |     91 |    19.7022 |
|        1 |         33 |           740.90 |       705.41 |       737.26 |                 15.88 |                    5.00 |     91 |    19.7415 |
|        1 |         34 |           740.90 |       705.41 |       737.26 |                 17.33 |                    5.00 |     91 |    19.7817 |
|        1 |         35 |           740.90 |       705.41 |       743.94 |                 17.61 |                    5.00 |     91 |    19.8438 |
|        1 |         36 |           740.90 |       705.41 |       744.45 |                 10.02 |                    5.00 |     91 |    19.9086 |
|        1 |         37 |           740.90 |       705.41 |       731.34 |                 13.07 |                    5.00 |     91 |    19.9630 |
------------------------------------------------------------------------------------------------------------------------------------------------
|  Restart |  Iteration |  Best Feas. Cost |    Best Cost |   Curr. Cost |   Penalty Custom Res. |   Penalty Standard Res. |   Pool |   Time (s) |
------------------------------------------------------------------------------------------------------------------------------------------------
|        1 |         38 |           740.90 |       705.41 |       744.65 |                 13.93 |                    5.00 |     92 |    20.0550 |
|        1 |         39 |           740.90 |       705.41 |       757.14 |                 19.70 |                    5.00 |     92 |    20.1068 |
|        1 |         40 |           740.90 |       705.41 |       753.50 |                  5.39 |                    5.00 |     92 |    20.2178 |
|        1 |         41 |           740.90 |       705.41 |       753.50 |                  5.00 |                    5.00 |     92 |    20.2423 |
|        1 |         42 |           740.90 |       705.41 |       753.50 |                  5.00 |                    5.00 |     92 |    20.2780 |
|        1 |         43 |           740.90 |       705.41 |       753.50 |                  5.00 |                    5.00 |     92 |    20.3193 |
|        1 |         44 |           740.90 |       705.41 |       728.36 |                  9.64 |                    5.00 |     94 |    20.4066 |
|        1 |         45 |           740.90 |       705.41 |       737.07 |                 15.53 |                    5.00 |     94 |    20.4533 |
|        1 |         46 |           740.90 |       705.41 |       747.05 |                 15.48 |                    5.00 |     94 |    20.5103 |
|        1 |         47 |           740.90 |       705.41 |       756.27 |                 14.83 |                    5.00 |     95 |    20.5542 |
|        1 |         48 |           740.90 |       705.41 |       741.04 |                 17.68 |                    5.00 |     95 |    20.6152 |
|        1 |         49 |           740.90 |       705.41 |       748.24 |                 18.13 |                    5.00 |     95 |    20.6942 |
|        1 |         50 |           740.90 |       705.41 |       768.80 |                 11.08 |                    5.00 |     95 |    20.7335 |
|        1 |         51 |           740.90 |       705.41 |       755.99 |                 16.81 |                    5.00 |     96 |    20.7816 |
|        1 |         52 |           740.90 |       705.41 |       757.70 |                  8.69 |                    5.00 |     96 |    20.9264 |
|        1 |         53 |           740.90 |       705.41 |       733.34 |                  6.75 |                    5.00 |     96 |    20.9622 |
|        1 |         54 |           740.90 |       705.41 |       719.45 |                 13.42 |                    5.00 |     96 |    21.0172 |
|        1 |         55 |           740.90 |       705.41 |       766.23 |                 17.53 |                    5.00 |     96 |    21.0676 |
|        1 |         56 |           740.90 |       705.41 |       762.50 |                 13.20 |                    5.00 |     96 |    21.1220 |
|        1 |         57 |           740.90 |       705.41 |       754.80 |                 16.57 |                    5.00 |     96 |    21.1638 |
|        1 |         58 |           740.90 |       705.41 |       753.86 |                 17.48 |                    5.00 |     96 |    21.2615 |
|        1 |         59 |           740.90 |       705.41 |       763.47 |                 16.40 |                    5.00 |     96 |    21.3199 |
|        1 |         60 |           740.90 |       705.41 |       771.90 |                  9.43 |                    5.00 |     97 |    21.3653 |
|        1 |         61 |           740.90 |       705.41 |       733.70 |                 16.55 |                    5.00 |     97 |    21.4843 |
|        1 |         62 |           740.90 |       705.41 |       748.39 |                 17.70 |                    5.00 |     97 |    21.5262 |
|        1 |         63 |           740.90 |       705.41 |       747.95 |                 17.80 |                    5.00 |     97 |    21.5899 |
|        1 |         64 |           740.90 |       705.41 |       756.70 |                  9.74 |                    5.00 |     97 |    21.6459 |
|        1 |         65 |           740.90 |       705.41 |       756.70 |                  6.25 |                    5.00 |     97 |    21.6869 |
|        1 |         66 |           740.90 |       705.41 |       712.20 |                  5.80 |                    5.00 |     97 |    21.7551 |
|        1 |         67 |           740.90 |       705.41 |       721.32 |                  9.92 |                    5.00 |     97 |    21.7970 |
|        1 |         68 |           740.90 |       705.41 |       746.91 |                 16.15 |                    5.00 |     97 |    21.8346 |
|        1 |         69 |           740.90 |       705.41 |       746.52 |                 18.33 |                    5.00 |     97 |    21.8901 |
|        1 |         70 |           740.90 |       705.41 |       755.98 |                 19.40 |                    5.00 |     97 |    21.9570 |
|        1 |         71 |           740.90 |       705.41 |       763.43 |                 12.65 |                    5.00 |     97 |    22.0672 |
|        1 |         72 |           740.90 |       705.41 |       755.32 |                 22.99 |                    5.00 |     97 |    22.1113 |
|        1 |         73 |           740.90 |       705.41 |       816.30 |                 37.81 |                    5.00 |     98 |    22.1539 |
|        1 |         74 |           740.90 |       705.41 |       787.40 |                 18.34 |                    5.00 |     98 |    22.2091 |
|        1 |         75 |           740.90 |       705.41 |       787.40 |                 11.54 |                    5.00 |     98 |    22.2577 |
|        1 |         76 |           740.90 |       705.41 |       751.64 |                 12.08 |                    5.00 |     98 |    22.3273 |
|        1 |         77 |           740.90 |       705.41 |       773.29 |                  9.47 |                    5.00 |     98 |    22.3772 |
|        1 |         78 |           740.90 |       705.41 |       766.45 |                 17.70 |                    5.00 |     98 |    22.4496 |
|        1 |         79 |           740.90 |       705.41 |       780.46 |                 17.77 |                    5.00 |     98 |    22.5438 |
|        1 |         80 |           740.90 |       705.41 |       763.28 |                 17.70 |                    5.00 |     98 |    22.6039 |
|        1 |         81 |           740.90 |       705.41 |       763.47 |                 17.81 |                    5.00 |     98 |    22.6636 |
|        1 |         82 |           740.90 |       705.41 |       796.55 |                 10.55 |                    5.00 |     99 |    22.7210 |
|        1 |         83 |           740.90 |       705.41 |       751.45 |                 27.69 |                    5.00 |    101 |    22.7927 |
|        1 |         84 |           740.90 |       705.41 |       777.00 |                 19.60 |                    5.00 |    105 |    22.8920 |
|        1 |         85 |           740.90 |       705.41 |       775.31 |                 19.54 |                    5.00 |    105 |    22.9847 |
|        1 |         86 |           740.90 |       705.41 |       773.00 |                 13.46 |                    5.00 |    107 |    23.0569 |
|        1 |         87 |           740.90 |       705.41 |       782.70 |                  7.98 |                    5.00 |    109 |    23.1053 |
|        1 |         88 |           740.90 |       705.41 |       769.14 |                 11.74 |                    5.00 |    111 |    23.1564 |
|        1 |         89 |           740.90 |       705.41 |       765.11 |                 10.55 |                    5.00 |    111 |    23.2806 |
|        1 |         90 |           740.90 |       705.41 |       754.55 |                 15.06 |                    5.00 |    111 |    23.3371 |
|        1 |         91 |           740.90 |       705.41 |       761.36 |                 17.58 |                    5.00 |    111 |    23.4131 |
|        1 |         92 |           740.90 |       705.41 |       727.82 |                 13.33 |                    5.00 |    112 |    23.5236 |
|        1 |         93 |           740.90 |       705.41 |       771.50 |                 11.87 |                    5.00 |    112 |    23.6098 |
|        1 |         94 |           740.90 |       705.41 |       756.90 |                 10.60 |                    5.00 |    112 |    23.6630 |
|        1 |         95 |           740.90 |       705.41 |       735.19 |                 15.09 |                    5.00 |    112 |    23.7588 |
|        1 |         96 |           740.90 |       705.41 |       743.70 |                 11.03 |                    5.00 |    112 |    23.8152 |
|        1 |         97 |           740.90 |       705.41 |       753.79 |                 17.59 |                    5.00 |    112 |    23.8663 |
|        1 |         98 |           740.90 |       705.41 |       763.98 |                 12.82 |                    5.00 |    112 |    23.9636 |
|        1 |         99 |           740.90 |       705.41 |       756.06 |                  8.83 |                    5.00 |    112 |    24.0176 |
|        1 |        100 |           740.90 |       705.41 |       735.19 |                 16.67 |                    5.00 |    112 |    24.0848 |
|        1 |        101 |           740.90 |       705.41 |       761.17 |                 17.25 |                    5.00 |    112 |    24.1767 |
|        1 |        102 |           740.90 |       705.41 |       756.80 |                  8.49 |                    5.00 |    112 |    24.3259 |
|        1 |        103 |           740.90 |       705.41 |       719.90 |                 13.65 |                    5.00 |    112 |    24.3941 |
|        1 |        104 |           740.90 |       705.41 |       749.74 |                 12.69 |                    5.00 |    112 |    24.4403 |
|        1 |        105 |           740.90 |       705.41 |       743.48 |                 18.84 |                    5.00 |    112 |    24.5170 |
|        1 |        106 |           740.90 |       705.41 |       741.69 |                 17.81 |                    5.00 |    112 |    24.6120 |
|        1 |        107 |           740.90 |       705.41 |       743.86 |                  9.25 |                    5.00 |    112 |    24.6817 |
|        1 |        108 |           740.90 |       705.41 |       727.96 |                 14.47 |                    5.00 |    112 |    24.7238 |
|        1 |        109 |           740.90 |       705.41 |       758.53 |                 15.63 |                    5.00 |    112 |    24.7733 |
|        1 |        110 |           740.90 |       705.41 |       758.53 |                 11.90 |                    5.00 |    112 |    24.8126 |
|        1 |        111 |           740.90 |       705.41 |       752.81 |                 11.63 |                    5.00 |    112 |    24.8571 |
|        1 |        112 |           740.90 |       705.41 |       752.00 |                 10.18 |                    5.00 |    112 |    24.9068 |
|        1 |        113 |           740.90 |       705.41 |       749.87 |                 17.06 |                    5.00 |    112 |    24.9690 |
|        1 |        114 |           740.90 |       705.41 |       748.84 |                 16.45 |                    5.00 |    112 |    25.0785 |
|        1 |        115 |           740.90 |       705.41 |       732.39 |                 14.06 |                    5.00 |    112 |    25.1970 |
|        1 |        116 |           740.90 |       705.41 |       741.32 |                 11.25 |                    5.00 |    112 |    25.2451 |
|        1 |        117 |           740.90 |       705.41 |       736.38 |                 17.59 |                    5.00 |    112 |    25.2939 |
|        1 |        118 |           740.90 |       705.41 |       744.66 |                 16.15 |                    5.00 |    112 |    25.3739 |
|        1 |        119 |           740.90 |       705.41 |       744.54 |                 10.88 |                    5.00 |    112 |    25.4435 |
|        1 |        120 |           740.90 |       705.41 |       760.98 |                 11.29 |                    5.00 |    113 |    25.4945 |
|        1 |        121 |           740.90 |       705.41 |       735.95 |                 14.88 |                    5.00 |    113 |    25.5638 |
|        1 |        122 |           740.90 |       705.41 |       751.40 |                  9.09 |                    5.00 |    113 |    25.6126 |
|        1 |        123 |           740.90 |       705.41 |       751.40 |                  5.78 |                    5.00 |    113 |    25.6575 |
|        1 |        124 |           740.90 |       705.41 |       710.13 |                  9.93 |                    5.00 |    113 |    25.7480 |
|        1 |        125 |           740.90 |       705.41 |       730.77 |                 17.13 |                    5.00 |    113 |    25.8308 |
|        1 |        126 |           740.90 |       705.41 |       754.50 |                 10.26 |                    5.00 |    114 |    25.8829 |
|        1 |        127 |           740.90 |       705.41 |       751.50 |                 15.25 |                    5.00 |    114 |    25.9431 |
|        1 |        128 |           740.90 |       705.41 |       738.66 |                 16.62 |                    5.00 |    114 |    26.0191 |
|        1 |        129 |           740.90 |       705.41 |       735.21 |                 16.22 |                    5.00 |    114 |    26.0988 |
|        1 |        130 |           740.90 |       705.41 |       744.73 |                 23.17 |                    5.00 |    114 |    26.1536 |
|        1 |        131 |           740.90 |       705.41 |       746.40 |                 13.74 |                    5.00 |    114 |    26.2007 |
|        1 |        132 |           740.90 |       705.41 |       738.36 |                 18.07 |                    5.00 |    114 |    26.3788 |
|        1 |        133 |           740.90 |       705.41 |       738.77 |                  7.69 |                    5.00 |    114 |    26.4676 |
|        1 |        134 |           740.90 |       705.41 |       731.50 |                 14.10 |                    5.00 |    114 |    26.5376 |
|        1 |        135 |           740.90 |       705.41 |       731.50 |                 17.71 |                    5.00 |    114 |    26.5857 |
|        1 |        136 |           740.90 |       705.41 |       749.17 |                 13.20 |                    5.00 |    114 |    26.6490 |
|        1 |        137 |           740.90 |       705.41 |       743.52 |                 17.94 |                    5.00 |    114 |    26.6991 |
|        1 |        138 |           740.90 |       705.41 |       746.64 |                  9.14 |                    5.00 |    114 |    26.7724 |
|        1 |        139 |           740.90 |       705.41 |       733.77 |                 14.87 |                    5.00 |    114 |    26.8330 |
|        1 |        140 |           740.90 |       705.41 |       743.09 |                 18.09 |                    5.00 |    114 |    26.9336 |
|        1 |        141 |           740.90 |       705.41 |       749.45 |                 10.40 |                    5.00 |    114 |    27.0019 |
|        1 |        142 |           740.90 |       705.41 |       739.55 |                 12.28 |                    5.00 |    114 |    27.0672 |
|        1 |        143 |           740.90 |       705.41 |       739.48 |                 17.91 |                    5.00 |    114 |    27.1208 |
|        1 |        144 |           740.90 |       705.41 |       748.69 |                 10.93 |                    5.00 |    114 |    27.1845 |
|        1 |        145 |           740.90 |       705.41 |       738.28 |                 16.07 |                    5.00 |    114 |    27.2567 |
|        1 |        146 |           740.90 |       705.41 |       743.79 |                 16.32 |                    5.00 |    114 |    27.3307 |
|        1 |        147 |           740.90 |       705.41 |       747.29 |                 13.19 |                    5.00 |    114 |    27.3810 |
|        1 |        148 |           740.90 |       705.41 |       775.95 |                 17.74 |                    5.00 |    115 |    27.4390 |
|        1 |        149 |           740.90 |       705.41 |       814.90 |                 10.20 |                    5.00 |    119 |    27.4907 |
|        1 |        150 |           740.90 |       705.41 |       814.90 |                  5.31 |                    5.00 |    119 |    27.5484 |
|        1 |        151 |           740.90 |       705.41 |       786.30 |                  5.00 |                    5.00 |    119 |    27.6422 |
|        1 |        152 |           740.90 |       705.41 |       763.00 |                 12.11 |                    5.00 |    119 |    27.7398 |
|        1 |        153 |           740.90 |       705.41 |       761.46 |                 14.81 |                    5.00 |    119 |    27.8699 |
|        1 |        154 |           740.90 |       705.41 |       736.06 |                 14.85 |                    5.00 |    119 |    27.9758 |
|        1 |        155 |           740.90 |       705.41 |       746.21 |                 17.55 |                    5.00 |    119 |    28.0124 |
|        1 |        156 |           740.90 |       705.41 |       749.48 |                 12.67 |                    5.00 |    119 |    28.1036 |
|        1 |        157 |           740.90 |       705.41 |       741.35 |                  9.26 |                    5.00 |    119 |    28.1563 |
|        1 |        158 |           740.90 |       705.41 |       732.14 |                 10.71 |                    5.00 |    119 |    28.2183 |
|        1 |        159 |           740.90 |       705.41 |       734.16 |                 15.79 |                    5.00 |    119 |    28.2538 |
|        1 |        160 |           740.90 |       705.41 |       744.84 |                 17.71 |                    5.00 |    119 |    28.3286 |
|        1 |        161 |           740.90 |       705.41 |       746.33 |                 16.29 |                    5.00 |    119 |    28.3881 |
|        1 |        162 |           740.90 |       705.41 |       764.34 |                 11.11 |                    5.00 |    119 |    28.4412 |
|        1 |        163 |           740.90 |       705.41 |       752.28 |                 18.24 |                    5.00 |    119 |    28.5162 |
|        1 |        164 |           740.90 |       705.41 |       759.94 |                 17.10 |                    5.00 |    119 |    28.5823 |
|        1 |        165 |           740.90 |       705.41 |       764.64 |                 17.57 |                    5.00 |    119 |    28.6288 |
|        1 |        166 |           740.90 |       705.41 |       763.28 |                 11.51 |                    5.00 |    119 |    28.6762 |
|        1 |        167 |           740.90 |       705.41 |       754.39 |                 17.31 |                    5.00 |    119 |    28.7098 |
|        1 |        168 |           740.90 |       705.41 |       733.39 |                 17.63 |                    5.00 |    119 |    28.8883 |
|        1 |        169 |           740.90 |       705.41 |       740.67 |                 16.89 |                    5.00 |    119 |    28.9361 |
|        1 |        170 |           740.90 |       705.41 |       738.60 |                 17.17 |                    5.00 |    119 |    28.9849 |
|        1 |        171 |           740.90 |       705.41 |       740.43 |                 28.21 |                    5.00 |    119 |    29.0365 |
|        1 |        172 |           740.90 |       705.41 |       740.90 |                 14.24 |                    5.00 |    119 |    29.0899 |
|        1 |        173 |           740.90 |       705.41 |       734.14 |                 19.57 |                    5.00 |    119 |    29.1315 |
|        1 |        174 |           740.90 |       705.41 |       734.14 |                 18.57 |                    5.00 |    119 |    29.1711 |
|        1 |        175 |           740.90 |       705.41 |       745.05 |                 15.29 |                    5.00 |    120 |    29.2419 |
|        1 |        176 |           740.90 |       705.41 |       755.14 |                 19.75 |                    5.00 |    120 |    29.3044 |
|        1 |        177 |           740.90 |       705.41 |       751.63 |                 17.56 |                    5.00 |    120 |    29.4174 |
|        1 |        178 |           740.90 |       705.41 |       757.20 |                 16.63 |                    5.00 |    120 |    29.4837 |
|        1 |        179 |           740.90 |       705.41 |       757.01 |                 23.06 |                    5.00 |    120 |    29.5224 |
|        1 |        180 |           740.90 |       705.41 |       757.20 |                 18.83 |                    5.00 |    120 |    29.5577 |
|        1 |        181 |           740.90 |       705.41 |       754.85 |                 16.79 |                    5.00 |    120 |    29.6204 |
|        1 |        182 |           740.90 |       705.41 |       757.03 |                 10.25 |                    5.00 |    120 |    29.6817 |
|        1 |        183 |           740.90 |       705.41 |       752.47 |                 17.00 |                    5.00 |    121 |    29.7367 |
|        1 |        184 |           740.90 |       705.41 |       756.70 |                 23.99 |                    5.00 |    121 |    29.8128 |
|        1 |        185 |           740.90 |       705.41 |       754.90 |                 12.59 |                    5.00 |    121 |    29.8853 |
|        1 |        186 |           740.90 |       705.41 |       745.24 |                 16.23 |                    5.00 |    122 |    29.9871 |
|        1 |        187 |           740.90 |       705.41 |       745.75 |                 17.69 |                    5.00 |    122 |    30.0424 |
|        1 |        188 |           740.90 |       705.41 |       763.84 |                 16.11 |                    5.00 |    124 |    30.0981 |
|        1 |        189 |           740.90 |       705.41 |       765.32 |                 20.62 |                    5.00 |    124 |    30.1485 |
|        1 |        190 |           740.90 |       705.41 |       759.06 |                 17.10 |                    5.00 |    124 |    30.2565 |
|        1 |        191 |           740.90 |       705.41 |       770.90 |                 10.99 |                    5.00 |    124 |    30.2900 |
|        1 |        192 |           740.90 |       705.41 |       752.47 |                 15.81 |                    5.00 |    124 |    30.3851 |
|        1 |        193 |           740.90 |       705.41 |       761.49 |                 11.31 |                    5.00 |    124 |    30.4552 |
|        1 |        194 |           740.90 |       705.41 |       737.47 |                 17.35 |                    5.00 |    124 |    30.5009 |
|        1 |        195 |           740.90 |       705.41 |       767.75 |                 14.43 |                    5.00 |    125 |    30.5555 |
|        1 |        196 |           740.90 |       705.41 |       756.70 |                  6.61 |                    5.00 |    125 |    30.7251 |
|        1 |        197 |           740.90 |       705.41 |       712.70 |                  9.25 |                    5.00 |    125 |    30.7747 |
|        1 |        198 |           740.90 |       705.41 |       731.67 |                 14.32 |                    5.00 |    125 |    30.8166 |
|        1 |        199 |           740.90 |       705.41 |       769.20 |                 12.26 |                    5.00 |    125 |    30.8935 |
|        1 |        200 |           740.90 |       705.41 |       751.68 |                 15.87 |                    5.00 |    125 |    30.9325 |
|        1 |        201 |           740.90 |       705.41 |       768.60 |                 15.49 |                    5.00 |    126 |    30.9984 |
|        1 |        202 |           740.90 |       705.41 |       715.38 |                 10.80 |                    5.00 |    126 |    31.1850 |
|        1 |        203 |           740.90 |       705.41 |       749.43 |                 15.43 |                    5.00 |    126 |    31.2298 |
|        1 |        204 |           740.90 |       705.41 |       757.94 |                 24.36 |                    5.00 |    126 |    31.2748 |
|        1 |        205 |           740.90 |       705.41 |       761.19 |                  9.56 |                    5.00 |    126 |    31.3464 |
|        1 |        206 |           740.90 |       705.41 |       750.24 |                 17.54 |                    5.00 |    126 |    31.3911 |
|        1 |        207 |           740.90 |       705.41 |       769.00 |                  8.51 |                    5.00 |    126 |    31.4483 |
|        1 |        208 |           740.90 |       705.41 |       754.80 |                  5.00 |                    5.00 |    126 |    31.5175 |
|        1 |        209 |           740.90 |       705.41 |       751.60 |                  5.00 |                    5.00 |    126 |    31.5825 |
|        1 |        210 |           740.90 |       705.41 |       707.35 |                 11.19 |                    5.00 |    126 |    31.6469 |
|        1 |        211 |           740.90 |       705.41 |       740.87 |                 17.17 |                    5.00 |    126 |    31.6787 |
|        1 |        212 |           740.90 |       705.41 |       748.44 |                 14.99 |                    5.00 |    126 |    31.7649 |
|        1 |        213 |           740.90 |       705.41 |       756.70 |                  5.11 |                    5.00 |    126 |    31.8742 |
|        1 |        214 |           740.90 |       705.41 |       715.17 |                 12.49 |                    5.00 |    126 |    32.0544 |
|        1 |        215 |           740.90 |       705.41 |       743.25 |                 17.51 |                    5.00 |    126 |    32.0920 |
|        1 |        216 |           740.90 |       705.41 |       746.16 |                  9.77 |                    5.00 |    126 |    32.1462 |
|        1 |        217 |           740.90 |       705.41 |       742.33 |                 15.89 |                    5.00 |    127 |    32.1971 |
|        1 |        218 |           740.90 |       705.41 |       764.50 |                  9.13 |                    5.00 |    128 |    32.2516 |
|        1 |        219 |           740.90 |       705.41 |       762.88 |                 11.32 |                    5.00 |    128 |    32.3402 |
|        1 |        220 |           740.90 |       705.41 |       763.61 |                 10.49 |                    5.00 |    128 |    32.4357 |
|        1 |        221 |           740.90 |       705.41 |       736.92 |                 12.91 |                    5.00 |    128 |    32.4827 |
|        1 |        222 |           740.90 |       705.41 |       745.27 |                 19.58 |                    5.00 |    128 |    32.5374 |
|        1 |        223 |           740.90 |       705.41 |       763.87 |                 19.67 |                    5.00 |    128 |    32.6214 |
|        1 |        224 |           740.90 |       705.41 |       751.81 |                 17.47 |                    5.00 |    128 |    32.7493 |
|        1 |        225 |           740.90 |       705.41 |       756.80 |                  6.26 |                    5.00 |    128 |    32.8369 |
|        1 |        226 |           740.90 |       705.41 |       726.33 |                  9.07 |                    5.00 |    128 |    32.9344 |
|        1 |        227 |           740.90 |       705.41 |       752.14 |                 11.37 |                    5.00 |    128 |    33.0015 |
|        1 |        228 |           740.90 |       705.41 |       752.14 |                 15.95 |                    5.00 |    128 |    33.0284 |
|        1 |        229 |           740.90 |       705.41 |       759.28 |                 17.70 |                    5.00 |    128 |    33.1177 |
|        1 |        230 |           740.90 |       705.41 |       763.23 |                 13.07 |                    5.00 |    128 |    33.1700 |
|        1 |        231 |           740.90 |       705.41 |       756.04 |                 18.48 |                    5.00 |    128 |    33.2214 |
|        1 |        232 |           740.90 |       705.41 |       766.86 |                 14.20 |                    5.00 |    128 |    33.2754 |
|        1 |        233 |           740.90 |       705.41 |       757.17 |                 23.33 |                    5.00 |    128 |    33.3301 |
|        1 |        234 |           740.90 |       705.41 |       763.34 |                 11.63 |                    5.00 |    128 |    33.4322 |
|        1 |        235 |           740.90 |       705.41 |       753.15 |                 14.74 |                    5.00 |    128 |    33.4710 |
|        1 |        236 |           740.90 |       705.41 |       750.92 |                 15.23 |                    5.00 |    128 |    33.5963 |
|        1 |        237 |           740.90 |       705.41 |       762.48 |                 17.81 |                    5.00 |    128 |    33.6541 |
|        1 |        238 |           740.90 |       705.41 |       761.92 |                 12.10 |                    5.00 |    128 |    33.7614 |
|        1 |        239 |           740.90 |       705.41 |       753.94 |                 12.19 |                    5.00 |    128 |    33.8019 |
|        1 |        240 |           740.90 |       705.41 |       756.69 |                  9.74 |                    5.00 |    128 |    33.8647 |
|        1 |        241 |           740.90 |       705.41 |       737.79 |                  8.43 |                    5.00 |    128 |    33.9393 |
|        1 |        242 |           740.90 |       705.41 |       733.11 |                 15.16 |                    5.00 |    128 |    33.9866 |
|        1 |        243 |           740.90 |       705.41 |       726.16 |                 11.59 |                    5.00 |    128 |    34.1167 |
|        1 |        244 |           740.90 |       705.41 |       735.39 |                 17.78 |                    5.00 |    128 |    34.1616 |
|        1 |        245 |           740.90 |       705.41 |       770.10 |                  9.72 |                    5.00 |    128 |    34.2134 |
|        1 |        246 |           740.90 |       705.41 |       770.10 |                  5.00 |                    5.00 |    128 |    34.2783 |
|        1 |        247 |           740.90 |       705.41 |       769.17 |                  7.14 |                    5.00 |    128 |    34.3497 |
|        1 |        248 |           740.90 |       705.41 |       726.33 |                 11.50 |                    5.00 |    128 |    34.4080 |
|        1 |        249 |           740.90 |       705.41 |       738.64 |                 15.89 |                    5.00 |    128 |    34.5120 |
|        1 |        250 |           740.90 |       705.41 |       743.98 |                 17.87 |                    5.00 |    128 |    34.5583 |
|        1 |        251 |           740.90 |       705.41 |       746.30 |                 17.65 |                    5.00 |    128 |    34.6024 |
|        1 |        252 |           740.90 |       705.41 |       744.12 |                 10.24 |                    5.00 |    128 |    34.6675 |
|        1 |        253 |           740.90 |       705.41 |       770.10 |                  6.78 |                    5.00 |    128 |    34.7023 |
|        1 |        254 |           740.90 |       705.41 |       725.87 |                  6.48 |                    5.00 |    128 |    34.7748 |
|        1 |        255 |           740.90 |       705.41 |       719.20 |                 15.57 |                    5.00 |    128 |    34.8472 |
|        1 |        256 |           740.90 |       705.41 |       733.46 |                 15.39 |                    5.00 |    128 |    35.1602 |
|        1 |        257 |           740.90 |       705.41 |       760.98 |                 11.47 |                    5.00 |    128 |    35.2132 |
|        1 |        258 |           740.90 |       705.41 |       756.01 |                 17.05 |                    5.00 |    128 |    35.2711 |
|        1 |        259 |           740.90 |       705.41 |       764.69 |                 18.77 |                    5.00 |    128 |    35.3313 |
|        1 |        260 |           740.90 |       705.41 |       734.91 |                 16.36 |                    5.00 |    128 |    35.4521 |
|        1 |        261 |           740.90 |       705.41 |       746.08 |                 13.06 |                    5.00 |    128 |    35.5236 |
|        1 |        262 |           740.90 |       705.41 |       738.23 |                 17.25 |                    5.00 |    128 |    35.5526 |
|        1 |        263 |           740.90 |       705.41 |       770.00 |                 17.88 |                    5.00 |    128 |    35.6177 |
|        1 |        264 |           740.90 |       705.41 |       770.00 |                  9.98 |                    5.00 |    128 |    35.6566 |
|        1 |        265 |           740.90 |       705.41 |       761.52 |                 15.56 |                    5.00 |    128 |    35.7509 |
|        1 |        266 |           740.90 |       705.41 |       781.16 |                 13.75 |                    5.00 |    128 |    35.8123 |
|        1 |        267 |           740.90 |       705.41 |       756.70 |                  6.40 |                    5.00 |    128 |    35.8813 |
|        1 |        268 |           740.90 |       705.41 |       756.70 |                  5.00 |                    5.00 |    128 |    35.9249 |
|        1 |        269 |           740.90 |       705.41 |       756.70 |                  5.00 |                    5.00 |    128 |    35.9834 |
|        1 |        270 |           740.90 |       705.41 |       756.90 |                  5.00 |                    5.00 |    128 |    36.0330 |
|        1 |        271 |           740.90 |       705.41 |       715.94 |                 11.08 |                    5.00 |    128 |    36.1118 |
|        1 |        272 |           740.90 |       705.41 |       761.98 |                 18.03 |                    5.00 |    128 |    36.1628 |
|        1 |        273 |           740.90 |       705.41 |       770.90 |                 10.47 |                    5.00 |    128 |    36.2220 |
|        1 |        274 |           740.90 |       705.41 |       756.70 |                  5.62 |                    5.00 |    128 |    36.2675 |
|        1 |        275 |           740.90 |       705.41 |       765.80 |                  7.98 |                    5.00 |    129 |    36.3407 |
|        1 |        276 |           740.90 |       705.41 |       765.80 |                  5.00 |                    5.00 |    130 |    36.4022 |
|        1 |        277 |           740.90 |       705.41 |       709.76 |                  9.17 |                    5.00 |    130 |    36.4658 |
|        1 |        278 |           740.90 |       705.41 |       729.87 |                 14.34 |                    5.00 |    130 |    36.5148 |
|        1 |        279 |           740.90 |       705.41 |       747.95 |                 13.20 |                    5.00 |    130 |    36.5629 |
|        1 |        280 |           740.90 |       705.41 |       741.70 |                  8.14 |                    5.00 |    130 |    36.6110 |
|        1 |        281 |           740.90 |       705.41 |       833.95 |                 14.94 |                    5.00 |    131 |    36.6547 |
|        1 |        282 |           740.90 |       705.41 |       771.30 |                 10.05 |                    5.00 |    131 |    36.7520 |
|        1 |        283 |           740.90 |       705.41 |       733.20 |                 12.84 |                    5.00 |    131 |    36.8334 |
|        1 |        284 |           740.90 |       705.41 |       737.77 |                 13.46 |                    5.00 |    131 |    36.8691 |
|        1 |        285 |           740.90 |       705.41 |       764.44 |                 14.39 |                    5.00 |    131 |    36.9142 |
|        1 |        286 |           740.90 |       705.41 |       763.49 |                 11.74 |                    5.00 |    131 |    36.9752 |
|        1 |        287 |           740.90 |       705.41 |       780.55 |                 18.19 |                    5.00 |    131 |    37.0097 |
|        1 |        288 |           740.90 |       705.41 |       766.70 |                 18.84 |                    5.00 |    131 |    37.0822 |
|        1 |        289 |           740.90 |       705.41 |       764.63 |                 19.72 |                    5.00 |    131 |    37.1530 |
|        1 |        290 |           740.90 |       705.41 |       766.69 |                 14.85 |                    5.00 |    131 |    37.2075 |
|        1 |        291 |           740.90 |       705.41 |       760.75 |                  7.72 |                    5.00 |    131 |    37.2606 |
|        1 |        292 |           740.90 |       705.41 |       750.48 |                 11.49 |                    5.00 |    131 |    37.2955 |
|        1 |        293 |           740.90 |       705.41 |       758.64 |                 12.17 |                    5.00 |    131 |    37.3286 |
|        1 |        294 |           740.90 |       705.41 |       757.36 |                 16.38 |                    5.00 |    131 |    37.3699 |
|        1 |        295 |           740.90 |       705.41 |       765.21 |                 17.51 |                    5.00 |    131 |    37.4185 |
|        1 |        296 |           740.90 |       705.41 |       772.12 |                 22.85 |                    5.00 |    132 |    37.4731 |
|        1 |        297 |           740.90 |       705.41 |       766.60 |                 11.76 |                    5.00 |    132 |    37.5288 |
|        1 |        298 |           740.90 |       705.41 |       757.04 |                 15.06 |                    5.00 |    132 |    37.5686 |
|        1 |        299 |           740.90 |       705.41 |       750.67 |                 12.02 |                    5.00 |    132 |    37.6490 |
|        1 |        300 |           740.90 |       705.41 |       758.90 |                 17.89 |                    5.00 |    132 |    37.6910 |
|        1 |        301 |           740.90 |       705.41 |       764.14 |                 16.56 |                    5.00 |    132 |    37.8000 |
|        1 |        302 |           740.90 |       705.41 |       765.33 |                 14.92 |                    5.00 |    132 |    37.8637 |
|        1 |        303 |           740.90 |       705.41 |       763.04 |                 13.33 |                    5.00 |    132 |    37.9045 |
|        1 |        304 |           740.90 |       705.41 |       760.07 |                 16.75 |                    5.00 |    132 |    37.9367 |
|        1 |        305 |           740.90 |       705.41 |       764.77 |                 14.82 |                    5.00 |    132 |    37.9753 |
|        1 |        306 |           740.90 |       705.41 |       748.26 |                 12.95 |                    5.00 |    132 |    38.0393 |
|        1 |        307 |           740.90 |       705.41 |       774.23 |                 17.77 |                    5.00 |    134 |    38.0951 |
|        1 |        308 |           740.90 |       705.41 |       764.75 |                 13.78 |                    5.00 |    134 |    38.1556 |
|        1 |        309 |           740.90 |       705.41 |       762.82 |                 12.30 |                    5.00 |    134 |    38.2086 |
|        1 |        310 |           740.90 |       705.41 |       759.55 |                  9.37 |                    5.00 |    134 |    38.2465 |
|        1 |        311 |           740.90 |       705.41 |       753.43 |                 14.51 |                    5.00 |    134 |    38.2873 |
|        1 |        312 |           740.90 |       705.41 |       764.90 |                 13.49 |                    5.00 |    134 |    38.3326 |
|        1 |        313 |           740.90 |       705.41 |       762.50 |                 16.93 |                    5.00 |    134 |    38.3777 |
|        1 |        314 |           740.90 |       705.41 |       767.85 |                 12.75 |                    5.00 |    134 |    38.4315 |
|        1 |        315 |           740.90 |       705.41 |       749.72 |                 18.37 |                    5.00 |    134 |    38.5386 |
|        1 |          0 |           740.70 |       705.41 |       740.70 |                 16.56 |                    5.00 |    134 |    38.5995 |
|        1 |          1 |           740.70 |       705.41 |       767.92 |                 19.00 |                    5.00 |    135 |    38.6382 |
|        1 |          2 |           740.70 |       705.41 |       755.58 |                 15.03 |                    5.00 |    135 |    38.7084 |
|        1 |          3 |           740.70 |       705.41 |       753.26 |                 14.83 |                    5.00 |    135 |    38.7596 |
|        1 |          4 |           740.70 |       705.41 |       756.20 |                 16.97 |                    5.00 |    135 |    38.8289 |
|        1 |          5 |           740.70 |       705.41 |       755.00 |                 16.40 |                    5.00 |    135 |    38.8907 |
|        1 |          6 |           740.70 |       705.41 |       752.12 |                 11.72 |                    5.00 |    135 |    38.9806 |
|        1 |          7 |           740.70 |       705.41 |       744.63 |                 18.31 |                    5.00 |    135 |    39.0378 |
|        1 |          8 |           740.70 |       705.41 |       754.70 |                 17.83 |                    5.00 |    135 |    39.1298 |
|        1 |          9 |           740.70 |       705.41 |       754.91 |                 17.07 |                    5.00 |    135 |    39.1861 |
|        1 |         10 |           740.70 |       705.41 |       755.73 |                 17.85 |                    5.00 |    136 |    39.2585 |
|        1 |         11 |           740.70 |       705.41 |       790.20 |                 16.91 |                    5.00 |    138 |    39.3236 |
|        1 |         12 |           740.70 |       705.41 |       796.53 |                 20.17 |                    5.00 |    138 |    39.3787 |
|        1 |         13 |           740.70 |       705.41 |       769.89 |                 19.29 |                    5.00 |    139 |    39.4428 |
|        1 |         14 |           740.70 |       705.41 |       761.35 |                 13.90 |                    5.00 |    140 |    39.5691 |
|        1 |         15 |           740.70 |       705.41 |       734.55 |                 20.64 |                    5.00 |    141 |    39.6372 |
|        1 |         16 |           740.70 |       705.41 |       764.44 |                 37.13 |                    5.00 |    141 |    39.6854 |
|        1 |         17 |           740.70 |       705.41 |       768.60 |                 23.83 |                    5.00 |    142 |    39.7426 |
|        1 |         18 |           740.70 |       705.41 |       765.79 |                 15.84 |                    5.00 |    143 |    39.8541 |
|        1 |         19 |           740.70 |       705.41 |       776.91 |                 20.47 |                    5.00 |    143 |    39.9080 |
------------------------------------------------------------------------------------------------------------------------------------------------
|  Restart |  Iteration |  Best Feas. Cost |    Best Cost |   Curr. Cost |   Penalty Custom Res. |   Penalty Standard Res. |   Pool |   Time (s) |
------------------------------------------------------------------------------------------------------------------------------------------------
|        1 |         20 |           740.70 |       705.41 |       772.71 |                 19.52 |                    5.00 |    143 |    40.0241 |
|        1 |         21 |           740.70 |       705.41 |       778.31 |                 12.27 |                    5.00 |    143 |    40.0878 |
|        1 |         22 |           740.70 |       705.41 |       768.97 |                 19.55 |                    5.00 |    143 |    40.1510 |
|        1 |         23 |           740.70 |       705.41 |       782.18 |                 12.94 |                    5.00 |    143 |    40.1999 |
|        1 |         24 |           740.70 |       705.41 |       768.83 |                 14.97 |                    5.00 |    143 |    40.2615 |
|        1 |         25 |           740.70 |       705.41 |       767.40 |                 20.10 |                    5.00 |    143 |    40.3424 |
|        1 |         26 |           740.70 |       705.41 |       775.30 |                 13.04 |                    5.00 |    143 |    40.3883 |
|        1 |         27 |           740.70 |       705.41 |       771.84 |                 15.88 |                    5.00 |    143 |    40.4381 |
|        1 |         28 |           740.70 |       705.41 |       772.41 |                 18.95 |                    5.00 |    143 |    40.4828 |
|        1 |         29 |           740.70 |       705.41 |       783.00 |                 11.01 |                    5.00 |    144 |    40.5364 |
|        1 |         30 |           740.70 |       705.41 |       768.80 |                  6.27 |                    5.00 |    144 |    40.5801 |
|        1 |         31 |           740.70 |       705.41 |       768.80 |                  6.35 |                    5.00 |    144 |    40.6351 |
|        1 |         32 |           740.70 |       705.41 |       768.80 |                  5.00 |                    5.00 |    144 |    40.6760 |
|        1 |         33 |           740.70 |       705.41 |       738.66 |                 12.24 |                    5.00 |    144 |    40.7887 |
|        1 |         34 |           740.70 |       705.41 |       778.35 |                 21.36 |                    5.00 |    147 |    40.8573 |
|        1 |         35 |           740.70 |       705.41 |       781.90 |                 20.42 |                    5.00 |    149 |    40.9456 |
|        1 |         36 |           740.70 |       705.41 |       783.50 |                 14.12 |                    5.00 |    151 |    41.0856 |
|        1 |         37 |           740.70 |       705.41 |       787.40 |                  9.34 |                    5.00 |    152 |    41.1301 |
|        1 |         38 |           740.70 |       705.41 |       787.40 |                  5.43 |                    5.00 |    152 |    41.1801 |
|        1 |         39 |           740.70 |       705.41 |       783.60 |                  5.00 |                    5.00 |    153 |    41.2490 |
|        1 |         40 |           740.70 |       705.41 |       783.60 |                  6.67 |                    5.00 |    153 |    41.3020 |
|        1 |         41 |           740.70 |       705.41 |       786.80 |                  5.00 |                    5.00 |    155 |    41.3578 |
|        1 |         42 |           740.70 |       705.41 |       786.80 |                  5.00 |                    5.00 |    155 |    41.4178 |
|        1 |         43 |           740.70 |       705.41 |       781.03 |                 11.77 |                    5.00 |    157 |    41.5074 |
|        1 |         44 |           740.70 |       705.41 |       775.36 |                 18.57 |                    5.00 |    159 |    41.5619 |
|        1 |         45 |           740.70 |       705.41 |       777.28 |                 17.57 |                    5.00 |    159 |    41.6405 |
|        1 |         46 |           740.70 |       705.41 |       784.31 |                 12.22 |                    5.00 |    159 |    41.6857 |
|        1 |         47 |           740.70 |       705.41 |       772.59 |                 17.87 |                    5.00 |    161 |    41.8427 |
|        1 |         48 |           740.70 |       705.41 |       810.03 |                  6.65 |                    5.00 |    161 |    41.9742 |
|        1 |         49 |           740.70 |       705.41 |       751.39 |                 12.54 |                    5.00 |    161 |    42.0748 |
|        1 |         50 |           740.70 |       705.41 |       765.33 |                 16.88 |                    5.00 |    161 |    42.1246 |
|        1 |         51 |           740.70 |       705.41 |       775.92 |                 17.32 |                    5.00 |    163 |    42.1951 |
|        1 |         52 |           740.70 |       705.41 |       778.50 |                 17.09 |                    5.00 |    163 |    42.2466 |
|        1 |         53 |           740.70 |       705.41 |       771.10 |                 11.25 |                    5.00 |    163 |    42.3766 |
|        1 |         54 |           740.70 |       705.41 |       759.49 |                 11.33 |                    5.00 |    163 |    42.4132 |
|        1 |         55 |           740.70 |       705.41 |       761.42 |                 16.85 |                    5.00 |    164 |    42.4724 |
|        1 |         56 |           740.70 |       705.41 |       771.30 |                 15.83 |                    5.00 |    164 |    42.5163 |
|        1 |         57 |           740.70 |       705.41 |       757.92 |                 13.27 |                    5.00 |    164 |    42.6200 |
|        1 |         58 |           740.70 |       705.41 |       765.73 |                 14.32 |                    5.00 |    164 |    42.6787 |
|        1 |         59 |           740.70 |       705.41 |       759.41 |                 13.65 |                    5.00 |    164 |    42.8059 |
|        1 |         60 |           740.70 |       705.41 |       757.28 |                 16.08 |                    5.00 |    164 |    42.8992 |
|        1 |         61 |           740.70 |       705.41 |       757.58 |                 17.89 |                    5.00 |    164 |    42.9604 |
|        1 |         62 |           740.70 |       705.41 |       764.27 |                 10.28 |                    5.00 |    164 |    43.0175 |
|        1 |         63 |           740.70 |       705.41 |       738.47 |                 15.45 |                    5.00 |    164 |    43.0642 |
|        1 |         64 |           740.70 |       705.41 |       746.20 |                 14.36 |                    5.00 |    164 |    43.1135 |
|        1 |         65 |           740.70 |       705.41 |       746.40 |                 12.96 |                    5.00 |    164 |    43.1531 |
|        1 |         66 |           740.70 |       705.41 |       757.52 |                 15.77 |                    5.00 |    164 |    43.2136 |
|        1 |         67 |           740.70 |       705.41 |       761.09 |                 13.11 |                    5.00 |    164 |    43.2791 |
|        1 |         68 |           740.70 |       705.41 |       763.96 |                 15.96 |                    5.00 |    164 |    43.3327 |
|        1 |         69 |           740.70 |       705.41 |       766.30 |                 16.88 |                    5.00 |    164 |    43.3990 |
|        1 |         70 |           740.70 |       705.41 |       768.47 |                 11.16 |                    5.00 |    164 |    43.4577 |
|        1 |         71 |           740.70 |       705.41 |       756.58 |                 17.80 |                    5.00 |    164 |    43.5151 |
|        1 |         72 |           740.70 |       705.41 |       763.25 |                 13.79 |                    5.00 |    164 |    43.6077 |
|        1 |         73 |           740.70 |       705.41 |       757.35 |                 17.83 |                    5.00 |    164 |    43.6551 |
|        1 |         74 |           740.70 |       705.41 |       757.35 |                 17.78 |                    5.00 |    164 |    43.6962 |
|        1 |         75 |           740.70 |       705.41 |       729.62 |                  8.66 |                    5.00 |    164 |    43.8586 |
|        1 |         76 |           740.70 |       705.41 |       732.96 |                 13.27 |                    5.00 |    164 |    43.9113 |
|        1 |         77 |           740.70 |       705.41 |       768.03 |                 12.33 |                    5.00 |    164 |    43.9601 |
|        1 |         78 |           740.70 |       705.41 |       777.99 |                 17.45 |                    5.00 |    164 |    44.0089 |
|        1 |         79 |           740.70 |       705.41 |       763.08 |                 17.73 |                    5.00 |    164 |    44.0779 |
|        1 |         80 |           740.70 |       705.41 |       759.03 |                 16.91 |                    5.00 |    164 |    44.1837 |
|        1 |         81 |           740.70 |       705.41 |       735.12 |                  8.26 |                    5.00 |    164 |    44.2862 |
|        1 |         82 |           740.70 |       705.41 |       732.15 |                 10.06 |                    5.00 |    164 |    44.3328 |
|        1 |         83 |           740.70 |       705.41 |       735.82 |                 16.87 |                    5.00 |    164 |    44.3754 |
|        1 |         84 |           740.70 |       705.41 |       759.50 |                 12.08 |                    5.00 |    164 |    44.4329 |
|        1 |         85 |           740.70 |       705.41 |       754.06 |                 16.60 |                    5.00 |    164 |    44.4729 |
|        1 |         86 |           740.70 |       705.41 |       755.96 |                 15.32 |                    5.00 |    164 |    44.6354 |
|        1 |         87 |           740.70 |       705.41 |       730.71 |                 12.59 |                    5.00 |    164 |    44.7215 |
|        1 |         88 |           740.70 |       705.41 |       753.80 |                 17.27 |                    5.00 |    164 |    44.7823 |
|        1 |         89 |           740.70 |       705.41 |       753.80 |                  8.63 |                    5.00 |    164 |    44.8413 |
|        1 |         90 |           740.70 |       705.41 |       726.45 |                 12.82 |                    5.00 |    165 |    44.9081 |
|        1 |         91 |           740.70 |       705.41 |       738.88 |                 17.96 |                    5.00 |    165 |    44.9476 |
|        1 |         92 |           740.70 |       705.41 |       748.47 |                 17.02 |                    5.00 |    165 |    44.9979 |
|        1 |         93 |           740.70 |       705.41 |       746.58 |                 34.84 |                    5.00 |    165 |    45.0521 |
|        1 |         94 |           740.70 |       705.41 |       746.50 |                 16.55 |                    5.00 |    165 |    45.1159 |
|        1 |         95 |           740.70 |       705.41 |       734.51 |                 17.80 |                    5.00 |    165 |    45.2130 |
|        1 |         96 |           740.70 |       705.41 |       786.50 |                  6.07 |                    5.00 |    165 |    45.3032 |
|        1 |         97 |           740.70 |       705.41 |       724.60 |                 12.36 |                    5.00 |    165 |    45.4050 |
|        1 |         98 |           740.70 |       705.41 |       741.67 |                 17.64 |                    5.00 |    165 |    45.4749 |
|        1 |         99 |           740.70 |       705.41 |       740.57 |                 12.27 |                    5.00 |    165 |    45.5214 |
|        1 |        100 |           740.70 |       705.41 |       735.63 |                 17.86 |                    5.00 |    165 |    45.5926 |
|        1 |        101 |           740.70 |       705.41 |       746.25 |                 16.74 |                    5.00 |    165 |    45.6609 |
|        1 |        102 |           740.70 |       705.41 |       745.76 |                 11.17 |                    5.00 |    165 |    45.7288 |
|        1 |        103 |           740.70 |       705.41 |       735.10 |                 17.83 |                    5.00 |    165 |    45.7683 |
|        1 |        104 |           740.70 |       705.41 |       746.40 |                 17.08 |                    5.00 |    165 |    45.8171 |
|        1 |        105 |           740.70 |       705.41 |       745.78 |                 11.76 |                    5.00 |    165 |    45.8653 |
|        1 |        106 |           740.70 |       705.41 |       736.06 |                 16.16 |                    5.00 |    165 |    45.9051 |
|        1 |        107 |           740.70 |       705.41 |       756.90 |                  6.94 |                    5.00 |    165 |    45.9988 |
|        1 |        108 |           740.70 |       705.41 |       756.90 |                  5.36 |                    5.00 |    165 |    46.0611 |
|        1 |        109 |           740.70 |       705.41 |       756.70 |                  5.00 |                    5.00 |    165 |    46.1452 |
|        1 |        110 |           740.70 |       705.41 |       756.70 |                  5.00 |                    5.00 |    165 |    46.1884 |
|        1 |        111 |           740.70 |       705.41 |       722.76 |                  9.27 |                    5.00 |    165 |    46.2508 |
|        1 |        112 |           740.70 |       705.41 |       750.80 |                 18.05 |                    5.00 |    165 |    46.3021 |
|        1 |        113 |           740.70 |       705.41 |       766.88 |                 28.19 |                    5.00 |    165 |    46.3638 |
|        1 |        114 |           740.70 |       705.41 |       764.70 |                 18.47 |                    5.00 |    165 |    46.4087 |
|        1 |        115 |           740.70 |       705.41 |       763.07 |                 13.17 |                    5.00 |    165 |    46.5324 |
|        1 |        116 |           740.70 |       705.41 |       756.75 |                 14.81 |                    5.00 |    165 |    46.5761 |
|        1 |        117 |           740.70 |       705.41 |       775.04 |                 17.68 |                    5.00 |    166 |    46.6231 |
|        1 |        118 |           740.70 |       705.41 |       768.54 |                 10.87 |                    5.00 |    166 |    46.7289 |
|        1 |        119 |           740.70 |       705.41 |       757.09 |                 14.63 |                    5.00 |    166 |    46.7722 |
|        1 |        120 |           740.70 |       705.41 |       765.76 |                 16.10 |                    5.00 |    166 |    46.8340 |
|        1 |        121 |           740.70 |       705.41 |       768.19 |                 17.19 |                    5.00 |    166 |    46.9047 |
|        1 |        122 |           740.70 |       705.41 |       774.34 |                 17.98 |                    5.00 |    167 |    46.9785 |
|        1 |        123 |           740.70 |       705.41 |       776.74 |                 15.58 |                    5.00 |    167 |    47.0384 |
|        1 |        124 |           740.70 |       705.41 |       737.29 |                 18.90 |                    5.00 |    167 |    47.1447 |
|        1 |        125 |           740.70 |       705.41 |       746.20 |                 14.38 |                    5.00 |    167 |    47.1956 |
|        1 |        126 |           740.70 |       705.41 |       743.60 |                 15.50 |                    5.00 |    167 |    47.2673 |
|        1 |        127 |           740.70 |       705.41 |       745.32 |                 16.88 |                    5.00 |    167 |    47.3373 |
|        1 |        128 |           740.70 |       705.41 |       745.52 |                 17.87 |                    5.00 |    167 |    47.3832 |
|        1 |        129 |           740.70 |       705.41 |       743.78 |                 19.09 |                    5.00 |    167 |    47.4393 |
|        1 |        130 |           740.70 |       705.41 |       763.03 |                 19.18 |                    5.00 |    167 |    47.5156 |
|        1 |        131 |           740.70 |       705.41 |       763.09 |                 17.42 |                    5.00 |    167 |    47.6161 |
|        1 |        132 |           740.70 |       705.41 |       762.26 |                 17.69 |                    5.00 |    167 |    47.6873 |
|        1 |        133 |           740.70 |       705.41 |       752.69 |                 16.91 |                    5.00 |    167 |    47.7569 |
|        1 |        134 |           740.70 |       705.41 |       762.91 |                 11.27 |                    5.00 |    167 |    47.8487 |
|        1 |        135 |           740.70 |       705.41 |       756.80 |                  6.09 |                    5.00 |    167 |    47.9378 |
|        1 |        136 |           740.70 |       705.41 |       741.58 |                  9.06 |                    5.00 |    167 |    47.9737 |
|        1 |        137 |           740.70 |       705.41 |       750.86 |                 10.60 |                    5.00 |    167 |    48.0190 |
|        1 |        138 |           740.70 |       705.41 |       736.60 |                 19.24 |                    5.00 |    167 |    48.0809 |
|        1 |        139 |           740.70 |       705.41 |       745.72 |                 15.06 |                    5.00 |    167 |    48.1570 |
|        1 |        140 |           740.70 |       705.41 |       743.71 |                 11.01 |                    5.00 |    167 |    48.2071 |
|        1 |        141 |           740.70 |       705.41 |       735.09 |                  7.81 |                    5.00 |    167 |    48.2514 |
|        1 |        142 |           740.70 |       705.41 |       754.90 |                  5.47 |                    5.00 |    167 |    48.3504 |
|        1 |        143 |           740.70 |       705.41 |       712.52 |                  9.26 |                    5.00 |    167 |    48.4192 |
|        1 |        144 |           740.70 |       705.41 |       753.50 |                 16.16 |                    5.00 |    167 |    48.4758 |
|        1 |        145 |           740.70 |       705.41 |       760.18 |                 17.58 |                    5.00 |    167 |    48.5627 |
|        1 |        146 |           740.70 |       705.41 |       758.07 |                 25.12 |                    5.00 |    167 |    48.6144 |
|        1 |        147 |           740.70 |       705.41 |       759.54 |                 14.81 |                    5.00 |    167 |    48.7470 |
|        1 |        148 |           740.70 |       705.41 |       751.96 |                 17.62 |                    5.00 |    167 |    48.8367 |
|        1 |        149 |           740.70 |       705.41 |       751.96 |                 13.02 |                    5.00 |    167 |    48.8713 |
|        1 |        150 |           740.70 |       705.41 |       754.44 |                 17.89 |                    5.00 |    167 |    48.9107 |
|        1 |        151 |           740.70 |       705.41 |       754.44 |                 17.50 |                    5.00 |    167 |    48.9371 |
|        1 |        152 |           740.70 |       705.41 |       746.77 |                 15.47 |                    5.00 |    167 |    49.0078 |
|        1 |        153 |           740.70 |       705.41 |       753.52 |                 15.57 |                    5.00 |    168 |    49.0679 |
|        1 |        154 |           740.70 |       705.41 |       754.60 |                  6.18 |                    5.00 |    168 |    49.1337 |
|        1 |        155 |           740.70 |       705.41 |       726.66 |                  9.56 |                    5.00 |    168 |    49.1771 |
|        1 |        156 |           740.70 |       705.41 |       732.42 |                 10.01 |                    5.00 |    168 |    49.2239 |
|        1 |        157 |           740.70 |       705.41 |       732.73 |                 11.95 |                    5.00 |    168 |    49.2654 |
|        1 |        158 |           740.70 |       705.41 |       736.26 |                  9.46 |                    5.00 |    168 |    49.3156 |
|        1 |        159 |           740.70 |       705.41 |       732.00 |                 13.63 |                    5.00 |    168 |    49.3959 |
|        1 |        160 |           740.70 |       705.41 |       754.93 |                 17.79 |                    5.00 |    168 |    49.4489 |
|        1 |        161 |           740.70 |       705.41 |       761.26 |                 17.71 |                    5.00 |    168 |    49.5130 |
|        1 |        162 |           740.70 |       705.41 |       749.20 |                 15.29 |                    5.00 |    168 |    49.6264 |
|        1 |        163 |           740.70 |       705.41 |       751.40 |                 13.50 |                    5.00 |    168 |    49.6982 |
|        1 |        164 |           740.70 |       705.41 |       753.85 |                 22.19 |                    5.00 |    168 |    49.7411 |
|        1 |        165 |           740.70 |       705.41 |       761.50 |                 17.75 |                    5.00 |    168 |    49.7969 |
|        1 |        166 |           740.70 |       705.41 |       760.48 |                 17.35 |                    5.00 |    168 |    49.8391 |
|        1 |        167 |           740.70 |       705.41 |       761.06 |                 14.70 |                    5.00 |    168 |    49.9348 |
|        1 |        168 |           740.70 |       705.41 |       758.39 |                 13.93 |                    5.00 |    168 |    49.9830 |
|        1 |        169 |           740.70 |       705.41 |       756.05 |                 16.81 |                    5.00 |    168 |    50.0224 |
|        1 |        170 |           740.70 |       705.41 |       732.41 |                 17.56 |                    5.00 |    168 |    50.1116 |
|        1 |        171 |           740.70 |       705.41 |       755.27 |                 18.58 |                    5.00 |    168 |    50.1672 |
|        1 |        172 |           740.70 |       705.41 |       756.50 |                 16.70 |                    5.00 |    169 |    50.2608 |
|        1 |        173 |           740.70 |       705.41 |       727.49 |                 13.19 |                    5.00 |    169 |    50.3578 |
|        1 |        174 |           740.70 |       705.41 |       742.46 |                 18.48 |                    5.00 |    169 |    50.3929 |
|        1 |        175 |           740.70 |       705.41 |       761.36 |                 12.90 |                    5.00 |    169 |    50.5215 |
|        1 |        176 |           740.70 |       705.41 |       761.02 |                 11.88 |                    5.00 |    169 |    50.5560 |
|        1 |        177 |           740.70 |       705.41 |       762.29 |                 12.95 |                    5.00 |    169 |    50.6096 |
|        1 |        178 |           740.70 |       705.41 |       762.29 |                  9.47 |                    5.00 |    169 |    50.6495 |
|        1 |        179 |           740.70 |       705.41 |       739.50 |                 10.73 |                    5.00 |    169 |    50.7289 |
|        1 |        180 |           740.70 |       705.41 |       738.51 |                 14.44 |                    5.00 |    169 |    50.7734 |
|        1 |        181 |           740.70 |       705.41 |       743.77 |                 10.25 |                    5.00 |    169 |    50.8197 |
|        1 |        182 |           740.70 |       705.41 |       734.19 |                 11.87 |                    5.00 |    169 |    50.8723 |
|        1 |        183 |           740.70 |       705.41 |       739.01 |                  9.03 |                    5.00 |    169 |    50.9152 |
|        1 |        184 |           740.70 |       705.41 |       730.79 |                 15.15 |                    5.00 |    169 |    50.9580 |
|        1 |        185 |           740.70 |       705.41 |       763.49 |                 17.90 |                    5.00 |    170 |    51.0026 |
|        1 |        186 |           740.70 |       705.41 |       745.58 |                 15.92 |                    5.00 |    170 |    51.1034 |
|        1 |        187 |           740.70 |       705.41 |       743.85 |                 12.61 |                    5.00 |    170 |    51.1473 |
|        1 |        188 |           740.70 |       705.41 |       738.51 |                 11.05 |                    5.00 |    170 |    51.1866 |
|        1 |        189 |           740.70 |       705.41 |       753.36 |                 20.68 |                    5.00 |    170 |    51.2406 |
|        1 |        190 |           740.70 |       705.41 |       760.77 |                 17.70 |                    5.00 |    170 |    51.3318 |
|        1 |        191 |           740.70 |       705.41 |       764.58 |                 11.25 |                    5.00 |    170 |    51.4069 |
|        1 |        192 |           740.70 |       705.41 |       753.53 |                 21.68 |                    5.00 |    170 |    51.4718 |
|        1 |        193 |           740.70 |       705.41 |       763.60 |                 10.94 |                    5.00 |    170 |    51.5265 |
|        1 |        194 |           740.70 |       705.41 |       739.34 |                 17.13 |                    5.00 |    170 |    51.5648 |
|        1 |        195 |           740.70 |       705.41 |       760.08 |                 15.82 |                    5.00 |    170 |    51.7104 |
|        1 |        196 |           740.70 |       705.41 |       754.60 |                  7.65 |                    5.00 |    170 |    51.8119 |
|        1 |        197 |           740.70 |       705.41 |       751.40 |                  5.00 |                    5.00 |    170 |    51.8561 |
|        1 |        198 |           740.70 |       705.41 |       715.49 |                  8.06 |                    5.00 |    171 |    51.9039 |
|        1 |        199 |           740.70 |       705.41 |       731.64 |                 10.96 |                    5.00 |    172 |    51.9527 |
|        1 |        200 |           740.70 |       705.41 |       743.45 |                 16.78 |                    5.00 |    172 |    52.0158 |
|        1 |        201 |           740.70 |       705.41 |       760.55 |                 11.41 |                    5.00 |    172 |    52.0957 |
|        1 |        202 |           740.70 |       705.41 |       751.16 |                 17.84 |                    5.00 |    172 |    52.1528 |
|        1 |        203 |           740.70 |       705.41 |       754.80 |                  5.67 |                    5.00 |    172 |    52.2683 |
|        1 |        204 |           740.70 |       705.41 |       748.31 |                  5.00 |                    5.00 |    172 |    52.3440 |
|        1 |        205 |           740.70 |       705.41 |       754.80 |                  5.00 |                    5.00 |    172 |    52.3803 |
|        1 |        206 |           740.70 |       705.41 |       754.80 |                  5.00 |                    5.00 |    172 |    52.4412 |
|        1 |        207 |           740.70 |       705.41 |       710.27 |                 10.24 |                    5.00 |    172 |    52.5276 |
|        1 |        208 |           740.70 |       705.41 |       733.28 |                 16.17 |                    5.00 |    172 |    52.5682 |
|        1 |        209 |           740.70 |       705.41 |       733.28 |                 16.45 |                    5.00 |    172 |    52.6170 |
|        1 |        210 |           740.70 |       705.41 |       746.62 |                 17.93 |                    5.00 |    172 |    52.6795 |
|        1 |        211 |           740.70 |       705.41 |       743.32 |                 19.16 |                    5.00 |    172 |    52.7391 |
|        1 |        212 |           740.70 |       705.41 |       746.69 |                 11.69 |                    5.00 |    172 |    52.7971 |
|        1 |        213 |           740.70 |       705.41 |       737.12 |                 13.69 |                    5.00 |    172 |    52.8342 |
|        1 |        214 |           740.70 |       705.41 |       756.78 |                 16.34 |                    5.00 |    172 |    52.8796 |
|        1 |        215 |           740.70 |       705.41 |       751.40 |                  5.51 |                    5.00 |    172 |    52.9851 |
|        1 |        216 |           740.70 |       705.41 |       751.40 |                  5.00 |                    5.00 |    172 |    53.0238 |
|        1 |        217 |           740.70 |       705.41 |       706.04 |                  7.90 |                    5.00 |    172 |    53.0747 |
|        1 |        218 |           740.70 |       705.41 |       718.57 |                 13.11 |                    5.00 |    172 |    53.1119 |
|        1 |        219 |           740.70 |       705.41 |       747.42 |                 10.48 |                    5.00 |    172 |    53.1680 |
|        1 |        220 |           740.70 |       705.41 |       742.00 |                 12.77 |                    5.00 |    172 |    53.2176 |
|        1 |        221 |           740.70 |       705.41 |       739.06 |                 19.18 |                    5.00 |    172 |    53.2626 |
|        1 |        222 |           740.70 |       705.41 |       744.00 |                 17.12 |                    5.00 |    172 |    53.3194 |
|        1 |        223 |           740.70 |       705.41 |       754.60 |                  5.00 |                    5.00 |    172 |    53.4339 |
|        1 |        224 |           740.70 |       705.41 |       747.94 |                  9.17 |                    5.00 |    174 |    53.5005 |
|        1 |        225 |           740.70 |       705.41 |       767.68 |                 14.07 |                    5.00 |    176 |    53.5332 |
|        1 |        226 |           740.70 |       705.41 |       794.11 |                 12.67 |                    5.00 |    176 |    53.5951 |
|        1 |        227 |           740.70 |       705.41 |       747.30 |                 17.71 |                    5.00 |    176 |    53.6773 |
|        1 |        228 |           740.70 |       705.41 |       746.61 |                 12.81 |                    5.00 |    177 |    53.7374 |
|        1 |        229 |           740.70 |       705.41 |       739.21 |                 13.43 |                    5.00 |    177 |    53.7711 |
|        1 |        230 |           740.70 |       705.41 |       757.48 |                 18.09 |                    5.00 |    177 |    53.8143 |
|        1 |        231 |           740.70 |       705.41 |       730.29 |                 12.03 |                    5.00 |    177 |    53.9310 |
|        1 |        232 |           740.70 |       705.41 |       738.34 |                 17.20 |                    5.00 |    177 |    53.9692 |
|        1 |        233 |           740.70 |       705.41 |       747.24 |                 13.89 |                    5.00 |    177 |    54.0275 |
|        1 |        234 |           740.70 |       705.41 |       741.26 |                 16.23 |                    5.00 |    177 |    54.0934 |
|        1 |        235 |           740.70 |       705.41 |       744.38 |                 17.52 |                    5.00 |    177 |    54.1483 |
|        1 |        236 |           740.70 |       705.41 |       745.48 |                 12.41 |                    5.00 |    177 |    54.2242 |
|        1 |        237 |           740.70 |       705.41 |       738.98 |                 17.74 |                    5.00 |    177 |    54.2685 |
|        1 |        238 |           740.70 |       705.41 |       739.94 |                 14.57 |                    5.00 |    177 |    54.3697 |
|        1 |        239 |           740.70 |       705.41 |       743.23 |                 10.13 |                    5.00 |    177 |    54.4199 |
|        1 |        240 |           740.70 |       705.41 |       733.87 |                 17.68 |                    5.00 |    177 |    54.4788 |
|        1 |        241 |           740.70 |       705.41 |       746.01 |                  9.19 |                    5.00 |    177 |    54.5536 |
|        1 |        242 |           740.70 |       705.41 |       733.69 |                 16.03 |                    5.00 |    177 |    54.6108 |
|        1 |        243 |           740.70 |       705.41 |       737.97 |                 22.85 |                    5.00 |    177 |    54.6947 |
|        1 |        244 |           740.70 |       705.41 |       746.40 |                 17.73 |                    5.00 |    177 |    54.7463 |
|        1 |        245 |           740.70 |       705.41 |       763.16 |                 17.86 |                    5.00 |    177 |    54.7891 |
|        1 |        246 |           740.70 |       705.41 |       757.07 |                 16.51 |                    5.00 |    177 |    54.9268 |
|        1 |        247 |           740.70 |       705.41 |       760.21 |                 10.79 |                    5.00 |    177 |    54.9996 |
|        1 |        248 |           740.70 |       705.41 |       774.94 |                 13.23 |                    5.00 |    178 |    55.0986 |
|        1 |        249 |           740.70 |       705.41 |       749.72 |                 20.45 |                    5.00 |    178 |    55.1755 |
|        1 |        250 |           740.70 |       705.41 |       756.14 |                 17.64 |                    5.00 |    178 |    55.2939 |
|        1 |        251 |           740.70 |       705.41 |       829.38 |                 18.43 |                    5.00 |    181 |    55.3928 |
|        1 |        252 |           740.70 |       705.41 |       834.24 |                 11.25 |                    5.00 |    183 |    55.4531 |
|        1 |        253 |           740.70 |       705.41 |       824.40 |                 16.24 |                    5.00 |    183 |    55.5017 |
|        1 |        254 |           740.70 |       705.41 |       758.96 |                 18.22 |                    5.00 |    183 |    55.5843 |
|        1 |        255 |           740.70 |       705.41 |       755.14 |                 14.25 |                    5.00 |    183 |    55.6753 |
|        1 |        256 |           740.70 |       705.41 |       755.73 |                 17.87 |                    5.00 |    183 |    55.7289 |
|        1 |        257 |           740.70 |       705.41 |       761.78 |                 12.06 |                    5.00 |    183 |    55.7748 |
|        1 |        258 |           740.70 |       705.41 |       754.60 |                  6.40 |                    5.00 |    183 |    55.8361 |
|        1 |        259 |           740.70 |       705.41 |       754.60 |                  5.80 |                    5.00 |    183 |    55.8795 |
|        1 |        260 |           740.70 |       705.41 |       743.12 |                 14.28 |                    5.00 |    183 |    56.0409 |
|        1 |        261 |           740.70 |       705.41 |       754.60 |                  5.95 |                    5.00 |    183 |    56.1301 |
|        1 |        262 |           740.70 |       705.41 |       710.45 |                 11.23 |                    5.00 |    183 |    56.1952 |
|        1 |        263 |           740.70 |       705.41 |       750.77 |                 13.67 |                    5.00 |    183 |    56.2434 |
|        1 |        264 |           740.70 |       705.41 |       757.31 |                 14.77 |                    5.00 |    183 |    56.2855 |
|        1 |        265 |           740.70 |       705.41 |       756.95 |                 17.92 |                    5.00 |    183 |    56.4017 |
|        1 |        266 |           740.70 |       705.41 |       746.60 |                 17.10 |                    5.00 |    183 |    56.5149 |
|        1 |        267 |           740.70 |       705.41 |       755.38 |                 17.91 |                    5.00 |    183 |    56.5803 |
|        1 |        268 |           740.70 |       705.41 |       751.37 |                 16.94 |                    5.00 |    183 |    56.6694 |
|        1 |        269 |           740.70 |       705.41 |       752.77 |                 14.81 |                    5.00 |    183 |    56.7390 |
|        1 |        270 |           740.70 |       705.41 |       751.42 |                 17.85 |                    5.00 |    183 |    56.7937 |
|        1 |        271 |           740.70 |       705.41 |       754.32 |                 13.82 |                    5.00 |    183 |    56.8905 |
|        1 |        272 |           740.70 |       705.41 |       748.71 |                 15.85 |                    5.00 |    183 |    56.9392 |
|        1 |        273 |           740.70 |       705.41 |       707.14 |                 11.45 |                    5.00 |    183 |    57.1850 |
|        1 |        274 |           740.70 |       705.41 |       737.88 |                 17.89 |                    5.00 |    183 |    57.2428 |
|        1 |        275 |           740.70 |       705.41 |       741.81 |                 17.41 |                    5.00 |    183 |    57.3598 |
|        1 |        276 |           740.70 |       705.41 |       743.65 |                 17.69 |                    5.00 |    183 |    57.4224 |
|        1 |        277 |           740.70 |       705.41 |       743.82 |                 18.54 |                    5.00 |    183 |    57.4739 |
|        1 |        278 |           740.70 |       705.41 |       744.30 |                 10.45 |                    5.00 |    183 |    57.5392 |
|        1 |        279 |           740.70 |       705.41 |       749.97 |                 12.97 |                    5.00 |    183 |    57.6073 |
|        1 |        280 |           740.70 |       705.41 |       754.72 |                 17.45 |                    5.00 |    183 |    57.6559 |
|        1 |        281 |           740.70 |       705.41 |       758.31 |                 17.52 |                    5.00 |    183 |    57.7530 |
|        1 |        282 |           740.70 |       705.41 |       730.23 |                  8.62 |                    5.00 |    183 |    57.8996 |
|        1 |        283 |           740.70 |       705.41 |       732.74 |                 11.73 |                    5.00 |    183 |    57.9313 |
|        1 |        284 |           740.70 |       705.41 |       735.82 |                 13.67 |                    5.00 |    184 |    58.0315 |
|        1 |        285 |           740.70 |       705.41 |       753.55 |                  9.28 |                    5.00 |    184 |    58.1293 |
|        1 |        286 |           740.70 |       705.41 |       735.02 |                 14.82 |                    5.00 |    184 |    58.1723 |
|        1 |        287 |           740.70 |       705.41 |       747.59 |                  9.41 |                    5.00 |    184 |    58.2268 |
|        1 |        288 |           740.70 |       705.41 |       734.89 |                 17.08 |                    5.00 |    184 |    58.2846 |
|        1 |        289 |           740.70 |       705.41 |       763.03 |                 18.40 |                    5.00 |    184 |    58.3768 |
|        1 |        290 |           740.70 |       705.41 |       765.28 |                 10.88 |                    5.00 |    184 |    58.4576 |
|        1 |        291 |           740.70 |       705.41 |       753.67 |                 13.79 |                    5.00 |    184 |    58.4986 |
|        1 |        292 |           740.70 |       705.41 |       759.84 |                 17.83 |                    5.00 |    184 |    58.5464 |
|        1 |        293 |           740.70 |       705.41 |       765.98 |                 17.77 |                    5.00 |    184 |    58.5984 |
|        1 |        294 |           740.70 |       705.41 |       765.43 |                 13.36 |                    5.00 |    184 |    58.6828 |
|        1 |        295 |           740.70 |       705.41 |       759.22 |                 14.56 |                    5.00 |    184 |    58.7474 |
|        1 |        296 |           740.70 |       705.41 |       753.50 |                  6.31 |                    5.00 |    184 |    58.8254 |
|        1 |        297 |           740.70 |       705.41 |       710.61 |                  9.97 |                    5.00 |    184 |    58.8659 |
|        1 |        298 |           740.70 |       705.41 |       732.87 |                 17.05 |                    5.00 |    185 |    58.9152 |
|        1 |        299 |           740.70 |       705.41 |       740.66 |                 11.59 |                    5.00 |    185 |    59.0061 |
|        1 |        300 |           740.70 |       705.41 |       739.42 |                 15.41 |                    5.00 |    185 |    59.0836 |
|        1 |        301 |           740.70 |       705.41 |       742.49 |                 12.56 |                    5.00 |    185 |    59.1427 |
|        1 |        302 |           740.70 |       705.41 |       737.13 |                  9.47 |                    5.00 |    185 |    59.1891 |
|        1 |        303 |           740.70 |       705.41 |       730.01 |                 14.21 |                    5.00 |    185 |    59.2454 |
|        1 |        304 |           740.70 |       705.41 |       741.39 |                 17.15 |                    5.00 |    185 |    59.2932 |
|        1 |        305 |           740.70 |       705.41 |       758.03 |                 17.71 |                    5.00 |    185 |    59.4689 |
|        1 |        306 |           740.70 |       705.41 |       767.32 |                 10.58 |                    5.00 |    185 |    59.5691 |
|        1 |        307 |           740.70 |       705.41 |       756.51 |                  9.35 |                    5.00 |    185 |    59.6316 |
|        1 |        308 |           740.70 |       705.41 |       753.39 |                 12.83 |                    5.00 |    185 |    59.6750 |
|        1 |        309 |           740.70 |       705.41 |       758.83 |                 13.45 |                    5.00 |    185 |    59.7375 |
|        1 |        310 |           740.70 |       705.41 |       757.34 |                 17.22 |                    5.00 |    185 |    59.7934 |
|        1 |        311 |           740.70 |       705.41 |       730.34 |                 10.90 |                    5.00 |    185 |    59.9002 |
|        1 |        312 |           740.70 |       705.41 |       738.10 |                 14.25 |                    5.00 |    185 |    59.9478 |
------------------------------------------------------------------------------------------------------------------------------------------------
|  Restart |  Iteration |  Best Feas. Cost |    Best Cost |   Curr. Cost |   Penalty Custom Res. |   Penalty Standard Res. |   Pool |   Time (s) |
------------------------------------------------------------------------------------------------------------------------------------------------
|        1 |        313 |           740.70 |       705.41 |       741.39 |                 17.67 |                    5.00 |    185 |    60.0205 |
|        1 |        314 |           740.70 |       705.41 |       749.50 |                 16.59 |                    5.00 |    185 |    60.0702 |
|        1 |        315 |           740.70 |       705.41 |       763.29 |                 18.62 |                    5.00 |    185 |    60.1485 |
|        1 |        316 |           740.70 |       705.41 |       763.17 |                 10.08 |                    5.00 |    185 |    60.2088 |
|        1 |        317 |           740.70 |       705.41 |       735.74 |                 16.07 |                    5.00 |    185 |    60.2587 |
|        1 |        318 |           740.70 |       705.41 |       747.53 |                 14.79 |                    5.00 |    185 |    60.2969 |
|        1 |        319 |           740.70 |       705.41 |       742.28 |                 11.95 |                    5.00 |    185 |    60.3495 |
|        1 |        320 |           740.70 |       705.41 |       736.00 |                 17.60 |                    5.00 |    185 |    60.3956 |
|        1 |        321 |           740.70 |       705.41 |       745.22 |                 17.35 |                    5.00 |    185 |    60.4621 |
|        1 |        322 |           740.70 |       705.41 |       744.73 |                 17.28 |                    5.00 |    185 |    60.5326 |
|        1 |        323 |           740.70 |       705.41 |       744.63 |                 15.74 |                    5.00 |    185 |    60.5866 |
|        1 |        324 |           740.70 |       705.41 |       744.85 |                  9.51 |                    5.00 |    185 |    60.6442 |
|        1 |        325 |           740.70 |       705.41 |       732.49 |                 10.26 |                    5.00 |    185 |    60.6974 |
|        1 |        326 |           740.70 |       705.41 |       733.35 |                 17.74 |                    5.00 |    185 |    60.7438 |
|        1 |        327 |           740.70 |       705.41 |       753.50 |                  8.87 |                    5.00 |    185 |    60.7964 |
|        1 |        328 |           740.70 |       705.41 |       745.59 |                 11.91 |                    5.00 |    185 |    60.8732 |
|        1 |        329 |           740.70 |       705.41 |       756.61 |                 17.17 |                    5.00 |    185 |    60.9345 |
|        1 |        330 |           740.70 |       705.41 |       762.47 |                 10.90 |                    5.00 |    185 |    61.0028 |
|        1 |        331 |           740.70 |       705.41 |       751.06 |                 19.01 |                    5.00 |    185 |    61.0660 |
|        1 |        332 |           740.70 |       705.41 |       764.70 |                 17.49 |                    5.00 |    185 |    61.1180 |
|        1 |        333 |           740.70 |       705.41 |       764.70 |                 18.53 |                    5.00 |    185 |    61.1531 |
|        1 |        334 |           740.70 |       705.41 |       764.70 |                 11.21 |                    5.00 |    185 |    61.1957 |
|        1 |        335 |           740.70 |       705.41 |       751.88 |                 18.99 |                    5.00 |    185 |    61.2485 |
|        1 |        336 |           740.70 |       705.41 |       763.85 |                 12.79 |                    5.00 |    185 |    61.3445 |
|        1 |        337 |           740.70 |       705.41 |       756.51 |                 15.87 |                    5.00 |    185 |    61.4003 |
|        1 |        338 |           740.70 |       705.41 |       786.40 |                  6.42 |                    5.00 |    185 |    61.4891 |
|        1 |        339 |           740.70 |       705.41 |       773.20 |                  5.00 |                    5.00 |    185 |    61.5546 |
|        1 |        340 |           740.70 |       705.41 |       770.00 |                  5.00 |                    5.00 |    185 |    61.6026 |
|        1 |        341 |           740.70 |       705.41 |       770.00 |                  5.00 |                    5.00 |    185 |    61.6541 |
|        1 |        342 |           740.70 |       705.41 |       770.00 |                  5.00 |                    5.00 |    185 |    61.6995 |
|        1 |        343 |           740.70 |       705.41 |       745.91 |                 13.79 |                    5.00 |    186 |    61.8205 |
|        1 |        344 |           740.70 |       705.41 |       735.97 |                 18.17 |                    5.00 |    186 |    61.8804 |
|        1 |        345 |           740.70 |       705.41 |       735.97 |                 16.91 |                    5.00 |    186 |    61.9103 |
|        1 |        346 |           740.70 |       705.41 |       735.97 |                 18.83 |                    5.00 |    186 |    61.9547 |
|        1 |        347 |           740.70 |       705.41 |       743.15 |                 18.02 |                    5.00 |    186 |    62.0183 |
|        1 |        348 |           740.70 |       705.41 |       751.40 |                 10.27 |                    5.00 |    186 |    62.0689 |
|        1 |        349 |           740.70 |       705.41 |       751.40 |                  5.00 |                    5.00 |    186 |    62.1311 |
|        1 |        350 |           740.70 |       705.41 |       710.92 |                 10.03 |                    5.00 |    186 |    62.1800 |
|        1 |        351 |           740.70 |       705.41 |       710.92 |                 16.67 |                    5.00 |    186 |    62.2193 |
|        1 |        352 |           740.70 |       705.41 |       732.47 |                 14.97 |                    5.00 |    186 |    62.3266 |
|        1 |        353 |           740.70 |       705.41 |       755.78 |                 17.68 |                    5.00 |    186 |    62.3910 |
|        1 |        354 |           740.70 |       705.41 |       755.78 |                 16.12 |                    5.00 |    186 |    62.4256 |
|        1 |        355 |           740.70 |       705.41 |       761.93 |                 16.06 |                    5.00 |    186 |    62.4945 |
|        1 |        356 |           740.70 |       705.41 |       763.19 |                 17.87 |                    5.00 |    186 |    62.5437 |
|        1 |        357 |           740.70 |       705.41 |       766.20 |                 11.95 |                    5.00 |    186 |    62.5970 |
|        1 |        358 |           740.70 |       705.41 |       756.48 |                 17.57 |                    5.00 |    186 |    62.6636 |
|        1 |        359 |           740.70 |       705.41 |       756.48 |                 16.67 |                    5.00 |    186 |    62.7084 |
|        1 |        360 |           740.70 |       705.41 |       763.44 |                 17.32 |                    5.00 |    186 |    62.7443 |
|        1 |        361 |           740.70 |       705.41 |       764.04 |                 17.62 |                    5.00 |    186 |    62.8028 |
|        1 |        362 |           740.70 |       705.41 |       732.33 |                 12.70 |                    5.00 |    186 |    62.9111 |
|        1 |        363 |           740.70 |       705.41 |       741.78 |                 14.28 |                    5.00 |    186 |    62.9528 |
|        1 |        364 |           740.70 |       705.41 |       733.40 |                 13.77 |                    5.00 |    186 |    63.0533 |
|        1 |        365 |           740.70 |       705.41 |       744.55 |                 17.81 |                    5.00 |    186 |    63.0966 |
|        1 |        366 |           740.70 |       705.41 |       743.97 |                 18.47 |                    5.00 |    186 |    63.1557 |
|        1 |        367 |           740.70 |       705.41 |       777.61 |                 26.63 |                    5.00 |    186 |    63.2228 |
|        1 |        368 |           740.70 |       705.41 |       774.30 |                 16.08 |                    5.00 |    187 |    63.2871 |
|        1 |        369 |           740.70 |       705.41 |       765.40 |                  6.18 |                    5.00 |    187 |    63.3803 |
|        1 |        370 |           740.70 |       705.41 |       746.62 |                 12.41 |                    5.00 |    187 |    63.4376 |
|        1 |        371 |           740.70 |       705.41 |       774.86 |                 17.73 |                    5.00 |    187 |    63.4882 |
|        1 |        372 |           740.70 |       705.41 |       753.89 |                  8.75 |                    5.00 |    187 |    63.5862 |
|        1 |        373 |           740.70 |       705.41 |       750.93 |                 13.67 |                    5.00 |    187 |    63.6394 |
|        1 |        374 |           740.70 |       705.41 |       771.40 |                 11.60 |                    5.00 |    188 |    63.6980 |
|        1 |        375 |           740.70 |       705.41 |       733.19 |                 16.87 |                    5.00 |    188 |    63.7766 |
|        1 |        376 |           740.70 |       705.41 |       751.37 |                 22.95 |                    5.00 |    188 |    63.8134 |
|        1 |        377 |           740.70 |       705.41 |       766.65 |                 38.13 |                    5.00 |    188 |    63.8528 |
|        1 |        378 |           740.70 |       705.41 |       791.70 |                 21.71 |                    5.00 |    190 |    63.9046 |
|        1 |        379 |           740.70 |       705.41 |       791.70 |                 13.81 |                    5.00 |    190 |    63.9362 |
|        1 |        380 |           740.70 |       705.41 |       756.98 |                 19.82 |                    5.00 |    190 |    64.0611 |
|        1 |        381 |           740.70 |       705.41 |       756.82 |                 14.77 |                    5.00 |    190 |    64.1263 |
|        1 |        382 |           740.70 |       705.41 |       749.95 |                 20.28 |                    5.00 |    190 |    64.1715 |
|        1 |        383 |           740.70 |       705.41 |       753.97 |                 15.41 |                    5.00 |    190 |    64.2432 |
|        1 |        384 |           740.70 |       705.41 |       749.95 |                 17.74 |                    5.00 |    190 |    64.3864 |
|        1 |        385 |           740.70 |       705.41 |       756.88 |                 15.22 |                    5.00 |    190 |    64.4273 |
|        1 |        386 |           740.70 |       705.41 |       753.40 |                 15.49 |                    5.00 |    190 |    64.4705 |
|        1 |        387 |           740.70 |       705.41 |       753.63 |                 14.69 |                    5.00 |    190 |    64.5137 |
|        1 |        388 |           740.70 |       705.41 |       754.57 |                 19.20 |                    5.00 |    190 |    64.5446 |
|        1 |        389 |           740.70 |       705.41 |       751.38 |                 14.70 |                    5.00 |    190 |    64.6523 |
|        1 |        390 |           740.70 |       705.41 |       758.87 |                 13.36 |                    5.00 |    192 |    64.7309 |
|        1 |        391 |           740.70 |       705.41 |       753.38 |                 18.15 |                    5.00 |    192 |    64.7839 |
|        1 |        392 |           740.70 |       705.41 |       751.87 |                 17.52 |                    5.00 |    192 |    64.8635 |
|        1 |        393 |           740.70 |       705.41 |       755.88 |                 30.24 |                    5.00 |    195 |    64.9317 |
|        1 |        394 |           740.70 |       705.41 |       755.10 |                 17.91 |                    5.00 |    197 |    64.9855 |
|        1 |        395 |           740.70 |       705.41 |       761.67 |                 13.21 |                    5.00 |    198 |    65.0482 |
|        1 |        396 |           740.70 |       705.41 |       754.98 |                 13.71 |                    5.00 |    198 |    65.0918 |
|        1 |        397 |           740.70 |       705.41 |       750.65 |                 17.71 |                    5.00 |    198 |    65.1484 |
|        1 |        398 |           740.70 |       705.41 |       750.75 |                 18.54 |                    5.00 |    198 |    65.2219 |
|        1 |        399 |           740.70 |       705.41 |       751.96 |                 18.61 |                    5.00 |    198 |    65.3155 |
|        1 |        400 |           740.70 |       705.41 |       754.90 |                 16.63 |                    5.00 |    198 |    65.3521 |
|        1 |        401 |           740.70 |       705.41 |       750.83 |                 20.41 |                    5.00 |    198 |    65.4325 |
|        1 |        402 |           740.70 |       705.41 |       754.41 |                 17.80 |                    5.00 |    198 |    65.5377 |
|        1 |        403 |           740.70 |       705.41 |       754.27 |                 17.18 |                    5.00 |    198 |    65.6209 |
|        1 |        404 |           740.70 |       705.41 |       757.11 |                 16.79 |                    5.00 |    198 |    65.6659 |
|        1 |        405 |           740.70 |       705.41 |       756.94 |                 17.75 |                    5.00 |    198 |    65.7360 |
|        1 |        406 |           740.70 |       705.41 |       756.84 |                 15.84 |                    5.00 |    198 |    65.7843 |
|        1 |        407 |           740.70 |       705.41 |       755.11 |                 17.81 |                    5.00 |    198 |    65.8336 |
|        1 |        408 |           740.70 |       705.41 |       754.70 |                  8.21 |                    5.00 |    198 |    65.8905 |
|        1 |        409 |           740.70 |       705.41 |       730.24 |                 11.96 |                    5.00 |    198 |    65.9408 |
|        1 |        410 |           740.70 |       705.41 |       737.91 |                 16.60 |                    5.00 |    198 |    65.9773 |
|        1 |        411 |           740.70 |       705.41 |       761.10 |                 15.26 |                    5.00 |    198 |    66.0522 |
|        1 |        412 |           740.70 |       705.41 |       760.64 |                 11.96 |                    5.00 |    198 |    66.1120 |
|        1 |        413 |           740.70 |       705.41 |       751.99 |                 17.78 |                    5.00 |    198 |    66.1591 |
|        1 |        414 |           740.70 |       705.41 |       759.52 |                 11.99 |                    5.00 |    198 |    66.2197 |
|        1 |        415 |           740.70 |       705.41 |       748.60 |                 14.15 |                    5.00 |    199 |    66.3025 |
|        1 |        416 |           740.70 |       705.41 |       742.01 |                 18.08 |                    5.00 |    199 |    66.3821 |
|        1 |        417 |           740.70 |       705.41 |       783.70 |                 11.85 |                    5.00 |    200 |    66.4174 |
|        1 |        418 |           740.70 |       705.41 |       783.70 |                  6.48 |                    5.00 |    200 |    66.4697 |
|        1 |        419 |           740.70 |       705.41 |       716.37 |                 10.64 |                    5.00 |    200 |    66.5366 |
|        1 |        420 |           740.70 |       705.41 |       737.31 |                  8.85 |                    5.00 |    200 |    66.6007 |
|        1 |        421 |           740.70 |       705.41 |       746.49 |                 16.24 |                    5.00 |    201 |    66.6461 |
|        1 |        422 |           740.70 |       705.41 |       769.78 |                 13.35 |                    5.00 |    203 |    66.7398 |
|        1 |        423 |           740.70 |       705.41 |       763.90 |                 17.97 |                    5.00 |    203 |    66.7830 |
|        1 |        424 |           740.70 |       705.41 |       768.60 |                  9.51 |                    5.00 |    205 |    66.8823 |
|        1 |        425 |           740.70 |       705.41 |       705.65 |                 11.21 |                    5.00 |    206 |    66.9595 |
|        1 |        426 |           740.70 |       705.41 |       770.42 |                 20.37 |                    5.00 |    208 |    67.0052 |
|        1 |        427 |           740.70 |       705.41 |       798.13 |                 11.32 |                    5.00 |    208 |    67.1272 |
|        1 |        428 |           740.70 |       705.41 |       789.37 |                 17.48 |                    5.00 |    208 |    67.2110 |
|        1 |        429 |           740.70 |       705.41 |       795.09 |                 27.32 |                    5.00 |    208 |    67.2656 |
|        1 |        430 |           740.70 |       705.41 |       802.20 |                 12.22 |                    5.00 |    210 |    67.3317 |
|        1 |        431 |           740.70 |       705.41 |       754.60 |                  6.39 |                    5.00 |    210 |    67.4380 |
|        1 |        432 |           740.70 |       705.41 |       754.60 |                  5.00 |                    5.00 |    210 |    67.4924 |
|        1 |        433 |           740.70 |       705.41 |       754.60 |                  5.00 |                    5.00 |    210 |    67.5309 |
|        1 |        434 |           740.70 |       705.41 |       718.70 |                  9.35 |                    5.00 |    211 |    67.6090 |
|        1 |        435 |           740.70 |       705.41 |       740.56 |                 12.97 |                    5.00 |    211 |    67.6596 |
|        1 |        436 |           740.70 |       705.41 |       760.62 |                 15.76 |                    5.00 |    211 |    67.7394 |
|        1 |        437 |           740.70 |       705.41 |       776.99 |                 17.88 |                    5.00 |    211 |    67.7903 |
|        1 |        438 |           740.70 |       705.41 |       779.33 |                 12.18 |                    5.00 |    211 |    67.8585 |
|        1 |        439 |           740.70 |       705.41 |       762.35 |                 10.64 |                    5.00 |    211 |    67.9309 |
|        1 |        440 |           740.70 |       705.41 |       749.54 |                 17.84 |                    5.00 |    211 |    67.9748 |
|        1 |        441 |           740.70 |       705.41 |       730.29 |                 14.05 |                    5.00 |    211 |    68.0900 |
|        1 |        442 |           740.70 |       705.41 |       743.13 |                 17.80 |                    5.00 |    211 |    68.1371 |
|        1 |        443 |           740.70 |       705.41 |       759.55 |                 11.98 |                    5.00 |    211 |    68.2249 |
|        1 |        444 |           740.70 |       705.41 |       749.86 |                 14.86 |                    5.00 |    211 |    68.2905 |
|        1 |        445 |           740.70 |       705.41 |       743.52 |                 14.14 |                    5.00 |    212 |    68.4193 |
|        1 |        446 |           740.70 |       705.41 |       749.50 |                 18.35 |                    5.00 |    212 |    68.5506 |
|        1 |        447 |           740.70 |       705.41 |       741.05 |                 16.85 |                    5.00 |    212 |    68.6343 |
|        1 |        448 |           740.70 |       705.41 |       749.51 |                 13.87 |                    5.00 |    212 |    68.7134 |
|        1 |        449 |           740.70 |       705.41 |       770.87 |                 17.23 |                    5.00 |    212 |    68.7534 |
|        1 |        450 |           740.70 |       705.41 |       761.89 |                 20.30 |                    5.00 |    212 |    68.8494 |
|        1 |        451 |           740.70 |       705.41 |       756.90 |                  7.35 |                    5.00 |    212 |    68.9315 |
|        1 |        452 |           740.70 |       705.41 |       756.90 |                  5.00 |                    5.00 |    212 |    68.9633 |
|        1 |        453 |           740.70 |       705.41 |       718.01 |                  9.17 |                    5.00 |    212 |    69.0179 |
|        1 |        454 |           740.70 |       705.41 |       736.87 |                 11.61 |                    5.00 |    212 |    69.0849 |
|        1 |        455 |           740.70 |       705.41 |       738.95 |                 20.47 |                    5.00 |    212 |    69.1246 |
|        1 |        456 |           740.70 |       705.41 |       746.09 |                  9.52 |                    5.00 |    212 |    69.1915 |
|        1 |        457 |           740.70 |       705.41 |       747.34 |                 15.66 |                    5.00 |    213 |    69.2317 |
|        1 |        458 |           740.70 |       705.41 |       760.39 |                 18.63 |                    5.00 |    213 |    69.3265 |
|        1 |        459 |           740.70 |       705.41 |       756.70 |                  6.73 |                    5.00 |    213 |    69.4484 |
|        1 |        460 |           740.70 |       705.41 |       724.94 |                  9.32 |                    5.00 |    213 |    69.5128 |
|        1 |        461 |           740.70 |       705.41 |       745.56 |                 15.17 |                    5.00 |    213 |    69.5475 |
|        1 |        462 |           740.70 |       705.41 |       745.56 |                 17.40 |                    5.00 |    213 |    69.5955 |
|        1 |        463 |           740.70 |       705.41 |       773.11 |                 22.26 |                    5.00 |    213 |    69.6410 |
|        1 |        464 |           740.70 |       705.41 |       746.20 |                 11.58 |                    5.00 |    213 |    69.6952 |
|        1 |        465 |           740.70 |       705.41 |       734.34 |                 19.61 |                    5.00 |    213 |    69.7399 |
|        1 |        466 |           740.70 |       705.41 |       743.84 |                 10.29 |                    5.00 |    213 |    69.8061 |
|        1 |        467 |           740.70 |       705.41 |       732.68 |                 12.28 |                    5.00 |    213 |    69.8526 |
|        1 |        468 |           740.70 |       705.41 |       736.90 |                 18.09 |                    5.00 |    213 |    69.8994 |
|        1 |        469 |           740.70 |       705.41 |       746.20 |                 16.62 |                    5.00 |    213 |    69.9621 |
|        1 |        470 |           740.70 |       705.41 |       753.50 |                  9.00 |                    5.00 |    213 |    70.0147 |
|        1 |        471 |           740.70 |       705.41 |       714.74 |                 11.39 |                    5.00 |    213 |    70.0782 |
|        1 |        472 |           740.70 |       705.41 |       736.62 |                 17.63 |                    5.00 |    213 |    70.1299 |
|        1 |        473 |           740.70 |       705.41 |       784.19 |                 13.96 |                    5.00 |    214 |    70.1817 |
|        1 |        474 |           740.70 |       705.41 |       741.15 |                 16.80 |                    5.00 |    215 |    70.4116 |
|        1 |        475 |           740.70 |       705.41 |       772.50 |                 17.39 |                    5.00 |    218 |    70.4952 |
|        1 |        476 |           740.70 |       705.41 |       772.40 |                  8.34 |                    5.00 |    219 |    70.5680 |
|        1 |        477 |           740.70 |       705.41 |       754.08 |                 14.25 |                    5.00 |    221 |    70.6380 |
|        1 |        478 |           740.70 |       705.41 |       763.52 |                 25.61 |                    5.00 |    222 |    70.6917 |
|        1 |        479 |           740.70 |       705.41 |       776.40 |                 19.67 |                    5.00 |    222 |    70.7587 |
|        1 |        480 |           740.70 |       705.41 |       756.70 |                  6.70 |                    5.00 |    222 |    70.8587 |
|        1 |        481 |           740.70 |       705.41 |       715.34 |                  9.56 |                    5.00 |    222 |    70.9197 |
|        1 |        482 |           740.70 |       705.41 |       763.10 |                 17.51 |                    5.00 |    222 |    70.9840 |
|        1 |        483 |           740.70 |       705.41 |       762.76 |                 20.67 |                    5.00 |    222 |    71.0405 |
|        1 |        484 |           740.70 |       705.41 |       755.44 |                  8.95 |                    5.00 |    222 |    71.1409 |
|        1 |        485 |           740.70 |       705.41 |       747.78 |                 15.02 |                    5.00 |    222 |    71.1920 |
|        1 |        486 |           740.70 |       705.41 |       763.91 |                 14.52 |                    5.00 |    222 |    71.2554 |
|        1 |        487 |           740.70 |       705.41 |       771.53 |                 21.80 |                    5.00 |    225 |    71.3047 |
|        1 |        488 |           740.70 |       705.41 |       779.64 |                 26.82 |                    5.00 |    227 |    71.3489 |
|        1 |        489 |           740.70 |       705.41 |       780.20 |                 17.35 |                    5.00 |    227 |    71.4311 |
|        1 |        490 |           740.70 |       705.41 |       773.77 |                 17.90 |                    5.00 |    229 |    71.5571 |
|        1 |        491 |           740.70 |       705.41 |       755.89 |                 16.57 |                    5.00 |    229 |    71.8060 |
|        1 |        492 |           740.70 |       705.41 |       763.61 |                 18.04 |                    5.00 |    229 |    71.8799 |
|        1 |        493 |           740.70 |       705.41 |       764.22 |                  9.85 |                    5.00 |    229 |    71.9488 |
|        1 |        494 |           740.70 |       705.41 |       749.45 |                 12.36 |                    5.00 |    229 |    71.9984 |
|        1 |        495 |           740.70 |       705.41 |       768.48 |                  7.03 |                    5.00 |    229 |    72.0564 |
|        1 |        496 |           740.70 |       705.41 |       736.22 |                 13.29 |                    5.00 |    229 |    72.1107 |
|        1 |        497 |           740.70 |       705.41 |       763.07 |                 19.38 |                    5.00 |    229 |    72.1586 |
|        1 |        498 |           740.70 |       705.41 |       749.50 |                 16.78 |                    5.00 |    229 |    72.2243 |
|        1 |        499 |           740.70 |       705.41 |       747.85 |                 13.03 |                    5.00 |    229 |    72.2631 |
|        1 |        500 |           740.70 |       705.41 |       755.44 |                  7.64 |                    5.00 |    229 |    72.3288 |
------------------------------------------------------------------------------------------------------------------------------------------------
Version identifier: 22.1.2.0 | 2024-11-26 | 0edbb82fd
CPXPARAM_MIP_Tolerances_UpperCutoff              740.79999999987524
Tried aggregator 2 times.
MIP Presolve eliminated 49 rows and 64 columns.
MIP Presolve modified 200 coefficients.
Aggregator did 1 substitutions.
Reduced MIP has 51 rows, 164 columns, and 1346 nonzeros.
Reduced MIP has 164 binaries, 0 generals, 0 SOSs, and 0 indicators.
Presolve time = 0.00 sec. (2.16 ticks)
Probing fixed 4 vars, tightened 0 bounds.
Probing time = 0.00 sec. (1.06 ticks)
Tried aggregator 1 time.
Detecting symmetries...
MIP Presolve eliminated 7 rows and 10 columns.
Reduced MIP has 44 rows, 154 columns, and 1166 nonzeros.
Reduced MIP has 154 binaries, 0 generals, 0 SOSs, and 0 indicators.
Presolve time = 0.00 sec. (0.88 ticks)
Probing time = 0.00 sec. (0.88 ticks)
Clique table members: 272.
MIP emphasis: balance optimality and feasibility.
MIP search method: dynamic search.
Parallel mode: deterministic, using up to 8 threads.
Root relaxation solution time = 0.00 sec. (0.34 ticks)

        Nodes                                         Cuts/
   Node  Left     Objective  IInf  Best Integer    Best Bound    ItCnt     Gap

*     0     0      integral     0      737.4000      737.4000       47    0.00%
Elapsed time = 0.01 sec. (7.40 ticks, tree = 0.00 MB, solutions = 1)
objective_value(sp) = 737.4
 75.773971 seconds (6.88 M allocations: 345.004 MiB, 0.09% gc time, 5.19% compilation time)
#1: 0 (0.0) {242.0} -> 67 (10.0) {254.2} [12.0, 424.0] -> 63 (60.0) {347.2} [14.0, 360.0] -> 62 (80.0) {442.2} [18.0, 474.0] -> 0 (80.0) {550.2} [0.0, 3390.0]
#2: 0 (0.0) {51.0} -> 5 (10.0) {66.1} [15.0, 208.0] -> 75 (30.0) {159.1} [49.0, 346.0] -> 93 (70.0) {256.7} [8.0, 258.0] -> 0 (70.0) {354.9} [0.0, 3390.0]
#3: 0 (0.0) {442.0} -> 1 (10.0) {469.7} [302.0, 479.0] -> 99 (20.0) {565.5} [379.0, 594.0] -> 100 (40.0) {660.5} [477.0, 686.0] -> 97 (70.0) {755.5} [537.0, 816.0] -> 92 (90.0) {852.5} [646.0, 901.0] -> 94 (100.0) {946.1} [708.0, 1027.0] -> 95 (130.0) {1039.7} [852.0, 1069.0] -> 98 (150.0) {1136.1} [948.0, 1167.0] -> 7 (170.0) {1231.1} [1059.0, 1246.0] -> 3 (180.0) {1325.2} [1138.0, 1355.0] -> 4 (190.0) {1418.8} [1247.0, 1434.0] -> 89 (200.0) {1513.2} [1275.0, 1594.0] -> 91 (210.0) {1608.8} [1440.0, 1621.0] -> 88 (240.0) {1703.8} [1482.0, 1769.0] -> 84 (260.0) {1799.1} [1617.0, 1824.0] -> 86 (270.0) {1894.1} [1710.0, 1921.0] -> 83 (280.0) {1990.1} [1751.0, 2072.0] -> 82 (300.0) {2083.1} [1894.0, 2115.0] -> 85 (330.0) {2187.3} [1969.0, 2248.0] -> 76 (340.0) {2289.0} [2106.0, 2315.0] -> 71 (360.0) {2384.0} [2192.0, 2419.0] -> 70 (390.0) {2479.0} [2119.0, 2682.0] -> 73 (400.0) {2572.0} [2169.0, 2818.0] -> 80 (410.0) {2670.6} [2369.0, 2816.0] -> 79 (420.0) {2765.9} [2505.0, 2870.0] -> 81 (450.0) {2861.2} [2563.0, 3002.0] -> 78 (470.0) {2959.8} [2599.0, 3164.0] -> 77 (480.0) {3057.6} [2701.0, 3258.0] -> 87 (500.0) {3155.6} [2976.0, 3275.0] -> 96 (510.0) {3251.9} [2713.0, 3275.0] -> 0 (510.0) {3366.0} [0.0, 3390.0]
#4: 0 (0.0) {363.0} -> 2 (30.0) {383.6} [157.0, 428.0] -> 20 (40.0) {498.6} [10.0, 963.0] -> 22 (60.0) {591.4} [12.0, 752.0] -> 21 (80.0) {2062.0} [2062.0, 3288.0] -> 8 (100.0) {2157.6} [2035.0, 3288.0] -> 0 (100.0) {2259.2} [0.0, 3390.0]
#5: 0 (0.0) {459.0} -> 24 (10.0) {474.0} [15.0, 532.0] -> 27 (20.0) {566.8} [17.0, 602.0] -> 30 (30.0) {661.0} [63.0, 702.0] -> 29 (40.0) {756.0} [20.0, 948.0] -> 6 (60.0) {854.9} [209.0, 944.0] -> 32 (90.0) {951.2} [336.0, 1009.0] -> 33 (130.0) {1043.2} [234.0, 1295.0] -> 31 (150.0) {1138.5} [309.0, 1412.0] -> 35 (160.0) {1233.5} [377.0, 1534.0] -> 37 (180.0) {1329.3} [494.0, 1607.0] -> 38 (210.0) {1421.3} [637.0, 1648.0] -> 39 (230.0) {1516.3} [834.0, 1641.0] -> 36 (240.0) {1611.3} [819.0, 1846.0] -> 34 (260.0) {1704.3} [954.0, 1897.0] -> 28 (280.0) {1805.0} [1010.0, 2043.0] -> 26 (290.0) {1903.0} [1036.0, 2213.0] -> 23 (300.0) {2000.2} [1316.0, 2129.0] -> 17 (320.0) {2100.0} [1895.0, 2886.0] -> 18 (340.0) {2193.0} [1299.0, 2344.0] -> 19 (350.0) {2288.0} [1461.0, 2372.0] -> 16 (390.0) {2385.0} [1512.0, 2515.0] -> 14 (400.0) {2477.0} [1586.0, 2625.0] -> 12 (420.0) {2570.0} [1772.0, 2625.0] -> 15 (460.0) {2667.0} [1858.0, 2733.0] -> 13 (490.0) {2762.3} [2135.0, 2834.0] -> 25 (530.0) {2861.3} [2177.0, 2990.0] -> 9 (540.0) {2958.5} [2090.0, 3271.0] -> 11 (550.0) {3055.5} [2428.0, 3127.0] -> 10 (560.0) {3148.5} [2311.0, 3283.0] -> 90 (570.0) {3265.8} [2789.0, 3279.0] -> 0 (570.0) {3376.4} [0.0, 3390.0]
#6: 0 (0.0) {450.0} -> 74 (50.0) {469.8} [87.0, 498.0] -> 72 (60.0) {564.8} [131.0, 644.0] -> 61 (70.0) {657.8} [223.0, 738.0] -> 64 (80.0) {749.8} [246.0, 899.0] -> 66 (90.0) {844.8} [393.0, 942.0] -> 69 (100.0) {936.8} [534.0, 985.0] -> 68 (110.0) {1032.6} [641.0, 1070.0] -> 65 (120.0) {1127.9} [704.0, 1197.0] -> 49 (130.0) {1224.3} [812.0, 1281.0] -> 55 (140.0) {1322.1} [897.0, 1392.0] -> 54 (180.0) {1417.1} [998.0, 1481.0] -> 53 (200.0) {1512.4} [1078.0, 1593.0] -> 56 (230.0) {1606.4} [1083.0, 1776.0] -> 58 (260.0) {1698.4} [1133.0, 1910.0] -> 60 (280.0) {1791.4} [1180.0, 2049.0] -> 59 (290.0) {1887.2} [1392.0, 2027.0] -> 57 (330.0) {1982.2} [1426.0, 2183.0] -> 40 (340.0) {2075.8} [1468.0, 2329.0] -> 44 (350.0) {2170.2} [1621.0, 2364.0] -> 46 (380.0) {2265.5} [1782.0, 2395.0] -> 45 (390.0) {2361.9} [1805.0, 2564.0] -> 51 (400.0) {2456.9} [1883.0, 2676.0] -> 50 (410.0) {2549.1} [1842.0, 2901.0] -> 52 (420.0) {2642.2} [2070.0, 2859.0] -> 47 (430.0) {2737.2} [2242.0, 2877.0] -> 43 (440.0) {2830.2} [2368.0, 2937.0] -> 42 (460.0) {2923.2} [2421.0, 3070.0] -> 41 (470.0) {3015.2} [2480.0, 3195.0] -> 48 (480.0) {3113.2} [2605.0, 3266.0] -> 0 (480.0) {3213.9} [0.0, 3390.0]

Dist: 737.4. Cost: 737.4

Root node processing (before b&c):
  Real time             =    0.01 sec. (7.41 ticks)
Parallel b&c, 8 threads:
  Real time             =    0.00 sec. (0.00 ticks)
  Sync time (average)   =    0.00 sec.
  Wait time (average)   =    0.00 sec.
                          ------------
Total (root+branch&cut) =    0.01 sec. (7.41 ticks)
