Solving instance /mnt/c/Users/bruno.mattos/OneDrive - americanas s.a/Documentos/GitHub/GenericILS/TWRD/100/R106_100_010.vrptwrd...
------------------------------------------------------------------------------------------------------------------------------------------------
|  Restart |  Iteration |  Best Feas. Cost |    Best Cost |   Curr. Cost |   Penalty Custom Res. |   Penalty Standard Res. |   Pool |   Time (s) |
------------------------------------------------------------------------------------------------------------------------------------------------
|        1 |          0 |          1368.10 |      1368.10 |      1368.10 |                  9.61 |                    9.05 |     21 |     0.3590 |
|        1 |          1 |          1368.10 |      1319.23 |      1319.23 |                  5.00 |                    7.28 |     32 |     1.2756 |
|        1 |          0 |          1296.10 |      1296.10 |      1296.10 |                  5.00 |                    6.04 |     43 |     1.5642 |
|        1 |          1 |          1296.10 |      1296.10 |      1301.10 |                  6.48 |                    6.61 |     47 |     1.6413 |
|        1 |          0 |          1296.00 |      1296.00 |      1296.00 |                  5.00 |                    5.30 |     53 |     1.7562 |
|        1 |          1 |          1296.00 |      1296.00 |      1307.60 |                  5.00 |                    5.00 |     55 |     1.8416 |
|        1 |          2 |          1296.00 |      1296.00 |      1306.30 |                  5.00 |                    5.00 |     58 |     1.9328 |
|        1 |          3 |          1296.00 |      1296.00 |      1324.60 |                  5.69 |                    5.69 |     67 |     2.0070 |
|        1 |          4 |          1296.00 |      1296.00 |      1307.90 |                  5.00 |                    5.00 |     70 |     2.0978 |
|        1 |          5 |          1296.00 |      1296.00 |      1301.60 |                  5.00 |                    6.48 |     77 |     2.2020 |
|        1 |          6 |          1296.00 |      1296.00 |      1298.40 |                  5.30 |                    5.00 |     88 |     2.4028 |
|        1 |          7 |          1296.00 |      1296.00 |      1298.40 |                  5.00 |                    5.25 |     88 |     2.5170 |
|        1 |          8 |          1296.00 |      1296.00 |      1326.70 |                  5.36 |                    5.00 |     92 |     2.5931 |
|        1 |          9 |          1296.00 |      1296.00 |      1325.00 |                  5.00 |                    5.00 |     96 |     2.6899 |
|        1 |         10 |          1296.00 |      1296.00 |      1324.90 |                  6.54 |                    6.54 |     98 |     2.7711 |
|        1 |         11 |          1296.00 |      1296.00 |      1321.90 |                  5.00 |                    5.00 |    101 |     2.9261 |
|        1 |         12 |          1296.00 |      1296.00 |      1313.30 |                  5.00 |                    5.00 |    104 |     3.1099 |
|        1 |         13 |          1296.00 |      1296.00 |      1320.80 |                  5.00 |                    5.00 |    104 |     3.2813 |
|        1 |         14 |          1296.00 |      1296.00 |      1320.80 |                  5.00 |                    5.00 |    104 |     3.3912 |
|        1 |         15 |          1296.00 |      1296.00 |      1321.60 |                  5.00 |                    5.00 |    110 |     3.5369 |
|        1 |         16 |          1296.00 |      1296.00 |      1321.60 |                  5.00 |                    5.00 |    110 |     3.6055 |
|        1 |         17 |          1296.00 |      1296.00 |      1316.00 |                  5.00 |                    5.00 |    117 |     3.7742 |
|        1 |         18 |          1296.00 |      1296.00 |      1316.00 |                  5.00 |                    5.00 |    117 |     3.8805 |
|        1 |         19 |          1296.00 |      1296.00 |      1313.70 |                  5.00 |                    5.00 |    124 |     4.0363 |
|        1 |         20 |          1296.00 |      1296.00 |      1313.70 |                  5.00 |                    5.00 |    124 |     4.1197 |
|        1 |         21 |          1296.00 |      1296.00 |      1319.10 |                  5.00 |                    5.00 |    127 |     4.1971 |
|        1 |         22 |          1296.00 |      1296.00 |      1319.10 |                  5.52 |                    5.00 |    127 |     4.2709 |
|        1 |         23 |          1296.00 |      1296.00 |      1313.80 |                  5.00 |                    5.00 |    130 |     4.3494 |
|        1 |         24 |          1296.00 |      1296.00 |      1315.90 |                  5.91 |                    5.63 |    135 |     4.4707 |
|        1 |         25 |          1296.00 |      1296.00 |      1307.30 |                  5.00 |                    5.00 |    141 |     4.5622 |
|        1 |         26 |          1296.00 |      1296.00 |      1300.00 |                  5.00 |                    5.00 |    146 |     4.7043 |
|        1 |         27 |          1296.00 |      1296.00 |      1299.70 |                  5.00 |                    5.00 |    149 |     4.7785 |
|        1 |         28 |          1296.00 |      1296.00 |      1301.20 |                  5.00 |                    5.00 |    153 |     4.8432 |
|        1 |         29 |          1296.00 |      1296.00 |      1305.50 |                  5.00 |                    5.00 |    158 |     4.8983 |
|        1 |         30 |          1296.00 |      1296.00 |      1305.20 |                  5.00 |                    5.00 |    158 |     4.9908 |
|        1 |         31 |          1296.00 |      1296.00 |      1308.20 |                  5.00 |                    5.00 |    160 |     5.0679 |
|        1 |         32 |          1296.00 |      1296.00 |      1313.64 |                  5.00 |                    7.21 |    163 |     5.1554 |
|        1 |         33 |          1296.00 |      1296.00 |      1311.90 |                  5.69 |                    5.00 |    164 |     5.2530 |
|        1 |         34 |          1296.00 |      1296.00 |      1308.20 |                  5.00 |                    5.00 |    169 |     5.3623 |
|        1 |         35 |          1296.00 |      1296.00 |      1310.10 |                  5.00 |                    7.22 |    171 |     5.5348 |
|        1 |         36 |          1296.00 |      1296.00 |      1311.28 |                  5.00 |                    7.19 |    172 |     5.6179 |
|        1 |         37 |          1296.00 |      1296.00 |      1311.42 |                  5.00 |                    6.87 |    172 |     5.7283 |
|        1 |         38 |          1296.00 |      1296.00 |      1311.40 |                  5.00 |                    8.12 |    172 |     5.7922 |
|        1 |         39 |          1296.00 |      1296.00 |      1311.50 |                  5.00 |                    5.81 |    174 |     5.9195 |
|        1 |         40 |          1296.00 |      1296.00 |      1339.64 |                  5.00 |                   10.02 |    180 |     6.1083 |
|        1 |         41 |          1296.00 |      1296.00 |      1338.50 |                  5.00 |                    5.00 |    189 |     6.2724 |
|        1 |         42 |          1296.00 |      1296.00 |      1337.41 |                  5.91 |                    7.08 |    190 |     6.3451 |
|        1 |         43 |          1296.00 |      1296.00 |      1338.29 |                  5.00 |                    5.00 |    190 |     6.4185 |
|        1 |         44 |          1296.00 |      1296.00 |      1321.20 |                  5.00 |                    5.00 |    194 |     6.4995 |
|        1 |         45 |          1296.00 |      1296.00 |      1301.30 |                  5.00 |                    5.00 |    199 |     6.6379 |
|        1 |         46 |          1296.00 |      1296.00 |      1301.30 |                  5.00 |                    7.98 |    199 |     6.7200 |
|        1 |         47 |          1296.00 |      1296.00 |      1302.40 |                  5.00 |                    5.00 |    200 |     6.8058 |
|        1 |         48 |          1296.00 |      1296.00 |      1314.30 |                  5.00 |                    5.00 |    203 |     6.8754 |
|        1 |         49 |          1296.00 |      1296.00 |      1348.06 |                  5.00 |                    6.02 |    211 |     6.9563 |
|        1 |         50 |          1296.00 |      1296.00 |      1332.83 |                  5.00 |                    5.47 |    218 |     7.1769 |
|        1 |         51 |          1296.00 |      1296.00 |      1342.17 |                  5.00 |                    8.21 |    226 |     7.2634 |
|        1 |         52 |          1296.00 |      1296.00 |      1347.00 |                  5.00 |                    6.41 |    235 |     7.3966 |
|        1 |         53 |          1296.00 |      1296.00 |      1310.80 |                  5.00 |                    5.00 |    240 |     7.5179 |
|        1 |         54 |          1296.00 |      1296.00 |      1324.70 |                  5.00 |                    5.75 |    243 |     7.5963 |
|        1 |         55 |          1296.00 |      1296.00 |      1324.30 |                  5.00 |                    5.00 |    248 |     7.7976 |
|        1 |         56 |          1296.00 |      1296.00 |      1324.30 |                  5.69 |                    5.52 |    248 |     7.8658 |
|        1 |         57 |          1296.00 |      1296.00 |      1318.80 |                  5.00 |                    5.00 |    253 |     7.9848 |
|        1 |         58 |          1296.00 |      1296.00 |      1318.80 |                  5.00 |                    5.00 |    253 |     8.0388 |
|        1 |         59 |          1296.00 |      1296.00 |      1340.40 |                  5.14 |                    5.00 |    257 |     8.1108 |
|        1 |         60 |          1296.00 |      1296.00 |      1334.70 |                  5.00 |                    5.00 |    260 |     8.1910 |
|        1 |         61 |          1296.00 |      1296.00 |      1335.50 |                  5.68 |                    5.00 |    263 |     8.2554 |
|        1 |         62 |          1296.00 |      1296.00 |      1328.50 |                  5.00 |                    5.00 |    270 |     8.4428 |
|        1 |         63 |          1296.00 |      1296.00 |      1319.00 |                  5.00 |                    5.00 |    272 |     8.5123 |
|        1 |         64 |          1296.00 |      1296.00 |      1316.90 |                  5.00 |                    5.00 |    275 |     8.6572 |
|        1 |         65 |          1296.00 |      1296.00 |      1340.20 |                  5.00 |                    5.00 |    279 |     8.7578 |
|        1 |         66 |          1296.00 |      1296.00 |      1344.50 |                  5.00 |                    5.00 |    288 |     8.9334 |
|        1 |         67 |          1296.00 |      1296.00 |      1337.70 |                  5.00 |                    5.00 |    289 |     9.0419 |
|        1 |         68 |          1296.00 |      1296.00 |      1338.00 |                  5.00 |                    5.00 |    290 |     9.1533 |
|        1 |         69 |          1296.00 |      1296.00 |      1326.60 |                  5.00 |                    5.00 |    294 |     9.2818 |
|        1 |         70 |          1296.00 |      1296.00 |      1326.60 |                  5.00 |                    5.00 |    294 |     9.3893 |
|        1 |         71 |          1296.00 |      1296.00 |      1325.80 |                  5.00 |                    5.00 |    295 |     9.4893 |
|        1 |         72 |          1296.00 |      1296.00 |      1328.80 |                  5.00 |                    5.00 |    298 |     9.6114 |
|        1 |         73 |          1296.00 |      1296.00 |      1326.53 |                  5.00 |                    7.14 |    299 |     9.6953 |
|        1 |         74 |          1296.00 |      1296.00 |      1328.00 |                  5.00 |                    5.00 |    300 |     9.7735 |
|        1 |         75 |          1296.00 |      1296.00 |      1330.20 |                  5.00 |                    7.22 |    300 |     9.8307 |
|        1 |         76 |          1296.00 |      1296.00 |      1331.40 |                  5.00 |                    7.05 |    301 |     9.9088 |
|        1 |         77 |          1296.00 |      1296.00 |      1342.70 |                  5.00 |                    5.00 |    303 |     9.9804 |
|        1 |         78 |          1296.00 |      1296.00 |      1336.50 |                  5.00 |                    5.00 |    303 |    10.1444 |
|        1 |         79 |          1296.00 |      1296.00 |      1327.70 |                  5.00 |                    5.00 |    307 |    10.2550 |
|        1 |         80 |          1296.00 |      1296.00 |      1326.20 |                  5.00 |                    6.10 |    309 |    10.4000 |
|        1 |         81 |          1296.00 |      1296.00 |      1318.50 |                  5.00 |                    7.15 |    314 |    10.5296 |
|        1 |         82 |          1296.00 |      1296.00 |      1318.20 |                  5.00 |                    5.15 |    315 |    10.6441 |
|        1 |         83 |          1296.00 |      1296.00 |      1318.20 |                  6.40 |                    5.00 |    315 |    10.7129 |
|        1 |         84 |          1296.00 |      1296.00 |      1318.20 |                  5.00 |                    5.00 |    315 |    10.7995 |
|        1 |         85 |          1296.00 |      1296.00 |      1314.10 |                  5.00 |                    5.00 |    316 |    10.8575 |
|        1 |         86 |          1296.00 |      1296.00 |      1315.90 |                  5.00 |                    5.00 |    316 |    10.9606 |
|        1 |         87 |          1296.00 |      1296.00 |      1320.00 |                  5.00 |                    5.00 |    316 |    11.0115 |
|        1 |         88 |          1296.00 |      1296.00 |      1319.20 |                  5.00 |                    5.00 |    317 |    11.1429 |
|        1 |         89 |          1296.00 |      1296.00 |      1319.20 |                  5.00 |                    7.74 |    317 |    11.2456 |
|        1 |         90 |          1296.00 |      1296.00 |      1321.00 |                  5.00 |                    5.83 |    319 |    11.3063 |
|        1 |         91 |          1296.00 |      1296.00 |      1317.64 |                 17.17 |                   13.00 |    322 |    11.4437 |
|        1 |         92 |          1296.00 |      1296.00 |      1326.98 |                 28.22 |                   20.52 |    322 |    11.5074 |
|        1 |         93 |          1296.00 |      1296.00 |      1337.60 |                 14.83 |                   10.79 |    323 |    11.5723 |
|        1 |         94 |          1296.00 |      1296.00 |      1313.30 |                  5.00 |                    5.00 |    327 |    11.7361 |
|        1 |         95 |          1296.00 |      1296.00 |      1313.30 |                  5.00 |                    5.00 |    327 |    11.7962 |
|        1 |         96 |          1296.00 |      1296.00 |      1313.30 |                  5.00 |                    5.00 |    327 |    11.8515 |
|        1 |         97 |          1296.00 |      1296.00 |      1307.70 |                  5.00 |                    5.00 |    330 |    11.9625 |
|        1 |         98 |          1296.00 |      1296.00 |      1307.70 |                  5.00 |                    7.74 |    330 |    12.0449 |
|        1 |         99 |          1296.00 |      1296.00 |      1306.20 |                  5.00 |                    5.00 |    330 |    12.1191 |
|        1 |        100 |          1296.00 |      1296.00 |      1306.20 |                  5.00 |                    5.00 |    330 |    12.2135 |
|        1 |        101 |          1296.00 |      1296.00 |      1306.20 |                  5.00 |                    5.69 |    330 |    12.2779 |
|        1 |        102 |          1296.00 |      1296.00 |      1309.40 |                  5.00 |                    5.00 |    333 |    12.3764 |
|        1 |        103 |          1296.00 |      1296.00 |      1308.40 |                  5.00 |                    5.00 |    335 |    12.4559 |
|        1 |        104 |          1296.00 |      1296.00 |      1308.40 |                  5.00 |                    5.00 |    335 |    12.5292 |
|        1 |        105 |          1296.00 |      1296.00 |      1308.40 |                  5.00 |                    5.00 |    335 |    12.6006 |
|        1 |        106 |          1296.00 |      1296.00 |      1308.40 |                  5.00 |                    5.69 |    335 |    12.6496 |
|        1 |        107 |          1296.00 |      1296.00 |      1312.00 |                  6.16 |                    5.98 |    336 |    12.7276 |
|        1 |        108 |          1296.00 |      1296.00 |      1312.00 |                  5.00 |                    6.61 |    336 |    12.7970 |
|        1 |        109 |          1296.00 |      1296.00 |      1319.10 |                  5.00 |                    5.00 |    338 |    13.0149 |
|        1 |        110 |          1296.00 |      1296.00 |      1309.50 |                  5.00 |                    5.00 |    339 |    13.0781 |
|        1 |        111 |          1296.00 |      1296.00 |      1307.60 |                  5.00 |                    5.00 |    342 |    13.1549 |
|        1 |        112 |          1296.00 |      1296.00 |      1306.60 |                  5.00 |                    5.00 |    342 |    13.2392 |
|        1 |        113 |          1296.00 |      1296.00 |      1306.60 |                  5.30 |                    5.00 |    342 |    13.2956 |
|        1 |        114 |          1296.00 |      1296.00 |      1306.60 |                  5.00 |                    5.00 |    342 |    13.3591 |
|        1 |        115 |          1296.00 |      1296.00 |      1311.70 |                  5.00 |                    6.74 |    344 |    13.4365 |
|        1 |        116 |          1296.00 |      1296.00 |      1309.30 |                  5.00 |                    5.00 |    345 |    13.5095 |
|        1 |        117 |          1296.00 |      1296.00 |      1305.80 |                  5.00 |                    5.00 |    347 |    13.5800 |
|        1 |          0 |          1293.50 |      1293.50 |      1293.50 |                  5.00 |                    5.00 |    349 |    13.6543 |
|        1 |          1 |          1293.50 |      1293.50 |      1293.50 |                  5.00 |                    6.94 |    349 |    13.7184 |
|        1 |          0 |          1290.70 |      1290.70 |      1290.70 |                  5.00 |                    7.00 |    353 |    13.8146 |
|        1 |          1 |          1290.70 |      1290.70 |      1295.20 |                  5.00 |                    5.00 |    355 |    13.8831 |
|        1 |          2 |          1290.70 |      1290.70 |      1315.00 |                  5.00 |                    5.00 |    356 |    13.9561 |
|        1 |          3 |          1290.70 |      1290.70 |      1307.20 |                  5.00 |                    5.00 |    357 |    14.0326 |
|        1 |          4 |          1290.70 |      1290.70 |      1296.20 |                  5.00 |                    5.00 |    357 |    14.0830 |
|        1 |          5 |          1290.70 |      1290.70 |      1296.20 |                  5.00 |                    5.00 |    357 |    14.1450 |
|        1 |          6 |          1290.70 |      1290.70 |      1296.20 |                  5.00 |                    5.00 |    357 |    14.2390 |
|        1 |          7 |          1290.70 |      1290.70 |      1295.20 |                  5.41 |                    5.00 |    357 |    14.3127 |
|        1 |          8 |          1290.70 |      1290.70 |      1294.40 |                  5.00 |                    5.00 |    357 |    14.3637 |
|        1 |          9 |          1290.70 |      1290.70 |      1294.40 |                  5.00 |                    5.00 |    357 |    14.4126 |
|        1 |         10 |          1290.70 |      1290.70 |      1294.40 |                  5.00 |                    5.00 |    357 |    14.4725 |
|        1 |         11 |          1290.70 |      1290.70 |      1292.60 |                  5.00 |                    5.00 |    357 |    14.5688 |
|        1 |         12 |          1290.70 |      1290.70 |      1305.50 |                  5.36 |                    5.00 |    357 |    14.6415 |
|        1 |         13 |          1290.70 |      1290.70 |      1305.50 |                  5.00 |                    5.00 |    357 |    14.7222 |
|        1 |         14 |          1290.70 |      1290.70 |      1304.60 |                  5.00 |                    6.74 |    357 |    14.8346 |
|        1 |         15 |          1290.70 |      1290.70 |      1317.50 |                  5.00 |                    5.00 |    358 |    14.9304 |
|        1 |         16 |          1290.70 |      1290.70 |      1307.20 |                  5.00 |                    5.00 |    358 |    15.0147 |
|        1 |         17 |          1290.70 |      1290.70 |      1307.20 |                  7.67 |                    5.00 |    358 |    15.0947 |
|        1 |         18 |          1290.70 |      1290.70 |      1306.40 |                  5.00 |                    5.00 |    358 |    15.1790 |
|        1 |         19 |          1290.70 |      1290.70 |      1308.50 |                  5.00 |                    5.00 |    359 |    15.2654 |
|        1 |         20 |          1290.70 |      1290.70 |      1330.80 |                  5.47 |                    5.92 |    360 |    15.4293 |
|        1 |         21 |          1290.70 |      1290.70 |      1330.80 |                  5.00 |                    5.00 |    360 |    15.5089 |
|        1 |         22 |          1290.70 |      1290.70 |      1328.70 |                  5.00 |                    5.00 |    360 |    15.5801 |
|        1 |         23 |          1290.70 |      1290.70 |      1327.60 |                  5.00 |                    5.00 |    360 |    15.7016 |
|        1 |         24 |          1290.70 |      1290.70 |      1327.60 |                  5.00 |                    5.00 |    360 |    15.7696 |
|        1 |         25 |          1290.70 |      1290.70 |      1327.60 |                  5.00 |                    5.00 |    360 |    15.8554 |
|        1 |         26 |          1290.70 |      1290.70 |      1326.70 |                  5.00 |                    5.00 |    360 |    15.9667 |
|        1 |         27 |          1290.70 |      1290.70 |      1326.70 |                  5.00 |                    5.69 |    360 |    16.0335 |
|        1 |         28 |          1290.70 |      1290.70 |      1331.60 |                  5.00 |                    5.00 |    362 |    16.1195 |
|        1 |         29 |          1290.70 |      1290.70 |      1331.60 |                  5.00 |                    5.00 |    362 |    16.2251 |
|        1 |         30 |          1290.70 |      1290.70 |      1307.60 |                  5.00 |                    5.00 |    366 |    16.3779 |
|        1 |         31 |          1290.70 |      1290.70 |      1304.10 |                  5.00 |                    5.00 |    366 |    16.5047 |
|        1 |         32 |          1290.70 |      1290.70 |      1336.05 |                  5.00 |                    5.00 |    371 |    16.5961 |
|        1 |         33 |          1290.70 |      1290.70 |      1331.68 |                  5.00 |                   10.85 |    374 |    16.7842 |
|        1 |         34 |          1290.70 |      1290.70 |      1323.50 |                  5.00 |                    5.47 |    375 |    17.1238 |
|        1 |         35 |          1290.70 |      1290.70 |      1323.50 |                  5.00 |                    5.00 |    375 |    17.2630 |
|        1 |         36 |          1290.70 |      1290.70 |      1323.50 |                  5.69 |                    5.69 |    375 |    17.3784 |
|        1 |         37 |          1290.70 |      1290.70 |      1320.75 |                  5.00 |                   11.19 |    375 |    17.5714 |
|        1 |         38 |          1290.70 |      1290.70 |      1323.50 |                  5.00 |                    5.59 |    375 |    17.7024 |
|        1 |         39 |          1290.70 |      1290.70 |      1318.80 |                  5.00 |                    5.00 |    378 |    17.9628 |
|        1 |         40 |          1290.70 |      1290.70 |      1319.80 |                  5.00 |                    5.00 |    378 |    18.0562 |
|        1 |         41 |          1290.70 |      1290.70 |      1341.50 |                  5.00 |                    5.00 |    384 |    18.1627 |
|        1 |         42 |          1290.70 |      1290.70 |      1334.30 |                  5.00 |                    5.00 |    387 |    18.2366 |
|        1 |         43 |          1290.70 |      1290.70 |      1340.00 |                  5.00 |                    5.00 |    387 |    18.3074 |
|        1 |         44 |          1290.70 |      1290.70 |      1334.30 |                  5.00 |                    5.00 |    387 |    18.4033 |
|        1 |         45 |          1290.70 |      1290.70 |      1351.10 |                  5.00 |                    5.00 |    392 |    18.6129 |
|        1 |         46 |          1290.70 |      1290.70 |      1339.30 |                  5.00 |                    5.00 |    395 |    18.6914 |
|        1 |         47 |          1290.70 |      1290.70 |      1319.20 |                  5.00 |                    5.00 |    400 |    18.8833 |
|        1 |         48 |          1290.70 |      1290.70 |      1319.20 |                  5.00 |                    5.00 |    400 |    19.0146 |
|        1 |         49 |          1290.70 |      1290.70 |      1326.80 |                  5.00 |                    5.26 |    404 |    19.2301 |
|        1 |         50 |          1290.70 |      1290.70 |      1327.90 |                  5.00 |                    5.00 |    408 |    19.3220 |
|        1 |         51 |          1290.70 |      1290.70 |      1353.88 |                  5.00 |                    8.12 |    414 |    19.5511 |
|        1 |         52 |          1290.70 |      1290.70 |      1354.66 |                  5.00 |                    7.77 |    414 |    19.6390 |
|        1 |         53 |          1290.70 |      1290.70 |      1354.10 |                  5.00 |                    8.04 |    416 |    19.7718 |
|        1 |         54 |          1290.70 |      1290.70 |      1354.10 |                  5.00 |                    5.17 |    416 |    19.8365 |
|        1 |         55 |          1290.70 |      1290.70 |      1356.40 |                  5.00 |                    5.00 |    417 |    19.9443 |
------------------------------------------------------------------------------------------------------------------------------------------------
|  Restart |  Iteration |  Best Feas. Cost |    Best Cost |   Curr. Cost |   Penalty Custom Res. |   Penalty Standard Res. |   Pool |   Time (s) |
------------------------------------------------------------------------------------------------------------------------------------------------
|        1 |         56 |          1290.70 |      1290.70 |      1354.75 |                  5.00 |                    5.00 |    424 |    20.0892 |
|        1 |         57 |          1290.70 |      1290.70 |      1354.62 |                  5.00 |                    7.59 |    424 |    20.1582 |
|        1 |         58 |          1290.70 |      1290.70 |      1368.30 |                  5.00 |                    5.00 |    428 |    20.2363 |
|        1 |         59 |          1290.70 |      1290.70 |      1348.20 |                  5.00 |                    5.00 |    435 |    20.5063 |
|        1 |         60 |          1290.70 |      1290.70 |      1348.50 |                  5.00 |                    5.00 |    441 |    20.6111 |
|        1 |         61 |          1290.70 |      1290.70 |      1346.89 |                  5.00 |                    5.00 |    445 |    20.7081 |
|        1 |         62 |          1290.70 |      1290.70 |      1361.90 |                  5.00 |                    5.00 |    449 |    20.7746 |
|        1 |         63 |          1290.70 |      1290.70 |      1337.50 |                  5.00 |                    5.31 |    456 |    20.9702 |
|        1 |         64 |          1290.70 |      1290.70 |      1318.36 |                  8.79 |                    5.00 |    461 |    21.0737 |
|        1 |         65 |          1290.70 |      1290.70 |      1321.08 |                  5.00 |                    5.86 |    461 |    21.1492 |
|        1 |         66 |          1290.70 |      1290.70 |      1313.06 |                  5.00 |                    5.00 |    462 |    21.2501 |
|        1 |         67 |          1290.70 |      1290.70 |      1309.86 |                  5.00 |                    5.00 |    465 |    21.3331 |
|        1 |         68 |          1290.70 |      1290.70 |      1303.48 |                  5.00 |                    5.00 |    471 |    21.5077 |
|        1 |         69 |          1290.70 |      1290.70 |      1315.10 |                  5.00 |                    5.00 |    475 |    21.6341 |
|        1 |         70 |          1290.70 |      1290.70 |      1321.10 |                  5.20 |                    5.00 |    482 |    21.7790 |
|        1 |         71 |          1290.70 |      1290.70 |      1321.10 |                  5.00 |                    5.00 |    483 |    21.8206 |
|        1 |         72 |          1290.70 |      1290.70 |      1321.10 |                  5.00 |                    5.00 |    483 |    21.8851 |
|        1 |         73 |          1290.70 |      1290.70 |      1328.95 |                  5.00 |                    5.41 |    485 |    21.9795 |
|        1 |         74 |          1290.70 |      1290.70 |      1332.60 |                  5.00 |                    5.00 |    488 |    22.1106 |
|        1 |         75 |          1290.70 |      1290.70 |      1324.40 |                  5.00 |                    5.57 |    492 |    22.1956 |
|        1 |         76 |          1290.70 |      1290.70 |      1309.30 |                  5.00 |                    5.00 |    495 |    22.3212 |
|        1 |         77 |          1290.70 |      1290.70 |      1309.10 |                  6.67 |                    5.00 |    497 |    22.4002 |
|        1 |         78 |          1290.70 |      1290.70 |      1306.10 |                  5.00 |                    5.00 |    498 |    22.4811 |
|        1 |         79 |          1290.70 |      1290.70 |      1306.10 |                  5.00 |                    5.00 |    498 |    22.5217 |
|        1 |         80 |          1290.70 |      1290.70 |      1304.25 |                  6.39 |                    5.00 |    500 |    22.5956 |
|        1 |         81 |          1290.70 |      1290.70 |      1310.70 |                  5.00 |                    5.00 |    501 |    22.7076 |
|        1 |         82 |          1290.70 |      1290.70 |      1310.90 |                  5.00 |                    5.00 |    501 |    22.7771 |
|        1 |         83 |          1290.70 |      1290.70 |      1310.90 |                  5.00 |                    5.00 |    501 |    22.8590 |
|        1 |         84 |          1290.70 |      1290.70 |      1311.70 |                  5.00 |                    5.00 |    502 |    22.9245 |
|        1 |         85 |          1290.70 |      1290.70 |      1331.30 |                  5.00 |                    5.00 |    504 |    22.9958 |
|        1 |         86 |          1290.70 |      1290.70 |      1304.80 |                  5.00 |                    5.00 |    504 |    23.1058 |
|        1 |         87 |          1290.70 |      1290.70 |      1316.81 |                  7.07 |                    5.47 |    507 |    23.1882 |
|        1 |         88 |          1290.70 |      1290.70 |      1311.00 |                  6.05 |                    5.00 |    509 |    23.2973 |
|        1 |         89 |          1290.70 |      1290.70 |      1311.00 |                  5.00 |                    5.00 |    509 |    23.4051 |
|        1 |         90 |          1290.70 |      1290.70 |      1314.30 |                  5.00 |                    7.98 |    511 |    23.5611 |
|        1 |         91 |          1290.70 |      1290.70 |      1314.20 |                  5.00 |                    5.00 |    511 |    23.6277 |
|        1 |         92 |          1290.70 |      1290.70 |      1312.60 |                  5.00 |                    5.00 |    513 |    23.7550 |
|        1 |         93 |          1290.70 |      1290.70 |      1307.20 |                  6.94 |                    5.00 |    514 |    23.8480 |
|        1 |         94 |          1290.70 |      1290.70 |      1307.20 |                  5.00 |                    5.00 |    514 |    23.9325 |
|        1 |         95 |          1290.70 |      1290.70 |      1306.40 |                  5.86 |                    5.00 |    515 |    24.0578 |
|        1 |         96 |          1290.70 |      1290.70 |      1337.30 |                  5.00 |                    5.00 |    516 |    24.1901 |
|        1 |         97 |          1290.70 |      1290.70 |      1342.60 |                  5.00 |                    5.00 |    518 |    24.2902 |
|        1 |         98 |          1290.70 |      1290.70 |      1305.85 |                  5.00 |                   10.20 |    521 |    24.4390 |
|        1 |         99 |          1290.70 |      1290.70 |      1305.70 |                  5.00 |                   17.10 |    521 |    24.5202 |
|        1 |        100 |          1290.70 |      1290.70 |      1320.70 |                  5.00 |                    8.90 |    524 |    24.5866 |
|        1 |        101 |          1290.70 |      1290.70 |      1322.00 |                  5.00 |                    5.00 |    527 |    24.6572 |
|        1 |        102 |          1290.70 |      1290.70 |      1322.00 |                  5.00 |                    6.10 |    527 |    24.7402 |
|        1 |        103 |          1290.70 |      1290.70 |      1340.60 |                  5.00 |                    6.73 |    529 |    24.8857 |
|        1 |        104 |          1290.70 |      1290.70 |      1340.60 |                  5.00 |                    5.00 |    529 |    24.9636 |
|        1 |        105 |          1290.70 |      1290.70 |      1320.60 |                  5.00 |                    5.00 |    530 |    25.1235 |
|        1 |        106 |          1290.70 |      1290.70 |      1340.90 |                  6.87 |                    5.00 |    532 |    25.1849 |
|        1 |        107 |          1290.70 |      1290.70 |      1350.70 |                  5.00 |                    5.00 |    539 |    25.3049 |
|        1 |        108 |          1290.70 |      1290.70 |      1321.10 |                  5.00 |                    5.00 |    540 |    25.4262 |
|        1 |        109 |          1290.70 |      1290.70 |      1336.00 |                  5.00 |                    8.81 |    541 |    25.5042 |
|        1 |        110 |          1290.70 |      1290.70 |      1331.60 |                  5.52 |                    5.00 |    541 |    25.6037 |
|        1 |        111 |          1290.70 |      1290.70 |      1332.10 |                  5.00 |                    5.00 |    542 |    25.6721 |
|        1 |        112 |          1290.70 |      1290.70 |      1332.10 |                  5.00 |                    5.00 |    542 |    25.7366 |
|        1 |        113 |          1290.70 |      1290.70 |      1332.10 |                  5.00 |                    5.00 |    542 |    25.8054 |
|        1 |        114 |          1290.70 |      1290.70 |      1329.70 |                  5.00 |                    5.36 |    542 |    25.9049 |
|        1 |        115 |          1290.70 |      1290.70 |      1318.70 |                  5.00 |                    6.16 |    542 |    26.0111 |
|        1 |        116 |          1290.70 |      1290.70 |      1318.70 |                  5.41 |                    5.00 |    542 |    26.1096 |
|        1 |        117 |          1290.70 |      1290.70 |      1303.30 |                  5.00 |                    6.54 |    545 |    26.2663 |
|        1 |        118 |          1290.70 |      1290.70 |      1296.53 |                  5.00 |                    5.00 |    546 |    26.3887 |
|        1 |          0 |          1289.70 |      1289.70 |      1289.70 |                  5.63 |                    5.00 |    550 |    26.5614 |
|        1 |          0 |          1288.60 |      1288.60 |      1288.60 |                  5.00 |                    5.00 |    551 |    26.6321 |
|        1 |          1 |          1288.60 |      1288.60 |      1297.20 |                  5.00 |                    5.00 |    553 |    26.7143 |
|        1 |          2 |          1288.60 |      1288.60 |      1296.10 |                  5.00 |                    5.00 |    553 |    26.7849 |
|        1 |          3 |          1288.60 |      1288.60 |      1296.10 |                  5.00 |                    5.00 |    553 |    26.8473 |
|        1 |          4 |          1288.60 |      1288.60 |      1305.90 |                  5.00 |                    5.00 |    557 |    26.9635 |
|        1 |          5 |          1288.60 |      1288.60 |      1312.20 |                  5.00 |                    5.00 |    558 |    27.0494 |
|        1 |          6 |          1288.60 |      1288.60 |      1312.20 |                  5.00 |                    5.00 |    558 |    27.1305 |
|        1 |          7 |          1288.60 |      1288.60 |      1312.20 |                  5.00 |                    5.00 |    558 |    27.1969 |
|        1 |          8 |          1288.60 |      1288.60 |      1307.90 |                  5.00 |                    5.00 |    558 |    27.2952 |
|        1 |          9 |          1288.60 |      1288.60 |      1291.40 |                  5.00 |                    5.69 |    561 |    27.3893 |
|        1 |         10 |          1288.60 |      1288.60 |      1299.90 |                  5.00 |                    5.69 |    564 |    27.4510 |
|        1 |         11 |          1288.60 |      1288.60 |      1299.90 |                  5.00 |                    8.39 |    564 |    27.5274 |
|        1 |         12 |          1288.60 |      1288.60 |      1299.90 |                  5.00 |                    5.00 |    564 |    27.5972 |
|        1 |         13 |          1288.60 |      1288.60 |      1306.80 |                  5.00 |                    5.00 |    568 |    27.6873 |
|        1 |         14 |          1288.60 |      1288.60 |      1306.80 |                  5.00 |                    8.38 |    568 |    27.7611 |
|        1 |         15 |          1288.60 |      1288.60 |      1306.80 |                  5.00 |                    5.00 |    568 |    27.8188 |
|        1 |         16 |          1288.60 |      1288.60 |      1310.20 |                  5.00 |                    5.26 |    570 |    27.8805 |
|        1 |         17 |          1288.60 |      1288.60 |      1368.40 |                  5.00 |                    5.00 |    576 |    27.9803 |
|        1 |         18 |          1288.60 |      1288.60 |      1334.80 |                  5.98 |                    8.22 |    581 |    28.0839 |
|        1 |         19 |          1288.60 |      1288.60 |      1334.80 |                  5.00 |                    5.00 |    581 |    28.1374 |
|        1 |         20 |          1288.60 |      1288.60 |      1325.10 |                  6.03 |                    5.00 |    585 |    28.2593 |
|        1 |         21 |          1288.60 |      1288.60 |      1322.95 |                  5.24 |                    5.47 |    588 |    28.3751 |
|        1 |         22 |          1288.60 |      1288.60 |      1322.70 |                  6.28 |                    5.00 |    588 |    28.4247 |
|        1 |         23 |          1288.60 |      1288.60 |      1322.40 |                  5.00 |                    5.00 |    591 |    28.4869 |
|        1 |         24 |          1288.60 |      1288.60 |      1322.05 |                  5.00 |                    5.00 |    592 |    28.5836 |
|        1 |         25 |          1288.60 |      1288.60 |      1320.10 |                  5.00 |                    5.00 |    599 |    28.7156 |
|        1 |         26 |          1288.60 |      1288.60 |      1321.80 |                  5.00 |                    5.00 |    603 |    28.8359 |
|        1 |         27 |          1288.60 |      1288.60 |      1321.80 |                  5.36 |                    5.00 |    603 |    28.8969 |
|        1 |         28 |          1288.60 |      1288.60 |      1313.50 |                  5.00 |                    5.00 |    605 |    28.9597 |
|        1 |         29 |          1288.60 |      1288.60 |      1316.30 |                  5.00 |                    5.00 |    606 |    29.0221 |
|        1 |         30 |          1288.60 |      1288.60 |      1315.80 |                  5.00 |                    5.00 |    606 |    29.1002 |
|        1 |         31 |          1288.60 |      1288.60 |      1315.30 |                  5.00 |                    5.00 |    607 |    29.1559 |
|        1 |         32 |          1288.60 |      1288.60 |      1309.30 |                  5.00 |                    5.00 |    609 |    29.2391 |
|        1 |         33 |          1288.60 |      1288.60 |      1318.80 |                  7.23 |                    5.68 |    610 |    29.2987 |
|        1 |         34 |          1288.60 |      1288.60 |      1317.40 |                  5.00 |                    5.34 |    613 |    29.4883 |
|        1 |         35 |          1288.60 |      1288.60 |      1314.58 |                  5.00 |                    7.29 |    614 |    29.5791 |
|        1 |         36 |          1288.60 |      1288.60 |      1325.76 |                 10.97 |                    5.11 |    616 |    29.6503 |
|        1 |         37 |          1288.60 |      1288.60 |      1315.95 |                  5.42 |                    7.30 |    618 |    29.7298 |
|        1 |         38 |          1288.60 |      1288.60 |      1316.65 |                  5.00 |                    5.00 |    618 |    29.7902 |
|        1 |         39 |          1288.60 |      1288.60 |      1315.35 |                  5.00 |                    7.36 |    618 |    29.8423 |
|        1 |         40 |          1288.60 |      1288.60 |      1315.36 |                  5.00 |                    6.69 |    624 |    29.9490 |
|        1 |         41 |          1288.60 |      1288.60 |      1314.40 |                  5.00 |                    5.00 |    624 |    30.0533 |
|        1 |         42 |          1288.60 |      1288.60 |      1313.80 |                  5.00 |                    5.00 |    627 |    30.1475 |
|        1 |         43 |          1288.60 |      1288.60 |      1306.20 |                  5.00 |                    5.00 |    627 |    30.2248 |
|        1 |         44 |          1288.60 |      1288.60 |      1316.20 |                  5.00 |                    5.00 |    631 |    30.2950 |
|        1 |         45 |          1288.60 |      1288.60 |      1316.70 |                  5.46 |                    5.00 |    633 |    30.3819 |
|        1 |         46 |          1288.60 |      1288.60 |      1314.40 |                  5.00 |                    5.00 |    636 |    30.4590 |
|        1 |         47 |          1288.60 |      1288.60 |      1298.20 |                  5.00 |                    5.52 |    639 |    30.6137 |
|        1 |         48 |          1288.60 |      1288.60 |      1300.90 |                  5.00 |                    5.00 |    640 |    30.6836 |
|        1 |         49 |          1288.60 |      1288.60 |      1300.90 |                  5.00 |                    5.00 |    640 |    30.7649 |
|        1 |         50 |          1288.60 |      1288.60 |      1290.60 |                  5.00 |                    5.00 |    641 |    30.8463 |
|        1 |         51 |          1288.60 |      1288.60 |      1300.90 |                  5.00 |                    5.00 |    641 |    30.9203 |
|        1 |         52 |          1288.60 |      1288.60 |      1300.90 |                  5.00 |                    5.00 |    641 |    30.9695 |
|        1 |         53 |          1288.60 |      1288.60 |      1318.10 |                  5.00 |                    5.00 |    642 |    31.0547 |
|        1 |         54 |          1288.60 |      1288.60 |      1316.10 |                  5.00 |                    5.00 |    644 |    31.1318 |
|        1 |         55 |          1288.60 |      1288.60 |      1311.40 |                  5.00 |                    5.00 |    644 |    31.2024 |
|        1 |         56 |          1288.60 |      1288.60 |      1311.40 |                  5.00 |                    5.00 |    644 |    31.2641 |
|        1 |         57 |          1288.60 |      1288.60 |      1307.60 |                  5.00 |                    5.00 |    644 |    31.3385 |
|        1 |         58 |          1288.60 |      1288.60 |      1306.00 |                  5.00 |                    6.67 |    644 |    31.4747 |
|        1 |         59 |          1288.60 |      1288.60 |      1352.40 |                  5.00 |                    5.00 |    646 |    31.5477 |
|        1 |         60 |          1288.60 |      1288.60 |      1353.90 |                  5.00 |                    5.00 |    647 |    31.5954 |
|        1 |         61 |          1288.60 |      1288.60 |      1345.10 |                  5.00 |                    5.25 |    648 |    31.6665 |
|        1 |         62 |          1288.60 |      1288.60 |      1308.50 |                  5.00 |                    5.00 |    650 |    31.7394 |
|        1 |         63 |          1288.60 |      1288.60 |      1324.00 |                  5.00 |                    5.00 |    653 |    31.8025 |
|        1 |         64 |          1288.60 |      1288.60 |      1308.72 |                  5.00 |                    5.10 |    657 |    31.9280 |
|        1 |         65 |          1288.60 |      1288.60 |      1306.50 |                  5.00 |                    5.00 |    660 |    32.0826 |
|        1 |         66 |          1288.60 |      1288.60 |      1305.10 |                  5.00 |                    5.00 |    660 |    32.1728 |
|        1 |         67 |          1288.60 |      1288.60 |      1305.10 |                  5.00 |                    5.00 |    660 |    32.2300 |
|        1 |         68 |          1288.60 |      1288.60 |      1304.20 |                  5.00 |                    5.00 |    661 |    32.2994 |
|        1 |         69 |          1288.60 |      1288.60 |      1304.20 |                  7.01 |                    5.00 |    661 |    32.3688 |
|        1 |         70 |          1288.60 |      1288.60 |      1304.20 |                  6.41 |                    5.00 |    661 |    32.4415 |
|        1 |         71 |          1288.60 |      1288.60 |      1306.50 |                  5.00 |                    7.23 |    663 |    32.5248 |
|        1 |         72 |          1288.60 |      1288.60 |      1330.20 |                  5.00 |                    6.35 |    667 |    32.6005 |
|        1 |         73 |          1288.60 |      1288.60 |      1327.10 |                  5.00 |                    5.00 |    669 |    32.6894 |
|        1 |         74 |          1288.60 |      1288.60 |      1326.97 |                  5.00 |                    9.08 |    669 |    32.7594 |
|        1 |         75 |          1288.60 |      1288.60 |      1325.30 |                  5.00 |                    5.00 |    672 |    32.8967 |
|        1 |         76 |          1288.60 |      1288.60 |      1330.50 |                  5.00 |                    5.00 |    678 |    32.9721 |
|        1 |         77 |          1288.60 |      1288.60 |      1319.90 |                  5.00 |                    6.35 |    680 |    33.1438 |
|        1 |         78 |          1288.60 |      1288.60 |      1316.50 |                  5.00 |                    5.86 |    680 |    33.2006 |
|        1 |         79 |          1288.60 |      1288.60 |      1337.30 |                  5.00 |                    5.41 |    683 |    33.2721 |
|        1 |         80 |          1288.60 |      1288.60 |      1312.50 |                  5.00 |                    5.00 |    685 |    33.3997 |
|        1 |         81 |          1288.60 |      1288.60 |      1312.50 |                  5.00 |                    5.00 |    685 |    33.4535 |
|        1 |         82 |          1288.60 |      1288.60 |      1302.88 |                  8.21 |                    5.00 |    688 |    33.6084 |
|        1 |         83 |          1288.60 |      1288.60 |      1305.60 |                 11.74 |                    5.00 |    688 |    33.6544 |
|        1 |         84 |          1288.60 |      1288.60 |      1314.70 |                  5.87 |                    5.00 |    688 |    33.7196 |
|        1 |         85 |          1288.60 |      1288.60 |      1314.70 |                  5.00 |                    5.10 |    688 |    33.7835 |
|        1 |         86 |          1288.60 |      1288.60 |      1353.20 |                  5.00 |                    5.00 |    693 |    33.8525 |
|        1 |         87 |          1288.60 |      1288.60 |      1338.80 |                  5.00 |                    5.00 |    697 |    33.9713 |
|        1 |         88 |          1288.60 |      1288.60 |      1335.60 |                  5.00 |                    5.00 |    699 |    34.0312 |
|        1 |         89 |          1288.60 |      1288.60 |      1333.61 |                  6.58 |                    5.00 |    702 |    34.1457 |
|        1 |         90 |          1288.60 |      1288.60 |      1341.17 |                 12.55 |                    5.00 |    704 |    34.2343 |
|        1 |         91 |          1288.60 |      1288.60 |      1340.60 |                  5.00 |                    5.35 |    705 |    34.3599 |
|        1 |         92 |          1288.60 |      1288.60 |      1340.20 |                  5.00 |                    5.00 |    706 |    34.5098 |
|        1 |         93 |          1288.60 |      1288.60 |      1340.20 |                  5.00 |                    5.00 |    706 |    34.5871 |
|        1 |         94 |          1288.60 |      1288.60 |      1340.20 |                  5.00 |                    5.00 |    706 |    34.6669 |
|        1 |         95 |          1288.60 |      1288.60 |      1340.20 |                  5.47 |                    5.00 |    706 |    34.7682 |
|        1 |         96 |          1288.60 |      1288.60 |      1327.20 |                  5.00 |                    7.44 |    707 |    34.8362 |
|        1 |         97 |          1288.60 |      1288.60 |      1327.20 |                  5.00 |                    5.00 |    707 |    34.9037 |
|        1 |         98 |          1288.60 |      1288.60 |      1333.80 |                  5.00 |                    9.17 |    712 |    34.9644 |
|        1 |         99 |          1288.60 |      1288.60 |      1309.90 |                  5.00 |                    5.04 |    713 |    35.1692 |
|        1 |        100 |          1288.60 |      1288.60 |      1309.90 |                  5.00 |                    5.00 |    713 |    35.2323 |
|        1 |        101 |          1288.60 |      1288.60 |      1309.90 |                  5.00 |                    5.00 |    713 |    35.2837 |
|        1 |        102 |          1288.60 |      1288.60 |      1313.60 |                  5.00 |                    5.36 |    713 |    35.3581 |
|        1 |        103 |          1288.60 |      1288.60 |      1334.60 |                  5.00 |                    5.63 |    713 |    35.4362 |
|        1 |        104 |          1288.60 |      1288.60 |      1331.90 |                  5.00 |                    5.00 |    717 |    35.5578 |
|        1 |        105 |          1288.60 |      1288.60 |      1329.90 |                  5.00 |                    5.00 |    719 |    35.6240 |
|        1 |        106 |          1288.60 |      1288.60 |      1329.90 |                  5.00 |                    5.00 |    719 |    35.7006 |
|        1 |        107 |          1288.60 |      1288.60 |      1331.10 |                  5.00 |                    5.69 |    719 |    35.7732 |
|        1 |        108 |          1288.60 |      1288.60 |      1341.20 |                  5.00 |                    6.61 |    720 |    35.8603 |
|        1 |        109 |          1288.60 |      1288.60 |      1340.00 |                  5.00 |                    5.92 |    720 |    35.9388 |
|        1 |        110 |          1288.60 |      1288.60 |      1340.00 |                  5.00 |                    5.00 |    720 |    36.0252 |
|        1 |        111 |          1288.60 |      1288.60 |      1340.00 |                  5.00 |                   10.13 |    720 |    36.0927 |
|        1 |        112 |          1288.60 |      1288.60 |      1340.00 |                  5.69 |                    5.00 |    720 |    36.1742 |
|        1 |        113 |          1288.60 |      1288.60 |      1354.60 |                  5.00 |                    5.00 |    722 |    36.2453 |
|        1 |        114 |          1288.60 |      1288.60 |      1313.40 |                  5.02 |                    5.00 |    725 |    36.6102 |
|        1 |        115 |          1288.60 |      1288.60 |      1313.40 |                  5.26 |                    5.00 |    725 |    36.6839 |
|        1 |        116 |          1288.60 |      1288.60 |      1314.90 |                  5.00 |                    5.00 |    728 |    36.7574 |
|        1 |        117 |          1288.60 |      1288.60 |      1314.90 |                  8.64 |                    5.00 |    729 |    36.8317 |
|        1 |        118 |          1288.60 |      1288.60 |      1312.10 |                  5.00 |                    5.00 |    729 |    36.8998 |
|        1 |        119 |          1288.60 |      1288.60 |      1316.22 |                  5.69 |                    7.00 |    729 |    36.9665 |
|        1 |        120 |          1288.60 |      1288.60 |      1313.70 |                  5.00 |                    5.00 |    731 |    37.0523 |
|        1 |        121 |          1288.60 |      1288.60 |      1309.70 |                  5.24 |                    5.00 |    732 |    37.1622 |
|        1 |        122 |          1288.60 |      1288.60 |      1308.20 |                  5.00 |                    5.00 |    732 |    37.2291 |
|        1 |        123 |          1288.60 |      1288.60 |      1316.35 |                  5.00 |                    5.00 |    733 |    37.2933 |
|        1 |        124 |          1288.60 |      1288.60 |      1309.91 |                  5.00 |                    7.37 |    733 |    37.3529 |
|        1 |        125 |          1288.60 |      1288.60 |      1309.40 |                  5.00 |                    5.00 |    733 |    37.4180 |
|        1 |        126 |          1288.60 |      1288.60 |      1316.40 |                  5.00 |                    5.00 |    733 |    37.4708 |
|        1 |        127 |          1288.60 |      1288.60 |      1316.40 |                  5.00 |                    5.00 |    733 |    37.5241 |
|        1 |        128 |          1288.60 |      1288.60 |      1332.10 |                  5.00 |                    5.00 |    733 |    37.5889 |
|        1 |        129 |          1288.60 |      1288.60 |      1326.10 |                  5.00 |                    5.00 |    733 |    37.6363 |
|        1 |        130 |          1288.60 |      1288.60 |      1326.10 |                  5.00 |                    5.00 |    733 |    37.6781 |
|        1 |        131 |          1288.60 |      1288.60 |      1326.10 |                  5.00 |                    5.00 |    733 |    37.7426 |
|        1 |        132 |          1288.60 |      1288.60 |      1327.86 |                  5.00 |                    7.29 |    733 |    37.8035 |
|        1 |        133 |          1288.60 |      1288.60 |      1329.49 |                  5.00 |                    7.17 |    733 |    37.9190 |
|        1 |        134 |          1288.60 |      1288.60 |      1329.13 |                  5.00 |                    6.85 |    734 |    38.0154 |
|        1 |        135 |          1288.60 |      1288.60 |      1327.05 |                  5.00 |                    5.00 |    735 |    38.0964 |
|        1 |        136 |          1288.60 |      1288.60 |      1317.78 |                  5.00 |                    5.73 |    737 |    38.2028 |
|        1 |        137 |          1288.60 |      1288.60 |      1322.76 |                  5.00 |                    7.26 |    739 |    38.2641 |
|        1 |        138 |          1288.60 |      1288.60 |      1323.65 |                  5.00 |                    6.95 |    739 |    38.3465 |
|        1 |        139 |          1288.60 |      1288.60 |      1313.05 |                  5.00 |                    5.99 |    739 |    38.5356 |
|        1 |        140 |          1288.60 |      1288.60 |      1333.73 |                  5.00 |                    6.52 |    743 |    38.6241 |
|        1 |        141 |          1288.60 |      1288.60 |      1304.34 |                  5.00 |                    5.00 |    743 |    38.7875 |
|        1 |        142 |          1288.60 |      1288.60 |      1302.10 |                  5.00 |                    5.00 |    743 |    38.9096 |
|        1 |        143 |          1288.60 |      1288.60 |      1302.10 |                  5.00 |                    5.00 |    743 |    38.9756 |
|        1 |        144 |          1288.60 |      1288.60 |      1302.10 |                  5.00 |                    5.00 |    743 |    39.0759 |
|        1 |        145 |          1288.60 |      1288.60 |      1302.10 |                  5.00 |                    5.09 |    743 |    39.1440 |
|        1 |        146 |          1288.60 |      1288.60 |      1302.40 |                  6.14 |                    5.05 |    743 |    39.2264 |
|        1 |        147 |          1288.60 |      1288.60 |      1303.47 |                  5.00 |                    5.00 |    743 |    39.3011 |
|        1 |        148 |          1288.60 |      1288.60 |      1302.10 |                  5.02 |                    5.00 |    743 |    39.4172 |
|        1 |        149 |          1288.60 |      1288.60 |      1315.70 |                  5.58 |                    5.31 |    743 |    39.4756 |
|        1 |        150 |          1288.60 |      1288.60 |      1305.40 |                  5.00 |                    5.00 |    743 |    39.5436 |
|        1 |        151 |          1288.60 |      1288.60 |      1305.40 |                  5.00 |                    5.00 |    743 |    39.5972 |
|        1 |        152 |          1288.60 |      1288.60 |      1312.85 |                  5.25 |                    5.00 |    743 |    39.6510 |
|        1 |        153 |          1288.60 |      1288.60 |      1313.21 |                 10.02 |                    5.80 |    743 |    39.7084 |
|        1 |        154 |          1288.60 |      1288.60 |      1323.70 |                  7.38 |                    5.00 |    744 |    39.8136 |
|        1 |        155 |          1288.60 |      1288.60 |      1324.11 |                  5.08 |                    5.00 |    745 |    39.9001 |
|        1 |        156 |          1288.60 |      1288.60 |      1323.48 |                  5.00 |                    5.00 |    747 |    39.9837 |
------------------------------------------------------------------------------------------------------------------------------------------------
|  Restart |  Iteration |  Best Feas. Cost |    Best Cost |   Curr. Cost |   Penalty Custom Res. |   Penalty Standard Res. |   Pool |   Time (s) |
------------------------------------------------------------------------------------------------------------------------------------------------
|        1 |        157 |          1288.60 |      1288.60 |      1320.27 |                  5.00 |                    5.00 |    749 |    40.0690 |
|        1 |        158 |          1288.60 |      1288.60 |      1318.40 |                  5.29 |                    5.00 |    749 |    40.1517 |
|        1 |        159 |          1288.60 |      1288.60 |      1314.50 |                  5.00 |                    5.47 |    750 |    40.2707 |
|        1 |        160 |          1288.60 |      1288.60 |      1320.60 |                  5.00 |                    5.00 |    750 |    40.3657 |
|        1 |        161 |          1288.60 |      1288.60 |      1319.30 |                  5.00 |                    5.41 |    750 |    40.5068 |
|        1 |        162 |          1288.60 |      1288.60 |      1319.70 |                  5.00 |                    5.00 |    750 |    40.5821 |
|        1 |        163 |          1288.60 |      1288.60 |      1306.90 |                  5.00 |                    5.00 |    752 |    40.7680 |
|        1 |        164 |          1288.60 |      1288.60 |      1306.90 |                  5.00 |                    8.06 |    752 |    40.8359 |
|        1 |        165 |          1288.60 |      1288.60 |      1306.90 |                  5.00 |                    5.00 |    752 |    40.9127 |
|        1 |        166 |          1288.60 |      1288.60 |      1335.68 |                  5.00 |                    5.45 |    753 |    40.9818 |
|        1 |        167 |          1288.60 |      1288.60 |      1326.28 |                  5.00 |                    8.60 |    753 |    41.0413 |
|        1 |        168 |          1288.60 |      1288.60 |      1319.40 |                  5.00 |                    6.28 |    758 |    41.1761 |
|        1 |        169 |          1288.60 |      1288.60 |      1315.99 |                  5.00 |                    6.98 |    758 |    41.2465 |
|        1 |        170 |          1288.60 |      1288.60 |      1358.60 |                  5.00 |                    7.38 |    762 |    41.3403 |
|        1 |        171 |          1288.60 |      1288.60 |      1358.00 |                  5.00 |                    5.00 |    766 |    41.4842 |
|        1 |        172 |          1288.60 |      1288.60 |      1325.99 |                  5.00 |                    7.35 |    770 |    41.5752 |
|        1 |        173 |          1288.60 |      1288.60 |      1317.43 |                  5.00 |                    5.47 |    773 |    41.6546 |
|        1 |        174 |          1288.60 |      1288.60 |      1302.64 |                  5.00 |                    5.00 |    778 |    41.7502 |
|        1 |        175 |          1288.60 |      1288.60 |      1301.66 |                  5.00 |                    6.40 |    778 |    41.8127 |
|        1 |        176 |          1288.60 |      1288.60 |      1303.34 |                  5.14 |                    7.24 |    780 |    41.9237 |
|        1 |        177 |          1288.60 |      1288.60 |      1314.11 |                  5.00 |                    7.07 |    783 |    42.0011 |
|        1 |        178 |          1288.60 |      1288.60 |      1301.87 |                  5.68 |                    5.00 |    783 |    42.1852 |
|        1 |        179 |          1288.60 |      1288.60 |      1302.10 |                  6.35 |                    5.47 |    784 |    42.3627 |
|        1 |        180 |          1288.60 |      1288.60 |      1302.10 |                  5.00 |                    6.87 |    784 |    42.4250 |
|        1 |        181 |          1288.60 |      1288.60 |      1330.13 |                  5.00 |                    7.05 |    784 |    42.5031 |
|        1 |        182 |          1288.60 |      1288.60 |      1330.50 |                  5.00 |                    6.82 |    784 |    42.5566 |
|        1 |        183 |          1288.60 |      1288.60 |      1326.80 |                  5.00 |                    5.00 |    784 |    42.6498 |
|        1 |        184 |          1288.60 |      1288.60 |      1326.80 |                  5.00 |                    5.00 |    784 |    42.7097 |
|        1 |        185 |          1288.60 |      1288.60 |      1314.20 |                  5.00 |                    5.00 |    786 |    42.7698 |
|        1 |        186 |          1288.60 |      1288.60 |      1334.70 |                  8.99 |                    5.00 |    789 |    42.8782 |
|        1 |        187 |          1288.60 |      1288.60 |      1334.70 |                  5.00 |                    5.00 |    789 |    42.9385 |
|        1 |        188 |          1288.60 |      1288.60 |      1334.70 |                  5.00 |                    5.00 |    789 |    43.0170 |
|        1 |        189 |          1288.60 |      1288.60 |      1330.18 |                  5.00 |                    7.07 |    792 |    43.1371 |
|        1 |        190 |          1288.60 |      1288.60 |      1327.60 |                  5.00 |                    8.34 |    792 |    43.2210 |
|        1 |        191 |          1288.60 |      1288.60 |      1322.49 |                  5.00 |                    9.15 |    794 |    43.3846 |
|        1 |        192 |          1288.60 |      1288.60 |      1310.20 |                  5.00 |                    5.36 |    798 |    43.4728 |
|        1 |        193 |          1288.60 |      1288.60 |      1310.20 |                  5.63 |                    5.00 |    798 |    43.5567 |
|        1 |        194 |          1288.60 |      1288.60 |      1316.42 |                  5.00 |                    9.81 |    801 |    43.6868 |
|        1 |        195 |          1288.60 |      1288.60 |      1328.80 |                  5.00 |                    5.26 |    804 |    43.7506 |
|        1 |        196 |          1288.60 |      1288.60 |      1301.53 |                  5.00 |                    6.97 |    807 |    43.9018 |
|        1 |        197 |          1288.60 |      1288.60 |      1300.95 |                  5.00 |                    6.08 |    808 |    44.0454 |
|        1 |        198 |          1288.60 |      1288.60 |      1300.61 |                  5.00 |                    5.00 |    808 |    44.1213 |
|        1 |        199 |          1288.60 |      1288.60 |      1300.89 |                  5.73 |                   16.65 |    808 |    44.2514 |
|        1 |        200 |          1288.60 |      1288.60 |      1303.60 |                  5.00 |                    9.39 |    808 |    44.3039 |
|        1 |        201 |          1288.60 |      1288.60 |      1303.60 |                  5.40 |                    6.02 |    808 |    44.3749 |
|        1 |        202 |          1288.60 |      1288.60 |      1300.30 |                  5.00 |                    5.41 |    808 |    44.4483 |
|        1 |        203 |          1288.60 |      1288.60 |      1347.57 |                  5.00 |                    5.00 |    811 |    44.5106 |
|        1 |        204 |          1288.60 |      1288.60 |      1318.01 |                  5.00 |                    6.46 |    813 |    44.5796 |
|        1 |        205 |          1288.60 |      1288.60 |      1318.06 |                  5.00 |                    5.21 |    813 |    44.6491 |
|        1 |        206 |          1288.60 |      1288.60 |      1318.91 |                  5.00 |                    6.61 |    814 |    44.7211 |
|        1 |        207 |          1288.60 |      1288.60 |      1322.40 |                  5.00 |                    6.58 |    814 |    44.8162 |
|        1 |        208 |          1288.60 |      1288.60 |      1308.80 |                  5.00 |                    5.00 |    819 |    44.9344 |
|        1 |        209 |          1288.60 |      1288.60 |      1295.40 |                  5.00 |                    5.00 |    819 |    45.0332 |
|        1 |        210 |          1288.60 |      1288.60 |      1312.20 |                  6.29 |                    5.00 |    822 |    45.1121 |
|        1 |        211 |          1288.60 |      1288.60 |      1331.60 |                  5.00 |                    5.00 |    824 |    45.1847 |
|        1 |        212 |          1288.60 |      1288.60 |      1322.40 |                  5.00 |                    5.00 |    825 |    45.2401 |
|        1 |        213 |          1288.60 |      1288.60 |      1322.40 |                  5.00 |                    5.00 |    825 |    45.3076 |
|        1 |          0 |          1287.30 |      1287.30 |      1287.30 |                  5.63 |                    5.00 |    825 |    45.3930 |
|        1 |          1 |          1287.30 |      1287.30 |      1304.70 |                  5.00 |                    5.00 |    826 |    45.5212 |
|        1 |          2 |          1287.30 |      1287.08 |      1287.08 |                  5.00 |                    9.45 |    828 |    45.5935 |
|        1 |          3 |          1287.30 |      1287.08 |      1290.70 |                  5.00 |                    6.18 |    830 |    45.6968 |
|        1 |          4 |          1287.30 |      1287.08 |      1290.70 |                  5.00 |                    5.00 |    830 |    45.7740 |
|        1 |          5 |          1287.30 |      1287.08 |      1293.18 |                  5.00 |                    5.39 |    834 |    45.8859 |
|        1 |          6 |          1287.30 |      1287.08 |      1288.00 |                  5.00 |                    6.88 |    835 |    46.0261 |
|        1 |          7 |          1287.30 |      1287.08 |      1289.10 |                  5.00 |                    5.00 |    835 |    46.1138 |
|        1 |          8 |          1287.30 |      1287.08 |      1319.30 |                  5.00 |                    7.22 |    837 |    46.2244 |
|        1 |          9 |          1287.30 |      1287.08 |      1345.50 |                  5.00 |                    5.00 |    840 |    46.2828 |
|        1 |         10 |          1287.30 |      1287.08 |      1309.10 |                  5.00 |                    5.00 |    841 |    46.4683 |
|        1 |         11 |          1287.30 |      1287.08 |      1307.60 |                  7.75 |                    5.00 |    843 |    46.5851 |
|        1 |         12 |          1287.30 |      1287.08 |      1297.71 |                  5.00 |                    8.11 |    846 |    46.7154 |
|        1 |         13 |          1287.30 |      1287.08 |      1306.30 |                  5.00 |                    5.00 |    847 |    46.8482 |
|        1 |         14 |          1287.30 |      1287.08 |      1328.70 |                  5.00 |                    5.00 |    847 |    46.9284 |
|        1 |         15 |          1287.30 |      1287.08 |      1318.40 |                  5.00 |                    5.00 |    847 |    47.0369 |
|        1 |         16 |          1287.30 |      1287.08 |      1304.50 |                  5.00 |                    5.00 |    847 |    47.1424 |
|        1 |         17 |          1287.30 |      1287.08 |      1304.50 |                  5.00 |                    5.00 |    847 |    47.2086 |
|        1 |         18 |          1287.30 |      1287.08 |      1304.50 |                  5.00 |                    5.00 |    847 |    47.2810 |
|        1 |         19 |          1287.30 |      1287.08 |      1295.80 |                  5.00 |                    5.98 |    847 |    47.4349 |
|        1 |         20 |          1287.30 |      1287.08 |      1304.60 |                  5.00 |                    5.86 |    847 |    47.5384 |
|        1 |         21 |          1287.30 |      1287.08 |      1294.10 |                  5.00 |                    5.00 |    847 |    47.6395 |
|        1 |         22 |          1287.30 |      1287.08 |      1290.70 |                  5.00 |                    5.00 |    847 |    47.7188 |
|        1 |         23 |          1287.30 |      1287.08 |      1299.40 |                  5.00 |                    5.74 |    848 |    47.8503 |
|        1 |         24 |          1287.30 |      1287.08 |      1296.70 |                  5.00 |                    5.00 |    848 |    47.9362 |
|        1 |         25 |          1287.30 |      1287.08 |      1290.40 |                  5.00 |                    5.00 |    850 |    48.0659 |
|        1 |         26 |          1287.30 |      1287.08 |      1290.40 |                  5.00 |                    5.00 |    850 |    48.1141 |
|        1 |         27 |          1287.30 |      1287.08 |      1288.40 |                  5.00 |                    5.00 |    850 |    48.3133 |
|        1 |         28 |          1287.30 |      1287.08 |      1288.40 |                  5.00 |                    5.00 |    850 |    48.3653 |
|        1 |         29 |          1287.30 |      1287.08 |      1288.40 |                  5.00 |                    5.00 |    850 |    48.4400 |
|        1 |         30 |          1287.30 |      1287.08 |      1309.10 |                  5.00 |                    5.00 |    852 |    48.5127 |
|        1 |         31 |          1287.30 |      1287.08 |      1309.10 |                  5.00 |                    5.00 |    853 |    48.5851 |
|        1 |         32 |          1287.30 |      1287.08 |      1313.34 |                  5.00 |                    6.86 |    855 |    48.6682 |
|        1 |         33 |          1287.30 |      1287.08 |      1314.10 |                  5.00 |                    7.19 |    855 |    48.7370 |
|        1 |         34 |          1287.30 |      1287.08 |      1347.08 |                  5.00 |                    7.31 |    856 |    48.7916 |
|        1 |         35 |          1287.30 |      1287.08 |      1308.40 |                  5.00 |                    5.00 |    858 |    48.9953 |
|        1 |         36 |          1287.30 |      1287.08 |      1308.40 |                  5.00 |                    5.00 |    858 |    49.0518 |
|        1 |         37 |          1287.30 |      1287.08 |      1308.40 |                  5.00 |                    5.00 |    858 |    49.1093 |
|        1 |         38 |          1287.30 |      1287.08 |      1308.40 |                  5.00 |                    5.00 |    858 |    49.1934 |
|        1 |         39 |          1287.30 |      1287.08 |      1308.40 |                  5.00 |                    5.00 |    858 |    49.2624 |
|        1 |         40 |          1287.30 |      1287.08 |      1304.80 |                  5.00 |                    5.00 |    859 |    49.3919 |
|        1 |         41 |          1287.30 |      1287.08 |      1307.80 |                  5.00 |                    5.00 |    860 |    49.4859 |
|        1 |         42 |          1287.30 |      1287.08 |      1305.10 |                  5.00 |                    5.00 |    860 |    49.5367 |
|        1 |         43 |          1287.30 |      1287.08 |      1318.27 |                  5.00 |                    5.00 |    865 |    49.6152 |
|        1 |         44 |          1287.30 |      1287.08 |      1316.60 |                  5.30 |                    5.00 |    865 |    49.6910 |
|        1 |         45 |          1287.30 |      1287.08 |      1318.60 |                  6.22 |                    5.26 |    866 |    49.7495 |
|        1 |         46 |          1287.30 |      1287.08 |      1318.90 |                  5.00 |                    5.00 |    868 |    49.8283 |
|        1 |         47 |          1287.30 |      1287.08 |      1304.00 |                  5.00 |                    5.00 |    869 |    49.9311 |
|        1 |         48 |          1287.30 |      1287.08 |      1302.30 |                  5.00 |                    5.26 |    869 |    50.0093 |
|        1 |         49 |          1287.30 |      1287.08 |      1308.30 |                  5.00 |                    5.00 |    874 |    50.1472 |
|        1 |         50 |          1287.30 |      1287.08 |      1308.21 |                  8.39 |                    8.39 |    874 |    50.1979 |
|        1 |         51 |          1287.30 |      1287.08 |      1297.18 |                 11.62 |                   11.86 |    875 |    50.2898 |
|        1 |         52 |          1287.30 |      1287.08 |      1324.59 |                 24.03 |                    6.68 |    879 |    50.3599 |
|        1 |         53 |          1287.30 |      1287.08 |      1306.68 |                  5.00 |                    5.00 |    880 |    50.7071 |
|        1 |         54 |          1287.30 |      1287.08 |      1313.20 |                  5.00 |                    5.00 |    882 |    50.9829 |
|        1 |         55 |          1287.30 |      1287.08 |      1304.30 |                  5.00 |                    5.74 |    884 |    51.0803 |
|        1 |         56 |          1287.30 |      1287.08 |      1302.30 |                  6.41 |                    8.79 |    885 |    51.1520 |
|        1 |         57 |          1287.30 |      1287.08 |      1306.50 |                  5.00 |                    5.00 |    888 |    51.2397 |
|        1 |         58 |          1287.30 |      1287.08 |      1302.30 |                  5.69 |                    5.00 |    888 |    51.3628 |
|        1 |         59 |          1287.30 |      1287.08 |      1332.90 |                  5.00 |                    5.00 |    889 |    51.4358 |
|        1 |         60 |          1287.30 |      1287.08 |      1332.00 |                  5.00 |                    6.35 |    889 |    51.5391 |
|        1 |         61 |          1287.30 |      1287.08 |      1324.80 |                  5.00 |                    5.00 |    894 |    51.7295 |
|        1 |         62 |          1287.30 |      1287.08 |      1310.50 |                  5.00 |                    5.00 |    900 |    51.8356 |
|        1 |         63 |          1287.30 |      1287.08 |      1310.50 |                  5.00 |                    5.00 |    900 |    51.9095 |
|        1 |         64 |          1287.30 |      1287.08 |      1315.50 |                  5.00 |                    5.00 |    902 |    51.9702 |
|        1 |         65 |          1287.30 |      1287.08 |      1324.00 |                  5.00 |                    5.00 |    904 |    52.1405 |
|        1 |         66 |          1287.30 |      1287.08 |      1335.00 |                  5.00 |                    5.00 |    908 |    52.2532 |
|        1 |         67 |          1287.30 |      1287.08 |      1316.30 |                  5.00 |                    5.00 |    909 |    52.3256 |
|        1 |         68 |          1287.30 |      1287.08 |      1316.30 |                  5.00 |                    5.00 |    909 |    52.3966 |
|        1 |         69 |          1287.30 |      1287.08 |      1300.60 |                  6.22 |                    5.00 |    909 |    52.5877 |
|        1 |         70 |          1287.30 |      1287.08 |      1300.30 |                  5.00 |                    5.00 |    911 |    52.7103 |
|        1 |         71 |          1287.30 |      1287.08 |      1298.10 |                  5.00 |                    5.00 |    912 |    52.8486 |
|        1 |         72 |          1287.30 |      1287.08 |      1292.30 |                  5.00 |                    5.00 |    912 |    53.0234 |
|        1 |         73 |          1287.30 |      1287.08 |      1295.00 |                  5.00 |                    5.00 |    913 |    53.1396 |
|        1 |         74 |          1287.30 |      1287.08 |      1304.90 |                  5.00 |                    5.00 |    915 |    53.2374 |
|        1 |         75 |          1287.30 |      1287.08 |      1304.70 |                  5.00 |                    5.39 |    916 |    53.4235 |
|        1 |         76 |          1287.30 |      1287.08 |      1293.29 |                  5.00 |                    5.00 |    917 |    53.5127 |
|        1 |         77 |          1287.30 |      1287.08 |      1292.12 |                  5.00 |                    8.90 |    917 |    53.6022 |
|        1 |         78 |          1287.30 |      1287.08 |      1299.43 |                  5.00 |                    9.43 |    918 |    53.6708 |
|        1 |         79 |          1287.30 |      1287.08 |      1301.90 |                  5.00 |                    7.62 |    918 |    53.7508 |
|        1 |         80 |          1287.30 |      1287.08 |      1329.87 |                  5.00 |                    7.50 |    920 |    53.8787 |
|        1 |         81 |          1287.30 |      1287.08 |      1302.30 |                  5.66 |                    5.00 |    924 |    54.1082 |
|        1 |         82 |          1287.30 |      1287.08 |      1307.00 |                  5.63 |                    5.00 |    925 |    54.2300 |
|        1 |         83 |          1287.30 |      1287.08 |      1306.80 |                  5.71 |                    5.00 |    925 |    54.3334 |
|        1 |         84 |          1287.30 |      1287.08 |      1307.00 |                  5.63 |                    5.00 |    925 |    54.4183 |
|        1 |         85 |          1287.30 |      1287.08 |      1306.91 |                  5.00 |                    5.00 |    925 |    54.5273 |
|        1 |         86 |          1287.30 |      1287.08 |      1306.60 |                  5.00 |                    5.00 |    925 |    54.6149 |
|        1 |         87 |          1287.30 |      1287.08 |      1299.42 |                  6.13 |                    6.22 |    926 |    54.8461 |
|        1 |         88 |          1287.30 |      1287.08 |      1300.14 |                  6.89 |                    5.00 |    926 |    54.9088 |
|        1 |         89 |          1287.30 |      1287.08 |      1301.04 |                  5.50 |                    5.75 |    926 |    55.0095 |
|        1 |         90 |          1287.30 |      1287.08 |      1299.28 |                 10.72 |                    5.00 |    926 |    55.0689 |
|        1 |         91 |          1287.30 |      1287.08 |      1310.10 |                  5.81 |                    5.00 |    926 |    55.1289 |
|        1 |         92 |          1287.30 |      1287.08 |      1314.97 |                  5.00 |                    6.80 |    927 |    55.1941 |
|        1 |         93 |          1287.30 |      1287.08 |      1315.02 |                  5.56 |                    5.00 |    927 |    55.2719 |
|        1 |         94 |          1287.30 |      1287.08 |      1314.85 |                  5.86 |                    5.00 |    928 |    55.3760 |
|        1 |         95 |          1287.30 |      1287.08 |      1322.10 |                  5.00 |                    5.00 |    928 |    55.4425 |
|        1 |         96 |          1287.30 |      1287.08 |      1320.60 |                  5.00 |                    5.00 |    928 |    55.4897 |
|        1 |         97 |          1287.30 |      1287.08 |      1320.60 |                  5.00 |                    5.00 |    928 |    55.5685 |
|        1 |         98 |          1287.30 |      1287.08 |      1320.60 |                  5.00 |                    6.61 |    928 |    55.6345 |
|        1 |         99 |          1287.30 |      1287.08 |      1320.60 |                  5.00 |                    5.00 |    928 |    55.7027 |
|        1 |        100 |          1287.30 |      1287.08 |      1320.60 |                  5.00 |                    5.00 |    928 |    55.7678 |
|        1 |        101 |          1287.30 |      1287.08 |      1292.30 |                  5.00 |                    5.15 |    932 |    55.9329 |
|        1 |        102 |          1287.30 |      1287.08 |      1292.30 |                  5.00 |                    5.00 |    932 |    56.0275 |
|        1 |        103 |          1287.30 |      1287.08 |      1292.30 |                  5.52 |                    5.00 |    932 |    56.0770 |
|        1 |        104 |          1287.30 |      1287.08 |      1292.30 |                  5.00 |                    5.00 |    932 |    56.1434 |
|        1 |        105 |          1287.30 |      1287.08 |      1292.30 |                  5.00 |                    5.00 |    932 |    56.2103 |
|        1 |        106 |          1287.30 |      1287.08 |      1287.70 |                  5.00 |                    5.00 |    932 |    56.3533 |
|        1 |        107 |          1287.30 |      1287.08 |      1289.00 |                  5.00 |                    5.00 |    934 |    56.4230 |
|        1 |        108 |          1287.30 |      1287.08 |      1289.00 |                  5.00 |                    5.00 |    935 |    56.5483 |
|        1 |        109 |          1287.30 |      1287.08 |      1288.10 |                  5.00 |                    5.00 |    936 |    56.6181 |
|        1 |        110 |          1287.30 |      1287.08 |      1288.10 |                  6.22 |                    6.22 |    936 |    56.6813 |
|        1 |        111 |          1287.30 |      1287.08 |      1288.10 |                  5.00 |                    5.00 |    936 |    56.7550 |
|        1 |        112 |          1287.30 |      1287.08 |      1297.10 |                  5.00 |                    8.14 |    937 |    56.8174 |
|        1 |        113 |          1287.30 |      1287.08 |      1327.79 |                  5.00 |                    7.04 |    939 |    56.9415 |
|        1 |        114 |          1287.30 |      1287.08 |      1289.60 |                  5.79 |                    5.00 |    939 |    57.0985 |
|        1 |        115 |          1287.30 |      1287.08 |      1297.22 |                  5.00 |                    5.00 |    940 |    57.1797 |
|        1 |        116 |          1287.30 |      1287.08 |      1296.33 |                  5.00 |                    5.00 |    941 |    57.3257 |
|        1 |        117 |          1287.30 |      1287.08 |      1295.96 |                  5.00 |                    5.00 |    941 |    57.4075 |
|        1 |        118 |          1287.30 |      1287.08 |      1321.15 |                  5.40 |                    5.00 |    942 |    57.4755 |
|        1 |        119 |          1287.30 |      1287.08 |      1310.10 |                  5.00 |                    5.00 |    943 |    57.7184 |
|        1 |        120 |          1287.30 |      1287.08 |      1310.10 |                  5.00 |                    5.00 |    943 |    57.7930 |
|        1 |        121 |          1287.30 |      1287.08 |      1335.30 |                  5.00 |                    5.00 |    944 |    57.8550 |
|        1 |        122 |          1287.30 |      1287.08 |      1309.07 |                  5.00 |                   10.65 |    947 |    57.9655 |
|        1 |        123 |          1287.30 |      1287.08 |      1319.80 |                  6.93 |                    6.18 |    947 |    58.0421 |
|        1 |        124 |          1287.30 |      1287.08 |      1318.90 |                  5.99 |                    5.19 |    947 |    58.1563 |
|        1 |        125 |          1287.30 |      1287.08 |      1313.73 |                  6.56 |                    5.00 |    947 |    58.3384 |
|        1 |        126 |          1287.30 |      1287.08 |      1313.63 |                  5.25 |                    5.00 |    947 |    58.4159 |
|        1 |        127 |          1287.30 |      1287.08 |      1311.46 |                  7.83 |                    5.14 |    949 |    58.6185 |
|        1 |        128 |          1287.30 |      1287.08 |      1313.62 |                  5.00 |                    6.35 |    950 |    58.6817 |
|        1 |        129 |          1287.30 |      1287.08 |      1304.38 |                 10.55 |                   12.87 |    950 |    58.7568 |
|        1 |        130 |          1287.30 |      1287.08 |      1321.43 |                 22.02 |                   26.87 |    951 |    58.8305 |
|        1 |        131 |          1287.30 |      1287.08 |      1297.70 |                 11.45 |                   12.39 |    955 |    58.9092 |
|        1 |        132 |          1287.30 |      1287.08 |      1302.20 |                  6.58 |                    5.95 |    956 |    58.9796 |
|        1 |        133 |          1287.30 |      1287.08 |      1295.10 |                  5.00 |                    7.02 |    956 |    59.0554 |
|        1 |        134 |          1287.30 |      1287.08 |      1315.53 |                  5.00 |                    9.73 |    956 |    59.1193 |
|        1 |        135 |          1287.30 |      1287.08 |      1316.66 |                  5.00 |                    7.55 |    958 |    59.1722 |
|        1 |        136 |          1287.30 |      1287.08 |      1314.15 |                  6.32 |                    5.00 |    961 |    59.2739 |
|        1 |        137 |          1287.30 |      1287.08 |      1329.30 |                  5.00 |                    5.00 |    961 |    59.3787 |
|        1 |        138 |          1287.30 |      1287.08 |      1323.20 |                  5.00 |                    6.73 |    961 |    59.4830 |
|        1 |        139 |          1287.30 |      1287.08 |      1337.05 |                  5.00 |                    5.00 |    964 |    59.5891 |
|        1 |        140 |          1287.30 |      1287.08 |      1334.75 |                  5.00 |                    8.13 |    964 |    59.6598 |
|        1 |        141 |          1287.30 |      1287.08 |      1335.30 |                  5.00 |                    5.06 |    964 |    59.7591 |
|        1 |        142 |          1287.30 |      1287.08 |      1321.66 |                  5.00 |                    5.00 |    964 |    59.9523 |
------------------------------------------------------------------------------------------------------------------------------------------------
|  Restart |  Iteration |  Best Feas. Cost |    Best Cost |   Curr. Cost |   Penalty Custom Res. |   Penalty Standard Res. |   Pool |   Time (s) |
------------------------------------------------------------------------------------------------------------------------------------------------
|        1 |        143 |          1287.30 |      1287.08 |      1321.10 |                  5.00 |                    5.67 |    964 |    60.0213 |
|        1 |        144 |          1287.30 |      1287.08 |      1317.60 |                  6.29 |                    5.00 |    964 |    60.1912 |
|        1 |        145 |          1287.30 |      1287.08 |      1317.60 |                  5.00 |                    5.80 |    964 |    60.2552 |
|        1 |        146 |          1287.30 |      1287.08 |      1317.60 |                  5.00 |                    5.00 |    964 |    60.3293 |
|        1 |        147 |          1287.30 |      1287.08 |      1324.90 |                  5.00 |                    5.00 |    965 |    60.4038 |
|        1 |        148 |          1287.30 |      1287.08 |      1322.10 |                  5.00 |                    5.00 |    965 |    60.4665 |
|        1 |        149 |          1287.30 |      1287.08 |      1322.10 |                  5.00 |                    5.00 |    965 |    60.5188 |
|        1 |        150 |          1287.30 |      1287.08 |      1315.40 |                  5.00 |                    5.00 |    965 |    60.5812 |
|        1 |        151 |          1287.30 |      1287.08 |      1315.40 |                  5.00 |                    5.00 |    965 |    60.6378 |
|        1 |        152 |          1287.30 |      1287.08 |      1292.90 |                  5.00 |                    5.00 |    966 |    60.8245 |
|        1 |        153 |          1287.30 |      1287.08 |      1298.06 |                  5.00 |                    5.00 |    966 |    60.8965 |
|        1 |        154 |          1287.30 |      1287.08 |      1290.20 |                  5.00 |                    5.00 |    966 |    61.0197 |
|        1 |        155 |          1287.30 |      1287.08 |      1321.60 |                  6.61 |                    5.00 |    969 |    61.1895 |
|        1 |        156 |          1287.30 |      1287.08 |      1311.00 |                  5.00 |                    5.00 |    969 |    61.2985 |
|        1 |        157 |          1287.30 |      1287.08 |      1322.90 |                  5.00 |                    5.00 |    971 |    61.4151 |
|        1 |        158 |          1287.30 |      1287.08 |      1343.00 |                  5.00 |                    5.00 |    974 |    61.5445 |
|        1 |        159 |          1287.30 |      1287.08 |      1339.20 |                  5.00 |                    5.00 |    976 |    61.6213 |
|        1 |        160 |          1287.30 |      1287.08 |      1335.30 |                  5.00 |                    5.00 |    976 |    61.7111 |
|        1 |        161 |          1287.30 |      1287.08 |      1335.30 |                  5.00 |                    5.00 |    976 |    61.7714 |
|        1 |        162 |          1287.30 |      1287.08 |      1315.40 |                  5.00 |                    5.00 |    981 |    61.8865 |
|        1 |        163 |          1287.30 |      1287.08 |      1301.40 |                  5.00 |                    5.00 |    984 |    61.9657 |
|        1 |        164 |          1287.30 |      1287.08 |      1301.40 |                  5.00 |                    5.00 |    984 |    62.0210 |
|        1 |        165 |          1287.30 |      1287.08 |      1301.40 |                  5.00 |                    5.00 |    984 |    62.1005 |
|        1 |        166 |          1287.30 |      1287.08 |      1301.20 |                  5.00 |                    5.36 |    984 |    62.1699 |
|        1 |        167 |          1287.30 |      1287.08 |      1290.40 |                  5.00 |                    5.47 |    985 |    62.3617 |
|        1 |        168 |          1287.30 |      1287.08 |      1303.60 |                  5.00 |                    5.00 |    986 |    62.4664 |
|        1 |        169 |          1287.30 |      1287.08 |      1317.00 |                  5.00 |                    7.01 |    991 |    62.5320 |
|        1 |        170 |          1287.30 |      1287.08 |      1302.80 |                  5.63 |                    5.63 |    992 |    62.6918 |
|        1 |        171 |          1287.30 |      1287.08 |      1287.60 |                  5.00 |                    5.05 |    994 |    62.7817 |
|        1 |          0 |          1284.50 |      1284.50 |      1284.50 |                  5.18 |                    5.00 |    995 |    62.9944 |
|        1 |          1 |          1284.50 |      1284.50 |      1284.50 |                  5.00 |                    5.00 |    995 |    63.0685 |
|        1 |          2 |          1284.50 |      1284.50 |      1305.40 |                  5.80 |                    5.00 |    998 |    63.1412 |
|        1 |          3 |          1284.50 |      1284.50 |      1320.90 |                  5.00 |                    5.00 |    999 |    63.2158 |
|        1 |          4 |          1284.50 |      1284.50 |      1333.10 |                  5.00 |                    5.00 |   1001 |    63.3002 |
|        1 |          5 |          1284.50 |      1284.50 |      1339.60 |                  5.00 |                    5.90 |   1001 |    63.4036 |
|        1 |          6 |          1284.50 |      1284.50 |      1314.20 |                  5.00 |                    7.52 |   1002 |    63.5303 |
|        1 |          7 |          1284.50 |      1284.50 |      1328.23 |                  6.22 |                    6.07 |   1003 |    63.6092 |
|        1 |          8 |          1284.50 |      1284.50 |      1327.42 |                  5.00 |                    5.42 |   1003 |    63.6863 |
|        1 |          9 |          1284.50 |      1284.50 |      1319.20 |                  5.00 |                    5.00 |   1003 |    63.7717 |
|        1 |         10 |          1284.50 |      1284.50 |      1302.30 |                  5.00 |                    5.00 |   1006 |    63.9627 |
|        1 |         11 |          1284.50 |      1284.50 |      1314.30 |                  5.00 |                    5.00 |   1010 |    64.1110 |
|        1 |         12 |          1284.50 |      1284.50 |      1313.30 |                  5.00 |                    5.00 |   1011 |    64.1731 |
|        1 |         13 |          1284.50 |      1284.50 |      1316.20 |                  5.00 |                    5.05 |   1012 |    64.2383 |
|        1 |         14 |          1284.50 |      1284.50 |      1327.50 |                  5.00 |                    5.10 |   1013 |    64.3038 |
|        1 |         15 |          1284.50 |      1284.50 |      1312.10 |                 11.06 |                    6.29 |   1017 |    64.4690 |
|        1 |         16 |          1284.50 |      1284.50 |      1295.70 |                  5.53 |                    5.00 |   1017 |    64.5329 |
|        1 |         17 |          1284.50 |      1284.50 |      1304.00 |                  5.00 |                    5.00 |   1018 |    64.6633 |
|        1 |         18 |          1284.50 |      1284.50 |      1304.20 |                  6.09 |                    5.00 |   1020 |    64.7461 |
|        1 |         19 |          1284.50 |      1284.50 |      1305.27 |                  5.00 |                    5.00 |   1020 |    64.8073 |
|        1 |         20 |          1284.50 |      1284.50 |      1300.20 |                  5.00 |                    5.00 |   1020 |    64.9021 |
|        1 |         21 |          1284.50 |      1284.50 |      1292.02 |                  6.79 |                    5.00 |   1022 |    64.9929 |
|        1 |         22 |          1284.50 |      1284.50 |      1291.21 |                 12.07 |                    5.00 |   1023 |    65.1012 |
|        1 |         23 |          1284.50 |      1284.50 |      1293.19 |                 11.67 |                    5.00 |   1023 |    65.1709 |
|        1 |         24 |          1284.50 |      1284.50 |      1305.69 |                  8.27 |                    5.00 |   1024 |    65.2537 |
|        1 |         25 |          1284.50 |      1284.50 |      1304.19 |                  5.00 |                    5.00 |   1025 |    65.3311 |
|        1 |         26 |          1284.50 |      1284.50 |      1287.96 |                 13.00 |                    5.00 |   1025 |    65.4249 |
|        1 |         27 |          1284.50 |      1284.50 |      1288.20 |                  8.26 |                    5.00 |   1026 |    65.4800 |
|        1 |         28 |          1284.50 |      1284.50 |      1311.50 |                  5.00 |                    5.00 |   1027 |    65.5433 |
|        1 |         29 |          1284.50 |      1284.50 |      1311.50 |                  5.00 |                    5.00 |   1027 |    65.5944 |
|        1 |         30 |          1284.50 |      1284.50 |      1313.20 |                  5.00 |                    5.00 |   1029 |    65.6460 |
|        1 |         31 |          1284.50 |      1284.50 |      1317.30 |                  5.00 |                    5.00 |   1029 |    65.7267 |
|        1 |         32 |          1284.50 |      1284.50 |      1287.80 |                  5.00 |                    6.22 |   1030 |    65.8342 |
|        1 |         33 |          1284.50 |      1284.50 |      1287.80 |                  5.00 |                    5.00 |   1030 |    65.8928 |
|        1 |         34 |          1284.50 |      1284.50 |      1287.80 |                  5.00 |                    5.00 |   1030 |    65.9683 |
|        1 |         35 |          1284.50 |      1284.50 |      1294.50 |                  5.00 |                    5.00 |   1030 |    66.0483 |
|        1 |         36 |          1284.50 |      1284.50 |      1289.10 |                  5.00 |                    5.00 |   1030 |    66.1623 |
|        1 |         37 |          1284.50 |      1284.50 |      1289.10 |                  5.00 |                    5.00 |   1030 |    66.2167 |
|        1 |         38 |          1284.50 |      1284.50 |      1289.10 |                  5.00 |                    5.00 |   1030 |    66.2963 |
|        1 |         39 |          1284.50 |      1284.50 |      1289.10 |                  5.00 |                    5.00 |   1030 |    66.3479 |
|        1 |         40 |          1284.50 |      1284.50 |      1295.40 |                  5.00 |                    5.00 |   1030 |    66.4226 |
|        1 |         41 |          1284.50 |      1284.50 |      1329.61 |                  5.00 |                    5.00 |   1033 |    66.5228 |
|        1 |         42 |          1284.50 |      1284.50 |      1296.50 |                  5.00 |                    5.00 |   1033 |    66.6272 |
|        1 |         43 |          1284.50 |      1284.50 |      1303.90 |                  5.00 |                    5.00 |   1033 |    66.8062 |
|        1 |         44 |          1284.50 |      1284.50 |      1303.90 |                  5.00 |                    6.28 |   1033 |    66.8834 |
|        1 |         45 |          1284.50 |      1284.50 |      1303.90 |                  5.00 |                    5.00 |   1033 |    66.9588 |
|        1 |         46 |          1284.50 |      1284.50 |      1309.10 |                  6.04 |                    5.00 |   1033 |    67.0486 |
|        1 |         47 |          1284.50 |      1284.50 |      1323.00 |                  5.00 |                    5.00 |   1035 |    67.1873 |
|        1 |         48 |          1284.50 |      1284.50 |      1323.00 |                  5.00 |                    5.00 |   1035 |    67.2474 |
|        1 |         49 |          1284.50 |      1284.50 |      1322.30 |                  5.00 |                    5.00 |   1038 |    67.3897 |
|        1 |         50 |          1284.50 |      1284.50 |      1334.45 |                  5.00 |                    5.19 |   1038 |    67.4932 |
|        1 |         51 |          1284.50 |      1284.50 |      1315.78 |                  5.00 |                   10.71 |   1039 |    67.5831 |
|        1 |         52 |          1284.50 |      1284.50 |      1321.00 |                  5.00 |                    5.25 |   1042 |    67.6618 |
|        1 |         53 |          1284.50 |      1284.50 |      1314.30 |                  5.00 |                    5.25 |   1042 |    67.7550 |
|        1 |         54 |          1284.50 |      1284.50 |      1313.80 |                  5.00 |                    5.00 |   1042 |    67.8402 |
|        1 |         55 |          1284.50 |      1284.50 |      1313.90 |                  5.00 |                    5.00 |   1042 |    67.9183 |
|        1 |         56 |          1284.50 |      1284.50 |      1315.82 |                  5.00 |                    8.54 |   1042 |    68.0567 |
|        1 |         57 |          1284.50 |      1284.50 |      1314.90 |                  5.00 |                    6.17 |   1042 |    68.1528 |
|        1 |         58 |          1284.50 |      1284.50 |      1314.90 |                  5.00 |                    5.00 |   1042 |    68.2198 |
|        1 |         59 |          1284.50 |      1284.50 |      1313.30 |                  5.00 |                    5.00 |   1042 |    68.2858 |
|        1 |         60 |          1284.50 |      1284.50 |      1327.40 |                  5.00 |                    5.00 |   1044 |    68.3731 |
|        1 |         61 |          1284.50 |      1284.50 |      1316.07 |                  5.00 |                    5.00 |   1045 |    68.4419 |
|        1 |         62 |          1284.50 |      1284.50 |      1315.50 |                  5.00 |                    5.00 |   1045 |    68.5070 |
|        1 |         63 |          1284.50 |      1284.50 |      1315.50 |                  5.00 |                    5.00 |   1045 |    68.5662 |
|        1 |         64 |          1284.50 |      1284.50 |      1309.50 |                  5.00 |                    5.00 |   1046 |    68.6577 |
|        1 |         65 |          1284.50 |      1284.50 |      1315.70 |                  5.00 |                    5.00 |   1046 |    68.7286 |
|        1 |         66 |          1284.50 |      1284.50 |      1316.41 |                  5.00 |                    5.00 |   1046 |    68.8030 |
|        1 |         67 |          1284.50 |      1284.50 |      1316.10 |                  5.00 |                    5.00 |   1046 |    68.8589 |
|        1 |         68 |          1284.50 |      1284.50 |      1323.75 |                  5.00 |                    5.00 |   1046 |    68.9360 |
|        1 |         69 |          1284.50 |      1284.50 |      1323.62 |                  5.00 |                    5.00 |   1046 |    69.0096 |
|        1 |         70 |          1284.50 |      1284.50 |      1332.00 |                  5.00 |                    5.00 |   1046 |    69.0856 |
|        1 |         71 |          1284.50 |      1284.50 |      1332.50 |                  5.00 |                    5.00 |   1046 |    69.1463 |
|        1 |         72 |          1284.50 |      1284.50 |      1327.70 |                  5.00 |                    5.00 |   1046 |    69.2260 |
|        1 |         73 |          1284.50 |      1284.50 |      1328.40 |                  5.00 |                    5.00 |   1046 |    69.2808 |
|        1 |         74 |          1284.50 |      1284.50 |      1318.10 |                  5.00 |                    5.00 |   1047 |    69.5189 |
|        1 |         75 |          1284.50 |      1284.50 |      1318.60 |                  5.00 |                    5.00 |   1049 |    69.6670 |
|        1 |         76 |          1284.50 |      1284.50 |      1314.90 |                  5.00 |                    7.01 |   1049 |    69.7875 |
|        1 |         77 |          1284.50 |      1284.50 |      1313.70 |                  5.00 |                    6.35 |   1051 |    69.9229 |
|        1 |         78 |          1284.50 |      1284.50 |      1310.60 |                  5.00 |                    7.52 |   1051 |    70.1087 |
|        1 |         79 |          1284.50 |      1284.50 |      1335.00 |                  5.00 |                    5.00 |   1054 |    70.2990 |
|        1 |         80 |          1284.50 |      1284.50 |      1335.00 |                  6.34 |                    5.36 |   1054 |    70.3849 |
|        1 |         81 |          1284.50 |      1284.50 |      1330.30 |                  5.00 |                    5.80 |   1056 |    70.5144 |
|        1 |         82 |          1284.50 |      1284.50 |      1330.30 |                  5.00 |                    5.00 |   1056 |    70.6075 |
|        1 |         83 |          1284.50 |      1284.50 |      1311.20 |                  5.00 |                    5.00 |   1058 |    70.7213 |
|        1 |         84 |          1284.50 |      1284.50 |      1310.70 |                  5.00 |                    5.00 |   1061 |    70.8042 |
|        1 |         85 |          1284.50 |      1284.50 |      1306.50 |                  5.00 |                    5.00 |   1063 |    70.8894 |
|        1 |         86 |          1284.50 |      1284.50 |      1306.50 |                  5.00 |                    5.00 |   1063 |    70.9743 |
|        1 |         87 |          1284.50 |      1284.50 |      1304.22 |                  5.00 |                   12.61 |   1066 |    71.1141 |
|        1 |         88 |          1284.50 |      1284.50 |      1302.60 |                  5.00 |                    7.47 |   1070 |    71.1961 |
|        1 |         89 |          1284.50 |      1284.50 |      1297.10 |                  5.00 |                    5.00 |   1071 |    71.3040 |
|        1 |         90 |          1284.50 |      1284.50 |      1299.00 |                  5.00 |                    5.00 |   1071 |    71.3958 |
|        1 |         91 |          1284.50 |      1284.50 |      1301.10 |                  5.00 |                    5.00 |   1071 |    71.4570 |
|        1 |         92 |          1284.50 |      1284.50 |      1285.24 |                  5.67 |                    5.00 |   1073 |    71.5503 |
|        1 |         93 |          1284.50 |      1284.50 |      1299.53 |                  5.99 |                    5.00 |   1074 |    71.6462 |
|        1 |         94 |          1284.50 |      1284.50 |      1336.49 |                  6.40 |                    5.29 |   1076 |    71.7084 |
|        1 |         95 |          1284.50 |      1284.50 |      1336.81 |                  6.78 |                    8.19 |   1077 |    71.7705 |
|        1 |         96 |          1284.50 |      1284.50 |      1306.23 |                 14.27 |                    5.30 |   1078 |    71.9135 |
|        1 |         97 |          1284.50 |      1284.50 |      1308.31 |                 13.53 |                    6.26 |   1078 |    71.9740 |
|        1 |         98 |          1284.50 |      1284.50 |      1306.90 |                  7.54 |                    5.42 |   1081 |    72.0989 |
|        1 |         99 |          1284.50 |      1284.50 |      1306.70 |                  5.00 |                    5.00 |   1082 |    72.2615 |
|        1 |        100 |          1284.50 |      1284.50 |      1323.70 |                  5.00 |                    5.00 |   1082 |    72.3877 |
|        1 |        101 |          1284.50 |      1284.50 |      1325.70 |                  5.00 |                    5.00 |   1082 |    72.4864 |
|        1 |        102 |          1284.50 |      1284.50 |      1325.70 |                  5.00 |                    5.00 |   1082 |    72.5814 |
|        1 |        103 |          1284.50 |      1284.50 |      1325.70 |                  5.00 |                    5.00 |   1082 |    72.6974 |
|        1 |        104 |          1284.50 |      1284.50 |      1311.47 |                  5.34 |                    5.00 |   1083 |    72.8356 |
|        1 |        105 |          1284.50 |      1284.50 |      1309.67 |                  5.00 |                    5.00 |   1083 |    72.9192 |
|        1 |        106 |          1284.50 |      1284.50 |      1309.05 |                  5.00 |                    5.00 |   1083 |    73.0342 |
|        1 |        107 |          1284.50 |      1284.50 |      1311.60 |                  5.00 |                    5.00 |   1084 |    73.1344 |
|        1 |        108 |          1284.50 |      1284.50 |      1291.37 |                  5.00 |                    5.00 |   1085 |    73.2222 |
|        1 |        109 |          1284.50 |      1284.50 |      1327.00 |                  5.00 |                    5.00 |   1087 |    73.4037 |
|        1 |        110 |          1284.50 |      1284.50 |      1325.30 |                  5.00 |                    5.00 |   1089 |    73.4978 |
|        1 |        111 |          1284.50 |      1284.50 |      1318.60 |                  5.00 |                    5.00 |   1090 |    73.5709 |
|        1 |        112 |          1284.50 |      1284.50 |      1321.70 |                  5.46 |                    5.00 |   1090 |    73.6782 |
|        1 |        113 |          1284.50 |      1284.50 |      1318.20 |                  5.00 |                    5.00 |   1090 |    73.8464 |
|        1 |        114 |          1284.50 |      1284.50 |      1318.20 |                  5.00 |                    5.00 |   1090 |    73.9222 |
|        1 |        115 |          1284.50 |      1284.50 |      1302.55 |                  5.00 |                    9.54 |   1091 |    74.1304 |
|        1 |        116 |          1284.50 |      1284.50 |      1303.79 |                  6.72 |                    6.50 |   1091 |    74.2361 |
|        1 |        117 |          1284.50 |      1284.50 |      1313.20 |                  5.00 |                    9.56 |   1092 |    74.3337 |
|        1 |        118 |          1284.50 |      1284.50 |      1309.01 |                  6.86 |                    5.00 |   1092 |    74.4648 |
|        1 |        119 |          1284.50 |      1284.50 |      1310.46 |                  5.00 |                    5.24 |   1092 |    74.5594 |
|        1 |        120 |          1284.50 |      1284.50 |      1307.65 |                  5.00 |                    5.00 |   1093 |    74.6686 |
|        1 |        121 |          1284.50 |      1284.50 |      1307.60 |                  5.00 |                    8.30 |   1093 |    74.7918 |
|        1 |        122 |          1284.50 |      1284.50 |      1307.60 |                  6.87 |                    5.23 |   1093 |    74.8581 |
|        1 |        123 |          1284.50 |      1284.50 |      1300.04 |                  5.69 |                    5.00 |   1095 |    75.2132 |
|        1 |        124 |          1284.50 |      1284.50 |      1298.40 |                  5.00 |                    5.00 |   1096 |    75.3422 |
|        1 |        125 |          1284.50 |      1284.50 |      1303.50 |                  5.00 |                    5.00 |   1096 |    75.4975 |
|        1 |        126 |          1284.50 |      1284.50 |      1312.10 |                  5.00 |                    5.00 |   1096 |    75.6136 |
|        1 |        127 |          1284.50 |      1284.50 |      1311.30 |                  6.61 |                    5.00 |   1096 |    75.7133 |
|        1 |        128 |          1284.50 |      1284.50 |      1309.20 |                  5.69 |                    5.00 |   1097 |    75.8568 |
|        1 |        129 |          1284.50 |      1284.50 |      1310.40 |                  7.75 |                    5.14 |   1097 |    75.9267 |
|        1 |        130 |          1284.50 |      1284.50 |      1311.00 |                  5.00 |                    5.00 |   1098 |    76.0834 |
|        1 |        131 |          1284.50 |      1284.50 |      1321.42 |                  5.00 |                    6.66 |   1101 |    76.2203 |
|        1 |        132 |          1284.50 |      1284.50 |      1328.04 |                  5.00 |                    5.54 |   1101 |    76.3220 |
|        1 |        133 |          1284.50 |      1284.50 |      1327.25 |                  5.00 |                    7.23 |   1101 |    76.3996 |
|        1 |        134 |          1284.50 |      1284.50 |      1333.40 |                  5.00 |                    5.36 |   1101 |    76.4916 |
|        1 |        135 |          1284.50 |      1284.50 |      1335.10 |                  5.00 |                    5.00 |   1105 |    76.6039 |
|        1 |        136 |          1284.50 |      1284.50 |      1336.00 |                  5.00 |                    5.00 |   1107 |    76.7264 |
|        1 |        137 |          1284.50 |      1284.50 |      1321.40 |                  5.00 |                    5.00 |   1107 |    76.8127 |
|        1 |        138 |          1284.50 |      1284.50 |      1315.20 |                  5.00 |                    5.00 |   1107 |    76.9167 |
|        1 |        139 |          1284.50 |      1284.50 |      1326.78 |                  5.00 |                    7.27 |   1107 |    77.0534 |
|        1 |        140 |          1284.50 |      1284.50 |      1340.87 |                  5.00 |                    8.00 |   1109 |    77.1343 |
|        1 |        141 |          1284.50 |      1284.50 |      1295.30 |                  5.00 |                    5.52 |   1109 |    77.2510 |
|        1 |        142 |          1284.50 |      1284.50 |      1323.50 |                  5.00 |                    5.00 |   1112 |    77.4200 |
|        1 |        143 |          1284.50 |      1284.50 |      1315.40 |                  5.00 |                    5.00 |   1112 |    77.5865 |
|        1 |        144 |          1284.50 |      1284.50 |      1313.70 |                  5.00 |                    5.00 |   1112 |    77.6814 |
|        1 |        145 |          1284.50 |      1284.50 |      1294.60 |                  6.41 |                    6.41 |   1112 |    77.8062 |
|        1 |        146 |          1284.50 |      1284.50 |      1294.60 |                  5.69 |                    5.15 |   1112 |    77.8842 |
|        1 |        147 |          1284.50 |      1284.50 |      1294.60 |                  6.04 |                    5.00 |   1112 |    77.9526 |
|        1 |        148 |          1284.50 |      1284.50 |      1294.60 |                  5.00 |                    5.00 |   1112 |    78.0184 |
|        1 |        149 |          1284.50 |      1284.50 |      1295.80 |                  6.04 |                    5.00 |   1112 |    78.1292 |
|        1 |        150 |          1284.50 |      1284.50 |      1294.60 |                  5.00 |                    5.00 |   1112 |    78.2084 |
|        1 |        151 |          1284.50 |      1284.50 |      1297.90 |                  5.00 |                    5.00 |   1113 |    78.3178 |
|        1 |        152 |          1284.50 |      1284.50 |      1302.40 |                  6.74 |                    5.00 |   1114 |    78.4776 |
|        1 |        153 |          1284.50 |      1284.50 |      1302.40 |                  5.00 |                    5.00 |   1114 |    78.5582 |
|        1 |        154 |          1284.50 |      1284.50 |      1302.40 |                  5.00 |                    5.09 |   1114 |    78.6951 |
|        1 |        155 |          1284.50 |      1284.50 |      1302.40 |                  5.00 |                    5.00 |   1114 |    78.8061 |
|        1 |        156 |          1284.50 |      1284.50 |      1302.40 |                  6.34 |                    5.03 |   1114 |    78.9460 |
|        1 |        157 |          1284.50 |      1284.50 |      1302.40 |                  5.00 |                    5.00 |   1114 |    79.0372 |
|        1 |        158 |          1284.50 |      1284.50 |      1302.40 |                  5.00 |                    5.00 |   1114 |    79.1158 |
|        1 |        159 |          1284.50 |      1284.50 |      1303.60 |                  5.00 |                    5.00 |   1114 |    79.2081 |
|        1 |        160 |          1284.50 |      1284.50 |      1303.60 |                  5.00 |                    5.00 |   1114 |    79.2762 |
|        1 |        161 |          1284.50 |      1284.50 |      1303.60 |                  5.00 |                    5.00 |   1114 |    79.3480 |
|        1 |        162 |          1284.50 |      1284.50 |      1299.10 |                  5.09 |                    5.00 |   1114 |    79.4772 |
|        1 |        163 |          1284.50 |      1284.50 |      1301.60 |                  5.00 |                    5.41 |   1116 |    79.5549 |
|        1 |        164 |          1284.50 |      1284.50 |      1293.10 |                  5.00 |                    5.00 |   1116 |    79.6262 |
|        1 |        165 |          1284.50 |      1284.50 |      1295.90 |                  5.00 |                    5.00 |   1116 |    79.7031 |
|        1 |        166 |          1284.50 |      1284.50 |      1295.90 |                  5.00 |                    6.80 |   1116 |    79.7680 |
|        1 |        167 |          1284.50 |      1284.50 |      1298.40 |                  5.00 |                    7.33 |   1116 |    79.8700 |
|        1 |        168 |          1284.50 |      1284.50 |      1309.70 |                  5.00 |                    5.35 |   1117 |    79.9763 |
------------------------------------------------------------------------------------------------------------------------------------------------
|  Restart |  Iteration |  Best Feas. Cost |    Best Cost |   Curr. Cost |   Penalty Custom Res. |   Penalty Standard Res. |   Pool |   Time (s) |
------------------------------------------------------------------------------------------------------------------------------------------------
|        1 |        169 |          1284.50 |      1284.50 |      1309.70 |                  5.00 |                    8.87 |   1117 |    80.0951 |
|        1 |        170 |          1284.50 |      1284.50 |      1303.40 |                  5.96 |                    5.98 |   1117 |    80.1841 |
|        1 |        171 |          1284.50 |      1284.50 |      1327.80 |                  5.00 |                    5.00 |   1117 |    80.4016 |
|        1 |        172 |          1284.50 |      1284.50 |      1327.80 |                  5.00 |                    5.00 |   1117 |    80.4936 |
|        1 |        173 |          1284.50 |      1284.50 |      1325.70 |                  5.00 |                    5.00 |   1117 |    80.6318 |
|        1 |        174 |          1284.50 |      1284.50 |      1325.70 |                  5.00 |                    6.86 |   1117 |    80.7238 |
|        1 |        175 |          1284.50 |      1284.50 |      1325.70 |                  5.00 |                    5.00 |   1117 |    80.8075 |
|        1 |        176 |          1284.50 |      1284.50 |      1327.00 |                  5.00 |                    5.00 |   1117 |    80.8786 |
|        1 |        177 |          1284.50 |      1284.50 |      1327.00 |                  5.00 |                    5.00 |   1117 |    81.0157 |
|        1 |        178 |          1284.50 |      1284.50 |      1326.40 |                  5.00 |                    5.00 |   1117 |    81.1383 |
|        1 |        179 |          1284.50 |      1284.50 |      1321.10 |                  6.04 |                    5.00 |   1117 |    81.3283 |
|        1 |        180 |          1284.50 |      1284.50 |      1312.10 |                  5.00 |                    5.00 |   1119 |    81.4214 |
|        1 |        181 |          1284.50 |      1284.50 |      1312.10 |                  5.00 |                    5.80 |   1119 |    81.4944 |
|        1 |        182 |          1284.50 |      1284.50 |      1327.90 |                  5.00 |                    5.00 |   1119 |    81.6115 |
|        1 |        183 |          1284.50 |      1284.50 |      1329.30 |                  5.00 |                    5.00 |   1119 |    81.7041 |
|        1 |        184 |          1284.50 |      1284.50 |      1298.10 |                  5.46 |                    5.00 |   1121 |    81.8690 |
|        1 |        185 |          1284.50 |      1284.50 |      1315.00 |                  5.52 |                    5.00 |   1122 |    81.9718 |
|        1 |        186 |          1284.50 |      1284.50 |      1349.90 |                  5.00 |                    5.00 |   1124 |    82.1024 |
|        1 |        187 |          1284.50 |      1284.50 |      1349.90 |                  5.00 |                    5.00 |   1124 |    82.1870 |
|        1 |        188 |          1284.50 |      1284.50 |      1350.00 |                  5.00 |                    5.00 |   1126 |    82.2593 |
|        1 |        189 |          1284.50 |      1284.50 |      1347.40 |                  5.00 |                    5.00 |   1128 |    82.3404 |
|        1 |        190 |          1284.50 |      1284.50 |      1347.40 |                  5.00 |                    5.00 |   1128 |    82.3975 |
|        1 |        191 |          1284.50 |      1284.50 |      1347.40 |                  5.00 |                    5.00 |   1128 |    82.4764 |
|        1 |        192 |          1284.50 |      1284.50 |      1328.20 |                  5.00 |                    5.00 |   1132 |    82.6638 |
|        1 |        193 |          1284.50 |      1284.50 |      1329.18 |                  5.00 |                    5.00 |   1132 |    82.7564 |
|        1 |        194 |          1284.50 |      1284.50 |      1316.93 |                  5.00 |                    5.16 |   1132 |    82.9861 |
|        1 |        195 |          1284.50 |      1284.50 |      1306.20 |                  5.09 |                    5.00 |   1132 |    83.1778 |
|        1 |        196 |          1284.50 |      1284.50 |      1306.20 |                  5.00 |                    5.00 |   1132 |    83.2727 |
|        1 |        197 |          1284.50 |      1284.50 |      1301.63 |                  7.43 |                    5.00 |   1132 |    83.3586 |
|        1 |        198 |          1284.50 |      1284.50 |      1302.20 |                  5.00 |                    5.00 |   1132 |    83.4671 |
|        1 |        199 |          1284.50 |      1284.50 |      1301.05 |                  7.07 |                    5.00 |   1132 |    83.5424 |
|        1 |        200 |          1284.50 |      1284.50 |      1306.70 |                  5.00 |                    5.00 |   1132 |    83.6429 |
|        1 |        201 |          1284.50 |      1284.50 |      1306.70 |                  8.31 |                    5.00 |   1132 |    83.7474 |
|        1 |        202 |          1284.50 |      1284.50 |      1306.70 |                  5.00 |                    5.00 |   1132 |    83.8513 |
|        1 |        203 |          1284.50 |      1284.50 |      1306.70 |                  5.00 |                    5.00 |   1132 |    83.9219 |
|        1 |        204 |          1284.50 |      1284.50 |      1306.70 |                  5.00 |                    5.00 |   1132 |    83.9855 |
|        1 |        205 |          1284.50 |      1284.50 |      1342.20 |                  5.00 |                    5.00 |   1133 |    84.0430 |
|        1 |        206 |          1284.50 |      1284.50 |      1342.20 |                  5.00 |                    5.00 |   1133 |    84.1494 |
|        1 |        207 |          1284.50 |      1284.50 |      1319.50 |                  5.00 |                    7.44 |   1135 |    84.2423 |
|        1 |        208 |          1284.50 |      1284.50 |      1304.30 |                  5.46 |                    5.00 |   1138 |    84.4517 |
|        1 |        209 |          1284.50 |      1284.50 |      1299.58 |                  5.00 |                    5.34 |   1140 |    84.5296 |
|        1 |        210 |          1284.50 |      1284.50 |      1300.93 |                  5.00 |                    5.00 |   1142 |    84.6191 |
|        1 |        211 |          1284.50 |      1284.50 |      1294.79 |                  5.00 |                    6.71 |   1143 |    84.7347 |
|        1 |        212 |          1284.50 |      1284.50 |      1317.40 |                  5.00 |                    5.69 |   1144 |    84.8424 |
|        1 |        213 |          1284.50 |      1284.50 |      1318.10 |                  5.00 |                    5.00 |   1145 |    84.9116 |
|        1 |        214 |          1284.50 |      1284.50 |      1302.12 |                  5.90 |                    5.90 |   1146 |    84.9967 |
|        1 |        215 |          1284.50 |      1284.50 |      1304.96 |                  6.84 |                    6.31 |   1147 |    85.0611 |
|        1 |        216 |          1284.50 |      1284.50 |      1288.45 |                  8.65 |                    8.65 |   1148 |    85.1448 |
|        1 |        217 |          1284.50 |      1284.50 |      1289.51 |                 16.04 |                   16.04 |   1148 |    85.2025 |
|        1 |        218 |          1284.50 |      1284.50 |      1287.30 |                  8.66 |                    8.49 |   1148 |    85.3201 |
|        1 |        219 |          1284.50 |      1284.50 |      1316.90 |                  9.25 |                    5.39 |   1152 |    85.4012 |
|        1 |        220 |          1284.50 |      1284.50 |      1316.90 |                  6.55 |                    5.00 |   1152 |    85.4831 |
|        1 |        221 |          1284.50 |      1284.50 |      1316.90 |                  5.00 |                    5.00 |   1152 |    85.5376 |
|        1 |        222 |          1284.50 |      1284.50 |      1314.90 |                  5.00 |                    5.00 |   1153 |    85.6068 |
|        1 |        223 |          1284.50 |      1284.50 |      1317.00 |                  5.00 |                    5.00 |   1156 |    85.6940 |
|        1 |        224 |          1284.50 |      1284.50 |      1315.00 |                  5.00 |                    5.00 |   1157 |    85.7755 |
|        1 |        225 |          1284.50 |      1284.50 |      1333.50 |                  5.00 |                    5.00 |   1157 |    85.8365 |
|        1 |        226 |          1284.50 |      1284.50 |      1337.40 |                  5.00 |                    5.00 |   1158 |    85.9233 |
|        1 |        227 |          1284.50 |      1284.50 |      1316.50 |                  5.00 |                    5.00 |   1160 |    86.0570 |
|        1 |        228 |          1284.50 |      1284.50 |      1347.20 |                  7.59 |                    5.00 |   1162 |    86.1091 |
|        1 |        229 |          1284.50 |      1284.50 |      1347.20 |                  5.00 |                    6.54 |   1162 |    86.1745 |
|        1 |        230 |          1284.50 |      1284.50 |      1351.10 |                  5.00 |                    5.00 |   1164 |    86.2376 |
|        1 |        231 |          1284.50 |      1284.50 |      1318.30 |                  5.00 |                    5.41 |   1164 |    86.3646 |
|        1 |        232 |          1284.50 |      1284.50 |      1318.30 |                  5.00 |                    5.00 |   1164 |    86.4497 |
|        1 |        233 |          1284.50 |      1284.50 |      1330.30 |                  5.20 |                    5.00 |   1167 |    86.5580 |
|        1 |        234 |          1284.50 |      1284.50 |      1301.80 |                  9.36 |                    5.00 |   1167 |    86.6550 |
|        1 |        235 |          1284.50 |      1284.50 |      1291.60 |                  5.00 |                    5.00 |   1167 |    86.7710 |
|        1 |        236 |          1284.50 |      1284.50 |      1292.60 |                  5.00 |                    5.00 |   1169 |    86.8378 |
|        1 |        237 |          1284.50 |      1284.50 |      1292.60 |                  5.00 |                    5.00 |   1169 |    86.8940 |
|        1 |        238 |          1284.50 |      1284.50 |      1292.60 |                  5.20 |                    5.00 |   1169 |    86.9571 |
|        1 |        239 |          1284.50 |      1284.50 |      1288.40 |                  5.00 |                    5.00 |   1170 |    87.0522 |
|        1 |          0 |          1280.80 |      1280.80 |      1280.80 |                  5.00 |                    5.00 |   1171 |    87.1532 |
|        1 |          1 |          1280.80 |      1280.80 |      1280.80 |                  5.00 |                    5.00 |   1171 |    87.2205 |
|        1 |          2 |          1280.80 |      1280.80 |      1280.80 |                  5.00 |                    7.44 |   1171 |    87.2818 |
|        1 |          3 |          1280.80 |      1280.80 |      1280.80 |                  5.00 |                    5.00 |   1171 |    87.3540 |
|        1 |          4 |          1280.80 |      1280.80 |      1280.80 |                  5.00 |                    5.00 |   1171 |    87.4238 |
|        1 |          5 |          1280.80 |      1272.90 |      1272.90 |                  5.00 |                    5.56 |   1171 |    87.5720 |
|        1 |          6 |          1280.80 |      1272.90 |      1293.40 |                  5.00 |                    5.00 |   1175 |    87.6446 |
|        1 |          7 |          1280.80 |      1272.90 |      1294.70 |                  5.00 |                    6.80 |   1176 |    87.7409 |
|        1 |          8 |          1280.80 |      1272.90 |      1295.90 |                  5.98 |                    5.00 |   1176 |    87.7874 |
|        1 |          9 |          1280.80 |      1272.90 |      1292.40 |                  5.00 |                    5.00 |   1177 |    87.8851 |
|        1 |         10 |          1280.80 |      1272.90 |      1308.10 |                  5.00 |                    5.00 |   1179 |    87.9857 |
|        1 |         11 |          1280.80 |      1272.90 |      1313.00 |                  5.00 |                    5.00 |   1179 |    88.0789 |
|        1 |         12 |          1280.80 |      1272.90 |      1323.20 |                  5.00 |                    5.00 |   1183 |    88.2023 |
|        1 |         13 |          1280.80 |      1272.90 |      1309.70 |                  6.04 |                    5.00 |   1186 |    88.2993 |
|        1 |         14 |          1280.80 |      1272.90 |      1306.90 |                  5.00 |                    5.00 |   1189 |    88.4628 |
|        1 |         15 |          1280.80 |      1272.90 |      1306.90 |                  5.00 |                    5.00 |   1189 |    88.5329 |
|        1 |         16 |          1280.80 |      1272.90 |      1306.90 |                  5.00 |                    5.00 |   1189 |    88.5980 |
|        1 |         17 |          1280.80 |      1272.90 |      1304.30 |                  5.00 |                    5.00 |   1190 |    88.6893 |
|        1 |         18 |          1280.80 |      1272.90 |      1304.30 |                  5.00 |                    7.08 |   1190 |    88.7548 |
|        1 |         19 |          1280.80 |      1272.90 |      1326.70 |                  5.52 |                    5.26 |   1191 |    88.8282 |
|        1 |         20 |          1280.80 |      1272.90 |      1322.70 |                  5.00 |                    5.00 |   1193 |    88.8995 |
|        1 |         21 |          1280.80 |      1272.90 |      1313.80 |                  5.00 |                    5.00 |   1196 |    88.9865 |
|        1 |         22 |          1280.80 |      1272.90 |      1314.10 |                  5.00 |                    5.00 |   1199 |    89.0596 |
|        1 |         23 |          1280.80 |      1272.90 |      1314.10 |                  5.00 |                    5.00 |   1199 |    89.1603 |
|        1 |         24 |          1280.80 |      1272.90 |      1313.90 |                  5.00 |                    5.58 |   1201 |    89.2280 |
|        1 |         25 |          1280.80 |      1272.90 |      1313.90 |                  5.00 |                    5.00 |   1201 |    89.3107 |
|        1 |         26 |          1280.80 |      1272.90 |      1327.80 |                  5.00 |                    5.00 |   1205 |    89.4023 |
|        1 |         27 |          1280.80 |      1272.90 |      1321.60 |                  5.00 |                    5.00 |   1207 |    89.4809 |
|        1 |         28 |          1280.80 |      1272.90 |      1318.50 |                  5.00 |                    6.22 |   1208 |    89.5707 |
|        1 |         29 |          1280.80 |      1272.90 |      1295.70 |                  5.00 |                    5.00 |   1211 |    89.6880 |
|        1 |         30 |          1280.80 |      1272.90 |      1317.57 |                 12.00 |                    5.00 |   1213 |    89.7772 |
|        1 |         31 |          1280.80 |      1272.90 |      1296.30 |                  8.35 |                    5.36 |   1214 |    89.8498 |
|        1 |         32 |          1280.80 |      1272.90 |      1293.80 |                  5.00 |                    5.00 |   1217 |    89.9453 |
|        1 |         33 |          1280.80 |      1272.90 |      1298.10 |                  5.00 |                    5.00 |   1221 |    90.0524 |
|        1 |         34 |          1280.80 |      1272.90 |      1298.10 |                  5.00 |                    5.00 |   1221 |    90.1119 |
|        1 |         35 |          1280.80 |      1272.90 |      1290.60 |                  5.00 |                    5.00 |   1222 |    90.1707 |
|        1 |         36 |          1280.80 |      1272.90 |      1291.16 |                  5.00 |                    5.00 |   1223 |    90.2423 |
|        1 |         37 |          1280.80 |      1272.90 |      1317.70 |                  6.81 |                    5.05 |   1227 |    90.3266 |
|        1 |         38 |          1280.80 |      1272.90 |      1309.90 |                  5.47 |                    5.00 |   1228 |    90.4006 |
|        1 |         39 |          1280.80 |      1272.90 |      1295.16 |                  5.00 |                   13.39 |   1229 |    90.5510 |
|        1 |         40 |          1280.80 |      1272.90 |      1322.02 |                  5.00 |                   27.96 |   1230 |    90.6240 |
|        1 |         41 |          1280.80 |      1272.90 |      1323.80 |                  5.80 |                   11.55 |   1231 |    90.7215 |
|        1 |         42 |          1280.80 |      1272.90 |      1295.70 |                  5.58 |                    5.00 |   1231 |    90.8221 |
|        1 |         43 |          1280.80 |      1272.90 |      1295.70 |                  5.00 |                    5.00 |   1231 |    90.8858 |
|        1 |         44 |          1280.80 |      1272.90 |      1295.70 |                  5.00 |                    5.00 |   1231 |    90.9435 |
|        1 |         45 |          1280.80 |      1272.90 |      1312.30 |                  5.63 |                    5.63 |   1233 |    91.0006 |
|        1 |         46 |          1280.80 |      1272.90 |      1335.50 |                  5.00 |                    5.00 |   1236 |    91.1178 |
|        1 |         47 |          1280.80 |      1272.90 |      1332.14 |                  5.00 |                   10.81 |   1236 |    91.3132 |
|        1 |         48 |          1280.80 |      1272.90 |      1341.90 |                  5.00 |                    5.09 |   1237 |    91.4252 |
|        1 |         49 |          1280.80 |      1272.90 |      1341.50 |                  5.00 |                    5.97 |   1237 |    91.5349 |
|        1 |         50 |          1280.80 |      1272.90 |      1338.11 |                  5.00 |                    5.31 |   1237 |    91.8176 |
|        1 |         51 |          1280.80 |      1272.90 |      1338.00 |                  5.00 |                    5.00 |   1237 |    92.0863 |
|        1 |         52 |          1280.80 |      1272.90 |      1335.50 |                  5.00 |                    5.00 |   1238 |    92.3895 |
|        1 |         53 |          1280.80 |      1272.90 |      1351.40 |                  5.00 |                    8.72 |   1241 |    92.5735 |
|        1 |         54 |          1280.80 |      1272.90 |      1330.60 |                  5.00 |                    9.96 |   1244 |    92.7604 |
|        1 |         55 |          1280.80 |      1272.90 |      1327.80 |                  5.26 |                    5.00 |   1247 |    92.9571 |
|        1 |         56 |          1280.80 |      1272.90 |      1328.80 |                  5.00 |                    7.82 |   1248 |    93.0670 |
|        1 |         57 |          1280.80 |      1272.90 |      1328.80 |                  5.00 |                    5.00 |   1248 |    93.1793 |
|        1 |         58 |          1280.80 |      1272.90 |      1332.50 |                  5.00 |                    5.00 |   1249 |    93.2698 |
|        1 |         59 |          1280.80 |      1272.90 |      1322.08 |                  5.07 |                    5.00 |   1252 |    93.4901 |
|        1 |         60 |          1280.80 |      1272.90 |      1321.83 |                  5.00 |                    5.00 |   1254 |    93.5964 |
|        1 |         61 |          1280.80 |      1272.90 |      1306.80 |                  5.63 |                    5.00 |   1257 |    93.6933 |
|        1 |         62 |          1280.80 |      1272.90 |      1312.85 |                  5.00 |                    5.00 |   1260 |    93.7926 |
|        1 |         63 |          1280.80 |      1272.90 |      1325.30 |                  5.00 |                    5.00 |   1265 |    93.8885 |
|        1 |         64 |          1280.80 |      1272.90 |      1313.50 |                  5.00 |                    5.00 |   1265 |    94.0004 |
|        1 |         65 |          1280.80 |      1272.90 |      1330.60 |                  5.00 |                    5.00 |   1267 |    94.0857 |
|        1 |         66 |          1280.80 |      1272.90 |      1330.60 |                  5.00 |                    5.00 |   1267 |    94.1458 |
|        1 |         67 |          1280.80 |      1272.90 |      1312.70 |                  5.52 |                    5.52 |   1267 |    94.3126 |
|        1 |         68 |          1280.80 |      1272.90 |      1322.20 |                  7.30 |                    6.20 |   1267 |    94.4028 |
|        1 |         69 |          1280.80 |      1272.90 |      1321.78 |                  5.00 |                   11.37 |   1269 |    94.4854 |
|        1 |         70 |          1280.80 |      1272.90 |      1310.00 |                  5.00 |                    5.00 |   1269 |    94.6434 |
|        1 |         71 |          1280.80 |      1272.90 |      1310.80 |                  6.54 |                    5.52 |   1269 |    94.7305 |
|        1 |         72 |          1280.80 |      1272.90 |      1311.00 |                  5.00 |                    5.00 |   1270 |    94.8711 |
|        1 |         73 |          1280.80 |      1272.90 |      1317.70 |                  5.00 |                    5.00 |   1271 |    95.0480 |
|        1 |         74 |          1280.80 |      1272.90 |      1317.70 |                  5.00 |                    5.00 |   1271 |    95.1326 |
|        1 |         75 |          1280.80 |      1272.90 |      1317.70 |                  5.25 |                    5.00 |   1271 |    95.2017 |
|        1 |         76 |          1280.80 |      1272.90 |      1319.00 |                  5.00 |                    5.00 |   1271 |    95.2666 |
|        1 |         77 |          1280.80 |      1272.90 |      1305.10 |                  5.00 |                    5.00 |   1271 |    95.4869 |
|        1 |         78 |          1280.80 |      1272.90 |      1307.40 |                  5.00 |                    5.00 |   1272 |    95.7621 |
|        1 |         79 |          1280.80 |      1272.90 |      1317.70 |                  5.00 |                    5.41 |   1272 |    95.8662 |
|        1 |         80 |          1280.80 |      1272.90 |      1325.00 |                  6.22 |                    5.00 |   1275 |    96.1442 |
|        1 |         81 |          1280.80 |      1272.90 |      1322.70 |                  5.00 |                    5.00 |   1276 |    96.2452 |
|        1 |         82 |          1280.80 |      1272.90 |      1322.50 |                  5.30 |                    5.15 |   1278 |    96.3866 |
|        1 |         83 |          1280.80 |      1272.90 |      1322.50 |                  5.00 |                    5.00 |   1278 |    96.5432 |
|        1 |         84 |          1280.80 |      1272.90 |      1322.50 |                  5.00 |                    5.00 |   1278 |    96.6444 |
|        1 |         85 |          1280.80 |      1272.90 |      1322.50 |                  5.00 |                    5.00 |   1278 |    96.7123 |
|        1 |         86 |          1280.80 |      1272.90 |      1323.70 |                  5.00 |                    5.00 |   1280 |    96.8695 |
|        1 |         87 |          1280.80 |      1272.90 |      1323.20 |                  5.00 |                    5.41 |   1280 |    97.0306 |
|        1 |         88 |          1280.80 |      1272.90 |      1330.20 |                  5.00 |                    5.00 |   1280 |    97.0930 |
|        1 |         89 |          1280.80 |      1272.90 |      1327.20 |                  5.00 |                    5.00 |   1281 |    97.1626 |
|        1 |         90 |          1280.80 |      1272.90 |      1327.20 |                  6.03 |                    8.56 |   1281 |    97.2502 |
|        1 |         91 |          1280.80 |      1272.90 |      1324.30 |                  5.00 |                    5.00 |   1282 |    97.3344 |
|        1 |         92 |          1280.80 |      1272.90 |      1339.60 |                  5.00 |                    5.00 |   1285 |    97.4497 |
|        1 |         93 |          1280.80 |      1272.90 |      1304.90 |                  5.00 |                    5.00 |   1287 |    97.5792 |
|        1 |         94 |          1280.80 |      1272.90 |      1318.50 |                  5.00 |                    5.00 |   1288 |    97.6340 |
|        1 |         95 |          1280.80 |      1272.90 |      1353.10 |                  5.00 |                    5.00 |   1291 |    97.7024 |
|        1 |         96 |          1280.80 |      1272.90 |      1316.80 |                  5.00 |                    5.00 |   1293 |    97.9654 |
|        1 |         97 |          1280.80 |      1272.90 |      1300.00 |                  5.00 |                    5.00 |   1294 |    98.1417 |
|        1 |         98 |          1280.80 |      1272.90 |      1296.20 |                  5.00 |                    5.00 |   1294 |    98.2842 |
|        1 |         99 |          1280.80 |      1272.90 |      1294.60 |                  5.51 |                    5.00 |   1294 |    98.3624 |
|        1 |        100 |          1280.80 |      1272.90 |      1295.80 |                  5.00 |                    5.00 |   1294 |    98.4427 |
|        1 |        101 |          1280.80 |      1272.90 |      1295.80 |                  5.00 |                    5.00 |   1294 |    98.5039 |
|        1 |        102 |          1280.80 |      1272.90 |      1295.80 |                  5.00 |                    5.00 |   1294 |    98.5794 |
|        1 |        103 |          1280.80 |      1272.90 |      1295.23 |                  5.03 |                    5.00 |   1294 |    98.6699 |
|        1 |        104 |          1280.80 |      1272.90 |      1294.20 |                  5.00 |                    5.00 |   1294 |    98.7519 |
|        1 |        105 |          1280.80 |      1272.90 |      1291.40 |                  5.00 |                    5.00 |   1294 |    98.8283 |
|        1 |        106 |          1280.80 |      1272.90 |      1291.40 |                  5.00 |                    5.00 |   1294 |    98.9032 |
|        1 |        107 |          1280.80 |      1272.90 |      1291.40 |                  5.00 |                    5.00 |   1294 |    98.9625 |
|        1 |        108 |          1280.80 |      1272.90 |      1293.10 |                  5.00 |                    5.00 |   1294 |    99.0193 |
|        1 |        109 |          1280.80 |      1272.90 |      1293.10 |                  5.00 |                    5.00 |   1294 |    99.0693 |
|        1 |        110 |          1280.80 |      1272.90 |      1291.40 |                  5.00 |                    5.00 |   1294 |    99.1172 |
|        1 |        111 |          1280.80 |      1272.90 |      1290.50 |                  5.00 |                    5.63 |   1294 |    99.2125 |
|        1 |        112 |          1280.80 |      1272.90 |      1294.20 |                  5.00 |                    5.00 |   1295 |    99.2859 |
|        1 |        113 |          1280.80 |      1272.90 |      1302.91 |                  5.00 |                    5.00 |   1296 |    99.3510 |
|        1 |        114 |          1280.80 |      1272.90 |      1306.80 |                  5.00 |                    5.00 |   1298 |    99.4475 |
|        1 |        115 |          1280.80 |      1272.90 |      1306.80 |                  5.00 |                    5.00 |   1298 |    99.5138 |
|        1 |        116 |          1280.80 |      1272.90 |      1297.80 |                  5.00 |                    5.00 |   1300 |    99.6486 |
|        1 |        117 |          1280.80 |      1272.90 |      1297.80 |                  5.00 |                    7.37 |   1300 |    99.7101 |
|        1 |        118 |          1280.80 |      1272.90 |      1323.20 |                  5.00 |                   10.02 |   1302 |    99.7718 |
|        1 |        119 |          1280.80 |      1272.90 |      1323.20 |                  5.00 |                    5.00 |   1302 |    99.8484 |
|        1 |        120 |          1280.80 |      1272.90 |      1315.80 |                  5.00 |                    5.00 |   1303 |    99.9727 |
------------------------------------------------------------------------------------------------------------------------------------------------
|  Restart |  Iteration |  Best Feas. Cost |    Best Cost |   Curr. Cost |   Penalty Custom Res. |   Penalty Standard Res. |   Pool |   Time (s) |
------------------------------------------------------------------------------------------------------------------------------------------------
|        1 |        121 |          1280.80 |      1272.90 |      1318.18 |                  6.99 |                    5.15 |   1303 |   100.1750 |
|        1 |        122 |          1280.80 |      1272.90 |      1317.10 |                  5.88 |                    5.00 |   1303 |   100.2572 |
|        1 |        123 |          1280.80 |      1272.90 |      1341.60 |                  5.00 |                    5.00 |   1304 |   100.3596 |
|        1 |        124 |          1280.80 |      1272.90 |      1325.12 |                  5.00 |                    6.39 |   1307 |   100.5548 |
|        1 |        125 |          1280.80 |      1272.90 |      1312.85 |                  5.52 |                    5.53 |   1307 |   100.6666 |
|        1 |        126 |          1280.80 |      1272.90 |      1310.19 |                  5.14 |                   13.02 |   1310 |   100.7878 |
|        1 |        127 |          1280.80 |      1272.90 |      1312.54 |                  5.28 |                   21.20 |   1310 |   100.8506 |
|        1 |        128 |          1280.80 |      1272.90 |      1316.95 |                  5.00 |                   22.67 |   1310 |   100.9276 |
|        1 |        129 |          1280.80 |      1272.90 |      1316.55 |                  5.00 |                   23.53 |   1310 |   100.9934 |
|        1 |        130 |          1280.80 |      1272.90 |      1303.80 |                  5.00 |                    6.23 |   1313 |   101.1856 |
|        1 |        131 |          1280.80 |      1272.90 |      1303.50 |                  5.00 |                    5.00 |   1316 |   101.2767 |
|        1 |        132 |          1280.80 |      1272.90 |      1322.30 |                  5.00 |                    5.00 |   1317 |   101.3665 |
|        1 |        133 |          1280.80 |      1272.90 |      1338.80 |                  5.00 |                    5.00 |   1317 |   101.4496 |
|        1 |        134 |          1280.80 |      1272.90 |      1328.50 |                  5.00 |                    5.00 |   1318 |   101.5726 |
|        1 |        135 |          1280.80 |      1272.90 |      1338.83 |                  8.14 |                    9.36 |   1322 |   101.6399 |
|        1 |        136 |          1280.80 |      1272.90 |      1334.80 |                  5.00 |                    5.26 |   1325 |   101.8034 |
|        1 |        137 |          1280.80 |      1272.90 |      1326.37 |                  5.00 |                   10.97 |   1327 |   101.8987 |
|        1 |        138 |          1280.80 |      1272.90 |      1341.10 |                  6.54 |                    6.54 |   1332 |   102.0316 |
|        1 |        139 |          1280.80 |      1272.90 |      1334.35 |                 11.28 |                    5.00 |   1333 |   102.1402 |
|        1 |        140 |          1280.80 |      1272.90 |      1327.40 |                  7.39 |                    5.00 |   1333 |   102.2063 |
|        1 |        141 |          1280.80 |      1272.90 |      1343.10 |                  5.00 |                    5.00 |   1333 |   102.2767 |
|        1 |        142 |          1280.80 |      1272.90 |      1341.00 |                  5.00 |                    5.86 |   1334 |   102.3460 |
|        1 |        143 |          1280.80 |      1272.90 |      1334.10 |                  5.00 |                    5.00 |   1334 |   102.4424 |
|        1 |        144 |          1280.80 |      1272.90 |      1334.10 |                  5.00 |                    5.00 |   1334 |   102.5243 |
|        1 |        145 |          1280.80 |      1272.90 |      1325.20 |                  5.00 |                    5.00 |   1334 |   102.7607 |
|        1 |        146 |          1280.80 |      1272.90 |      1343.61 |                  5.52 |                    6.80 |   1335 |   102.8399 |
|        1 |        147 |          1280.80 |      1272.90 |      1312.22 |                  5.75 |                    5.00 |   1335 |   102.9669 |
|        1 |        148 |          1280.80 |      1272.90 |      1313.91 |                  5.00 |                    5.00 |   1335 |   103.0610 |
|        1 |        149 |          1280.80 |      1272.90 |      1337.53 |                  5.29 |                    5.00 |   1335 |   103.1517 |
|        1 |        150 |          1280.80 |      1272.90 |      1316.00 |                  5.00 |                    5.26 |   1336 |   103.2907 |
|        1 |        151 |          1280.80 |      1272.90 |      1305.30 |                  5.00 |                    7.59 |   1336 |   103.4016 |
|        1 |        152 |          1280.80 |      1272.90 |      1302.90 |                  5.00 |                    5.00 |   1336 |   103.5043 |
|        1 |        153 |          1280.80 |      1272.90 |      1309.70 |                  7.75 |                    5.20 |   1340 |   103.5818 |
|        1 |        154 |          1280.80 |      1272.90 |      1308.80 |                  5.00 |                    5.00 |   1340 |   103.6976 |
|        1 |        155 |          1280.80 |      1272.90 |      1308.20 |                  5.00 |                    5.00 |   1341 |   103.7489 |
|        1 |        156 |          1280.80 |      1272.90 |      1308.20 |                  5.00 |                    5.00 |   1341 |   103.7933 |
|        1 |        157 |          1280.80 |      1272.90 |      1308.20 |                  5.00 |                    5.00 |   1341 |   103.8458 |
|        1 |        158 |          1280.80 |      1272.90 |      1308.20 |                  5.00 |                    5.00 |   1341 |   103.9360 |
|        1 |        159 |          1280.80 |      1272.90 |      1309.75 |                  5.00 |                    5.00 |   1341 |   104.0263 |
|        1 |        160 |          1280.80 |      1272.90 |      1302.26 |                 10.65 |                    5.00 |   1343 |   104.1282 |
|        1 |        161 |          1280.80 |      1272.90 |      1310.30 |                  5.89 |                    5.00 |   1346 |   104.1843 |
|        1 |        162 |          1280.80 |      1272.90 |      1307.95 |                  6.14 |                    6.08 |   1347 |   104.2900 |
|        1 |        163 |          1280.80 |      1272.90 |      1308.48 |                 10.73 |                    5.10 |   1347 |   104.3561 |
|        1 |        164 |          1280.80 |      1272.90 |      1311.74 |                  6.48 |                    5.26 |   1347 |   104.4291 |
|        1 |        165 |          1280.80 |      1272.90 |      1324.01 |                  8.63 |                    5.00 |   1350 |   104.4938 |
|        1 |        166 |          1280.80 |      1272.90 |      1326.08 |                  6.13 |                    5.00 |   1352 |   104.5427 |
|        1 |        167 |          1280.80 |      1272.90 |      1328.80 |                  5.00 |                    5.34 |   1354 |   104.6678 |
|        1 |        168 |          1280.80 |      1272.90 |      1331.50 |                  5.00 |                    5.00 |   1356 |   104.7507 |
|        1 |        169 |          1280.80 |      1272.90 |      1323.70 |                  6.67 |                    5.41 |   1356 |   104.8935 |
|        1 |        170 |          1280.80 |      1272.90 |      1324.00 |                  5.00 |                    5.00 |   1356 |   104.9782 |
|        1 |        171 |          1280.80 |      1272.90 |      1324.00 |                  5.00 |                    5.00 |   1356 |   105.0329 |
|        1 |        172 |          1280.80 |      1272.90 |      1324.00 |                  5.00 |                    8.55 |   1356 |   105.1425 |
|        1 |        173 |          1280.80 |      1272.90 |      1328.40 |                  5.00 |                    5.00 |   1356 |   105.2294 |
|        1 |        174 |          1280.80 |      1272.90 |      1328.40 |                  5.00 |                    5.00 |   1356 |   105.2902 |
|        1 |        175 |          1280.80 |      1272.90 |      1328.40 |                  5.00 |                    5.00 |   1356 |   105.3697 |
|        1 |        176 |          1280.80 |      1272.90 |      1320.40 |                  5.00 |                    5.00 |   1356 |   105.4961 |
|        1 |        177 |          1280.80 |      1272.90 |      1297.60 |                  5.00 |                    5.00 |   1357 |   105.6276 |
|        1 |        178 |          1280.80 |      1272.90 |      1298.80 |                  5.00 |                    5.00 |   1357 |   105.6984 |
|        1 |        179 |          1280.80 |      1272.90 |      1295.90 |                  5.00 |                    5.00 |   1357 |   105.7607 |
|        1 |        180 |          1280.80 |      1272.90 |      1295.90 |                  5.00 |                    5.00 |   1357 |   105.8106 |
|        1 |        181 |          1280.80 |      1272.90 |      1292.60 |                  5.00 |                    5.00 |   1357 |   105.8816 |
|        1 |        182 |          1280.80 |      1272.90 |      1295.90 |                  5.00 |                    5.00 |   1357 |   105.9578 |
|        1 |        183 |          1280.80 |      1272.90 |      1304.10 |                  5.00 |                    6.53 |   1357 |   106.0699 |
|        1 |        184 |          1280.80 |      1272.90 |      1309.30 |                  6.53 |                    5.00 |   1357 |   106.1461 |
|        1 |        185 |          1280.80 |      1272.90 |      1309.30 |                  5.00 |                    5.00 |   1357 |   106.2239 |
|        1 |        186 |          1280.80 |      1272.90 |      1325.66 |                  5.00 |                    5.00 |   1357 |   106.3064 |
|        1 |        187 |          1280.80 |      1272.90 |      1325.93 |                  6.15 |                    5.00 |   1357 |   106.3868 |
|        1 |        188 |          1280.80 |      1272.90 |      1326.57 |                  6.97 |                    5.00 |   1357 |   106.4723 |
|        1 |        189 |          1280.80 |      1272.90 |      1327.40 |                  6.54 |                    5.00 |   1357 |   106.5495 |
|        1 |        190 |          1280.80 |      1272.90 |      1338.50 |                  5.00 |                    5.00 |   1361 |   106.6813 |
|        1 |        191 |          1280.80 |      1272.90 |      1305.70 |                  5.00 |                    5.00 |   1364 |   106.8277 |
|        1 |        192 |          1280.80 |      1272.90 |      1304.50 |                  5.00 |                    6.61 |   1364 |   106.8936 |
|        1 |        193 |          1280.80 |      1272.90 |      1304.50 |                  5.00 |                    5.00 |   1364 |   106.9972 |
|        1 |        194 |          1280.80 |      1272.90 |      1304.80 |                  5.00 |                    5.00 |   1367 |   107.1622 |
|        1 |        195 |          1280.80 |      1272.90 |      1301.80 |                  5.00 |                    5.00 |   1367 |   107.2801 |
|        1 |        196 |          1280.80 |      1272.90 |      1321.00 |                  5.00 |                    5.00 |   1367 |   107.3840 |
|        1 |        197 |          1280.80 |      1272.90 |      1321.00 |                  5.00 |                    5.80 |   1367 |   107.4805 |
|        1 |        198 |          1280.80 |      1272.90 |      1309.78 |                  5.00 |                    6.27 |   1369 |   107.6789 |
|        1 |        199 |          1280.80 |      1272.90 |      1315.47 |                  5.00 |                    8.76 |   1371 |   107.7812 |
|        1 |        200 |          1280.80 |      1272.90 |      1295.87 |                  5.00 |                    6.94 |   1375 |   107.8599 |
|        1 |        201 |          1280.80 |      1272.90 |      1315.21 |                  5.00 |                   10.73 |   1377 |   107.9288 |
|        1 |        202 |          1280.80 |      1272.90 |      1315.20 |                  5.00 |                    5.00 |   1378 |   108.0772 |
|        1 |        203 |          1280.80 |      1272.90 |      1308.80 |                  5.00 |                    5.00 |   1379 |   108.1904 |
|        1 |        204 |          1280.80 |      1272.90 |      1308.20 |                  6.87 |                    5.00 |   1380 |   108.3463 |
|        1 |        205 |          1280.80 |      1272.90 |      1312.80 |                  5.00 |                    5.00 |   1380 |   108.4115 |
|        1 |        206 |          1280.80 |      1272.90 |      1312.80 |                  5.00 |                    5.00 |   1380 |   108.4748 |
|        1 |        207 |          1280.80 |      1272.90 |      1316.20 |                  5.00 |                    5.00 |   1382 |   108.5635 |
|        1 |        208 |          1280.80 |      1272.90 |      1295.60 |                  5.14 |                    8.47 |   1383 |   108.7481 |
|        1 |        209 |          1280.80 |      1272.90 |      1295.60 |                  5.00 |                    5.00 |   1383 |   108.8262 |
|        1 |        210 |          1280.80 |      1272.90 |      1298.00 |                  5.00 |                    5.00 |   1384 |   108.8970 |
|        1 |        211 |          1280.80 |      1272.90 |      1299.20 |                  5.00 |                    5.00 |   1384 |   108.9718 |
|        1 |        212 |          1280.80 |      1272.90 |      1291.06 |                  6.85 |                    5.00 |   1386 |   109.2444 |
|        1 |        213 |          1280.80 |      1272.90 |      1292.12 |                  5.32 |                    5.00 |   1386 |   109.3570 |
|        1 |        214 |          1280.80 |      1272.90 |      1289.70 |                  6.85 |                    5.00 |   1389 |   109.5218 |
|        1 |        215 |          1280.80 |      1272.90 |      1289.42 |                  5.00 |                    5.00 |   1389 |   109.6288 |
|        1 |        216 |          1280.80 |      1272.90 |      1287.85 |                  6.66 |                    5.00 |   1389 |   109.7043 |
|        1 |        217 |          1280.80 |      1272.90 |      1288.60 |                  5.00 |                    5.00 |   1391 |   109.8622 |
|        1 |        218 |          1280.80 |      1272.90 |      1288.60 |                  5.00 |                    5.00 |   1391 |   109.9280 |
|        1 |        219 |          1280.80 |      1272.90 |      1288.60 |                  6.04 |                    5.00 |   1391 |   109.9999 |
|        1 |        220 |          1280.80 |      1272.90 |      1295.10 |                  5.00 |                    6.28 |   1393 |   110.1436 |
|        1 |        221 |          1280.80 |      1272.90 |      1290.76 |                  7.44 |                    6.67 |   1396 |   110.2500 |
|        1 |        222 |          1280.80 |      1272.90 |      1301.83 |                  5.00 |                    5.00 |   1400 |   110.3656 |
|        1 |        223 |          1280.80 |      1272.90 |      1302.25 |                  5.00 |                    6.52 |   1403 |   110.4694 |
|        1 |        224 |          1280.80 |      1272.90 |      1303.23 |                  5.00 |                    6.49 |   1403 |   110.5650 |
|        1 |        225 |          1280.80 |      1272.90 |      1313.71 |                  7.08 |                    5.41 |   1404 |   110.6601 |
|        1 |        226 |          1280.80 |      1272.90 |      1312.98 |                  5.00 |                    7.34 |   1404 |   110.7639 |
|        1 |        227 |          1280.80 |      1272.90 |      1312.86 |                  5.00 |                    7.38 |   1404 |   110.8607 |
|        1 |        228 |          1280.80 |      1272.90 |      1313.70 |                  5.00 |                    6.39 |   1404 |   110.9374 |
|        1 |        229 |          1280.80 |      1272.90 |      1309.25 |                  5.00 |                    5.00 |   1405 |   111.0014 |
|        1 |        230 |          1280.80 |      1272.90 |      1302.82 |                  5.51 |                    5.00 |   1407 |   111.0583 |
|        1 |        231 |          1280.80 |      1272.90 |      1314.50 |                  5.00 |                    5.00 |   1407 |   111.1627 |
|        1 |        232 |          1280.80 |      1272.90 |      1313.90 |                  5.00 |                    5.00 |   1408 |   111.2231 |
|        1 |        233 |          1280.80 |      1272.90 |      1317.60 |                  5.00 |                    5.00 |   1410 |   111.3005 |
|        1 |        234 |          1280.80 |      1272.90 |      1315.60 |                  5.00 |                    5.41 |   1410 |   111.3820 |
|        1 |        235 |          1280.80 |      1272.90 |      1324.60 |                  5.00 |                    5.00 |   1410 |   111.4543 |
|        1 |        236 |          1280.80 |      1272.90 |      1339.00 |                  5.00 |                    5.00 |   1411 |   111.5229 |
|        1 |        237 |          1280.80 |      1272.90 |      1339.00 |                  5.00 |                    5.00 |   1411 |   111.5958 |
|        1 |        238 |          1280.80 |      1272.90 |      1339.00 |                  5.00 |                    5.00 |   1411 |   111.6521 |
|        1 |        239 |          1280.80 |      1272.90 |      1336.80 |                  5.00 |                    5.00 |   1411 |   111.7387 |
|        1 |        240 |          1280.80 |      1272.90 |      1323.10 |                  5.00 |                    5.00 |   1413 |   111.8628 |
|        1 |        241 |          1280.80 |      1272.90 |      1313.80 |                  5.00 |                    5.00 |   1413 |   111.9330 |
|        1 |        242 |          1280.80 |      1272.90 |      1310.50 |                  5.41 |                    5.41 |   1414 |   111.9915 |
|        1 |        243 |          1280.80 |      1272.90 |      1285.50 |                  5.00 |                    5.00 |   1415 |   112.1413 |
|        1 |        244 |          1280.80 |      1272.90 |      1285.50 |                  7.00 |                    7.15 |   1415 |   112.2090 |
|        1 |        245 |          1280.80 |      1272.90 |      1288.03 |                 12.22 |                    5.00 |   1415 |   112.2727 |
|        1 |        246 |          1280.80 |      1272.90 |      1293.60 |                 15.00 |                    5.00 |   1417 |   112.3712 |
|        1 |        247 |          1280.80 |      1272.90 |      1295.40 |                  7.88 |                    5.31 |   1417 |   112.4261 |
|        1 |        248 |          1280.80 |      1272.90 |      1307.50 |                  5.00 |                    5.00 |   1419 |   112.5099 |
|        1 |        249 |          1280.80 |      1272.90 |      1307.50 |                  5.00 |                    7.01 |   1419 |   112.5862 |
|        1 |        250 |          1280.80 |      1272.90 |      1307.50 |                  6.22 |                    6.26 |   1419 |   112.6414 |
|        1 |        251 |          1280.80 |      1272.90 |      1306.10 |                  5.00 |                    5.00 |   1420 |   112.7659 |
|        1 |        252 |          1280.80 |      1272.90 |      1306.10 |                  5.00 |                    5.00 |   1420 |   112.8377 |
|        1 |        253 |          1280.80 |      1272.90 |      1306.10 |                  5.00 |                    5.00 |   1420 |   112.9000 |
|        1 |        254 |          1280.80 |      1272.90 |      1306.10 |                  5.00 |                    6.35 |   1420 |   112.9588 |
|        1 |        255 |          1280.80 |      1272.90 |      1306.10 |                  5.00 |                    7.59 |   1420 |   113.0332 |
|        1 |        256 |          1280.80 |      1272.90 |      1306.10 |                  5.00 |                    5.00 |   1420 |   113.1042 |
|        1 |        257 |          1280.80 |      1272.90 |      1311.00 |                  5.00 |                    5.00 |   1420 |   113.1735 |
|        1 |        258 |          1280.80 |      1272.90 |      1311.00 |                  5.00 |                    5.00 |   1420 |   113.2277 |
|        1 |        259 |          1280.80 |      1272.90 |      1304.60 |                  6.26 |                    6.29 |   1422 |   113.3662 |
|        1 |        260 |          1280.80 |      1272.90 |      1305.38 |                  7.85 |                    7.08 |   1422 |   113.4333 |
|        1 |        261 |          1280.80 |      1272.90 |      1306.81 |                  6.60 |                    5.00 |   1422 |   113.4936 |
|        1 |        262 |          1280.80 |      1272.90 |      1346.21 |                  7.50 |                    5.00 |   1425 |   113.5529 |
|        1 |        263 |          1280.80 |      1272.90 |      1346.70 |                  5.53 |                    5.00 |   1425 |   113.6163 |
|        1 |        264 |          1280.80 |      1272.90 |      1299.62 |                  5.00 |                    5.00 |   1427 |   113.6960 |
|        1 |        265 |          1280.80 |      1272.90 |      1295.00 |                  8.39 |                    5.47 |   1427 |   113.7472 |
|        1 |        266 |          1280.80 |      1272.90 |      1297.10 |                  5.71 |                    5.00 |   1427 |   113.8219 |
|        1 |        267 |          1280.80 |      1272.90 |      1296.20 |                  5.00 |                    7.51 |   1427 |   113.9462 |
|        1 |        268 |          1280.80 |      1272.90 |      1296.20 |                  5.00 |                    5.00 |   1427 |   114.0110 |
|        1 |        269 |          1280.80 |      1272.90 |      1296.70 |                  5.00 |                    5.00 |   1427 |   114.0634 |
|        1 |        270 |          1280.80 |      1272.90 |      1296.70 |                  6.34 |                    5.00 |   1427 |   114.1459 |
|        1 |        271 |          1280.80 |      1272.90 |      1296.70 |                  5.84 |                    5.00 |   1427 |   114.2055 |
|        1 |        272 |          1280.80 |      1272.90 |      1299.70 |                  5.00 |                    5.00 |   1427 |   114.2632 |
|        1 |        273 |          1280.80 |      1272.90 |      1287.60 |                  6.48 |                    5.00 |   1428 |   114.3954 |
|        1 |        274 |          1280.80 |      1272.90 |      1285.70 |                  5.47 |                    5.00 |   1428 |   114.4678 |
|        1 |        275 |          1280.80 |      1272.90 |      1285.70 |                  5.00 |                    5.00 |   1428 |   114.5317 |
|        1 |        276 |          1280.80 |      1272.90 |      1285.70 |                  5.00 |                    5.00 |   1428 |   114.5957 |
|        1 |        277 |          1280.80 |      1272.90 |      1286.70 |                  5.00 |                    5.00 |   1428 |   114.6912 |
|        1 |        278 |          1280.80 |      1272.90 |      1286.70 |                  5.00 |                    5.00 |   1428 |   114.7673 |
|        1 |        279 |          1280.80 |      1272.90 |      1295.60 |                  5.00 |                    5.00 |   1428 |   114.8508 |
|        1 |        280 |          1280.80 |      1272.90 |      1295.60 |                  5.00 |                    7.22 |   1428 |   114.9093 |
|        1 |        281 |          1280.80 |      1272.90 |      1323.10 |                  5.00 |                    5.26 |   1430 |   114.9799 |
|        1 |        282 |          1280.80 |      1272.90 |      1323.10 |                  5.00 |                    5.00 |   1430 |   115.0492 |
|        1 |        283 |          1280.80 |      1272.90 |      1323.10 |                  5.00 |                    5.00 |   1430 |   115.1342 |
|        1 |        284 |          1280.80 |      1272.90 |      1301.40 |                  6.67 |                    6.79 |   1430 |   115.2600 |
|        1 |        285 |          1280.80 |      1272.90 |      1300.96 |                  5.58 |                    5.00 |   1430 |   115.3673 |
|        1 |        286 |          1280.80 |      1272.90 |      1299.05 |                  8.63 |                    5.00 |   1430 |   115.4752 |
|        1 |        287 |          1280.80 |      1272.90 |      1291.90 |                  5.00 |                    5.00 |   1430 |   115.5783 |
|        1 |        288 |          1280.80 |      1272.90 |      1291.90 |                  5.47 |                    5.58 |   1430 |   115.6411 |
|        1 |        289 |          1280.80 |      1272.90 |      1318.80 |                  5.63 |                    5.00 |   1430 |   115.7527 |
|        1 |        290 |          1280.80 |      1272.90 |      1316.90 |                  5.00 |                    5.00 |   1431 |   115.8721 |
|        1 |        291 |          1280.80 |      1272.90 |      1299.10 |                  5.00 |                    5.00 |   1431 |   116.0468 |
|        1 |        292 |          1280.80 |      1272.90 |      1296.00 |                  5.85 |                    5.00 |   1431 |   116.1500 |
|        1 |        293 |          1280.80 |      1272.90 |      1296.00 |                  5.00 |                    5.00 |   1431 |   116.2206 |
|        1 |        294 |          1280.80 |      1272.90 |      1296.00 |                  5.00 |                    6.74 |   1431 |   116.2806 |
|        1 |        295 |          1280.80 |      1272.90 |      1293.90 |                  5.00 |                    5.00 |   1431 |   116.3503 |
|        1 |        296 |          1280.80 |      1272.90 |      1293.90 |                  5.00 |                    5.00 |   1431 |   116.4402 |
|        1 |        297 |          1280.80 |      1272.90 |      1294.26 |                  6.79 |                    5.98 |   1431 |   116.6084 |
|        1 |        298 |          1280.80 |      1272.90 |      1293.04 |                 13.22 |                    5.10 |   1431 |   116.6986 |
|        1 |        299 |          1280.80 |      1272.90 |      1297.20 |                  6.47 |                    5.00 |   1431 |   116.8224 |
|        1 |        300 |          1280.80 |      1272.90 |      1297.20 |                  5.00 |                    5.00 |   1431 |   116.9200 |
|        1 |        301 |          1280.80 |      1272.90 |      1295.80 |                  5.00 |                    5.00 |   1432 |   117.0307 |
|        1 |        302 |          1280.80 |      1272.90 |      1296.60 |                  5.26 |                    5.15 |   1432 |   117.1605 |
|        1 |        303 |          1280.80 |      1272.90 |      1296.60 |                  5.00 |                    5.00 |   1432 |   117.2403 |
|        1 |        304 |          1280.80 |      1272.90 |      1298.30 |                  5.00 |                    5.00 |   1432 |   117.3030 |
|        1 |        305 |          1280.80 |      1272.90 |      1298.30 |                  5.80 |                    5.00 |   1432 |   117.3969 |
|        1 |        306 |          1280.80 |      1272.90 |      1298.30 |                  5.00 |                    6.15 |   1432 |   117.4580 |
|        1 |        307 |          1280.80 |      1272.90 |      1298.30 |                  5.00 |                    5.00 |   1432 |   117.5332 |
|        1 |        308 |          1280.80 |      1272.90 |      1313.00 |                  5.75 |                    5.00 |   1433 |   117.7629 |
|        1 |        309 |          1280.80 |      1272.90 |      1313.00 |                  5.00 |                    5.75 |   1433 |   117.8229 |
|        1 |        310 |          1280.80 |      1272.90 |      1328.00 |                  6.87 |                    7.98 |   1437 |   117.9014 |
|        1 |        311 |          1280.80 |      1272.90 |      1323.36 |                 10.34 |                    5.00 |   1441 |   118.0037 |
|        1 |        312 |          1280.80 |      1272.90 |      1325.13 |                  7.33 |                   10.03 |   1442 |   118.0718 |
|        1 |        313 |          1280.80 |      1272.90 |      1319.20 |                  5.00 |                    7.93 |   1443 |   118.1905 |
|        1 |        314 |          1280.80 |      1272.90 |      1319.20 |                  5.00 |                    5.00 |   1443 |   118.2496 |
|        1 |        315 |          1280.80 |      1272.90 |      1316.38 |                 14.79 |                    5.15 |   1444 |   118.4028 |
|        1 |        316 |          1280.80 |      1272.90 |      1324.54 |                 28.81 |                    5.00 |   1444 |   118.4709 |
|        1 |        317 |          1280.80 |      1272.90 |      1319.45 |                 13.14 |                    6.99 |   1445 |   118.5673 |
|        1 |        318 |          1280.80 |      1272.90 |      1320.80 |                  6.12 |                    6.69 |   1445 |   118.6510 |
|        1 |        319 |          1280.80 |      1272.90 |      1310.60 |                  5.00 |                    5.00 |   1446 |   118.8090 |
|        1 |        320 |          1280.80 |      1272.90 |      1310.10 |                  5.00 |                    5.05 |   1446 |   118.8759 |
|        1 |        321 |          1280.80 |      1272.90 |      1310.10 |                  5.00 |                    5.00 |   1446 |   118.9227 |
|        1 |        322 |          1280.80 |      1272.90 |      1310.10 |                  5.00 |                    7.08 |   1446 |   118.9762 |
|        1 |        323 |          1280.80 |      1272.90 |      1311.70 |                  5.00 |                    7.15 |   1449 |   119.0656 |
|        1 |        324 |          1280.80 |      1272.90 |      1327.90 |                  5.00 |                    5.00 |   1451 |   119.1192 |
|        1 |        325 |          1280.80 |      1272.90 |      1327.90 |                  5.00 |                    5.00 |   1451 |   119.2073 |
|        1 |        326 |          1280.80 |      1272.90 |      1324.60 |                  5.00 |                    5.00 |   1452 |   119.2945 |
|        1 |        327 |          1280.80 |      1272.90 |      1323.30 |                  5.00 |                    5.00 |   1452 |   119.3633 |
|        1 |        328 |          1280.80 |      1272.90 |      1323.30 |                  5.00 |                    5.00 |   1452 |   119.4310 |
|        1 |        329 |          1280.80 |      1272.90 |      1323.30 |                  5.00 |                    5.00 |   1452 |   119.4850 |
|        1 |        330 |          1280.80 |      1272.90 |      1304.09 |                  5.00 |                    5.29 |   1453 |   119.6340 |
|        1 |        331 |          1280.80 |      1272.90 |      1304.24 |                  5.00 |                    5.16 |   1453 |   119.6993 |
|        1 |        332 |          1280.80 |      1272.90 |      1303.12 |                  5.00 |                    8.49 |   1453 |   119.7421 |
|        1 |        333 |          1280.80 |      1272.90 |      1286.89 |                  5.00 |                   19.50 |   1453 |   119.9030 |
------------------------------------------------------------------------------------------------------------------------------------------------
|  Restart |  Iteration |  Best Feas. Cost |    Best Cost |   Curr. Cost |   Penalty Custom Res. |   Penalty Standard Res. |   Pool |   Time (s) |
------------------------------------------------------------------------------------------------------------------------------------------------
|        1 |        334 |          1280.80 |      1272.90 |      1312.30 |                  5.00 |                   11.88 |   1453 |   120.0046 |
|        1 |        335 |          1280.80 |      1272.90 |      1327.00 |                  5.00 |                    5.32 |   1454 |   120.0819 |
|        1 |        336 |          1280.80 |      1272.90 |      1323.90 |                  5.92 |                    5.00 |   1455 |   120.1652 |
|        1 |        337 |          1280.80 |      1272.90 |      1325.00 |                  5.00 |                    5.00 |   1455 |   120.2345 |
|        1 |        338 |          1280.80 |      1272.90 |      1310.40 |                  5.00 |                    5.00 |   1456 |   120.3641 |
|        1 |        339 |          1280.80 |      1272.90 |      1310.40 |                  5.00 |                    7.01 |   1456 |   120.4459 |
|        1 |        340 |          1280.80 |      1272.90 |      1310.20 |                  5.00 |                    5.00 |   1456 |   120.5529 |
|        1 |        341 |          1280.80 |      1272.90 |      1308.10 |                  5.00 |                    5.00 |   1456 |   120.6893 |
|        1 |        342 |          1280.80 |      1272.90 |      1308.10 |                  5.00 |                    5.00 |   1456 |   120.7511 |
|        1 |        343 |          1280.80 |      1272.90 |      1313.40 |                  5.00 |                    5.00 |   1456 |   120.8180 |
|        1 |        344 |          1280.80 |      1272.90 |      1312.40 |                  5.00 |                    5.00 |   1456 |   120.8944 |
|        1 |        345 |          1280.80 |      1272.90 |      1314.27 |                  5.00 |                    5.00 |   1456 |   120.9832 |
|        1 |        346 |          1280.80 |      1272.90 |      1320.30 |                  5.00 |                    5.00 |   1457 |   121.1531 |
|        1 |        347 |          1280.80 |      1272.90 |      1311.60 |                  5.00 |                    5.00 |   1457 |   121.2623 |
|        1 |        348 |          1280.80 |      1272.90 |      1309.40 |                  5.00 |                    5.00 |   1458 |   121.4257 |
|        1 |        349 |          1280.80 |      1272.90 |      1313.30 |                  5.00 |                    5.30 |   1459 |   121.6921 |
|        1 |        350 |          1280.80 |      1272.90 |      1313.07 |                  5.00 |                    5.00 |   1461 |   121.7871 |
|        1 |        351 |          1280.80 |      1272.90 |      1302.70 |                  5.00 |                    5.29 |   1461 |   121.9844 |
|        1 |        352 |          1280.80 |      1272.90 |      1304.30 |                  5.00 |                    5.45 |   1461 |   122.0999 |
|        1 |        353 |          1280.80 |      1272.90 |      1302.88 |                  5.46 |                   12.40 |   1463 |   122.3638 |
|        1 |        354 |          1280.80 |      1272.90 |      1293.45 |                  5.00 |                   25.28 |   1464 |   122.5695 |
|        1 |        355 |          1280.80 |      1272.90 |      1299.30 |                  5.00 |                   11.42 |   1464 |   122.7029 |
|        1 |        356 |          1280.80 |      1272.90 |      1291.19 |                  5.00 |                   10.88 |   1464 |   122.9541 |
|        1 |        357 |          1280.80 |      1272.90 |      1309.10 |                  6.87 |                    5.71 |   1465 |   123.1042 |
|        1 |        358 |          1280.80 |      1272.90 |      1309.10 |                  5.00 |                    5.00 |   1465 |   123.1848 |
|        1 |        359 |          1280.80 |      1272.90 |      1321.36 |                  5.00 |                    7.07 |   1465 |   123.2906 |
|        1 |        360 |          1280.80 |      1272.90 |      1322.90 |                  5.00 |                    5.43 |   1465 |   123.4014 |
|        1 |        361 |          1280.80 |      1272.90 |      1323.10 |                  5.00 |                    5.00 |   1465 |   123.5490 |
|        1 |        362 |          1280.80 |      1272.90 |      1325.30 |                  5.00 |                    6.01 |   1465 |   123.7370 |
|        1 |        363 |          1280.80 |      1272.90 |      1325.44 |                  5.00 |                    7.21 |   1465 |   123.9880 |
|        1 |        364 |          1280.80 |      1272.90 |      1332.25 |                  6.59 |                    5.00 |   1468 |   124.1289 |
|        1 |        365 |          1280.80 |      1272.90 |      1336.26 |                 13.63 |                    5.00 |   1470 |   124.2629 |
|        1 |        366 |          1280.80 |      1272.90 |      1329.50 |                  5.00 |                    5.00 |   1472 |   124.5212 |
|        1 |        367 |          1280.80 |      1272.90 |      1324.10 |                  5.00 |                    5.80 |   1473 |   124.6410 |
|        1 |        368 |          1280.80 |      1272.90 |      1345.70 |                  5.00 |                    5.00 |   1473 |   124.8118 |
|        1 |        369 |          1280.80 |      1272.90 |      1345.60 |                  5.00 |                    5.00 |   1473 |   124.9263 |
|        1 |        370 |          1280.80 |      1272.90 |      1311.90 |                  5.00 |                    5.00 |   1473 |   125.2042 |
|        1 |        371 |          1280.80 |      1272.90 |      1319.70 |                  5.00 |                    5.00 |   1475 |   125.2892 |
|        1 |        372 |          1280.80 |      1272.90 |      1315.00 |                  5.00 |                    5.00 |   1476 |   125.3739 |
|        1 |        373 |          1280.80 |      1272.90 |      1314.10 |                  5.00 |                    5.00 |   1476 |   125.5696 |
|        1 |        374 |          1280.80 |      1272.90 |      1314.10 |                  5.00 |                    5.00 |   1476 |   125.6770 |
|        1 |        375 |          1280.80 |      1272.90 |      1311.60 |                  5.00 |                    5.00 |   1477 |   125.8713 |
|        1 |        376 |          1280.80 |      1272.90 |      1329.30 |                  5.00 |                    5.24 |   1477 |   126.0361 |
|        1 |        377 |          1280.80 |      1272.90 |      1327.60 |                  5.00 |                    5.58 |   1477 |   126.1110 |
|        1 |        378 |          1280.80 |      1272.90 |      1328.30 |                  5.00 |                    5.00 |   1478 |   126.2135 |
|        1 |        379 |          1280.80 |      1272.90 |      1320.97 |                  5.00 |                    5.00 |   1478 |   126.3570 |
|        1 |        380 |          1280.80 |      1272.90 |      1321.27 |                  5.00 |                    5.00 |   1478 |   126.4719 |
|        1 |        381 |          1280.80 |      1272.90 |      1320.80 |                  6.09 |                    5.00 |   1478 |   126.5589 |
|        1 |        382 |          1280.80 |      1272.90 |      1314.46 |                  5.00 |                    5.00 |   1478 |   126.7074 |
|        1 |        383 |          1280.80 |      1272.90 |      1316.70 |                  5.00 |                    5.00 |   1478 |   126.8196 |
|        1 |        384 |          1280.80 |      1272.90 |      1316.70 |                  5.00 |                    5.00 |   1478 |   126.8895 |
|        1 |        385 |          1280.80 |      1272.90 |      1302.60 |                  5.30 |                    5.00 |   1478 |   127.0290 |
|        1 |        386 |          1280.80 |      1272.90 |      1297.80 |                  5.00 |                    5.00 |   1478 |   127.1604 |
|        1 |        387 |          1280.80 |      1272.90 |      1297.80 |                  6.03 |                    5.00 |   1478 |   127.2525 |
|        1 |        388 |          1280.80 |      1272.90 |      1297.80 |                  5.00 |                    5.00 |   1478 |   127.3253 |
|        1 |        389 |          1280.80 |      1272.90 |      1297.80 |                  5.36 |                    5.00 |   1478 |   127.4097 |
|        1 |        390 |          1280.80 |      1272.90 |      1302.10 |                  5.00 |                    5.00 |   1478 |   127.5011 |
|        1 |        391 |          1280.80 |      1272.90 |      1339.60 |                  5.00 |                    5.00 |   1481 |   127.5956 |
|        1 |        392 |          1280.80 |      1272.90 |      1323.90 |                  5.00 |                    5.00 |   1484 |   127.8224 |
|        1 |        393 |          1280.80 |      1272.90 |      1311.80 |                  5.00 |                    6.04 |   1488 |   128.1073 |
|        1 |        394 |          1280.80 |      1272.90 |      1311.20 |                  5.00 |                    6.04 |   1489 |   128.1936 |
|        1 |        395 |          1280.80 |      1272.90 |      1311.20 |                  5.92 |                    6.74 |   1489 |   128.2726 |
|        1 |        396 |          1280.80 |      1272.90 |      1311.20 |                  5.00 |                    5.00 |   1489 |   128.3431 |
|        1 |        397 |          1280.80 |      1272.90 |      1317.20 |                  5.00 |                    5.00 |   1491 |   128.4502 |
|        1 |        398 |          1280.80 |      1272.90 |      1317.90 |                  5.00 |                    5.80 |   1493 |   128.6044 |
|        1 |        399 |          1280.80 |      1272.90 |      1351.18 |                  5.00 |                    5.84 |   1494 |   128.7103 |
|        1 |        400 |          1280.80 |      1272.90 |      1338.30 |                  5.00 |                    5.00 |   1496 |   128.8144 |
|        1 |        401 |          1280.80 |      1272.90 |      1322.96 |                  5.00 |                    5.29 |   1497 |   128.9722 |
|        1 |        402 |          1280.80 |      1272.90 |      1322.60 |                  5.00 |                    5.00 |   1497 |   129.1609 |
|        1 |        403 |          1280.80 |      1272.90 |      1322.30 |                  5.00 |                    5.00 |   1497 |   129.2485 |
|        1 |        404 |          1280.80 |      1272.90 |      1322.30 |                  5.00 |                    5.00 |   1497 |   129.3325 |
|        1 |        405 |          1280.80 |      1272.90 |      1322.30 |                  6.47 |                    5.58 |   1497 |   129.3898 |
|        1 |        406 |          1280.80 |      1272.90 |      1322.30 |                  5.00 |                    5.80 |   1497 |   129.4964 |
|        1 |        407 |          1280.80 |      1272.90 |      1322.30 |                  5.00 |                    5.00 |   1497 |   129.5641 |
|        1 |        408 |          1280.80 |      1272.90 |      1322.30 |                  5.00 |                    5.00 |   1497 |   129.6305 |
|        1 |        409 |          1280.80 |      1272.90 |      1323.20 |                  5.00 |                    5.00 |   1497 |   129.7044 |
|        1 |        410 |          1280.80 |      1272.90 |      1325.05 |                  5.00 |                    6.93 |   1497 |   129.8016 |
|        1 |        411 |          1280.80 |      1272.90 |      1326.93 |                  5.00 |                    6.63 |   1497 |   129.9241 |
|        1 |        412 |          1280.80 |      1272.90 |      1297.22 |                  8.89 |                   12.74 |   1499 |   130.1747 |
|        1 |        413 |          1280.80 |      1272.90 |      1299.70 |                  5.00 |                   12.29 |   1501 |   130.3756 |
|        1 |        414 |          1280.80 |      1272.90 |      1298.50 |                  5.00 |                    5.00 |   1501 |   130.5562 |
|        1 |        415 |          1280.80 |      1272.90 |      1294.20 |                  5.00 |                    5.00 |   1501 |   130.6727 |
|        1 |        416 |          1280.80 |      1272.90 |      1294.20 |                  5.00 |                    5.00 |   1501 |   130.8159 |
|        1 |        417 |          1280.80 |      1272.90 |      1294.20 |                  5.00 |                    5.00 |   1501 |   130.8870 |
|        1 |        418 |          1280.80 |      1272.90 |      1294.20 |                  5.00 |                    5.00 |   1501 |   131.0037 |
|        1 |        419 |          1280.80 |      1272.90 |      1293.85 |                  5.00 |                   10.55 |   1501 |   131.1030 |
|        1 |        420 |          1280.80 |      1272.90 |      1297.80 |                  5.98 |                    5.00 |   1504 |   131.2221 |
|        1 |        421 |          1280.80 |      1272.90 |      1317.06 |                  5.00 |                   10.34 |   1507 |   131.3772 |
|        1 |        422 |          1280.80 |      1272.90 |      1318.95 |                  5.00 |                   17.87 |   1507 |   131.4771 |
|        1 |        423 |          1280.80 |      1272.90 |      1370.50 |                  5.00 |                   10.56 |   1510 |   131.6636 |
|        1 |        424 |          1280.80 |      1272.90 |      1349.80 |                  5.00 |                    5.76 |   1510 |   131.8043 |
|        1 |        425 |          1280.80 |      1272.90 |      1349.80 |                  5.00 |                    5.00 |   1510 |   131.9394 |
|        1 |        426 |          1280.80 |      1272.90 |      1323.50 |                  5.00 |                    7.23 |   1511 |   132.1545 |
|        1 |        427 |          1280.80 |      1272.90 |      1322.20 |                  5.00 |                    5.00 |   1512 |   132.2534 |
|        1 |        428 |          1280.80 |      1272.90 |      1311.70 |                  5.00 |                    5.00 |   1513 |   132.3533 |
|        1 |        429 |          1280.80 |      1272.90 |      1316.10 |                  5.00 |                    5.00 |   1515 |   132.6005 |
|        1 |        430 |          1280.80 |      1272.90 |      1306.90 |                  5.00 |                    7.29 |   1517 |   132.7296 |
|        1 |        431 |          1280.80 |      1272.90 |      1304.00 |                  5.00 |                    5.00 |   1517 |   132.8175 |
|        1 |        432 |          1280.80 |      1272.90 |      1340.30 |                  5.26 |                    5.00 |   1521 |   132.9191 |
|        1 |        433 |          1280.80 |      1272.90 |      1337.18 |                  5.00 |                    5.00 |   1522 |   133.0351 |
|        1 |        434 |          1280.80 |      1272.90 |      1336.27 |                  5.00 |                    5.62 |   1522 |   133.1348 |
|        1 |        435 |          1280.80 |      1272.90 |      1338.27 |                  5.00 |                    5.06 |   1524 |   133.2189 |
|        1 |        436 |          1280.80 |      1272.90 |      1335.36 |                  5.00 |                    7.09 |   1526 |   133.3026 |
|        1 |        437 |          1280.80 |      1272.90 |      1336.20 |                  5.00 |                    6.79 |   1526 |   133.3993 |
|        1 |        438 |          1280.80 |      1272.90 |      1343.60 |                  5.00 |                    5.00 |   1528 |   133.4838 |
|        1 |        439 |          1280.80 |      1272.90 |      1342.20 |                  5.00 |                    5.45 |   1528 |   133.5666 |
|        1 |        440 |          1280.80 |      1272.90 |      1301.17 |                  5.00 |                    7.15 |   1529 |   133.8900 |
|        1 |        441 |          1280.80 |      1272.90 |      1290.05 |                  5.00 |                    6.91 |   1529 |   134.0088 |
|        1 |        442 |          1280.80 |      1272.90 |      1289.86 |                  5.00 |                    6.81 |   1529 |   134.1431 |
|        1 |        443 |          1280.80 |      1272.90 |      1292.48 |                  5.00 |                    5.00 |   1529 |   134.3123 |
|        1 |        444 |          1280.80 |      1272.90 |      1291.04 |                  5.35 |                    6.58 |   1531 |   134.4760 |
|        1 |        445 |          1280.80 |      1272.90 |      1294.30 |                  5.26 |                    7.62 |   1532 |   134.6110 |
|        1 |        446 |          1280.80 |      1272.90 |      1297.30 |                  8.14 |                    7.08 |   1533 |   134.7016 |
|        1 |        447 |          1280.80 |      1272.90 |      1297.30 |                  5.00 |                    5.28 |   1533 |   134.7767 |
|        1 |        448 |          1280.80 |      1272.90 |      1297.01 |                  8.82 |                    5.32 |   1534 |   134.8544 |
|        1 |        449 |          1280.80 |      1272.90 |      1296.96 |                  5.00 |                    5.00 |   1534 |   134.9316 |
|        1 |        450 |          1280.80 |      1272.90 |      1291.68 |                  5.00 |                    7.14 |   1534 |   135.0375 |
|        1 |        451 |          1280.80 |      1272.90 |      1297.09 |                  5.00 |                    6.76 |   1534 |   135.1852 |
|        1 |        452 |          1280.80 |      1272.90 |      1296.96 |                  5.00 |                    6.16 |   1534 |   135.2478 |
|        1 |        453 |          1280.80 |      1272.90 |      1296.43 |                  5.00 |                    6.02 |   1534 |   135.3222 |
|        1 |        454 |          1280.80 |      1272.90 |      1311.90 |                  5.00 |                    5.00 |   1536 |   135.3858 |
|        1 |        455 |          1280.80 |      1272.90 |      1301.80 |                  5.75 |                    5.15 |   1536 |   135.5512 |
|        1 |        456 |          1280.80 |      1272.90 |      1300.40 |                  5.00 |                    5.00 |   1536 |   135.6852 |
|        1 |        457 |          1280.80 |      1272.90 |      1308.10 |                  5.00 |                    5.00 |   1536 |   135.7806 |
|        1 |        458 |          1280.80 |      1272.90 |      1308.10 |                  5.00 |                    5.00 |   1536 |   135.8598 |
|        1 |        459 |          1280.80 |      1272.90 |      1330.30 |                  5.41 |                    5.00 |   1536 |   135.9380 |
|        1 |        460 |          1280.80 |      1272.90 |      1322.00 |                  5.00 |                    5.00 |   1538 |   136.0642 |
|        1 |        461 |          1280.80 |      1272.90 |      1306.50 |                  5.00 |                    5.00 |   1538 |   136.1655 |
|        1 |        462 |          1280.80 |      1272.90 |      1326.80 |                  5.00 |                    6.41 |   1541 |   136.2855 |
|        1 |        463 |          1280.80 |      1272.90 |      1303.40 |                  5.00 |                    7.07 |   1544 |   136.4905 |
|        1 |        464 |          1280.80 |      1272.90 |      1299.70 |                  5.63 |                    5.00 |   1544 |   136.6037 |
|        1 |        465 |          1280.80 |      1272.90 |      1299.70 |                  5.00 |                    5.00 |   1544 |   136.6762 |
|        1 |        466 |          1280.80 |      1272.90 |      1303.50 |                  5.00 |                    5.00 |   1547 |   136.7755 |
|        1 |        467 |          1280.80 |      1272.90 |      1299.70 |                  5.00 |                    5.00 |   1547 |   136.8839 |
|        1 |        468 |          1280.80 |      1272.90 |      1294.00 |                  5.00 |                    5.00 |   1547 |   136.9554 |
|        1 |        469 |          1280.80 |      1272.90 |      1305.00 |                  5.00 |                    5.00 |   1550 |   137.0865 |
|        1 |        470 |          1280.80 |      1272.90 |      1335.30 |                  5.00 |                    5.00 |   1552 |   137.1911 |
|        1 |        471 |          1280.80 |      1272.90 |      1335.30 |                  5.00 |                    5.00 |   1552 |   137.2400 |
|        1 |        472 |          1280.80 |      1272.90 |      1335.20 |                  5.00 |                    5.00 |   1552 |   137.3171 |
|        1 |        473 |          1280.80 |      1272.90 |      1337.90 |                  5.00 |                    5.00 |   1555 |   137.3809 |
|        1 |        474 |          1280.80 |      1272.90 |      1353.80 |                  5.00 |                    5.00 |   1558 |   137.4601 |
|        1 |        475 |          1280.80 |      1272.90 |      1353.80 |                  5.00 |                    5.00 |   1558 |   137.5116 |
|        1 |        476 |          1280.80 |      1272.90 |      1332.10 |                  5.00 |                    6.94 |   1563 |   137.5822 |
|        1 |        477 |          1280.80 |      1272.90 |      1330.80 |                  5.00 |                    5.47 |   1566 |   137.6586 |
|        1 |        478 |          1280.80 |      1272.90 |      1327.77 |                  5.34 |                    5.00 |   1568 |   137.7674 |
|        1 |        479 |          1280.80 |      1272.90 |      1311.74 |                  5.80 |                    5.00 |   1569 |   137.8511 |
|        1 |        480 |          1280.80 |      1272.90 |      1305.47 |                  5.10 |                    5.00 |   1571 |   137.9255 |
|        1 |        481 |          1280.80 |      1272.90 |      1305.36 |                  5.00 |                   10.03 |   1571 |   138.0034 |
|        1 |        482 |          1280.80 |      1272.90 |      1307.31 |                  5.00 |                    8.11 |   1571 |   138.0455 |
|        1 |        483 |          1280.80 |      1272.90 |      1306.54 |                  6.48 |                   16.76 |   1571 |   138.1154 |
|        1 |        484 |          1280.80 |      1272.90 |      1325.40 |                  5.00 |                    6.78 |   1572 |   138.2264 |
|        1 |        485 |          1280.80 |      1272.90 |      1322.60 |                  5.00 |                    5.00 |   1572 |   138.3002 |
|        1 |        486 |          1280.80 |      1272.90 |      1321.80 |                  5.00 |                    5.00 |   1572 |   138.4122 |
|        1 |        487 |          1280.80 |      1272.90 |      1326.10 |                  5.00 |                    6.34 |   1573 |   138.4940 |
|        1 |        488 |          1280.80 |      1272.90 |      1321.80 |                  5.00 |                    5.91 |   1573 |   138.5859 |
|        1 |        489 |          1280.80 |      1272.90 |      1321.80 |                  5.00 |                    5.35 |   1573 |   138.6640 |
|        1 |        490 |          1280.80 |      1272.90 |      1306.60 |                  5.00 |                    5.00 |   1576 |   138.8337 |
|        1 |        491 |          1280.80 |      1272.90 |      1303.80 |                  5.00 |                    9.17 |   1577 |   138.8966 |
|        1 |        492 |          1280.80 |      1272.90 |      1307.21 |                  5.00 |                    7.34 |   1577 |   138.9645 |
|        1 |        493 |          1280.80 |      1272.90 |      1328.81 |                  5.00 |                    5.00 |   1578 |   139.0297 |
|        1 |        494 |          1280.80 |      1272.90 |      1325.19 |                  5.47 |                    6.19 |   1578 |   139.1526 |
|        1 |        495 |          1280.80 |      1272.90 |      1322.15 |                  6.28 |                   10.59 |   1578 |   139.2060 |
|        1 |        496 |          1280.80 |      1272.90 |      1302.30 |                  5.00 |                    6.72 |   1578 |   139.3034 |
|        1 |        497 |          1280.80 |      1272.90 |      1302.30 |                  5.41 |                    5.00 |   1578 |   139.3579 |
|        1 |        498 |          1280.80 |      1272.90 |      1313.20 |                  5.00 |                    5.00 |   1580 |   139.4202 |
|        1 |        499 |          1280.80 |      1272.90 |      1294.30 |                  7.36 |                    7.21 |   1582 |   139.5797 |
|        1 |        500 |          1280.80 |      1272.90 |      1343.40 |                  5.00 |                    5.98 |   1585 |   139.6726 |
------------------------------------------------------------------------------------------------------------------------------------------------
Version identifier: 22.1.2.0 | 2024-11-26 | 0edbb82fd
CPXPARAM_MIP_Tolerances_UpperCutoff              1280.9000000000649
Tried aggregator 1 time.
MIP Presolve eliminated 5 rows and 82 columns.
MIP Presolve modified 494 coefficients.
Reduced MIP has 96 rows, 1503 columns, and 10374 nonzeros.
Reduced MIP has 1503 binaries, 0 generals, 0 SOSs, and 0 indicators.
Presolve time = 0.01 sec. (9.45 ticks)
Tried aggregator 1 time.
Detecting symmetries...
Reduced MIP has 96 rows, 1503 columns, and 10374 nonzeros.
Reduced MIP has 1503 binaries, 0 generals, 0 SOSs, and 0 indicators.
Presolve time = 0.01 sec. (7.12 ticks)
Probing fixed 2 vars, tightened 0 bounds.
Probing time = 0.01 sec. (8.28 ticks)
Clique table members: 1649.
MIP emphasis: balance optimality and feasibility.
MIP search method: dynamic search.
Parallel mode: deterministic, using up to 8 threads.
Root relaxation solution time = 0.02 sec. (19.59 ticks)

        Nodes                                         Cuts/
   Node  Left     Objective  IInf  Best Integer    Best Bound    ItCnt     Gap

      0     0     1252.4580    67                   1252.4580      422         
      0     0     1258.6246    81                    Cuts: 33      570         
*     0+    0                         1265.3000     1258.6246             0.53%
      0     0     1261.2589   103     1265.3000      Cuts: 36      692    0.32%
Detecting symmetries...

Repeating presolve.
Tried aggregator 1 time.
MIP Presolve eliminated 7 rows and 882 columns.
MIP Presolve modified 397 coefficients.
Reduced MIP has 89 rows, 621 columns, and 4374 nonzeros.
Reduced MIP has 621 binaries, 0 generals, 0 SOSs, and 0 indicators.
Presolve time = 0.01 sec. (4.79 ticks)
Probing fixed 87 vars, tightened 0 bounds.
Probing time = 0.02 sec. (7.33 ticks)
Cover probing fixed 4 vars, tightened 0 bounds.
Tried aggregator 1 time.
MIP Presolve eliminated 6 rows and 96 columns.
Reduced MIP has 83 rows, 525 columns, and 3568 nonzeros.
Reduced MIP has 525 binaries, 0 generals, 0 SOSs, and 0 indicators.
Presolve time = 0.00 sec. (2.90 ticks)
Probing fixed 6 vars, tightened 0 bounds.
Probing time = 0.01 sec. (5.72 ticks)
Tried aggregator 1 time.
Detecting symmetries...
MIP Presolve eliminated 1 rows and 7 columns.
Reduced MIP has 82 rows, 518 columns, and 3496 nonzeros.
Reduced MIP has 518 binaries, 0 generals, 0 SOSs, and 0 indicators.
Presolve time = 0.00 sec. (2.76 ticks)
Represolve time = 0.05 sec. (29.90 ticks)
Probing time = 0.00 sec. (2.43 ticks)
Clique table members: 653.
MIP emphasis: balance optimality and feasibility.
MIP search method: dynamic search.
Parallel mode: deterministic, using up to 8 threads.
Root relaxation solution time = 0.01 sec. (11.54 ticks)

        Nodes                                         Cuts/
   Node  Left     Objective  IInf  Best Integer    Best Bound    ItCnt     Gap

*     0+    0                         1265.3000     1261.2589             0.32%
      0     0     1261.7265    73     1265.3000     1261.7265     1034    0.28%
*     0+    0                         1265.1000     1261.7265             0.27%
      0     0     1262.8778    84     1265.1000      Cuts: 31     1135    0.18%
      0     0     1263.6229    84     1265.1000      Cuts: 23     1260    0.12%
*     0+    0                         1265.0000     1263.6229             0.11%
      0     0        cutoff           1265.0000     1265.0000     1260    0.00%
Elapsed time = 0.36 sec. (219.80 ticks, tree = 0.01 MB, solutions = 3)
objective_value(sp) = 1265.0
145.028444 seconds (6.99 M allocations: 350.487 MiB, 0.17% gc time, 3.73% compilation time)
#1: 0 (0.0) {12.0} -> 2 (7.0) {30.0} [0.0, 202.0] -> 15 (15.0) {53.0} [51.0, 81.0] -> 57 (22.0) {91.0} [91.0, 121.0] -> 87 (48.0) {108.2} [83.0, 113.0] -> 97 (60.0) {123.0} [123.0, 153.0] -> 13 (83.0) {149.0} [149.0, 179.0] -> 0 (83.0) {170.1} [0.0, 230.0]
#2: 0 (0.0) {13.0} -> 33 (11.0) {37.7} [27.0, 57.0] -> 65 (31.0) {74.2} [49.0, 79.0] -> 71 (46.0) {94.4} [67.0, 97.0] -> 66 (71.0) {117.0} [117.0, 147.0] -> 20 (80.0) {135.9} [116.0, 146.0] -> 32 (103.0) {156.6} [131.0, 161.0] -> 70 (108.0) {179.7} [168.0, 198.0] -> 1 (118.0) {197.7} [0.0, 204.0] -> 0 (118.0) {222.9} [0.0, 230.0]
#3: 0 (0.0) {9.0} -> 69 (6.0) {40.0} [40.0, 70.0] -> 30 (27.0) {63.3} [61.0, 91.0] -> 51 (37.0) {82.5} [78.0, 108.0] -> 81 (63.0) {99.7} [84.0, 114.0] -> 9 (79.0) {115.7} [87.0, 117.0] -> 35 (87.0) {135.1} [133.0, 163.0] -> 34 (101.0) {155.2} [0.0, 183.0] -> 77 (115.0) {182.1} [169.0, 199.0] -> 50 (128.0) {199.3} [0.0, 203.0] -> 0 (128.0) {226.2} [0.0, 230.0]
#4: 0 (0.0) {13.0} -> 28 (16.0) {29.0} [29.0, 59.0] -> 29 (25.0) {62.5} [53.0, 83.0] -> 78 (28.0) {86.0} [86.0, 116.0] -> 79 (51.0) {101.6} [82.0, 112.0] -> 3 (64.0) {115.2} [0.0, 197.0] -> 68 (100.0) {132.0} [132.0, 162.0] -> 24 (103.0) {151.8} [143.0, 173.0] -> 80 (109.0) {171.0} [168.0, 198.0] -> 12 (128.0) {187.3} [0.0, 205.0] -> 0 (128.0) {212.3} [0.0, 230.0]
#5: 0 (0.0) {11.0} -> 63 (10.0) {45.9} [34.0, 64.0] -> 11 (22.0) {63.9} [57.0, 87.0] -> 64 (31.0) {86.9} [63.0, 93.0] -> 49 (61.0) {109.6} [98.0, 128.0] -> 48 (97.0) {137.0} [0.0, 192.0] -> 7 (102.0) {154.2} [0.0, 198.0] -> 52 (111.0) {174.0} [0.0, 208.0] -> 0 (111.0) {195.3} [0.0, 230.0]
#6: 0 (0.0) {13.0} -> 26 (17.0) {24.1} [0.0, 208.0] -> 39 (48.0) {57.5} [34.0, 64.0] -> 23 (77.0) {76.1} [58.0, 88.0] -> 67 (102.0) {98.1} [73.0, 103.0] -> 55 (104.0) {126.5} [126.0, 156.0] -> 54 (122.0) {144.9} [130.0, 160.0] -> 4 (141.0) {164.1} [139.0, 169.0] -> 25 (147.0) {184.1} [156.0, 186.0] -> 0 (147.0) {227.6} [0.0, 230.0]
#7: 0 (0.0) {13.0} -> 73 (9.0) {68.0} [68.0, 98.0] -> 41 (14.0) {88.1} [87.0, 117.0] -> 22 (32.0) {102.3} [87.0, 117.0] -> 75 (50.0) {116.4} [0.0, 192.0] -> 56 (56.0) {130.5} [120.0, 150.0] -> 74 (64.0) {147.5} [139.0, 169.0] -> 72 (89.0) {160.6} [0.0, 197.0] -> 21 (100.0) {175.0} [0.0, 201.0] -> 58 (118.0) {195.8} [180.0, 210.0] -> 0 (118.0) {214.8} [0.0, 230.0]
#8: 0 (0.0) {11.0} -> 42 (5.0) {36.4} [25.0, 55.0] -> 14 (25.0) {55.6} [32.0, 62.0] -> 44 (43.0) {71.2} [59.0, 89.0] -> 38 (59.0) {92.0} [73.0, 103.0] -> 43 (66.0) {122.0} [122.0, 152.0] -> 100 (83.0) {165.0} [165.0, 195.0] -> 37 (91.0) {177.8} [0.0, 198.0] -> 98 (101.0) {189.2} [0.0, 198.0] -> 0 (101.0) {220.4} [0.0, 230.0]
#9: 0 (0.0) {9.0} -> 47 (27.0) {43.2} [41.0, 71.0] -> 36 (32.0) {60.4} [41.0, 71.0] -> 19 (49.0) {83.4} [66.0, 96.0] -> 90 (52.0) {110.8} [85.0, 115.0] -> 10 (68.0) {127.8} [114.0, 144.0] -> 31 (95.0) {145.8} [0.0, 202.0] -> 0 (95.0) {173.2} [0.0, 230.0]
#10: 0 (0.0) {12.0} -> 83 (11.0) {33.0} [0.0, 198.0] -> 45 (27.0) {51.0} [29.0, 59.0] -> 61 (40.0) {76.2} [66.0, 96.0] -> 16 (59.0) {90.6} [65.0, 95.0] -> 86 (94.0) {106.9} [84.0, 114.0] -> 91 (95.0) {127.9} [0.0, 194.0] -> 85 (136.0) {141.0} [0.0, 196.0] -> 93 (158.0) {169.0} [169.0, 199.0] -> 96 (169.0) {184.0} [0.0, 204.0] -> 94 (196.0) {198.0} [0.0, 207.0] -> 0 (196.0) {220.0} [0.0, 230.0]
#11: 0 (0.0) {13.0} -> 95 (20.0) {27.8} [0.0, 205.0] -> 92 (22.0) {41.4} [18.0, 48.0] -> 59 (50.0) {53.6} [0.0, 202.0] -> 99 (59.0) {73.0} [73.0, 103.0] -> 6 (62.0) {89.4} [89.0, 119.0] -> 84 (69.0) {113.4} [91.0, 121.0] -> 17 (71.0) {147.0} [147.0, 177.0] -> 5 (97.0) {167.0} [0.0, 199.0] -> 60 (100.0) {181.4} [152.0, 182.0] -> 0 (100.0) {209.4} [0.0, 230.0]
#12: 0 (0.0) {13.0} -> 27 (16.0) {27.0} [27.0, 57.0] -> 76 (29.0) {63.0} [63.0, 93.0] -> 40 (38.0) {92.2} [75.0, 105.0] -> 53 (52.0) {108.9} [85.0, 115.0] -> 0 (52.0) {123.3} [0.0, 230.0]
#13: 0 (0.0) {11.0} -> 62 (19.0) {48.0} [48.0, 78.0] -> 88 (28.0) {64.3} [64.0, 94.0] -> 18 (40.0) {87.7} [77.0, 107.0] -> 8 (49.0) {108.1} [85.0, 115.0] -> 46 (50.0) {127.5} [107.0, 137.0] -> 82 (66.0) {150.5} [0.0, 196.0] -> 89 (81.0) {176.7} [166.0, 196.0] -> 0 (81.0) {195.7} [0.0, 230.0]

Dist: 1265.0. Cost: 1265.0

Clique cuts applied:  34
Zero-half cuts applied:  7
Lift and project cuts applied:  6

Root node processing (before b&c):
  Real time             =    0.36 sec. (219.89 ticks)
Parallel b&c, 8 threads:
  Real time             =    0.00 sec. (0.00 ticks)
  Sync time (average)   =    0.00 sec.
  Wait time (average)   =    0.00 sec.
                          ------------
Total (root+branch&cut) =    0.36 sec. (219.89 ticks)
