Solving instance /mnt/c/Users/bruno.mattos/OneDrive - americanas s.a/Documentos/GitHub/GenericILS/TWRD/100/R107_100_025.vrptwrd...
------------------------------------------------------------------------------------------------------------------------------------------------
|  Restart |  Iteration |  Best Feas. Cost |    Best Cost |   Curr. Cost |   Penalty Custom Res. |   Penalty Standard Res. |   Pool |   Time (s) |
------------------------------------------------------------------------------------------------------------------------------------------------
|        1 |          1 |          1388.30 |      1341.57 |      1341.57 |                 16.39 |                    5.00 |     33 |     0.3771 |
|        1 |          2 |          1388.30 |      1341.57 |      1348.90 |                 18.99 |                    5.00 |     38 |     0.9099 |
|        1 |          3 |          1388.30 |      1341.57 |      1351.14 |                 38.46 |                    5.00 |     45 |     0.9876 |
|        1 |          0 |          1340.00 |      1340.00 |      1340.00 |                 15.82 |                    5.00 |     57 |     1.1376 |
|        1 |          1 |          1340.00 |      1338.53 |      1338.53 |                  7.97 |                    5.00 |     63 |     1.2328 |
|        1 |          2 |          1340.00 |      1328.87 |      1328.87 |                 16.80 |                    5.00 |     67 |     1.3183 |
|        1 |          3 |          1340.00 |      1328.87 |      1336.89 |                 17.23 |                    5.00 |     71 |     1.3926 |
|        1 |          4 |          1340.00 |      1328.87 |      1336.45 |                 13.79 |                    5.00 |     71 |     1.4454 |
|        1 |          5 |          1340.00 |      1328.87 |      1331.53 |                 24.32 |                    5.41 |     71 |     1.5054 |
|        1 |          6 |          1340.00 |      1285.34 |      1285.34 |                 34.11 |                    5.00 |     83 |     1.7329 |
|        1 |          0 |          1298.90 |      1285.34 |      1298.90 |                 20.53 |                    5.00 |     91 |     1.8703 |
|        1 |          1 |          1298.90 |      1285.34 |      1293.21 |                 34.05 |                    5.00 |     96 |     1.9492 |
|        1 |          2 |          1298.90 |      1285.34 |      1328.95 |                 16.83 |                    5.00 |     99 |     2.0317 |
|        1 |          3 |          1298.90 |      1285.34 |      1306.32 |                 27.69 |                    5.00 |    101 |     2.0801 |
|        1 |          0 |          1265.70 |      1265.70 |      1265.70 |                 14.93 |                    5.00 |    111 |     2.2117 |
|        1 |          1 |          1265.70 |      1265.70 |      1283.80 |                 20.91 |                    5.00 |    113 |     2.2772 |
|        1 |          0 |          1249.70 |      1249.70 |      1249.70 |                 11.06 |                    5.00 |    121 |     2.4008 |
|        1 |          1 |          1249.70 |      1249.70 |      1249.70 |                 17.29 |                    5.00 |    121 |     2.4697 |
|        1 |          2 |          1249.70 |      1249.70 |      1249.70 |                 22.80 |                    5.00 |    121 |     2.5271 |
|        1 |          3 |          1249.70 |      1249.70 |      1249.70 |                 12.60 |                    5.00 |    121 |     2.5880 |
|        1 |          4 |          1249.70 |      1245.05 |      1245.05 |                 25.98 |                    5.00 |    123 |     2.7002 |
|        1 |          5 |          1249.70 |      1245.05 |      1257.57 |                 26.97 |                    5.00 |    123 |     2.7535 |
|        1 |          6 |          1249.70 |      1245.05 |      1254.50 |                 19.08 |                    5.69 |    126 |     2.8698 |
|        1 |          7 |          1249.70 |      1245.05 |      1253.30 |                 11.06 |                    5.00 |    127 |     2.9639 |
|        1 |          8 |          1249.70 |      1245.05 |      1250.43 |                 18.55 |                    5.74 |    134 |     3.0456 |
|        1 |          9 |          1249.70 |      1245.05 |      1260.00 |                 18.12 |                    5.00 |    137 |     3.1225 |
|        1 |         10 |          1249.70 |      1245.05 |      1259.94 |                 27.23 |                    7.75 |    137 |     3.1831 |
|        1 |         11 |          1249.70 |      1245.05 |      1269.90 |                 24.30 |                    5.00 |    138 |     3.2581 |
|        1 |         12 |          1249.70 |      1245.05 |      1269.90 |                 14.39 |                    5.00 |    138 |     3.3569 |
|        1 |         13 |          1249.70 |      1245.05 |      1269.90 |                 12.94 |                    5.00 |    138 |     3.5051 |
|        1 |         14 |          1249.70 |      1245.05 |      1273.26 |                 23.02 |                    5.00 |    144 |     3.6115 |
|        1 |         15 |          1249.70 |      1245.05 |      1282.45 |                 40.20 |                    5.00 |    144 |     3.6720 |
|        1 |         16 |          1249.70 |      1245.05 |      1266.40 |                 19.50 |                    5.00 |    144 |     3.7606 |
|        1 |         17 |          1249.70 |      1245.05 |      1248.05 |                 21.42 |                    5.00 |    144 |     3.8890 |
|        1 |         18 |          1249.70 |      1245.05 |      1256.68 |                 14.30 |                    5.00 |    146 |     3.9665 |
|        1 |         19 |          1249.70 |      1245.05 |      1250.27 |                 16.55 |                    5.00 |    146 |     4.0407 |
|        1 |         20 |          1249.70 |      1245.05 |      1250.90 |                 11.87 |                    5.00 |    146 |     4.0974 |
|        1 |         21 |          1249.70 |      1245.05 |      1257.30 |                 15.80 |                    5.00 |    148 |     4.1790 |
|        1 |         22 |          1249.70 |      1245.05 |      1252.89 |                 29.72 |                    5.00 |    155 |     4.3593 |
|        1 |         23 |          1249.70 |      1245.05 |      1264.72 |                 57.89 |                    5.00 |    155 |     4.4390 |
|        1 |         24 |          1249.70 |      1245.05 |      1289.60 |                 32.94 |                    5.00 |    163 |     4.5520 |
|        1 |         25 |          1249.70 |      1245.05 |      1286.10 |                 17.97 |                    9.06 |    167 |     4.6718 |
|        1 |         26 |          1249.70 |      1245.05 |      1268.49 |                 11.17 |                   10.06 |    170 |     4.7912 |
|        1 |         27 |          1249.70 |      1245.05 |      1264.56 |                 14.55 |                   16.01 |    170 |     4.8932 |
|        1 |         28 |          1249.70 |      1245.05 |      1269.16 |                 25.88 |                   10.06 |    170 |     4.9830 |
|        1 |         29 |          1249.70 |      1245.05 |      1293.94 |                 23.32 |                    6.99 |    173 |     5.0614 |
|        1 |         30 |          1249.70 |      1245.05 |      1294.33 |                 22.11 |                    5.00 |    174 |     5.1268 |
|        1 |         31 |          1249.70 |      1245.05 |      1281.54 |                 18.78 |                    9.36 |    176 |     5.1892 |
|        1 |         32 |          1249.70 |      1245.05 |      1286.52 |                 36.22 |                   18.05 |    180 |     5.3001 |
|        1 |         33 |          1249.70 |      1245.05 |      1290.87 |                 22.50 |                   20.03 |    182 |     5.4592 |
|        1 |         34 |          1249.70 |      1245.05 |      1305.50 |                 11.46 |                    9.42 |    186 |     5.5742 |
|        1 |         35 |          1249.70 |      1245.05 |      1250.90 |                 31.91 |                    5.00 |    193 |     5.7211 |
|        1 |         36 |          1249.70 |      1245.05 |      1277.11 |                 36.58 |                    5.00 |    193 |     5.7948 |
|        1 |         37 |          1249.70 |      1245.05 |      1285.10 |                 17.03 |                    5.00 |    199 |     5.8928 |
|        1 |         38 |          1249.70 |      1245.05 |      1249.59 |                 14.41 |                    5.00 |    205 |     6.0504 |
|        1 |         39 |          1249.70 |      1245.05 |      1253.00 |                 25.40 |                    5.00 |    205 |     6.1063 |
|        1 |         40 |          1249.70 |      1245.05 |      1270.73 |                 32.19 |                    5.00 |    208 |     6.1710 |
|        1 |         41 |          1249.70 |      1245.05 |      1278.50 |                 42.78 |                    5.00 |    210 |     6.2806 |
|        1 |         42 |          1249.70 |      1245.05 |      1300.10 |                 15.79 |                    5.00 |    218 |     6.4160 |
|        1 |         43 |          1249.70 |      1245.05 |      1285.82 |                 37.79 |                    5.00 |    220 |     6.5787 |
|        1 |         44 |          1249.70 |      1245.05 |      1304.70 |                 19.85 |                    5.00 |    224 |     6.6592 |
|        1 |         45 |          1249.70 |      1245.05 |      1293.98 |                 31.26 |                    5.00 |    228 |     6.7901 |
|        1 |         46 |          1249.70 |      1245.05 |      1306.20 |                 72.11 |                    5.00 |    232 |     6.8813 |
|        1 |         47 |          1249.70 |      1245.05 |      1282.60 |                 82.24 |                    6.10 |    234 |     7.0795 |
|        1 |         48 |          1249.70 |      1245.05 |      1282.60 |                 44.10 |                    5.00 |    234 |     7.1513 |
|        1 |         49 |          1249.70 |      1245.05 |      1276.12 |                 33.79 |                    7.58 |    242 |     7.3046 |
|        1 |         50 |          1249.70 |      1245.05 |      1274.50 |                 22.77 |                    7.18 |    242 |     7.3966 |
|        1 |         51 |          1249.70 |      1245.05 |      1265.76 |                 27.60 |                    5.00 |    244 |     7.5605 |
|        1 |         52 |          1249.70 |      1245.05 |      1273.25 |                 26.40 |                    5.00 |    246 |     7.6536 |
|        1 |         53 |          1249.70 |      1245.05 |      1279.47 |                 33.45 |                    5.00 |    246 |     7.7285 |
|        1 |         54 |          1249.70 |      1245.05 |      1285.45 |                 48.30 |                    5.00 |    246 |     7.7959 |
|        1 |         55 |          1249.70 |      1245.05 |      1286.30 |                 15.30 |                    5.00 |    252 |     8.1038 |
|        1 |         56 |          1249.70 |      1245.05 |      1280.38 |                 42.13 |                    5.00 |    257 |     8.3743 |
|        1 |         57 |          1249.70 |      1245.05 |      1277.90 |                 25.84 |                    5.00 |    261 |     8.6518 |
|        1 |         58 |          1249.70 |      1245.05 |      1274.60 |                 22.76 |                    5.00 |    263 |     8.8345 |
|        1 |         59 |          1249.70 |      1245.05 |      1274.60 |                 11.71 |                    5.00 |    263 |     8.9447 |
|        1 |         60 |          1249.70 |      1245.05 |      1247.80 |                 17.91 |                    5.00 |    269 |     9.0746 |
|        1 |         61 |          1249.70 |      1245.05 |      1262.58 |                 20.52 |                    5.41 |    272 |     9.2107 |
|        1 |         62 |          1249.70 |      1245.05 |      1263.12 |                 25.99 |                    5.00 |    272 |     9.3239 |
|        1 |         63 |          1249.70 |      1245.05 |      1245.81 |                 38.77 |                    5.86 |    278 |     9.6522 |
|        1 |         64 |          1249.70 |      1245.05 |      1275.20 |                 20.93 |                    5.00 |    284 |     9.8946 |
|        1 |         65 |          1249.70 |      1245.05 |      1301.91 |                 21.01 |                    5.00 |    292 |    10.0923 |
|        1 |         66 |          1249.70 |      1245.05 |      1281.07 |                 23.37 |                    5.00 |    292 |    10.2247 |
|        1 |         67 |          1249.70 |      1245.05 |      1302.66 |                 26.48 |                    5.00 |    295 |    10.3317 |
|        1 |         68 |          1249.70 |      1245.05 |      1314.41 |                 39.38 |                    6.35 |    297 |    10.4130 |
|        1 |         69 |          1249.70 |      1245.05 |      1306.70 |                 15.56 |                    5.00 |    303 |    10.7031 |
|        1 |         70 |          1249.70 |      1245.05 |      1309.40 |                  7.86 |                    5.00 |    305 |    10.8821 |
|        1 |         71 |          1249.70 |      1245.05 |      1265.11 |                 16.52 |                    8.55 |    308 |    11.0681 |
|        1 |         72 |          1249.70 |      1245.05 |      1274.22 |                 30.93 |                    5.22 |    308 |    11.1709 |
|        1 |         73 |          1249.70 |      1245.05 |      1288.10 |                 28.71 |                    5.00 |    308 |    11.3255 |
|        1 |         74 |          1249.70 |      1245.05 |      1289.83 |                 42.63 |                    5.00 |    308 |    11.4397 |
|        1 |         75 |          1249.70 |      1245.05 |      1301.29 |                 55.66 |                    5.00 |    308 |    11.5361 |
|        1 |         76 |          1249.70 |      1245.05 |      1319.50 |                 44.54 |                    5.00 |    311 |    11.6379 |
|        1 |         77 |          1249.70 |      1245.05 |      1303.41 |                 19.07 |                    5.00 |    315 |    11.9004 |
|        1 |         78 |          1249.70 |      1245.05 |      1300.24 |                 11.76 |                    5.00 |    316 |    11.9783 |
|        1 |         79 |          1249.70 |      1245.05 |      1288.52 |                 22.45 |                    6.74 |    317 |    12.0542 |
|        1 |         80 |          1249.70 |      1245.05 |      1295.96 |                 23.74 |                    6.54 |    320 |    12.1533 |
|        1 |         81 |          1249.70 |      1245.05 |      1295.94 |                 16.30 |                    5.00 |    320 |    12.2907 |
|        1 |         82 |          1249.70 |      1245.05 |      1327.24 |                 35.07 |                    5.00 |    322 |    12.3817 |
|        1 |         83 |          1249.70 |      1245.05 |      1357.15 |                 71.08 |                    5.00 |    324 |    12.4634 |
|        1 |         84 |          1249.70 |      1245.05 |      1282.10 |                 52.25 |                    5.00 |    330 |    12.6520 |
|        1 |         85 |          1249.70 |      1245.05 |      1297.30 |                 37.05 |                    6.16 |    334 |    12.7449 |
|        1 |         86 |          1249.70 |      1245.05 |      1296.80 |                 39.99 |                    5.00 |    336 |    12.8326 |
|        1 |         87 |          1249.70 |      1245.05 |      1278.10 |                 13.07 |                    5.12 |    339 |    13.0054 |
|        1 |         88 |          1249.70 |      1245.05 |      1279.64 |                 13.43 |                    8.33 |    339 |    13.0671 |
|        1 |         89 |          1249.70 |      1245.05 |      1258.02 |                 25.11 |                    9.84 |    341 |    13.1551 |
|        1 |         90 |          1249.70 |      1245.05 |      1258.10 |                 45.54 |                    7.55 |    344 |    13.2401 |
|        1 |         91 |          1249.70 |      1245.05 |      1258.10 |                 24.91 |                    5.00 |    344 |    13.3025 |
|        1 |         92 |          1249.70 |      1245.05 |      1258.10 |                 13.23 |                    5.00 |    344 |    13.3663 |
|        1 |         93 |          1249.70 |      1245.05 |      1266.90 |                 13.84 |                    5.00 |    346 |    13.4608 |
|        1 |         94 |          1249.70 |      1245.05 |      1266.90 |                 11.64 |                    6.35 |    346 |    13.5254 |
|        1 |         95 |          1249.70 |      1245.05 |      1259.70 |                  7.16 |                    5.00 |    351 |    13.6438 |
|        1 |         96 |          1249.70 |      1245.05 |      1247.70 |                 11.88 |                    7.90 |    352 |    13.7231 |
|        1 |         97 |          1249.70 |      1245.05 |      1248.32 |                 16.47 |                    5.00 |    353 |    13.7951 |
|        1 |         98 |          1249.70 |      1245.05 |      1249.31 |                 32.73 |                    5.00 |    353 |    13.8653 |
|        1 |         99 |          1249.70 |      1245.05 |      1262.40 |                 14.79 |                    5.00 |    353 |    13.9511 |
|        1 |        100 |          1249.70 |      1236.73 |      1236.73 |                 23.02 |                    5.00 |    354 |    14.1000 |
|        1 |        101 |          1249.70 |      1236.73 |      1297.10 |                 47.60 |                    5.00 |    360 |    14.1702 |
|        1 |        102 |          1249.70 |      1236.73 |      1311.90 |                 19.61 |                    5.00 |    365 |    14.2976 |
|        1 |        103 |          1249.70 |      1236.73 |      1301.20 |                  8.60 |                    5.00 |    372 |    14.3858 |
|        1 |        104 |          1249.70 |      1236.73 |      1298.73 |                  8.56 |                    5.00 |    374 |    14.4787 |
|        1 |        105 |          1249.70 |      1236.73 |      1278.07 |                 15.42 |                    5.00 |    380 |    14.7185 |
|        1 |        106 |          1249.70 |      1236.73 |      1284.23 |                 11.69 |                    5.00 |    381 |    14.8369 |
|        1 |        107 |          1249.70 |      1236.73 |      1260.67 |                 20.14 |                    5.00 |    384 |    14.9568 |
|        1 |        108 |          1249.70 |      1236.73 |      1276.79 |                 29.94 |                    5.00 |    388 |    15.0264 |
|        1 |        109 |          1249.70 |      1236.73 |      1292.30 |                 21.59 |                    5.00 |    392 |    15.1601 |
|        1 |        110 |          1249.70 |      1236.73 |      1295.60 |                 13.05 |                    5.00 |    396 |    15.2307 |
|        1 |        111 |          1249.70 |      1236.73 |      1307.88 |                 23.00 |                    5.00 |    397 |    15.2870 |
|        1 |        112 |          1249.70 |      1236.73 |      1289.00 |                 11.35 |                    5.00 |    398 |    15.4508 |
|        1 |        113 |          1249.70 |      1236.73 |      1296.39 |                 24.91 |                    6.10 |    400 |    15.5307 |
|        1 |        114 |          1249.70 |      1236.73 |      1308.53 |                 49.00 |                    5.00 |    403 |    15.5999 |
|        1 |        115 |          1249.70 |      1236.73 |      1287.80 |                 10.61 |                    5.02 |    408 |    15.7839 |
|        1 |        116 |          1249.70 |      1236.73 |      1286.30 |                 16.26 |                    5.00 |    409 |    15.8608 |
|        1 |        117 |          1249.70 |      1236.73 |      1285.00 |                 10.52 |                    5.00 |    411 |    15.9642 |
|        1 |        118 |          1249.70 |      1236.73 |      1285.00 |                 13.60 |                    5.00 |    412 |    16.0232 |
|        1 |        119 |          1249.70 |      1236.73 |      1270.48 |                 20.98 |                    5.00 |    415 |    16.1556 |
|        1 |        120 |          1249.70 |      1236.73 |      1280.25 |                 29.69 |                    7.07 |    416 |    16.2126 |
|        1 |        121 |          1249.70 |      1236.73 |      1292.24 |                 41.13 |                   13.23 |    416 |    16.2964 |
|        1 |        122 |          1249.70 |      1236.73 |      1297.00 |                 25.51 |                   14.08 |    420 |    16.4401 |
|        1 |        123 |          1249.70 |      1236.73 |      1283.90 |                 15.21 |                   22.83 |    423 |    16.5582 |
|        1 |        124 |          1249.70 |      1236.73 |      1271.39 |                  8.23 |                   10.53 |    426 |    16.6428 |
|        1 |        125 |          1249.70 |      1236.73 |      1267.73 |                 20.56 |                    5.00 |    429 |    16.7319 |
|        1 |        126 |          1249.70 |      1236.73 |      1272.59 |                 28.20 |                    5.00 |    432 |    16.8100 |
|        1 |        127 |          1249.70 |      1236.73 |      1282.00 |                 14.23 |                    5.00 |    434 |    16.8846 |
|        1 |        128 |          1249.70 |      1236.73 |      1272.10 |                 11.90 |                    5.00 |    438 |    17.0561 |
|        1 |        129 |          1249.70 |      1236.73 |      1270.45 |                 10.83 |                    5.00 |    439 |    17.1408 |
|        1 |        130 |          1249.70 |      1236.73 |      1281.37 |                 14.29 |                    5.00 |    440 |    17.2032 |
|        1 |        131 |          1249.70 |      1236.73 |      1270.10 |                 11.41 |                    5.00 |    441 |    17.2979 |
|        1 |        132 |          1249.70 |      1236.73 |      1238.28 |                 27.08 |                    5.00 |    446 |    17.3988 |
|        1 |        133 |          1249.70 |      1236.73 |      1288.51 |                 53.81 |                    5.00 |    447 |    17.4637 |
|        1 |        134 |          1249.70 |      1236.73 |      1263.80 |                 15.08 |                    5.00 |    451 |    17.6844 |
|        1 |        135 |          1249.70 |      1236.73 |      1263.80 |                 10.07 |                    5.00 |    451 |    17.7671 |
|        1 |        136 |          1249.70 |      1236.73 |      1266.07 |                 19.41 |                    5.00 |    454 |    17.8441 |
|        1 |        137 |          1249.70 |      1236.73 |      1248.15 |                 16.53 |                    7.52 |    457 |    18.0482 |
|        1 |        138 |          1249.70 |      1236.73 |      1254.63 |                 31.87 |                    5.00 |    457 |    18.1079 |
|        1 |        139 |          1249.70 |      1236.73 |      1297.51 |                 25.48 |                    5.00 |    458 |    18.1832 |
|        1 |        140 |          1249.70 |      1236.73 |      1288.11 |                 45.77 |                    5.00 |    458 |    18.2555 |
|        1 |        141 |          1249.70 |      1236.73 |      1273.70 |                 24.79 |                    5.00 |    459 |    18.3137 |
|        1 |        142 |          1249.70 |      1236.73 |      1268.00 |                 22.55 |                    5.58 |    463 |    18.4082 |
|        1 |        143 |          1249.70 |      1236.73 |      1264.70 |                 15.36 |                    5.31 |    464 |    18.4853 |
|        1 |        144 |          1249.70 |      1236.73 |      1264.69 |                 11.43 |                    5.00 |    465 |    18.5894 |
|        1 |        145 |          1249.70 |      1236.73 |      1262.13 |                 23.86 |                    6.66 |    469 |    18.6724 |
|        1 |        146 |          1249.70 |      1236.73 |      1286.24 |                 51.33 |                   14.32 |    471 |    18.7447 |
|        1 |        147 |          1249.70 |      1236.73 |      1339.67 |                 82.75 |                   23.09 |    471 |    18.7872 |
|        1 |        148 |          1249.70 |      1236.73 |      1276.20 |                  9.72 |                    5.00 |    475 |    18.9799 |
|        1 |        149 |          1249.70 |      1236.73 |      1265.17 |                 22.38 |                    5.52 |    477 |    19.0975 |
|        1 |        150 |          1249.70 |      1236.73 |      1268.60 |                 20.36 |                    5.00 |    478 |    19.1927 |
|        1 |        151 |          1249.70 |      1236.73 |      1262.59 |                 21.68 |                    5.00 |    481 |    19.3163 |
|        1 |        152 |          1249.70 |      1236.73 |      1253.49 |                 20.53 |                    5.79 |    486 |    19.4145 |
|        1 |        153 |          1249.70 |      1236.73 |      1247.29 |                 19.27 |                    5.43 |    486 |    19.4824 |
|        1 |        154 |          1249.70 |      1236.73 |      1241.96 |                 44.00 |                   12.40 |    486 |    19.5617 |
|        1 |          0 |          1249.30 |      1236.73 |      1249.30 |                 46.50 |                    5.55 |    488 |    19.6526 |
|        1 |          0 |          1245.60 |      1236.73 |      1245.60 |                 22.54 |                    5.00 |    489 |    19.7344 |
|        1 |          1 |          1245.60 |      1236.73 |      1245.60 |                 11.04 |                    5.00 |    489 |    19.8087 |
|        1 |          2 |          1245.60 |      1236.73 |      1243.79 |                 11.32 |                    5.00 |    491 |    19.8943 |
|        1 |          3 |          1245.60 |      1224.20 |      1224.20 |                 19.74 |                    5.00 |    493 |    19.9653 |
------------------------------------------------------------------------------------------------------------------------------------------------
|  Restart |  Iteration |  Best Feas. Cost |    Best Cost |   Curr. Cost |   Penalty Custom Res. |   Penalty Standard Res. |   Pool |   Time (s) |
------------------------------------------------------------------------------------------------------------------------------------------------
|        1 |          4 |          1245.60 |      1224.20 |      1232.86 |                 30.24 |                    5.00 |    493 |    20.0259 |
|        1 |          5 |          1245.60 |      1224.20 |      1244.12 |                 40.70 |                    5.00 |    493 |    20.0840 |
|        1 |          6 |          1245.60 |      1224.20 |      1247.20 |                 24.33 |                    5.00 |    493 |    20.1643 |
|        1 |          7 |          1245.60 |      1224.20 |      1247.20 |                 11.11 |                    5.00 |    493 |    20.2415 |
|        1 |          8 |          1245.60 |      1224.20 |      1265.06 |                 21.42 |                    5.00 |    493 |    20.3156 |
|        1 |          9 |          1245.60 |      1224.20 |      1265.20 |                 10.91 |                    5.00 |    493 |    20.3831 |
|        1 |         10 |          1245.60 |      1224.20 |      1264.87 |                 10.78 |                    5.00 |    495 |    20.4353 |
|        1 |         11 |          1245.60 |      1224.20 |      1245.48 |                 15.68 |                    5.00 |    496 |    20.5312 |
|        1 |         12 |          1245.60 |      1224.20 |      1248.97 |                 23.97 |                    5.00 |    497 |    20.6305 |
|        1 |         13 |          1245.60 |      1224.20 |      1254.96 |                 30.24 |                    5.00 |    498 |    20.7636 |
|        1 |         14 |          1245.60 |      1224.20 |      1266.20 |                 22.72 |                    5.00 |    499 |    20.8695 |
|        1 |         15 |          1245.60 |      1224.20 |      1262.40 |                 10.69 |                    5.00 |    499 |    20.9464 |
|        1 |         16 |          1245.60 |      1224.20 |      1262.67 |                 15.43 |                    5.00 |    501 |    21.0116 |
|        1 |         17 |          1245.60 |      1224.20 |      1262.90 |                 11.05 |                    5.00 |    501 |    21.0857 |
|        1 |         18 |          1245.60 |      1224.20 |      1259.08 |                 11.88 |                    6.61 |    506 |    21.2284 |
|        1 |         19 |          1245.60 |      1224.20 |      1256.24 |                 21.09 |                    6.70 |    506 |    21.3311 |
|        1 |         20 |          1245.60 |      1224.20 |      1255.11 |                 12.09 |                    5.73 |    509 |    21.4548 |
|        1 |         21 |          1245.60 |      1224.20 |      1256.70 |                 24.02 |                    9.51 |    513 |    21.5197 |
|        1 |         22 |          1245.60 |      1224.20 |      1277.00 |                  8.52 |                    5.00 |    518 |    21.6379 |
|        1 |         23 |          1245.60 |      1224.20 |      1276.85 |                 13.05 |                    6.80 |    518 |    21.7109 |
|        1 |         24 |          1245.60 |      1224.20 |      1277.00 |                  7.58 |                    5.00 |    518 |    21.7798 |
|        1 |         25 |          1245.60 |      1224.20 |      1285.63 |                 16.47 |                   10.55 |    520 |    21.8506 |
|        1 |         26 |          1245.60 |      1224.20 |      1258.37 |                 12.11 |                    5.00 |    523 |    21.9920 |
|        1 |         27 |          1245.60 |      1224.20 |      1286.79 |                 22.45 |                    6.35 |    526 |    22.0569 |
|        1 |         28 |          1245.60 |      1224.20 |      1297.36 |                 38.80 |                    5.00 |    528 |    22.1219 |
|        1 |         29 |          1245.60 |      1224.20 |      1294.00 |                 27.92 |                    7.39 |    531 |    22.3083 |
|        1 |         30 |          1245.60 |      1224.20 |      1296.50 |                 14.35 |                   11.42 |    532 |    22.4143 |
|        1 |         31 |          1245.60 |      1224.20 |      1292.50 |                 23.08 |                    5.21 |    532 |    22.4955 |
|        1 |         32 |          1245.60 |      1224.20 |      1292.50 |                 11.88 |                    5.00 |    532 |    22.5751 |
|        1 |         33 |          1245.60 |      1224.20 |      1292.22 |                 12.32 |                    5.00 |    532 |    22.6433 |
|        1 |         34 |          1245.60 |      1224.20 |      1292.50 |                 13.84 |                    7.66 |    532 |    22.7135 |
|        1 |         35 |          1245.60 |      1224.20 |      1292.49 |                 12.48 |                    5.22 |    532 |    22.7801 |
|        1 |         36 |          1245.60 |      1224.20 |      1292.20 |                  5.98 |                    5.00 |    534 |    22.8845 |
|        1 |         37 |          1245.60 |      1224.20 |      1267.12 |                 12.85 |                    5.00 |    537 |    22.9716 |
|        1 |         38 |          1245.60 |      1224.20 |      1286.86 |                 26.84 |                    5.00 |    541 |    23.0439 |
|        1 |         39 |          1245.60 |      1224.20 |      1310.89 |                 56.52 |                    7.08 |    545 |    23.1368 |
|        1 |         40 |          1245.60 |      1224.20 |      1308.90 |                 37.80 |                    5.00 |    550 |    23.1856 |
|        1 |         41 |          1245.60 |      1224.20 |      1275.00 |                  8.43 |                    5.00 |    557 |    23.4455 |
|        1 |         42 |          1245.60 |      1224.20 |      1260.07 |                 13.01 |                    5.00 |    557 |    23.5677 |
|        1 |         43 |          1245.60 |      1224.20 |      1269.93 |                 30.91 |                    5.00 |    557 |    23.6519 |
|        1 |         44 |          1245.60 |      1224.20 |      1285.74 |                 41.53 |                    5.00 |    558 |    23.7412 |
|        1 |         45 |          1245.60 |      1224.20 |      1285.43 |                 23.57 |                    5.00 |    563 |    24.0544 |
|        1 |         46 |          1245.60 |      1224.20 |      1297.07 |                 18.08 |                    5.00 |    563 |    24.1579 |
|        1 |         47 |          1245.60 |      1224.20 |      1290.42 |                 35.56 |                    5.00 |    563 |    24.2206 |
|        1 |         48 |          1245.60 |      1224.20 |      1277.30 |                 16.34 |                    5.00 |    567 |    24.3579 |
|        1 |         49 |          1245.60 |      1224.20 |      1268.80 |                  9.64 |                    7.88 |    568 |    24.4940 |
|        1 |         50 |          1245.60 |      1224.20 |      1269.60 |                 10.59 |                    5.36 |    569 |    24.5919 |
|        1 |         51 |          1245.60 |      1224.20 |      1271.11 |                 12.12 |                    6.13 |    571 |    24.6983 |
|        1 |         52 |          1245.60 |      1224.20 |      1267.00 |                 20.87 |                   10.14 |    571 |    24.8166 |
|        1 |         53 |          1245.60 |      1224.20 |      1267.00 |                 12.48 |                   13.50 |    571 |    24.8845 |
|        1 |         54 |          1245.60 |      1224.20 |      1241.04 |                 12.40 |                    7.51 |    574 |    25.0251 |
|        1 |         55 |          1245.60 |      1224.20 |      1242.52 |                 24.63 |                    8.03 |    574 |    25.0937 |
|        1 |         56 |          1245.60 |      1224.20 |      1258.83 |                 16.79 |                    5.00 |    575 |    25.1714 |
|        1 |         57 |          1245.60 |      1224.20 |      1257.60 |                 11.01 |                    5.00 |    575 |    25.4149 |
|        1 |         58 |          1245.60 |      1224.20 |      1263.07 |                 18.07 |                    6.61 |    576 |    25.4933 |
|        1 |         59 |          1245.60 |      1224.20 |      1271.78 |                 43.81 |                    5.00 |    578 |    25.5763 |
|        1 |         60 |          1245.60 |      1224.20 |      1320.75 |                 80.39 |                    5.00 |    582 |    25.6467 |
|        1 |         61 |          1245.60 |      1224.20 |      1264.40 |                 42.22 |                    5.00 |    586 |    25.7248 |
|        1 |         62 |          1245.60 |      1224.20 |      1265.80 |                 21.53 |                    5.00 |    588 |    25.7946 |
|        1 |         63 |          1245.60 |      1224.20 |      1271.40 |                 10.98 |                    5.00 |    588 |    25.8849 |
|        1 |         64 |          1245.60 |      1224.20 |      1258.55 |                 22.48 |                    5.00 |    591 |    25.9709 |
|        1 |         65 |          1245.60 |      1224.20 |      1271.79 |                 28.47 |                    5.00 |    592 |    26.0433 |
|        1 |         66 |          1245.60 |      1224.20 |      1282.80 |                 14.52 |                    5.00 |    592 |    26.1215 |
|        1 |         67 |          1245.60 |      1224.20 |      1277.54 |                 15.65 |                    5.00 |    597 |    26.2309 |
|        1 |         68 |          1245.60 |      1224.20 |      1282.79 |                 32.03 |                    5.00 |    598 |    26.3058 |
|        1 |         69 |          1245.60 |      1224.20 |      1290.97 |                 35.52 |                    7.82 |    603 |    26.4440 |
|        1 |         70 |          1245.60 |      1224.20 |      1306.40 |                 20.84 |                    5.00 |    603 |    26.5258 |
|        1 |         71 |          1245.60 |      1224.20 |      1249.48 |                 40.94 |                    5.26 |    606 |    26.8397 |
|        1 |         72 |          1245.60 |      1224.20 |      1273.40 |                  8.83 |                    5.00 |    609 |    27.1359 |
|        1 |         73 |          1245.60 |      1224.20 |      1267.39 |                 13.14 |                    5.00 |    609 |    27.2261 |
|        1 |         74 |          1245.60 |      1224.20 |      1265.12 |                 11.57 |                    5.41 |    611 |    27.3844 |
|        1 |         75 |          1245.60 |      1224.20 |      1265.15 |                 13.94 |                    5.00 |    611 |    27.4785 |
|        1 |         76 |          1245.60 |      1224.20 |      1263.50 |                 16.14 |                    5.00 |    611 |    27.5530 |
|        1 |         77 |          1245.60 |      1224.20 |      1265.50 |                 15.45 |                    5.00 |    611 |    27.6323 |
|        1 |         78 |          1245.60 |      1224.20 |      1253.86 |                 31.08 |                   11.19 |    613 |    27.9575 |
|        1 |         79 |          1245.60 |      1224.20 |      1261.10 |                 17.85 |                    5.27 |    615 |    28.0459 |
|        1 |         80 |          1245.60 |      1224.20 |      1237.04 |                 14.71 |                   18.14 |    618 |    28.2821 |
|        1 |         81 |          1245.60 |      1224.20 |      1255.57 |                 27.26 |                   10.97 |    622 |    28.3391 |
|        1 |         82 |          1245.60 |      1224.20 |      1267.57 |                 33.21 |                    6.50 |    622 |    28.3936 |
|        1 |         83 |          1245.60 |      1224.20 |      1278.66 |                 42.88 |                    5.00 |    624 |    28.4675 |
|        1 |         84 |          1245.60 |      1224.20 |      1279.90 |                 22.73 |                    5.00 |    626 |    28.5605 |
|        1 |         85 |          1245.60 |      1224.20 |      1277.30 |                 12.44 |                    5.00 |    626 |    28.6212 |
|        1 |         86 |          1245.60 |      1224.20 |      1255.35 |                 27.02 |                    5.00 |    629 |    28.6950 |
|        1 |         87 |          1245.60 |      1224.20 |      1263.39 |                 12.93 |                    5.00 |    631 |    28.8236 |
|        1 |         88 |          1245.60 |      1224.20 |      1250.06 |                 23.49 |                    5.00 |    632 |    28.8911 |
|        1 |         89 |          1245.60 |      1224.20 |      1272.70 |                 13.77 |                    5.00 |    633 |    28.9575 |
|        1 |         90 |          1245.60 |      1224.20 |      1272.38 |                 13.56 |                    5.86 |    634 |    29.0557 |
|        1 |         91 |          1245.60 |      1224.20 |      1250.09 |                 18.63 |                    5.00 |    635 |    29.1179 |
|        1 |         92 |          1245.60 |      1224.20 |      1258.93 |                 32.52 |                    5.97 |    635 |    29.1790 |
|        1 |         93 |          1245.60 |      1224.20 |      1286.32 |                 56.69 |                    5.00 |    636 |    29.2583 |
|        1 |         94 |          1245.60 |      1224.20 |      1278.60 |                 27.50 |                    5.00 |    636 |    29.3282 |
|        1 |         95 |          1245.60 |      1224.20 |      1276.00 |                 15.80 |                    5.00 |    636 |    29.3984 |
|        1 |         96 |          1245.60 |      1224.20 |      1251.75 |                 28.37 |                    5.00 |    636 |    29.4903 |
|        1 |         97 |          1245.60 |      1224.20 |      1267.93 |                 50.52 |                    5.00 |    636 |    29.5423 |
|        1 |         98 |          1245.60 |      1224.20 |      1273.80 |                 17.83 |                    5.00 |    639 |    29.7627 |
|        1 |         99 |          1245.60 |      1224.20 |      1278.60 |                 11.56 |                    5.00 |    639 |    29.8338 |
|        1 |        100 |          1245.60 |      1224.20 |      1271.49 |                 18.24 |                    5.00 |    643 |    29.9081 |
|        1 |        101 |          1245.60 |      1224.20 |      1279.57 |                 37.34 |                    5.00 |    646 |    29.9698 |
|        1 |        102 |          1245.60 |      1224.20 |      1277.70 |                 23.65 |                    5.00 |    651 |    30.0985 |
|        1 |        103 |          1245.60 |      1224.20 |      1288.70 |                 11.46 |                    5.00 |    654 |    30.1878 |
|        1 |        104 |          1245.60 |      1224.20 |      1288.70 |                  9.43 |                    5.00 |    654 |    30.2699 |
|        1 |        105 |          1245.60 |      1224.20 |      1288.70 |                  7.47 |                    5.00 |    654 |    30.3349 |
|        1 |        106 |          1245.60 |      1224.20 |      1288.70 |                  6.81 |                    5.00 |    654 |    30.3824 |
|        1 |        107 |          1245.60 |      1224.20 |      1266.51 |                 10.75 |                    5.25 |    657 |    30.4477 |
|        1 |        108 |          1245.60 |      1224.20 |      1289.49 |                 17.77 |                    5.00 |    659 |    30.5816 |
|        1 |        109 |          1245.60 |      1224.20 |      1276.57 |                 19.71 |                    5.00 |    662 |    30.7031 |
|        1 |        110 |          1245.60 |      1224.20 |      1301.13 |                 20.38 |                    5.00 |    667 |    30.8170 |
|        1 |        111 |          1245.60 |      1224.20 |      1249.20 |                  6.91 |                    5.00 |    669 |    31.0311 |
|        1 |        112 |          1245.60 |      1224.20 |      1225.16 |                 15.92 |                    5.00 |    671 |    31.1493 |
|        1 |        113 |          1245.60 |      1224.20 |      1238.92 |                 33.90 |                    5.00 |    671 |    31.2225 |
|        1 |          0 |          1244.70 |      1224.20 |      1244.70 |                 15.76 |                    5.00 |    671 |    31.3473 |
|        1 |          1 |          1244.70 |      1224.20 |      1244.70 |                 11.87 |                    5.00 |    671 |    31.4145 |
|        1 |          2 |          1244.70 |      1224.20 |      1244.70 |                 11.95 |                    5.00 |    671 |    31.4796 |
|        1 |          3 |          1244.70 |      1224.20 |      1244.70 |                  9.74 |                    5.00 |    671 |    31.5509 |
|        1 |          4 |          1244.70 |      1224.20 |      1246.10 |                 12.70 |                    5.30 |    672 |    31.6442 |
|        1 |          5 |          1244.70 |      1224.20 |      1242.65 |                  9.63 |                    5.00 |    672 |    31.7817 |
|        1 |          6 |          1244.70 |      1224.20 |      1246.43 |                 11.37 |                    5.00 |    672 |    31.8413 |
|        1 |          7 |          1244.70 |      1224.20 |      1248.52 |                 21.93 |                    5.00 |    672 |    31.9010 |
|        1 |          8 |          1244.70 |      1224.20 |      1259.62 |                 13.80 |                    5.00 |    672 |    31.9629 |
|        1 |          9 |          1244.70 |      1224.20 |      1251.89 |                 26.09 |                    5.00 |    672 |    32.0228 |
|        1 |         10 |          1244.70 |      1224.20 |      1290.20 |                 11.21 |                    5.00 |    676 |    32.1008 |
|        1 |         11 |          1244.70 |      1224.20 |      1276.22 |                 18.77 |                   11.77 |    679 |    32.1896 |
|        1 |         12 |          1244.70 |      1224.20 |      1272.26 |                 20.65 |                   14.31 |    682 |    32.2721 |
|        1 |         13 |          1244.70 |      1224.20 |      1265.02 |                 24.90 |                    9.28 |    683 |    32.3311 |
|        1 |         14 |          1244.70 |      1224.20 |      1279.87 |                 10.48 |                    6.70 |    684 |    32.4225 |
|        1 |         15 |          1244.70 |      1224.20 |      1270.37 |                  7.76 |                    6.70 |    688 |    32.6058 |
|        1 |         16 |          1244.70 |      1224.20 |      1256.36 |                 16.86 |                    5.00 |    688 |    32.6860 |
|        1 |         17 |          1244.70 |      1224.20 |      1260.68 |                 13.20 |                    5.00 |    689 |    32.7834 |
|        1 |         18 |          1244.70 |      1224.20 |      1250.10 |                  7.95 |                    5.00 |    693 |    32.9202 |
|        1 |         19 |          1244.70 |      1224.20 |      1250.10 |                  9.12 |                    5.00 |    693 |    32.9745 |
|        1 |         20 |          1244.70 |      1224.20 |      1253.80 |                  7.90 |                    5.00 |    695 |    33.0497 |
|        1 |         21 |          1244.70 |      1224.20 |      1247.64 |                 16.79 |                    5.00 |    699 |    33.1526 |
|        1 |         22 |          1244.70 |      1224.20 |      1248.46 |                 11.78 |                    5.00 |    699 |    33.2285 |
|        1 |         23 |          1244.70 |      1224.20 |      1244.01 |                 19.97 |                    5.00 |    699 |    33.2813 |
|        1 |         24 |          1244.70 |      1224.20 |      1254.23 |                 46.06 |                    5.00 |    699 |    33.3670 |
|        1 |         25 |          1244.70 |      1224.20 |      1281.38 |                 50.75 |                    5.00 |    699 |    33.4286 |
|        1 |         26 |          1244.70 |      1224.20 |      1293.30 |                 17.59 |                    5.00 |    702 |    33.6025 |
|        1 |         27 |          1244.70 |      1224.20 |      1291.86 |                 29.18 |                    5.00 |    703 |    33.6700 |
|        1 |         28 |          1244.70 |      1224.20 |      1302.80 |                 20.63 |                    5.00 |    709 |    33.7893 |
|        1 |         29 |          1244.70 |      1224.20 |      1268.38 |                 31.86 |                    6.93 |    716 |    33.8966 |
|        1 |         30 |          1244.70 |      1224.20 |      1318.28 |                 59.63 |                    5.00 |    721 |    33.9534 |
|        1 |         31 |          1244.70 |      1224.20 |      1376.24 |                146.01 |                    5.00 |    725 |    34.0347 |
|        1 |         32 |          1244.70 |      1224.20 |      1434.64 |                252.38 |                    5.00 |    731 |    34.0845 |
|        1 |         33 |          1244.70 |      1224.20 |      1290.90 |                112.93 |                    5.00 |    733 |    34.1564 |
|        1 |         34 |          1244.70 |      1224.20 |      1282.20 |                 16.39 |                    5.00 |    737 |    34.3284 |
|        1 |         35 |          1244.70 |      1224.20 |      1248.95 |                 20.08 |                    5.00 |    739 |    34.4802 |
|        1 |         36 |          1244.70 |      1224.20 |      1257.94 |                 34.99 |                    5.00 |    744 |    34.6383 |
|        1 |         37 |          1244.70 |      1224.20 |      1285.85 |                 52.03 |                    6.09 |    747 |    34.7716 |
|        1 |         38 |          1244.70 |      1224.20 |      1277.40 |                 12.73 |                    5.00 |    749 |    35.3639 |
|        1 |         39 |          1244.70 |      1224.20 |      1272.60 |                  7.67 |                    5.00 |    749 |    35.8640 |
|        1 |         40 |          1244.70 |      1224.20 |      1256.55 |                 14.48 |                    7.29 |    751 |    36.2499 |
|        1 |         41 |          1244.70 |      1224.20 |      1271.83 |                 34.42 |                    5.10 |    754 |    36.8126 |
|        1 |         42 |          1244.70 |      1224.20 |      1291.07 |                 57.18 |                    5.00 |    754 |    37.2184 |
|        1 |         43 |          1244.70 |      1224.20 |      1322.22 |                123.03 |                    5.00 |    755 |    37.7612 |
|        1 |         44 |          1244.70 |      1224.20 |      1296.90 |                 67.20 |                    7.42 |    761 |    38.2382 |
|        1 |         45 |          1244.70 |      1224.20 |      1288.00 |                 18.17 |                    7.30 |    765 |    38.8081 |
|        1 |         46 |          1244.70 |      1224.20 |      1285.68 |                 18.08 |                    5.00 |    766 |    38.9765 |
|        1 |         47 |          1244.70 |      1224.20 |      1285.50 |                 13.61 |                    5.00 |    770 |    39.1341 |
|        1 |         48 |          1244.70 |      1224.20 |      1274.84 |                 13.16 |                    5.00 |    771 |    39.2763 |
|        1 |         49 |          1244.70 |      1224.20 |      1290.46 |                 13.05 |                    5.00 |    774 |    39.5436 |
|        1 |         50 |          1244.70 |      1224.20 |      1281.27 |                 26.11 |                    5.00 |    776 |    39.7118 |
|        1 |         51 |          1244.70 |      1224.20 |      1290.30 |                 17.20 |                    5.00 |    779 |    39.9056 |
|        1 |         52 |          1244.70 |      1224.20 |      1292.30 |                 12.83 |                    5.00 |    781 |    39.9773 |
------------------------------------------------------------------------------------------------------------------------------------------------
|  Restart |  Iteration |  Best Feas. Cost |    Best Cost |   Curr. Cost |   Penalty Custom Res. |   Penalty Standard Res. |   Pool |   Time (s) |
------------------------------------------------------------------------------------------------------------------------------------------------
|        1 |         53 |          1244.70 |      1224.20 |      1299.78 |                 19.87 |                    5.00 |    784 |    40.0462 |
|        1 |         54 |          1244.70 |      1224.20 |      1288.43 |                 15.25 |                    5.00 |    786 |    40.1988 |
|        1 |         55 |          1244.70 |      1224.20 |      1284.36 |                 18.93 |                    6.02 |    789 |    40.3111 |
|        1 |         56 |          1244.70 |      1224.20 |      1295.57 |                 12.37 |                    8.09 |    791 |    40.4310 |
|        1 |         57 |          1244.70 |      1224.20 |      1279.50 |                 20.47 |                    5.00 |    795 |    40.5992 |
|        1 |         58 |          1244.70 |      1224.20 |      1279.50 |                 13.01 |                    5.00 |    795 |    40.6840 |
|        1 |         59 |          1244.70 |      1224.20 |      1273.12 |                 13.06 |                    5.00 |    799 |    40.8091 |
|        1 |         60 |          1244.70 |      1224.20 |      1273.42 |                 12.86 |                    5.00 |    800 |    40.9334 |
|        1 |         61 |          1244.70 |      1224.20 |      1273.47 |                 12.91 |                    5.00 |    801 |    41.0823 |
|        1 |         62 |          1244.70 |      1224.20 |      1264.74 |                 13.38 |                    5.00 |    805 |    41.4632 |
|        1 |         63 |          1244.70 |      1224.20 |      1258.18 |                 17.08 |                    5.00 |    805 |    41.6076 |
|        1 |         64 |          1244.70 |      1224.20 |      1251.54 |                 29.19 |                    5.00 |    808 |    41.7240 |
|        1 |         65 |          1244.70 |      1224.20 |      1270.09 |                 44.68 |                    5.00 |    809 |    41.8501 |
|        1 |         66 |          1244.70 |      1224.20 |      1265.60 |                 37.13 |                    5.00 |    809 |    42.0110 |
|        1 |         67 |          1244.70 |      1224.20 |      1265.60 |                 16.28 |                    5.00 |    809 |    42.1457 |
|        1 |         68 |          1244.70 |      1224.20 |      1273.80 |                 16.23 |                    5.00 |    809 |    42.2583 |
|        1 |         69 |          1244.70 |      1224.20 |      1250.68 |                 11.04 |                    5.00 |    814 |    42.4086 |
|        1 |         70 |          1244.70 |      1224.20 |      1313.11 |                 34.68 |                    5.00 |    819 |    42.5623 |
|        1 |         71 |          1244.70 |      1224.20 |      1332.08 |                 61.75 |                    5.63 |    819 |    42.6357 |
|        1 |         72 |          1244.70 |      1224.20 |      1330.00 |                 37.32 |                    5.00 |    824 |    42.7165 |
|        1 |         73 |          1244.70 |      1224.20 |      1278.36 |                 18.72 |                    5.00 |    826 |    42.9404 |
|        1 |         74 |          1244.70 |      1224.20 |      1265.23 |                 17.64 |                    5.00 |    831 |    43.1343 |
|        1 |         75 |          1244.70 |      1224.20 |      1281.92 |                 30.20 |                    5.00 |    833 |    43.1950 |
|        1 |         76 |          1244.70 |      1224.20 |      1258.10 |                 19.71 |                    5.00 |    833 |    43.3471 |
|        1 |         77 |          1244.70 |      1224.20 |      1258.00 |                 15.91 |                    5.00 |    833 |    43.4320 |
|        1 |         78 |          1244.70 |      1224.20 |      1251.51 |                 15.18 |                    5.00 |    835 |    43.6931 |
|        1 |         79 |          1244.70 |      1224.20 |      1308.10 |                 19.22 |                    5.00 |    839 |    43.8130 |
|        1 |         80 |          1244.70 |      1224.20 |      1269.70 |                 13.82 |                    5.00 |    843 |    44.2112 |
|        1 |         81 |          1244.70 |      1224.20 |      1244.64 |                 20.68 |                    5.00 |    847 |    44.5376 |
|        1 |         82 |          1244.70 |      1224.20 |      1297.79 |                 39.09 |                    9.45 |    849 |    44.7128 |
|        1 |         83 |          1244.70 |      1224.20 |      1341.70 |                 40.37 |                    9.96 |    854 |    45.0057 |
|        1 |         84 |          1244.70 |      1224.20 |      1320.40 |                 11.36 |                    5.91 |    859 |    45.2493 |
|        1 |         85 |          1244.70 |      1224.20 |      1289.50 |                 19.06 |                    5.68 |    861 |    45.3249 |
|        1 |         86 |          1244.70 |      1224.20 |      1308.66 |                 14.65 |                    5.00 |    864 |    45.4112 |
|        1 |         87 |          1244.70 |      1224.20 |      1302.95 |                 22.22 |                    7.15 |    864 |    45.5547 |
|        1 |         88 |          1244.70 |      1224.20 |      1287.40 |                 15.08 |                   13.13 |    865 |    45.7725 |
|        1 |         89 |          1244.70 |      1224.20 |      1288.93 |                  9.21 |                   25.06 |    865 |    45.8684 |
|        1 |         90 |          1244.70 |      1224.20 |      1264.10 |                 14.91 |                   12.47 |    865 |    46.0672 |
|        1 |         91 |          1244.70 |      1224.20 |      1281.70 |                 13.31 |                   10.91 |    866 |    46.1433 |
|        1 |         92 |          1244.70 |      1224.20 |      1232.22 |                 23.62 |                    5.00 |    868 |    46.5282 |
|        1 |         93 |          1244.70 |      1224.20 |      1253.99 |                  9.91 |                    5.00 |    871 |    46.7372 |
|        1 |         94 |          1244.70 |      1224.20 |      1253.92 |                 11.82 |                    5.26 |    871 |    46.8047 |
|        1 |         95 |          1244.70 |      1224.20 |      1236.44 |                 33.81 |                    5.00 |    876 |    46.9870 |
|        1 |         96 |          1244.70 |      1224.20 |      1273.60 |                 22.75 |                    5.00 |    877 |    47.1169 |
|        1 |         97 |          1244.70 |      1224.20 |      1262.80 |                 19.13 |                    5.00 |    878 |    47.1952 |
|        1 |         98 |          1244.70 |      1224.20 |      1264.30 |                  9.95 |                    5.00 |    881 |    47.2741 |
|        1 |         99 |          1244.70 |      1224.20 |      1264.40 |                 17.89 |                    5.00 |    881 |    47.3491 |
|        1 |        100 |          1244.70 |      1224.20 |      1264.40 |                  8.59 |                    5.00 |    881 |    47.4444 |
|        1 |        101 |          1244.70 |      1224.20 |      1264.37 |                 19.22 |                    5.00 |    883 |    47.5439 |
|        1 |        102 |          1244.70 |      1224.20 |      1273.40 |                 13.78 |                    5.00 |    883 |    47.5974 |
|        1 |        103 |          1244.70 |      1224.20 |      1265.64 |                 34.40 |                    5.00 |    883 |    47.7035 |
|        1 |        104 |          1244.70 |      1224.20 |      1284.85 |                 21.62 |                    5.00 |    883 |    47.7954 |
|        1 |        105 |          1244.70 |      1224.20 |      1279.10 |                 11.83 |                    5.26 |    885 |    47.8630 |
|        1 |        106 |          1244.70 |      1224.20 |      1277.09 |                  8.13 |                    5.00 |    886 |    47.9599 |
|        1 |        107 |          1244.70 |      1224.20 |      1271.03 |                 13.24 |                    5.00 |    886 |    48.0131 |
|        1 |        108 |          1244.70 |      1224.20 |      1277.67 |                 17.21 |                    5.00 |    890 |    48.1663 |
|        1 |        109 |          1244.70 |      1224.20 |      1294.27 |                 15.19 |                   13.13 |    892 |    48.2616 |
|        1 |        110 |          1244.70 |      1224.20 |      1285.77 |                 31.38 |                    7.24 |    895 |    48.3562 |
|        1 |        111 |          1244.70 |      1224.20 |      1299.81 |                 54.25 |                    5.00 |    897 |    48.4271 |
|        1 |        112 |          1244.70 |      1224.20 |      1281.40 |                 24.37 |                    5.00 |    904 |    48.6549 |
|        1 |        113 |          1244.70 |      1224.20 |      1279.80 |                 12.80 |                    5.47 |    904 |    48.7312 |
|        1 |        114 |          1244.70 |      1224.20 |      1269.26 |                 16.35 |                    5.00 |    905 |    48.8328 |
|        1 |        115 |          1244.70 |      1224.20 |      1257.50 |                 13.73 |                    5.00 |    908 |    48.9367 |
|        1 |        116 |          1244.70 |      1224.20 |      1257.36 |                 13.00 |                    5.00 |    909 |    49.0235 |
|        1 |        117 |          1244.70 |      1224.20 |      1259.10 |                 12.46 |                    5.00 |    911 |    49.1048 |
|        1 |        118 |          1244.70 |      1224.20 |      1259.10 |                 14.56 |                    6.10 |    911 |    49.2204 |
|        1 |        119 |          1244.70 |      1224.20 |      1258.12 |                 12.95 |                    5.00 |    912 |    49.3823 |
|        1 |        120 |          1244.70 |      1224.20 |      1252.82 |                 21.46 |                    5.00 |    915 |    49.4970 |
|        1 |        121 |          1244.70 |      1224.20 |      1262.96 |                 39.78 |                    5.00 |    915 |    49.5682 |
|        1 |        122 |          1244.70 |      1224.20 |      1249.45 |                 12.98 |                    5.00 |    918 |    49.7747 |
|        1 |        123 |          1244.70 |      1224.20 |      1250.30 |                 11.59 |                    5.00 |    919 |    49.8374 |
|        1 |        124 |          1244.70 |      1224.20 |      1249.67 |                 16.06 |                    5.00 |    919 |    49.9173 |
|        1 |        125 |          1244.70 |      1224.20 |      1231.87 |                 26.52 |                    5.00 |    922 |    50.1420 |
|        1 |        126 |          1244.70 |      1224.20 |      1256.05 |                 32.60 |                    5.91 |    925 |    50.2237 |
|        1 |        127 |          1244.70 |      1224.20 |      1253.90 |                 22.45 |                    5.00 |    926 |    50.3006 |
|        1 |        128 |          1244.70 |      1224.20 |      1249.15 |                 12.59 |                    5.00 |    930 |    50.5156 |
|        1 |        129 |          1244.70 |      1224.20 |      1249.30 |                 11.57 |                    5.69 |    930 |    50.6076 |
|        1 |        130 |          1244.70 |      1224.20 |      1263.86 |                 22.31 |                    5.00 |    933 |    50.6758 |
|        1 |        131 |          1244.70 |      1224.20 |      1250.20 |                 12.16 |                    6.04 |    937 |    50.8206 |
|        1 |        132 |          1244.70 |      1224.20 |      1255.20 |                  8.88 |                    5.00 |    940 |    50.8957 |
|        1 |        133 |          1244.70 |      1224.20 |      1254.99 |                 10.48 |                    5.00 |    941 |    50.9809 |
|        1 |        134 |          1244.70 |      1224.20 |      1264.70 |                 16.22 |                    5.00 |    944 |    51.0429 |
|        1 |        135 |          1244.70 |      1224.20 |      1263.89 |                 10.79 |                    5.00 |    945 |    51.1907 |
|        1 |        136 |          1244.70 |      1224.20 |      1264.10 |                 15.41 |                    6.81 |    945 |    51.2599 |
|        1 |        137 |          1244.70 |      1224.20 |      1264.10 |                 13.47 |                    5.00 |    945 |    51.3410 |
|        1 |        138 |          1244.70 |      1224.20 |      1264.10 |                 10.68 |                    5.26 |    945 |    51.3963 |
|        1 |        139 |          1244.70 |      1224.20 |      1257.41 |                 23.66 |                    5.00 |    946 |    51.4885 |
|        1 |        140 |          1244.70 |      1224.20 |      1270.28 |                 52.97 |                    5.00 |    948 |    51.5743 |
|        1 |        141 |          1244.70 |      1224.20 |      1272.80 |                 23.94 |                    5.00 |    948 |    51.6540 |
|        1 |        142 |          1244.70 |      1224.20 |      1271.10 |                 24.33 |                    5.00 |    948 |    51.7217 |
|        1 |        143 |          1244.70 |      1224.20 |      1271.00 |                 13.04 |                    5.00 |    948 |    51.7932 |
|        1 |        144 |          1244.70 |      1224.20 |      1271.00 |                 10.96 |                    5.00 |    948 |    51.8627 |
|        1 |        145 |          1244.70 |      1224.20 |      1254.66 |                 13.86 |                    5.00 |    951 |    51.9729 |
|        1 |        146 |          1244.70 |      1224.20 |      1258.26 |                 12.87 |                    5.00 |    951 |    52.0467 |
|        1 |        147 |          1244.70 |      1224.20 |      1256.33 |                 14.32 |                    5.00 |    951 |    52.1171 |
|        1 |        148 |          1244.70 |      1224.20 |      1258.15 |                 18.88 |                    5.00 |    951 |    52.1972 |
|        1 |        149 |          1244.70 |      1224.20 |      1262.25 |                 23.92 |                    5.00 |    951 |    52.2657 |
|        1 |        150 |          1244.70 |      1224.20 |      1238.57 |                  7.49 |                    5.00 |    952 |    52.4984 |
|        1 |        151 |          1244.70 |      1224.20 |      1237.64 |                 14.87 |                    5.00 |    953 |    52.5798 |
|        1 |        152 |          1244.70 |      1224.20 |      1260.74 |                 29.79 |                    5.00 |    953 |    52.6834 |
|        1 |        153 |          1244.70 |      1224.20 |      1271.08 |                 51.49 |                    7.67 |    953 |    52.7403 |
|        1 |        154 |          1244.70 |      1224.20 |      1251.20 |                 24.46 |                    5.00 |    953 |    52.8314 |
|        1 |        155 |          1244.70 |      1224.20 |      1255.65 |                 15.51 |                    7.49 |    955 |    52.9434 |
|        1 |        156 |          1244.70 |      1224.20 |      1243.93 |                 15.15 |                    6.11 |    957 |    53.0007 |
|        1 |        157 |          1244.70 |      1224.20 |      1239.90 |                 21.63 |                    5.09 |    959 |    53.0718 |
|        1 |        158 |          1244.70 |      1224.20 |      1263.95 |                 42.56 |                   10.00 |    962 |    53.1368 |
|        1 |        159 |          1244.70 |      1224.20 |      1269.00 |                 24.59 |                    5.00 |    965 |    53.2880 |
|        1 |        160 |          1244.70 |      1224.20 |      1264.90 |                 24.25 |                    7.08 |    965 |    53.3620 |
|        1 |        161 |          1244.70 |      1224.20 |      1249.30 |                 12.86 |                    5.00 |    967 |    53.4402 |
|        1 |        162 |          1244.70 |      1224.20 |      1269.10 |                 13.19 |                    5.00 |    971 |    53.5352 |
|        1 |        163 |          1244.70 |      1224.20 |      1272.22 |                 15.58 |                    5.00 |    975 |    53.6024 |
|        1 |        164 |          1244.70 |      1224.20 |      1281.20 |                 24.08 |                    5.00 |    977 |    53.6884 |
|        1 |        165 |          1244.70 |      1224.20 |      1269.10 |                 15.13 |                    5.00 |    977 |    53.7882 |
|        1 |        166 |          1244.70 |      1224.20 |      1272.08 |                 12.31 |                    5.61 |    979 |    53.9193 |
|        1 |        167 |          1244.70 |      1224.20 |      1268.43 |                 13.02 |                    5.00 |    980 |    53.9825 |
|        1 |        168 |          1244.70 |      1224.20 |      1270.78 |                 13.12 |                    5.00 |    981 |    54.0408 |
|        1 |        169 |          1244.70 |      1224.20 |      1269.65 |                 24.93 |                    5.00 |    984 |    54.2030 |
|        1 |        170 |          1244.70 |      1224.20 |      1278.67 |                 18.73 |                    5.00 |    985 |    54.3334 |
|        1 |        171 |          1244.70 |      1224.20 |      1258.59 |                 25.18 |                    5.00 |    985 |    54.4098 |
|        1 |        172 |          1244.70 |      1224.20 |      1263.08 |                 33.89 |                    5.00 |    985 |    54.4630 |
|        1 |        173 |          1244.70 |      1224.20 |      1269.02 |                 14.97 |                   10.34 |    990 |    54.5917 |
|        1 |        174 |          1244.70 |      1224.20 |      1277.09 |                 10.94 |                   10.40 |    991 |    54.6719 |
|        1 |        175 |          1244.70 |      1224.20 |      1277.49 |                 18.87 |                    5.00 |    991 |    54.7686 |
|        1 |        176 |          1244.70 |      1224.20 |      1269.93 |                 11.77 |                    7.98 |    992 |    54.8213 |
|        1 |        177 |          1244.70 |      1224.20 |      1276.24 |                 19.90 |                    6.70 |    992 |    54.8979 |
|        1 |        178 |          1244.70 |      1224.20 |      1292.30 |                 11.64 |                    7.44 |    997 |    55.0099 |
|        1 |        179 |          1244.70 |      1224.20 |      1280.30 |                  9.76 |                    8.59 |   1002 |    55.1231 |
|        1 |        180 |          1244.70 |      1224.20 |      1276.42 |                  9.83 |                    6.28 |   1004 |    55.1839 |
|        1 |        181 |          1244.70 |      1224.20 |      1260.96 |                 11.04 |                    8.61 |   1005 |    55.2672 |
|        1 |        182 |          1244.70 |      1224.20 |      1279.72 |                 14.26 |                   16.27 |   1007 |    55.3342 |
|        1 |        183 |          1244.70 |      1224.20 |      1282.90 |                  8.95 |                    8.36 |   1007 |    55.4419 |
|        1 |        184 |          1244.70 |      1224.20 |      1279.75 |                  6.09 |                    5.00 |   1008 |    55.5451 |
|        1 |        185 |          1244.70 |      1224.20 |      1259.69 |                 13.06 |                    5.00 |   1008 |    55.6819 |
|        1 |        186 |          1244.70 |      1224.20 |      1265.69 |                 21.47 |                    5.00 |   1008 |    55.7320 |
|        1 |        187 |          1244.70 |      1224.20 |      1275.09 |                 42.67 |                    5.00 |   1009 |    55.7977 |
|        1 |        188 |          1244.70 |      1224.20 |      1271.70 |                 27.35 |                    5.00 |   1011 |    55.8923 |
|        1 |        189 |          1244.70 |      1224.20 |      1275.10 |                 13.00 |                    5.47 |   1013 |    55.9589 |
|        1 |        190 |          1244.70 |      1224.20 |      1285.84 |                 37.33 |                    5.00 |   1016 |    56.0566 |
|        1 |        191 |          1244.70 |      1224.20 |      1259.90 |                 13.72 |                    5.19 |   1016 |    56.2682 |
|        1 |        192 |          1244.70 |      1224.20 |      1255.60 |                 11.05 |                    5.00 |   1017 |    56.4007 |
|        1 |        193 |          1244.70 |      1224.20 |      1280.89 |                 10.89 |                    5.00 |   1019 |    56.4866 |
|        1 |        194 |          1244.70 |      1224.20 |      1252.59 |                 25.88 |                    5.00 |   1021 |    56.5659 |
|        1 |        195 |          1244.70 |      1224.20 |      1283.15 |                 56.24 |                    6.29 |   1021 |    56.6360 |
|        1 |        196 |          1244.70 |      1224.20 |      1253.20 |                 26.47 |                    5.00 |   1023 |    56.7071 |
|        1 |        197 |          1244.70 |      1224.20 |      1255.50 |                 18.59 |                    5.00 |   1023 |    56.7677 |
|        1 |        198 |          1244.70 |      1224.20 |      1250.82 |                 21.07 |                    5.00 |   1025 |    56.8538 |
|        1 |        199 |          1244.70 |      1224.20 |      1258.08 |                 24.40 |                    5.00 |   1025 |    56.9216 |
|        1 |        200 |          1244.70 |      1224.20 |      1262.49 |                 18.03 |                    5.00 |   1027 |    56.9682 |
|        1 |        201 |          1244.70 |      1224.20 |      1254.63 |                 26.03 |                    5.00 |   1027 |    57.0175 |
|        1 |        202 |          1244.70 |      1224.20 |      1271.46 |                 16.05 |                    5.00 |   1028 |    57.0942 |
|        1 |        203 |          1244.70 |      1224.20 |      1280.95 |                 16.95 |                    5.00 |   1032 |    57.1991 |
|        1 |        204 |          1244.70 |      1224.20 |      1251.75 |                 26.72 |                    5.00 |   1032 |    57.2884 |
|        1 |        205 |          1244.70 |      1224.20 |      1256.21 |                 20.14 |                    5.00 |   1032 |    57.3388 |
|        1 |        206 |          1244.70 |      1224.20 |      1249.28 |                 36.22 |                    5.00 |   1032 |    57.3926 |
|        1 |        207 |          1244.70 |      1224.20 |      1273.12 |                 31.07 |                    5.00 |   1032 |    57.4571 |
|        1 |        208 |          1244.70 |      1224.20 |      1263.70 |                 19.31 |                    5.00 |   1033 |    57.5589 |
|        1 |        209 |          1244.70 |      1224.20 |      1263.70 |                 10.87 |                    5.00 |   1033 |    57.6403 |
|        1 |        210 |          1244.70 |      1224.20 |      1257.02 |                 22.24 |                    5.00 |   1033 |    57.7147 |
|        1 |        211 |          1244.70 |      1224.20 |      1287.50 |                 20.04 |                    5.00 |   1036 |    57.7822 |
|        1 |        212 |          1244.70 |      1224.20 |      1252.50 |                 14.34 |                    5.00 |   1039 |    57.8777 |
|        1 |        213 |          1244.70 |      1224.20 |      1252.50 |                 10.37 |                    5.00 |   1039 |    57.9455 |
|        1 |        214 |          1244.70 |      1224.20 |      1252.50 |                  7.88 |                    5.00 |   1039 |    58.0317 |
|        1 |        215 |          1244.70 |      1224.20 |      1254.54 |                 15.80 |                    5.00 |   1041 |    58.1121 |
|        1 |        216 |          1244.70 |      1224.20 |      1260.48 |                 14.69 |                    5.00 |   1043 |    58.1716 |
|        1 |        217 |          1244.70 |      1224.20 |      1259.03 |                 26.68 |                    5.00 |   1043 |    58.2377 |
|        1 |        218 |          1244.70 |      1224.20 |      1253.40 |                 11.02 |                    5.00 |   1046 |    58.3271 |
|        1 |        219 |          1244.70 |      1224.20 |      1244.49 |                 12.63 |                    5.00 |   1048 |    58.3891 |
|        1 |        220 |          1244.70 |      1224.20 |      1248.62 |                 14.76 |                    5.00 |   1048 |    58.4694 |
|        1 |        221 |          1244.70 |      1224.20 |      1252.47 |                 33.70 |                    5.00 |   1048 |    58.5593 |
|        1 |        222 |          1244.70 |      1224.20 |      1278.70 |                 32.61 |                    5.00 |   1050 |    58.6145 |
|        1 |        223 |          1244.70 |      1224.20 |      1274.60 |                 18.53 |                    5.00 |   1050 |    58.7107 |
|        1 |        224 |          1244.70 |      1224.20 |      1255.34 |                 22.28 |                    5.00 |   1051 |    58.8565 |
|        1 |        225 |          1244.70 |      1224.20 |      1262.86 |                 34.86 |                    5.00 |   1051 |    58.9349 |
|        1 |        226 |          1244.70 |      1224.20 |      1269.55 |                 17.06 |                    5.00 |   1052 |    59.0921 |
|        1 |        227 |          1244.70 |      1224.20 |      1251.30 |                 25.62 |                    5.00 |   1053 |    59.2357 |
|        1 |        228 |          1244.70 |      1224.20 |      1278.20 |                 13.88 |                    5.00 |   1053 |    59.3274 |
|        1 |        229 |          1244.70 |      1224.20 |      1276.07 |                 10.76 |                    5.00 |   1054 |    59.4618 |
|        1 |        230 |          1244.70 |      1224.20 |      1275.90 |                 10.80 |                    5.00 |   1054 |    59.6661 |
|        1 |        231 |          1244.70 |      1224.20 |      1276.17 |                 13.12 |                    5.00 |   1054 |    59.8348 |
|        1 |        232 |          1244.70 |      1224.20 |      1305.32 |                 16.12 |                    5.00 |   1054 |    59.9740 |
------------------------------------------------------------------------------------------------------------------------------------------------
|  Restart |  Iteration |  Best Feas. Cost |    Best Cost |   Curr. Cost |   Penalty Custom Res. |   Penalty Standard Res. |   Pool |   Time (s) |
------------------------------------------------------------------------------------------------------------------------------------------------
|        1 |        233 |          1244.70 |      1224.20 |      1296.25 |                 21.83 |                    5.00 |   1055 |    60.1442 |
|        1 |        234 |          1244.70 |      1224.20 |      1296.20 |                 12.92 |                    5.00 |   1055 |    60.2661 |
|        1 |        235 |          1244.70 |      1224.20 |      1295.70 |                 19.40 |                    5.00 |   1056 |    60.3506 |
|        1 |        236 |          1244.70 |      1224.20 |      1295.80 |                 10.71 |                    5.75 |   1056 |    60.4509 |
|        1 |        237 |          1244.70 |      1224.20 |      1295.39 |                 10.35 |                    5.26 |   1056 |    60.5635 |
|        1 |        238 |          1244.70 |      1224.20 |      1276.95 |                 19.12 |                    5.00 |   1057 |    60.7159 |
|        1 |        239 |          1244.70 |      1224.20 |      1294.43 |                 35.79 |                    5.00 |   1057 |    60.8051 |
|        1 |        240 |          1244.70 |      1224.20 |      1284.40 |                 33.15 |                    5.58 |   1057 |    60.9894 |
|        1 |        241 |          1244.70 |      1224.20 |      1284.40 |                 23.27 |                    5.00 |   1057 |    61.1425 |
|        1 |        242 |          1244.70 |      1224.20 |      1286.10 |                 14.34 |                    5.00 |   1057 |    61.2760 |
|        1 |        243 |          1244.70 |      1224.20 |      1286.10 |                 10.49 |                    5.00 |   1057 |    61.3625 |
|        1 |        244 |          1244.70 |      1224.20 |      1284.24 |                 11.06 |                    5.00 |   1057 |    61.5327 |
|        1 |        245 |          1244.70 |      1224.20 |      1271.37 |                 18.36 |                    5.00 |   1057 |    61.6414 |
|        1 |        246 |          1244.70 |      1224.20 |      1282.70 |                 20.14 |                    5.00 |   1057 |    61.8393 |
|        1 |        247 |          1244.70 |      1224.20 |      1279.20 |                 12.93 |                    5.00 |   1059 |    61.9433 |
|        1 |        248 |          1244.70 |      1224.20 |      1268.93 |                 10.84 |                    5.00 |   1061 |    62.1284 |
|        1 |        249 |          1244.70 |      1224.20 |      1275.64 |                 25.00 |                   10.55 |   1062 |    62.2289 |
|        1 |        250 |          1244.70 |      1224.20 |      1304.33 |                 44.96 |                    5.83 |   1066 |    62.3048 |
|        1 |        251 |          1244.70 |      1224.20 |      1327.55 |                 55.21 |                    5.18 |   1067 |    62.4053 |
|        1 |        252 |          1244.70 |      1224.20 |      1276.70 |                 21.89 |                    5.00 |   1068 |    62.5309 |
|        1 |        253 |          1244.70 |      1224.20 |      1227.91 |                 12.07 |                    5.00 |   1069 |    62.8980 |
|        1 |        254 |          1244.70 |      1224.20 |      1225.17 |                 37.53 |                    5.05 |   1069 |    63.0303 |
|        1 |        255 |          1244.70 |      1224.20 |      1248.67 |                 24.33 |                    5.00 |   1070 |    63.1209 |
|        1 |        256 |          1244.70 |      1224.20 |      1247.93 |                 34.74 |                    5.00 |   1071 |    63.2011 |
|        1 |        257 |          1244.70 |      1224.20 |      1254.15 |                 30.78 |                    5.69 |   1072 |    63.4653 |
|        1 |        258 |          1244.70 |      1224.20 |      1266.70 |                 18.97 |                    5.00 |   1072 |    63.5522 |
|        1 |        259 |          1244.70 |      1224.20 |      1267.03 |                 58.37 |                    5.00 |   1075 |    63.6881 |
|        1 |        260 |          1244.70 |      1224.20 |      1264.00 |                 23.12 |                    5.00 |   1075 |    63.8219 |
|        1 |        261 |          1244.70 |      1224.20 |      1263.90 |                 11.21 |                    5.00 |   1075 |    63.9022 |
|        1 |        262 |          1244.70 |      1224.20 |      1261.67 |                 29.13 |                    5.00 |   1075 |    64.0277 |
|        1 |        263 |          1244.70 |      1224.20 |      1284.01 |                 50.85 |                    5.00 |   1077 |    64.0943 |
|        1 |        264 |          1244.70 |      1224.20 |      1265.50 |                 26.99 |                    5.00 |   1077 |    64.1890 |
|        1 |        265 |          1244.70 |      1224.20 |      1265.50 |                 13.63 |                    5.00 |   1077 |    64.2808 |
|        1 |        266 |          1244.70 |      1224.20 |      1266.40 |                 20.86 |                    5.00 |   1077 |    64.3826 |
|        1 |        267 |          1244.70 |      1224.20 |      1265.65 |                 28.86 |                    5.14 |   1079 |    64.5109 |
|        1 |        268 |          1244.70 |      1224.20 |      1266.53 |                 24.90 |                    5.00 |   1080 |    64.7233 |
|        1 |        269 |          1244.70 |      1224.20 |      1275.10 |                 18.17 |                    5.00 |   1080 |    64.8829 |
|        1 |        270 |          1244.70 |      1224.20 |      1275.10 |                 25.96 |                    5.00 |   1080 |    64.9729 |
|        1 |        271 |          1244.70 |      1224.20 |      1277.60 |                 22.65 |                    5.62 |   1082 |    65.1334 |
|        1 |        272 |          1244.70 |      1224.20 |      1264.10 |                  9.53 |                    5.00 |   1085 |    65.2641 |
|        1 |        273 |          1244.70 |      1224.20 |      1247.01 |                 29.03 |                    5.00 |   1087 |    65.4037 |
|        1 |        274 |          1244.70 |      1224.20 |      1263.75 |                 26.44 |                    5.00 |   1088 |    65.4832 |
|        1 |        275 |          1244.70 |      1224.20 |      1261.07 |                 50.49 |                    5.00 |   1088 |    65.5621 |
|        1 |        276 |          1244.70 |      1224.20 |      1257.61 |                 17.40 |                    5.00 |   1090 |    65.6947 |
|        1 |        277 |          1244.70 |      1224.20 |      1257.23 |                 13.11 |                    9.45 |   1091 |    65.7666 |
|        1 |        278 |          1244.70 |      1224.20 |      1257.33 |                 12.91 |                   16.63 |   1091 |    65.8689 |
|        1 |        279 |          1244.70 |      1224.20 |      1258.27 |                 12.62 |                   24.24 |   1091 |    65.9413 |
|        1 |        280 |          1244.70 |      1224.20 |      1250.50 |                 13.26 |                    5.00 |   1096 |    66.1927 |
|        1 |        281 |          1244.70 |      1224.20 |      1262.11 |                 10.70 |                    5.00 |   1099 |    66.2916 |
|        1 |        282 |          1244.70 |      1224.20 |      1257.83 |                 23.49 |                    5.00 |   1100 |    66.3849 |
|        1 |        283 |          1244.70 |      1224.20 |      1277.60 |                 31.40 |                    5.00 |   1102 |    66.6029 |
|        1 |        284 |          1244.70 |      1224.20 |      1260.90 |                  7.46 |                    5.00 |   1104 |    66.7662 |
|        1 |        285 |          1244.70 |      1224.20 |      1232.87 |                 20.47 |                    5.00 |   1106 |    66.9710 |
|        1 |        286 |          1244.70 |      1224.20 |      1255.72 |                 39.48 |                    5.00 |   1107 |    67.0348 |
|        1 |        287 |          1244.70 |      1224.20 |      1287.26 |                 60.57 |                    5.00 |   1108 |    67.0784 |
|        1 |        288 |          1244.70 |      1224.20 |      1278.78 |                 27.52 |                    5.00 |   1113 |    67.2801 |
|        1 |        289 |          1244.70 |      1224.20 |      1250.44 |                 21.20 |                    5.00 |   1117 |    67.5284 |
|        1 |        290 |          1244.70 |      1224.20 |      1277.56 |                 35.89 |                    5.00 |   1121 |    67.6050 |
|        1 |        291 |          1244.70 |      1224.20 |      1265.50 |                 15.12 |                    5.00 |   1124 |    67.7121 |
|        1 |        292 |          1244.70 |      1224.20 |      1256.03 |                  9.86 |                    5.00 |   1129 |    67.8869 |
|        1 |        293 |          1244.70 |      1224.20 |      1257.79 |                 18.81 |                    5.00 |   1132 |    67.9930 |
|        1 |        294 |          1244.70 |      1224.20 |      1273.90 |                 10.80 |                    5.00 |   1132 |    68.0870 |
|        1 |        295 |          1244.70 |      1224.20 |      1273.90 |                 13.14 |                    5.00 |   1132 |    68.1651 |
|        1 |        296 |          1244.70 |      1224.20 |      1268.05 |                 11.84 |                    5.00 |   1133 |    68.2800 |
|        1 |        297 |          1244.70 |      1224.20 |      1279.30 |                  9.56 |                    5.00 |   1134 |    68.3503 |
|        1 |        298 |          1244.70 |      1224.20 |      1269.06 |                  9.53 |                    5.00 |   1134 |    68.4262 |
|        1 |        299 |          1244.70 |      1224.20 |      1261.90 |                  7.68 |                    5.00 |   1137 |    68.5465 |
|        1 |        300 |          1244.70 |      1224.20 |      1230.76 |                 18.21 |                    5.00 |   1141 |    68.6995 |
|        1 |        301 |          1244.70 |      1224.20 |      1261.93 |                 32.42 |                    5.00 |   1143 |    68.7654 |
|        1 |        302 |          1244.70 |      1224.20 |      1273.46 |                 26.52 |                    5.00 |   1147 |    68.9845 |
|        1 |        303 |          1244.70 |      1224.20 |      1292.35 |                 49.13 |                    5.00 |   1149 |    69.0506 |
|        1 |        304 |          1244.70 |      1224.20 |      1276.30 |                 17.74 |                    5.00 |   1151 |    69.2362 |
|        1 |        305 |          1244.70 |      1224.20 |      1251.05 |                 12.40 |                    5.00 |   1152 |    69.4142 |
|        1 |        306 |          1244.70 |      1224.20 |      1287.02 |                 25.63 |                    5.00 |   1154 |    69.4859 |
|        1 |        307 |          1244.70 |      1224.20 |      1299.29 |                 29.67 |                    5.00 |   1156 |    69.5555 |
|        1 |        308 |          1244.70 |      1224.20 |      1258.60 |                 12.49 |                    5.00 |   1159 |    69.6574 |
|        1 |        309 |          1244.70 |      1224.20 |      1241.86 |                 17.63 |                    5.00 |   1162 |    69.7954 |
|        1 |        310 |          1244.70 |      1224.20 |      1257.25 |                 32.67 |                    5.00 |   1164 |    69.8560 |
|        1 |        311 |          1244.70 |      1224.20 |      1279.00 |                 31.22 |                    5.00 |   1168 |    69.9597 |
|        1 |        312 |          1244.70 |      1224.20 |      1310.97 |                 33.22 |                    8.71 |   1174 |    70.0981 |
|        1 |        313 |          1244.70 |      1224.20 |      1296.40 |                 24.29 |                   23.85 |   1180 |    70.3178 |
|        1 |        314 |          1244.70 |      1224.20 |      1298.00 |                 35.04 |                   12.91 |   1181 |    70.3921 |
|        1 |        315 |          1244.70 |      1224.20 |      1295.49 |                 13.17 |                    5.00 |   1183 |    70.5450 |
|        1 |        316 |          1244.70 |      1224.20 |      1293.77 |                 27.24 |                    5.00 |   1184 |    70.6076 |
|        1 |        317 |          1244.70 |      1224.20 |      1301.70 |                 17.61 |                    5.00 |   1185 |    70.7311 |
|        1 |        318 |          1244.70 |      1224.20 |      1279.45 |                 10.49 |                    5.00 |   1186 |    70.8872 |
|        1 |        319 |          1244.70 |      1224.20 |      1281.71 |                 14.11 |                    5.00 |   1187 |    70.9502 |
|        1 |        320 |          1244.70 |      1224.20 |      1273.00 |                 13.20 |                    5.35 |   1187 |    71.0790 |
|        1 |        321 |          1244.70 |      1224.20 |      1258.90 |                 10.87 |                    5.00 |   1189 |    71.1670 |
|        1 |        322 |          1244.70 |      1224.20 |      1249.45 |                 12.05 |                    5.14 |   1191 |    71.2903 |
|        1 |        323 |          1244.70 |      1224.20 |      1251.39 |                 12.25 |                    5.00 |   1191 |    71.3618 |
|        1 |        324 |          1244.70 |      1224.20 |      1267.22 |                  6.04 |                    5.00 |   1193 |    71.4869 |
|        1 |        325 |          1244.70 |      1224.20 |      1263.59 |                 12.13 |                    8.22 |   1195 |    71.5528 |
|        1 |        326 |          1244.70 |      1224.20 |      1272.70 |                 14.51 |                    5.00 |   1198 |    71.7732 |
|        1 |        327 |          1244.70 |      1224.20 |      1270.10 |                 14.61 |                    5.00 |   1198 |    71.8406 |
|        1 |        328 |          1244.70 |      1224.20 |      1313.60 |                 11.23 |                    5.00 |   1202 |    71.8976 |
|        1 |        329 |          1244.70 |      1224.20 |      1307.74 |                 11.16 |                    5.00 |   1206 |    72.0091 |
|        1 |        330 |          1244.70 |      1224.20 |      1238.02 |                 19.82 |                    5.00 |   1206 |    72.1215 |
|        1 |        331 |          1244.70 |      1224.20 |      1252.52 |                 31.96 |                    5.00 |   1209 |    72.1844 |
|        1 |        332 |          1244.70 |      1224.20 |      1265.89 |                 54.69 |                    5.00 |   1209 |    72.3019 |
|        1 |        333 |          1244.70 |      1224.20 |      1289.78 |                 38.02 |                    5.00 |   1209 |    72.3860 |
|        1 |        334 |          1244.70 |      1224.20 |      1271.86 |                 57.08 |                    5.00 |   1209 |    72.4698 |
|        1 |        335 |          1244.70 |      1224.20 |      1286.50 |                 30.92 |                    5.00 |   1209 |    72.5514 |
|        1 |        336 |          1244.70 |      1224.20 |      1284.70 |                 15.92 |                    5.00 |   1211 |    72.6461 |
|        1 |        337 |          1244.70 |      1224.20 |      1269.47 |                 26.64 |                    5.00 |   1214 |    72.7701 |
|        1 |        338 |          1244.70 |      1224.20 |      1273.10 |                 14.28 |                    5.00 |   1217 |    72.8539 |
|        1 |        339 |          1244.70 |      1224.20 |      1273.10 |                 17.75 |                    5.00 |   1217 |    72.9282 |
|        1 |        340 |          1244.70 |      1224.20 |      1255.70 |                 12.78 |                    5.00 |   1219 |    73.2744 |
|        1 |        341 |          1244.70 |      1224.20 |      1255.90 |                 10.64 |                    5.00 |   1219 |    73.4384 |
|        1 |        342 |          1244.70 |      1224.20 |      1245.42 |                 16.12 |                    5.00 |   1220 |    73.5859 |
|        1 |        343 |          1244.70 |      1224.20 |      1271.40 |                  9.09 |                    5.00 |   1223 |    73.6805 |
|        1 |        344 |          1244.70 |      1224.20 |      1257.13 |                  7.47 |                    5.00 |   1225 |    73.8628 |
|        1 |        345 |          1244.70 |      1224.20 |      1232.35 |                 16.56 |                    5.00 |   1227 |    73.9668 |
|        1 |        346 |          1244.70 |      1224.20 |      1241.20 |                 20.54 |                    5.00 |   1227 |    74.0702 |
|        1 |        347 |          1244.70 |      1224.20 |      1240.33 |                 29.36 |                    5.00 |   1228 |    74.1431 |
|        1 |        348 |          1244.70 |      1224.20 |      1248.85 |                 46.86 |                    5.00 |   1228 |    74.2104 |
|        1 |        349 |          1244.70 |      1224.20 |      1290.80 |                 29.35 |                    5.00 |   1233 |    74.3982 |
|        1 |        350 |          1244.70 |      1224.20 |      1285.20 |                 13.47 |                    5.00 |   1235 |    74.5932 |
|        1 |        351 |          1244.70 |      1224.20 |      1257.77 |                 14.62 |                    6.87 |   1237 |    74.8539 |
|        1 |        352 |          1244.70 |      1224.20 |      1261.44 |                 32.74 |                    5.00 |   1240 |    74.9683 |
|        1 |        353 |          1244.70 |      1224.20 |      1288.86 |                 61.29 |                    5.00 |   1240 |    75.1227 |
|        1 |        354 |          1244.70 |      1224.20 |      1293.80 |                 42.64 |                    5.00 |   1243 |    75.2277 |
|        1 |        355 |          1244.70 |      1224.20 |      1293.80 |                 29.36 |                    5.00 |   1243 |    75.3299 |
|        1 |        356 |          1244.70 |      1224.20 |      1270.11 |                 28.85 |                    5.00 |   1245 |    75.5287 |
|        1 |        357 |          1244.70 |      1224.20 |      1279.64 |                 47.93 |                    5.47 |   1245 |    75.6022 |
|        1 |        358 |          1244.70 |      1224.20 |      1283.00 |                 31.33 |                    5.00 |   1248 |    75.7494 |
|        1 |        359 |          1244.70 |      1224.20 |      1283.00 |                 17.14 |                    5.00 |   1248 |    75.8239 |
|        1 |        360 |          1244.70 |      1224.20 |      1281.40 |                  8.74 |                    5.00 |   1249 |    75.9093 |
|        1 |        361 |          1244.70 |      1224.20 |      1237.41 |                 19.08 |                    5.00 |   1251 |    76.1472 |
|        1 |        362 |          1244.70 |      1224.20 |      1268.15 |                 28.10 |                    5.00 |   1253 |    76.2135 |
|        1 |        363 |          1244.70 |      1224.20 |      1271.70 |                  9.10 |                    5.00 |   1256 |    76.3896 |
|        1 |        364 |          1244.70 |      1224.20 |      1284.26 |                 19.01 |                    5.00 |   1257 |    76.4855 |
|        1 |        365 |          1244.70 |      1224.20 |      1311.89 |                 47.01 |                    5.00 |   1261 |    76.6026 |
|        1 |        366 |          1244.70 |      1224.20 |      1309.60 |                 37.10 |                    5.00 |   1266 |    76.7506 |
|        1 |        367 |          1244.70 |      1224.20 |      1276.63 |                 15.18 |                    5.00 |   1267 |    77.0539 |
|        1 |        368 |          1244.70 |      1224.20 |      1273.58 |                 13.20 |                    5.00 |   1267 |    77.3139 |
|        1 |        369 |          1244.70 |      1224.20 |      1261.30 |                  8.31 |                    5.00 |   1270 |    77.3815 |
|        1 |        370 |          1244.70 |      1224.20 |      1240.49 |                 13.75 |                    5.00 |   1274 |    77.5261 |
|        1 |        371 |          1244.70 |      1224.20 |      1265.40 |                 13.16 |                    6.22 |   1276 |    77.6104 |
|        1 |        372 |          1244.70 |      1224.20 |      1247.80 |                 30.45 |                    5.00 |   1279 |    77.9268 |
|        1 |        373 |          1244.70 |      1224.20 |      1267.48 |                 58.13 |                    5.00 |   1282 |    77.9965 |
|        1 |        374 |          1244.70 |      1224.20 |      1289.40 |                 74.10 |                    7.36 |   1285 |    78.1972 |
|        1 |        375 |          1244.70 |      1224.20 |      1289.10 |                 32.16 |                    5.00 |   1288 |    78.3173 |
|        1 |        376 |          1244.70 |      1224.20 |      1289.10 |                 20.20 |                    5.00 |   1288 |    78.4433 |
|        1 |        377 |          1244.70 |      1224.20 |      1268.65 |                 23.59 |                    5.00 |   1291 |    78.5974 |
|        1 |        378 |          1244.70 |      1224.20 |      1276.55 |                 39.19 |                    5.00 |   1292 |    78.6819 |
|        1 |        379 |          1244.70 |      1224.20 |      1285.90 |                 28.05 |                    5.00 |   1297 |    78.7910 |
|        1 |        380 |          1244.70 |      1224.20 |      1280.30 |                  5.77 |                    5.00 |   1300 |    79.0475 |
|        1 |        381 |          1244.70 |      1224.20 |      1265.04 |                 12.02 |                    5.00 |   1303 |    79.2039 |
|        1 |        382 |          1244.70 |      1224.20 |      1261.15 |                 19.32 |                    5.00 |   1306 |    79.3489 |
|        1 |        383 |          1244.70 |      1224.20 |      1277.81 |                 36.52 |                    5.00 |   1308 |    79.4283 |
|        1 |        384 |          1244.70 |      1224.20 |      1273.10 |                 25.34 |                    6.10 |   1311 |    79.5708 |
|        1 |        385 |          1244.70 |      1224.20 |      1272.90 |                 13.32 |                    5.00 |   1312 |    79.6651 |
|        1 |        386 |          1244.70 |      1224.20 |      1257.88 |                 10.01 |                    5.00 |   1313 |    79.8413 |
|        1 |        387 |          1244.70 |      1224.20 |      1260.23 |                 18.18 |                    5.00 |   1313 |    79.9315 |
------------------------------------------------------------------------------------------------------------------------------------------------
|  Restart |  Iteration |  Best Feas. Cost |    Best Cost |   Curr. Cost |   Penalty Custom Res. |   Penalty Standard Res. |   Pool |   Time (s) |
------------------------------------------------------------------------------------------------------------------------------------------------
|        1 |        388 |          1244.70 |      1224.20 |      1274.40 |                 13.27 |                    5.00 |   1315 |    80.0990 |
|        1 |        389 |          1244.70 |      1224.20 |      1261.50 |                 10.82 |                    5.31 |   1316 |    80.2296 |
|        1 |        390 |          1244.70 |      1216.85 |      1216.85 |                 19.82 |                    5.00 |   1319 |    80.4000 |
|        1 |        391 |          1244.70 |      1216.85 |      1241.29 |                 37.85 |                    5.00 |   1322 |    80.5028 |
|        1 |        392 |          1244.70 |      1216.85 |      1269.90 |                 62.72 |                    5.00 |   1322 |    80.6560 |
|        1 |        393 |          1244.70 |      1216.85 |      1291.02 |                 37.51 |                    5.00 |   1322 |    80.8695 |
|        1 |        394 |          1244.70 |      1216.85 |      1273.10 |                 19.72 |                    5.00 |   1323 |    81.0131 |
|        1 |        395 |          1244.70 |      1216.85 |      1272.70 |                 18.89 |                    5.00 |   1325 |    81.1176 |
|        1 |        396 |          1244.70 |      1216.85 |      1266.00 |                  7.33 |                    5.00 |   1325 |    81.4912 |
|        1 |        397 |          1244.70 |      1216.85 |      1241.19 |                  7.67 |                    5.26 |   1326 |    81.7201 |
|        1 |        398 |          1244.70 |      1216.85 |      1261.51 |                 24.31 |                    7.15 |   1327 |    82.0540 |
|        1 |        399 |          1244.70 |      1216.85 |      1274.97 |                 25.45 |                    5.00 |   1327 |    82.2518 |
|        1 |        400 |          1244.70 |      1216.85 |      1276.46 |                 41.40 |                    5.00 |   1327 |    82.4308 |
|        1 |        401 |          1244.70 |      1216.85 |      1278.85 |                 17.02 |                    5.00 |   1333 |    82.9448 |
|        1 |        402 |          1244.70 |      1216.85 |      1266.99 |                 22.57 |                    5.00 |   1340 |    83.2556 |
|        1 |        403 |          1244.70 |      1216.85 |      1295.16 |                 16.32 |                    5.00 |   1344 |    83.4223 |
|        1 |        404 |          1244.70 |      1216.85 |      1234.66 |                 18.52 |                    6.10 |   1349 |    84.0353 |
|        1 |        405 |          1244.70 |      1216.85 |      1246.02 |                 40.23 |                    5.00 |   1352 |    84.1687 |
|        1 |        406 |          1244.70 |      1216.85 |      1253.90 |                 28.98 |                    5.00 |   1353 |    84.4356 |
|        1 |        407 |          1244.70 |      1216.85 |      1253.90 |                 14.06 |                    5.00 |   1353 |    84.5933 |
|        1 |        408 |          1244.70 |      1216.85 |      1261.40 |                 26.03 |                    5.00 |   1353 |    84.7605 |
|        1 |        409 |          1244.70 |      1216.85 |      1250.10 |                 13.22 |                    5.00 |   1353 |    85.1269 |
|        1 |        410 |          1244.70 |      1216.85 |      1268.60 |                 10.68 |                    5.00 |   1356 |    85.2528 |
|        1 |        411 |          1244.70 |      1216.85 |      1273.62 |                 17.92 |                    5.00 |   1356 |    85.3746 |
|        1 |        412 |          1244.70 |      1216.85 |      1280.96 |                 28.89 |                    5.86 |   1356 |    85.4707 |
|        1 |        413 |          1244.70 |      1216.85 |      1293.17 |                 42.93 |                    5.00 |   1356 |    85.6538 |
|        1 |        414 |          1244.70 |      1216.85 |      1268.60 |                 22.11 |                    5.00 |   1356 |    85.8286 |
|        1 |        415 |          1244.70 |      1216.85 |      1265.18 |                 12.03 |                    5.00 |   1358 |    86.1909 |
|        1 |        416 |          1244.70 |      1216.85 |      1266.63 |                 17.18 |                    5.00 |   1358 |    86.3190 |
|        1 |        417 |          1244.70 |      1216.85 |      1273.39 |                 12.68 |                    6.47 |   1358 |    86.4400 |
|        1 |        418 |          1244.70 |      1216.85 |      1276.80 |                 10.87 |                    5.00 |   1358 |    86.5897 |
|        1 |        419 |          1244.70 |      1216.85 |      1282.31 |                 11.13 |                    5.00 |   1359 |    86.9372 |
|        1 |        420 |          1244.70 |      1216.85 |      1265.97 |                 13.00 |                    5.00 |   1361 |    87.1643 |
|        1 |        421 |          1244.70 |      1216.85 |      1284.33 |                 20.52 |                    6.94 |   1363 |    87.2923 |
|        1 |        422 |          1244.70 |      1216.85 |      1322.59 |                 38.42 |                    5.00 |   1365 |    87.4054 |
|        1 |        423 |          1244.70 |      1216.85 |      1309.70 |                 28.86 |                    5.00 |   1370 |    87.6464 |
|        1 |        424 |          1244.70 |      1216.85 |      1309.20 |                 13.72 |                    5.00 |   1376 |    87.7544 |
|        1 |        425 |          1244.70 |      1216.85 |      1276.23 |                 23.89 |                    5.00 |   1377 |    87.8997 |
|        1 |        426 |          1244.70 |      1216.85 |      1283.89 |                 44.26 |                    5.00 |   1377 |    88.0028 |
|        1 |        427 |          1244.70 |      1216.85 |      1269.20 |                 20.59 |                    5.00 |   1380 |    88.1515 |
|        1 |        428 |          1244.70 |      1216.85 |      1269.20 |                 12.95 |                    5.58 |   1380 |    88.2935 |
|        1 |        429 |          1244.70 |      1216.85 |      1264.16 |                 13.14 |                    5.00 |   1380 |    88.4694 |
|        1 |        430 |          1244.70 |      1216.85 |      1258.41 |                 11.82 |                    5.00 |   1380 |    88.5960 |
|        1 |        431 |          1244.70 |      1216.85 |      1282.08 |                 16.71 |                    5.58 |   1383 |    88.7040 |
|        1 |        432 |          1244.70 |      1216.85 |      1282.20 |                 10.31 |                    5.00 |   1383 |    88.7738 |
|        1 |        433 |          1244.70 |      1216.85 |      1262.21 |                 13.97 |                    5.00 |   1385 |    88.9077 |
|        1 |        434 |          1244.70 |      1216.85 |      1272.55 |                 13.92 |                    5.00 |   1386 |    89.0022 |
|        1 |        435 |          1244.70 |      1216.85 |      1264.70 |                 31.17 |                    5.00 |   1386 |    89.1134 |
|        1 |        436 |          1244.70 |      1216.85 |      1273.92 |                 18.74 |                    5.00 |   1387 |    89.3122 |
|        1 |        437 |          1244.70 |      1216.85 |      1241.76 |                 32.66 |                    5.00 |   1391 |    89.4012 |
|        1 |        438 |          1244.70 |      1216.85 |      1286.82 |                 50.53 |                    5.00 |   1392 |    89.4739 |
|        1 |        439 |          1244.70 |      1216.85 |      1258.30 |                 37.80 |                    5.00 |   1393 |    89.6933 |
|        1 |        440 |          1244.70 |      1216.85 |      1271.20 |                 20.07 |                    5.00 |   1395 |    89.7529 |
|        1 |        441 |          1244.70 |      1216.85 |      1255.58 |                 24.90 |                    5.00 |   1398 |    89.8473 |
|        1 |        442 |          1244.70 |      1216.85 |      1262.21 |                 29.11 |                    5.63 |   1398 |    89.9122 |
|        1 |        443 |          1244.70 |      1216.85 |      1280.90 |                 27.60 |                    5.00 |   1399 |    89.9780 |
|        1 |        444 |          1244.70 |      1216.85 |      1279.50 |                 14.06 |                    5.00 |   1401 |    90.0644 |
|        1 |        445 |          1244.70 |      1216.85 |      1279.50 |                 19.67 |                    7.43 |   1401 |    90.1644 |
|        1 |        446 |          1244.70 |      1216.85 |      1279.50 |                 15.58 |                    5.00 |   1401 |    90.2253 |
|        1 |        447 |          1244.70 |      1216.85 |      1289.70 |                 12.71 |                    5.00 |   1401 |    90.2887 |
|        1 |        448 |          1244.70 |      1216.85 |      1270.80 |                 20.21 |                    5.00 |   1402 |    90.4122 |
|        1 |        449 |          1244.70 |      1216.85 |      1270.80 |                 11.40 |                    5.00 |   1402 |    90.4673 |
|        1 |        450 |          1244.70 |      1216.85 |      1252.83 |                 20.82 |                    5.79 |   1403 |    90.6126 |
|        1 |        451 |          1244.70 |      1216.85 |      1259.80 |                 11.48 |                    5.00 |   1405 |    90.7356 |
|        1 |        452 |          1244.70 |      1216.85 |      1243.62 |                 12.59 |                    5.00 |   1406 |    90.9121 |
|        1 |        453 |          1244.70 |      1216.85 |      1254.77 |                 22.87 |                    5.00 |   1409 |    90.9741 |
|        1 |        454 |          1244.70 |      1216.85 |      1284.98 |                 46.36 |                    5.00 |   1409 |    91.0471 |
|        1 |        455 |          1244.70 |      1216.85 |      1318.71 |                 32.55 |                    5.00 |   1411 |    91.1394 |
|        1 |        456 |          1244.70 |      1216.85 |      1285.00 |                 42.06 |                    5.00 |   1415 |    91.2218 |
|        1 |        457 |          1244.70 |      1216.85 |      1282.20 |                 32.60 |                    5.00 |   1417 |    91.3183 |
|        1 |        458 |          1244.70 |      1216.85 |      1303.69 |                 51.96 |                    5.00 |   1418 |    91.4033 |
|        1 |        459 |          1244.70 |      1216.85 |      1293.40 |                 31.96 |                    5.00 |   1420 |    91.5288 |
|        1 |        460 |          1244.70 |      1216.85 |      1246.90 |                 14.63 |                    5.00 |   1425 |    91.7756 |
|        1 |        461 |          1244.70 |      1216.85 |      1246.90 |                 10.91 |                    5.00 |   1425 |    91.8559 |
|        1 |        462 |          1244.70 |      1216.85 |      1280.60 |                 19.20 |                    5.00 |   1429 |    91.9511 |
|        1 |        463 |          1244.70 |      1216.85 |      1263.29 |                 33.15 |                    5.00 |   1433 |    92.2159 |
|        1 |        464 |          1244.70 |      1216.85 |      1279.60 |                 28.63 |                    6.29 |   1441 |    92.3459 |
|        1 |        465 |          1244.70 |      1216.85 |      1275.09 |                 44.72 |                    5.00 |   1444 |    92.4292 |
|        1 |        466 |          1244.70 |      1216.85 |      1284.40 |                 22.50 |                    5.00 |   1446 |    92.5631 |
|        1 |        467 |          1244.70 |      1216.85 |      1281.67 |                 28.32 |                    5.00 |   1448 |    92.7578 |
|        1 |        468 |          1244.70 |      1216.85 |      1325.67 |                 25.81 |                    5.00 |   1448 |    92.8231 |
|        1 |        469 |          1244.70 |      1216.85 |      1282.03 |                 15.19 |                    5.00 |   1450 |    93.0261 |
|        1 |        470 |          1244.70 |      1216.85 |      1281.69 |                 36.05 |                    8.54 |   1454 |    93.1402 |
|        1 |        471 |          1244.70 |      1216.85 |      1298.80 |                 24.08 |                    5.48 |   1456 |    93.2180 |
|        1 |        472 |          1244.70 |      1216.85 |      1269.46 |                 21.48 |                    5.00 |   1458 |    93.3030 |
|        1 |        473 |          1244.70 |      1216.85 |      1256.58 |                 16.86 |                    5.00 |   1458 |    93.3540 |
|        1 |        474 |          1244.70 |      1216.85 |      1250.88 |                 18.00 |                    5.80 |   1458 |    93.4551 |
|        1 |        475 |          1244.70 |      1216.85 |      1269.28 |                 20.22 |                    5.00 |   1458 |    93.5365 |
|        1 |        476 |          1244.70 |      1216.85 |      1249.25 |                 21.13 |                    5.00 |   1459 |    93.6540 |
|        1 |        477 |          1244.70 |      1216.85 |      1262.38 |                 21.92 |                    5.00 |   1460 |    93.7187 |
|        1 |        478 |          1244.70 |      1216.85 |      1260.34 |                 32.92 |                    5.00 |   1460 |    93.7896 |
|        1 |        479 |          1244.70 |      1216.85 |      1276.00 |                 17.96 |                    5.00 |   1463 |    93.9019 |
|        1 |        480 |          1244.70 |      1216.85 |      1275.70 |                 17.02 |                    5.00 |   1464 |    93.9791 |
|        1 |        481 |          1244.70 |      1216.85 |      1267.10 |                 24.88 |                    5.00 |   1465 |    94.1764 |
|        1 |        482 |          1244.70 |      1216.85 |      1260.97 |                 11.32 |                    5.00 |   1465 |    94.3287 |
|        1 |        483 |          1244.70 |      1216.85 |      1261.40 |                 13.64 |                    5.00 |   1465 |    94.3932 |
|        1 |        484 |          1244.70 |      1216.85 |      1255.50 |                 14.79 |                    9.05 |   1468 |    94.5990 |
|        1 |        485 |          1244.70 |      1216.85 |      1257.74 |                 24.09 |                    6.62 |   1468 |    94.6501 |
|        1 |        486 |          1244.70 |      1216.85 |      1273.95 |                 17.60 |                    5.00 |   1470 |    94.7230 |
|        1 |        487 |          1244.70 |      1216.85 |      1238.90 |                 31.28 |                    5.00 |   1472 |    94.8182 |
|        1 |        488 |          1244.70 |      1216.85 |      1240.23 |                 20.61 |                    5.00 |   1473 |    94.9629 |
|        1 |        489 |          1244.70 |      1216.85 |      1232.12 |                 15.83 |                    5.00 |   1474 |    95.0537 |
|        1 |        490 |          1244.70 |      1216.85 |      1227.57 |                 28.47 |                    5.00 |   1474 |    95.1186 |
|        1 |        491 |          1244.70 |      1216.85 |      1241.02 |                 59.44 |                    5.00 |   1474 |    95.1845 |
|        1 |        492 |          1244.70 |      1216.85 |      1254.80 |                 34.15 |                    5.00 |   1476 |    95.2594 |
|        1 |        493 |          1244.70 |      1216.85 |      1250.88 |                 20.94 |                    5.00 |   1478 |    95.4235 |
|        1 |        494 |          1244.70 |      1216.85 |      1248.80 |                 32.01 |                    5.00 |   1480 |    95.5250 |
|        1 |        495 |          1244.70 |      1216.85 |      1248.80 |                 16.15 |                    5.00 |   1480 |    95.5962 |
|        1 |        496 |          1244.70 |      1216.85 |      1248.80 |                 14.56 |                    5.41 |   1480 |    95.6590 |
|        1 |        497 |          1244.70 |      1216.85 |      1248.80 |                 10.53 |                    5.00 |   1480 |    95.7270 |
|        1 |        498 |          1244.70 |      1216.85 |      1243.03 |                 22.35 |                    5.00 |   1483 |    95.8800 |
|        1 |        499 |          1244.70 |      1216.85 |      1256.45 |                 39.36 |                    5.00 |   1483 |    95.9740 |
|        1 |        500 |          1244.70 |      1216.85 |      1265.56 |                 29.01 |                    7.65 |   1484 |    96.1008 |
------------------------------------------------------------------------------------------------------------------------------------------------
Version identifier: 22.1.2.0 | 2024-11-26 | 0edbb82fd
CPXPARAM_MIP_Tolerances_UpperCutoff              1244.80000000009
Tried aggregator 1 time.
MIP Presolve eliminated 2 rows and 142 columns.
MIP Presolve modified 665 coefficients.
Reduced MIP has 99 rows, 1342 columns, and 9343 nonzeros.
Reduced MIP has 1342 binaries, 0 generals, 0 SOSs, and 0 indicators.
Presolve time = 0.01 sec. (10.01 ticks)
Probing fixed 13 vars, tightened 0 bounds.
Probing time = 0.02 sec. (26.65 ticks)
Tried aggregator 1 time.
Detecting symmetries...
MIP Presolve eliminated 0 rows and 14 columns.
Reduced MIP has 99 rows, 1328 columns, and 9254 nonzeros.
Reduced MIP has 1328 binaries, 0 generals, 0 SOSs, and 0 indicators.
Presolve time = 0.01 sec. (7.36 ticks)
Probing time = 0.00 sec. (2.94 ticks)
Clique table members: 1516.
MIP emphasis: balance optimality and feasibility.
MIP search method: dynamic search.
Parallel mode: deterministic, using up to 8 threads.
Root relaxation solution time = 0.03 sec. (16.81 ticks)

        Nodes                                         Cuts/
   Node  Left     Objective  IInf  Best Integer    Best Bound    ItCnt     Gap

      0     0     1220.5737    59                   1220.5737      393         
*     0+    0                         1244.6000     1220.5737             1.93%
      0     0     1224.7925    65     1244.6000      Cuts: 34      506    1.59%
      0     0     1226.6667    72     1244.6000      Cuts: 25      606    1.44%
      0     0     1227.8028    96     1244.6000      Cuts: 28      699    1.35%
      0     0     1228.2846    95     1244.6000      Cuts: 25      763    1.31%
      0     0     1228.5286   112     1244.6000      Cuts: 21      818    1.29%
Detecting symmetries...
*     0+    0                         1229.4000     1228.5286             0.07%
      0     0        cutoff           1229.4000     1229.4000      852    0.00%
Elapsed time = 0.39 sec. (197.69 ticks, tree = 0.01 MB, solutions = 2)
objective_value(sp) = 1229.4
102.469534 seconds (6.95 M allocations: 347.181 MiB, 0.46% gc time, 6.23% compilation time)
#1: 0 (0.0) {24.0} -> 39 (31.0) {57.9} [34.0, 64.0] -> 67 (56.0) {77.7} [73.0, 103.0] -> 55 (58.0) {126.0} [126.0, 156.0] -> 25 (64.0) {156.0} [156.0, 186.0] -> 54 (82.0) {178.0} [0.0, 197.0] -> 0 (82.0) {210.8} [0.0, 230.0]
#2: 0 (0.0) {33.0} -> 72 (25.0) {55.4} [0.0, 197.0] -> 23 (54.0) {79.0} [58.0, 88.0] -> 41 (59.0) {102.1} [87.0, 117.0] -> 22 (77.0) {116.3} [87.0, 117.0] -> 75 (95.0) {130.4} [0.0, 192.0] -> 56 (101.0) {144.5} [120.0, 150.0] -> 4 (120.0) {162.7} [139.0, 169.0] -> 26 (137.0) {186.8} [0.0, 208.0] -> 0 (137.0) {207.9} [0.0, 230.0]
#3: 0 (0.0) {36.0} -> 53 (14.0) {85.0} [85.0, 115.0] -> 40 (23.0) {101.7} [75.0, 105.0] -> 21 (34.0) {118.7} [0.0, 201.0] -> 73 (43.0) {131.8} [0.0, 199.0] -> 74 (51.0) {146.2} [139.0, 169.0] -> 2 (58.0) {167.9} [0.0, 202.0] -> 58 (76.0) {186.9} [180.0, 210.0] -> 0 (76.0) {205.9} [0.0, 230.0]
#4: 0 (0.0) {13.0} -> 42 (5.0) {38.4} [25.0, 55.0] -> 43 (12.0) {57.4} [0.0, 185.0] -> 15 (20.0) {74.6} [51.0, 81.0] -> 57 (27.0) {91.8} [0.0, 196.0] -> 87 (53.0) {109.0} [83.0, 113.0] -> 0 (53.0) {137.3} [0.0, 230.0]
#5: 0 (0.0) {34.0} -> 94 (27.0) {46.0} [0.0, 207.0] -> 99 (36.0) {73.0} [73.0, 103.0] -> 5 (62.0) {89.4} [0.0, 199.0] -> 84 (69.0) {103.5} [91.0, 121.0] -> 17 (71.0) {147.0} [147.0, 177.0] -> 61 (84.0) {166.2} [0.0, 194.0] -> 85 (125.0) {180.6} [0.0, 196.0] -> 93 (147.0) {193.4} [169.0, 199.0] -> 0 (147.0) {223.6} [0.0, 230.0]
#6: 0 (0.0) {33.0} -> 27 (16.0) {38.0} [27.0, 57.0] -> 88 (25.0) {64.0} [64.0, 94.0] -> 30 (46.0) {90.1} [61.0, 91.0] -> 70 (51.0) {168.0} [168.0, 198.0] -> 0 (51.0) {199.0} [0.0, 230.0]
#7: 0 (0.0) {36.0} -> 89 (15.0) {45.0} [0.0, 211.0] -> 6 (18.0) {89.0} [89.0, 119.0] -> 96 (29.0) {103.2} [0.0, 204.0] -> 59 (57.0) {116.3} [0.0, 202.0] -> 98 (67.0) {129.9} [0.0, 198.0] -> 37 (75.0) {141.3} [0.0, 198.0] -> 97 (87.0) {156.3} [0.0, 202.0] -> 13 (110.0) {172.7} [149.0, 179.0] -> 0 (110.0) {193.8} [0.0, 230.0]
#8: 0 (0.0) {27.0} -> 45 (16.0) {56.1} [29.0, 59.0] -> 46 (17.0) {76.8} [0.0, 184.0] -> 8 (26.0) {96.2} [85.0, 115.0] -> 83 (37.0) {113.4} [0.0, 198.0] -> 60 (40.0) {127.6} [0.0, 201.0] -> 18 (52.0) {144.3} [0.0, 204.0] -> 0 (52.0) {170.1} [0.0, 230.0]
#9: 0 (0.0) {33.0} -> 62 (19.0) {58.4} [48.0, 78.0] -> 11 (31.0) {76.4} [57.0, 87.0] -> 19 (48.0) {93.4} [0.0, 187.0] -> 49 (78.0) {115.4} [98.0, 128.0] -> 47 (105.0) {137.5} [0.0, 185.0] -> 48 (141.0) {153.9} [0.0, 192.0] -> 82 (157.0) {169.2} [0.0, 196.0] -> 7 (162.0) {185.0} [0.0, 198.0] -> 52 (171.0) {204.8} [0.0, 208.0] -> 0 (171.0) {226.1} [0.0, 230.0]
#10: 0 (0.0) {15.0} -> 36 (5.0) {56.4} [41.0, 71.0] -> 64 (14.0) {87.8} [63.0, 93.0] -> 63 (24.0) {112.2} [0.0, 185.0] -> 90 (27.0) {126.6} [0.0, 187.0] -> 10 (43.0) {143.6} [114.0, 144.0] -> 31 (70.0) {161.6} [0.0, 202.0] -> 0 (70.0) {189.0} [0.0, 230.0]
#11: 0 (0.0) {32.0} -> 33 (11.0) {56.7} [27.0, 57.0] -> 81 (37.0) {69.5} [0.0, 192.0] -> 78 (40.0) {86.0} [86.0, 116.0] -> 9 (56.0) {106.0} [87.0, 117.0] -> 71 (71.0) {124.2} [0.0, 180.0] -> 35 (79.0) {140.9} [133.0, 163.0] -> 34 (93.0) {161.0} [0.0, 183.0] -> 3 (106.0) {185.1} [0.0, 197.0] -> 77 (120.0) {197.9} [169.0, 199.0] -> 0 (120.0) {227.5} [0.0, 230.0]
#12: 0 (0.0) {35.0} -> 69 (6.0) {47.1} [40.0, 70.0] -> 50 (19.0) {67.1} [0.0, 203.0] -> 76 (32.0) {82.4} [63.0, 93.0] -> 79 (55.0) {102.4} [82.0, 112.0] -> 29 (64.0) {121.6} [0.0, 190.0] -> 24 (67.0) {138.6} [0.0, 190.0] -> 68 (103.0) {158.4} [132.0, 162.0] -> 80 (109.0) {170.4} [168.0, 198.0] -> 12 (128.0) {186.7} [0.0, 205.0] -> 28 (144.0) {205.9} [0.0, 213.0] -> 0 (144.0) {222.2} [0.0, 230.0]
#13: 0 (0.0) {29.0} -> 92 (2.0) {47.3} [18.0, 48.0] -> 44 (20.0) {70.9} [59.0, 89.0] -> 38 (36.0) {91.7} [73.0, 103.0] -> 14 (56.0) {112.8} [0.0, 187.0] -> 86 (91.0) {136.4} [0.0, 184.0] -> 16 (110.0) {152.7} [0.0, 190.0] -> 91 (111.0) {167.7} [0.0, 194.0] -> 100 (128.0) {180.8} [165.0, 195.0] -> 95 (148.0) {200.0} [0.0, 205.0] -> 0 (148.0) {224.8} [0.0, 230.0]
#14: 0 (0.0) {28.0} -> 65 (20.0) {77.9} [49.0, 79.0] -> 66 (45.0) {117.0} [117.0, 147.0] -> 32 (68.0) {141.5} [0.0, 186.0] -> 20 (77.0) {162.2} [0.0, 188.0] -> 51 (87.0) {180.2} [0.0, 193.0] -> 1 (97.0) {202.2} [0.0, 204.0] -> 0 (97.0) {227.4} [0.0, 230.0]

Dist: 1229.4. Cost: 1229.4

Clique cuts applied:  51
Zero-half cuts applied:  12

Root node processing (before b&c):
  Real time             =    0.39 sec. (197.74 ticks)
Parallel b&c, 8 threads:
  Real time             =    0.00 sec. (0.00 ticks)
  Sync time (average)   =    0.00 sec.
  Wait time (average)   =    0.00 sec.
                          ------------
Total (root+branch&cut) =    0.39 sec. (197.74 ticks)
