Solving instance /mnt/c/Users/bruno.mattos/OneDrive - americanas s.a/Documentos/GitHub/GenericILS/TWRD/100/R110_100_015.vrptwrd...
------------------------------------------------------------------------------------------------------------------------------------------------
|  Restart |  Iteration |  Best Feas. Cost |    Best Cost |   Curr. Cost |   Penalty Custom Res. |   Penalty Standard Res. |   Pool |   Time (s) |
------------------------------------------------------------------------------------------------------------------------------------------------
|        1 |          1 |          1182.40 |      1182.40 |      1193.50 |                  5.00 |                    5.00 |     26 |     0.4039 |
|        1 |          0 |          1181.80 |      1181.80 |      1181.80 |                  5.25 |                    5.00 |     33 |     0.9210 |
|        1 |          1 |          1181.80 |      1181.80 |      1181.80 |                  5.00 |                    5.00 |     33 |     0.9819 |
|        1 |          2 |          1181.80 |      1181.80 |      1183.70 |                  5.00 |                    5.00 |     36 |     1.0535 |
|        1 |          3 |          1181.80 |      1179.30 |      1179.30 |                  5.00 |                    5.26 |     41 |     1.1461 |
|        1 |          0 |          1152.70 |      1152.70 |      1152.70 |                  5.00 |                    5.00 |     51 |     1.2674 |
|        1 |          1 |          1152.70 |      1152.70 |      1152.70 |                  8.47 |                    5.00 |     51 |     1.3280 |
|        1 |          2 |          1152.70 |      1152.70 |      1152.70 |                  5.00 |                    5.00 |     51 |     1.3860 |
|        1 |          3 |          1152.70 |      1152.70 |      1153.20 |                  5.00 |                    5.00 |     53 |     1.4740 |
|        1 |          0 |          1152.50 |      1152.50 |      1152.50 |                  5.00 |                    5.00 |     55 |     1.6023 |
|        1 |          1 |          1152.50 |      1152.50 |      1152.50 |                  5.00 |                    5.00 |     55 |     1.6630 |
|        1 |          2 |          1152.50 |      1152.50 |      1157.60 |                  5.00 |                    5.00 |     57 |     1.7345 |
|        1 |          3 |          1152.50 |      1152.50 |      1158.00 |                  5.00 |                    5.00 |     59 |     1.8004 |
|        1 |          4 |          1152.50 |      1152.50 |      1168.60 |                  5.00 |                    5.10 |     65 |     1.8705 |
|        1 |          5 |          1152.50 |      1152.50 |      1162.60 |                  5.00 |                    5.00 |     71 |     1.9697 |
|        1 |          6 |          1152.50 |      1152.50 |      1172.80 |                  5.00 |                    5.00 |     76 |     2.0517 |
|        1 |          7 |          1152.50 |      1132.02 |      1132.02 |                  5.00 |                    5.00 |     84 |     2.3093 |
|        1 |          8 |          1152.50 |      1131.31 |      1131.31 |                  5.24 |                    5.00 |     87 |     2.3800 |
|        1 |          0 |          1129.60 |      1129.60 |      1129.60 |                  5.00 |                    5.00 |     88 |     2.4621 |
|        1 |          1 |          1129.60 |      1129.60 |      1134.90 |                  5.00 |                    5.00 |     91 |     2.5466 |
|        1 |          2 |          1129.60 |      1129.60 |      1170.00 |                  5.00 |                    5.00 |     94 |     2.6000 |
|        1 |          3 |          1129.60 |      1129.60 |      1151.70 |                  5.00 |                    5.00 |     99 |     2.7060 |
|        1 |          4 |          1129.60 |      1129.60 |      1147.60 |                  5.00 |                    5.00 |     99 |     2.7787 |
|        1 |          5 |          1129.60 |      1129.60 |      1147.60 |                  5.00 |                    5.00 |     99 |     2.8325 |
|        1 |          6 |          1129.60 |      1129.60 |      1148.80 |                  5.00 |                    5.00 |    100 |     2.8927 |
|        1 |          7 |          1129.60 |      1129.60 |      1149.00 |                  5.63 |                    5.00 |    102 |     2.9668 |
|        1 |          8 |          1129.60 |      1129.60 |      1148.80 |                  5.00 |                    5.00 |    103 |     3.0445 |
|        1 |          9 |          1129.60 |      1129.60 |      1143.30 |                  5.00 |                    5.05 |    111 |     3.1664 |
|        1 |         10 |          1129.60 |      1129.60 |      1142.70 |                  5.00 |                    5.00 |    114 |     3.2391 |
|        1 |         11 |          1129.60 |      1129.60 |      1163.10 |                  5.00 |                    5.00 |    119 |     3.3494 |
|        1 |         12 |          1129.60 |      1129.60 |      1167.10 |                  5.00 |                    5.00 |    123 |     3.4150 |
|        1 |         13 |          1129.60 |      1129.60 |      1162.10 |                  5.00 |                    5.00 |    130 |     3.5017 |
|        1 |         14 |          1129.60 |      1129.60 |      1161.80 |                  5.00 |                    6.41 |    135 |     3.5921 |
|        1 |         15 |          1129.60 |      1129.60 |      1152.80 |                  5.00 |                    5.00 |    144 |     3.7229 |
|        1 |         16 |          1129.60 |      1129.60 |      1151.70 |                  5.00 |                    5.00 |    146 |     3.7839 |
|        1 |         17 |          1129.60 |      1129.60 |      1155.10 |                  5.00 |                    5.00 |    149 |     3.8724 |
|        1 |         18 |          1129.60 |      1129.60 |      1150.60 |                  5.00 |                    5.00 |    150 |     3.9416 |
|        1 |         19 |          1129.60 |      1129.60 |      1155.10 |                  5.00 |                    5.00 |    150 |     4.0100 |
|        1 |         20 |          1129.60 |      1129.60 |      1161.80 |                  5.00 |                    5.00 |    156 |     4.1437 |
|        1 |         21 |          1129.60 |      1129.60 |      1161.80 |                  5.00 |                    5.00 |    156 |     4.1919 |
|        1 |         22 |          1129.60 |      1129.60 |      1154.00 |                  5.00 |                    5.00 |    164 |     4.3133 |
|        1 |         23 |          1129.60 |      1129.60 |      1156.40 |                  5.00 |                    5.00 |    170 |     4.4469 |
|        1 |         24 |          1129.60 |      1129.60 |      1156.10 |                  5.00 |                    5.00 |    171 |     4.5441 |
|        1 |         25 |          1129.60 |      1129.60 |      1159.40 |                  5.00 |                    5.31 |    178 |     4.8036 |
|        1 |         26 |          1129.60 |      1129.60 |      1159.40 |                  5.00 |                    5.00 |    178 |     4.8859 |
|        1 |         27 |          1129.60 |      1129.60 |      1158.00 |                  5.00 |                    5.00 |    183 |     4.9956 |
|        1 |         28 |          1129.60 |      1129.60 |      1160.60 |                  5.00 |                    6.87 |    185 |     5.0628 |
|        1 |         29 |          1129.60 |      1129.60 |      1159.20 |                  5.00 |                    5.00 |    187 |     5.1312 |
|        1 |         30 |          1129.60 |      1129.60 |      1151.50 |                  5.00 |                    5.00 |    190 |     5.2431 |
|        1 |         31 |          1129.60 |      1129.60 |      1151.50 |                  5.00 |                    6.61 |    190 |     5.3017 |
|        1 |         32 |          1129.60 |      1129.60 |      1162.20 |                  5.00 |                    5.00 |    193 |     5.3777 |
|        1 |         33 |          1129.60 |      1129.60 |      1162.20 |                  5.00 |                    5.00 |    193 |     5.4389 |
|        1 |         34 |          1129.60 |      1129.60 |      1165.20 |                  5.00 |                    5.00 |    196 |     5.5051 |
|        1 |         35 |          1129.60 |      1129.60 |      1159.40 |                  5.00 |                    5.00 |    203 |     5.5725 |
|        1 |         36 |          1129.60 |      1129.60 |      1151.20 |                  5.00 |                    5.00 |    211 |     5.7032 |
|        1 |         37 |          1129.60 |      1129.60 |      1151.20 |                  5.00 |                    5.00 |    211 |     5.7720 |
|        1 |         38 |          1129.60 |      1129.60 |      1169.80 |                  5.00 |                    5.00 |    218 |     5.9059 |
|        1 |         39 |          1129.60 |      1129.60 |      1164.40 |                  5.00 |                    5.00 |    225 |     6.0012 |
|        1 |         40 |          1129.60 |      1129.60 |      1172.40 |                  5.00 |                    5.00 |    227 |     6.0668 |
|        1 |         41 |          1129.60 |      1129.60 |      1159.40 |                  5.00 |                    5.00 |    233 |     6.2278 |
|        1 |         42 |          1129.60 |      1129.60 |      1159.55 |                  5.00 |                    5.00 |    233 |     6.2828 |
|        1 |         43 |          1129.60 |      1129.60 |      1152.40 |                  7.98 |                    5.00 |    242 |     6.3621 |
|        1 |         44 |          1129.60 |      1129.60 |      1152.40 |                  5.08 |                    5.00 |    242 |     6.4097 |
|        1 |         45 |          1129.60 |      1129.60 |      1158.70 |                  5.36 |                    5.00 |    252 |     6.5454 |
|        1 |         46 |          1129.60 |      1129.60 |      1149.40 |                  5.00 |                    5.00 |    258 |     6.6471 |
|        1 |         47 |          1129.60 |      1129.60 |      1145.70 |                  5.00 |                    5.00 |    260 |     6.7262 |
|        1 |         48 |          1129.60 |      1129.60 |      1140.00 |                  5.00 |                    5.00 |    261 |     6.8326 |
|        1 |         49 |          1129.60 |      1129.60 |      1140.00 |                  5.00 |                    5.00 |    261 |     6.9005 |
|        1 |         50 |          1129.60 |      1129.60 |      1143.20 |                  5.00 |                    5.00 |    262 |     6.9793 |
|        1 |         51 |          1129.60 |      1129.60 |      1143.80 |                  5.00 |                    5.00 |    264 |     7.0509 |
|        1 |          0 |          1125.30 |      1125.30 |      1125.30 |                  5.00 |                    5.00 |    267 |     7.1728 |
|        1 |          1 |          1125.30 |      1125.30 |      1146.60 |                  5.00 |                    5.00 |    267 |     7.2325 |
|        1 |          2 |          1125.30 |      1125.30 |      1146.60 |                  5.00 |                    5.00 |    267 |     7.2855 |
|        1 |          3 |          1125.30 |      1125.30 |      1125.30 |                  5.00 |                    5.00 |    267 |     7.3559 |
|        1 |          4 |          1125.30 |      1125.30 |      1145.40 |                  5.00 |                    5.00 |    272 |     7.4406 |
|        1 |          5 |          1125.30 |      1125.30 |      1143.80 |                  5.00 |                    5.00 |    273 |     7.5126 |
|        1 |          6 |          1125.30 |      1125.30 |      1137.00 |                  5.00 |                    5.00 |    277 |     7.6252 |
|        1 |          7 |          1125.30 |      1125.30 |      1129.80 |                  5.00 |                    5.00 |    281 |     7.7144 |
|        1 |          8 |          1125.30 |      1125.30 |      1136.60 |                  5.00 |                    5.00 |    283 |     7.7814 |
|        1 |          9 |          1125.30 |      1125.30 |      1156.20 |                  5.00 |                    5.00 |    287 |     7.8620 |
|        1 |         10 |          1125.30 |      1125.30 |      1138.32 |                  5.00 |                    5.29 |    292 |     7.9782 |
|        1 |         11 |          1125.30 |      1125.30 |      1154.78 |                  5.00 |                    5.00 |    294 |     8.0742 |
|        1 |         12 |          1125.30 |      1125.30 |      1154.80 |                  5.00 |                    5.31 |    294 |     8.1301 |
|        1 |         13 |          1125.30 |      1125.30 |      1146.97 |                  5.29 |                    5.00 |    297 |     8.2714 |
|        1 |         14 |          1125.30 |      1125.30 |      1148.00 |                  5.00 |                    7.29 |    303 |     8.3330 |
|        1 |         15 |          1125.30 |      1125.30 |      1149.20 |                  5.79 |                    5.00 |    306 |     8.3928 |
|        1 |         16 |          1125.30 |      1125.30 |      1149.20 |                  5.00 |                    5.00 |    306 |     8.4523 |
|        1 |         17 |          1125.30 |      1125.30 |      1149.70 |                  5.00 |                    5.00 |    309 |     8.5418 |
|        1 |         18 |          1125.30 |      1125.30 |      1149.70 |                  5.00 |                    5.00 |    309 |     8.6127 |
|        1 |         19 |          1125.30 |      1125.30 |      1145.87 |                  5.00 |                    5.00 |    310 |     8.7348 |
|        1 |         20 |          1125.30 |      1125.30 |      1149.63 |                  5.00 |                    5.00 |    312 |     8.7973 |
|        1 |         21 |          1125.30 |      1125.30 |      1164.94 |                  5.00 |                    5.26 |    316 |     8.8602 |
|        1 |         22 |          1125.30 |      1125.30 |      1159.20 |                  5.00 |                    5.00 |    320 |     8.9468 |
|        1 |         23 |          1125.30 |      1125.30 |      1159.20 |                  5.75 |                    5.00 |    320 |     9.0373 |
|        1 |         24 |          1125.30 |      1125.30 |      1159.20 |                  5.00 |                    5.00 |    320 |     9.1067 |
|        1 |         25 |          1125.30 |      1125.30 |      1164.60 |                  5.00 |                    5.00 |    327 |     9.2269 |
|        1 |         26 |          1125.30 |      1125.30 |      1155.80 |                  5.00 |                    5.00 |    329 |     9.3236 |
|        1 |         27 |          1125.30 |      1125.30 |      1159.60 |                  5.00 |                    5.00 |    331 |     9.3949 |
|        1 |         28 |          1125.30 |      1125.30 |      1159.60 |                  5.00 |                    5.00 |    331 |     9.4563 |
|        1 |         29 |          1125.30 |      1125.30 |      1155.10 |                  5.00 |                    5.00 |    336 |     9.6101 |
|        1 |         30 |          1125.30 |      1125.30 |      1195.40 |                  5.00 |                    5.00 |    339 |     9.6617 |
|        1 |         31 |          1125.30 |      1125.30 |      1165.20 |                  5.00 |                    5.00 |    341 |     9.7808 |
|        1 |         32 |          1125.30 |      1125.30 |      1167.90 |                  5.00 |                    5.00 |    345 |     9.8662 |
|        1 |         33 |          1125.30 |      1125.30 |      1160.00 |                  5.00 |                    5.00 |    345 |     9.9301 |
|        1 |         34 |          1125.30 |      1125.30 |      1160.00 |                  5.00 |                    5.00 |    345 |     9.9913 |
|        1 |         35 |          1125.30 |      1125.30 |      1142.00 |                  5.00 |                    5.00 |    348 |    10.1320 |
|        1 |         36 |          1125.30 |      1125.30 |      1131.00 |                  5.00 |                    5.00 |    350 |    10.2573 |
|        1 |         37 |          1125.30 |      1125.30 |      1131.00 |                  5.00 |                    5.31 |    350 |    10.3278 |
|        1 |         38 |          1125.30 |      1125.30 |      1127.50 |                  5.00 |                    5.00 |    353 |    10.4251 |
|        1 |         39 |          1125.30 |      1125.30 |      1131.90 |                  5.00 |                    5.00 |    356 |    10.5069 |
|        1 |         40 |          1125.30 |      1125.30 |      1164.96 |                  5.00 |                    6.79 |    362 |    10.7157 |
|        1 |         41 |          1125.30 |      1125.30 |      1159.39 |                  5.00 |                    6.24 |    363 |    10.7790 |
|        1 |         42 |          1125.30 |      1125.30 |      1157.80 |                  5.00 |                    5.00 |    368 |    10.9011 |
|        1 |         43 |          1125.30 |      1125.30 |      1157.80 |                  5.00 |                    5.00 |    368 |    10.9685 |
|        1 |         44 |          1125.30 |      1125.30 |      1179.40 |                  5.00 |                    5.00 |    373 |    11.0172 |
|        1 |         45 |          1125.30 |      1125.30 |      1161.10 |                  5.00 |                    5.00 |    378 |    11.1654 |
|        1 |         46 |          1125.30 |      1125.30 |      1142.00 |                  5.00 |                    5.00 |    382 |    11.2421 |
|        1 |         47 |          1125.30 |      1125.30 |      1138.50 |                  5.00 |                    5.00 |    385 |    11.3139 |
|        1 |         48 |          1125.30 |      1125.30 |      1135.60 |                  5.00 |                    5.00 |    386 |    11.3911 |
|        1 |         49 |          1125.30 |      1125.30 |      1135.60 |                  5.00 |                    5.00 |    386 |    11.4473 |
|        1 |         50 |          1125.30 |      1125.30 |      1162.10 |                  5.00 |                    5.00 |    392 |    11.5068 |
|        1 |         51 |          1125.30 |      1125.30 |      1162.10 |                  5.00 |                    5.00 |    392 |    11.5604 |
|        1 |         52 |          1125.30 |      1125.30 |      1162.00 |                  5.00 |                    5.00 |    396 |    11.6065 |
|        1 |         53 |          1125.30 |      1125.30 |      1151.00 |                  5.00 |                    5.00 |    402 |    11.7733 |
|        1 |         54 |          1125.30 |      1125.30 |      1149.50 |                  5.00 |                    5.00 |    405 |    11.8989 |
|        1 |         55 |          1125.30 |      1125.30 |      1146.90 |                  5.00 |                    6.35 |    412 |    12.1512 |
|        1 |         56 |          1125.30 |      1125.30 |      1145.90 |                  5.00 |                    5.00 |    414 |    12.2243 |
|        1 |         57 |          1125.30 |      1125.30 |      1151.40 |                  5.00 |                    5.00 |    417 |    12.2940 |
|        1 |         58 |          1125.30 |      1125.30 |      1167.00 |                  5.00 |                    5.26 |    422 |    12.3606 |
|        1 |         59 |          1125.30 |      1125.30 |      1167.00 |                  5.00 |                    5.00 |    422 |    12.4186 |
|        1 |         60 |          1125.30 |      1125.30 |      1166.40 |                  5.00 |                    5.00 |    423 |    12.4796 |
|        1 |         61 |          1125.30 |      1125.30 |      1164.00 |                  5.00 |                    5.00 |    425 |    12.5600 |
|        1 |         62 |          1125.30 |      1125.30 |      1164.00 |                  7.30 |                    5.00 |    425 |    12.6267 |
|        1 |         63 |          1125.30 |      1125.30 |      1163.00 |                  5.00 |                    5.00 |    429 |    12.7026 |
|        1 |         64 |          1125.30 |      1125.30 |      1164.40 |                  5.00 |                    5.00 |    433 |    12.7639 |
|        1 |         65 |          1125.30 |      1125.30 |      1156.00 |                  5.00 |                    5.75 |    436 |    12.8274 |
|        1 |         66 |          1125.30 |      1125.30 |      1159.60 |                  5.00 |                    9.08 |    437 |    12.9415 |
|        1 |         67 |          1125.30 |      1125.30 |      1148.20 |                  5.00 |                    5.00 |    437 |    13.0454 |
|        1 |          0 |          1125.20 |      1125.20 |      1125.20 |                  5.00 |                    5.00 |    442 |    13.3240 |
|        1 |          1 |          1125.20 |      1125.20 |      1130.40 |                  5.00 |                    5.00 |    443 |    13.4018 |
|        1 |          2 |          1125.20 |      1125.20 |      1139.90 |                  5.41 |                    5.00 |    448 |    13.4824 |
|        1 |          3 |          1125.20 |      1125.20 |      1138.47 |                  5.00 |                    5.86 |    451 |    13.5946 |
|        1 |          4 |          1125.20 |      1125.20 |      1156.30 |                  5.00 |                    6.85 |    454 |    13.6572 |
|        1 |          5 |          1125.20 |      1125.20 |      1156.80 |                  5.00 |                    7.05 |    454 |    13.7028 |
|        1 |          6 |          1125.20 |      1125.20 |      1158.30 |                  5.00 |                   15.00 |    457 |    13.7779 |
|        1 |          7 |          1125.20 |      1125.20 |      1157.80 |                  5.14 |                    7.64 |    457 |    13.8546 |
|        1 |          8 |          1125.20 |      1125.20 |      1161.30 |                  8.14 |                   11.02 |    458 |    13.9279 |
|        1 |          9 |          1125.20 |      1125.20 |      1144.10 |                  5.00 |                    5.00 |    460 |    14.0380 |
|        1 |         10 |          1125.20 |      1125.20 |      1134.10 |                  5.00 |                    5.00 |    463 |    14.1691 |
|        1 |         11 |          1125.20 |      1125.20 |      1125.60 |                  5.00 |                    5.00 |    466 |    14.2632 |
|        1 |         12 |          1125.20 |      1125.20 |      1125.60 |                  5.00 |                    5.00 |    466 |    14.3205 |
|        1 |         13 |          1125.20 |      1125.20 |      1165.40 |                  5.00 |                    5.00 |    468 |    14.3813 |
|        1 |         14 |          1125.20 |      1125.20 |      1153.10 |                  5.00 |                    5.00 |    473 |    14.5013 |
|        1 |         15 |          1125.20 |      1125.20 |      1140.30 |                  5.00 |                    5.00 |    478 |    14.6692 |
|        1 |         16 |          1125.20 |      1125.20 |      1164.00 |                  5.00 |                    5.00 |    480 |    14.7503 |
|        1 |          0 |          1120.30 |      1120.30 |      1120.30 |                  5.00 |                    5.00 |    480 |    14.8307 |
|        1 |          1 |          1120.30 |      1120.30 |      1120.30 |                  5.00 |                    5.00 |    480 |    14.8930 |
|        1 |          2 |          1120.30 |      1120.30 |      1120.30 |                  5.00 |                    5.00 |    480 |    14.9572 |
|        1 |          3 |          1120.30 |      1120.30 |      1158.80 |                  5.00 |                    5.00 |    482 |    15.0307 |
|        1 |          4 |          1120.30 |      1120.30 |      1155.90 |                  5.00 |                    5.92 |    485 |    15.1132 |
|        1 |          5 |          1120.30 |      1120.30 |      1138.40 |                  5.00 |                    5.00 |    488 |    15.2222 |
|        1 |          6 |          1120.30 |      1120.30 |      1148.80 |                  5.00 |                    5.00 |    490 |    15.2683 |
|        1 |          7 |          1120.30 |      1120.30 |      1148.10 |                  5.00 |                   11.31 |    491 |    15.3528 |
|        1 |          8 |          1120.30 |      1120.30 |      1151.61 |                  5.00 |                   19.94 |    491 |    15.4085 |
|        1 |          9 |          1120.30 |      1120.30 |      1138.60 |                  5.00 |                    5.00 |    499 |    15.6490 |
|        1 |         10 |          1120.30 |      1120.30 |      1125.97 |                  5.00 |                    5.00 |    506 |    15.7314 |
|        1 |         11 |          1120.30 |      1120.30 |      1125.55 |                  7.66 |                    5.00 |    506 |    15.7940 |
|        1 |         12 |          1120.30 |      1120.30 |      1136.08 |                  5.02 |                    5.47 |    508 |    15.8742 |
|        1 |         13 |          1120.30 |      1120.30 |      1159.22 |                  5.00 |                    5.00 |    512 |    15.9654 |
|        1 |         14 |          1120.30 |      1120.30 |      1159.15 |                  5.00 |                    5.00 |    512 |    16.0647 |
|        1 |         15 |          1120.30 |      1120.30 |      1151.92 |                  7.54 |                    5.00 |    516 |    16.2564 |
|        1 |         16 |          1120.30 |      1120.30 |      1146.60 |                  5.00 |                    5.00 |    517 |    16.4048 |
|        1 |         17 |          1120.30 |      1120.30 |      1146.20 |                  5.00 |                    5.00 |    523 |    16.5400 |
|        1 |         18 |          1120.30 |      1120.30 |      1146.20 |                  5.00 |                    5.00 |    523 |    16.5973 |
|        1 |         19 |          1120.30 |      1120.30 |      1138.50 |                  6.81 |                    5.00 |    528 |    16.7176 |
|        1 |         20 |          1120.30 |      1120.30 |      1138.50 |                  5.00 |                   10.44 |    528 |    16.7984 |
|        1 |         21 |          1120.30 |      1120.30 |      1138.50 |                  5.00 |                    5.17 |    528 |    16.8703 |
|        1 |         22 |          1120.30 |      1120.30 |      1139.90 |                  5.00 |                    5.00 |    530 |    16.9669 |
|        1 |         23 |          1120.30 |      1120.30 |      1139.90 |                  5.00 |                    5.00 |    530 |    17.0451 |
|        1 |         24 |          1120.30 |      1120.30 |      1139.90 |                  5.00 |                    5.00 |    530 |    17.1183 |
|        1 |         25 |          1120.30 |      1120.30 |      1139.90 |                  5.00 |                    5.00 |    530 |    17.2120 |
|        1 |         26 |          1120.30 |      1120.30 |      1141.70 |                  5.00 |                    5.00 |    531 |    17.2988 |
|        1 |         27 |          1120.30 |      1120.30 |      1141.70 |                  5.00 |                    5.00 |    531 |    17.3681 |
|        1 |         28 |          1120.30 |      1120.30 |      1141.70 |                  5.00 |                    5.00 |    531 |    17.4442 |
|        1 |         29 |          1120.30 |      1120.30 |      1145.90 |                  5.00 |                    5.00 |    532 |    17.5060 |
|        1 |         30 |          1120.30 |      1120.30 |      1133.90 |                  5.00 |                    5.00 |    533 |    17.6484 |
|        1 |         31 |          1120.30 |      1120.30 |      1133.90 |                  5.00 |                    5.00 |    533 |    17.7144 |
|        1 |         32 |          1120.30 |      1120.30 |      1133.90 |                  5.00 |                    5.00 |    533 |    17.7894 |
|        1 |         33 |          1120.30 |      1120.30 |      1153.70 |                  5.00 |                    5.00 |    537 |    17.9340 |
|        1 |         34 |          1120.30 |      1120.30 |      1148.30 |                  5.00 |                    5.00 |    538 |    18.0069 |
|        1 |         35 |          1120.30 |      1120.30 |      1144.50 |                  5.00 |                    5.00 |    540 |    18.1009 |
|        1 |         36 |          1120.30 |      1120.30 |      1144.50 |                  5.00 |                    7.90 |    540 |    18.1939 |
|        1 |         37 |          1120.30 |      1120.30 |      1139.70 |                  5.00 |                    5.00 |    540 |    18.2668 |
|        1 |         38 |          1120.30 |      1120.30 |      1143.20 |                  5.00 |                    5.00 |    542 |    18.3476 |
|        1 |         39 |          1120.30 |      1120.30 |      1139.70 |                  5.00 |                    5.00 |    542 |    18.4404 |
|        1 |         40 |          1120.30 |      1120.30 |      1144.60 |                  5.00 |                    5.00 |    542 |    18.6454 |
|        1 |         41 |          1120.30 |      1120.30 |      1139.70 |                  5.00 |                    5.00 |    542 |    18.7055 |
|        1 |         42 |          1120.30 |      1120.30 |      1138.70 |                  5.00 |                    5.00 |    542 |    18.7984 |
|        1 |         43 |          1120.30 |      1120.30 |      1138.70 |                  5.00 |                    5.00 |    542 |    18.8835 |
|        1 |         44 |          1120.30 |      1120.30 |      1138.70 |                  5.00 |                    5.00 |    542 |    18.9498 |
|        1 |         45 |          1120.30 |      1120.30 |      1138.70 |                  6.54 |                    5.00 |    542 |    19.0342 |
|        1 |         46 |          1120.30 |      1120.30 |      1138.70 |                  5.00 |                    5.00 |    542 |    19.2090 |
|        1 |         47 |          1120.30 |      1120.30 |      1138.70 |                  5.00 |                    5.00 |    542 |    19.3030 |
|        1 |         48 |          1120.30 |      1120.30 |      1145.00 |                  5.00 |                    5.00 |    543 |    19.4114 |
|        1 |         49 |          1120.30 |      1120.30 |      1145.00 |                  5.00 |                    5.00 |    543 |    19.4879 |
|        1 |         50 |          1120.30 |      1120.30 |      1145.00 |                  5.00 |                    5.19 |    543 |    19.5718 |
|        1 |         51 |          1120.30 |      1120.30 |      1141.50 |                  5.00 |                    5.00 |    543 |    19.6466 |
|        1 |         52 |          1120.30 |      1120.30 |      1138.70 |                  5.00 |                    5.00 |    543 |    19.7273 |
|        1 |         53 |          1120.30 |      1120.30 |      1138.70 |                  5.00 |                    5.00 |    543 |    19.8086 |
|        1 |         54 |          1120.30 |      1120.30 |      1142.20 |                  5.00 |                    5.00 |    543 |    19.8983 |
|        1 |         55 |          1120.30 |      1120.30 |      1142.20 |                  5.00 |                    5.00 |    543 |    19.9779 |
------------------------------------------------------------------------------------------------------------------------------------------------
|  Restart |  Iteration |  Best Feas. Cost |    Best Cost |   Curr. Cost |   Penalty Custom Res. |   Penalty Standard Res. |   Pool |   Time (s) |
------------------------------------------------------------------------------------------------------------------------------------------------
|        1 |         56 |          1120.30 |      1120.30 |      1138.70 |                  5.00 |                    5.00 |    543 |    20.0549 |
|        1 |         57 |          1120.30 |      1120.30 |      1138.70 |                  5.00 |                    5.00 |    543 |    20.1304 |
|        1 |         58 |          1120.30 |      1120.30 |      1138.70 |                  5.00 |                    5.00 |    543 |    20.1863 |
|        1 |         59 |          1120.30 |      1120.30 |      1138.70 |                  5.00 |                    5.00 |    543 |    20.2425 |
|        1 |         60 |          1120.30 |      1120.30 |      1140.80 |                  5.00 |                    5.00 |    544 |    20.3458 |
|        1 |         61 |          1120.30 |      1120.30 |      1142.60 |                  5.00 |                    5.00 |    546 |    20.4320 |
|        1 |         62 |          1120.30 |      1120.30 |      1142.70 |                  5.00 |                    5.00 |    547 |    20.4989 |
|        1 |         63 |          1120.30 |      1120.30 |      1142.70 |                  5.00 |                    5.00 |    547 |    20.5592 |
|        1 |         64 |          1120.30 |      1120.30 |      1137.20 |                  5.00 |                    5.29 |    547 |    20.6646 |
|        1 |         65 |          1120.30 |      1120.30 |      1152.40 |                  5.00 |                    5.00 |    552 |    20.7471 |
|        1 |         66 |          1120.30 |      1120.30 |      1152.40 |                  5.00 |                    5.00 |    552 |    20.8154 |
|        1 |         67 |          1120.30 |      1120.30 |      1159.90 |                  5.00 |                    5.00 |    554 |    20.8693 |
|        1 |         68 |          1120.30 |      1120.30 |      1163.30 |                  5.80 |                    5.26 |    557 |    20.9246 |
|        1 |         69 |          1120.30 |      1120.30 |      1143.30 |                  5.00 |                    5.35 |    559 |    21.0419 |
|        1 |         70 |          1120.30 |      1120.30 |      1147.10 |                  5.00 |                    5.00 |    559 |    21.1009 |
|        1 |         71 |          1120.30 |      1120.30 |      1149.90 |                  5.00 |                    5.00 |    560 |    21.1646 |
|        1 |         72 |          1120.30 |      1120.30 |      1147.10 |                  5.00 |                    5.00 |    560 |    21.2365 |
|        1 |         73 |          1120.30 |      1120.30 |      1147.10 |                  5.00 |                    5.00 |    560 |    21.2919 |
|        1 |         74 |          1120.30 |      1120.30 |      1148.70 |                  5.00 |                    5.00 |    565 |    21.3725 |
|        1 |         75 |          1120.30 |      1120.30 |      1142.20 |                  5.00 |                    5.00 |    566 |    21.5026 |
|        1 |         76 |          1120.30 |      1120.30 |      1164.14 |                  5.00 |                   11.98 |    568 |    21.6098 |
|        1 |         77 |          1120.30 |      1120.30 |      1169.19 |                  5.00 |                   20.51 |    570 |    21.6709 |
|        1 |         78 |          1120.30 |      1120.30 |      1164.20 |                  5.00 |                    9.92 |    575 |    21.7740 |
|        1 |         79 |          1120.30 |      1120.30 |      1143.80 |                  5.00 |                    5.00 |    576 |    21.8918 |
|        1 |         80 |          1120.30 |      1120.30 |      1147.50 |                  8.63 |                    5.00 |    578 |    21.9645 |
|        1 |         81 |          1120.30 |      1120.30 |      1186.70 |                  5.00 |                    5.00 |    581 |    22.0477 |
|        1 |         82 |          1120.30 |      1120.30 |      1184.90 |                  5.00 |                    5.00 |    582 |    22.1380 |
|        1 |         83 |          1120.30 |      1120.30 |      1143.90 |                  5.00 |                    5.00 |    583 |    22.2232 |
|        1 |         84 |          1120.30 |      1120.30 |      1152.60 |                  5.00 |                    5.00 |    586 |    22.2989 |
|        1 |         85 |          1120.30 |      1120.30 |      1152.60 |                  5.00 |                    5.00 |    586 |    22.3628 |
|        1 |         86 |          1120.30 |      1120.30 |      1152.60 |                  5.00 |                    5.00 |    586 |    22.4280 |
|        1 |         87 |          1120.30 |      1120.30 |      1152.60 |                  5.00 |                    5.00 |    586 |    22.4929 |
|        1 |         88 |          1120.30 |      1120.30 |      1161.50 |                  5.00 |                    5.00 |    588 |    22.5365 |
|        1 |         89 |          1120.30 |      1120.30 |      1165.60 |                  5.00 |                    5.00 |    589 |    22.5876 |
|        1 |         90 |          1120.30 |      1120.30 |      1153.60 |                  5.00 |                    5.00 |    591 |    22.7196 |
|        1 |         91 |          1120.30 |      1120.30 |      1153.20 |                  5.00 |                    5.00 |    591 |    22.7706 |
|        1 |         92 |          1120.30 |      1120.30 |      1153.20 |                  5.00 |                    5.00 |    591 |    22.8425 |
|        1 |         93 |          1120.30 |      1120.30 |      1153.20 |                  5.00 |                    5.00 |    591 |    22.8925 |
|        1 |         94 |          1120.30 |      1120.30 |      1150.20 |                  5.00 |                    5.00 |    591 |    22.9498 |
|        1 |         95 |          1120.30 |      1120.30 |      1150.20 |                  5.00 |                    5.00 |    591 |    23.0120 |
|        1 |         96 |          1120.30 |      1120.30 |      1149.40 |                  5.00 |                    5.00 |    593 |    23.1101 |
|        1 |         97 |          1120.30 |      1120.30 |      1147.60 |                  5.00 |                    5.00 |    594 |    23.1949 |
|        1 |         98 |          1120.30 |      1120.30 |      1146.00 |                  5.00 |                    5.00 |    594 |    23.2701 |
|        1 |         99 |          1120.30 |      1120.30 |      1146.00 |                  5.00 |                    5.00 |    594 |    23.3287 |
|        1 |        100 |          1120.30 |      1120.30 |      1146.00 |                  5.00 |                    5.00 |    594 |    23.3893 |
|        1 |        101 |          1120.30 |      1120.30 |      1146.00 |                  5.00 |                    5.00 |    594 |    23.4527 |
|        1 |        102 |          1120.30 |      1120.30 |      1146.00 |                  5.00 |                    5.00 |    594 |    23.5148 |
|        1 |        103 |          1120.30 |      1120.30 |      1154.30 |                  5.35 |                    5.00 |    596 |    23.5865 |
|        1 |        104 |          1120.30 |      1120.30 |      1174.60 |                  5.00 |                    5.00 |    597 |    23.6569 |
|        1 |        105 |          1120.30 |      1120.30 |      1152.20 |                  8.73 |                    5.00 |    598 |    23.8126 |
|        1 |        106 |          1120.30 |      1120.30 |      1139.58 |                 11.58 |                    5.00 |    599 |    23.9529 |
|        1 |        107 |          1120.30 |      1120.30 |      1143.33 |                  6.93 |                    5.00 |    599 |    24.0244 |
|        1 |        108 |          1120.30 |      1120.30 |      1138.82 |                  8.87 |                    5.00 |    599 |    24.0737 |
|        1 |        109 |          1120.30 |      1120.30 |      1146.90 |                  5.00 |                    5.00 |    600 |    24.1510 |
|        1 |        110 |          1120.30 |      1120.30 |      1151.40 |                  5.00 |                    5.00 |    602 |    24.2131 |
|        1 |        111 |          1120.30 |      1120.30 |      1151.40 |                  7.30 |                    5.00 |    602 |    24.2874 |
|        1 |        112 |          1120.30 |      1120.30 |      1151.40 |                  5.00 |                    5.00 |    602 |    24.3469 |
|        1 |        113 |          1120.30 |      1120.30 |      1151.40 |                  5.00 |                    5.00 |    602 |    24.4030 |
|        1 |        114 |          1120.30 |      1120.30 |      1151.40 |                  5.00 |                    5.00 |    602 |    24.4539 |
|        1 |        115 |          1120.30 |      1120.30 |      1151.40 |                  5.00 |                    5.00 |    602 |    24.5001 |
|        1 |        116 |          1120.30 |      1120.30 |      1145.90 |                  5.00 |                    5.00 |    605 |    24.5605 |
|        1 |        117 |          1120.30 |      1120.30 |      1145.90 |                  5.92 |                    5.98 |    605 |    24.6309 |
|        1 |        118 |          1120.30 |      1120.30 |      1162.70 |                  5.00 |                    5.00 |    607 |    24.7179 |
|        1 |        119 |          1120.30 |      1120.30 |      1162.70 |                  5.00 |                    5.00 |    607 |    24.7721 |
|        1 |        120 |          1120.30 |      1120.30 |      1164.15 |                  5.00 |                    5.09 |    608 |    24.8388 |
|        1 |        121 |          1120.30 |      1120.30 |      1159.40 |                  5.00 |                    5.00 |    611 |    24.9437 |
|        1 |        122 |          1120.30 |      1120.30 |      1157.30 |                  5.00 |                    5.00 |    614 |    25.0021 |
|        1 |        123 |          1120.30 |      1120.30 |      1157.90 |                  5.00 |                    5.00 |    618 |    25.0598 |
|        1 |        124 |          1120.30 |      1120.30 |      1152.21 |                  5.00 |                   10.65 |    619 |    25.1396 |
|        1 |        125 |          1120.30 |      1120.30 |      1152.50 |                  5.00 |                    5.54 |    619 |    25.2053 |
|        1 |        126 |          1120.30 |      1120.30 |      1150.20 |                  5.00 |                    5.00 |    621 |    25.2672 |
|        1 |        127 |          1120.30 |      1120.30 |      1150.60 |                  5.00 |                    5.00 |    626 |    25.3802 |
|        1 |        128 |          1120.30 |      1120.30 |      1152.80 |                  5.00 |                    5.00 |    626 |    25.4356 |
|        1 |        129 |          1120.30 |      1120.30 |      1147.30 |                  5.00 |                    5.00 |    629 |    25.5975 |
|        1 |        130 |          1120.30 |      1120.30 |      1145.30 |                  5.00 |                    5.00 |    630 |    25.6968 |
|        1 |        131 |          1120.30 |      1120.30 |      1145.30 |                  5.00 |                    5.00 |    630 |    25.7617 |
|        1 |        132 |          1120.30 |      1120.30 |      1141.70 |                  9.55 |                    5.00 |    631 |    25.8420 |
|        1 |        133 |          1120.30 |      1120.30 |      1141.70 |                  5.95 |                    5.00 |    631 |    25.9012 |
|        1 |        134 |          1120.30 |      1120.30 |      1145.00 |                  5.00 |                    5.00 |    631 |    26.0265 |
|        1 |        135 |          1120.30 |      1120.30 |      1145.00 |                  5.00 |                    5.00 |    631 |    26.1026 |
|        1 |        136 |          1120.30 |      1120.30 |      1144.20 |                  5.00 |                    5.00 |    633 |    26.1918 |
|        1 |        137 |          1120.30 |      1120.30 |      1158.20 |                  5.00 |                    5.00 |    634 |    26.2788 |
|        1 |        138 |          1120.30 |      1120.30 |      1159.90 |                  5.00 |                    5.00 |    637 |    26.4117 |
|        1 |        139 |          1120.30 |      1120.30 |      1162.00 |                  5.00 |                    5.00 |    641 |    26.5455 |
|        1 |        140 |          1120.30 |      1120.30 |      1144.30 |                  5.00 |                    5.00 |    643 |    26.7261 |
|        1 |        141 |          1120.30 |      1120.30 |      1172.96 |                  5.00 |                    8.82 |    644 |    26.8443 |
|        1 |        142 |          1120.30 |      1120.30 |      1153.70 |                  5.00 |                   13.90 |    647 |    26.9462 |
|        1 |        143 |          1120.30 |      1120.30 |      1152.20 |                  5.00 |                    7.02 |    649 |    27.0262 |
|        1 |        144 |          1120.30 |      1120.30 |      1152.20 |                  5.00 |                    5.00 |    649 |    27.1062 |
|        1 |        145 |          1120.30 |      1120.30 |      1146.80 |                  5.00 |                    5.00 |    650 |    27.2173 |
|        1 |        146 |          1120.30 |      1120.30 |      1170.00 |                  5.00 |                    5.80 |    652 |    27.3129 |
|        1 |        147 |          1120.30 |      1120.30 |      1187.50 |                  7.98 |                    5.00 |    653 |    27.3918 |
|        1 |        148 |          1120.30 |      1120.30 |      1150.50 |                  5.00 |                    5.00 |    654 |    27.5967 |
|        1 |        149 |          1120.30 |      1120.30 |      1144.90 |                  7.44 |                    5.00 |    656 |    27.6590 |
|        1 |        150 |          1120.30 |      1120.30 |      1144.90 |                  5.00 |                    5.00 |    656 |    27.7164 |
|        1 |        151 |          1120.30 |      1120.30 |      1144.90 |                  5.30 |                    5.26 |    656 |    27.7847 |
|        1 |        152 |          1120.30 |      1120.30 |      1148.80 |                  5.00 |                    5.00 |    657 |    27.8414 |
|        1 |        153 |          1120.30 |      1120.30 |      1149.40 |                  5.00 |                    5.00 |    657 |    27.8916 |
|        1 |        154 |          1120.30 |      1120.30 |      1149.40 |                  5.00 |                    5.00 |    657 |    27.9539 |
|        1 |        155 |          1120.30 |      1120.30 |      1165.12 |                  5.00 |                    8.47 |    658 |    28.0136 |
|        1 |        156 |          1120.30 |      1120.30 |      1166.49 |                  5.00 |                   16.83 |    658 |    28.0748 |
|        1 |        157 |          1120.30 |      1120.30 |      1156.30 |                  5.00 |                    5.54 |    662 |    28.2787 |
|        1 |        158 |          1120.30 |      1120.30 |      1153.90 |                  5.00 |                    5.00 |    663 |    28.3478 |
|        1 |        159 |          1120.30 |      1120.30 |      1155.90 |                  5.00 |                    5.00 |    664 |    28.4132 |
|        1 |        160 |          1120.30 |      1120.30 |      1155.90 |                  5.00 |                    5.00 |    664 |    28.4748 |
|        1 |        161 |          1120.30 |      1120.30 |      1159.00 |                  5.00 |                    5.00 |    666 |    28.5315 |
|        1 |        162 |          1120.30 |      1120.30 |      1166.60 |                  5.00 |                    5.36 |    671 |    28.6183 |
|        1 |        163 |          1120.30 |      1120.30 |      1180.70 |                  5.00 |                    5.00 |    672 |    28.7059 |
|        1 |        164 |          1120.30 |      1120.30 |      1148.40 |                  5.00 |                    5.00 |    676 |    28.8528 |
|        1 |        165 |          1120.30 |      1120.30 |      1148.40 |                  5.00 |                    5.00 |    676 |    28.9301 |
|        1 |        166 |          1120.30 |      1120.30 |      1148.40 |                  5.00 |                    5.00 |    676 |    29.0191 |
|        1 |        167 |          1120.30 |      1120.30 |      1147.00 |                  5.00 |                    5.00 |    676 |    29.1575 |
|        1 |        168 |          1120.30 |      1120.30 |      1156.70 |                  5.00 |                    5.00 |    677 |    29.2468 |
|        1 |        169 |          1120.30 |      1120.30 |      1156.40 |                  5.00 |                    5.00 |    680 |    29.3834 |
|        1 |        170 |          1120.30 |      1120.30 |      1156.40 |                  5.00 |                    5.00 |    680 |    29.4592 |
|        1 |        171 |          1120.30 |      1120.30 |      1152.50 |                  5.00 |                    5.00 |    680 |    29.5416 |
|        1 |        172 |          1120.30 |      1120.30 |      1148.90 |                  5.00 |                    5.26 |    682 |    29.6554 |
|        1 |        173 |          1120.30 |      1120.30 |      1145.30 |                  5.00 |                    5.00 |    682 |    29.8264 |
|        1 |        174 |          1120.30 |      1120.30 |      1170.80 |                  5.25 |                    5.00 |    683 |    29.9180 |
|        1 |        175 |          1120.30 |      1120.30 |      1156.30 |                  5.00 |                    5.00 |    685 |    29.9890 |
|        1 |        176 |          1120.30 |      1120.30 |      1157.10 |                  5.00 |                    5.00 |    687 |    30.0557 |
|        1 |        177 |          1120.30 |      1120.30 |      1155.90 |                  5.00 |                    5.00 |    687 |    30.1288 |
|        1 |        178 |          1120.30 |      1120.30 |      1157.12 |                  5.00 |                    5.00 |    688 |    30.2471 |
|        1 |        179 |          1120.30 |      1120.30 |      1149.20 |                  5.00 |                    5.00 |    689 |    30.3251 |
|        1 |        180 |          1120.30 |      1120.30 |      1149.20 |                  5.15 |                    5.15 |    689 |    30.3999 |
|        1 |        181 |          1120.30 |      1120.30 |      1151.00 |                  5.00 |                    5.00 |    690 |    30.4751 |
|        1 |        182 |          1120.30 |      1120.30 |      1147.20 |                  5.00 |                    5.00 |    690 |    30.5452 |
|        1 |        183 |          1120.30 |      1120.30 |      1147.20 |                  5.00 |                    5.52 |    690 |    30.6267 |
|        1 |        184 |          1120.30 |      1120.30 |      1147.20 |                  5.00 |                    5.00 |    690 |    30.7230 |
|        1 |        185 |          1120.30 |      1120.30 |      1147.00 |                  5.00 |                    5.00 |    692 |    30.7881 |
|        1 |        186 |          1120.30 |      1120.30 |      1158.80 |                  5.00 |                    5.00 |    695 |    30.9385 |
|        1 |        187 |          1120.30 |      1120.30 |      1176.70 |                  5.00 |                    5.00 |    696 |    31.0118 |
|        1 |        188 |          1120.30 |      1120.30 |      1176.70 |                  5.00 |                    5.00 |    696 |    31.0715 |
|        1 |        189 |          1120.30 |      1120.30 |      1176.70 |                  5.36 |                    5.00 |    696 |    31.1635 |
|        1 |        190 |          1120.30 |      1120.30 |      1176.70 |                  5.00 |                    5.00 |    696 |    31.2161 |
|        1 |        191 |          1120.30 |      1120.30 |      1179.70 |                  5.00 |                    5.00 |    696 |    31.2645 |
|        1 |        192 |          1120.30 |      1120.30 |      1161.60 |                  5.00 |                    5.00 |    697 |    31.3293 |
|        1 |        193 |          1120.30 |      1120.30 |      1148.20 |                  5.00 |                    5.00 |    697 |    31.4431 |
|        1 |        194 |          1120.30 |      1120.30 |      1148.40 |                  5.00 |                    5.00 |    699 |    31.6023 |
|        1 |        195 |          1120.30 |      1120.30 |      1140.90 |                  5.00 |                    5.00 |    701 |    31.8268 |
|        1 |        196 |          1120.30 |      1120.30 |      1140.80 |                  5.00 |                    5.00 |    701 |    31.8917 |
|        1 |        197 |          1120.30 |      1120.30 |      1140.80 |                  5.00 |                    5.00 |    701 |    31.9633 |
|        1 |        198 |          1120.30 |      1120.30 |      1140.80 |                  5.00 |                    5.00 |    701 |    32.0168 |
|        1 |        199 |          1120.30 |      1120.30 |      1140.80 |                  5.00 |                    5.00 |    701 |    32.0895 |
|        1 |        200 |          1120.30 |      1120.30 |      1136.30 |                  5.00 |                    5.00 |    701 |    32.1527 |
|        1 |        201 |          1120.30 |      1120.30 |      1136.30 |                  5.00 |                    5.00 |    701 |    32.2220 |
|        1 |        202 |          1120.30 |      1120.30 |      1141.10 |                  5.05 |                    5.00 |    702 |    32.3158 |
|        1 |        203 |          1120.30 |      1120.30 |      1139.20 |                  5.00 |                    5.00 |    704 |    32.4260 |
|        1 |        204 |          1120.30 |      1120.30 |      1139.20 |                  5.00 |                    5.00 |    704 |    32.5052 |
|        1 |        205 |          1120.30 |      1120.30 |      1140.50 |                  5.00 |                    5.00 |    706 |    32.5726 |
|        1 |        206 |          1120.30 |      1120.30 |      1139.90 |                  5.00 |                    5.00 |    706 |    32.6508 |
|        1 |        207 |          1120.30 |      1120.30 |      1139.90 |                  5.00 |                    5.00 |    706 |    32.7371 |
|        1 |        208 |          1120.30 |      1120.30 |      1139.90 |                  5.00 |                    5.00 |    706 |    32.8010 |
|        1 |        209 |          1120.30 |      1120.30 |      1135.10 |                  5.00 |                    5.00 |    706 |    32.8493 |
|        1 |        210 |          1120.30 |      1120.30 |      1160.40 |                  5.00 |                    5.00 |    710 |    32.9772 |
|        1 |        211 |          1120.30 |      1120.30 |      1153.17 |                 15.54 |                    5.80 |    714 |    33.1497 |
|        1 |        212 |          1120.30 |      1120.30 |      1149.20 |                 10.37 |                    5.00 |    716 |    33.2264 |
|        1 |        213 |          1120.30 |      1120.30 |      1153.20 |                  6.72 |                    5.00 |    719 |    33.2893 |
|        1 |        214 |          1120.30 |      1120.30 |      1148.20 |                  5.00 |                    5.00 |    722 |    33.3590 |
|        1 |        215 |          1120.30 |      1120.30 |      1172.10 |                  5.00 |                    5.00 |    727 |    33.4383 |
|        1 |        216 |          1120.30 |      1120.30 |      1146.30 |                  5.00 |                    5.00 |    731 |    33.5249 |
|        1 |        217 |          1120.30 |      1120.30 |      1137.60 |                  5.00 |                    5.00 |    732 |    33.6570 |
|        1 |        218 |          1120.30 |      1120.30 |      1142.90 |                  5.00 |                    5.00 |    732 |    33.7394 |
|        1 |        219 |          1120.30 |      1120.30 |      1160.70 |                  5.00 |                    5.00 |    733 |    33.8033 |
|        1 |        220 |          1120.30 |      1120.30 |      1162.90 |                  5.00 |                    5.00 |    734 |    33.8762 |
|        1 |        221 |          1120.30 |      1120.30 |      1147.80 |                  5.00 |                    5.00 |    735 |    34.0415 |
|        1 |        222 |          1120.30 |      1120.30 |      1141.20 |                  5.00 |                    5.00 |    737 |    34.1492 |
|        1 |        223 |          1120.30 |      1120.30 |      1141.20 |                  5.00 |                    5.00 |    737 |    34.2011 |
|        1 |        224 |          1120.30 |      1120.30 |      1141.20 |                  5.00 |                    5.00 |    737 |    34.2517 |
|        1 |        225 |          1120.30 |      1120.30 |      1141.20 |                  5.00 |                    5.00 |    737 |    34.3172 |
|        1 |        226 |          1120.30 |      1120.30 |      1141.20 |                  5.00 |                    5.00 |    737 |    34.3654 |
|        1 |        227 |          1120.30 |      1120.30 |      1160.90 |                  5.00 |                    5.00 |    737 |    34.4767 |
|        1 |        228 |          1120.30 |      1120.30 |      1195.50 |                  5.00 |                    5.00 |    741 |    34.5263 |
|        1 |        229 |          1120.30 |      1120.30 |      1159.96 |                  5.85 |                    5.00 |    741 |    34.5962 |
|        1 |        230 |          1120.30 |      1120.30 |      1163.46 |                  5.07 |                    5.00 |    743 |    34.6634 |
|        1 |        231 |          1120.30 |      1120.30 |      1162.70 |                  6.81 |                    5.00 |    743 |    34.7526 |
|        1 |        232 |          1120.30 |      1120.30 |      1158.70 |                  5.00 |                    5.00 |    744 |    34.8335 |
|        1 |        233 |          1120.30 |      1120.30 |      1158.70 |                  5.00 |                    5.00 |    744 |    34.9558 |
|        1 |        234 |          1120.30 |      1120.30 |      1161.70 |                  5.00 |                    5.00 |    744 |    35.0857 |
|        1 |        235 |          1120.30 |      1120.30 |      1154.94 |                  5.00 |                    9.45 |    745 |    35.2683 |
|        1 |        236 |          1120.30 |      1120.30 |      1155.53 |                  5.00 |                    6.84 |    745 |    35.3520 |
|        1 |        237 |          1120.30 |      1120.30 |      1188.42 |                  5.00 |                   11.92 |    747 |    35.4373 |
|        1 |        238 |          1120.30 |      1120.30 |      1158.90 |                  5.00 |                    5.00 |    748 |    35.6177 |
|        1 |        239 |          1120.30 |      1120.30 |      1172.40 |                  5.00 |                    5.00 |    749 |    35.7484 |
|        1 |        240 |          1120.30 |      1120.30 |      1161.80 |                  5.00 |                    5.46 |    751 |    35.8348 |
|        1 |        241 |          1120.30 |      1120.30 |      1164.10 |                  5.26 |                    5.00 |    751 |    35.9088 |
|        1 |        242 |          1120.30 |      1120.30 |      1157.30 |                  5.00 |                    5.00 |    753 |    36.0233 |
|        1 |        243 |          1120.30 |      1120.30 |      1162.10 |                  5.00 |                    5.00 |    755 |    36.1891 |
|        1 |        244 |          1120.30 |      1120.30 |      1156.20 |                  5.00 |                    5.00 |    756 |    36.3974 |
|        1 |        245 |          1120.30 |      1120.30 |      1156.21 |                  9.64 |                    5.00 |    756 |    36.4920 |
|        1 |        246 |          1120.30 |      1120.30 |      1155.80 |                  5.00 |                    5.00 |    757 |    36.6274 |
|        1 |        247 |          1120.30 |      1120.30 |      1154.80 |                  5.00 |                    5.00 |    760 |    36.8158 |
|        1 |        248 |          1120.30 |      1120.30 |      1152.70 |                  5.00 |                    5.00 |    762 |    36.9191 |
|        1 |        249 |          1120.30 |      1120.30 |      1149.50 |                  5.00 |                    5.00 |    762 |    37.0143 |
|        1 |        250 |          1120.30 |      1120.30 |      1155.30 |                 10.13 |                    5.00 |    765 |    37.1527 |
|        1 |        251 |          1120.30 |      1120.30 |      1152.20 |                  5.00 |                    5.00 |    767 |    37.2798 |
|        1 |        252 |          1120.30 |      1120.30 |      1152.20 |                  5.00 |                    5.00 |    767 |    37.3700 |
|        1 |        253 |          1120.30 |      1120.30 |      1152.20 |                  5.00 |                    5.00 |    767 |    37.4437 |
|        1 |        254 |          1120.30 |      1120.30 |      1152.20 |                  5.00 |                    5.00 |    767 |    37.5349 |
|        1 |        255 |          1120.30 |      1120.30 |      1152.20 |                  5.00 |                    5.00 |    767 |    37.6210 |
|        1 |        256 |          1120.30 |      1120.30 |      1150.00 |                  5.00 |                    5.00 |    768 |    37.6937 |
|        1 |        257 |          1120.30 |      1120.30 |      1159.20 |                  5.74 |                    5.00 |    772 |    37.8370 |
|        1 |        258 |          1120.30 |      1120.30 |      1158.50 |                  5.00 |                    5.00 |    776 |    37.9760 |
|        1 |        259 |          1120.30 |      1120.30 |      1158.50 |                  5.00 |                    5.00 |    777 |    38.0524 |
|        1 |        260 |          1120.30 |      1120.30 |      1158.50 |                  5.00 |                    5.00 |    777 |    38.1128 |
|        1 |        261 |          1120.30 |      1120.30 |      1158.50 |                  5.00 |                    5.00 |    777 |    38.1927 |
|        1 |        262 |          1120.30 |      1120.30 |      1122.50 |                  5.00 |                    5.00 |    778 |    38.4072 |
|        1 |        263 |          1120.30 |      1120.30 |      1122.50 |                  5.00 |                    5.00 |    778 |    38.4702 |
|        1 |        264 |          1120.30 |      1120.30 |      1122.50 |                  5.00 |                    5.00 |    778 |    38.5307 |
|        1 |        265 |          1120.30 |      1120.30 |      1122.50 |                  5.00 |                    5.00 |    778 |    38.5878 |
|        1 |        266 |          1120.30 |      1120.30 |      1122.50 |                  5.00 |                    5.00 |    778 |    38.6541 |
|        1 |        267 |          1120.30 |      1120.30 |      1122.50 |                  5.00 |                    5.00 |    778 |    38.7301 |
|        1 |        268 |          1120.30 |      1120.30 |      1122.50 |                  5.00 |                    5.00 |    778 |    38.8025 |
|        1 |        269 |          1120.30 |      1120.30 |      1122.50 |                  5.00 |                    5.00 |    778 |    38.8671 |
|        1 |        270 |          1120.30 |      1120.30 |      1143.20 |                  5.00 |                    5.00 |    780 |    38.9265 |
|        1 |        271 |          1120.30 |      1120.30 |      1146.00 |                  5.00 |                    5.00 |    780 |    38.9913 |
|        1 |        272 |          1120.30 |      1120.30 |      1143.80 |                  5.68 |                    5.00 |    781 |    39.0485 |
|        1 |        273 |          1120.30 |      1120.30 |      1143.20 |                  5.00 |                    5.00 |    781 |    39.1162 |
|        1 |        274 |          1120.30 |      1120.30 |      1143.20 |                  5.00 |                    5.00 |    781 |    39.1960 |
|        1 |        275 |          1120.30 |      1120.30 |      1143.20 |                  5.00 |                    5.00 |    781 |    39.2675 |
|        1 |        276 |          1120.30 |      1120.30 |      1143.20 |                  5.00 |                    5.00 |    781 |    39.3155 |
|        1 |        277 |          1120.30 |      1120.30 |      1143.20 |                  5.63 |                    5.00 |    781 |    39.3841 |
|        1 |        278 |          1120.30 |      1120.30 |      1143.20 |                  5.00 |                    5.00 |    781 |    39.4356 |
|        1 |        279 |          1120.30 |      1120.30 |      1143.20 |                  7.08 |                    5.00 |    781 |    39.5041 |
|        1 |        280 |          1120.30 |      1120.30 |      1136.40 |                  7.72 |                    5.26 |    785 |    39.6507 |
|        1 |        281 |          1120.30 |      1120.30 |      1136.40 |                  5.00 |                    5.00 |    785 |    39.7030 |
|        1 |        282 |          1120.30 |      1120.30 |      1170.60 |                  6.10 |                    5.00 |    787 |    39.7497 |
|        1 |        283 |          1120.30 |      1120.30 |      1193.20 |                  5.00 |                    5.00 |    790 |    39.8403 |
|        1 |        284 |          1120.30 |      1120.30 |      1157.40 |                  5.00 |                    5.00 |    791 |    39.9129 |
------------------------------------------------------------------------------------------------------------------------------------------------
|  Restart |  Iteration |  Best Feas. Cost |    Best Cost |   Curr. Cost |   Penalty Custom Res. |   Penalty Standard Res. |   Pool |   Time (s) |
------------------------------------------------------------------------------------------------------------------------------------------------
|        1 |        285 |          1120.30 |      1120.30 |      1129.50 |                  5.00 |                    5.00 |    795 |    40.1216 |
|        1 |        286 |          1120.30 |      1120.30 |      1129.50 |                  5.00 |                    5.00 |    795 |    40.1730 |
|        1 |        287 |          1120.30 |      1120.30 |      1131.20 |                  5.00 |                    5.00 |    795 |    40.2453 |
|        1 |        288 |          1120.30 |      1120.30 |      1131.20 |                  5.00 |                    5.00 |    795 |    40.3051 |
|        1 |        289 |          1120.30 |      1120.30 |      1134.90 |                  5.00 |                    5.00 |    796 |    40.3934 |
|        1 |        290 |          1120.30 |      1120.30 |      1134.90 |                  5.00 |                    5.00 |    796 |    40.4370 |
|        1 |        291 |          1120.30 |      1120.30 |      1140.90 |                  5.00 |                    5.00 |    798 |    40.5054 |
|        1 |        292 |          1120.30 |      1120.30 |      1135.00 |                  5.00 |                    5.00 |    798 |    40.6162 |
|        1 |        293 |          1120.30 |      1120.30 |      1162.10 |                  5.00 |                    5.00 |    801 |    40.6791 |
|        1 |        294 |          1120.30 |      1120.30 |      1179.54 |                  5.00 |                    7.28 |    801 |    40.7755 |
|        1 |        295 |          1120.30 |      1120.30 |      1180.52 |                  5.00 |                   12.97 |    801 |    40.8321 |
|        1 |        296 |          1120.30 |      1120.30 |      1183.07 |                  5.00 |                   16.93 |    801 |    40.8993 |
|        1 |        297 |          1120.30 |      1120.30 |      1184.24 |                  5.00 |                   13.28 |    801 |    40.9776 |
|        1 |        298 |          1120.30 |      1120.30 |      1178.65 |                  5.00 |                    9.04 |    803 |    41.0655 |
|        1 |        299 |          1120.30 |      1120.30 |      1176.49 |                  5.00 |                    7.23 |    803 |    41.1356 |
|        1 |        300 |          1120.30 |      1120.30 |      1160.10 |                  5.00 |                    5.00 |    807 |    41.3731 |
|        1 |        301 |          1120.30 |      1120.30 |      1183.50 |                  5.00 |                    5.00 |    810 |    41.4360 |
|        1 |        302 |          1120.30 |      1120.30 |      1184.96 |                  5.00 |                   10.76 |    811 |    41.5093 |
|        1 |        303 |          1120.30 |      1120.30 |      1181.70 |                  5.00 |                    6.17 |    815 |    41.6203 |
|        1 |        304 |          1120.30 |      1120.30 |      1181.70 |                  5.00 |                    5.00 |    815 |    41.6909 |
|        1 |        305 |          1120.30 |      1120.30 |      1181.70 |                  5.00 |                    5.00 |    815 |    41.7560 |
|        1 |        306 |          1120.30 |      1120.30 |      1140.72 |                  5.34 |                    5.46 |    820 |    42.0358 |
|        1 |        307 |          1120.30 |      1120.30 |      1143.80 |                  5.00 |                    5.00 |    820 |    42.1164 |
|        1 |        308 |          1120.30 |      1120.30 |      1143.80 |                  5.00 |                    5.00 |    820 |    42.1892 |
|        1 |        309 |          1120.30 |      1120.30 |      1169.00 |                  5.00 |                    5.00 |    825 |    42.3067 |
|        1 |        310 |          1120.30 |      1120.30 |      1212.90 |                  5.00 |                    5.26 |    829 |    42.3757 |
|        1 |        311 |          1120.30 |      1120.30 |      1166.80 |                  5.00 |                    5.00 |    834 |    42.5076 |
|        1 |        312 |          1120.30 |      1120.30 |      1173.70 |                  5.00 |                    5.00 |    835 |    42.5903 |
|        1 |        313 |          1120.30 |      1120.30 |      1173.70 |                  5.00 |                    5.00 |    835 |    42.6554 |
|        1 |        314 |          1120.30 |      1120.30 |      1173.70 |                  5.00 |                    5.00 |    836 |    42.7085 |
|        1 |        315 |          1120.30 |      1120.30 |      1145.80 |                  5.00 |                    5.00 |    838 |    42.8702 |
|        1 |        316 |          1120.30 |      1120.30 |      1162.00 |                  5.00 |                    5.00 |    841 |    43.0919 |
|        1 |        317 |          1120.30 |      1120.30 |      1162.00 |                  5.00 |                    5.00 |    841 |    43.1468 |
|        1 |        318 |          1120.30 |      1120.30 |      1164.10 |                  5.00 |                    5.00 |    843 |    43.3027 |
|        1 |        319 |          1120.30 |      1120.30 |      1175.40 |                  5.00 |                    5.00 |    844 |    43.3830 |
|        1 |        320 |          1120.30 |      1120.30 |      1167.60 |                  5.00 |                    5.00 |    847 |    43.4844 |
|        1 |        321 |          1120.30 |      1120.30 |      1139.82 |                  5.00 |                    5.00 |    847 |    43.5663 |
|        1 |        322 |          1120.30 |      1120.30 |      1132.90 |                  5.00 |                    5.00 |    847 |    43.7057 |
|        1 |        323 |          1120.30 |      1120.30 |      1132.90 |                  5.00 |                    5.00 |    847 |    43.7806 |
|        1 |        324 |          1120.30 |      1120.30 |      1139.30 |                  5.00 |                    5.00 |    848 |    43.8884 |
|        1 |        325 |          1120.30 |      1120.30 |      1140.60 |                  5.00 |                    5.00 |    853 |    44.1106 |
|        1 |        326 |          1120.30 |      1120.30 |      1158.80 |                  5.00 |                    5.00 |    857 |    44.2035 |
|        1 |        327 |          1120.30 |      1120.30 |      1135.40 |                  5.00 |                    5.00 |    858 |    44.3762 |
|        1 |        328 |          1120.30 |      1120.30 |      1153.20 |                  5.00 |                    5.00 |    862 |    44.5077 |
|        1 |        329 |          1120.30 |      1120.30 |      1153.50 |                  5.00 |                    5.00 |    863 |    44.6026 |
|        1 |        330 |          1120.30 |      1120.30 |      1137.40 |                  5.00 |                    5.00 |    864 |    44.7211 |
|        1 |        331 |          1120.30 |      1120.30 |      1149.50 |                  5.00 |                    6.81 |    864 |    44.8003 |
|        1 |        332 |          1120.30 |      1120.30 |      1136.30 |                  5.00 |                    5.00 |    864 |    44.9173 |
|        1 |        333 |          1120.30 |      1120.30 |      1151.20 |                  5.00 |                    5.00 |    868 |    45.0424 |
|        1 |        334 |          1120.30 |      1120.30 |      1155.60 |                  5.00 |                    5.00 |    869 |    45.1171 |
|        1 |        335 |          1120.30 |      1120.30 |      1147.50 |                  5.00 |                    5.00 |    869 |    45.2150 |
|        1 |        336 |          1120.30 |      1120.30 |      1147.80 |                  5.00 |                    5.26 |    871 |    45.3103 |
|        1 |        337 |          1120.30 |      1120.30 |      1143.60 |                  5.00 |                    5.00 |    873 |    45.4336 |
|        1 |        338 |          1120.30 |      1120.30 |      1143.60 |                  5.00 |                    5.00 |    873 |    45.4778 |
|        1 |        339 |          1120.30 |      1120.30 |      1143.60 |                  5.00 |                    5.00 |    873 |    45.5321 |
|        1 |        340 |          1120.30 |      1120.30 |      1147.70 |                  5.00 |                    5.00 |    873 |    45.6140 |
|        1 |        341 |          1120.30 |      1120.30 |      1136.20 |                  5.00 |                    5.47 |    874 |    45.7161 |
|        1 |        342 |          1120.30 |      1120.30 |      1136.20 |                  6.35 |                    5.00 |    874 |    45.7939 |
|        1 |        343 |          1120.30 |      1120.30 |      1131.30 |                  5.00 |                    5.00 |    874 |    45.9401 |
|        1 |        344 |          1120.30 |      1120.30 |      1131.10 |                  5.69 |                    5.00 |    875 |    46.0036 |
|        1 |        345 |          1120.30 |      1120.30 |      1139.44 |                  5.10 |                    5.00 |    877 |    46.1114 |
|        1 |        346 |          1120.30 |      1120.30 |      1162.00 |                  5.00 |                    5.00 |    879 |    46.1832 |
|        1 |        347 |          1120.30 |      1120.30 |      1150.10 |                  7.22 |                    5.00 |    884 |    46.3821 |
|        1 |        348 |          1120.30 |      1120.30 |      1150.10 |                  5.00 |                    5.00 |    884 |    46.4425 |
|        1 |        349 |          1120.30 |      1120.30 |      1150.10 |                  5.00 |                    5.00 |    884 |    46.5173 |
|        1 |        350 |          1120.30 |      1120.30 |      1140.30 |                  5.00 |                    5.26 |    884 |    46.6841 |
|        1 |        351 |          1120.30 |      1120.30 |      1133.20 |                  5.00 |                    5.00 |    886 |    46.8051 |
|        1 |        352 |          1120.30 |      1120.30 |      1133.20 |                  5.00 |                    5.00 |    886 |    46.9082 |
|        1 |        353 |          1120.30 |      1120.30 |      1135.40 |                  5.00 |                    6.16 |    887 |    46.9927 |
|        1 |        354 |          1120.30 |      1120.30 |      1135.40 |                  5.00 |                    5.00 |    888 |    47.0579 |
|        1 |        355 |          1120.30 |      1120.30 |      1135.40 |                  5.00 |                    5.00 |    889 |    47.1496 |
|        1 |        356 |          1120.30 |      1120.30 |      1132.00 |                  5.00 |                    5.00 |    889 |    47.2580 |
|        1 |        357 |          1120.30 |      1120.30 |      1134.20 |                  5.00 |                    5.00 |    891 |    47.3528 |
|        1 |        358 |          1120.30 |      1120.30 |      1130.60 |                  5.10 |                    5.00 |    892 |    47.4840 |
|        1 |        359 |          1120.30 |      1120.30 |      1130.60 |                  5.00 |                    5.00 |    892 |    47.5779 |
|        1 |        360 |          1120.30 |      1120.30 |      1130.60 |                  5.00 |                    5.00 |    892 |    47.6454 |
|        1 |        361 |          1120.30 |      1120.30 |      1125.50 |                  5.00 |                    7.89 |    895 |    47.7619 |
|        1 |        362 |          1120.30 |      1120.30 |      1126.09 |                  5.00 |                   11.38 |    895 |    47.8528 |
|        1 |        363 |          1120.30 |      1120.30 |      1121.50 |                  5.00 |                    5.34 |    897 |    47.9828 |
|        1 |        364 |          1120.30 |      1120.30 |      1121.50 |                  5.00 |                    5.00 |    897 |    48.0543 |
|        1 |        365 |          1120.30 |      1120.30 |      1121.50 |                  5.58 |                    5.00 |    897 |    48.1234 |
|        1 |        366 |          1120.30 |      1120.30 |      1123.70 |                  5.00 |                    5.52 |    898 |    48.2090 |
|        1 |        367 |          1120.30 |      1120.30 |      1123.91 |                  5.00 |                    5.00 |    898 |    48.2987 |
|        1 |        368 |          1120.30 |      1120.30 |      1124.46 |                  5.00 |                   10.23 |    900 |    48.3870 |
|        1 |        369 |          1120.30 |      1120.30 |      1122.80 |                  5.00 |                    6.69 |    902 |    48.4601 |
|        1 |          0 |          1120.20 |      1120.20 |      1120.20 |                  5.00 |                    6.77 |    904 |    48.6245 |
|        1 |          1 |          1120.20 |      1120.20 |      1120.20 |                  5.00 |                    7.02 |    904 |    48.6907 |
|        1 |          2 |          1120.20 |      1120.20 |      1162.70 |                  5.00 |                    5.00 |    907 |    48.7661 |
|        1 |          3 |          1120.20 |      1120.20 |      1162.70 |                  5.00 |                    5.26 |    907 |    48.8389 |
|        1 |          4 |          1120.20 |      1120.20 |      1162.50 |                  5.00 |                    5.00 |    912 |    48.9781 |
|        1 |          5 |          1120.20 |      1120.20 |      1145.30 |                  5.72 |                    5.00 |    918 |    49.1567 |
|        1 |          6 |          1120.20 |      1120.20 |      1139.86 |                  6.09 |                    5.00 |    920 |    49.2515 |
|        1 |          7 |          1120.20 |      1120.20 |      1146.58 |                  5.52 |                    5.00 |    921 |    49.3241 |
|        1 |          8 |          1120.20 |      1120.20 |      1165.55 |                  5.00 |                    5.00 |    921 |    49.4002 |
|        1 |          9 |          1120.20 |      1120.20 |      1143.30 |                  5.52 |                    5.41 |    924 |    49.5375 |
|        1 |         10 |          1120.20 |      1120.20 |      1126.95 |                  5.19 |                    5.00 |    927 |    49.6614 |
|        1 |         11 |          1120.20 |      1120.20 |      1135.70 |                  5.00 |                    5.00 |    927 |    49.7328 |
|        1 |         12 |          1120.20 |      1120.20 |      1132.80 |                  5.00 |                    5.00 |    927 |    49.8308 |
|        1 |         13 |          1120.20 |      1120.20 |      1148.80 |                  5.00 |                    5.00 |    929 |    49.8872 |
|        1 |         14 |          1120.20 |      1120.20 |      1148.80 |                  5.00 |                    5.00 |    931 |    49.9548 |
|        1 |         15 |          1120.20 |      1120.20 |      1132.80 |                  5.52 |                    5.00 |    931 |    50.0751 |
|        1 |         16 |          1120.20 |      1120.20 |      1130.30 |                  5.00 |                    5.00 |    933 |    50.3642 |
|        1 |         17 |          1120.20 |      1120.20 |      1125.60 |                  5.00 |                    7.82 |    935 |    50.4354 |
|        1 |         18 |          1120.20 |      1120.20 |      1125.60 |                  5.00 |                    5.00 |    935 |    50.5064 |
|        1 |         19 |          1120.20 |      1120.20 |      1134.90 |                  5.00 |                    5.00 |    937 |    50.7183 |
|        1 |         20 |          1120.20 |      1120.20 |      1134.90 |                  5.00 |                    5.00 |    937 |    50.7943 |
|        1 |         21 |          1120.20 |      1120.20 |      1145.80 |                  5.00 |                    5.00 |    939 |    50.9132 |
|        1 |         22 |          1120.20 |      1120.20 |      1139.50 |                  5.00 |                    5.00 |    942 |    51.1427 |
|        1 |         23 |          1120.20 |      1120.20 |      1136.30 |                  6.22 |                    5.26 |    943 |    51.3012 |
|        1 |         24 |          1120.20 |      1120.20 |      1155.40 |                  5.26 |                    5.00 |    944 |    51.3804 |
|        1 |         25 |          1120.20 |      1120.20 |      1164.20 |                  5.00 |                    5.00 |    946 |    51.4626 |
|        1 |         26 |          1120.20 |      1120.20 |      1177.90 |                  5.00 |                    5.00 |    947 |    51.5532 |
|        1 |         27 |          1120.20 |      1120.20 |      1162.60 |                  5.36 |                    5.98 |    949 |    51.6712 |
|        1 |         28 |          1120.20 |      1120.20 |      1163.80 |                  5.00 |                    5.00 |    950 |    51.7514 |
|        1 |         29 |          1120.20 |      1120.20 |      1144.60 |                  5.92 |                    5.00 |    950 |    51.9182 |
|        1 |         30 |          1120.20 |      1120.20 |      1147.60 |                  5.00 |                   12.24 |    951 |    52.0633 |
|        1 |         31 |          1120.20 |      1120.20 |      1148.70 |                  5.00 |                   21.79 |    951 |    52.1218 |
|        1 |         32 |          1120.20 |      1120.20 |      1150.41 |                  5.00 |                   27.59 |    951 |    52.2054 |
|        1 |         33 |          1120.20 |      1120.20 |      1151.50 |                  5.00 |                   28.84 |    951 |    52.3282 |
|        1 |         34 |          1120.20 |      1120.20 |      1136.40 |                  5.00 |                   13.78 |    951 |    52.5176 |
|        1 |         35 |          1120.20 |      1120.20 |      1147.80 |                  5.00 |                    6.95 |    951 |    52.6300 |
|        1 |         36 |          1120.20 |      1120.20 |      1148.53 |                  5.00 |                   13.00 |    951 |    52.7017 |
|        1 |         37 |          1120.20 |      1120.20 |      1144.07 |                  5.00 |                   15.93 |    952 |    52.8414 |
|        1 |         38 |          1120.20 |      1120.20 |      1137.20 |                  5.00 |                    6.38 |    953 |    52.9503 |
|        1 |         39 |          1120.20 |      1120.20 |      1134.50 |                  5.00 |                    5.00 |    953 |    53.0445 |
|        1 |         40 |          1120.20 |      1120.20 |      1129.00 |                  5.00 |                    5.00 |    954 |    53.1123 |
|        1 |         41 |          1120.20 |      1120.20 |      1134.40 |                  5.00 |                    5.00 |    955 |    53.1778 |
|        1 |         42 |          1120.20 |      1120.20 |      1134.40 |                  5.00 |                    5.00 |    955 |    53.2703 |
|        1 |         43 |          1120.20 |      1120.20 |      1133.50 |                  5.00 |                    5.00 |    957 |    53.3909 |
|        1 |         44 |          1120.20 |      1120.20 |      1131.90 |                  5.00 |                    5.80 |    957 |    53.4609 |
|        1 |         45 |          1120.20 |      1120.20 |      1133.40 |                  5.00 |                    5.00 |    957 |    53.5378 |
|        1 |         46 |          1120.20 |      1120.20 |      1133.40 |                  5.00 |                    5.00 |    957 |    53.6351 |
|        1 |         47 |          1120.20 |      1120.20 |      1133.40 |                  5.00 |                    5.00 |    957 |    53.7040 |
|        1 |         48 |          1120.20 |      1120.20 |      1133.40 |                  5.00 |                    5.00 |    957 |    53.7738 |
|        1 |         49 |          1120.20 |      1120.20 |      1141.10 |                  5.00 |                    5.00 |    957 |    53.8575 |
|        1 |         50 |          1120.20 |      1120.20 |      1130.50 |                  5.00 |                    5.00 |    957 |    53.9424 |
|        1 |         51 |          1120.20 |      1120.20 |      1130.50 |                  5.00 |                    5.00 |    957 |    53.9957 |
|        1 |         52 |          1120.20 |      1120.20 |      1140.60 |                  5.00 |                    5.00 |    960 |    54.1432 |
|        1 |         53 |          1120.20 |      1120.20 |      1134.90 |                  5.00 |                    5.00 |    962 |    54.2389 |
|        1 |         54 |          1120.20 |      1120.20 |      1136.40 |                  5.00 |                    5.00 |    962 |    54.3042 |
|        1 |         55 |          1120.20 |      1120.20 |      1135.40 |                  5.86 |                    5.00 |    962 |    54.3640 |
|        1 |         56 |          1120.20 |      1120.20 |      1133.90 |                  5.00 |                    5.00 |    962 |    54.4498 |
|        1 |         57 |          1120.20 |      1120.20 |      1135.40 |                  5.00 |                    5.00 |    962 |    54.5138 |
|        1 |         58 |          1120.20 |      1120.20 |      1135.40 |                  5.00 |                    5.00 |    962 |    54.5708 |
|        1 |         59 |          1120.20 |      1120.20 |      1135.40 |                  5.00 |                    5.00 |    962 |    54.6396 |
|        1 |         60 |          1120.20 |      1120.20 |      1133.96 |                  7.08 |                    5.00 |    965 |    54.7535 |
|        1 |         61 |          1120.20 |      1120.20 |      1136.70 |                  8.77 |                    5.00 |    965 |    54.8652 |
|        1 |         62 |          1120.20 |      1120.20 |      1148.40 |                  5.00 |                    5.00 |    966 |    54.9636 |
|        1 |         63 |          1120.20 |      1120.20 |      1148.40 |                  5.00 |                    5.00 |    966 |    55.0310 |
|        1 |         64 |          1120.20 |      1120.20 |      1135.70 |                  5.00 |                    5.00 |    968 |    55.1106 |
|        1 |         65 |          1120.20 |      1120.20 |      1141.30 |                  5.00 |                    5.00 |    968 |    55.2115 |
|        1 |         66 |          1120.20 |      1120.20 |      1139.50 |                  5.00 |                    5.00 |    970 |    55.2826 |
|        1 |         67 |          1120.20 |      1120.20 |      1128.90 |                  5.00 |                    5.00 |    973 |    55.4263 |
|        1 |         68 |          1120.20 |      1120.20 |      1128.90 |                  5.00 |                    5.00 |    973 |    55.4954 |
|        1 |         69 |          1120.20 |      1120.20 |      1128.30 |                  5.00 |                    5.26 |    973 |    55.5504 |
|        1 |         70 |          1120.20 |      1120.20 |      1134.63 |                  5.00 |                   10.44 |    977 |    55.6166 |
|        1 |         71 |          1120.20 |      1120.20 |      1132.50 |                  5.00 |                    7.24 |    978 |    55.7128 |
|        1 |         72 |          1120.20 |      1120.20 |      1132.50 |                  5.00 |                    5.00 |    978 |    55.7801 |
|        1 |         73 |          1120.20 |      1120.20 |      1135.60 |                  5.00 |                    5.58 |    980 |    55.8568 |
|        1 |         74 |          1120.20 |      1120.20 |      1160.70 |                  5.00 |                    5.26 |    981 |    55.9239 |
|        1 |         75 |          1120.20 |      1120.20 |      1158.40 |                  5.00 |                    5.00 |    983 |    55.9833 |
|        1 |         76 |          1120.20 |      1120.20 |      1139.20 |                  5.00 |                    5.00 |    985 |    56.1087 |
|        1 |         77 |          1120.20 |      1120.20 |      1129.50 |                  7.82 |                    5.00 |    985 |    56.2155 |
|        1 |         78 |          1120.20 |      1120.20 |      1129.50 |                  5.00 |                    5.00 |    985 |    56.2796 |
|        1 |         79 |          1120.20 |      1120.20 |      1129.90 |                  5.00 |                    5.00 |    986 |    56.3859 |
|        1 |         80 |          1120.20 |      1120.20 |      1129.90 |                  5.00 |                    5.00 |    986 |    56.4665 |
|        1 |         81 |          1120.20 |      1120.20 |      1134.60 |                  5.00 |                    5.00 |    986 |    56.5465 |
|        1 |         82 |          1120.20 |      1120.20 |      1151.00 |                  5.00 |                    5.00 |    987 |    56.6443 |
|        1 |         83 |          1120.20 |      1120.20 |      1161.10 |                  5.00 |                    5.00 |    991 |    56.7996 |
|        1 |         84 |          1120.20 |      1120.20 |      1157.40 |                  5.00 |                    5.00 |    991 |    56.9116 |
|        1 |         85 |          1120.20 |      1120.20 |      1156.10 |                  5.00 |                    5.00 |    995 |    57.1111 |
|        1 |         86 |          1120.20 |      1120.20 |      1157.00 |                  5.00 |                    5.00 |    998 |    57.1953 |
|        1 |         87 |          1120.20 |      1120.20 |      1156.50 |                  5.00 |                    6.29 |    998 |    57.2642 |
|        1 |         88 |          1120.20 |      1120.20 |      1160.10 |                  5.00 |                    5.00 |   1000 |    57.3825 |
|        1 |         89 |          1120.20 |      1120.20 |      1164.00 |                  5.00 |                    5.00 |   1000 |    57.4640 |
|        1 |         90 |          1120.20 |      1120.20 |      1160.10 |                  5.00 |                    5.00 |   1000 |    57.5296 |
|        1 |         91 |          1120.20 |      1120.20 |      1163.00 |                  5.00 |                    5.00 |   1000 |    57.6029 |
|        1 |         92 |          1120.20 |      1120.20 |      1163.00 |                  5.05 |                    5.00 |   1000 |    57.6822 |
|        1 |         93 |          1120.20 |      1120.20 |      1160.10 |                  5.00 |                    5.00 |   1000 |    57.7463 |
|        1 |         94 |          1120.20 |      1120.20 |      1187.20 |                  5.00 |                    5.00 |   1003 |    57.8391 |
|        1 |         95 |          1120.20 |      1120.20 |      1162.50 |                  5.00 |                    5.00 |   1006 |    57.9539 |
|        1 |         96 |          1120.20 |      1120.20 |      1151.94 |                  5.26 |                    9.27 |   1009 |    58.1579 |
|        1 |         97 |          1120.20 |      1120.20 |      1154.10 |                  5.00 |                    5.00 |   1009 |    58.2529 |
|        1 |         98 |          1120.20 |      1120.20 |      1157.40 |                  5.00 |                    5.00 |   1011 |    58.3829 |
|        1 |         99 |          1120.20 |      1120.20 |      1151.25 |                  5.00 |                    5.00 |   1013 |    58.4609 |
|        1 |        100 |          1120.20 |      1120.20 |      1145.70 |                  7.37 |                    5.00 |   1013 |    58.5561 |
|        1 |        101 |          1120.20 |      1120.20 |      1143.90 |                  5.00 |                    5.00 |   1014 |    58.6171 |
|        1 |        102 |          1120.20 |      1120.20 |      1158.80 |                  5.00 |                    5.00 |   1018 |    58.6966 |
|        1 |        103 |          1120.20 |      1120.20 |      1148.50 |                  5.00 |                    5.00 |   1020 |    58.7974 |
|        1 |        104 |          1120.20 |      1120.20 |      1141.17 |                  5.00 |                   13.10 |   1020 |    58.9353 |
|        1 |        105 |          1120.20 |      1120.20 |      1141.62 |                  5.00 |                   12.18 |   1020 |    58.9891 |
|        1 |        106 |          1120.20 |      1120.20 |      1141.66 |                  5.00 |                   10.14 |   1020 |    59.0695 |
|        1 |        107 |          1120.20 |      1120.20 |      1140.99 |                  5.00 |                   16.18 |   1020 |    59.1304 |
|        1 |        108 |          1120.20 |      1120.20 |      1140.30 |                  5.75 |                    9.59 |   1020 |    59.1943 |
|        1 |        109 |          1120.20 |      1120.20 |      1140.30 |                  5.00 |                    5.00 |   1020 |    59.2570 |
|        1 |        110 |          1120.20 |      1120.20 |      1140.30 |                  5.00 |                    6.61 |   1020 |    59.3158 |
|        1 |        111 |          1120.20 |      1120.20 |      1139.20 |                  5.00 |                    5.00 |   1021 |    59.3965 |
|        1 |        112 |          1120.20 |      1120.20 |      1139.20 |                  5.00 |                    5.00 |   1021 |    59.4575 |
|        1 |        113 |          1120.20 |      1120.20 |      1139.20 |                  5.00 |                    5.00 |   1021 |    59.5386 |
|        1 |        114 |          1120.20 |      1120.20 |      1146.70 |                  5.00 |                    5.00 |   1023 |    59.6517 |
|        1 |        115 |          1120.20 |      1120.20 |      1146.70 |                  5.00 |                    5.00 |   1023 |    59.7356 |
|        1 |        116 |          1120.20 |      1120.20 |      1150.10 |                  5.00 |                    5.00 |   1024 |    59.8112 |
|        1 |        117 |          1120.20 |      1120.20 |      1162.69 |                 16.18 |                    5.00 |   1031 |    59.9198 |
------------------------------------------------------------------------------------------------------------------------------------------------
|  Restart |  Iteration |  Best Feas. Cost |    Best Cost |   Curr. Cost |   Penalty Custom Res. |   Penalty Standard Res. |   Pool |   Time (s) |
------------------------------------------------------------------------------------------------------------------------------------------------
|        1 |        118 |          1120.20 |      1120.20 |      1171.45 |                 38.45 |                    5.00 |   1034 |    60.0062 |
|        1 |        119 |          1120.20 |      1120.20 |      1153.50 |                 17.37 |                    5.00 |   1035 |    60.0927 |
|        1 |        120 |          1120.20 |      1120.20 |      1162.30 |                  5.14 |                    5.00 |   1040 |    60.2252 |
|        1 |        121 |          1120.20 |      1120.20 |      1140.80 |                  5.00 |                    5.00 |   1040 |    60.3281 |
|        1 |        122 |          1120.20 |      1120.20 |      1140.30 |                  5.00 |                    5.00 |   1040 |    60.3948 |
|        1 |        123 |          1120.20 |      1120.20 |      1140.30 |                  5.00 |                    5.00 |   1040 |    60.4564 |
|        1 |        124 |          1120.20 |      1120.20 |      1140.30 |                  5.00 |                    5.00 |   1040 |    60.5221 |
|        1 |        125 |          1120.20 |      1120.20 |      1140.30 |                  5.00 |                    5.00 |   1040 |    60.5847 |
|        1 |        126 |          1120.20 |      1120.20 |      1139.30 |                  5.00 |                    5.00 |   1040 |    60.6879 |
|        1 |        127 |          1120.20 |      1120.20 |      1144.10 |                  5.00 |                    5.00 |   1040 |    60.7635 |
|        1 |        128 |          1120.20 |      1120.20 |      1140.00 |                  5.00 |                    5.00 |   1040 |    60.8346 |
|        1 |        129 |          1120.20 |      1120.20 |      1150.70 |                  5.69 |                    5.00 |   1041 |    60.9064 |
|        1 |        130 |          1120.20 |      1120.20 |      1145.90 |                  5.00 |                    5.00 |   1041 |    60.9868 |
|        1 |        131 |          1120.20 |      1120.20 |      1145.90 |                  5.00 |                    5.00 |   1041 |    61.0501 |
|        1 |        132 |          1120.20 |      1120.20 |      1145.90 |                  5.00 |                    6.54 |   1041 |    61.1880 |
|        1 |        133 |          1120.20 |      1120.20 |      1149.50 |                  5.72 |                    5.00 |   1042 |    61.3043 |
|        1 |        134 |          1120.20 |      1120.20 |      1134.43 |                 13.20 |                    5.86 |   1043 |    61.3889 |
|        1 |        135 |          1120.20 |      1120.20 |      1163.30 |                  5.90 |                    5.26 |   1045 |    61.4927 |
|        1 |        136 |          1120.20 |      1120.20 |      1165.00 |                  5.00 |                    5.00 |   1045 |    61.5687 |
|        1 |        137 |          1120.20 |      1120.20 |      1171.90 |                  5.00 |                    5.00 |   1045 |    61.6728 |
|        1 |        138 |          1120.20 |      1120.20 |      1141.80 |                  5.00 |                    5.00 |   1048 |    61.9627 |
|        1 |        139 |          1120.20 |      1120.20 |      1152.20 |                  5.00 |                    5.00 |   1052 |    62.0527 |
|        1 |        140 |          1120.20 |      1120.20 |      1158.30 |                  5.00 |                    5.00 |   1057 |    62.1671 |
|        1 |        141 |          1120.20 |      1120.20 |      1155.10 |                  5.00 |                    5.00 |   1058 |    62.3567 |
|        1 |        142 |          1120.20 |      1120.20 |      1147.90 |                  5.00 |                    5.00 |   1060 |    62.5375 |
|        1 |        143 |          1120.20 |      1120.20 |      1147.90 |                  5.00 |                    5.00 |   1060 |    62.6132 |
|        1 |        144 |          1120.20 |      1120.20 |      1156.70 |                  5.00 |                    5.00 |   1063 |    62.6868 |
|        1 |        145 |          1120.20 |      1120.20 |      1155.00 |                  5.00 |                    5.00 |   1063 |    62.7609 |
|        1 |        146 |          1120.20 |      1120.20 |      1158.00 |                  5.00 |                    5.00 |   1064 |    62.8149 |
|        1 |        147 |          1120.20 |      1120.20 |      1158.20 |                  5.00 |                    5.00 |   1064 |    62.9400 |
|        1 |        148 |          1120.20 |      1120.20 |      1153.80 |                  5.00 |                    5.00 |   1066 |    63.1829 |
|        1 |        149 |          1120.20 |      1120.20 |      1151.85 |                  5.00 |                    6.79 |   1067 |    63.2788 |
|        1 |        150 |          1120.20 |      1120.20 |      1147.70 |                  5.00 |                   11.93 |   1067 |    63.3800 |
|        1 |        151 |          1120.20 |      1120.20 |      1147.70 |                  5.00 |                   10.23 |   1067 |    63.4467 |
|        1 |        152 |          1120.20 |      1120.20 |      1147.70 |                  5.00 |                   16.10 |   1067 |    63.5639 |
|        1 |        153 |          1120.20 |      1120.20 |      1149.50 |                  5.00 |                   41.86 |   1067 |    63.6590 |
|        1 |        154 |          1120.20 |      1120.20 |      1160.50 |                  5.00 |                   22.20 |   1070 |    63.7656 |
|        1 |        155 |          1120.20 |      1120.20 |      1156.00 |                  5.00 |                   11.31 |   1072 |    63.9528 |
|        1 |        156 |          1120.20 |      1120.20 |      1148.90 |                  5.00 |                    5.00 |   1073 |    64.1792 |
|        1 |        157 |          1120.20 |      1120.20 |      1138.70 |                  5.00 |                    5.00 |   1075 |    64.5009 |
|        1 |        158 |          1120.20 |      1120.20 |      1137.30 |                  5.00 |                    5.00 |   1078 |    64.5693 |
|        1 |        159 |          1120.20 |      1120.20 |      1181.90 |                  5.00 |                    5.00 |   1082 |    64.6545 |
|        1 |        160 |          1120.20 |      1120.20 |      1165.40 |                  5.00 |                    5.00 |   1087 |    64.8169 |
|        1 |        161 |          1120.20 |      1120.20 |      1163.70 |                  8.06 |                    5.00 |   1087 |    64.8927 |
|        1 |        162 |          1120.20 |      1120.20 |      1161.10 |                  5.00 |                    5.00 |   1089 |    64.9973 |
|        1 |        163 |          1120.20 |      1120.20 |      1158.50 |                  5.00 |                    5.00 |   1091 |    65.0728 |
|        1 |        164 |          1120.20 |      1120.20 |      1158.50 |                  5.00 |                    5.00 |   1091 |    65.1378 |
|        1 |        165 |          1120.20 |      1120.20 |      1149.00 |                  5.00 |                    5.00 |   1094 |    65.3019 |
|        1 |        166 |          1120.20 |      1120.20 |      1141.40 |                  5.00 |                    5.00 |   1094 |    65.3606 |
|        1 |        167 |          1120.20 |      1120.20 |      1141.40 |                  5.00 |                    5.00 |   1094 |    65.4148 |
|        1 |        168 |          1120.20 |      1120.20 |      1141.40 |                  5.00 |                    5.00 |   1094 |    65.4827 |
|        1 |        169 |          1120.20 |      1120.20 |      1141.40 |                  5.41 |                    5.04 |   1094 |    65.5454 |
|        1 |        170 |          1120.20 |      1120.20 |      1141.40 |                  5.00 |                    5.00 |   1094 |    65.6121 |
|        1 |        171 |          1120.20 |      1120.20 |      1141.40 |                  5.00 |                    5.00 |   1094 |    65.6612 |
|        1 |        172 |          1120.20 |      1120.20 |      1147.80 |                  5.00 |                    5.00 |   1094 |    65.7143 |
|        1 |        173 |          1120.20 |      1120.20 |      1165.70 |                  5.00 |                    5.00 |   1097 |    65.8848 |
|        1 |        174 |          1120.20 |      1120.20 |      1167.60 |                  5.00 |                    5.00 |   1098 |    65.9399 |
|        1 |        175 |          1120.20 |      1120.20 |      1163.90 |                  5.00 |                    5.00 |   1101 |    66.0517 |
|        1 |        176 |          1120.20 |      1120.20 |      1168.30 |                  5.00 |                    5.00 |   1106 |    66.1633 |
|        1 |        177 |          1120.20 |      1120.20 |      1158.80 |                  5.00 |                    5.00 |   1106 |    66.2449 |
|        1 |        178 |          1120.20 |      1120.20 |      1158.80 |                  5.00 |                    5.00 |   1106 |    66.2983 |
|        1 |        179 |          1120.20 |      1120.20 |      1159.20 |                  5.00 |                    5.00 |   1108 |    66.3702 |
|        1 |        180 |          1120.20 |      1120.20 |      1159.20 |                  5.00 |                    5.00 |   1108 |    66.4400 |
|        1 |        181 |          1120.20 |      1120.20 |      1138.00 |                  5.00 |                    5.00 |   1112 |    66.6363 |
|        1 |        182 |          1120.20 |      1120.20 |      1135.70 |                  5.00 |                    5.00 |   1114 |    66.7152 |
|        1 |        183 |          1120.20 |      1120.20 |      1145.70 |                  5.00 |                    5.00 |   1115 |    66.7903 |
|        1 |        184 |          1120.20 |      1120.20 |      1199.20 |                  5.00 |                    5.00 |   1119 |    66.8520 |
|        1 |        185 |          1120.20 |      1120.20 |      1173.48 |                  7.74 |                    5.00 |   1123 |    66.9112 |
|        1 |        186 |          1120.20 |      1120.20 |      1141.80 |                  5.31 |                    7.59 |   1123 |    67.0474 |
|        1 |        187 |          1120.20 |      1120.20 |      1158.70 |                  5.00 |                    5.00 |   1124 |    67.1504 |
|        1 |        188 |          1120.20 |      1120.20 |      1150.50 |                  5.00 |                    5.00 |   1124 |    67.2331 |
|        1 |        189 |          1120.20 |      1120.20 |      1150.50 |                  6.21 |                    5.26 |   1124 |    67.3258 |
|        1 |        190 |          1120.20 |      1120.20 |      1142.10 |                  5.00 |                    8.64 |   1126 |    67.4083 |
|        1 |        191 |          1120.20 |      1120.20 |      1144.80 |                  5.00 |                    5.00 |   1127 |    67.4859 |
|        1 |        192 |          1120.20 |      1120.20 |      1142.50 |                  5.00 |                    5.00 |   1127 |    67.5596 |
|        1 |        193 |          1120.20 |      1120.20 |      1141.40 |                  5.15 |                    5.15 |   1127 |    67.6418 |
|        1 |        194 |          1120.20 |      1120.20 |      1139.60 |                  5.00 |                    5.00 |   1127 |    67.7391 |
|        1 |        195 |          1120.20 |      1120.20 |      1140.50 |                  5.00 |                    5.00 |   1127 |    67.8049 |
|        1 |        196 |          1120.20 |      1120.20 |      1141.60 |                  5.00 |                    5.00 |   1129 |    67.8755 |
|        1 |        197 |          1120.20 |      1120.20 |      1141.60 |                  5.00 |                    5.00 |   1129 |    67.9337 |
|        1 |        198 |          1120.20 |      1120.20 |      1166.00 |                  5.00 |                    5.00 |   1130 |    68.0542 |
|        1 |        199 |          1120.20 |      1120.20 |      1129.40 |                  5.47 |                    5.00 |   1130 |    68.1437 |
|        1 |        200 |          1120.20 |      1120.20 |      1129.40 |                  5.00 |                    5.00 |   1130 |    68.2215 |
|        1 |        201 |          1120.20 |      1120.20 |      1147.90 |                  7.07 |                    6.87 |   1133 |    68.3030 |
|        1 |        202 |          1120.20 |      1120.20 |      1150.25 |                  9.99 |                    5.00 |   1133 |    68.3729 |
|        1 |        203 |          1120.20 |      1120.20 |      1150.40 |                  5.35 |                    5.00 |   1135 |    68.4424 |
|        1 |        204 |          1120.20 |      1120.20 |      1148.20 |                  5.67 |                    5.00 |   1135 |    68.4953 |
|        1 |        205 |          1120.20 |      1120.20 |      1149.04 |                  9.99 |                    5.00 |   1135 |    68.5569 |
|        1 |        206 |          1120.20 |      1120.20 |      1129.40 |                  5.00 |                    5.00 |   1135 |    68.6948 |
|        1 |        207 |          1120.20 |      1120.20 |      1129.40 |                  5.86 |                    5.00 |   1135 |    68.7695 |
|        1 |        208 |          1120.20 |      1120.20 |      1132.40 |                  5.00 |                    5.00 |   1135 |    68.8361 |
|        1 |        209 |          1120.20 |      1120.20 |      1137.00 |                  5.00 |                    5.00 |   1135 |    68.9413 |
|        1 |        210 |          1120.20 |      1120.20 |      1130.90 |                  5.00 |                    5.00 |   1136 |    69.0804 |
|        1 |        211 |          1120.20 |      1120.20 |      1130.85 |                  9.17 |                    5.00 |   1136 |    69.1350 |
|        1 |        212 |          1120.20 |      1120.20 |      1143.50 |                  5.00 |                    5.00 |   1138 |    69.2187 |
|        1 |        213 |          1120.20 |      1120.20 |      1143.70 |                  5.00 |                    5.00 |   1139 |    69.3197 |
|        1 |        214 |          1120.20 |      1120.20 |      1138.10 |                  5.00 |                    5.00 |   1140 |    69.4182 |
|        1 |        215 |          1120.20 |      1120.20 |      1125.80 |                  5.00 |                    5.00 |   1141 |    69.5612 |
|        1 |        216 |          1120.20 |      1120.20 |      1125.80 |                  5.00 |                    5.00 |   1141 |    69.6368 |
|        1 |        217 |          1120.20 |      1120.20 |      1124.90 |                  5.00 |                    5.00 |   1142 |    69.7099 |
|        1 |        218 |          1120.20 |      1120.20 |      1124.90 |                  5.00 |                    5.26 |   1142 |    69.7772 |
|        1 |        219 |          1120.20 |      1119.01 |      1119.01 |                  5.00 |                    5.00 |   1143 |    69.8797 |
|        1 |        220 |          1120.20 |      1119.01 |      1126.54 |                 15.24 |                    5.00 |   1143 |    69.9866 |
|        1 |        221 |          1120.20 |      1119.01 |      1126.50 |                  5.69 |                    5.13 |   1144 |    70.1192 |
|        1 |        222 |          1120.20 |      1119.01 |      1126.50 |                  5.34 |                    6.22 |   1144 |    70.1944 |
|        1 |        223 |          1120.20 |      1119.01 |      1121.10 |                  7.23 |                    6.97 |   1144 |    70.3046 |
|        1 |        224 |          1120.20 |      1119.01 |      1121.10 |                  5.00 |                    5.00 |   1144 |    70.3886 |
|        1 |        225 |          1120.20 |      1119.01 |      1122.90 |                  5.52 |                    6.45 |   1144 |    70.4878 |
|        1 |        226 |          1120.20 |      1119.01 |      1121.10 |                  5.41 |                    5.00 |   1144 |    70.5599 |
|        1 |        227 |          1120.20 |      1119.01 |      1121.10 |                  5.00 |                    5.00 |   1144 |    70.6297 |
|        1 |        228 |          1120.20 |      1119.01 |      1121.10 |                  5.00 |                    5.00 |   1144 |    70.6940 |
|        1 |        229 |          1120.20 |      1119.01 |      1121.10 |                  5.80 |                    5.92 |   1144 |    70.7636 |
|        1 |        230 |          1120.20 |      1119.01 |      1140.60 |                  5.00 |                    5.00 |   1145 |    70.8282 |
|        1 |        231 |          1120.20 |      1119.01 |      1140.60 |                  5.00 |                    5.00 |   1145 |    70.8771 |
|        1 |        232 |          1120.20 |      1119.01 |      1147.40 |                  5.00 |                    5.00 |   1147 |    71.0089 |
|        1 |        233 |          1120.20 |      1119.01 |      1145.30 |                  5.00 |                    5.00 |   1148 |    71.0878 |
|        1 |        234 |          1120.20 |      1119.01 |      1146.60 |                  5.00 |                    5.00 |   1148 |    71.2069 |
|        1 |        235 |          1120.20 |      1119.01 |      1177.20 |                  5.00 |                    5.00 |   1150 |    71.2668 |
|        1 |        236 |          1120.20 |      1119.01 |      1136.10 |                  5.00 |                    5.00 |   1151 |    71.4110 |
|        1 |        237 |          1120.20 |      1119.01 |      1136.10 |                  5.00 |                    6.16 |   1151 |    71.4991 |
|        1 |        238 |          1120.20 |      1119.01 |      1136.10 |                  5.00 |                    5.00 |   1151 |    71.5718 |
|        1 |        239 |          1120.20 |      1119.01 |      1133.80 |                  5.00 |                    5.00 |   1151 |    71.6537 |
|        1 |        240 |          1120.20 |      1119.01 |      1131.90 |                  5.00 |                    5.00 |   1151 |    71.7445 |
|        1 |        241 |          1120.20 |      1119.01 |      1131.60 |                  5.00 |                    5.00 |   1151 |    71.8408 |
|        1 |        242 |          1120.20 |      1119.01 |      1136.40 |                  5.00 |                    5.00 |   1155 |    71.9595 |
|        1 |        243 |          1120.20 |      1119.01 |      1134.10 |                  5.00 |                    5.00 |   1155 |    72.0358 |
|        1 |        244 |          1120.20 |      1119.01 |      1134.10 |                  5.14 |                    5.00 |   1155 |    72.0940 |
|        1 |        245 |          1120.20 |      1119.01 |      1130.40 |                  5.00 |                    5.00 |   1155 |    72.1958 |
|        1 |        246 |          1120.20 |      1119.01 |      1147.60 |                  5.00 |                    5.00 |   1155 |    72.2828 |
|        1 |        247 |          1120.20 |      1119.01 |      1130.40 |                  5.00 |                    5.00 |   1155 |    72.3731 |
|        1 |        248 |          1120.20 |      1119.01 |      1130.40 |                  5.00 |                    5.00 |   1155 |    72.4420 |
|        1 |        249 |          1120.20 |      1119.01 |      1130.40 |                  5.00 |                    5.00 |   1155 |    72.5165 |
|        1 |        250 |          1120.20 |      1119.01 |      1156.80 |                  5.00 |                    5.00 |   1157 |    72.5999 |
|        1 |        251 |          1120.20 |      1119.01 |      1183.10 |                  5.86 |                    5.00 |   1161 |    72.8068 |
|        1 |        252 |          1120.20 |      1119.01 |      1141.80 |                  5.00 |                    5.00 |   1163 |    73.0034 |
|        1 |        253 |          1120.20 |      1119.01 |      1141.80 |                  5.00 |                    5.00 |   1163 |    73.0447 |
|        1 |        254 |          1120.20 |      1119.01 |      1147.90 |                  5.00 |                    5.00 |   1165 |    73.1141 |
|        1 |        255 |          1120.20 |      1119.01 |      1145.80 |                  5.09 |                    5.00 |   1165 |    73.1665 |
|        1 |        256 |          1120.20 |      1119.01 |      1147.10 |                  5.26 |                    5.00 |   1165 |    73.2371 |
|        1 |        257 |          1120.20 |      1119.01 |      1147.10 |                  5.00 |                    5.00 |   1165 |    73.3201 |
|        1 |        258 |          1120.20 |      1119.01 |      1143.90 |                  5.00 |                    5.00 |   1168 |    73.4367 |
|        1 |        259 |          1120.20 |      1119.01 |      1131.38 |                  7.97 |                    5.00 |   1169 |    73.5079 |
|        1 |        260 |          1120.20 |      1119.01 |      1123.90 |                  5.00 |                    5.00 |   1171 |    73.5999 |
|        1 |        261 |          1120.20 |      1119.01 |      1123.90 |                  5.00 |                    5.05 |   1171 |    73.6521 |
|        1 |        262 |          1120.20 |      1119.01 |      1123.90 |                  5.00 |                    5.00 |   1171 |    73.7287 |
|        1 |        263 |          1120.20 |      1119.01 |      1125.40 |                  5.00 |                    5.00 |   1171 |    73.8659 |
|        1 |        264 |          1120.20 |      1119.01 |      1124.65 |                  5.61 |                    5.00 |   1173 |    73.9693 |
|        1 |        265 |          1120.20 |      1119.01 |      1124.44 |                 11.04 |                    5.00 |   1173 |    74.0340 |
|        1 |        266 |          1120.20 |      1119.01 |      1145.00 |                  7.28 |                    5.31 |   1176 |    74.1467 |
|        1 |        267 |          1120.20 |      1119.01 |      1165.70 |                  5.00 |                    5.00 |   1176 |    74.1966 |
|        1 |        268 |          1120.20 |      1119.01 |      1163.30 |                  5.00 |                    5.00 |   1177 |    74.2981 |
|        1 |        269 |          1120.20 |      1119.01 |      1142.80 |                  5.41 |                    5.00 |   1182 |    74.3624 |
|        1 |        270 |          1120.20 |      1119.01 |      1126.20 |                  5.00 |                    5.00 |   1182 |    74.4228 |
|        1 |        271 |          1120.20 |      1119.01 |      1126.20 |                  5.00 |                    5.00 |   1182 |    74.5043 |
|        1 |        272 |          1120.20 |      1119.01 |      1128.95 |                  5.15 |                    5.00 |   1182 |    74.5718 |
|        1 |        273 |          1120.20 |      1119.01 |      1126.20 |                  7.30 |                    5.00 |   1182 |    74.6295 |
|        1 |        274 |          1120.20 |      1119.01 |      1126.20 |                  5.05 |                    6.16 |   1182 |    74.6931 |
|        1 |        275 |          1120.20 |      1119.01 |      1127.40 |                  5.00 |                    5.00 |   1182 |    74.7552 |
|        1 |        276 |          1120.20 |      1119.01 |      1125.20 |                  5.00 |                    5.00 |   1184 |    74.8636 |
|        1 |        277 |          1120.20 |      1119.01 |      1125.20 |                  6.10 |                    6.10 |   1184 |    74.9089 |
|        1 |        278 |          1120.20 |      1119.01 |      1126.90 |                  5.00 |                    5.00 |   1184 |    74.9762 |
|        1 |        279 |          1120.20 |      1119.01 |      1126.40 |                  5.00 |                    5.00 |   1187 |    75.0795 |
|        1 |        280 |          1120.20 |      1119.01 |      1126.26 |                  5.00 |                    5.00 |   1187 |    75.1467 |
|        1 |        281 |          1120.20 |      1119.01 |      1135.50 |                  5.00 |                    5.00 |   1190 |    75.2201 |
|        1 |        282 |          1120.20 |      1119.01 |      1134.60 |                  5.00 |                    8.05 |   1192 |    75.3078 |
|        1 |        283 |          1120.20 |      1119.01 |      1133.70 |                  7.37 |                    5.00 |   1195 |    75.3914 |
|        1 |        284 |          1120.20 |      1119.01 |      1139.60 |                  5.61 |                    5.00 |   1195 |    75.4527 |
|        1 |        285 |          1120.20 |      1119.01 |      1133.70 |                  5.00 |                    5.00 |   1195 |    75.5065 |
|        1 |        286 |          1120.20 |      1119.01 |      1133.70 |                  5.31 |                    5.00 |   1195 |    75.5785 |
|        1 |        287 |          1120.20 |      1119.01 |      1153.60 |                  5.00 |                    5.00 |   1197 |    75.6506 |
|        1 |        288 |          1120.20 |      1119.01 |      1144.72 |                  5.34 |                    5.00 |   1202 |    75.7813 |
|        1 |        289 |          1120.20 |      1119.01 |      1139.46 |                 13.87 |                    5.00 |   1203 |    75.8709 |
|        1 |        290 |          1120.20 |      1119.01 |      1145.30 |                 19.04 |                    5.00 |   1204 |    75.9319 |
|        1 |        291 |          1120.20 |      1119.01 |      1145.30 |                 15.37 |                    5.00 |   1204 |    76.0103 |
|        1 |        292 |          1120.20 |      1119.01 |      1142.80 |                 13.58 |                    5.00 |   1204 |    76.0821 |
|        1 |        293 |          1120.20 |      1119.01 |      1157.70 |                  8.59 |                    5.00 |   1206 |    76.2144 |
|        1 |        294 |          1120.20 |      1119.01 |      1155.90 |                  5.00 |                    5.15 |   1207 |    76.3185 |
|        1 |        295 |          1120.20 |      1119.01 |      1163.10 |                  5.00 |                    5.30 |   1210 |    76.3942 |
|        1 |        296 |          1120.20 |      1119.01 |      1163.10 |                  5.00 |                    5.00 |   1210 |    76.4716 |
|        1 |        297 |          1120.20 |      1119.01 |      1161.60 |                  5.00 |                    5.00 |   1211 |    76.5368 |
|        1 |        298 |          1120.20 |      1119.01 |      1150.00 |                  5.00 |                    5.00 |   1213 |    76.6020 |
|        1 |        299 |          1120.20 |      1119.01 |      1150.00 |                  5.00 |                    5.00 |   1213 |    76.6732 |
|        1 |        300 |          1120.20 |      1119.01 |      1150.00 |                  5.00 |                    5.00 |   1213 |    76.7402 |
|        1 |        301 |          1120.20 |      1119.01 |      1149.20 |                  5.00 |                    5.00 |   1215 |    76.8135 |
|        1 |        302 |          1120.20 |      1119.01 |      1147.90 |                  5.00 |                    5.00 |   1217 |    76.8978 |
|        1 |        303 |          1120.20 |      1119.01 |      1147.90 |                  5.00 |                    5.00 |   1217 |    76.9818 |
|        1 |        304 |          1120.20 |      1119.01 |      1147.90 |                  5.00 |                    5.00 |   1217 |    77.0450 |
|        1 |        305 |          1120.20 |      1119.01 |      1162.80 |                  5.00 |                    5.00 |   1218 |    77.1157 |
|        1 |        306 |          1120.20 |      1119.01 |      1162.80 |                  5.00 |                    5.00 |   1218 |    77.2135 |
|        1 |        307 |          1120.20 |      1119.01 |      1162.80 |                  5.00 |                    5.00 |   1218 |    77.2816 |
|        1 |        308 |          1120.20 |      1119.01 |      1146.60 |                  5.00 |                    5.00 |   1218 |    77.4103 |
|        1 |        309 |          1120.20 |      1119.01 |      1146.60 |                  5.00 |                    5.00 |   1218 |    77.4721 |
|        1 |        310 |          1120.20 |      1119.01 |      1146.60 |                  5.00 |                    5.00 |   1218 |    77.5161 |
|        1 |        311 |          1120.20 |      1119.01 |      1146.60 |                  5.00 |                    5.00 |   1218 |    77.5679 |
|        1 |        312 |          1120.20 |      1119.01 |      1150.20 |                  5.00 |                    5.00 |   1218 |    77.6416 |
|        1 |        313 |          1120.20 |      1119.01 |      1140.80 |                  5.00 |                    5.00 |   1223 |    77.7401 |
|        1 |        314 |          1120.20 |      1119.01 |      1142.50 |                  5.00 |                    5.00 |   1224 |    77.7976 |
|        1 |        315 |          1120.20 |      1119.01 |      1142.80 |                  5.00 |                    5.00 |   1225 |    77.8796 |
|        1 |        316 |          1120.20 |      1119.01 |      1139.10 |                  5.00 |                    5.00 |   1226 |    77.9518 |
|        1 |        317 |          1120.20 |      1119.01 |      1144.10 |                  5.00 |                    5.00 |   1226 |    78.0190 |
|        1 |        318 |          1120.20 |      1119.01 |      1151.50 |                  5.00 |                    5.00 |   1226 |    78.1333 |
|        1 |        319 |          1120.20 |      1119.01 |      1148.70 |                  5.00 |                    5.00 |   1226 |    78.2083 |
|        1 |        320 |          1120.20 |      1119.01 |      1148.70 |                  5.00 |                    5.00 |   1226 |    78.2818 |
|        1 |        321 |          1120.20 |      1119.01 |      1148.70 |                  5.00 |                    5.00 |   1226 |    78.3587 |
|        1 |        322 |          1120.20 |      1119.01 |      1162.80 |                  5.80 |                    5.00 |   1229 |    78.4519 |
|        1 |        323 |          1120.20 |      1119.01 |      1165.20 |                  5.00 |                    5.00 |   1231 |    78.5261 |
|        1 |        324 |          1120.20 |      1119.01 |      1145.95 |                  5.00 |                    5.00 |   1233 |    78.7240 |
|        1 |        325 |          1120.20 |      1119.01 |      1144.70 |                  5.00 |                    6.67 |   1233 |    78.7924 |
|        1 |        326 |          1120.20 |      1119.01 |      1147.10 |                  5.00 |                    5.26 |   1233 |    78.8889 |
|        1 |        327 |          1120.20 |      1119.01 |      1144.70 |                  5.00 |                    5.00 |   1233 |    78.9858 |
|        1 |        328 |          1120.20 |      1119.01 |      1144.70 |                  5.03 |                    7.22 |   1233 |    79.1021 |
|        1 |        329 |          1120.20 |      1119.01 |      1144.70 |                  5.00 |                    5.00 |   1233 |    79.1576 |
|        1 |        330 |          1120.20 |      1119.01 |      1130.90 |                  5.00 |                    5.00 |   1233 |    79.3507 |
|        1 |        331 |          1120.20 |      1119.01 |      1130.90 |                  5.00 |                    5.00 |   1233 |    79.4211 |
|        1 |        332 |          1120.20 |      1119.01 |      1130.90 |                  5.00 |                    5.00 |   1233 |    79.4829 |
|        1 |        333 |          1120.20 |      1119.01 |      1130.90 |                  5.00 |                    5.00 |   1233 |    79.5432 |
|        1 |        334 |          1120.20 |      1119.01 |      1130.90 |                  5.00 |                    5.00 |   1233 |    79.6005 |
|        1 |        335 |          1120.20 |      1119.01 |      1130.90 |                  5.00 |                    5.00 |   1233 |    79.6422 |
|        1 |        336 |          1120.20 |      1119.01 |      1145.40 |                  6.35 |                    5.00 |   1235 |    79.8128 |
|        1 |        337 |          1120.20 |      1119.01 |      1145.30 |                  5.98 |                    5.00 |   1235 |    79.8715 |
|        1 |        338 |          1120.20 |      1119.01 |      1144.30 |                  5.00 |                    5.00 |   1235 |    79.9513 |
------------------------------------------------------------------------------------------------------------------------------------------------
|  Restart |  Iteration |  Best Feas. Cost |    Best Cost |   Curr. Cost |   Penalty Custom Res. |   Penalty Standard Res. |   Pool |   Time (s) |
------------------------------------------------------------------------------------------------------------------------------------------------
|        1 |        339 |          1120.20 |      1119.01 |      1132.20 |                  5.04 |                    5.00 |   1236 |    80.0277 |
|        1 |        340 |          1120.20 |      1119.01 |      1136.24 |                  5.00 |                    5.00 |   1236 |    80.0967 |
|        1 |        341 |          1120.20 |      1119.01 |      1133.00 |                  5.00 |                    5.00 |   1236 |    80.1505 |
|        1 |        342 |          1120.20 |      1119.01 |      1133.10 |                  5.00 |                    5.00 |   1236 |    80.2273 |
|        1 |        343 |          1120.20 |      1119.01 |      1140.14 |                  7.21 |                    5.00 |   1236 |    80.3042 |
|        1 |        344 |          1120.20 |      1119.01 |      1141.83 |                  5.27 |                    5.00 |   1236 |    80.3687 |
|        1 |        345 |          1120.20 |      1119.01 |      1139.37 |                  5.00 |                    5.00 |   1236 |    80.4455 |
|        1 |        346 |          1120.20 |      1119.01 |      1138.95 |                  5.00 |                    5.00 |   1236 |    80.5110 |
|        1 |        347 |          1120.20 |      1119.01 |      1149.31 |                  6.72 |                    5.00 |   1237 |    80.6054 |
|        1 |        348 |          1120.20 |      1119.01 |      1164.00 |                  5.00 |                    5.31 |   1239 |    80.6775 |
|        1 |        349 |          1120.20 |      1119.01 |      1136.00 |                  5.52 |                    5.00 |   1239 |    80.7818 |
|        1 |        350 |          1120.20 |      1119.01 |      1138.20 |                  5.00 |                    5.00 |   1239 |    80.8930 |
|        1 |        351 |          1120.20 |      1119.01 |      1140.90 |                  5.00 |                    5.00 |   1239 |    80.9724 |
|        1 |        352 |          1120.20 |      1119.01 |      1138.70 |                  5.00 |                    5.00 |   1239 |    81.0749 |
|        1 |        353 |          1120.20 |      1119.01 |      1138.70 |                  5.00 |                    5.00 |   1239 |    81.1504 |
|        1 |        354 |          1120.20 |      1119.01 |      1145.10 |                  9.35 |                    5.00 |   1241 |    81.2367 |
|        1 |        355 |          1120.20 |      1119.01 |      1137.20 |                  5.00 |                    5.00 |   1241 |    81.2994 |
|        1 |        356 |          1120.20 |      1119.01 |      1187.60 |                  5.00 |                    5.00 |   1243 |    81.3457 |
|        1 |        357 |          1120.20 |      1119.01 |      1176.50 |                  5.00 |                    5.00 |   1246 |    81.4160 |
|        1 |        358 |          1120.20 |      1119.01 |      1140.50 |                  5.00 |                    5.00 |   1250 |    81.6291 |
|        1 |        359 |          1120.20 |      1119.01 |      1138.10 |                  5.00 |                    5.00 |   1252 |    81.7081 |
|        1 |        360 |          1120.20 |      1119.01 |      1138.10 |                  5.00 |                    5.00 |   1252 |    81.7652 |
|        1 |        361 |          1120.20 |      1119.01 |      1138.10 |                  5.00 |                    5.00 |   1252 |    81.8364 |
|        1 |        362 |          1120.20 |      1119.01 |      1138.30 |                  5.00 |                    5.00 |   1254 |    81.9317 |
|        1 |        363 |          1120.20 |      1119.01 |      1137.30 |                  5.00 |                    5.00 |   1257 |    81.9974 |
|        1 |        364 |          1120.20 |      1119.01 |      1138.20 |                  5.00 |                    5.00 |   1257 |    82.0528 |
|        1 |        365 |          1120.20 |      1119.01 |      1159.90 |                  5.00 |                    5.00 |   1257 |    82.1196 |
|        1 |        366 |          1120.20 |      1119.01 |      1136.00 |                  5.51 |                    5.00 |   1259 |    82.2113 |
|        1 |        367 |          1120.20 |      1119.01 |      1136.60 |                  5.00 |                    5.00 |   1261 |    82.3716 |
|        1 |        368 |          1120.20 |      1119.01 |      1136.20 |                  5.00 |                    5.00 |   1262 |    82.4508 |
|        1 |        369 |          1120.20 |      1119.01 |      1136.20 |                  5.00 |                    5.00 |   1262 |    82.5239 |
|        1 |        370 |          1120.20 |      1119.01 |      1141.70 |                  5.00 |                    5.00 |   1262 |    82.5973 |
|        1 |        371 |          1120.20 |      1119.01 |      1141.70 |                  5.97 |                    5.86 |   1262 |    82.6717 |
|        1 |        372 |          1120.20 |      1119.01 |      1141.70 |                  5.00 |                    5.00 |   1262 |    82.7382 |
|        1 |        373 |          1120.20 |      1119.01 |      1130.20 |                  5.00 |                    5.00 |   1262 |    82.8105 |
|        1 |        374 |          1120.20 |      1119.01 |      1130.20 |                  5.00 |                    5.00 |   1262 |    82.8877 |
|        1 |        375 |          1120.20 |      1119.01 |      1133.70 |                  5.00 |                    5.26 |   1263 |    83.0556 |
|        1 |        376 |          1120.20 |      1119.01 |      1146.70 |                  5.00 |                    5.00 |   1266 |    83.1590 |
|        1 |        377 |          1120.20 |      1119.01 |      1146.00 |                  5.46 |                    5.00 |   1267 |    83.2835 |
|        1 |        378 |          1120.20 |      1119.01 |      1150.00 |                  5.00 |                    5.00 |   1269 |    83.3633 |
|        1 |        379 |          1120.20 |      1119.01 |      1148.91 |                  6.03 |                    5.26 |   1270 |    83.4333 |
|        1 |        380 |          1120.20 |      1119.01 |      1137.30 |                  5.00 |                    5.26 |   1272 |    83.5725 |
|        1 |        381 |          1120.20 |      1119.01 |      1137.30 |                  5.00 |                    5.00 |   1272 |    83.6471 |
|        1 |        382 |          1120.20 |      1119.01 |      1153.98 |                  5.00 |                    5.00 |   1275 |    83.7620 |
|        1 |        383 |          1120.20 |      1119.01 |      1150.70 |                  5.00 |                    5.00 |   1278 |    83.8477 |
|        1 |        384 |          1120.20 |      1119.01 |      1158.20 |                  5.00 |                    5.00 |   1282 |    83.9259 |
|        1 |        385 |          1120.20 |      1119.01 |      1162.30 |                  5.00 |                    5.79 |   1284 |    84.0234 |
|        1 |        386 |          1120.20 |      1119.01 |      1136.30 |                  5.00 |                    5.00 |   1286 |    84.1434 |
|        1 |        387 |          1120.20 |      1119.01 |      1134.70 |                  5.00 |                    5.46 |   1287 |    84.2304 |
|        1 |        388 |          1120.20 |      1119.01 |      1134.70 |                 12.61 |                    5.00 |   1287 |    84.3288 |
|        1 |        389 |          1120.20 |      1119.01 |      1131.80 |                  5.00 |                    5.31 |   1287 |    84.4199 |
|        1 |        390 |          1120.20 |      1119.01 |      1132.70 |                  5.00 |                    5.52 |   1287 |    84.5069 |
|        1 |        391 |          1120.20 |      1119.01 |      1147.40 |                  5.00 |                    5.55 |   1288 |    84.6032 |
|        1 |        392 |          1120.20 |      1119.01 |      1159.80 |                  5.00 |                    5.98 |   1293 |    84.7242 |
|        1 |        393 |          1120.20 |      1119.01 |      1154.40 |                  5.00 |                    5.63 |   1294 |    84.8129 |
|        1 |        394 |          1120.20 |      1119.01 |      1150.40 |                  5.00 |                    5.00 |   1295 |    84.8848 |
|        1 |        395 |          1120.20 |      1119.01 |      1146.80 |                  5.00 |                    5.00 |   1295 |    84.9877 |
|        1 |        396 |          1120.20 |      1119.01 |      1146.80 |                  5.00 |                    5.00 |   1295 |    85.0541 |
|        1 |        397 |          1120.20 |      1119.01 |      1146.80 |                  5.00 |                    5.00 |   1295 |    85.1121 |
|        1 |        398 |          1120.20 |      1119.01 |      1142.10 |                  5.00 |                    5.00 |   1295 |    85.2025 |
|        1 |        399 |          1120.20 |      1119.01 |      1142.10 |                  5.00 |                    5.10 |   1295 |    85.2700 |
|        1 |        400 |          1120.20 |      1119.01 |      1144.90 |                  5.00 |                    5.00 |   1295 |    85.3414 |
|        1 |        401 |          1120.20 |      1119.01 |      1144.90 |                  5.00 |                    5.00 |   1295 |    85.3966 |
|        1 |        402 |          1120.20 |      1119.01 |      1151.20 |                  5.00 |                    5.00 |   1296 |    85.4547 |
|        1 |        403 |          1120.20 |      1119.01 |      1144.55 |                  7.81 |                    5.00 |   1297 |    85.5260 |
|        1 |        404 |          1120.20 |      1119.01 |      1146.10 |                  5.00 |                    5.00 |   1297 |    85.5901 |
|        1 |        405 |          1120.20 |      1119.01 |      1135.80 |                  5.00 |                    5.00 |   1297 |    85.7318 |
|        1 |        406 |          1120.20 |      1119.01 |      1161.31 |                  5.00 |                    5.00 |   1298 |    85.8444 |
|        1 |        407 |          1120.20 |      1119.01 |      1154.10 |                  5.00 |                    5.00 |   1301 |    85.9713 |
|        1 |        408 |          1120.20 |      1119.01 |      1147.30 |                  5.00 |                    5.00 |   1301 |    86.1808 |
|        1 |        409 |          1120.20 |      1119.01 |      1136.00 |                  5.00 |                    5.00 |   1302 |    86.2559 |
|        1 |        410 |          1120.20 |      1119.01 |      1152.00 |                  5.00 |                    5.00 |   1303 |    86.3216 |
|        1 |        411 |          1120.20 |      1119.01 |      1147.80 |                  5.00 |                    5.00 |   1304 |    86.3963 |
|        1 |        412 |          1120.20 |      1119.01 |      1145.00 |                  5.26 |                    8.99 |   1304 |    86.4991 |
|        1 |        413 |          1120.20 |      1119.01 |      1145.00 |                  5.00 |                    5.17 |   1304 |    86.5540 |
|        1 |        414 |          1120.20 |      1119.01 |      1137.90 |                  5.00 |                    5.00 |   1309 |    86.6884 |
|        1 |        415 |          1120.20 |      1119.01 |      1142.80 |                  5.00 |                    5.00 |   1310 |    86.7780 |
|        1 |        416 |          1120.20 |      1119.01 |      1176.37 |                  5.08 |                    5.00 |   1311 |    86.8542 |
|        1 |        417 |          1120.20 |      1119.01 |      1144.90 |                  5.00 |                    5.00 |   1313 |    86.9703 |
|        1 |        418 |          1120.20 |      1119.01 |      1144.90 |                  5.00 |                    5.00 |   1313 |    87.0493 |
|        1 |        419 |          1120.20 |      1119.01 |      1136.30 |                  5.00 |                    5.30 |   1315 |    87.2113 |
|        1 |        420 |          1120.20 |      1119.01 |      1136.30 |                  5.00 |                    5.00 |   1315 |    87.2859 |
|        1 |        421 |          1120.20 |      1119.01 |      1128.00 |                  5.00 |                    5.00 |   1317 |    87.3622 |
|        1 |        422 |          1120.20 |      1119.01 |      1128.00 |                  5.00 |                    7.90 |   1317 |    87.4744 |
|        1 |        423 |          1120.20 |      1119.01 |      1145.00 |                  5.00 |                    5.52 |   1319 |    87.5926 |
|        1 |        424 |          1120.20 |      1119.01 |      1145.00 |                  5.00 |                    5.00 |   1319 |    87.6652 |
|        1 |        425 |          1120.20 |      1119.01 |      1134.50 |                  5.00 |                    5.00 |   1319 |    87.7470 |
|        1 |        426 |          1120.20 |      1119.01 |      1145.00 |                  5.00 |                    5.00 |   1319 |    87.8297 |
|        1 |        427 |          1120.20 |      1119.01 |      1157.70 |                  5.00 |                    5.62 |   1322 |    87.8977 |
|        1 |        428 |          1120.20 |      1119.01 |      1160.50 |                  5.00 |                    5.00 |   1322 |    87.9759 |
|        1 |        429 |          1120.20 |      1119.01 |      1149.50 |                  5.00 |                    5.00 |   1325 |    88.1256 |
|        1 |        430 |          1120.20 |      1119.01 |      1149.50 |                  5.00 |                    5.00 |   1325 |    88.2144 |
|        1 |        431 |          1120.20 |      1119.01 |      1149.50 |                  5.00 |                    5.00 |   1325 |    88.3028 |
|        1 |        432 |          1120.20 |      1119.01 |      1134.40 |                  5.00 |                    5.13 |   1328 |    88.4142 |
|        1 |        433 |          1120.20 |      1119.01 |      1135.22 |                  5.00 |                    5.00 |   1328 |    88.4780 |
|        1 |        434 |          1120.20 |      1119.01 |      1135.23 |                  5.00 |                    5.00 |   1328 |    88.5749 |
|        1 |        435 |          1120.20 |      1119.01 |      1156.00 |                  7.01 |                    5.00 |   1330 |    88.6498 |
|        1 |        436 |          1120.20 |      1119.01 |      1148.00 |                  5.00 |                    5.00 |   1330 |    88.7155 |
|        1 |        437 |          1120.20 |      1119.01 |      1162.70 |                  5.00 |                    5.00 |   1333 |    88.7838 |
|        1 |        438 |          1120.20 |      1119.01 |      1162.70 |                  5.00 |                    5.00 |   1333 |    88.8393 |
|        1 |        439 |          1120.20 |      1119.01 |      1162.70 |                  5.00 |                    5.00 |   1333 |    88.9245 |
|        1 |        440 |          1120.20 |      1119.01 |      1150.70 |                  5.00 |                    5.00 |   1335 |    89.0256 |
|        1 |        441 |          1120.20 |      1119.01 |      1183.80 |                  5.00 |                    5.00 |   1337 |    89.0920 |
|        1 |        442 |          1120.20 |      1119.01 |      1163.90 |                  5.00 |                    5.00 |   1339 |    89.1489 |
|        1 |        443 |          1120.20 |      1119.01 |      1157.70 |                  5.00 |                    5.00 |   1341 |    89.2473 |
|        1 |        444 |          1120.20 |      1119.01 |      1149.20 |                  5.00 |                    5.00 |   1342 |    89.3497 |
|        1 |        445 |          1120.20 |      1119.01 |      1149.20 |                  5.00 |                    5.00 |   1342 |    89.4066 |
|        1 |        446 |          1120.20 |      1119.01 |      1153.70 |                  5.00 |                    5.58 |   1343 |    89.4801 |
|        1 |        447 |          1120.20 |      1119.01 |      1160.50 |                  5.00 |                    5.00 |   1344 |    89.5540 |
|        1 |        448 |          1120.20 |      1119.01 |      1147.90 |                  5.00 |                    5.31 |   1347 |    89.6660 |
|        1 |        449 |          1120.20 |      1119.01 |      1158.70 |                  5.00 |                    5.00 |   1347 |    89.7440 |
|        1 |        450 |          1120.20 |      1119.01 |      1162.91 |                  5.00 |                    5.00 |   1350 |    89.8120 |
|        1 |        451 |          1120.20 |      1119.01 |      1158.17 |                  5.00 |                    7.00 |   1350 |    89.8781 |
|        1 |        452 |          1120.20 |      1119.01 |      1159.30 |                  5.00 |                    5.00 |   1350 |    89.9354 |
|        1 |        453 |          1120.20 |      1119.01 |      1165.20 |                  5.00 |                    5.00 |   1350 |    89.9865 |
|        1 |        454 |          1120.20 |      1119.01 |      1165.60 |                  5.00 |                    5.00 |   1350 |    90.0705 |
|        1 |        455 |          1120.20 |      1119.01 |      1151.40 |                  5.00 |                    5.00 |   1350 |    90.2005 |
|        1 |        456 |          1120.20 |      1119.01 |      1151.40 |                  5.00 |                    5.00 |   1350 |    90.2431 |
|        1 |        457 |          1120.20 |      1119.01 |      1151.40 |                  5.00 |                    5.00 |   1350 |    90.3237 |
|        1 |        458 |          1120.20 |      1119.01 |      1156.10 |                  5.00 |                    5.00 |   1351 |    90.3990 |
|        1 |        459 |          1120.20 |      1119.01 |      1156.10 |                  5.00 |                    5.00 |   1351 |    90.4622 |
|        1 |        460 |          1120.20 |      1119.01 |      1161.20 |                  5.00 |                    5.00 |   1353 |    90.5567 |
|        1 |        461 |          1120.20 |      1119.01 |      1161.20 |                  5.00 |                    5.00 |   1353 |    90.6018 |
|        1 |        462 |          1120.20 |      1119.01 |      1152.40 |                  5.00 |                    5.00 |   1356 |    90.7224 |
|        1 |        463 |          1120.20 |      1119.01 |      1158.20 |                  5.00 |                    5.26 |   1356 |    90.8240 |
|        1 |        464 |          1120.20 |      1119.01 |      1159.20 |                  5.00 |                    5.00 |   1358 |    90.8811 |
|        1 |        465 |          1120.20 |      1119.01 |      1156.10 |                  5.00 |                    5.26 |   1358 |    90.9680 |
|        1 |        466 |          1120.20 |      1119.01 |      1161.00 |                  5.00 |                    5.00 |   1359 |    91.0728 |
|        1 |        467 |          1120.20 |      1119.01 |      1160.80 |                  5.00 |                    5.00 |   1362 |    91.2209 |
|        1 |        468 |          1120.20 |      1119.01 |      1165.00 |                  5.00 |                    5.00 |   1363 |    91.2894 |
|        1 |        469 |          1120.20 |      1119.01 |      1152.10 |                  5.00 |                    5.00 |   1365 |    91.4058 |
|        1 |        470 |          1120.20 |      1119.01 |      1150.30 |                  5.00 |                    5.00 |   1365 |    91.4980 |
|        1 |        471 |          1120.20 |      1119.01 |      1148.40 |                  5.00 |                    5.00 |   1365 |    91.5543 |
|        1 |        472 |          1120.20 |      1119.01 |      1158.80 |                  5.00 |                    5.00 |   1366 |    91.6492 |
|        1 |        473 |          1120.20 |      1119.01 |      1158.80 |                  5.00 |                    6.16 |   1366 |    91.7348 |
|        1 |        474 |          1120.20 |      1119.01 |      1158.80 |                  5.92 |                    5.00 |   1366 |    91.8168 |
|        1 |        475 |          1120.20 |      1119.01 |      1158.80 |                  5.00 |                    5.00 |   1366 |    91.9408 |
|        1 |        476 |          1120.20 |      1119.01 |      1157.40 |                  5.00 |                    5.00 |   1366 |    92.0572 |
|        1 |        477 |          1120.20 |      1119.01 |      1151.80 |                  5.00 |                    5.00 |   1369 |    92.1672 |
|        1 |        478 |          1120.20 |      1119.01 |      1151.80 |                  5.00 |                    5.00 |   1369 |    92.2365 |
|        1 |        479 |          1120.20 |      1119.01 |      1151.80 |                  5.00 |                    5.00 |   1369 |    92.2893 |
|        1 |        480 |          1120.20 |      1119.01 |      1162.40 |                  8.99 |                    5.00 |   1371 |    92.3950 |
|        1 |        481 |          1120.20 |      1119.01 |      1126.40 |                  5.00 |                    5.00 |   1372 |    92.5271 |
|        1 |        482 |          1120.20 |      1119.01 |      1126.40 |                  5.00 |                    5.00 |   1372 |    92.5855 |
|        1 |        483 |          1120.20 |      1119.01 |      1139.35 |                  6.21 |                    5.00 |   1375 |    92.6696 |
|        1 |        484 |          1120.20 |      1119.01 |      1155.30 |                  5.00 |                    5.00 |   1376 |    92.7787 |
|        1 |        485 |          1120.20 |      1119.01 |      1138.00 |                  5.00 |                    5.00 |   1377 |    92.8599 |
|        1 |        486 |          1120.20 |      1119.01 |      1146.20 |                 11.42 |                    5.00 |   1377 |    92.9719 |
|        1 |        487 |          1120.20 |      1119.01 |      1150.00 |                  5.82 |                    5.00 |   1378 |    93.0393 |
|        1 |        488 |          1120.20 |      1119.01 |      1161.34 |                 11.67 |                    5.00 |   1379 |    93.1178 |
|        1 |        489 |          1120.20 |      1119.01 |      1144.90 |                  6.57 |                    5.00 |   1379 |    93.1922 |
|        1 |        490 |          1120.20 |      1119.01 |      1144.90 |                  5.00 |                    5.00 |   1379 |    93.2496 |
|        1 |        491 |          1120.20 |      1119.01 |      1154.40 |                  5.00 |                    5.00 |   1380 |    93.3296 |
|        1 |        492 |          1120.20 |      1119.01 |      1162.73 |                  5.00 |                    5.00 |   1382 |    93.4256 |
|        1 |        493 |          1120.20 |      1119.01 |      1162.10 |                  5.00 |                    5.67 |   1382 |    93.4955 |
|        1 |        494 |          1120.20 |      1119.01 |      1142.30 |                  5.10 |                    5.00 |   1385 |    93.7242 |
|        1 |        495 |          1120.20 |      1119.01 |      1135.70 |                  5.00 |                    5.00 |   1388 |    93.8251 |
|        1 |        496 |          1120.20 |      1119.01 |      1139.70 |                  5.00 |                    5.00 |   1388 |    93.8946 |
|        1 |        497 |          1120.20 |      1119.01 |      1153.20 |                  5.00 |                    5.00 |   1390 |    93.9922 |
|        1 |        498 |          1120.20 |      1119.01 |      1165.70 |                  5.05 |                    5.00 |   1390 |    94.0571 |
|        1 |        499 |          1120.20 |      1119.01 |      1165.70 |                  5.00 |                    5.00 |   1390 |    94.1286 |
|        1 |        500 |          1120.20 |      1119.01 |      1147.90 |                  5.00 |                    5.00 |   1392 |    94.2700 |
------------------------------------------------------------------------------------------------------------------------------------------------
Version identifier: 22.1.2.0 | 2024-11-26 | 0edbb82fd
CPXPARAM_MIP_Tolerances_UpperCutoff              1120.3000000000575
Tried aggregator 1 time.
MIP Presolve eliminated 2 rows and 104 columns.
MIP Presolve modified 510 coefficients.
Reduced MIP has 99 rows, 1288 columns, and 9239 nonzeros.
Reduced MIP has 1288 binaries, 0 generals, 0 SOSs, and 0 indicators.
Presolve time = 0.01 sec. (9.57 ticks)
Probing fixed 4 vars, tightened 0 bounds.
Probing time = 0.02 sec. (23.70 ticks)
Tried aggregator 1 time.
Detecting symmetries...
MIP Presolve eliminated 0 rows and 11 columns.
Reduced MIP has 99 rows, 1277 columns, and 9205 nonzeros.
Reduced MIP has 1277 binaries, 0 generals, 0 SOSs, and 0 indicators.
Presolve time = 0.01 sec. (7.18 ticks)
Probing time = 0.00 sec. (2.77 ticks)
Clique table members: 1440.
MIP emphasis: balance optimality and feasibility.
MIP search method: dynamic search.
Parallel mode: deterministic, using up to 8 threads.
Root relaxation solution time = 0.02 sec. (17.45 ticks)

        Nodes                                         Cuts/
   Node  Left     Objective  IInf  Best Integer    Best Bound    ItCnt     Gap

      0     0     1096.7225    70                   1096.7225      389         
*     0+    0                         1107.0000     1096.7225             0.93%
      0     0     1102.2357    58     1107.0000      Cuts: 32      550    0.43%
      0     0     1103.3673    90     1107.0000      Cuts: 18      679    0.33%
Detecting symmetries...

Repeating presolve.
Tried aggregator 1 time.
MIP Presolve eliminated 13 rows and 950 columns.
MIP Presolve modified 286 coefficients.
Reduced MIP has 86 rows, 327 columns, and 2329 nonzeros.
Reduced MIP has 327 binaries, 0 generals, 0 SOSs, and 0 indicators.
Presolve time = 0.01 sec. (3.98 ticks)
Probing fixed 73 vars, tightened 0 bounds.
Probing time = 0.00 sec. (1.93 ticks)
Cover probing fixed 3 vars, tightened 0 bounds.
Tried aggregator 1 time.
MIP Presolve eliminated 10 rows and 80 columns.
Reduced MIP has 76 rows, 247 columns, and 1652 nonzeros.
Reduced MIP has 247 binaries, 0 generals, 0 SOSs, and 0 indicators.
Presolve time = 0.00 sec. (1.19 ticks)
Probing fixed 9 vars, tightened 0 bounds.
Probing time = 0.00 sec. (1.27 ticks)
Tried aggregator 1 time.
MIP Presolve eliminated 0 rows and 9 columns.
Reduced MIP has 76 rows, 238 columns, and 1587 nonzeros.
Reduced MIP has 238 binaries, 0 generals, 0 SOSs, and 0 indicators.
Presolve time = 0.00 sec. (0.99 ticks)
Probing fixed 2 vars, tightened 0 bounds.
Probing time = 0.00 sec. (1.18 ticks)
Tried aggregator 1 time.
Detecting symmetries...
MIP Presolve eliminated 0 rows and 2 columns.
Reduced MIP has 76 rows, 236 columns, and 1574 nonzeros.
Reduced MIP has 236 binaries, 0 generals, 0 SOSs, and 0 indicators.
Presolve time = 0.00 sec. (1.10 ticks)
Represolve time = 0.03 sec. (15.57 ticks)
Probing fixed 1 vars, tightened 0 bounds.
Probing time = 0.00 sec. (1.18 ticks)
Clique table members: 374.
MIP emphasis: balance optimality and feasibility.
MIP search method: dynamic search.
Parallel mode: deterministic, using up to 8 threads.
Root relaxation solution time = 0.00 sec. (2.91 ticks)

        Nodes                                         Cuts/
   Node  Left     Objective  IInf  Best Integer    Best Bound    ItCnt     Gap

*     0+    0                         1107.0000     1103.3673             0.33%
      0     0     1104.0667    21     1107.0000     1104.0667      841    0.26%
      0     0     1104.9333    28     1107.0000       Cuts: 8      875    0.19%
      0     0     1106.0143    25     1107.0000       Cuts: 4      897    0.09%
      0     0        cutoff           1107.0000     1107.0000      897    0.00%
Elapsed time = 0.25 sec. (154.64 ticks, tree = 0.01 MB, solutions = 1)
objective_value(sp) = 1107.0
 98.964564 seconds (6.96 M allocations: 348.123 MiB, 0.14% gc time, 4.90% compilation time)
#1: 0 (0.0) {19.0} -> 9 (16.0) {53.0} [53.0, 150.0] -> 35 (24.0) {72.4} [50.0, 178.0] -> 71 (39.0) {89.1} [57.0, 106.0] -> 65 (59.0) {109.3} [49.0, 170.0] -> 66 (84.0) {132.9} [77.0, 179.0] -> 20 (93.0) {151.8} [109.0, 152.0] -> 1 (103.0) {178.2} [130.0, 201.0] -> 0 (103.0) {203.4} [0.0, 230.0]
#2: 0 (0.0) {16.0} -> 5 (26.0) {36.6} [20.0, 107.0] -> 61 (39.0) {59.0} [59.0, 102.0] -> 16 (58.0) {73.4} [54.0, 105.0] -> 86 (93.0) {89.7} [79.0, 118.0] -> 44 (111.0) {107.7} [31.0, 138.0] -> 14 (131.0) {123.3} [32.0, 137.0] -> 38 (147.0) {144.4} [42.0, 145.0] -> 91 (148.0) {171.6} [130.0, 194.0] -> 100 (165.0) {184.7} [28.0, 195.0] -> 0 (165.0) {218.7} [0.0, 230.0]
#3: 0 (0.0) {15.0} -> 52 (9.0) {26.3} [25.0, 88.0] -> 7 (14.0) {66.0} [66.0, 105.0] -> 82 (30.0) {81.8} [28.0, 91.0] -> 8 (39.0) {98.2} [61.0, 138.0] -> 46 (40.0) {117.6} [93.0, 150.0] -> 45 (56.0) {138.3} [29.0, 189.0] -> 17 (58.0) {156.3} [51.0, 189.0] -> 60 (61.0) {178.9} [130.0, 201.0] -> 89 (76.0) {197.9} [128.0, 211.0] -> 0 (76.0) {216.9} [0.0, 230.0]
#4: 0 (0.0) {15.0} -> 40 (9.0) {51.0} [51.0, 128.0] -> 73 (18.0) {69.9} [60.0, 105.0] -> 74 (26.0) {84.3} [73.0, 195.0] -> 22 (44.0) {97.4} [59.0, 144.0] -> 41 (49.0) {111.6} [44.0, 159.0] -> 15 (57.0) {133.7} [30.0, 154.0] -> 43 (64.0) {150.9} [115.0, 158.0] -> 42 (69.0) {169.9} [25.0, 172.0] -> 58 (87.0) {198.3} [79.0, 210.0] -> 0 (87.0) {217.3} [0.0, 230.0]
#5: 0 (0.0) {18.0} -> 21 (11.0) {37.0} [37.0, 96.0] -> 72 (36.0) {51.4} [22.0, 110.0] -> 75 (54.0) {66.7} [46.0, 101.0] -> 56 (60.0) {81.0} [81.0, 188.0] -> 23 (89.0) {98.2} [36.0, 155.0] -> 67 (114.0) {120.2} [43.0, 150.0] -> 39 (145.0) {140.0} [33.0, 186.0] -> 25 (151.0) {159.4} [47.0, 186.0] -> 55 (153.0) {173.0} [70.0, 189.0] -> 4 (172.0) {191.5} [71.0, 195.0] -> 0 (172.0) {226.5} [0.0, 230.0]
#6: 0 (0.0) {15.0} -> 2 (7.0) {33.0} [20.0, 89.0] -> 57 (14.0) {78.0} [78.0, 133.0] -> 87 (40.0) {95.2} [84.0, 111.0] -> 94 (67.0) {114.4} [88.0, 121.0] -> 6 (70.0) {127.5} [54.0, 153.0] -> 0 (70.0) {148.6} [0.0, 230.0]
#7: 0 (0.0) {18.0} -> 12 (19.0) {38.0} [38.0, 97.0] -> 26 (36.0) {117.0} [117.0, 156.0] -> 53 (50.0) {135.0} [62.0, 137.0] -> 0 (50.0) {149.4} [0.0, 230.0]
#8: 0 (0.0) {18.0} -> 18 (12.0) {77.0} [77.0, 106.0] -> 83 (23.0) {93.7} [21.0, 97.0] -> 84 (30.0) {110.4} [68.0, 143.0] -> 99 (39.0) {130.6} [38.0, 137.0] -> 96 (50.0) {142.8} [119.0, 160.0] -> 0 (50.0) {168.0} [0.0, 230.0]
#9: 0 (0.0) {16.0} -> 88 (9.0) {35.2} [24.0, 133.0] -> 19 (26.0) {58.8} [53.0, 108.0] -> 47 (53.0) {76.8} [34.0, 116.0] -> 36 (58.0) {94.0} [41.0, 178.0] -> 49 (88.0) {112.9} [93.0, 132.0] -> 64 (97.0) {135.6} [46.0, 165.0] -> 48 (133.0) {170.6} [125.0, 192.0] -> 0 (133.0) {208.4} [0.0, 230.0]
#10: 0 (0.0) {19.0} -> 27 (16.0) {24.0} [5.0, 156.0] -> 31 (43.0) {46.6} [24.0, 85.0] -> 62 (62.0) {65.8} [25.0, 164.0] -> 11 (74.0) {83.8} [33.0, 152.0] -> 63 (84.0) {101.8} [34.0, 112.0] -> 90 (87.0) {116.2} [76.0, 123.0] -> 32 (110.0) {130.6} [116.0, 175.0] -> 10 (126.0) {150.8} [101.0, 156.0] -> 70 (131.0) {168.8} [21.0, 198.0] -> 0 (131.0) {199.8} [0.0, 230.0]
#11: 0 (0.0) {16.0} -> 69 (6.0) {28.1} [12.0, 142.0] -> 30 (27.0) {51.4} [28.0, 123.0] -> 51 (37.0) {70.6} [66.0, 119.0] -> 81 (63.0) {87.8} [87.0, 110.0] -> 33 (74.0) {100.6} [24.0, 179.0] -> 79 (97.0) {116.2} [58.0, 135.0] -> 3 (110.0) {129.8} [106.0, 135.0] -> 50 (123.0) {148.0} [105.0, 152.0] -> 0 (123.0) {174.9} [0.0, 230.0]
#12: 0 (0.0) {16.0} -> 28 (16.0) {22.3} [8.0, 79.0] -> 76 (29.0) {41.7} [36.0, 119.0] -> 29 (38.0) {66.7} [37.0, 98.0] -> 78 (41.0) {87.1} [43.0, 158.0] -> 34 (55.0) {102.1} [100.0, 143.0] -> 24 (58.0) {132.1} [118.0, 190.0] -> 54 (76.0) {152.1} [121.0, 168.0] -> 80 (82.0) {170.1} [69.0, 198.0] -> 68 (118.0) {182.1} [82.0, 198.0] -> 77 (132.0) {197.1} [65.0, 200.0] -> 0 (132.0) {226.7} [0.0, 230.0]
#13: 0 (0.0) {19.0} -> 95 (20.0) {33.8} [14.0, 83.0] -> 59 (48.0) {47.8} [17.0, 123.0] -> 93 (70.0) {60.8} [41.0, 199.0] -> 85 (111.0) {74.0} [74.0, 117.0] -> 98 (121.0) {87.1} [32.0, 93.0] -> 37 (129.0) {117.0} [117.0, 160.0] -> 92 (131.0) {129.8} [18.0, 181.0] -> 97 (143.0) {142.9} [122.0, 153.0] -> 13 (166.0) {159.3} [70.0, 208.0] -> 0 (166.0) {180.4} [0.0, 230.0]

Dist: 1107.0. Cost: 1107.0

Clique cuts applied:  24
Zero-half cuts applied:  4
Gomory fractional cuts applied:  1

Root node processing (before b&c):
  Real time             =    0.25 sec. (154.68 ticks)
Parallel b&c, 8 threads:
  Real time             =    0.00 sec. (0.00 ticks)
  Sync time (average)   =    0.00 sec.
  Wait time (average)   =    0.00 sec.
                          ------------
Total (root+branch&cut) =    0.25 sec. (154.68 ticks)
