Solving instance /mnt/c/Users/bruno.mattos/OneDrive - americanas s.a/Documentos/GitHub/GenericILS/TWRD/100/R112_100_020.vrptwrd...
------------------------------------------------------------------------------------------------------------------------------------------------
|  Restart |  Iteration |  Best Feas. Cost |    Best Cost |   Curr. Cost |   Penalty Custom Res. |   Penalty Standard Res. |   Pool |   Time (s) |
------------------------------------------------------------------------------------------------------------------------------------------------
|        1 |          0 |          1118.00 |      1118.00 |      1118.00 |                 22.37 |                   22.82 |     19 |     0.1505 |
|        1 |          0 |          1098.70 |      1098.70 |      1098.70 |                  5.37 |                    8.85 |     28 |     0.6778 |
|        1 |          1 |          1098.70 |      1090.57 |      1090.57 |                  5.34 |                    5.00 |     30 |     0.7777 |
|        1 |          2 |          1098.70 |      1090.57 |      1100.90 |                  5.00 |                    5.00 |     34 |     0.8431 |
|        1 |          3 |          1098.70 |      1090.57 |      1099.90 |                  7.59 |                    5.00 |     36 |     0.9231 |
|        1 |          0 |          1096.90 |      1090.57 |      1096.90 |                  5.00 |                    5.00 |     41 |     1.0179 |
|        1 |          1 |          1096.90 |      1090.57 |      1099.60 |                  5.00 |                    5.00 |     42 |     1.0911 |
|        1 |          2 |          1096.90 |      1090.57 |      1098.60 |                  5.00 |                    5.00 |     43 |     1.1478 |
|        1 |          0 |          1089.20 |      1089.20 |      1089.20 |                  5.00 |                    5.00 |     44 |     1.2800 |
|        1 |          0 |          1082.40 |      1082.40 |      1082.40 |                  5.58 |                    5.00 |     48 |     1.3855 |
|        1 |          1 |          1082.40 |      1082.40 |      1090.84 |                  9.63 |                    5.00 |     49 |     1.4604 |
|        1 |          2 |          1082.40 |      1063.59 |      1063.59 |                  5.00 |                   14.62 |     55 |     1.6093 |
|        1 |          0 |          1064.50 |      1063.59 |      1064.50 |                  5.52 |                    8.49 |     57 |     1.6859 |
|        1 |          1 |          1064.50 |      1063.59 |      1064.03 |                  9.73 |                    7.73 |     58 |     1.7533 |
|        1 |          2 |          1064.50 |      1063.59 |      1064.08 |                  5.43 |                   10.40 |     58 |     1.8051 |
|        1 |          3 |          1064.50 |      1051.56 |      1051.56 |                 11.44 |                   15.29 |     63 |     1.8939 |
|        1 |          0 |          1054.00 |      1051.56 |      1054.00 |                  5.41 |                    5.00 |     68 |     2.0349 |
|        1 |          0 |          1051.50 |      1051.50 |      1051.50 |                  7.15 |                    6.10 |     74 |     2.1243 |
|        1 |          1 |          1051.50 |      1051.50 |      1052.10 |                  5.00 |                    5.00 |     77 |     2.1970 |
|        1 |          2 |          1051.50 |      1051.50 |      1076.40 |                  5.00 |                    6.48 |     83 |     2.3249 |
|        1 |          3 |          1051.50 |      1051.50 |      1076.40 |                 10.23 |                    5.00 |     83 |     2.4064 |
|        1 |          4 |          1051.50 |      1051.50 |      1084.00 |                  5.00 |                    5.00 |     85 |     2.4886 |
|        1 |          5 |          1051.50 |      1051.50 |      1060.50 |                  5.00 |                    5.00 |     92 |     2.6294 |
|        1 |          6 |          1051.50 |      1051.50 |      1074.20 |                  6.02 |                    5.00 |     94 |     2.6982 |
|        1 |          7 |          1051.50 |      1051.50 |      1067.20 |                  7.03 |                    5.00 |    100 |     2.7851 |
|        1 |          8 |          1051.50 |      1051.50 |      1068.66 |                  5.04 |                    5.00 |    105 |     2.9089 |
|        1 |          9 |          1051.50 |      1051.50 |      1068.75 |                  5.00 |                    5.00 |    105 |     2.9832 |
|        1 |         10 |          1051.50 |      1051.50 |      1051.70 |                  5.00 |                    5.00 |    111 |     3.0739 |
|        1 |         11 |          1051.50 |      1051.50 |      1051.70 |                  5.00 |                    5.00 |    111 |     3.1407 |
|        1 |         12 |          1051.50 |      1051.50 |      1061.00 |                  8.64 |                    5.00 |    116 |     3.2721 |
|        1 |         13 |          1051.50 |      1051.50 |      1056.50 |                  5.00 |                    5.00 |    122 |     3.3702 |
|        1 |         14 |          1051.50 |      1051.50 |      1054.80 |                 10.24 |                   10.13 |    126 |     3.4685 |
|        1 |         15 |          1051.50 |      1051.50 |      1072.60 |                  5.71 |                    5.00 |    132 |     3.5487 |
|        1 |          0 |          1043.50 |      1043.50 |      1043.50 |                  5.00 |                    5.00 |    136 |     3.6518 |
|        1 |          1 |          1043.50 |      1043.50 |      1066.00 |                  5.00 |                    5.00 |    139 |     3.7233 |
|        1 |          2 |          1043.50 |      1043.50 |      1054.70 |                  5.80 |                    5.00 |    144 |     3.8687 |
|        1 |          3 |          1043.50 |      1043.50 |      1054.70 |                  5.00 |                    5.00 |    144 |     3.9190 |
|        1 |          4 |          1043.50 |      1043.50 |      1058.90 |                  5.00 |                    5.00 |    146 |     3.9947 |
|        1 |          5 |          1043.50 |      1043.50 |      1051.30 |                  5.00 |                    5.00 |    152 |     4.1306 |
|        1 |          6 |          1043.50 |      1043.50 |      1051.30 |                  5.00 |                    5.00 |    152 |     4.1871 |
|        1 |          7 |          1043.50 |      1043.50 |      1048.80 |                  5.00 |                    5.00 |    153 |     4.3104 |
|        1 |          8 |          1043.50 |      1043.50 |      1048.80 |                  5.00 |                    5.00 |    153 |     4.3795 |
|        1 |          9 |          1043.50 |      1043.50 |      1048.80 |                  5.00 |                    5.00 |    153 |     4.4539 |
|        1 |         10 |          1043.50 |      1043.50 |      1062.13 |                  6.26 |                    5.00 |    157 |     4.5579 |
|        1 |         11 |          1043.50 |      1043.50 |      1106.30 |                  5.09 |                    5.00 |    162 |     4.6365 |
|        1 |         12 |          1043.50 |      1043.50 |      1089.30 |                  5.00 |                    5.00 |    170 |     4.7829 |
|        1 |         13 |          1043.50 |      1043.50 |      1089.30 |                  5.00 |                    5.00 |    170 |     4.8354 |
|        1 |         14 |          1043.50 |      1043.50 |      1088.50 |                  5.00 |                    5.00 |    175 |     4.9665 |
|        1 |         15 |          1043.50 |      1043.50 |      1068.50 |                  5.00 |                    5.00 |    179 |     5.0460 |
|        1 |         16 |          1043.50 |      1043.50 |      1075.20 |                  5.00 |                    5.00 |    184 |     5.1709 |
|        1 |         17 |          1043.50 |      1043.50 |      1076.40 |                  5.41 |                    5.00 |    185 |     5.2331 |
|        1 |         18 |          1043.50 |      1043.50 |      1078.00 |                  5.36 |                    5.00 |    192 |     5.3113 |
|        1 |         19 |          1043.50 |      1043.50 |      1078.90 |                  5.00 |                    5.00 |    194 |     5.3720 |
|        1 |         20 |          1043.50 |      1043.50 |      1080.00 |                  5.00 |                    5.00 |    199 |     5.4613 |
|        1 |         21 |          1043.50 |      1043.50 |      1080.30 |                  5.00 |                    5.00 |    201 |     5.5957 |
|        1 |         22 |          1043.50 |      1043.50 |      1079.40 |                  5.00 |                    5.00 |    206 |     5.7013 |
|        1 |         23 |          1043.50 |      1043.50 |      1070.90 |                  5.00 |                    5.00 |    210 |     5.7846 |
|        1 |         24 |          1043.50 |      1043.50 |      1070.90 |                  7.08 |                    5.00 |    211 |     5.8539 |
|        1 |         25 |          1043.50 |      1043.50 |      1050.50 |                  5.05 |                    5.00 |    214 |     5.9592 |
|        1 |         26 |          1043.50 |      1043.50 |      1050.50 |                  5.00 |                    5.00 |    214 |     6.0102 |
|        1 |         27 |          1043.50 |      1043.50 |      1054.50 |                  5.26 |                    5.00 |    218 |     6.0840 |
|        1 |         28 |          1043.50 |      1043.50 |      1053.60 |                  6.10 |                    5.00 |    222 |     6.1835 |
|        1 |         29 |          1043.50 |      1043.50 |      1046.00 |                  8.22 |                    7.75 |    224 |     6.2638 |
|        1 |         30 |          1043.50 |      1043.50 |      1046.00 |                  5.00 |                    5.00 |    224 |     6.3349 |
|        1 |          0 |          1040.10 |      1040.10 |      1040.10 |                  5.00 |                    5.00 |    225 |     6.4757 |
|        1 |          1 |          1040.10 |      1040.10 |      1040.10 |                  5.00 |                    5.00 |    225 |     6.5887 |
|        1 |          2 |          1040.10 |      1040.10 |      1040.10 |                  5.00 |                    5.00 |    225 |     6.6387 |
|        1 |          3 |          1040.10 |      1040.10 |      1043.80 |                  5.00 |                    5.00 |    228 |     6.7101 |
|        1 |          4 |          1040.10 |      1040.10 |      1054.90 |                  5.69 |                    5.00 |    234 |     6.8732 |
|        1 |          5 |          1040.10 |      1040.10 |      1069.10 |                  5.00 |                    5.00 |    238 |     6.9542 |
|        1 |          6 |          1040.10 |      1040.10 |      1066.70 |                  8.73 |                    5.00 |    241 |     7.0341 |
|        1 |          7 |          1040.10 |      1040.10 |      1057.70 |                  7.19 |                    5.00 |    243 |     7.1014 |
|        1 |          8 |          1040.10 |      1040.10 |      1070.60 |                  5.00 |                    5.00 |    246 |     7.1531 |
|        1 |          9 |          1040.10 |      1040.10 |      1077.03 |                  8.70 |                    5.00 |    251 |     7.2628 |
|        1 |          0 |          1039.50 |      1039.50 |      1039.50 |                  7.01 |                    5.00 |    258 |     7.4957 |
|        1 |          1 |          1039.50 |      1039.50 |      1047.00 |                  8.45 |                    5.00 |    259 |     7.5727 |
|        1 |          2 |          1039.50 |      1039.50 |      1047.00 |                  7.40 |                    5.00 |    259 |     7.6312 |
|        1 |          3 |          1039.50 |      1039.50 |      1043.80 |                  5.05 |                    5.00 |    259 |     7.7391 |
|        1 |          4 |          1039.50 |      1039.50 |      1043.80 |                  5.00 |                    5.00 |    259 |     7.7932 |
|        1 |          5 |          1039.50 |      1039.50 |      1047.30 |                  5.00 |                    5.00 |    262 |     7.8524 |
|        1 |          6 |          1039.50 |      1039.50 |      1047.30 |                  6.74 |                    5.00 |    262 |     7.9232 |
|        1 |          7 |          1039.50 |      1039.50 |      1046.60 |                  5.00 |                    5.00 |    263 |     7.9711 |
|        1 |          8 |          1039.50 |      1039.50 |      1046.60 |                  5.00 |                    5.00 |    263 |     8.0285 |
|        1 |          9 |          1039.50 |      1039.50 |      1049.80 |                  5.00 |                    5.00 |    264 |     8.0793 |
|        1 |         10 |          1039.50 |      1039.50 |      1060.90 |                  5.00 |                    5.00 |    267 |     8.1706 |
|        1 |         11 |          1039.50 |      1039.50 |      1050.24 |                  9.63 |                   11.77 |    270 |     8.3018 |
|        1 |         12 |          1039.50 |      1039.50 |      1057.00 |                  5.00 |                    5.59 |    276 |     8.3801 |
|        1 |         13 |          1039.50 |      1039.50 |      1057.00 |                  5.69 |                    5.00 |    276 |     8.4359 |
|        1 |         14 |          1039.50 |      1039.50 |      1058.22 |                  9.45 |                    5.00 |    277 |     8.5142 |
|        1 |         15 |          1039.50 |      1039.50 |      1045.46 |                  5.00 |                    6.32 |    285 |     8.6750 |
|        1 |         16 |          1039.50 |      1039.50 |      1054.74 |                  7.25 |                   10.60 |    295 |     8.8967 |
|        1 |         17 |          1039.50 |      1039.50 |      1055.40 |                  5.69 |                    5.80 |    296 |     8.9496 |
|        1 |         18 |          1039.50 |      1039.50 |      1066.34 |                 16.17 |                    5.00 |    304 |     9.0609 |
|        1 |         19 |          1039.50 |      1039.50 |      1057.50 |                 16.94 |                    6.22 |    306 |     9.1239 |
|        1 |         20 |          1039.50 |      1039.50 |      1057.50 |                  8.64 |                    5.00 |    308 |     9.1820 |
|        1 |         21 |          1039.50 |      1039.50 |      1056.50 |                 11.15 |                    8.47 |    310 |     9.2844 |
|        1 |         22 |          1039.50 |      1039.50 |      1053.89 |                 10.78 |                    5.49 |    312 |     9.3473 |
|        1 |         23 |          1039.50 |      1039.50 |      1063.80 |                  5.67 |                    5.00 |    315 |     9.4080 |
|        1 |         24 |          1039.50 |      1039.50 |      1060.91 |                  5.00 |                    5.00 |    318 |     9.4993 |
|        1 |         25 |          1039.50 |      1039.50 |      1040.03 |                  6.52 |                    5.00 |    319 |     9.5839 |
|        1 |         26 |          1039.50 |      1037.73 |      1037.73 |                 17.79 |                    5.00 |    323 |     9.7002 |
|        1 |         27 |          1039.50 |      1037.73 |      1055.50 |                  8.80 |                    5.00 |    326 |     9.7634 |
|        1 |         28 |          1039.50 |      1037.73 |      1053.50 |                  5.00 |                    5.00 |    327 |     9.8411 |
|        1 |         29 |          1039.50 |      1037.73 |      1078.00 |                  6.09 |                    5.00 |    330 |     9.9188 |
|        1 |         30 |          1039.50 |      1037.73 |      1077.29 |                  6.19 |                    5.00 |    334 |     9.9872 |
|        1 |         31 |          1039.50 |      1037.73 |      1047.58 |                 12.24 |                    7.58 |    342 |    10.2297 |
|        1 |         32 |          1039.50 |      1037.73 |      1059.06 |                 13.08 |                    5.00 |    344 |    10.3051 |
|        1 |         33 |          1039.50 |      1037.73 |      1046.80 |                  6.59 |                    5.00 |    347 |    10.4159 |
|        1 |         34 |          1039.50 |      1037.73 |      1046.80 |                  9.60 |                    5.58 |    347 |    10.4782 |
|        1 |         35 |          1039.50 |      1037.73 |      1040.00 |                  5.00 |                    5.00 |    351 |    10.6480 |
|        1 |          0 |          1036.80 |      1036.80 |      1036.80 |                  5.00 |                    5.00 |    353 |    10.7741 |
|        1 |          0 |          1035.50 |      1035.50 |      1035.50 |                  5.63 |                    5.00 |    353 |    10.8450 |
|        1 |          0 |          1026.40 |      1026.40 |      1026.40 |                  5.00 |                    5.00 |    355 |    10.9814 |
|        1 |          1 |          1026.40 |      1026.40 |      1026.40 |                  5.35 |                    5.00 |    355 |    11.0474 |
|        1 |          2 |          1026.40 |      1026.40 |      1026.40 |                  6.67 |                    5.00 |    355 |    11.1271 |
|        1 |          3 |          1026.40 |      1026.40 |      1026.40 |                  5.00 |                    5.00 |    355 |    11.1993 |
|        1 |          4 |          1026.40 |      1026.40 |      1030.90 |                  5.00 |                    5.36 |    357 |    11.2796 |
|        1 |          5 |          1026.40 |      1026.40 |      1030.90 |                  5.00 |                    5.41 |    357 |    11.3471 |
|        1 |          6 |          1026.40 |      1026.40 |      1030.90 |                  5.00 |                    5.58 |    357 |    11.4138 |
|        1 |          0 |          1025.80 |      1025.80 |      1025.80 |                  6.81 |                    6.94 |    358 |    11.5067 |
|        1 |          1 |          1025.80 |      1025.80 |      1025.80 |                  5.90 |                    5.00 |    358 |    11.5683 |
|        1 |          2 |          1025.80 |      1025.80 |      1058.20 |                  5.96 |                    6.40 |    362 |    11.6893 |
|        1 |          3 |          1025.80 |      1025.80 |      1067.90 |                  5.00 |                    5.00 |    366 |    11.7536 |
|        1 |          4 |          1025.80 |      1025.80 |      1069.74 |                 15.68 |                    5.00 |    371 |    11.8862 |
|        1 |          5 |          1025.80 |      1025.80 |      1075.13 |                 21.33 |                    5.00 |    371 |    11.9270 |
|        1 |          6 |          1025.80 |      1025.80 |      1084.20 |                  8.04 |                    5.00 |    378 |    12.0196 |
|        1 |          7 |          1025.80 |      1025.80 |      1072.90 |                  5.00 |                    5.00 |    384 |    12.1141 |
|        1 |          8 |          1025.80 |      1025.80 |      1071.20 |                  5.58 |                    5.00 |    386 |    12.2138 |
|        1 |          9 |          1025.80 |      1025.80 |      1099.80 |                  5.00 |                    5.00 |    395 |    12.3148 |
|        1 |         10 |          1025.80 |      1025.80 |      1099.00 |                  5.00 |                    5.00 |    399 |    12.4001 |
|        1 |         11 |          1025.80 |      1025.80 |      1043.00 |                  5.00 |                    5.00 |    407 |    12.5977 |
|        1 |         12 |          1025.80 |      1025.80 |      1032.24 |                  6.59 |                    5.00 |    411 |    12.6981 |
|        1 |         13 |          1025.80 |      1025.80 |      1034.12 |                 13.22 |                    5.00 |    411 |    12.7610 |
|        1 |         14 |          1025.80 |      1025.80 |      1042.77 |                 20.44 |                    5.00 |    412 |    12.8318 |
|        1 |         15 |          1025.80 |      1025.80 |      1038.60 |                  9.80 |                    5.00 |    414 |    12.9121 |
|        1 |         16 |          1025.80 |      1025.80 |      1041.90 |                 12.27 |                    5.00 |    420 |    13.0105 |
|        1 |         17 |          1025.80 |      1025.80 |      1065.50 |                  5.00 |                    5.00 |    425 |    13.1116 |
|        1 |         18 |          1025.80 |      1025.80 |      1052.40 |                  7.08 |                    5.00 |    433 |    13.2391 |
|        1 |         19 |          1025.80 |      1025.80 |      1039.70 |                  5.00 |                    6.66 |    433 |    13.3404 |
|        1 |         20 |          1025.80 |      1025.80 |      1038.35 |                  5.00 |                    6.35 |    434 |    13.4007 |
|        1 |         21 |          1025.80 |      1025.80 |      1038.20 |                  5.00 |                    5.00 |    436 |    13.5027 |
|        1 |         22 |          1025.80 |      1025.80 |      1027.10 |                  8.29 |                    5.00 |    436 |    13.5793 |
|        1 |         23 |          1025.80 |      1025.80 |      1026.00 |                  5.00 |                    5.00 |    440 |    13.7286 |
|        1 |         24 |          1025.80 |      1025.80 |      1029.90 |                  5.00 |                    5.00 |    444 |    13.8012 |
|        1 |         25 |          1025.80 |      1019.25 |      1019.25 |                  5.00 |                    5.00 |    445 |    13.9382 |
|        1 |         26 |          1025.80 |      1019.15 |      1019.15 |                  5.00 |                    5.00 |    445 |    13.9973 |
|        1 |         27 |          1025.80 |      1019.15 |      1028.80 |                  5.00 |                    5.63 |    447 |    14.0923 |
|        1 |         28 |          1025.80 |      1019.15 |      1029.40 |                  5.57 |                    5.00 |    447 |    14.1690 |
|        1 |         29 |          1025.80 |      1019.15 |      1027.20 |                  5.00 |                    6.74 |    450 |    14.2843 |
|        1 |          0 |          1024.90 |      1019.15 |      1024.90 |                  6.22 |                    5.00 |    451 |    14.3999 |
|        1 |          1 |          1024.90 |      1019.15 |      1024.90 |                  5.00 |                    5.00 |    451 |    14.4721 |
|        1 |          2 |          1024.90 |      1019.15 |      1024.90 |                  5.58 |                    5.52 |    451 |    14.5324 |
|        1 |          3 |          1024.90 |      1019.15 |      1024.90 |                  5.04 |                    5.00 |    451 |    14.5911 |
|        1 |          4 |          1024.90 |      1019.15 |      1024.90 |                  6.34 |                    5.00 |    451 |    14.6681 |
|        1 |          5 |          1024.90 |      1019.15 |      1027.20 |                  5.00 |                    5.00 |    451 |    14.7552 |
|        1 |          6 |          1024.90 |      1019.15 |      1027.20 |                  6.54 |                    5.00 |    451 |    14.7911 |
|        1 |          7 |          1024.90 |      1019.15 |      1027.20 |                  6.67 |                    5.00 |    451 |    14.8576 |
|        1 |          8 |          1024.90 |      1019.15 |      1040.80 |                  5.47 |                    5.00 |    453 |    14.9323 |
|        1 |          9 |          1024.90 |      1019.15 |      1071.50 |                  5.00 |                    5.00 |    455 |    14.9890 |
|        1 |         10 |          1024.90 |      1019.15 |      1023.65 |                  5.00 |                    5.00 |    457 |    15.0893 |
|        1 |          0 |          1020.90 |      1019.15 |      1020.90 |                  5.00 |                    5.00 |    457 |    15.2407 |
|        1 |          1 |          1020.90 |      1019.15 |      1020.90 |                  7.90 |                    5.00 |    457 |    15.3050 |
|        1 |          2 |          1020.90 |      1019.15 |      1027.60 |                  5.00 |                    5.00 |    459 |    15.3760 |
|        1 |          3 |          1020.90 |      1019.15 |      1036.00 |                  5.00 |                    5.00 |    463 |    15.4859 |
|        1 |          0 |          1016.60 |      1016.60 |      1016.60 |                  5.00 |                    5.00 |    463 |    15.5785 |
|        1 |          1 |          1016.60 |      1016.40 |      1016.40 |                  5.00 |                    5.00 |    463 |    15.6385 |
|        1 |          2 |          1016.60 |      1016.40 |      1041.71 |                  5.63 |                    5.00 |    465 |    15.6997 |
|        1 |          0 |          1016.00 |      1016.00 |      1016.00 |                  5.00 |                    5.47 |    465 |    15.7688 |
|        1 |          1 |          1016.00 |      1016.00 |      1018.40 |                  5.00 |                    6.27 |    465 |    15.8433 |
|        1 |          2 |          1016.00 |      1016.00 |      1018.40 |                  5.80 |                    5.00 |    465 |    15.8945 |
|        1 |          3 |          1016.00 |      1016.00 |      1052.81 |                 12.37 |                    5.00 |    468 |    15.9810 |
|        1 |          4 |          1016.00 |      1016.00 |      1058.74 |                  9.60 |                    5.00 |    468 |    16.0388 |
|        1 |          5 |          1016.00 |      1016.00 |      1058.02 |                 21.28 |                    5.00 |    468 |    16.1091 |
|        1 |          6 |          1016.00 |      1016.00 |      1076.35 |                 38.27 |                    5.00 |    470 |    16.1659 |
|        1 |          7 |          1016.00 |      1016.00 |      1043.00 |                 16.12 |                    5.00 |    472 |    16.2469 |
|        1 |          8 |          1016.00 |      1016.00 |      1065.60 |                  6.72 |                    5.00 |    476 |    16.3317 |
|        1 |          9 |          1016.00 |      1016.00 |      1050.05 |                  9.83 |                    5.00 |    480 |    16.4694 |
|        1 |         10 |          1016.00 |      1016.00 |      1071.90 |                  8.24 |                    5.00 |    485 |    16.5775 |
|        1 |         11 |          1016.00 |      1016.00 |      1044.00 |                  7.96 |                    5.00 |    490 |    16.7304 |
|        1 |         12 |          1016.00 |      1016.00 |      1039.90 |                  5.00 |                    5.00 |    490 |    16.8037 |
|        1 |         13 |          1016.00 |      1016.00 |      1040.60 |                  5.00 |                    5.00 |    491 |    16.9052 |
|        1 |         14 |          1016.00 |      1016.00 |      1056.90 |                  5.58 |                    5.00 |    494 |    16.9943 |
|        1 |         15 |          1016.00 |      1016.00 |      1042.48 |                  9.44 |                    6.29 |    496 |    17.0625 |
|        1 |         16 |          1016.00 |      1016.00 |      1040.30 |                  8.41 |                   13.23 |    500 |    17.1525 |
|        1 |         17 |          1016.00 |      1016.00 |      1040.30 |                  8.30 |                    9.48 |    500 |    17.2104 |
|        1 |         18 |          1016.00 |      1016.00 |      1040.90 |                  5.00 |                    5.00 |    504 |    17.3528 |
|        1 |         19 |          1016.00 |      1016.00 |      1040.90 |                  6.09 |                    5.00 |    504 |    17.4223 |
|        1 |         20 |          1016.00 |      1016.00 |      1040.90 |                 10.23 |                    5.00 |    507 |    17.5536 |
|        1 |         21 |          1016.00 |      1016.00 |      1038.50 |                  7.04 |                    5.25 |    508 |    17.6234 |
|        1 |         22 |          1016.00 |      1016.00 |      1032.60 |                  5.00 |                    5.00 |    508 |    17.6955 |
|        1 |         23 |          1016.00 |      1016.00 |      1032.60 |                  5.63 |                    5.97 |    508 |    17.7709 |
|        1 |         24 |          1016.00 |      1016.00 |      1033.60 |                  5.00 |                    5.00 |    508 |    17.8465 |
|        1 |         25 |          1016.00 |      1016.00 |      1035.90 |                  5.86 |                    9.45 |    508 |    17.9863 |
|        1 |         26 |          1016.00 |      1016.00 |      1035.90 |                  8.06 |                    5.00 |    508 |    18.0475 |
|        1 |         27 |          1016.00 |      1016.00 |      1037.10 |                  5.00 |                    6.80 |    508 |    18.1070 |
|        1 |         28 |          1016.00 |      1016.00 |      1035.90 |                  5.00 |                    6.13 |    508 |    18.1822 |
|        1 |         29 |          1016.00 |      1016.00 |      1034.99 |                 10.44 |                    5.00 |    509 |    18.2572 |
|        1 |         30 |          1016.00 |      1016.00 |      1042.40 |                  6.04 |                    5.00 |    514 |    18.3549 |
|        1 |         31 |          1016.00 |      1016.00 |      1042.40 |                  5.00 |                    5.00 |    514 |    18.4085 |
|        1 |         32 |          1016.00 |      1016.00 |      1038.20 |                  5.00 |                    5.00 |    517 |    18.4802 |
|        1 |         33 |          1016.00 |      1016.00 |      1034.80 |                  5.00 |                    5.00 |    519 |    18.5480 |
|        1 |         34 |          1016.00 |      1016.00 |      1032.60 |                  5.00 |                    5.00 |    521 |    18.6419 |
|        1 |         35 |          1016.00 |      1016.00 |      1027.81 |                  8.64 |                    5.00 |    525 |    18.7167 |
|        1 |         36 |          1016.00 |      1016.00 |      1032.03 |                 11.27 |                    5.00 |    525 |    18.7885 |
|        1 |         37 |          1016.00 |      1016.00 |      1045.30 |                 10.43 |                    5.00 |    530 |    18.9312 |
|        1 |         38 |          1016.00 |      1016.00 |      1050.60 |                  5.00 |                    5.00 |    531 |    18.9974 |
|        1 |         39 |          1016.00 |      1016.00 |      1055.90 |                  5.00 |                    5.00 |    536 |    19.0664 |
|        1 |         40 |          1016.00 |      1016.00 |      1052.74 |                  8.20 |                   13.12 |    538 |    19.1744 |
|        1 |         41 |          1016.00 |      1016.00 |      1042.03 |                 11.59 |                   14.02 |    541 |    19.2543 |
|        1 |         42 |          1016.00 |      1016.00 |      1054.11 |                  8.91 |                   13.97 |    541 |    19.3120 |
|        1 |         43 |          1016.00 |      1016.00 |      1051.49 |                 13.65 |                   12.73 |    541 |    19.3726 |
|        1 |         44 |          1016.00 |      1016.00 |      1056.38 |                  8.67 |                   13.33 |    542 |    19.4419 |
|        1 |         45 |          1016.00 |      1016.00 |      1049.02 |                 17.05 |                    7.89 |    544 |    19.5178 |
|        1 |         46 |          1016.00 |      1016.00 |      1062.54 |                 16.30 |                   13.21 |    544 |    19.6137 |
|        1 |         47 |          1016.00 |      1016.00 |      1057.59 |                 24.76 |                   14.57 |    544 |    19.6542 |
|        1 |         48 |          1016.00 |      1016.00 |      1071.18 |                 25.66 |                   12.36 |    547 |    19.7338 |
|        1 |         49 |          1016.00 |      1016.00 |      1068.93 |                 23.38 |                    6.97 |    547 |    19.7825 |
|        1 |         50 |          1016.00 |      1016.00 |      1067.07 |                 14.85 |                    5.92 |    547 |    19.8419 |
|        1 |         51 |          1016.00 |      1016.00 |      1048.63 |                 15.85 |                    5.00 |    549 |    19.9273 |
|        1 |         52 |          1016.00 |      1016.00 |      1051.43 |                 20.90 |                    5.00 |    550 |    19.9923 |
------------------------------------------------------------------------------------------------------------------------------------------------
|  Restart |  Iteration |  Best Feas. Cost |    Best Cost |   Curr. Cost |   Penalty Custom Res. |   Penalty Standard Res. |   Pool |   Time (s) |
------------------------------------------------------------------------------------------------------------------------------------------------
|        1 |         53 |          1016.00 |      1016.00 |      1071.20 |                 10.98 |                    5.00 |    553 |    20.0521 |
|        1 |         54 |          1016.00 |      1016.00 |      1069.90 |                  5.95 |                    5.75 |    560 |    20.1132 |
|        1 |         55 |          1016.00 |      1016.00 |      1071.00 |                  6.94 |                    7.52 |    563 |    20.1925 |
|        1 |         56 |          1016.00 |      1016.00 |      1047.50 |                 15.99 |                    8.73 |    568 |    20.3035 |
|        1 |         57 |          1016.00 |      1016.00 |      1047.50 |                 22.85 |                    5.00 |    568 |    20.3591 |
|        1 |         58 |          1016.00 |      1016.00 |      1038.10 |                  7.64 |                    5.00 |    570 |    20.4559 |
|        1 |         59 |          1016.00 |      1016.00 |      1036.64 |                  5.00 |                   13.00 |    573 |    20.5458 |
|        1 |         60 |          1016.00 |      1016.00 |      1038.48 |                  6.04 |                    6.43 |    573 |    20.6096 |
|        1 |         61 |          1016.00 |      1016.00 |      1038.51 |                  5.32 |                    5.00 |    573 |    20.7359 |
|        1 |         62 |          1016.00 |      1016.00 |      1035.85 |                  5.19 |                    5.00 |    573 |    20.8083 |
|        1 |         63 |          1016.00 |      1016.00 |      1036.32 |                  6.19 |                    5.51 |    573 |    20.8663 |
|        1 |         64 |          1016.00 |      1016.00 |      1060.90 |                 17.06 |                   16.77 |    579 |    20.9752 |
|        1 |         65 |          1016.00 |      1016.00 |      1070.20 |                 13.77 |                    7.28 |    581 |    21.0512 |
|        1 |         66 |          1016.00 |      1016.00 |      1066.90 |                  6.81 |                    5.09 |    584 |    21.1351 |
|        1 |         67 |          1016.00 |      1016.00 |      1060.20 |                  6.85 |                    5.00 |    586 |    21.1880 |
|        1 |         68 |          1016.00 |      1016.00 |      1065.90 |                  9.31 |                    5.00 |    588 |    21.2511 |
|        1 |         69 |          1016.00 |      1016.00 |      1062.50 |                  5.40 |                    5.00 |    594 |    21.3318 |
|        1 |         70 |          1016.00 |      1016.00 |      1060.74 |                  8.20 |                    5.00 |    596 |    21.3835 |
|        1 |         71 |          1016.00 |      1016.00 |      1056.90 |                  6.05 |                    5.00 |    602 |    21.4397 |
|        1 |         72 |          1016.00 |      1016.00 |      1056.90 |                  5.00 |                    5.00 |    602 |    21.4928 |
|        1 |         73 |          1016.00 |      1016.00 |      1057.20 |                  7.81 |                    5.00 |    603 |    21.5526 |
|        1 |         74 |          1016.00 |      1016.00 |      1054.79 |                  5.60 |                    5.00 |    604 |    21.6133 |
|        1 |         75 |          1016.00 |      1016.00 |      1054.62 |                 10.48 |                    5.00 |    607 |    21.6679 |
|        1 |         76 |          1016.00 |      1016.00 |      1058.98 |                 15.25 |                    5.00 |    607 |    21.7428 |
|        1 |         77 |          1016.00 |      1016.00 |      1056.88 |                  6.27 |                    5.00 |    614 |    21.9004 |
|        1 |         78 |          1016.00 |      1016.00 |      1059.16 |                  5.00 |                    5.00 |    615 |    21.9775 |
|        1 |         79 |          1016.00 |      1016.00 |      1053.44 |                  8.05 |                    5.00 |    617 |    22.0394 |
|        1 |         80 |          1016.00 |      1016.00 |      1056.12 |                 17.50 |                    5.00 |    618 |    22.1046 |
|        1 |         81 |          1016.00 |      1016.00 |      1059.00 |                  8.57 |                    5.00 |    622 |    22.1766 |
|        1 |         82 |          1016.00 |      1016.00 |      1069.10 |                  5.00 |                    5.00 |    625 |    22.2671 |
|        1 |         83 |          1016.00 |      1016.00 |      1064.10 |                  5.00 |                    5.00 |    625 |    22.3487 |
|        1 |         84 |          1016.00 |      1016.00 |      1065.00 |                  5.00 |                    5.00 |    626 |    22.4068 |
|        1 |         85 |          1016.00 |      1016.00 |      1039.65 |                 11.77 |                    5.00 |    627 |    22.4833 |
|        1 |         86 |          1016.00 |      1016.00 |      1064.10 |                  7.19 |                    5.00 |    627 |    22.5376 |
|        1 |         87 |          1016.00 |      1016.00 |      1064.10 |                  5.00 |                    5.00 |    627 |    22.5940 |
|        1 |         88 |          1016.00 |      1016.00 |      1047.50 |                 12.37 |                    5.00 |    634 |    22.7235 |
|        1 |         89 |          1016.00 |      1016.00 |      1059.53 |                 28.50 |                    5.00 |    636 |    22.8116 |
|        1 |         90 |          1016.00 |      1016.00 |      1054.16 |                 10.65 |                    8.80 |    639 |    22.9019 |
|        1 |         91 |          1016.00 |      1016.00 |      1057.68 |                  6.17 |                   13.32 |    642 |    23.0015 |
|        1 |         92 |          1016.00 |      1016.00 |      1051.00 |                  7.12 |                    5.00 |    647 |    23.1320 |
|        1 |         93 |          1016.00 |      1016.00 |      1040.14 |                  5.00 |                   10.03 |    652 |    23.2986 |
|        1 |         94 |          1016.00 |      1016.00 |      1039.89 |                  5.00 |                   22.45 |    655 |    23.3785 |
|        1 |         95 |          1016.00 |      1016.00 |      1041.30 |                  6.22 |                   12.28 |    656 |    23.4303 |
|        1 |         96 |          1016.00 |      1016.00 |      1041.30 |                  5.00 |                   10.85 |    656 |    23.4912 |
|        1 |         97 |          1016.00 |      1016.00 |      1041.30 |                  5.00 |                    5.54 |    656 |    23.5509 |
|        1 |         98 |          1016.00 |      1016.00 |      1037.10 |                  5.00 |                    5.51 |    656 |    23.6282 |
|        1 |         99 |          1016.00 |      1016.00 |      1037.51 |                  5.00 |                   13.76 |    659 |    23.7119 |
|        1 |        100 |          1016.00 |      1016.00 |      1040.60 |                  5.00 |                   10.36 |    659 |    23.7769 |
|        1 |        101 |          1016.00 |      1016.00 |      1039.59 |                  5.00 |                    9.44 |    659 |    23.8349 |
|        1 |        102 |          1016.00 |      1016.00 |      1043.51 |                  5.00 |                   14.47 |    660 |    23.8871 |
|        1 |        103 |          1016.00 |      1016.00 |      1041.12 |                  5.00 |                   10.36 |    660 |    23.9506 |
|        1 |        104 |          1016.00 |      1016.00 |      1037.86 |                  5.00 |                   12.00 |    662 |    24.0151 |
|        1 |        105 |          1016.00 |      1016.00 |      1038.35 |                  5.00 |                    9.90 |    662 |    24.0629 |
|        1 |        106 |          1016.00 |      1016.00 |      1039.50 |                  5.00 |                    6.41 |    662 |    24.1347 |
|        1 |        107 |          1016.00 |      1016.00 |      1037.92 |                  5.26 |                   12.74 |    662 |    24.1923 |
|        1 |        108 |          1016.00 |      1016.00 |      1059.41 |                  5.00 |                    5.52 |    663 |    24.3101 |
|        1 |        109 |          1016.00 |      1016.00 |      1041.10 |                  5.00 |                    5.00 |    663 |    24.4104 |
|        1 |        110 |          1016.00 |      1016.00 |      1059.40 |                  5.00 |                    5.00 |    670 |    24.5157 |
|        1 |        111 |          1016.00 |      1016.00 |      1057.93 |                  6.46 |                    5.00 |    670 |    24.5911 |
|        1 |        112 |          1016.00 |      1016.00 |      1060.40 |                 11.61 |                    5.00 |    670 |    24.6360 |
|        1 |        113 |          1016.00 |      1016.00 |      1078.80 |                  6.47 |                    5.00 |    674 |    24.7073 |
|        1 |        114 |          1016.00 |      1016.00 |      1064.83 |                  7.32 |                    5.00 |    681 |    24.8187 |
|        1 |        115 |          1016.00 |      1016.00 |      1058.29 |                  6.02 |                   10.32 |    686 |    24.9194 |
|        1 |        116 |          1016.00 |      1016.00 |      1078.80 |                  5.74 |                   11.44 |    691 |    25.0232 |
|        1 |        117 |          1016.00 |      1016.00 |      1055.48 |                 10.63 |                    5.44 |    693 |    25.0914 |
|        1 |        118 |          1016.00 |      1016.00 |      1060.86 |                  9.30 |                    5.00 |    693 |    25.1499 |
|        1 |        119 |          1016.00 |      1016.00 |      1044.90 |                  5.47 |                    5.00 |    696 |    25.2846 |
|        1 |        120 |          1016.00 |      1016.00 |      1043.70 |                  5.00 |                    5.00 |    698 |    25.3337 |
|        1 |        121 |          1016.00 |      1016.00 |      1044.00 |                  6.40 |                    5.00 |    698 |    25.4007 |
|        1 |        122 |          1016.00 |      1016.00 |      1040.10 |                  5.71 |                    5.00 |    702 |    25.4793 |
|        1 |        123 |          1016.00 |      1016.00 |      1043.10 |                  7.59 |                    7.44 |    705 |    25.5425 |
|        1 |        124 |          1016.00 |      1016.00 |      1043.10 |                  5.26 |                    5.00 |    705 |    25.6112 |
|        1 |        125 |          1016.00 |      1016.00 |      1035.10 |                  5.00 |                    5.00 |    706 |    25.7031 |
|        1 |        126 |          1016.00 |      1016.00 |      1034.50 |                  5.00 |                    5.00 |    707 |    25.7809 |
|        1 |        127 |          1016.00 |      1016.00 |      1034.50 |                  5.00 |                    5.00 |    707 |    25.8421 |
|        1 |        128 |          1016.00 |      1016.00 |      1034.50 |                  5.25 |                    5.00 |    707 |    25.9050 |
|        1 |        129 |          1016.00 |      1016.00 |      1045.89 |                  5.79 |                   10.34 |    709 |    25.9818 |
|        1 |        130 |          1016.00 |      1016.00 |      1045.02 |                  8.64 |                   10.69 |    711 |    26.0946 |
|        1 |        131 |          1016.00 |      1016.00 |      1078.10 |                  5.75 |                    5.00 |    715 |    26.1972 |
|        1 |        132 |          1016.00 |      1016.00 |      1043.90 |                  5.92 |                    6.87 |    719 |    26.3088 |
|        1 |        133 |          1016.00 |      1016.00 |      1043.90 |                 10.74 |                    5.00 |    719 |    26.3980 |
|        1 |        134 |          1016.00 |      1016.00 |      1045.50 |                  5.93 |                    5.00 |    721 |    26.4500 |
|        1 |        135 |          1016.00 |      1016.00 |      1048.60 |                  5.00 |                    5.14 |    724 |    26.6011 |
|        1 |        136 |          1016.00 |      1016.00 |      1053.27 |                  5.72 |                    5.00 |    728 |    26.7317 |
|        1 |        137 |          1016.00 |      1016.00 |      1066.90 |                  7.39 |                    8.56 |    731 |    26.7960 |
|        1 |        138 |          1016.00 |      1016.00 |      1066.90 |                  5.36 |                    5.28 |    731 |    26.8451 |
|        1 |        139 |          1016.00 |      1016.00 |      1051.20 |                  5.00 |                    5.00 |    733 |    27.0089 |
|        1 |        140 |          1016.00 |      1016.00 |      1048.40 |                  5.00 |                    6.22 |    735 |    27.0963 |
|        1 |        141 |          1016.00 |      1016.00 |      1047.10 |                  7.15 |                    5.00 |    737 |    27.1860 |
|        1 |        142 |          1016.00 |      1016.00 |      1047.10 |                  5.74 |                    5.00 |    737 |    27.2574 |
|        1 |        143 |          1016.00 |      1016.00 |      1047.10 |                  8.62 |                    5.00 |    737 |    27.3119 |
|        1 |        144 |          1016.00 |      1016.00 |      1049.80 |                  5.52 |                    7.37 |    740 |    27.4091 |
|        1 |        145 |          1016.00 |      1016.00 |      1036.30 |                  5.47 |                    5.00 |    742 |    27.5676 |
|        1 |        146 |          1016.00 |      1016.00 |      1036.20 |                  5.00 |                    5.00 |    742 |    27.6472 |
|        1 |        147 |          1016.00 |      1016.00 |      1036.20 |                  5.30 |                    5.15 |    742 |    27.7272 |
|        1 |        148 |          1016.00 |      1016.00 |      1036.20 |                  5.00 |                    5.00 |    742 |    27.7891 |
|        1 |        149 |          1016.00 |      1016.00 |      1036.20 |                  5.00 |                    5.00 |    742 |    27.8369 |
|        1 |        150 |          1016.00 |      1016.00 |      1036.20 |                  7.90 |                    5.00 |    742 |    27.8980 |
|        1 |        151 |          1016.00 |      1016.00 |      1036.20 |                  5.00 |                    5.00 |    742 |    27.9546 |
|        1 |        152 |          1016.00 |      1016.00 |      1036.20 |                  5.00 |                    5.00 |    742 |    28.0375 |
|        1 |        153 |          1016.00 |      1016.00 |      1036.20 |                  5.00 |                    5.00 |    742 |    28.0895 |
|        1 |        154 |          1016.00 |      1016.00 |      1036.20 |                  5.00 |                    5.00 |    744 |    28.1472 |
|        1 |        155 |          1016.00 |      1016.00 |      1036.20 |                  9.17 |                    5.00 |    744 |    28.2118 |
|        1 |        156 |          1016.00 |      1016.00 |      1036.20 |                  5.83 |                    5.00 |    744 |    28.2725 |
|        1 |        157 |          1016.00 |      1016.00 |      1036.20 |                  5.00 |                    5.00 |    744 |    28.3497 |
|        1 |        158 |          1016.00 |      1016.00 |      1036.20 |                  5.26 |                    5.00 |    744 |    28.3974 |
|        1 |        159 |          1016.00 |      1016.00 |      1036.20 |                  5.00 |                    5.00 |    744 |    28.4549 |
|        1 |        160 |          1016.00 |      1016.00 |      1036.20 |                  6.41 |                    5.00 |    744 |    28.5108 |
|        1 |        161 |          1016.00 |      1016.00 |      1036.20 |                  5.14 |                    5.00 |    744 |    28.5761 |
|        1 |        162 |          1016.00 |      1016.00 |      1043.60 |                  5.00 |                    5.00 |    746 |    28.6726 |
|        1 |        163 |          1016.00 |      1016.00 |      1036.20 |                  5.52 |                    5.00 |    746 |    28.7433 |
|        1 |        164 |          1016.00 |      1016.00 |      1036.20 |                  5.92 |                    5.58 |    746 |    28.8078 |
|        1 |        165 |          1016.00 |      1016.00 |      1036.00 |                  5.00 |                    5.00 |    746 |    28.8698 |
|        1 |        166 |          1016.00 |      1016.00 |      1036.00 |                  6.29 |                    5.00 |    746 |    28.9473 |
|        1 |        167 |          1016.00 |      1016.00 |      1035.90 |                  5.00 |                    5.00 |    748 |    29.0274 |
|        1 |        168 |          1016.00 |      1016.00 |      1035.90 |                  5.00 |                    5.00 |    748 |    29.0997 |
|        1 |        169 |          1016.00 |      1016.00 |      1067.50 |                  6.10 |                    8.56 |    752 |    29.1982 |
|        1 |        170 |          1016.00 |      1016.00 |      1066.85 |                  5.00 |                   12.70 |    753 |    29.2900 |
|        1 |        171 |          1016.00 |      1016.00 |      1051.10 |                  5.00 |                    7.00 |    758 |    29.3993 |
|        1 |        172 |          1016.00 |      1016.00 |      1056.60 |                  6.93 |                    5.00 |    761 |    29.5276 |
|        1 |        173 |          1016.00 |      1016.00 |      1051.10 |                  5.00 |                    5.00 |    761 |    29.6069 |
|        1 |        174 |          1016.00 |      1016.00 |      1034.80 |                  9.08 |                   12.34 |    763 |    29.7429 |
|        1 |        175 |          1016.00 |      1016.00 |      1084.75 |                  7.78 |                    9.96 |    768 |    29.8242 |
|        1 |        176 |          1016.00 |      1016.00 |      1063.86 |                  9.65 |                   15.08 |    771 |    29.9166 |
|        1 |        177 |          1016.00 |      1016.00 |      1070.19 |                 10.08 |                    6.03 |    776 |    30.0449 |
|        1 |        178 |          1016.00 |      1016.00 |      1050.58 |                  5.26 |                    9.08 |    779 |    30.2432 |
|        1 |        179 |          1016.00 |      1016.00 |      1052.80 |                  5.00 |                    6.98 |    780 |    30.3198 |
|        1 |        180 |          1016.00 |      1016.00 |      1057.20 |                  5.36 |                    5.00 |    782 |    30.4310 |
|        1 |        181 |          1016.00 |      1016.00 |      1057.20 |                  5.00 |                    5.00 |    782 |    30.5091 |
|        1 |        182 |          1016.00 |      1016.00 |      1044.47 |                  5.74 |                   10.03 |    782 |    30.5866 |
|        1 |        183 |          1016.00 |      1016.00 |      1048.50 |                  5.00 |                    5.00 |    783 |    30.7284 |
|        1 |        184 |          1016.00 |      1016.00 |      1048.50 |                  5.00 |                    5.00 |    783 |    30.7907 |
|        1 |        185 |          1016.00 |      1016.00 |      1056.00 |                  5.50 |                    5.00 |    784 |    30.8699 |
|        1 |        186 |          1016.00 |      1016.00 |      1053.50 |                  5.00 |                    5.41 |    786 |    30.9469 |
|        1 |        187 |          1016.00 |      1016.00 |      1052.70 |                  5.00 |                    5.00 |    787 |    31.0370 |
|        1 |        188 |          1016.00 |      1016.00 |      1049.72 |                  6.32 |                   12.86 |    789 |    31.1275 |
|        1 |        189 |          1016.00 |      1016.00 |      1052.48 |                  6.43 |                   12.56 |    789 |    31.1913 |
|        1 |        190 |          1016.00 |      1016.00 |      1052.58 |                  5.00 |                   12.53 |    789 |    31.2422 |
|        1 |        191 |          1016.00 |      1016.00 |      1120.76 |                  7.43 |                   11.87 |    795 |    31.3150 |
|        1 |        192 |          1016.00 |      1016.00 |      1050.78 |                  9.35 |                    5.00 |    799 |    31.4996 |
|        1 |        193 |          1016.00 |      1016.00 |      1069.44 |                 17.31 |                    5.80 |    800 |    31.5690 |
|        1 |        194 |          1016.00 |      1016.00 |      1077.70 |                 22.13 |                    5.47 |    803 |    31.6407 |
|        1 |        195 |          1016.00 |      1016.00 |      1048.90 |                 10.23 |                    6.73 |    804 |    31.8524 |
|        1 |        196 |          1016.00 |      1016.00 |      1049.40 |                  5.43 |                    5.00 |    805 |    31.9105 |
|        1 |        197 |          1016.00 |      1016.00 |      1056.60 |                  5.26 |                    5.00 |    809 |    32.0362 |
|        1 |        198 |          1016.00 |      1016.00 |      1071.40 |                  5.00 |                    5.00 |    816 |    32.1299 |
|        1 |        199 |          1016.00 |      1016.00 |      1072.30 |                  5.85 |                    5.00 |    817 |    32.1851 |
|        1 |        200 |          1016.00 |      1016.00 |      1066.20 |                  5.00 |                    5.00 |    822 |    32.3118 |
|        1 |        201 |          1016.00 |      1016.00 |      1063.30 |                  5.00 |                    5.00 |    822 |    32.3694 |
|        1 |        202 |          1016.00 |      1016.00 |      1059.10 |                  5.25 |                    5.00 |    825 |    32.4529 |
|        1 |        203 |          1016.00 |      1016.00 |      1053.20 |                  5.00 |                    5.00 |    826 |    32.5267 |
|        1 |        204 |          1016.00 |      1016.00 |      1053.20 |                  5.00 |                    5.00 |    826 |    32.5771 |
|        1 |        205 |          1016.00 |      1016.00 |      1053.70 |                  5.00 |                    5.00 |    828 |    32.6441 |
|        1 |        206 |          1016.00 |      1016.00 |      1041.70 |                  5.38 |                    5.00 |    833 |    32.7793 |
|        1 |        207 |          1016.00 |      1016.00 |      1041.81 |                  6.74 |                    5.00 |    835 |    32.8709 |
|        1 |        208 |          1016.00 |      1016.00 |      1042.10 |                  5.00 |                    6.46 |    836 |    32.9322 |
|        1 |        209 |          1016.00 |      1016.00 |      1040.99 |                  5.00 |                    5.16 |    840 |    33.0170 |
|        1 |        210 |          1016.00 |      1016.00 |      1054.87 |                  9.45 |                   10.25 |    840 |    33.0765 |
|        1 |        211 |          1016.00 |      1016.00 |      1051.91 |                 10.49 |                    5.00 |    844 |    33.1751 |
|        1 |        212 |          1016.00 |      1016.00 |      1057.60 |                 19.83 |                    5.00 |    844 |    33.2274 |
|        1 |        213 |          1016.00 |      1016.00 |      1076.52 |                 17.34 |                    5.00 |    845 |    33.2953 |
|        1 |        214 |          1016.00 |      1016.00 |      1045.80 |                  6.47 |                    5.00 |    850 |    33.3858 |
|        1 |        215 |          1016.00 |      1016.00 |      1046.10 |                  9.62 |                    5.00 |    851 |    33.4482 |
|        1 |        216 |          1016.00 |      1016.00 |      1082.30 |                  5.00 |                    5.00 |    859 |    33.5815 |
|        1 |        217 |          1016.00 |      1016.00 |      1081.20 |                  5.00 |                    5.00 |    861 |    33.6263 |
|        1 |        218 |          1016.00 |      1016.00 |      1069.40 |                  7.30 |                    5.00 |    863 |    33.8009 |
|        1 |        219 |          1016.00 |      1016.00 |      1047.00 |                  9.33 |                    5.00 |    867 |    33.8759 |
|        1 |        220 |          1016.00 |      1016.00 |      1050.40 |                 10.17 |                    5.00 |    867 |    33.9350 |
|        1 |        221 |          1016.00 |      1016.00 |      1067.00 |                  5.79 |                    5.00 |    867 |    33.9873 |
|        1 |        222 |          1016.00 |      1016.00 |      1066.18 |                  6.77 |                    5.00 |    867 |    34.0530 |
|        1 |        223 |          1016.00 |      1016.00 |      1066.20 |                  5.00 |                    5.00 |    869 |    34.1262 |
|        1 |        224 |          1016.00 |      1016.00 |      1060.55 |                 19.54 |                    5.00 |    871 |    34.2680 |
|        1 |        225 |          1016.00 |      1016.00 |      1064.10 |                  9.01 |                    5.00 |    875 |    34.3512 |
|        1 |        226 |          1016.00 |      1016.00 |      1064.10 |                  5.13 |                    5.00 |    875 |    34.4091 |
|        1 |        227 |          1016.00 |      1016.00 |      1064.10 |                  7.22 |                    5.00 |    875 |    34.4740 |
|        1 |        228 |          1016.00 |      1016.00 |      1065.50 |                  5.00 |                    5.00 |    881 |    34.5845 |
|        1 |        229 |          1016.00 |      1016.00 |      1054.30 |                  5.69 |                    5.00 |    883 |    34.6619 |
|        1 |        230 |          1016.00 |      1016.00 |      1036.50 |                  5.47 |                    5.00 |    885 |    34.7581 |
|        1 |        231 |          1016.00 |      1016.00 |      1041.06 |                  5.04 |                    5.00 |    887 |    34.8827 |
|        1 |        232 |          1016.00 |      1016.00 |      1041.06 |                  5.62 |                    7.00 |    887 |    34.9511 |
|        1 |        233 |          1016.00 |      1016.00 |      1046.57 |                  5.00 |                    7.24 |    893 |    35.0467 |
|        1 |        234 |          1016.00 |      1016.00 |      1047.85 |                  7.90 |                    5.00 |    895 |    35.1030 |
|        1 |        235 |          1016.00 |      1016.00 |      1049.15 |                  7.34 |                    5.00 |    896 |    35.1629 |
|        1 |        236 |          1016.00 |      1016.00 |      1057.96 |                  7.17 |                    5.00 |    897 |    35.2180 |
|        1 |        237 |          1016.00 |      1016.00 |      1056.03 |                  5.40 |                    5.00 |    897 |    35.2754 |
|        1 |        238 |          1016.00 |      1016.00 |      1050.90 |                  5.26 |                    5.00 |    901 |    35.3843 |
|        1 |        239 |          1016.00 |      1016.00 |      1050.90 |                  5.00 |                    5.00 |    901 |    35.4501 |
|        1 |        240 |          1016.00 |      1016.00 |      1048.40 |                  5.00 |                    5.00 |    902 |    35.5112 |
|        1 |        241 |          1016.00 |      1016.00 |      1038.60 |                  5.00 |                    5.00 |    904 |    35.5990 |
|        1 |        242 |          1016.00 |      1016.00 |      1038.60 |                  5.00 |                    5.00 |    905 |    35.6632 |
|        1 |        243 |          1016.00 |      1016.00 |      1038.60 |                  5.00 |                    5.00 |    905 |    35.7258 |
|        1 |        244 |          1016.00 |      1016.00 |      1041.70 |                  5.00 |                    5.00 |    909 |    35.7944 |
|        1 |        245 |          1016.00 |      1016.00 |      1041.70 |                  5.00 |                    5.00 |    909 |    35.8536 |
|        1 |        246 |          1016.00 |      1016.00 |      1038.30 |                  5.00 |                    5.00 |    910 |    35.9145 |
|        1 |        247 |          1016.00 |      1016.00 |      1070.60 |                  5.00 |                    5.00 |    916 |    36.0125 |
|        1 |        248 |          1016.00 |      1016.00 |      1038.90 |                  5.00 |                    5.00 |    921 |    36.1242 |
|        1 |        249 |          1016.00 |      1016.00 |      1038.90 |                  5.00 |                    5.47 |    921 |    36.1970 |
|        1 |        250 |          1016.00 |      1016.00 |      1034.50 |                  5.00 |                    5.00 |    924 |    36.2699 |
|        1 |        251 |          1016.00 |      1016.00 |      1035.30 |                  5.00 |                    5.00 |    925 |    36.3539 |
|        1 |        252 |          1016.00 |      1016.00 |      1035.30 |                  5.00 |                    5.00 |    925 |    36.4113 |
|        1 |        253 |          1016.00 |      1016.00 |      1035.30 |                  5.75 |                    5.00 |    925 |    36.4604 |
|        1 |        254 |          1016.00 |      1016.00 |      1027.20 |                  5.00 |                    5.00 |    925 |    36.5522 |
|        1 |        255 |          1016.00 |      1016.00 |      1023.50 |                  5.00 |                    5.00 |    925 |    36.6623 |
|        1 |        256 |          1016.00 |      1016.00 |      1023.50 |                  5.00 |                    5.00 |    925 |    36.7249 |
|        1 |        257 |          1016.00 |      1016.00 |      1045.00 |                  9.07 |                    5.00 |    926 |    36.7991 |
|        1 |        258 |          1016.00 |      1016.00 |      1049.53 |                 12.96 |                    5.00 |    926 |    36.8624 |
|        1 |        259 |          1016.00 |      1016.00 |      1025.10 |                  5.00 |                    5.00 |    926 |    36.9597 |
|        1 |        260 |          1016.00 |      1016.00 |      1023.50 |                  5.35 |                    5.00 |    926 |    37.0404 |
|        1 |        261 |          1016.00 |      1016.00 |      1023.50 |                  5.00 |                    5.00 |    926 |    37.0954 |
|        1 |        262 |          1016.00 |      1016.00 |      1032.00 |                  5.00 |                    6.21 |    928 |    37.1558 |
|        1 |        263 |          1016.00 |      1016.00 |      1032.61 |                  5.00 |                    5.12 |    928 |    37.2161 |
|        1 |        264 |          1016.00 |      1016.00 |      1067.60 |                  5.00 |                    5.00 |    930 |    37.2939 |
|        1 |        265 |          1016.00 |      1016.00 |      1024.50 |                  5.00 |                    5.00 |    933 |    37.4017 |
|        1 |        266 |          1016.00 |      1016.00 |      1024.50 |                  6.41 |                    5.00 |    933 |    37.4684 |
|        1 |        267 |          1016.00 |      1016.00 |      1024.60 |                  5.00 |                    5.00 |    933 |    37.5510 |
|        1 |        268 |          1016.00 |      1016.00 |      1037.10 |                  5.00 |                    5.00 |    937 |    37.6200 |
|        1 |        269 |          1016.00 |      1016.00 |      1037.10 |                  5.00 |                    5.00 |    937 |    37.6714 |
|        1 |        270 |          1016.00 |      1016.00 |      1048.00 |                  6.87 |                    5.98 |    941 |    37.8092 |
|        1 |        271 |          1016.00 |      1016.00 |      1045.90 |                  5.00 |                    5.00 |    944 |    37.8840 |
|        1 |        272 |          1016.00 |      1016.00 |      1045.90 |                  5.00 |                    5.00 |    944 |    37.9280 |
|        1 |        273 |          1016.00 |      1016.00 |      1045.90 |                  5.00 |                    5.00 |    944 |    38.0188 |
|        1 |        274 |          1016.00 |      1016.00 |      1045.90 |                  5.00 |                    5.00 |    944 |    38.0654 |
|        1 |        275 |          1016.00 |      1016.00 |      1072.90 |                  5.23 |                    5.00 |    946 |    38.1728 |
|        1 |        276 |          1016.00 |      1016.00 |      1056.34 |                  5.81 |                    5.00 |    948 |    38.2674 |
|        1 |        277 |          1016.00 |      1016.00 |      1056.49 |                  8.47 |                    5.00 |    948 |    38.3224 |
|        1 |        278 |          1016.00 |      1016.00 |      1056.60 |                  5.00 |                    5.00 |    949 |    38.3765 |
|        1 |        279 |          1016.00 |      1016.00 |      1060.65 |                  6.35 |                    5.00 |    950 |    38.4444 |
|        1 |        280 |          1016.00 |      1016.00 |      1070.10 |                  5.00 |                    5.00 |    953 |    38.5282 |
|        1 |        281 |          1016.00 |      1016.00 |      1068.30 |                  5.00 |                    5.00 |    956 |    38.6537 |
|        1 |        282 |          1016.00 |      1016.00 |      1073.00 |                 10.24 |                    5.00 |    958 |    38.7383 |
|        1 |        283 |          1016.00 |      1016.00 |      1046.70 |                  5.00 |                    5.00 |    959 |    38.9573 |
|        1 |        284 |          1016.00 |      1016.00 |      1042.71 |                  5.00 |                    5.00 |    961 |    39.0931 |
|        1 |        285 |          1016.00 |      1016.00 |      1030.17 |                 12.71 |                    5.00 |    963 |    39.2313 |
|        1 |        286 |          1016.00 |      1016.00 |      1036.58 |                  7.83 |                    5.00 |    965 |    39.3150 |
|        1 |        287 |          1016.00 |      1016.00 |      1031.25 |                 12.62 |                    5.00 |    965 |    39.3620 |
|        1 |        288 |          1016.00 |      1016.00 |      1038.24 |                 10.16 |                    5.00 |    967 |    39.4862 |
|        1 |        289 |          1016.00 |      1016.00 |      1033.42 |                  9.83 |                    5.00 |    967 |    39.5462 |
|        1 |        290 |          1016.00 |      1016.00 |      1055.38 |                  6.83 |                    8.39 |    967 |    39.6275 |
|        1 |        291 |          1016.00 |      1016.00 |      1045.29 |                  9.82 |                    5.00 |    971 |    39.7742 |
|        1 |        292 |          1016.00 |      1016.00 |      1039.20 |                  5.58 |                    5.00 |    974 |    39.8602 |
|        1 |        293 |          1016.00 |      1016.00 |      1040.30 |                  5.00 |                    5.00 |    976 |    39.9513 |
------------------------------------------------------------------------------------------------------------------------------------------------
|  Restart |  Iteration |  Best Feas. Cost |    Best Cost |   Curr. Cost |   Penalty Custom Res. |   Penalty Standard Res. |   Pool |   Time (s) |
------------------------------------------------------------------------------------------------------------------------------------------------
|        1 |        294 |          1016.00 |      1016.00 |      1044.10 |                  7.67 |                    5.00 |    976 |    40.0267 |
|        1 |        295 |          1016.00 |      1016.00 |      1061.00 |                  5.00 |                    5.00 |    978 |    40.0856 |
|        1 |        296 |          1016.00 |      1016.00 |      1052.80 |                  5.26 |                    5.00 |    983 |    40.2028 |
|        1 |        297 |          1016.00 |      1016.00 |      1045.76 |                  5.26 |                    5.00 |    985 |    40.2802 |
|        1 |        298 |          1016.00 |      1016.00 |      1042.49 |                  5.58 |                    5.00 |    989 |    40.3492 |
|        1 |        299 |          1016.00 |      1016.00 |      1042.80 |                  5.00 |                    5.00 |    990 |    40.4095 |
|        1 |        300 |          1016.00 |      1016.00 |      1026.31 |                  5.52 |                    5.00 |    993 |    40.5447 |
|        1 |        301 |          1016.00 |      1016.00 |      1027.01 |                 12.12 |                    5.31 |    995 |    40.6332 |
|        1 |        302 |          1016.00 |      1016.00 |      1042.10 |                  5.00 |                    5.00 |    999 |    40.7665 |
|        1 |        303 |          1016.00 |      1016.00 |      1031.90 |                  6.15 |                    5.00 |   1001 |    40.9301 |
|        1 |        304 |          1016.00 |      1016.00 |      1029.58 |                  5.00 |                    9.64 |   1001 |    41.0012 |
|        1 |        305 |          1016.00 |      1016.00 |      1034.83 |                  5.43 |                    8.40 |   1004 |    41.1308 |
|        1 |        306 |          1016.00 |      1016.00 |      1033.71 |                  5.26 |                   16.85 |   1004 |    41.2044 |
|        1 |        307 |          1016.00 |      1016.00 |      1039.99 |                  8.73 |                    8.08 |   1006 |    41.2930 |
|        1 |        308 |          1016.00 |      1016.00 |      1036.06 |                  5.77 |                   11.19 |   1007 |    41.3672 |
|        1 |        309 |          1016.00 |      1016.00 |      1069.51 |                  5.00 |                   12.83 |   1011 |    41.4500 |
|        1 |        310 |          1016.00 |      1016.00 |      1031.80 |                  5.00 |                    5.92 |   1015 |    41.5845 |
|        1 |        311 |          1016.00 |      1016.00 |      1028.90 |                  9.17 |                    5.86 |   1018 |    41.6679 |
|        1 |        312 |          1016.00 |      1016.00 |      1048.50 |                  5.00 |                    5.00 |   1021 |    41.8068 |
|        1 |        313 |          1016.00 |      1016.00 |      1066.29 |                  5.45 |                    5.00 |   1026 |    41.8824 |
|        1 |        314 |          1016.00 |      1016.00 |      1044.90 |                  6.35 |                    5.00 |   1028 |    41.9984 |
|        1 |        315 |          1016.00 |      1016.00 |      1038.30 |                  5.00 |                    7.52 |   1033 |    42.1252 |
|        1 |        316 |          1016.00 |      1016.00 |      1036.90 |                  5.00 |                   13.37 |   1034 |    42.2012 |
|        1 |        317 |          1016.00 |      1016.00 |      1034.80 |                  5.00 |                    6.22 |   1035 |    42.2955 |
|        1 |        318 |          1016.00 |      1016.00 |      1034.80 |                  5.30 |                    5.00 |   1035 |    42.3576 |
|        1 |        319 |          1016.00 |      1016.00 |      1038.60 |                  5.00 |                    5.00 |   1036 |    42.4583 |
|        1 |        320 |          1016.00 |      1016.00 |      1030.00 |                  5.00 |                    8.99 |   1037 |    42.5657 |
|        1 |        321 |          1016.00 |      1016.00 |      1030.00 |                  5.00 |                    5.78 |   1037 |    42.6037 |
|        1 |        322 |          1016.00 |      1016.00 |      1030.00 |                  5.00 |                    6.61 |   1037 |    42.6661 |
|        1 |        323 |          1016.00 |      1016.00 |      1036.00 |                  5.00 |                    6.67 |   1037 |    42.7267 |
|        1 |        324 |          1016.00 |      1016.00 |      1040.04 |                  7.37 |                   15.85 |   1041 |    42.8030 |
|        1 |        325 |          1016.00 |      1016.00 |      1038.00 |                  5.00 |                    7.76 |   1042 |    42.8730 |
|        1 |        326 |          1016.00 |      1016.00 |      1035.80 |                  5.00 |                    5.00 |   1042 |    42.9258 |
|        1 |        327 |          1016.00 |      1016.00 |      1035.80 |                  5.00 |                    5.00 |   1042 |    43.0000 |
|        1 |        328 |          1016.00 |      1016.00 |      1046.78 |                 11.65 |                    5.00 |   1044 |    43.1230 |
|        1 |        329 |          1016.00 |      1016.00 |      1059.43 |                 20.73 |                    5.92 |   1044 |    43.1871 |
|        1 |        330 |          1016.00 |      1016.00 |      1073.40 |                 16.57 |                    5.00 |   1047 |    43.2612 |
|        1 |        331 |          1016.00 |      1016.00 |      1066.40 |                  6.57 |                    7.75 |   1049 |    43.3461 |
|        1 |        332 |          1016.00 |      1016.00 |      1042.60 |                  5.00 |                    5.00 |   1053 |    43.4763 |
|        1 |        333 |          1016.00 |      1016.00 |      1042.60 |                  5.41 |                    5.00 |   1053 |    43.5594 |
|        1 |        334 |          1016.00 |      1016.00 |      1031.30 |                  5.00 |                    5.00 |   1053 |    43.6726 |
|        1 |        335 |          1016.00 |      1016.00 |      1036.18 |                  8.89 |                    8.14 |   1055 |    43.7536 |
|        1 |        336 |          1016.00 |      1016.00 |      1040.10 |                 17.66 |                   12.23 |   1055 |    43.8104 |
|        1 |        337 |          1016.00 |      1016.00 |      1067.73 |                  6.58 |                    7.82 |   1060 |    43.9302 |
|        1 |        338 |          1016.00 |      1016.00 |      1048.49 |                  8.08 |                    8.35 |   1062 |    44.0139 |
|        1 |        339 |          1016.00 |      1016.00 |      1048.46 |                  7.04 |                    9.81 |   1065 |    44.1600 |
|        1 |        340 |          1016.00 |      1016.00 |      1035.13 |                 11.12 |                    5.26 |   1065 |    44.2233 |
|        1 |        341 |          1016.00 |      1016.00 |      1030.60 |                  5.42 |                    8.56 |   1065 |    44.3657 |
|        1 |        342 |          1016.00 |      1016.00 |      1030.57 |                  5.00 |                    6.29 |   1065 |    44.4389 |
|        1 |        343 |          1016.00 |      1016.00 |      1030.35 |                  5.73 |                    5.00 |   1065 |    44.5185 |
|        1 |        344 |          1016.00 |      1016.00 |      1030.33 |                  5.00 |                    5.00 |   1065 |    44.5998 |
|        1 |        345 |          1016.00 |      1016.00 |      1065.10 |                  5.92 |                    5.00 |   1066 |    44.7896 |
|        1 |        346 |          1016.00 |      1016.00 |      1061.80 |                  5.00 |                    5.41 |   1068 |    44.9691 |
|        1 |        347 |          1016.00 |      1016.00 |      1032.31 |                 11.65 |                    5.00 |   1068 |    45.0935 |
|        1 |        348 |          1016.00 |      1016.00 |      1044.22 |                  8.58 |                    6.59 |   1069 |    45.2012 |
|        1 |        349 |          1016.00 |      1016.00 |      1021.00 |                 14.64 |                    5.68 |   1071 |    45.3194 |
|        1 |        350 |          1016.00 |      1016.00 |      1040.39 |                 10.37 |                    5.00 |   1071 |    45.3943 |
|        1 |        351 |          1016.00 |      1016.00 |      1062.10 |                  7.14 |                    5.00 |   1075 |    45.4735 |
|        1 |        352 |          1016.00 |      1016.00 |      1061.66 |                  7.04 |                    5.00 |   1077 |    45.5581 |
|        1 |        353 |          1016.00 |      1016.00 |      1061.70 |                  5.00 |                    5.00 |   1077 |    45.6113 |
|        1 |        354 |          1016.00 |      1016.00 |      1060.09 |                  5.00 |                    6.54 |   1079 |    45.7219 |
|        1 |        355 |          1016.00 |      1016.00 |      1044.15 |                  7.00 |                    5.00 |   1081 |    45.7968 |
|        1 |        356 |          1016.00 |      1016.00 |      1050.60 |                  7.63 |                    5.00 |   1081 |    45.8630 |
|        1 |        357 |          1016.00 |      1016.00 |      1053.19 |                  7.59 |                    5.00 |   1084 |    45.9593 |
|        1 |        358 |          1016.00 |      1016.00 |      1073.15 |                  8.45 |                    7.98 |   1086 |    46.0082 |
|        1 |        359 |          1016.00 |      1016.00 |      1074.82 |                  8.50 |                   12.72 |   1086 |    46.0795 |
|        1 |        360 |          1016.00 |      1016.00 |      1067.29 |                  8.97 |                    7.82 |   1087 |    46.2042 |
|        1 |        361 |          1016.00 |      1016.00 |      1084.40 |                  5.93 |                    5.00 |   1094 |    46.2842 |
|        1 |        362 |          1016.00 |      1016.00 |      1093.30 |                  9.74 |                    5.00 |   1096 |    46.3533 |
|        1 |        363 |          1016.00 |      1016.00 |      1091.40 |                  5.00 |                    5.00 |   1100 |    46.4386 |
|        1 |        364 |          1016.00 |      1016.00 |      1084.35 |                  5.91 |                    5.00 |   1103 |    46.5274 |
|        1 |        365 |          1016.00 |      1016.00 |      1052.30 |                  5.00 |                    5.00 |   1108 |    46.6347 |
|        1 |        366 |          1016.00 |      1016.00 |      1049.60 |                  5.80 |                    5.00 |   1110 |    46.7682 |
|        1 |        367 |          1016.00 |      1016.00 |      1046.51 |                 12.97 |                    5.00 |   1114 |    46.8901 |
|        1 |        368 |          1016.00 |      1016.00 |      1052.32 |                  5.97 |                    5.00 |   1117 |    46.9840 |
|        1 |        369 |          1016.00 |      1016.00 |      1041.70 |                  5.65 |                    5.00 |   1120 |    47.0937 |
|        1 |        370 |          1016.00 |      1016.00 |      1034.80 |                  5.36 |                    5.00 |   1122 |    47.2623 |
|        1 |        371 |          1016.00 |      1016.00 |      1031.70 |                  5.00 |                    5.00 |   1123 |    47.3736 |
|        1 |        372 |          1016.00 |      1016.00 |      1024.32 |                  9.55 |                    5.00 |   1124 |    47.4839 |
|        1 |        373 |          1016.00 |      1016.00 |      1028.44 |                  8.61 |                    5.00 |   1124 |    47.5399 |
|        1 |        374 |          1016.00 |      1016.00 |      1027.76 |                 10.28 |                    5.00 |   1124 |    47.5955 |
|        1 |        375 |          1016.00 |      1016.00 |      1029.39 |                 17.95 |                    5.00 |   1124 |    47.6519 |
|        1 |        376 |          1016.00 |      1016.00 |      1064.92 |                 15.87 |                    5.00 |   1124 |    47.7075 |
|        1 |        377 |          1016.00 |      1016.00 |      1043.64 |                 10.59 |                    5.00 |   1126 |    47.7930 |
|        1 |        378 |          1016.00 |      1016.00 |      1035.70 |                 26.45 |                    5.00 |   1127 |    47.8776 |
|        1 |        379 |          1016.00 |      1016.00 |      1049.03 |                 14.03 |                    5.00 |   1127 |    47.9521 |
|        1 |        380 |          1016.00 |      1016.00 |      1050.24 |                 11.33 |                    5.00 |   1128 |    48.0208 |
|        1 |        381 |          1016.00 |      1016.00 |      1058.09 |                  6.97 |                    5.00 |   1131 |    48.1262 |
|        1 |        382 |          1016.00 |      1016.00 |      1041.89 |                 12.76 |                    5.00 |   1131 |    48.2226 |
|        1 |        383 |          1016.00 |      1016.00 |      1064.30 |                  6.57 |                    5.00 |   1131 |    48.2824 |
|        1 |        384 |          1016.00 |      1016.00 |      1060.90 |                  5.41 |                    7.08 |   1133 |    48.3457 |
|        1 |        385 |          1016.00 |      1016.00 |      1052.21 |                  5.18 |                    5.00 |   1136 |    48.4549 |
|        1 |        386 |          1016.00 |      1016.00 |      1049.45 |                  8.51 |                    5.00 |   1136 |    48.5256 |
|        1 |        387 |          1016.00 |      1016.00 |      1062.46 |                  5.41 |                    5.00 |   1136 |    48.5999 |
|        1 |        388 |          1016.00 |      1016.00 |      1076.20 |                  5.57 |                    5.00 |   1138 |    48.6610 |
|        1 |        389 |          1016.00 |      1016.00 |      1073.90 |                  5.26 |                    5.26 |   1139 |    48.7291 |
|        1 |        390 |          1016.00 |      1016.00 |      1067.10 |                  5.00 |                    5.00 |   1140 |    48.7928 |
|        1 |        391 |          1016.00 |      1016.00 |      1065.20 |                  5.00 |                    5.00 |   1141 |    48.8820 |
|        1 |        392 |          1016.00 |      1016.00 |      1040.46 |                  9.15 |                   11.31 |   1143 |    48.9789 |
|        1 |        393 |          1016.00 |      1016.00 |      1050.49 |                 13.17 |                    5.00 |   1145 |    49.0805 |
|        1 |        394 |          1016.00 |      1016.00 |      1053.51 |                  8.62 |                    5.00 |   1145 |    49.1483 |
|        1 |        395 |          1016.00 |      1016.00 |      1047.97 |                  8.93 |                    5.00 |   1145 |    49.2230 |
|        1 |        396 |          1016.00 |      1016.00 |      1046.75 |                 23.68 |                    5.74 |   1146 |    49.3124 |
|        1 |        397 |          1016.00 |      1016.00 |      1064.95 |                 40.93 |                    5.00 |   1146 |    49.3567 |
|        1 |        398 |          1016.00 |      1016.00 |      1037.60 |                  5.05 |                    5.00 |   1149 |    49.5911 |
|        1 |        399 |          1016.00 |      1016.00 |      1032.90 |                  5.00 |                    5.00 |   1150 |    49.6574 |
|        1 |        400 |          1016.00 |      1016.00 |      1032.90 |                  5.26 |                    5.00 |   1150 |    49.7092 |
|        1 |        401 |          1016.00 |      1016.00 |      1027.60 |                  5.00 |                    5.00 |   1152 |    49.7921 |
|        1 |        402 |          1016.00 |      1016.00 |      1038.90 |                  7.15 |                    5.00 |   1154 |    49.8415 |
|        1 |        403 |          1016.00 |      1016.00 |      1026.60 |                  5.00 |                    5.00 |   1155 |    49.9498 |
|        1 |        404 |          1016.00 |      1016.00 |      1025.12 |                  7.75 |                    5.00 |   1156 |    50.2137 |
|        1 |        405 |          1016.00 |      1016.00 |      1024.63 |                  5.30 |                    5.00 |   1159 |    50.3479 |
|        1 |        406 |          1016.00 |      1016.00 |      1024.80 |                  6.74 |                    5.00 |   1160 |    50.4151 |
|        1 |        407 |          1016.00 |      1016.00 |      1024.80 |                  5.66 |                    5.00 |   1160 |    50.4854 |
|        1 |        408 |          1016.00 |      1016.00 |      1030.30 |                  5.63 |                    5.00 |   1160 |    50.6183 |
|        1 |        409 |          1016.00 |      1016.00 |      1029.00 |                  5.00 |                    6.29 |   1161 |    50.7030 |
|        1 |        410 |          1016.00 |      1016.00 |      1023.70 |                  6.29 |                    5.00 |   1161 |    50.7569 |
|        1 |        411 |          1016.00 |      1016.00 |      1023.70 |                  6.07 |                    5.00 |   1161 |    50.8375 |
|        1 |        412 |          1016.00 |      1016.00 |      1026.10 |                  5.00 |                    5.00 |   1161 |    50.9169 |
|        1 |        413 |          1016.00 |      1016.00 |      1042.30 |                  5.00 |                    5.00 |   1164 |    51.0105 |
|        1 |        414 |          1016.00 |      1016.00 |      1034.20 |                  5.40 |                    5.00 |   1168 |    51.1058 |
|        1 |        415 |          1016.00 |      1016.00 |      1034.90 |                  5.00 |                    5.00 |   1169 |    51.1680 |
|        1 |        416 |          1016.00 |      1016.00 |      1039.50 |                  8.64 |                    5.00 |   1174 |    51.2687 |
|        1 |        417 |          1016.00 |      1016.00 |      1036.60 |                  5.00 |                    5.00 |   1176 |    51.3443 |
|        1 |        418 |          1016.00 |      1016.00 |      1031.40 |                  5.00 |                    5.00 |   1176 |    51.4657 |
|        1 |        419 |          1016.00 |      1016.00 |      1031.40 |                  5.00 |                    5.00 |   1176 |    51.5129 |
|        1 |        420 |          1016.00 |      1016.00 |      1029.40 |                  5.00 |                    5.00 |   1176 |    51.5565 |
|        1 |        421 |          1016.00 |      1016.00 |      1030.80 |                  5.00 |                    5.00 |   1178 |    51.6261 |
|        1 |        422 |          1016.00 |      1016.00 |      1026.40 |                  6.16 |                    5.00 |   1179 |    51.7839 |
|        1 |        423 |          1016.00 |      1016.00 |      1037.81 |                 11.77 |                    5.00 |   1181 |    51.8351 |
|        1 |        424 |          1016.00 |      1016.00 |      1049.76 |                 24.33 |                    5.00 |   1181 |    51.8919 |
|        1 |        425 |          1016.00 |      1016.00 |      1066.40 |                 11.89 |                    5.00 |   1185 |    51.9885 |
|        1 |        426 |          1016.00 |      1016.00 |      1071.10 |                  6.55 |                    5.00 |   1189 |    52.0997 |
|        1 |        427 |          1016.00 |      1016.00 |      1037.00 |                  5.00 |                    5.00 |   1191 |    52.1735 |
|        1 |        428 |          1016.00 |      1016.00 |      1037.00 |                  7.36 |                    5.00 |   1191 |    52.2358 |
|        1 |        429 |          1016.00 |      1016.00 |      1030.90 |                  5.00 |                    5.00 |   1192 |    52.3986 |
|        1 |        430 |          1016.00 |      1016.00 |      1032.90 |                  5.00 |                    5.00 |   1193 |    52.4651 |
|        1 |        431 |          1016.00 |      1016.00 |      1033.50 |                  5.00 |                    5.00 |   1193 |    52.5452 |
|        1 |        432 |          1016.00 |      1016.00 |      1031.50 |                  5.00 |                    5.00 |   1193 |    52.6115 |
|        1 |        433 |          1016.00 |      1016.00 |      1031.50 |                  5.00 |                    5.00 |   1193 |    52.6581 |
|        1 |        434 |          1016.00 |      1016.00 |      1031.50 |                  5.00 |                    5.00 |   1193 |    52.7250 |
|        1 |        435 |          1016.00 |      1016.00 |      1031.50 |                  5.52 |                    5.00 |   1193 |    52.7840 |
|        1 |        436 |          1016.00 |      1016.00 |      1031.50 |                  5.00 |                    5.00 |   1193 |    52.8416 |
|        1 |        437 |          1016.00 |      1016.00 |      1042.11 |                  6.86 |                    5.00 |   1193 |    52.9050 |
|        1 |        438 |          1016.00 |      1016.00 |      1043.70 |                  5.38 |                    5.00 |   1193 |    52.9689 |
|        1 |        439 |          1016.00 |      1016.00 |      1065.30 |                  5.26 |                    5.00 |   1194 |    53.0419 |
|        1 |        440 |          1016.00 |      1016.00 |      1065.30 |                  5.00 |                    5.00 |   1194 |    53.1034 |
|        1 |        441 |          1016.00 |      1016.00 |      1030.60 |                  7.15 |                    5.00 |   1194 |    53.1838 |
|        1 |        442 |          1016.00 |      1016.00 |      1030.60 |                  5.00 |                    5.00 |   1194 |    53.2224 |
|        1 |        443 |          1016.00 |      1016.00 |      1030.60 |                  5.04 |                    5.00 |   1194 |    53.2842 |
|        1 |        444 |          1016.00 |      1016.00 |      1030.70 |                  5.00 |                    5.00 |   1195 |    53.3901 |
|        1 |        445 |          1016.00 |      1016.00 |      1034.50 |                  7.37 |                    5.00 |   1196 |    53.4546 |
|        1 |        446 |          1016.00 |      1016.00 |      1031.10 |                  5.00 |                    5.00 |   1197 |    53.5275 |
|        1 |        447 |          1016.00 |      1016.00 |      1031.76 |                  5.00 |                    5.00 |   1197 |    53.5954 |
|        1 |        448 |          1016.00 |      1016.00 |      1055.75 |                  5.00 |                    8.14 |   1199 |    53.6567 |
|        1 |        449 |          1016.00 |      1016.00 |      1054.10 |                  5.00 |                    5.00 |   1200 |    53.7312 |
|        1 |        450 |          1016.00 |      1016.00 |      1033.80 |                 11.19 |                    5.00 |   1202 |    53.8306 |
|        1 |        451 |          1016.00 |      1016.00 |      1035.60 |                  5.59 |                    6.61 |   1202 |    53.9233 |
|        1 |        452 |          1016.00 |      1016.00 |      1035.60 |                  5.20 |                    5.00 |   1202 |    53.9838 |
|        1 |        453 |          1016.00 |      1016.00 |      1048.30 |                  5.00 |                    5.00 |   1205 |    54.0376 |
|        1 |        454 |          1016.00 |      1016.00 |      1050.40 |                  5.00 |                    5.00 |   1207 |    54.1047 |
|        1 |        455 |          1016.00 |      1016.00 |      1046.40 |                  8.64 |                    5.00 |   1210 |    54.1978 |
|        1 |        456 |          1016.00 |      1016.00 |      1035.90 |                  5.00 |                    6.70 |   1212 |    54.3150 |
|        1 |        457 |          1016.00 |      1016.00 |      1042.60 |                  5.75 |                    5.00 |   1212 |    54.3898 |
|        1 |        458 |          1016.00 |      1016.00 |      1041.52 |                  5.00 |                    5.00 |   1215 |    54.5538 |
|        1 |        459 |          1016.00 |      1016.00 |      1046.55 |                  5.00 |                    5.75 |   1218 |    54.6476 |
|        1 |        460 |          1016.00 |      1016.00 |      1044.47 |                  5.00 |                    6.46 |   1222 |    54.7499 |
|        1 |        461 |          1016.00 |      1016.00 |      1038.54 |                  5.00 |                   11.38 |   1225 |    54.8066 |
|        1 |        462 |          1016.00 |      1016.00 |      1049.63 |                 10.44 |                   12.04 |   1227 |    54.8761 |
|        1 |        463 |          1016.00 |      1016.00 |      1053.60 |                 13.71 |                    5.16 |   1231 |    55.0083 |
|        1 |        464 |          1016.00 |      1016.00 |      1036.50 |                  5.63 |                    5.00 |   1233 |    55.1407 |
|        1 |        465 |          1016.00 |      1016.00 |      1034.50 |                  5.00 |                    5.00 |   1236 |    55.2368 |
|        1 |        466 |          1016.00 |      1016.00 |      1029.90 |                  5.00 |                    5.00 |   1238 |    55.3167 |
|        1 |        467 |          1016.00 |      1016.00 |      1027.70 |                  6.15 |                    5.00 |   1238 |    55.3815 |
|        1 |        468 |          1016.00 |      1016.00 |      1027.70 |                  5.26 |                    5.00 |   1238 |    55.4346 |
|        1 |        469 |          1016.00 |      1016.00 |      1031.10 |                  5.00 |                    5.00 |   1238 |    55.5087 |
|        1 |        470 |          1016.00 |      1016.00 |      1039.20 |                  5.80 |                    5.35 |   1239 |    55.5814 |
|        1 |        471 |          1016.00 |      1016.00 |      1038.62 |                  5.00 |                   11.31 |   1241 |    55.6675 |
|        1 |        472 |          1016.00 |      1016.00 |      1047.50 |                  5.00 |                    8.27 |   1242 |    55.7181 |
|        1 |        473 |          1016.00 |      1016.00 |      1046.25 |                  5.00 |                   14.28 |   1242 |    55.7788 |
|        1 |        474 |          1016.00 |      1016.00 |      1048.21 |                  5.00 |                   10.03 |   1244 |    55.8536 |
|        1 |        475 |          1016.00 |      1016.00 |      1034.00 |                  5.00 |                    5.00 |   1247 |    55.9294 |
|        1 |        476 |          1016.00 |      1016.00 |      1032.16 |                  5.00 |                    5.00 |   1250 |    56.0259 |
|        1 |        477 |          1016.00 |      1016.00 |      1036.13 |                  5.90 |                   13.66 |   1253 |    56.1248 |
|        1 |        478 |          1016.00 |      1016.00 |      1038.93 |                  5.00 |                   14.32 |   1253 |    56.1750 |
|        1 |        479 |          1016.00 |      1016.00 |      1062.22 |                  8.98 |                    9.09 |   1257 |    56.2496 |
|        1 |        480 |          1016.00 |      1016.00 |      1052.57 |                  9.50 |                    6.84 |   1263 |    56.3262 |
|        1 |        481 |          1016.00 |      1016.00 |      1048.62 |                  8.99 |                    5.52 |   1264 |    56.4074 |
|        1 |        482 |          1016.00 |      1016.00 |      1054.36 |                  8.43 |                    6.29 |   1270 |    56.4976 |
|        1 |        483 |          1016.00 |      1016.00 |      1088.28 |                  9.86 |                    5.00 |   1275 |    56.5543 |
|        1 |        484 |          1016.00 |      1016.00 |      1090.16 |                  9.63 |                    5.00 |   1276 |    56.6196 |
|        1 |        485 |          1016.00 |      1016.00 |      1069.30 |                  5.00 |                    5.00 |   1280 |    56.8572 |
|        1 |        486 |          1016.00 |      1016.00 |      1047.20 |                  5.00 |                    5.00 |   1283 |    56.9560 |
|        1 |        487 |          1016.00 |      1016.00 |      1060.60 |                  5.63 |                    5.00 |   1287 |    57.0353 |
|        1 |        488 |          1016.00 |      1016.00 |      1059.20 |                  5.00 |                    5.00 |   1291 |    57.1164 |
|        1 |        489 |          1016.00 |      1016.00 |      1059.20 |                  5.00 |                    5.00 |   1291 |    57.1767 |
|        1 |        490 |          1016.00 |      1016.00 |      1055.97 |                  8.62 |                    9.84 |   1295 |    57.2808 |
|        1 |        491 |          1016.00 |      1016.00 |      1055.30 |                  6.04 |                    8.59 |   1297 |    57.3799 |
|        1 |        492 |          1016.00 |      1016.00 |      1038.30 |                  5.00 |                    5.00 |   1297 |    57.4463 |
|        1 |        493 |          1016.00 |      1016.00 |      1033.90 |                  5.46 |                    5.00 |   1297 |    57.5228 |
|        1 |        494 |          1016.00 |      1016.00 |      1034.22 |                  5.00 |                    5.29 |   1297 |    57.5924 |
|        1 |        495 |          1016.00 |      1016.00 |      1046.98 |                  5.98 |                    5.70 |   1299 |    57.6661 |
|        1 |        496 |          1016.00 |      1016.00 |      1049.80 |                  6.92 |                   14.39 |   1300 |    57.7452 |
|        1 |        497 |          1016.00 |      1016.00 |      1042.60 |                  6.86 |                   14.56 |   1305 |    57.8895 |
|        1 |        498 |          1016.00 |      1016.00 |      1044.40 |                 10.81 |                    5.00 |   1311 |    57.9843 |
|        1 |        499 |          1016.00 |      1016.00 |      1044.40 |                  6.22 |                    5.00 |   1311 |    58.0300 |
|        1 |        500 |          1016.00 |      1016.00 |      1030.10 |                  5.00 |                    5.00 |   1314 |    58.1677 |
------------------------------------------------------------------------------------------------------------------------------------------------
Version identifier: 22.1.2.0 | 2024-11-26 | 0edbb82fd
CPXPARAM_MIP_Tolerances_UpperCutoff              1016.1000000000896
Tried aggregator 1 time.
MIP Presolve eliminated 5 rows and 178 columns.
MIP Presolve modified 519 coefficients.
Reduced MIP has 96 rows, 1136 columns, and 8834 nonzeros.
Reduced MIP has 1136 binaries, 0 generals, 0 SOSs, and 0 indicators.
Presolve time = 0.01 sec. (10.31 ticks)
Probing fixed 5 vars, tightened 0 bounds.
Probing time = 0.01 sec. (19.48 ticks)
Tried aggregator 1 time.
Detecting symmetries...
MIP Presolve eliminated 1 rows and 10 columns.
Reduced MIP has 95 rows, 1126 columns, and 8718 nonzeros.
Reduced MIP has 1126 binaries, 0 generals, 0 SOSs, and 0 indicators.
Presolve time = 0.00 sec. (6.78 ticks)
Probing time = 0.00 sec. (2.86 ticks)
Clique table members: 1343.
MIP emphasis: balance optimality and feasibility.
MIP search method: dynamic search.
Parallel mode: deterministic, using up to 8 threads.
Root relaxation solution time = 0.01 sec. (15.84 ticks)

        Nodes                                         Cuts/
   Node  Left     Objective  IInf  Best Integer    Best Bound    ItCnt     Gap

      0     0      992.5155    64                    992.5155      373         
      0     0     1000.2202    72                    Cuts: 29      521         
      0     0     1003.4860    85                    Cuts: 24      668         
      0     0     1004.4185   108                    Cuts: 22      761         
      0     0     1005.0099   111                    Cuts: 12      853         
      0     0     1005.5166   111                     Cuts: 5      929         
Detecting symmetries...
      0     0     1005.8968   108                    Cuts: 16     1007         
      0     0     1006.2746   121                     Cuts: 7     1104         
      0     0     1007.0717   122                    Cuts: 13     1254         
      0     0     1007.2221   127                     Cuts: 4     1334         
      0     0     1007.3239   127                     Cuts: 6     1375         
      0     0     1007.5202   115                    Cuts: 10     1455         
      0     0     1007.7468   124                     Cuts: 9     1533         
      0     0     1007.8166   134                  Cliques: 8     1604         
      0     0     1007.9855   128                     Cuts: 7     1665         
      0     0     1008.0202   130                  Cliques: 3     1693         
*     0+    0                         1015.1000     1008.0202             0.70%
*     0+    0                         1011.9000     1008.0202             0.38%
      0     0  -1.00000e+75     0     1011.9000     1008.0202     1693    0.38%
Detecting symmetries...

Repeating presolve.
Tried aggregator 1 time.
MIP Presolve eliminated 5 rows and 638 columns.
MIP Presolve modified 251 coefficients.
Reduced MIP has 90 rows, 488 columns, and 3893 nonzeros.
Reduced MIP has 488 binaries, 0 generals, 0 SOSs, and 0 indicators.
Presolve time = 0.01 sec. (5.82 ticks)
Probing fixed 65 vars, tightened 0 bounds.
Probing time = 0.01 sec. (4.61 ticks)
Cover probing fixed 3 vars, tightened 0 bounds.
Tried aggregator 1 time.
MIP Presolve eliminated 6 rows and 73 columns.
Reduced MIP has 84 rows, 415 columns, and 3098 nonzeros.
Reduced MIP has 415 binaries, 0 generals, 0 SOSs, and 0 indicators.
Presolve time = 0.00 sec. (2.45 ticks)
Probing fixed 17 vars, tightened 0 bounds.
Probing time = 0.00 sec. (3.39 ticks)
Cover probing fixed 1 vars, tightened 0 bounds.
Tried aggregator 1 time.
MIP Presolve eliminated 0 rows and 19 columns.
Reduced MIP has 84 rows, 396 columns, and 2955 nonzeros.
Reduced MIP has 396 binaries, 0 generals, 0 SOSs, and 0 indicators.
Presolve time = 0.00 sec. (2.01 ticks)
Probing fixed 2 vars, tightened 0 bounds.
Probing time = 0.00 sec. (3.10 ticks)
Tried aggregator 1 time.
Detecting symmetries...
MIP Presolve eliminated 0 rows and 2 columns.
Reduced MIP has 84 rows, 394 columns, and 2940 nonzeros.
Reduced MIP has 394 binaries, 0 generals, 0 SOSs, and 0 indicators.
Presolve time = 0.00 sec. (2.12 ticks)
Represolve time = 0.05 sec. (37.79 ticks)
Probing time = 0.00 sec. (3.04 ticks)
Clique table members: 532.
MIP emphasis: balance optimality and feasibility.
MIP search method: dynamic search.
Parallel mode: deterministic, using up to 8 threads.
Root relaxation solution time = 0.01 sec. (18.56 ticks)

        Nodes                                         Cuts/
   Node  Left     Objective  IInf  Best Integer    Best Bound    ItCnt     Gap

*     0+    0                         1011.9000     1008.0202             0.38%
      0     0     1008.3875   109     1011.9000     1008.3875     2071    0.35%
      0     0        cutoff           1011.9000     1011.9000     2149    0.00%
Elapsed time = 0.76 sec. (551.63 ticks, tree = 0.01 MB, solutions = 2)
objective_value(sp) = 1011.9
 62.391464 seconds (6.94 M allocations: 347.149 MiB, 0.11% gc time, 6.21% compilation time)
#1: 0 (0.0) {30.0} -> 52 (9.0) {41.3} [11.0, 133.0] -> 18 (21.0) {58.9} [47.0, 136.0] -> 82 (37.0) {77.5} [23.0, 146.0] -> 8 (46.0) {93.9} [50.0, 149.0] -> 46 (47.0) {113.3} [63.0, 180.0] -> 45 (63.0) {134.0} [29.0, 169.0] -> 83 (74.0) {152.0} [21.0, 157.0] -> 60 (77.0) {166.2} [70.0, 201.0] -> 89 (92.0) {185.2} [68.0, 211.0] -> 0 (92.0) {204.2} [0.0, 230.0]
#2: 0 (0.0) {30.0} -> 7 (5.0) {51.2} [36.0, 135.0] -> 19 (22.0) {72.3} [32.0, 146.0] -> 11 (34.0) {89.3} [33.0, 152.0] -> 64 (43.0) {112.3} [46.0, 165.0] -> 49 (73.0) {135.0} [73.0, 152.0] -> 36 (78.0) {153.9} [41.0, 178.0] -> 47 (105.0) {171.1} [34.0, 176.0] -> 48 (141.0) {187.5} [65.0, 192.0] -> 0 (141.0) {225.3} [0.0, 230.0]
#3: 0 (0.0) {27.0} -> 27 (16.0) {32.0} [5.0, 140.0] -> 31 (43.0) {54.6} [17.0, 138.0] -> 88 (52.0) {69.6} [21.0, 136.0] -> 62 (71.0) {85.9} [25.0, 154.0] -> 10 (87.0) {102.2} [85.0, 172.0] -> 63 (97.0) {121.6} [34.0, 172.0] -> 90 (100.0) {136.0} [46.0, 153.0] -> 32 (123.0) {150.4} [67.0, 186.0] -> 70 (128.0) {173.5} [48.0, 198.0] -> 1 (138.0) {191.5} [73.0, 204.0] -> 0 (138.0) {216.7} [0.0, 230.0]
#4: 0 (0.0) {30.0} -> 76 (13.0) {45.6} [27.0, 128.0] -> 79 (36.0) {65.6} [47.0, 146.0] -> 78 (39.0) {81.2} [42.0, 159.0] -> 34 (53.0) {96.2} [70.0, 173.0] -> 35 (61.0) {116.3} [54.0, 178.0] -> 71 (76.0) {133.0} [39.0, 148.0] -> 65 (96.0) {153.2} [49.0, 170.0] -> 66 (121.0) {176.8} [68.0, 179.0] -> 0 (121.0) {227.2} [0.0, 230.0]
#5: 0 (0.0) {31.0} -> 28 (16.0) {37.3} [6.0, 136.0] -> 12 (35.0) {56.5} [15.0, 133.0] -> 80 (41.0) {73.0} [73.0, 198.0] -> 68 (77.0) {85.0} [80.0, 198.0] -> 77 (91.0) {100.0} [72.0, 200.0] -> 29 (100.0) {121.0} [29.0, 150.0] -> 24 (103.0) {138.0} [58.0, 190.0] -> 25 (109.0) {163.0} [56.0, 186.0] -> 55 (111.0) {176.6} [69.0, 189.0] -> 54 (129.0) {195.0} [90.0, 197.0] -> 0 (129.0) {227.8} [0.0, 230.0]
#6: 0 (0.0) {28.0} -> 69 (6.0) {40.1} [12.0, 137.0] -> 30 (27.0) {63.4} [25.0, 132.0] -> 20 (36.0) {80.4} [79.0, 182.0] -> 51 (46.0) {98.4} [36.0, 149.0] -> 9 (62.0) {114.7} [47.0, 156.0] -> 81 (88.0) {130.7} [57.0, 140.0] -> 33 (99.0) {143.5} [24.0, 161.0] -> 3 (112.0) {160.7} [76.0, 165.0] -> 50 (125.0) {178.9} [75.0, 182.0] -> 0 (125.0) {205.8} [0.0, 230.0]
#7: 0 (0.0) {31.0} -> 2 (7.0) {49.0} [18.0, 147.0] -> 41 (12.0) {71.2} [43.0, 160.0] -> 22 (30.0) {85.4} [50.0, 153.0] -> 75 (48.0) {99.5} [27.0, 141.0] -> 56 (54.0) {113.6} [76.0, 190.0] -> 23 (83.0) {130.8} [36.0, 155.0] -> 67 (108.0) {152.8} [43.0, 156.0] -> 39 (139.0) {172.6} [33.0, 186.0] -> 4 (158.0) {192.0} [73.0, 195.0] -> 0 (158.0) {227.0} [0.0, 230.0]
#8: 0 (0.0) {24.0} -> 99 (9.0) {41.4} [33.0, 142.0] -> 59 (37.0) {53.6} [17.0, 183.0] -> 85 (78.0) {68.9} [44.0, 147.0] -> 61 (91.0) {83.3} [29.0, 132.0] -> 16 (110.0) {97.7} [29.0, 139.0] -> 86 (145.0) {114.0} [49.0, 148.0] -> 17 (147.0) {136.0} [60.0, 189.0] -> 84 (154.0) {152.0} [57.0, 154.0] -> 5 (180.0) {166.1} [20.0, 167.0] -> 96 (191.0) {183.7} [89.0, 190.0] -> 0 (191.0) {208.9} [0.0, 230.0]
#9: 0 (0.0) {29.0} -> 95 (20.0) {43.8} [14.0, 143.0] -> 92 (22.0) {57.4} [18.0, 159.0] -> 98 (32.0) {70.5} [21.0, 142.0] -> 100 (49.0) {83.6} [51.0, 195.0] -> 14 (69.0) {102.1} [32.0, 187.0] -> 38 (85.0) {123.2} [42.0, 153.0] -> 44 (103.0) {144.0} [31.0, 144.0] -> 91 (104.0) {160.4} [70.0, 194.0] -> 37 (112.0) {175.4} [87.0, 190.0] -> 93 (134.0) {189.8} [60.0, 199.0] -> 0 (134.0) {220.0} [0.0, 230.0]
#10: 0 (0.0) {30.0} -> 6 (3.0) {49.0} [49.0, 158.0] -> 94 (30.0) {62.1} [58.0, 151.0] -> 87 (56.0) {81.3} [61.0, 134.0] -> 42 (61.0) {98.5} [25.0, 158.0] -> 43 (68.0) {117.5} [82.0, 185.0] -> 15 (76.0) {134.7} [30.0, 152.0] -> 57 (83.0) {151.9} [48.0, 163.0] -> 97 (95.0) {173.3} [92.0, 183.0] -> 13 (118.0) {189.7} [79.0, 208.0] -> 0 (118.0) {210.8} [0.0, 230.0]
#11: 0 (0.0) {30.0} -> 53 (14.0) {51.0} [51.0, 148.0] -> 58 (32.0) {84.0} [84.0, 210.0] -> 40 (41.0) {98.1} [40.0, 139.0] -> 21 (52.0) {115.1} [18.0, 136.0] -> 73 (61.0) {128.2} [30.0, 135.0] -> 74 (69.0) {142.6} [74.0, 195.0] -> 72 (94.0) {155.7} [22.0, 170.0] -> 26 (111.0) {179.8} [87.0, 186.0] -> 0 (111.0) {200.9} [0.0, 230.0]

Dist: 1011.9. Cost: 1011.9

Clique cuts applied:  54
Zero-half cuts applied:  18
Lift and project cuts applied:  20

Root node processing (before b&c):
  Real time             =    0.76 sec. (551.72 ticks)
Parallel b&c, 8 threads:
  Real time             =    0.00 sec. (0.00 ticks)
  Sync time (average)   =    0.00 sec.
  Wait time (average)   =    0.00 sec.
                          ------------
Total (root+branch&cut) =    0.76 sec. (551.72 ticks)
