Solving instance /mnt/c/Users/bruno.mattos/OneDrive - americanas s.a/Documentos/GitHub/GenericILS/TWRD/100/R203_100_020.vrptwrd...
------------------------------------------------------------------------------------------------------------------------------------------------
|  Restart |  Iteration |  Best Feas. Cost |    Best Cost |   Curr. Cost |   Penalty Custom Res. |   Penalty Standard Res. |   Pool |   Time (s) |
------------------------------------------------------------------------------------------------------------------------------------------------
|        1 |          1 |           929.20 |       929.20 |       929.20 |                  5.00 |                    5.00 |      9 |     0.2897 |
|        1 |          2 |           929.20 |       929.20 |       929.60 |                  5.00 |                    5.00 |     11 |     0.7366 |
|        1 |          3 |           929.20 |       929.20 |       929.60 |                  5.00 |                    5.00 |     11 |     0.7982 |
|        1 |          4 |           929.20 |       929.20 |       929.60 |                  5.00 |                    5.00 |     11 |     0.8527 |
|        1 |          5 |           929.20 |       929.20 |       929.60 |                  5.00 |                    5.00 |     11 |     0.9107 |
|        1 |          6 |           929.20 |       929.20 |       929.60 |                  5.00 |                    5.00 |     11 |     1.0077 |
|        1 |          7 |           929.20 |       929.20 |       929.20 |                  5.00 |                    5.00 |     11 |     1.0984 |
|        1 |          8 |           929.20 |       929.20 |       929.20 |                  5.00 |                    5.00 |     11 |     1.1843 |
|        1 |          9 |           929.20 |       929.20 |       952.90 |                  5.00 |                    5.00 |     15 |     1.2609 |
|        1 |         10 |           929.20 |       929.20 |       952.90 |                  5.00 |                    5.00 |     15 |     1.3196 |
|        1 |         11 |           929.20 |       929.20 |       952.90 |                  5.00 |                    5.00 |     15 |     1.4260 |
|        1 |         12 |           929.20 |       929.20 |       937.80 |                  5.00 |                    5.00 |     19 |     1.5595 |
|        1 |          0 |           928.80 |       928.80 |       928.80 |                  5.00 |                    5.00 |     19 |     1.6202 |
|        1 |          1 |           928.80 |       928.80 |       928.80 |                  5.00 |                    5.00 |     21 |     1.7025 |
|        1 |          2 |           928.80 |       928.80 |       931.00 |                  5.00 |                    5.00 |     24 |     1.7375 |
|        1 |          3 |           928.80 |       928.80 |       967.90 |                  5.00 |                    5.00 |     26 |     1.7925 |
|        1 |          4 |           928.80 |       928.80 |       938.60 |                  5.00 |                    5.00 |     31 |     1.8544 |
|        1 |          5 |           928.80 |       928.80 |       935.30 |                  5.00 |                    5.00 |     33 |     1.9349 |
|        1 |          6 |           928.80 |       928.80 |       935.30 |                  5.00 |                    5.00 |     33 |     1.9785 |
|        1 |          0 |           924.10 |       924.10 |       924.10 |                  5.00 |                    5.00 |     38 |     2.0470 |
|        1 |          1 |           924.10 |       924.10 |       924.10 |                  5.00 |                    5.00 |     38 |     2.0945 |
|        1 |          2 |           924.10 |       924.10 |       924.10 |                  5.00 |                    5.00 |     39 |     2.1468 |
|        1 |          3 |           924.10 |       924.10 |       939.90 |                  5.00 |                    5.00 |     42 |     2.1887 |
|        1 |          4 |           924.10 |       924.10 |       939.90 |                  5.00 |                    5.00 |     42 |     2.2463 |
|        1 |          5 |           924.10 |       924.10 |       939.90 |                  5.00 |                    5.00 |     42 |     2.2873 |
|        1 |          6 |           924.10 |       924.10 |       939.30 |                  5.00 |                    5.00 |     46 |     2.3638 |
|        1 |          7 |           924.10 |       924.10 |       939.30 |                  5.00 |                    5.00 |     47 |     2.3981 |
|        1 |          8 |           924.10 |       924.10 |       939.30 |                  5.00 |                    5.00 |     47 |     2.4499 |
|        1 |          9 |           924.10 |       924.10 |       934.00 |                  5.00 |                    5.00 |     49 |     2.5503 |
|        1 |         10 |           924.10 |       924.10 |       934.30 |                  5.00 |                    5.00 |     50 |     2.5968 |
|        1 |         11 |           924.10 |       924.10 |       934.30 |                  5.00 |                    5.00 |     50 |     2.6440 |
|        1 |         12 |           924.10 |       924.10 |       937.80 |                  5.00 |                    5.00 |     53 |     2.6907 |
|        1 |         13 |           924.10 |       924.10 |       939.90 |                  5.00 |                    5.00 |     57 |     2.7451 |
|        1 |         14 |           924.10 |       924.10 |       956.80 |                  5.00 |                    5.00 |     61 |     2.7980 |
|        1 |         15 |           924.10 |       924.10 |       954.00 |                  5.00 |                    5.00 |     61 |     2.8474 |
|        1 |         16 |           924.10 |       924.10 |       954.00 |                  5.00 |                    5.00 |     61 |     2.8867 |
|        1 |         17 |           924.10 |       924.10 |       954.00 |                  5.00 |                    5.00 |     61 |     2.9280 |
|        1 |         18 |           924.10 |       924.10 |       972.10 |                  5.00 |                    5.00 |     67 |     3.0176 |
|        1 |         19 |           924.10 |       924.10 |       972.10 |                  5.00 |                    5.00 |     67 |     3.0676 |
|        1 |         20 |           924.10 |       924.10 |       972.10 |                  5.00 |                    5.00 |     67 |     3.1135 |
|        1 |         21 |           924.10 |       924.10 |       972.00 |                  5.00 |                    5.00 |     69 |     3.1956 |
|        1 |         22 |           924.10 |       924.10 |       954.80 |                  5.00 |                    5.00 |     71 |     3.2611 |
|        1 |         23 |           924.10 |       924.10 |       972.30 |                  5.00 |                    5.00 |     79 |     3.3931 |
|        1 |         24 |           924.10 |       924.10 |       966.30 |                  5.00 |                    5.00 |     87 |     3.5018 |
|        1 |          0 |           921.00 |       921.00 |       921.00 |                  5.00 |                    5.00 |     94 |     3.6216 |
|        1 |          1 |           921.00 |       921.00 |       921.00 |                  5.00 |                    5.00 |     94 |     3.6654 |
|        1 |          0 |           914.10 |       914.10 |       914.10 |                  5.00 |                    5.00 |     98 |     3.7385 |
|        1 |          1 |           914.10 |       914.10 |       914.10 |                  5.00 |                    5.00 |     98 |     3.7844 |
|        1 |          2 |           914.10 |       914.10 |       916.90 |                  5.00 |                    5.00 |     98 |     3.8252 |
|        1 |          3 |           914.10 |       914.10 |       935.40 |                  5.00 |                    5.00 |    102 |     3.9166 |
|        1 |          4 |           914.10 |       914.10 |       932.80 |                  5.00 |                    5.00 |    105 |     3.9765 |
|        1 |          0 |           913.90 |       913.90 |       913.90 |                  5.00 |                    5.00 |    108 |     4.0210 |
|        1 |          1 |           913.90 |       913.90 |       913.90 |                  5.00 |                    5.00 |    108 |     4.0590 |
|        1 |          2 |           913.90 |       913.90 |       913.90 |                  5.00 |                    5.00 |    108 |     4.0990 |
|        1 |          3 |           913.90 |       913.90 |       913.90 |                  5.00 |                    5.00 |    108 |     4.1423 |
|        1 |          4 |           913.90 |       913.90 |       940.50 |                  5.00 |                    5.00 |    111 |     4.1890 |
|        1 |          5 |           913.90 |       913.90 |       938.10 |                  5.00 |                    5.00 |    117 |     4.3208 |
|        1 |          6 |           913.90 |       913.90 |       937.50 |                  5.00 |                    5.00 |    120 |     4.3844 |
|        1 |          7 |           913.90 |       913.90 |       916.00 |                  5.00 |                    5.00 |    125 |     4.4701 |
|        1 |          8 |           913.90 |       913.90 |       915.80 |                  5.00 |                    5.00 |    128 |     4.5395 |
|        1 |          9 |           913.90 |       913.90 |       915.60 |                  5.00 |                    5.00 |    130 |     4.5819 |
|        1 |          0 |           912.50 |       912.50 |       912.50 |                  5.00 |                    5.00 |    134 |     4.6669 |
|        1 |          1 |           912.50 |       912.50 |       914.80 |                  5.00 |                    5.00 |    135 |     4.7257 |
|        1 |          2 |           912.50 |       912.50 |       914.80 |                  5.00 |                    5.00 |    135 |     4.7899 |
|        1 |          3 |           912.50 |       912.50 |       913.90 |                  5.00 |                    5.00 |    138 |     4.8242 |
|        1 |          4 |           912.50 |       912.50 |       913.90 |                  5.00 |                    5.00 |    138 |     4.8693 |
|        1 |          5 |           912.50 |       912.50 |       913.00 |                  5.00 |                    5.00 |    141 |     4.9228 |
|        1 |          6 |           912.50 |       912.50 |       913.00 |                  5.00 |                    5.00 |    141 |     4.9891 |
|        1 |          7 |           912.50 |       912.50 |       913.00 |                  5.00 |                    5.00 |    141 |     5.0249 |
|        1 |          0 |           907.20 |       907.20 |       907.20 |                  5.00 |                    5.00 |    145 |     5.1126 |
|        1 |          1 |           907.20 |       907.20 |       907.20 |                  5.00 |                    5.00 |    145 |     5.1503 |
|        1 |          2 |           907.20 |       907.20 |       907.20 |                  5.00 |                    5.00 |    145 |     5.1814 |
|        1 |          3 |           907.20 |       907.20 |       907.20 |                  5.00 |                    5.00 |    145 |     5.2123 |
|        1 |          4 |           907.20 |       907.20 |       907.20 |                  5.00 |                    5.00 |    145 |     5.2652 |
|        1 |          5 |           907.20 |       907.20 |       907.20 |                  5.00 |                    5.00 |    146 |     5.3145 |
|        1 |          6 |           907.20 |       907.20 |       907.20 |                  5.00 |                    5.00 |    146 |     5.3792 |
|        1 |          0 |           901.30 |       901.30 |       901.30 |                  5.00 |                    5.00 |    150 |     5.4417 |
|        1 |          1 |           901.30 |       901.30 |       904.60 |                  5.00 |                    5.00 |    152 |     5.5482 |
|        1 |          0 |           893.70 |       893.70 |       893.70 |                  5.00 |                    5.00 |    154 |     5.6691 |
|        1 |          1 |           893.70 |       893.70 |       893.70 |                  5.00 |                    5.00 |    154 |     5.7080 |
|        1 |          2 |           893.70 |       893.70 |       893.70 |                  5.00 |                    5.00 |    154 |     5.7356 |
|        1 |          3 |           893.70 |       893.70 |       893.70 |                  5.00 |                    5.00 |    154 |     5.7723 |
|        1 |          4 |           893.70 |       893.70 |       894.80 |                  5.00 |                    5.00 |    155 |     5.8141 |
|        1 |          5 |           893.70 |       893.70 |       894.80 |                  5.00 |                    5.00 |    155 |     5.8762 |
|        1 |          6 |           893.70 |       893.70 |       919.30 |                  5.00 |                    5.00 |    158 |     5.9218 |
|        1 |          7 |           893.70 |       893.70 |       919.30 |                  5.00 |                    5.00 |    158 |     5.9749 |
|        1 |          8 |           893.70 |       893.70 |       919.30 |                  5.00 |                    5.00 |    158 |     6.0039 |
|        1 |          9 |           893.70 |       893.70 |       919.30 |                  5.00 |                    5.00 |    158 |     6.0527 |
|        1 |         10 |           893.70 |       893.70 |       919.30 |                  5.00 |                    5.00 |    158 |     6.0900 |
|        1 |         11 |           893.70 |       893.70 |       923.80 |                  5.00 |                    5.00 |    160 |     6.1733 |
|        1 |         12 |           893.70 |       893.70 |       923.80 |                  5.00 |                    5.00 |    160 |     6.2166 |
|        1 |         13 |           893.70 |       893.70 |       922.00 |                  5.00 |                    5.00 |    160 |     6.2810 |
|        1 |         14 |           893.70 |       893.70 |       912.60 |                  5.00 |                    5.00 |    161 |     6.3456 |
|        1 |         15 |           893.70 |       893.70 |       912.60 |                  5.00 |                    5.00 |    161 |     6.3829 |
|        1 |         16 |           893.70 |       893.70 |       912.60 |                  5.00 |                    5.00 |    161 |     6.4258 |
|        1 |         17 |           893.70 |       893.70 |       912.60 |                  5.00 |                    5.00 |    161 |     6.4683 |
|        1 |         18 |           893.70 |       893.70 |       912.60 |                  5.00 |                    5.00 |    161 |     6.5070 |
|        1 |         19 |           893.70 |       893.70 |       912.60 |                  5.00 |                    5.00 |    161 |     6.5487 |
|        1 |         20 |           893.70 |       893.70 |       912.60 |                  5.00 |                    5.00 |    161 |     6.5987 |
|        1 |         21 |           893.70 |       893.70 |       912.60 |                  5.00 |                    5.00 |    161 |     6.6497 |
|        1 |         22 |           893.70 |       893.70 |       912.60 |                  5.00 |                    5.00 |    161 |     6.7055 |
|        1 |         23 |           893.70 |       893.70 |       917.50 |                  5.00 |                    5.00 |    161 |     6.7673 |
|        1 |         24 |           893.70 |       893.70 |       911.50 |                  5.00 |                    5.00 |    165 |     6.8671 |
|        1 |         25 |           893.70 |       893.70 |       911.50 |                  5.00 |                    5.00 |    165 |     6.9020 |
|        1 |         26 |           893.70 |       893.70 |       911.50 |                  5.00 |                    5.00 |    165 |     6.9560 |
|        1 |         27 |           893.70 |       893.70 |       907.60 |                  5.00 |                    5.00 |    167 |     7.0402 |
|        1 |         28 |           893.70 |       893.70 |       906.40 |                  5.00 |                    5.00 |    168 |     7.1183 |
|        1 |         29 |           893.70 |       893.70 |       911.10 |                  5.00 |                    5.00 |    171 |     7.1556 |
|        1 |         30 |           893.70 |       893.70 |       911.10 |                  5.00 |                    5.00 |    171 |     7.2021 |
|        1 |         31 |           893.70 |       893.70 |       910.90 |                  5.00 |                    5.00 |    172 |     7.2614 |
|        1 |         32 |           893.70 |       893.70 |       910.90 |                  5.00 |                    5.00 |    172 |     7.3001 |
|        1 |         33 |           893.70 |       893.70 |       910.10 |                  5.00 |                    5.00 |    173 |     7.3681 |
|        1 |         34 |           893.70 |       893.70 |       910.10 |                  5.00 |                    5.00 |    173 |     7.4056 |
|        1 |         35 |           893.70 |       893.70 |       913.30 |                  5.00 |                    5.00 |    175 |     7.5456 |
|        1 |         36 |           893.70 |       893.70 |       916.00 |                  5.00 |                    5.00 |    178 |     7.6241 |
|        1 |         37 |           893.70 |       893.70 |       910.70 |                  5.00 |                    5.00 |    179 |     7.6813 |
|        1 |         38 |           893.70 |       893.70 |       910.70 |                  5.00 |                    5.00 |    179 |     7.7358 |
|        1 |         39 |           893.70 |       893.70 |       910.70 |                  5.00 |                    5.00 |    179 |     7.7790 |
|        1 |         40 |           893.70 |       893.70 |       910.70 |                  5.00 |                    5.26 |    179 |     7.8177 |
|        1 |         41 |           893.70 |       893.70 |       910.70 |                  5.00 |                    5.00 |    179 |     7.8799 |
|        1 |         42 |           893.70 |       893.70 |       910.70 |                  5.00 |                    5.00 |    179 |     7.9221 |
|        1 |         43 |           893.70 |       893.70 |       910.70 |                  5.00 |                    5.00 |    179 |     7.9621 |
|        1 |         44 |           893.70 |       893.70 |       910.70 |                  5.00 |                    5.00 |    179 |     8.0106 |
|        1 |         45 |           893.70 |       893.70 |       910.70 |                  5.00 |                    7.07 |    179 |     8.0637 |
|        1 |         46 |           893.70 |       893.70 |       933.40 |                  5.00 |                    5.00 |    183 |     8.1137 |
|        1 |         47 |           893.70 |       893.70 |       933.40 |                  5.00 |                    5.00 |    183 |     8.1547 |
|        1 |         48 |           893.70 |       893.70 |       926.50 |                  5.00 |                    5.00 |    187 |     8.2091 |
|        1 |         49 |           893.70 |       893.70 |       926.40 |                  5.00 |                    5.00 |    188 |     8.2829 |
|        1 |         50 |           893.70 |       893.70 |       916.00 |                  5.00 |                    5.00 |    188 |     8.3391 |
|        1 |         51 |           893.70 |       893.70 |       916.00 |                  5.00 |                    5.00 |    188 |     8.3612 |
|        1 |         52 |           893.70 |       893.70 |       916.00 |                  5.00 |                    5.00 |    188 |     8.3968 |
|        1 |         53 |           893.70 |       893.70 |       911.20 |                  5.00 |                    5.00 |    191 |     8.4666 |
|        1 |         54 |           893.70 |       893.70 |       909.20 |                  5.00 |                    5.00 |    191 |     8.5281 |
|        1 |         55 |           893.70 |       893.70 |       915.60 |                  5.00 |                    5.00 |    191 |     8.5810 |
|        1 |         56 |           893.70 |       893.70 |       905.80 |                  5.00 |                    5.00 |    192 |     8.6591 |
|        1 |         57 |           893.70 |       893.70 |       905.80 |                  5.00 |                    5.00 |    192 |     8.7057 |
|        1 |         58 |           893.70 |       893.70 |       905.80 |                  5.00 |                    5.00 |    192 |     8.7609 |
|        1 |         59 |           893.70 |       893.70 |       905.80 |                  5.00 |                    5.00 |    192 |     8.8161 |
|        1 |         60 |           893.70 |       893.70 |       908.40 |                  5.00 |                    5.00 |    194 |     8.8895 |
|        1 |         61 |           893.70 |       893.70 |       948.10 |                  5.00 |                    5.00 |    197 |     8.9410 |
|        1 |         62 |           893.70 |       893.70 |       948.10 |                  5.00 |                    5.00 |    197 |     8.9995 |
|        1 |         63 |           893.70 |       893.70 |       948.10 |                  5.00 |                    5.00 |    197 |     9.0574 |
|        1 |         64 |           893.70 |       893.70 |       982.90 |                  5.00 |                    5.00 |    202 |     9.1585 |
|        1 |         65 |           893.70 |       893.70 |       941.40 |                  5.00 |                    5.00 |    203 |     9.2705 |
|        1 |         66 |           893.70 |       893.70 |       915.60 |                  5.00 |                    5.00 |    207 |     9.3220 |
|        1 |         67 |           893.70 |       893.70 |       915.60 |                  5.00 |                    5.00 |    207 |     9.3827 |
|        1 |         68 |           893.70 |       893.70 |       915.60 |                  5.00 |                    5.00 |    207 |     9.4410 |
|        1 |         69 |           893.70 |       893.70 |       940.70 |                  5.00 |                    5.00 |    211 |     9.5331 |
|        1 |         70 |           893.70 |       893.70 |       949.08 |                  5.00 |                    8.22 |    211 |     9.5838 |
|        1 |         71 |           893.70 |       893.70 |       981.50 |                  5.00 |                    5.00 |    214 |     9.6284 |
|        1 |         72 |           893.70 |       893.70 |       932.00 |                  5.00 |                    5.00 |    218 |     9.7636 |
|        1 |         73 |           893.70 |       893.70 |       931.80 |                  5.00 |                    5.00 |    219 |     9.8267 |
|        1 |         74 |           893.70 |       893.70 |       935.60 |                  5.00 |                    5.00 |    221 |     9.9314 |
|        1 |         75 |           893.70 |       893.70 |       929.10 |                  5.00 |                    5.00 |    222 |     9.9772 |
|        1 |         76 |           893.70 |       893.70 |       929.10 |                  5.00 |                    5.00 |    223 |    10.0253 |
|        1 |         77 |           893.70 |       893.70 |       919.50 |                  5.00 |                    5.00 |    225 |    10.1403 |
|        1 |         78 |           893.70 |       893.70 |       924.40 |                  5.00 |                    5.00 |    227 |    10.2082 |
|        1 |         79 |           893.70 |       893.70 |       953.80 |                  5.00 |                    5.00 |    230 |    10.3554 |
|        1 |         80 |           893.70 |       893.70 |       938.90 |                  5.00 |                    5.00 |    232 |    10.4767 |
|        1 |         81 |           893.70 |       893.70 |       938.90 |                  5.00 |                    5.00 |    232 |    10.5168 |
|        1 |         82 |           893.70 |       893.70 |       936.10 |                  5.00 |                    5.00 |    232 |    10.5537 |
|        1 |         83 |           893.70 |       893.70 |       936.10 |                  5.00 |                    5.00 |    232 |    10.5934 |
|        1 |         84 |           893.70 |       893.70 |       936.10 |                  5.00 |                    5.00 |    232 |    10.6435 |
|        1 |         85 |           893.70 |       893.70 |       936.10 |                  5.00 |                    5.00 |    232 |    10.6939 |
|        1 |         86 |           893.70 |       893.70 |       935.80 |                  5.00 |                    5.00 |    233 |    10.7670 |
|        1 |         87 |           893.70 |       893.70 |       935.80 |                  5.00 |                    5.00 |    233 |    10.8225 |
|        1 |         88 |           893.70 |       893.70 |       935.80 |                  5.00 |                    5.00 |    233 |    10.8604 |
|        1 |         89 |           893.70 |       893.70 |       935.80 |                  5.00 |                    5.00 |    233 |    10.8912 |
|        1 |         90 |           893.70 |       893.70 |       932.00 |                  5.00 |                    5.00 |    236 |    10.9659 |
|        1 |         91 |           893.70 |       893.70 |       932.00 |                  5.00 |                    5.00 |    236 |    11.0177 |
|        1 |         92 |           893.70 |       893.70 |       932.00 |                  5.00 |                    5.00 |    236 |    11.0643 |
|        1 |         93 |           893.70 |       893.70 |       932.00 |                  5.00 |                    5.00 |    236 |    11.1106 |
|        1 |         94 |           893.70 |       893.70 |       932.00 |                  5.00 |                    5.00 |    236 |    11.1387 |
|        1 |         95 |           893.70 |       893.70 |       929.50 |                  5.00 |                    5.00 |    239 |    11.2034 |
|        1 |         96 |           893.70 |       893.70 |       927.40 |                  5.00 |                    5.00 |    243 |    11.2811 |
|        1 |         97 |           893.70 |       893.70 |       927.40 |                  5.00 |                    5.00 |    243 |    11.3057 |
|        1 |         98 |           893.70 |       893.70 |       932.00 |                  5.00 |                    5.00 |    246 |    11.3670 |
|        1 |         99 |           893.70 |       893.70 |       932.20 |                  5.00 |                    5.00 |    246 |    11.4306 |
|        1 |        100 |           893.70 |       893.70 |       939.00 |                  5.00 |                    5.00 |    249 |    11.5279 |
|        1 |        101 |           893.70 |       893.70 |       939.00 |                  5.00 |                    5.00 |    249 |    11.5823 |
|        1 |        102 |           893.70 |       893.70 |       936.00 |                  5.00 |                    5.00 |    252 |    11.6364 |
|        1 |        103 |           893.70 |       893.70 |       928.30 |                  5.00 |                    5.00 |    258 |    11.7338 |
|        1 |        104 |           893.70 |       893.70 |       945.20 |                  5.00 |                    5.00 |    260 |    11.7948 |
|        1 |        105 |           893.70 |       893.70 |       945.20 |                  5.00 |                    5.00 |    260 |    11.8489 |
|        1 |        106 |           893.70 |       893.70 |       945.20 |                  5.00 |                    5.00 |    260 |    11.8908 |
|        1 |        107 |           893.70 |       893.70 |       945.20 |                  5.00 |                    5.00 |    260 |    11.9559 |
|        1 |        108 |           893.70 |       893.70 |       929.40 |                  5.00 |                    5.00 |    263 |    12.0185 |
|        1 |        109 |           893.70 |       893.70 |       946.20 |                  5.00 |                    5.00 |    267 |    12.0822 |
|        1 |        110 |           893.70 |       893.70 |       939.00 |                  5.00 |                    5.00 |    270 |    12.1549 |
|        1 |        111 |           893.70 |       893.70 |       938.50 |                  5.00 |                    5.00 |    271 |    12.2192 |
|        1 |        112 |           893.70 |       893.70 |       925.50 |                  5.00 |                    5.80 |    273 |    12.3046 |
|        1 |        113 |           893.70 |       893.70 |       925.50 |                  5.00 |                    5.00 |    273 |    12.3700 |
|        1 |        114 |           893.70 |       893.70 |       924.20 |                  5.00 |                    5.00 |    274 |    12.4577 |
|        1 |        115 |           893.70 |       893.70 |       924.20 |                  5.00 |                    5.00 |    274 |    12.5094 |
|        1 |        116 |           893.70 |       893.70 |       921.10 |                  5.00 |                    5.00 |    277 |    12.5980 |
|        1 |        117 |           893.70 |       893.70 |       921.10 |                  5.00 |                    5.00 |    277 |    12.6408 |
|        1 |        118 |           893.70 |       893.70 |       921.10 |                  5.00 |                    5.00 |    277 |    12.6983 |
|        1 |        119 |           893.70 |       893.70 |       921.10 |                  5.00 |                    5.00 |    278 |    12.7454 |
|        1 |        120 |           893.70 |       893.70 |       921.10 |                  5.00 |                    5.00 |    278 |    12.8142 |
|        1 |        121 |           893.70 |       893.70 |       921.10 |                  5.00 |                    5.00 |    278 |    12.8570 |
|        1 |        122 |           893.70 |       893.70 |       921.10 |                  5.00 |                    5.00 |    278 |    12.9114 |
|        1 |        123 |           893.70 |       893.70 |       935.10 |                  5.00 |                    5.00 |    284 |    13.0414 |
|        1 |        124 |           893.70 |       893.70 |       935.10 |                  5.00 |                    5.00 |    284 |    13.0995 |
|        1 |        125 |           893.70 |       893.70 |       963.10 |                  5.00 |                    5.00 |    287 |    13.2070 |
|        1 |        126 |           893.70 |       893.70 |       935.50 |                  5.00 |                    5.00 |    290 |    13.3324 |
|        1 |        127 |           893.70 |       893.70 |       930.10 |                  5.00 |                    5.00 |    295 |    13.4152 |
|        1 |        128 |           893.70 |       893.70 |       930.10 |                  5.00 |                    5.00 |    295 |    13.4631 |
|        1 |        129 |           893.70 |       893.70 |       930.10 |                  5.00 |                    5.00 |    295 |    13.5023 |
|        1 |        130 |           893.70 |       893.70 |       924.30 |                  5.00 |                    5.00 |    298 |    13.5664 |
|        1 |        131 |           893.70 |       893.70 |       924.30 |                  5.00 |                    5.00 |    298 |    13.6084 |
|        1 |        132 |           893.70 |       893.70 |       923.40 |                  5.00 |                    7.67 |    300 |    13.6855 |
|        1 |        133 |           893.70 |       893.70 |       923.40 |                  5.00 |                    5.00 |    300 |    13.7507 |
|        1 |        134 |           893.70 |       893.70 |       926.50 |                  5.00 |                    5.00 |    302 |    13.7911 |
|        1 |        135 |           893.70 |       893.70 |       918.50 |                  5.00 |                    5.00 |    308 |    13.9296 |
|        1 |        136 |           893.70 |       893.70 |       916.10 |                  5.00 |                    5.00 |    309 |    13.9972 |
|        1 |        137 |           893.70 |       893.70 |       916.10 |                  5.00 |                    5.00 |    309 |    14.0375 |
|        1 |        138 |           893.70 |       893.70 |       916.10 |                  5.00 |                    5.86 |    309 |    14.0770 |
|        1 |        139 |           893.70 |       893.70 |       916.10 |                  5.00 |                    5.00 |    309 |    14.1609 |
|        1 |        140 |           893.70 |       893.70 |       916.10 |                  5.00 |                    5.00 |    309 |    14.1996 |
|        1 |        141 |           893.70 |       893.70 |       916.10 |                  5.00 |                    5.00 |    309 |    14.2441 |
|        1 |        142 |           893.70 |       893.70 |       918.90 |                  5.00 |                    5.00 |    309 |    14.2912 |
|        1 |        143 |           893.70 |       893.70 |       915.30 |                  5.00 |                    5.00 |    313 |    14.3621 |
|        1 |        144 |           893.70 |       893.70 |       915.30 |                  5.00 |                    5.00 |    313 |    14.4141 |
|        1 |        145 |           893.70 |       893.70 |       914.90 |                  5.00 |                    5.00 |    314 |    14.4844 |
|        1 |        146 |           893.70 |       893.70 |       926.90 |                  5.00 |                    5.00 |    316 |    14.5242 |
|        1 |        147 |           893.70 |       893.70 |       919.50 |                  5.00 |                    5.00 |    317 |    14.5914 |
|        1 |        148 |           893.70 |       893.70 |       905.90 |                  5.00 |                    5.00 |    318 |    14.6821 |
|        1 |        149 |           893.70 |       893.70 |       905.90 |                  5.00 |                    5.00 |    318 |    14.7274 |
|        1 |        150 |           893.70 |       893.70 |       907.00 |                  5.00 |                    5.00 |    320 |    14.7699 |
|        1 |        151 |           893.70 |       893.70 |       907.00 |                  5.00 |                    5.00 |    320 |    14.8179 |
|        1 |        152 |           893.70 |       893.70 |       907.00 |                  5.00 |                    5.00 |    320 |    14.8605 |
|        1 |        153 |           893.70 |       893.70 |       897.60 |                  5.00 |                    5.00 |    321 |    14.9342 |
|        1 |        154 |           893.70 |       893.70 |       897.60 |                  5.00 |                    5.00 |    321 |    14.9747 |
|        1 |        155 |           893.70 |       893.70 |       898.70 |                  5.00 |                    5.00 |    322 |    15.0109 |
|        1 |        156 |           893.70 |       893.70 |       898.70 |                  5.00 |                    5.00 |    322 |    15.0577 |
|        1 |        157 |           893.70 |       893.70 |       898.70 |                  5.00 |                    5.00 |    322 |    15.1212 |
|        1 |        158 |           893.70 |       893.70 |       898.70 |                  5.00 |                    5.00 |    322 |    15.1630 |
|        1 |        159 |           893.70 |       893.70 |       898.70 |                  5.00 |                    5.00 |    322 |    15.2115 |
|        1 |        160 |           893.70 |       893.70 |       918.60 |                  5.00 |                    5.00 |    326 |    15.2828 |
|        1 |        161 |           893.70 |       893.70 |       899.00 |                  5.00 |                    5.00 |    329 |    15.3882 |
|        1 |        162 |           893.70 |       893.70 |       898.00 |                  5.00 |                    5.00 |    331 |    15.4567 |
|        1 |        163 |           893.70 |       893.70 |       899.10 |                  5.00 |                    5.00 |    333 |    15.4878 |
|        1 |        164 |           893.70 |       893.70 |       899.10 |                  5.00 |                    5.00 |    333 |    15.5244 |
|        1 |        165 |           893.70 |       893.70 |       899.10 |                  5.00 |                    5.00 |    333 |    15.5638 |
|        1 |        166 |           893.70 |       893.70 |       899.10 |                  5.00 |                    5.00 |    333 |    15.6244 |
|        1 |        167 |           893.70 |       893.70 |       928.80 |                  5.00 |                    5.00 |    336 |    15.6769 |
|        1 |        168 |           893.70 |       893.70 |       955.80 |                  5.00 |                    5.00 |    339 |    15.7200 |
|        1 |        169 |           893.70 |       893.70 |       950.40 |                  5.00 |                    5.00 |    343 |    15.7742 |
|        1 |        170 |           893.70 |       893.70 |       950.40 |                  5.00 |                    5.00 |    343 |    15.8221 |
|        1 |        171 |           893.70 |       893.70 |       950.40 |                  5.00 |                    5.00 |    343 |    15.8575 |
|        1 |        172 |           893.70 |       893.70 |       966.70 |                  5.00 |                    5.00 |    346 |    15.8983 |
|        1 |        173 |           893.70 |       893.70 |       952.60 |                  5.00 |                    5.00 |    348 |    15.9704 |
|        1 |        174 |           893.70 |       893.70 |       949.80 |                  5.00 |                    5.00 |    348 |    16.0142 |
|        1 |        175 |           893.70 |       893.70 |       937.60 |                  5.00 |                    5.00 |    351 |    16.0850 |
|        1 |        176 |           893.70 |       893.70 |       940.80 |                  5.00 |                    5.00 |    351 |    16.1479 |
|        1 |        177 |           893.70 |       893.70 |       921.80 |                  5.00 |                    5.00 |    352 |    16.2052 |
|        1 |        178 |           893.70 |       893.70 |       921.80 |                  5.00 |                    5.00 |    352 |    16.2583 |
|        1 |        179 |           893.70 |       893.70 |       903.80 |                  5.00 |                    5.00 |    355 |    16.3353 |
|        1 |        180 |           893.70 |       893.70 |       903.40 |                  5.00 |                    5.00 |    356 |    16.4030 |
|        1 |        181 |           893.70 |       893.70 |       896.30 |                  5.00 |                    5.00 |    358 |    16.4586 |
|        1 |        182 |           893.70 |       893.70 |       896.30 |                  5.00 |                    5.00 |    360 |    16.5174 |
|        1 |        183 |           893.70 |       893.70 |       896.30 |                  5.00 |                    5.00 |    360 |    16.5646 |
|        1 |        184 |           893.70 |       893.70 |       899.30 |                  5.00 |                    5.00 |    362 |    16.6095 |
|        1 |        185 |           893.70 |       893.70 |       909.10 |                  5.00 |                    5.00 |    363 |    16.6664 |
|        1 |        186 |           893.70 |       893.70 |       905.00 |                  5.00 |                    5.00 |    366 |    16.7488 |
|        1 |        187 |           893.70 |       893.70 |       901.20 |                  5.00 |                    5.00 |    367 |    16.8095 |
|        1 |        188 |           893.70 |       893.70 |       906.80 |                  5.00 |                    5.00 |    369 |    16.8563 |
|        1 |        189 |           893.70 |       893.70 |       906.80 |                  5.00 |                    5.00 |    369 |    16.9018 |
|        1 |        190 |           893.70 |       893.70 |       905.90 |                  5.00 |                    5.00 |    370 |    17.0197 |
|        1 |        191 |           893.70 |       893.70 |       905.90 |                  5.00 |                    5.00 |    370 |    17.0755 |
|        1 |        192 |           893.70 |       893.70 |       905.90 |                  5.00 |                    5.00 |    370 |    17.1195 |
|        1 |        193 |           893.70 |       893.70 |       904.00 |                  5.00 |                    5.00 |    371 |    17.1608 |
|        1 |        194 |           893.70 |       893.70 |       904.00 |                  5.00 |                    5.00 |    371 |    17.2003 |
|        1 |        195 |           893.70 |       893.70 |       901.80 |                  5.00 |                    5.00 |    372 |    17.2687 |
|        1 |        196 |           893.70 |       893.70 |       903.70 |                  5.00 |                    5.00 |    373 |    17.3521 |
|        1 |        197 |           893.70 |       893.70 |       904.00 |                  5.00 |                    5.00 |    373 |    17.3991 |
|        1 |        198 |           893.70 |       893.70 |       911.50 |                  5.00 |                    5.00 |    374 |    17.4940 |
|        1 |        199 |           893.70 |       893.70 |       905.90 |                  5.00 |                    5.00 |    375 |    17.5391 |
|        1 |        200 |           893.70 |       893.70 |       910.32 |                  5.00 |                    7.90 |    377 |    17.5696 |
|        1 |        201 |           893.70 |       893.70 |       912.30 |                  5.00 |                    5.00 |    378 |    17.6351 |
|        1 |        202 |           893.70 |       893.70 |       904.60 |                  5.00 |                    5.00 |    378 |    17.7067 |
|        1 |        203 |           893.70 |       893.70 |       904.90 |                  5.00 |                    5.00 |    379 |    17.7936 |
|        1 |        204 |           893.70 |       893.70 |       903.80 |                  5.00 |                    5.00 |    379 |    17.8745 |
|        1 |        205 |           893.70 |       893.70 |       903.80 |                  5.00 |                    5.00 |    379 |    17.9296 |
|        1 |        206 |           893.70 |       893.70 |       903.80 |                  5.00 |                    5.00 |    379 |    17.9653 |
|        1 |        207 |           893.70 |       893.70 |       925.50 |                  5.00 |                    5.00 |    382 |    18.0363 |
|        1 |        208 |           893.70 |       893.70 |       925.50 |                  5.00 |                    5.00 |    382 |    18.0899 |
|        1 |        209 |           893.70 |       893.70 |       925.50 |                  5.00 |                    5.00 |    382 |    18.1261 |
|        1 |        210 |           893.70 |       893.70 |       903.20 |                  5.00 |                    5.00 |    386 |    18.2397 |
|        1 |        211 |           893.70 |       893.70 |       903.10 |                  5.00 |                    5.00 |    386 |    18.2902 |
|        1 |        212 |           893.70 |       893.70 |       896.30 |                  5.00 |                    5.00 |    388 |    18.3753 |
|        1 |        213 |           893.70 |       893.70 |       902.70 |                  5.00 |                    5.00 |    388 |    18.4200 |
|        1 |          0 |           892.90 |       892.90 |       892.90 |                  5.00 |                    5.00 |    389 |    18.5070 |
|        1 |          1 |           892.90 |       892.90 |       892.90 |                  5.00 |                    5.00 |    389 |    18.5364 |
|        1 |          2 |           892.90 |       892.90 |       892.90 |                  5.00 |                    5.00 |    389 |    18.5801 |
|        1 |          3 |           892.90 |       892.90 |       892.90 |                  5.00 |                    5.00 |    389 |    18.6578 |
|        1 |          4 |           892.90 |       892.90 |       898.39 |                  5.00 |                    7.51 |    389 |    18.7038 |
|        1 |          5 |           892.90 |       892.90 |       892.90 |                  5.00 |                    5.00 |    389 |    18.7493 |
|        1 |          0 |           891.80 |       891.80 |       891.80 |                  5.00 |                    5.00 |    391 |    18.8115 |
|        1 |          1 |           891.80 |       891.80 |       891.80 |                  5.00 |                    5.00 |    391 |    18.8635 |
|        1 |          2 |           891.80 |       891.80 |       891.80 |                  5.00 |                    5.00 |    391 |    18.9220 |
|        1 |          3 |           891.80 |       891.80 |       897.35 |                  5.00 |                    7.36 |    391 |    18.9681 |
|        1 |          4 |           891.80 |       891.80 |       894.20 |                  5.00 |                    5.00 |    392 |    19.0232 |
|        1 |          5 |           891.80 |       891.80 |       897.00 |                  5.00 |                    5.00 |    392 |    19.0566 |
|        1 |          6 |           891.80 |       891.80 |       897.00 |                  5.00 |                    5.00 |    392 |    19.1043 |
|        1 |          7 |           891.80 |       891.80 |       897.00 |                  5.00 |                    5.00 |    392 |    19.1455 |
|        1 |          8 |           891.80 |       891.80 |       894.20 |                  5.00 |                    5.00 |    392 |    19.1849 |
|        1 |          9 |           891.80 |       891.80 |       894.20 |                  5.00 |                    5.00 |    392 |    19.2418 |
|        1 |         10 |           891.80 |       891.80 |       895.60 |                  5.00 |                    5.00 |    393 |    19.3189 |
|        1 |         11 |           891.80 |       891.80 |       895.60 |                  5.00 |                    5.00 |    393 |    19.3613 |
|        1 |         12 |           891.80 |       891.80 |       895.60 |                  5.00 |                    5.00 |    393 |    19.4025 |
|        1 |         13 |           891.80 |       891.80 |       895.60 |                  5.00 |                    5.00 |    393 |    19.4498 |
|        1 |          0 |           891.50 |       891.50 |       891.50 |                  5.00 |                    5.00 |    395 |    19.5086 |
|        1 |          1 |           891.50 |       891.50 |       891.50 |                  5.00 |                    5.00 |    395 |    19.5483 |
|        1 |          2 |           891.50 |       891.50 |       891.50 |                  5.00 |                    5.00 |    395 |    19.5936 |
|        1 |          3 |           891.50 |       891.50 |       894.40 |                  5.00 |                    5.00 |    399 |    19.6353 |
|        1 |          4 |           891.50 |       891.50 |       894.40 |                  5.00 |                    5.00 |    399 |    19.6972 |
|        1 |          5 |           891.50 |       891.50 |       923.40 |                  5.00 |                    5.00 |    401 |    19.7456 |
|        1 |          6 |           891.50 |       891.50 |       928.30 |                  5.00 |                    5.00 |    403 |    19.8211 |
|        1 |          7 |           891.50 |       891.50 |       958.10 |                  5.00 |                    5.00 |    406 |    19.8787 |
|        1 |          8 |           891.50 |       891.50 |       994.40 |                  5.00 |                    5.00 |    412 |    19.9368 |
------------------------------------------------------------------------------------------------------------------------------------------------
|  Restart |  Iteration |  Best Feas. Cost |    Best Cost |   Curr. Cost |   Penalty Custom Res. |   Penalty Standard Res. |   Pool |   Time (s) |
------------------------------------------------------------------------------------------------------------------------------------------------
|        1 |          9 |           891.50 |       891.50 |       933.80 |                  5.00 |                    5.00 |    416 |    20.0582 |
|        1 |         10 |           891.50 |       891.50 |       933.80 |                  5.00 |                    5.00 |    417 |    20.1084 |
|        1 |         11 |           891.50 |       891.50 |       961.40 |                  5.00 |                    5.00 |    420 |    20.1608 |
|        1 |         12 |           891.50 |       891.50 |       960.70 |                  5.00 |                    5.00 |    421 |    20.2049 |
|        1 |         13 |           891.50 |       891.50 |       960.70 |                  5.00 |                    5.00 |    421 |    20.2509 |
|        1 |         14 |           891.50 |       891.50 |       933.10 |                  5.00 |                    5.00 |    422 |    20.3120 |
|        1 |         15 |           891.50 |       891.50 |       943.10 |                  5.00 |                    5.00 |    423 |    20.3658 |
|        1 |         16 |           891.50 |       891.50 |       948.59 |                  5.00 |                    6.14 |    423 |    20.4198 |
|        1 |         17 |           891.50 |       891.50 |       932.89 |                  5.00 |                    5.00 |    423 |    20.4887 |
|        1 |         18 |           891.50 |       891.50 |       932.05 |                  5.00 |                    6.53 |    423 |    20.5461 |
|        1 |         19 |           891.50 |       891.50 |       928.40 |                  5.00 |                    5.00 |    424 |    20.6230 |
|        1 |         20 |           891.50 |       891.50 |       921.60 |                  5.00 |                    5.00 |    425 |    20.7087 |
|        1 |         21 |           891.50 |       891.50 |       921.60 |                  5.00 |                    5.00 |    425 |    20.7479 |
|        1 |         22 |           891.50 |       891.50 |       921.60 |                  5.00 |                    5.00 |    425 |    20.7909 |
|        1 |         23 |           891.50 |       891.50 |       923.00 |                  5.00 |                    5.00 |    428 |    20.8360 |
|        1 |         24 |           891.50 |       891.50 |       927.90 |                  5.00 |                    5.00 |    429 |    20.8799 |
|        1 |         25 |           891.50 |       891.50 |       934.40 |                  5.00 |                    5.00 |    430 |    20.9806 |
|        1 |         26 |           891.50 |       891.50 |       934.40 |                  5.00 |                    5.00 |    430 |    21.0253 |
|        1 |         27 |           891.50 |       891.50 |       939.10 |                  5.00 |                    5.00 |    432 |    21.0826 |
|        1 |         28 |           891.50 |       891.50 |       939.10 |                  5.00 |                    5.00 |    432 |    21.1152 |
|        1 |         29 |           891.50 |       891.50 |       941.30 |                  5.00 |                    5.00 |    434 |    21.1763 |
|        1 |         30 |           891.50 |       891.50 |       919.60 |                  5.00 |                    5.00 |    438 |    21.3603 |
|        1 |         31 |           891.50 |       891.50 |       919.60 |                  5.00 |                    5.00 |    438 |    21.4000 |
|        1 |         32 |           891.50 |       891.50 |       919.60 |                  5.00 |                    5.00 |    438 |    21.4310 |
|        1 |         33 |           891.50 |       891.50 |       919.60 |                  5.00 |                    5.00 |    438 |    21.4808 |
|        1 |         34 |           891.50 |       891.50 |       912.80 |                  5.00 |                    5.00 |    439 |    21.5442 |
|        1 |         35 |           891.50 |       891.50 |       941.50 |                  5.00 |                    5.00 |    441 |    21.6016 |
|        1 |         36 |           891.50 |       891.50 |       942.30 |                  5.00 |                    5.00 |    442 |    21.6476 |
|        1 |         37 |           891.50 |       891.50 |       913.60 |                  5.00 |                    5.00 |    442 |    21.7035 |
|        1 |         38 |           891.50 |       891.50 |       913.60 |                  5.00 |                    5.00 |    442 |    21.7476 |
|        1 |         39 |           891.50 |       891.50 |       933.50 |                  5.00 |                    5.00 |    443 |    21.8040 |
|        1 |         40 |           891.50 |       891.50 |       914.50 |                  5.00 |                    5.00 |    443 |    21.8566 |
|        1 |         41 |           891.50 |       891.50 |       913.70 |                  5.00 |                    5.00 |    443 |    21.9318 |
|        1 |         42 |           891.50 |       891.50 |       914.30 |                  5.00 |                    5.00 |    444 |    21.9715 |
|        1 |         43 |           891.50 |       891.50 |       914.30 |                  5.00 |                    5.00 |    444 |    22.0219 |
|        1 |         44 |           891.50 |       891.50 |       914.30 |                  5.00 |                    5.00 |    444 |    22.0702 |
|        1 |         45 |           891.50 |       891.50 |       915.60 |                  5.00 |                    5.00 |    445 |    22.1588 |
|        1 |         46 |           891.50 |       891.50 |       914.80 |                  5.00 |                    5.00 |    446 |    22.2554 |
|        1 |         47 |           891.50 |       891.50 |       915.60 |                  5.00 |                    5.00 |    446 |    22.2993 |
|        1 |         48 |           891.50 |       891.50 |       931.10 |                  5.00 |                    5.00 |    449 |    22.3855 |
|        1 |         49 |           891.50 |       891.50 |       960.70 |                  5.00 |                    5.00 |    451 |    22.4215 |
|        1 |         50 |           891.50 |       891.50 |       960.70 |                  5.00 |                    5.00 |    453 |    22.4641 |
|        1 |         51 |           891.50 |       891.50 |       983.80 |                  5.00 |                    5.00 |    455 |    22.5141 |
|        1 |         52 |           891.50 |       891.50 |       962.50 |                  5.00 |                    5.00 |    457 |    22.6043 |
|        1 |         53 |           891.50 |       891.50 |       930.10 |                  5.00 |                    5.00 |    462 |    22.7747 |
|        1 |         54 |           891.50 |       891.50 |       919.40 |                  5.00 |                    5.00 |    465 |    22.8279 |
|        1 |         55 |           891.50 |       891.50 |       943.90 |                  5.00 |                    5.00 |    468 |    22.9118 |
|        1 |         56 |           891.50 |       891.50 |       943.00 |                  5.00 |                    5.00 |    471 |    22.9923 |
|        1 |         57 |           891.50 |       891.50 |       943.00 |                  5.00 |                    5.00 |    471 |    23.0317 |
|        1 |         58 |           891.50 |       891.50 |       935.40 |                  5.00 |                    5.00 |    475 |    23.1147 |
|        1 |         59 |           891.50 |       891.50 |       935.40 |                  5.00 |                    5.00 |    477 |    23.1688 |
|        1 |         60 |           891.50 |       891.50 |       935.00 |                  5.00 |                    5.00 |    478 |    23.2293 |
|        1 |         61 |           891.50 |       891.50 |       934.60 |                  5.00 |                    5.00 |    480 |    23.2972 |
|        1 |         62 |           891.50 |       891.50 |       934.60 |                  5.00 |                    5.00 |    481 |    23.3558 |
|        1 |         63 |           891.50 |       891.50 |       936.10 |                  5.00 |                    5.00 |    484 |    23.4069 |
|        1 |         64 |           891.50 |       891.50 |       936.10 |                  5.00 |                    5.00 |    484 |    23.4260 |
|        1 |         65 |           891.50 |       891.50 |       935.70 |                  5.00 |                    5.00 |    485 |    23.4829 |
|        1 |         66 |           891.50 |       891.50 |       932.90 |                  5.00 |                    5.00 |    488 |    23.5886 |
|        1 |         67 |           891.50 |       891.50 |       929.70 |                  5.00 |                    5.00 |    489 |    23.6355 |
|        1 |         68 |           891.50 |       891.50 |       927.40 |                  5.00 |                    5.00 |    490 |    23.6975 |
|        1 |         69 |           891.50 |       891.50 |       927.40 |                  5.00 |                    5.00 |    490 |    23.7373 |
|        1 |         70 |           891.50 |       891.50 |       924.10 |                  5.00 |                    5.00 |    492 |    23.8344 |
|        1 |         71 |           891.50 |       891.50 |       924.10 |                  5.00 |                    5.00 |    492 |    23.8937 |
|        1 |         72 |           891.50 |       891.50 |       924.10 |                  5.00 |                    5.00 |    492 |    23.9510 |
|        1 |         73 |           891.50 |       891.50 |       917.60 |                  5.00 |                    5.00 |    493 |    24.0304 |
|        1 |         74 |           891.50 |       891.50 |       917.60 |                  5.00 |                    5.00 |    493 |    24.0868 |
|        1 |         75 |           891.50 |       891.50 |       917.60 |                  5.00 |                    5.00 |    493 |    24.1083 |
|        1 |         76 |           891.50 |       891.50 |       916.60 |                  5.00 |                    5.00 |    494 |    24.1562 |
|        1 |         77 |           891.50 |       891.50 |       919.50 |                  5.00 |                    5.00 |    497 |    24.2137 |
|        1 |         78 |           891.50 |       891.50 |       908.80 |                  5.00 |                    5.00 |    498 |    24.2850 |
|        1 |         79 |           891.50 |       891.50 |       910.70 |                  5.00 |                    5.00 |    500 |    24.3436 |
|        1 |         80 |           891.50 |       891.50 |       910.70 |                  5.00 |                    5.00 |    500 |    24.3861 |
|        1 |         81 |           891.50 |       891.50 |       908.80 |                  5.00 |                    5.00 |    500 |    24.4324 |
|        1 |         82 |           891.50 |       891.50 |       907.50 |                  5.00 |                    5.00 |    502 |    24.4901 |
|        1 |         83 |           891.50 |       891.50 |       920.80 |                  5.00 |                    5.00 |    505 |    24.5459 |
|        1 |         84 |           891.50 |       891.50 |       934.10 |                  5.00 |                    5.00 |    508 |    24.6058 |
|        1 |         85 |           891.50 |       891.50 |       930.20 |                  5.00 |                    6.10 |    510 |    24.6611 |
|        1 |         86 |           891.50 |       891.50 |       930.20 |                  5.00 |                    5.00 |    510 |    24.7062 |
|        1 |         87 |           891.50 |       891.50 |       929.40 |                  5.00 |                    5.00 |    510 |    24.7646 |
|        1 |         88 |           891.50 |       891.50 |       929.40 |                  5.00 |                    5.00 |    510 |    24.8025 |
|        1 |         89 |           891.50 |       891.50 |       928.40 |                  5.00 |                    5.00 |    510 |    24.8562 |
|        1 |         90 |           891.50 |       891.50 |       925.00 |                  5.00 |                    5.00 |    511 |    24.9017 |
|        1 |         91 |           891.50 |       891.50 |       925.00 |                  5.00 |                    5.00 |    511 |    24.9445 |
|        1 |         92 |           891.50 |       891.50 |       925.00 |                  5.00 |                    5.00 |    511 |    24.9864 |
|        1 |         93 |           891.50 |       891.50 |       925.00 |                  5.00 |                    5.00 |    511 |    25.0343 |
|        1 |         94 |           891.50 |       891.50 |       919.30 |                  5.00 |                    5.00 |    511 |    25.1552 |
|        1 |         95 |           891.50 |       891.50 |       919.30 |                  5.00 |                    5.00 |    511 |    25.1962 |
|        1 |         96 |           891.50 |       891.50 |       919.30 |                  5.00 |                    5.00 |    511 |    25.2396 |
|        1 |         97 |           891.50 |       891.50 |       919.30 |                  5.00 |                    5.00 |    511 |    25.2851 |
|        1 |         98 |           891.50 |       891.50 |       919.30 |                  5.00 |                    5.00 |    511 |    25.3202 |
|        1 |         99 |           891.50 |       891.50 |       919.30 |                  5.00 |                    5.00 |    511 |    25.3692 |
|        1 |        100 |           891.50 |       891.50 |       919.30 |                  5.00 |                    5.00 |    511 |    25.4065 |
|        1 |        101 |           891.50 |       891.50 |       938.40 |                  5.00 |                    5.00 |    513 |    25.4492 |
|        1 |        102 |           891.50 |       891.50 |       922.10 |                  5.00 |                    5.00 |    513 |    25.5206 |
|        1 |        103 |           891.50 |       891.50 |       924.30 |                  5.00 |                    5.00 |    516 |    25.5975 |
|        1 |        104 |           891.50 |       891.50 |       924.30 |                  5.00 |                    5.00 |    516 |    25.6468 |
|        1 |        105 |           891.50 |       891.50 |       924.30 |                  5.00 |                    5.00 |    516 |    25.6984 |
|        1 |        106 |           891.50 |       891.50 |       924.30 |                  5.00 |                    5.00 |    516 |    25.7482 |
|        1 |        107 |           891.50 |       891.50 |       922.00 |                  5.00 |                    5.00 |    518 |    25.8036 |
|        1 |        108 |           891.50 |       891.50 |       920.00 |                  5.00 |                    5.00 |    521 |    25.8812 |
|        1 |        109 |           891.50 |       891.50 |       920.00 |                  5.00 |                    5.00 |    521 |    25.9212 |
|        1 |        110 |           891.50 |       891.50 |       927.30 |                  5.00 |                    5.00 |    524 |    25.9721 |
|        1 |        111 |           891.50 |       891.50 |       943.60 |                  5.00 |                    5.00 |    526 |    26.0254 |
|        1 |        112 |           891.50 |       891.50 |       927.30 |                  5.00 |                    5.00 |    526 |    26.0675 |
|        1 |        113 |           891.50 |       891.50 |       939.40 |                  5.00 |                    5.00 |    529 |    26.1222 |
|        1 |        114 |           891.50 |       891.50 |       931.80 |                  5.00 |                    5.00 |    532 |    26.2005 |
|        1 |        115 |           891.50 |       891.50 |       932.90 |                  5.00 |                    5.00 |    534 |    26.2551 |
|        1 |        116 |           891.50 |       891.50 |       932.10 |                  5.00 |                    5.00 |    535 |    26.2964 |
|        1 |        117 |           891.50 |       891.50 |       933.10 |                  5.00 |                    5.02 |    539 |    26.3667 |
|        1 |        118 |           891.50 |       891.50 |       930.40 |                  5.00 |                    5.00 |    544 |    26.4640 |
|        1 |        119 |           891.50 |       891.50 |       919.80 |                  5.00 |                    5.00 |    547 |    26.5238 |
|        1 |        120 |           891.50 |       891.50 |       916.20 |                  5.00 |                    5.00 |    550 |    26.6088 |
|        1 |        121 |           891.50 |       891.50 |       915.10 |                  5.00 |                    5.00 |    550 |    26.6526 |
|        1 |        122 |           891.50 |       891.50 |       915.10 |                  5.00 |                    5.00 |    550 |    26.6930 |
|        1 |        123 |           891.50 |       891.50 |       915.10 |                  5.00 |                    5.00 |    550 |    26.7303 |
|        1 |        124 |           891.50 |       891.50 |       915.10 |                  5.00 |                    5.00 |    550 |    26.8078 |
|        1 |        125 |           891.50 |       891.50 |       915.10 |                  5.00 |                    5.00 |    550 |    26.8488 |
|        1 |        126 |           891.50 |       891.50 |       915.10 |                  5.00 |                    5.00 |    550 |    26.8869 |
|        1 |        127 |           891.50 |       891.50 |       915.10 |                  5.00 |                    5.00 |    550 |    26.9222 |
|        1 |        128 |           891.50 |       891.50 |       918.40 |                  5.00 |                    5.00 |    552 |    26.9978 |
|        1 |        129 |           891.50 |       891.50 |       917.50 |                  5.00 |                    5.00 |    554 |    27.0596 |
|        1 |        130 |           891.50 |       891.50 |       924.80 |                  5.00 |                    5.00 |    556 |    27.1016 |
|        1 |        131 |           891.50 |       891.50 |       919.20 |                  5.00 |                    5.00 |    557 |    27.1836 |
|        1 |        132 |           891.50 |       891.50 |       924.80 |                  5.00 |                    5.00 |    557 |    27.2303 |
|        1 |        133 |           891.50 |       891.50 |       924.80 |                  5.00 |                    5.00 |    557 |    27.2695 |
|        1 |        134 |           891.50 |       891.50 |       916.70 |                  5.00 |                    5.00 |    559 |    27.3770 |
|        1 |        135 |           891.50 |       891.50 |       918.50 |                  5.00 |                    5.00 |    562 |    27.4255 |
|        1 |        136 |           891.50 |       891.50 |       918.50 |                  5.00 |                    5.00 |    562 |    27.4703 |
|        1 |        137 |           891.50 |       891.50 |       918.50 |                  5.00 |                    5.00 |    562 |    27.5176 |
|        1 |        138 |           891.50 |       891.50 |       916.70 |                  5.00 |                    5.00 |    563 |    27.5948 |
|        1 |        139 |           891.50 |       891.50 |       916.70 |                  5.00 |                    5.00 |    563 |    27.6474 |
|        1 |        140 |           891.50 |       891.50 |       916.70 |                  5.00 |                    5.00 |    563 |    27.7011 |
|        1 |        141 |           891.50 |       891.50 |       916.70 |                  5.00 |                    5.00 |    563 |    27.7357 |
|        1 |        142 |           891.50 |       891.50 |       941.10 |                  5.00 |                    5.00 |    564 |    27.7897 |
|        1 |        143 |           891.50 |       891.50 |       941.10 |                  5.00 |                    5.00 |    564 |    27.8321 |
|        1 |        144 |           891.50 |       891.50 |       951.30 |                  5.00 |                    5.00 |    565 |    27.8730 |
|        1 |        145 |           891.50 |       891.50 |       941.10 |                  5.00 |                    5.00 |    565 |    27.9238 |
|        1 |        146 |           891.50 |       891.50 |       941.10 |                  5.00 |                    5.00 |    565 |    27.9670 |
|        1 |        147 |           891.50 |       891.50 |       925.20 |                  5.00 |                    5.00 |    568 |    28.0657 |
|        1 |        148 |           891.50 |       891.50 |       915.00 |                  5.00 |                    5.00 |    569 |    28.1412 |
|        1 |        149 |           891.50 |       891.50 |       915.00 |                  5.00 |                    5.00 |    569 |    28.2325 |
|        1 |        150 |           891.50 |       891.50 |       917.90 |                  5.00 |                    5.00 |    570 |    28.3503 |
|        1 |        151 |           891.50 |       891.50 |       905.30 |                  5.00 |                    5.00 |    572 |    28.4332 |
|        1 |        152 |           891.50 |       891.50 |       905.30 |                  5.00 |                    5.00 |    572 |    28.4893 |
|        1 |        153 |           891.50 |       891.50 |       905.30 |                  5.00 |                    5.00 |    572 |    28.5363 |
|        1 |        154 |           891.50 |       891.50 |       905.30 |                  5.00 |                    5.00 |    572 |    28.5799 |
|        1 |        155 |           891.50 |       891.50 |       905.30 |                  5.00 |                    5.00 |    572 |    28.6110 |
|        1 |        156 |           891.50 |       891.50 |       905.30 |                  5.00 |                    5.00 |    573 |    28.6630 |
|        1 |        157 |           891.50 |       891.50 |       905.30 |                  5.00 |                    5.00 |    573 |    28.7242 |
|        1 |        158 |           891.50 |       891.50 |       898.10 |                  5.00 |                    5.00 |    574 |    28.8363 |
|        1 |        159 |           891.50 |       891.50 |       901.10 |                  5.00 |                    5.00 |    575 |    28.9141 |
|        1 |        160 |           891.50 |       891.50 |       903.00 |                  5.00 |                    5.00 |    576 |    28.9764 |
|        1 |        161 |           891.50 |       891.50 |       902.70 |                  5.00 |                    5.00 |    577 |    29.0472 |
|        1 |        162 |           891.50 |       891.50 |       902.70 |                  5.00 |                    5.00 |    577 |    29.0900 |
|        1 |        163 |           891.50 |       891.50 |       902.70 |                  5.00 |                    5.00 |    577 |    29.1331 |
|        1 |        164 |           891.50 |       891.50 |       902.70 |                  5.00 |                    5.00 |    577 |    29.1703 |
|        1 |        165 |           891.50 |       891.50 |       902.70 |                  5.00 |                    5.00 |    577 |    29.2117 |
|        1 |        166 |           891.50 |       891.50 |       902.70 |                  5.00 |                    5.00 |    577 |    29.2612 |
|        1 |        167 |           891.50 |       891.50 |       903.00 |                  5.00 |                    5.00 |    577 |    29.3085 |
|        1 |        168 |           891.50 |       891.50 |       901.10 |                  5.00 |                    5.00 |    578 |    29.3700 |
|        1 |        169 |           891.50 |       891.50 |       901.10 |                  5.00 |                    5.00 |    578 |    29.4451 |
|        1 |        170 |           891.50 |       891.50 |       901.10 |                  5.00 |                    5.00 |    578 |    29.4966 |
|        1 |        171 |           891.50 |       891.50 |       901.10 |                  5.00 |                    5.00 |    578 |    29.5411 |
|        1 |        172 |           891.50 |       891.50 |       901.10 |                  5.00 |                    5.00 |    578 |    29.5792 |
|        1 |        173 |           891.50 |       891.50 |       920.70 |                  5.00 |                    5.00 |    582 |    29.6133 |
|        1 |        174 |           891.50 |       891.50 |       944.00 |                  5.00 |                    5.00 |    584 |    29.6668 |
|        1 |        175 |           891.50 |       891.50 |       930.30 |                  5.00 |                    5.00 |    588 |    29.7443 |
|        1 |        176 |           891.50 |       891.50 |       933.20 |                  5.00 |                    8.39 |    589 |    29.8117 |
|        1 |        177 |           891.50 |       891.50 |       925.20 |                  5.00 |                    5.00 |    591 |    29.9476 |
|        1 |        178 |           891.50 |       891.50 |       925.20 |                  5.00 |                    5.00 |    591 |    30.0066 |
|        1 |        179 |           891.50 |       891.50 |       915.40 |                  5.00 |                    5.00 |    591 |    30.0702 |
|        1 |        180 |           891.50 |       891.50 |       915.40 |                  5.00 |                    5.00 |    591 |    30.1225 |
|        1 |        181 |           891.50 |       891.50 |       915.40 |                  5.00 |                    5.00 |    591 |    30.1671 |
|        1 |        182 |           891.50 |       891.50 |       913.00 |                  5.00 |                    5.00 |    591 |    30.2448 |
|        1 |        183 |           891.50 |       891.50 |       912.30 |                  5.00 |                    5.00 |    591 |    30.3157 |
|        1 |        184 |           891.50 |       891.50 |       912.30 |                  5.00 |                    5.00 |    591 |    30.3661 |
|        1 |        185 |           891.50 |       891.50 |       915.50 |                  5.00 |                    5.00 |    593 |    30.4082 |
|        1 |        186 |           891.50 |       891.50 |       915.50 |                  5.00 |                    7.67 |    593 |    30.4583 |
|        1 |        187 |           891.50 |       891.50 |       915.50 |                  5.00 |                    5.00 |    593 |    30.5195 |
|        1 |        188 |           891.50 |       891.50 |       934.50 |                  5.00 |                    5.00 |    595 |    30.5659 |
|        1 |        189 |           891.50 |       891.50 |       908.60 |                  5.00 |                    5.00 |    596 |    30.6561 |
|        1 |          0 |           891.20 |       891.20 |       891.20 |                  5.00 |                    5.00 |    596 |    30.7314 |
|        1 |          1 |           891.20 |       891.20 |       891.20 |                  5.00 |                    5.00 |    596 |    30.8060 |
|        1 |          2 |           891.20 |       891.20 |       891.20 |                  5.00 |                    5.00 |    596 |    30.8482 |
|        1 |          3 |           891.20 |       891.20 |       891.20 |                  5.00 |                    5.00 |    596 |    30.9444 |
|        1 |          4 |           891.20 |       891.20 |       893.60 |                  5.00 |                    5.00 |    596 |    30.9911 |
|        1 |          5 |           891.20 |       891.20 |       893.60 |                  5.00 |                    5.00 |    596 |    31.0477 |
|        1 |          6 |           891.20 |       891.20 |       893.60 |                  5.00 |                    5.00 |    596 |    31.1105 |
|        1 |          7 |           891.20 |       891.20 |       893.60 |                  5.00 |                    5.00 |    596 |    31.1637 |
|        1 |          8 |           891.20 |       891.20 |       893.60 |                  5.00 |                    5.00 |    596 |    31.1966 |
|        1 |          9 |           891.20 |       891.20 |       893.60 |                  5.00 |                    5.00 |    596 |    31.2621 |
|        1 |         10 |           891.20 |       891.20 |       893.60 |                  5.00 |                    5.00 |    596 |    31.3124 |
|        1 |         11 |           891.20 |       891.20 |       893.60 |                  5.00 |                    5.00 |    596 |    31.3810 |
|        1 |         12 |           891.20 |       891.20 |       927.00 |                  5.00 |                    5.00 |    598 |    31.4409 |
|        1 |         13 |           891.20 |       891.20 |       927.00 |                  5.00 |                    5.00 |    598 |    31.5166 |
|        1 |         14 |           891.20 |       891.20 |       927.00 |                  5.00 |                    5.00 |    598 |    31.5723 |
|        1 |         15 |           891.20 |       891.20 |       927.00 |                  5.00 |                    5.00 |    598 |    31.6193 |
|        1 |         16 |           891.20 |       891.20 |       927.00 |                  5.00 |                    5.00 |    598 |    31.6676 |
|        1 |         17 |           891.20 |       891.20 |       921.80 |                  5.00 |                    5.00 |    598 |    31.7288 |
|        1 |         18 |           891.20 |       891.20 |       916.90 |                  5.00 |                    5.00 |    598 |    31.7933 |
|        1 |         19 |           891.20 |       891.20 |       917.20 |                  5.00 |                    7.90 |    598 |    31.8788 |
|        1 |         20 |           891.20 |       891.20 |       917.20 |                  5.00 |                    5.00 |    598 |    31.9279 |
|        1 |         21 |           891.20 |       891.20 |       917.20 |                  5.00 |                    5.00 |    598 |    32.0001 |
|        1 |         22 |           891.20 |       891.20 |       917.20 |                  5.00 |                    5.00 |    598 |    32.0389 |
|        1 |         23 |           891.20 |       891.20 |       916.90 |                  5.00 |                    5.00 |    599 |    32.0890 |
|        1 |         24 |           891.20 |       891.20 |       916.90 |                  5.00 |                    5.00 |    599 |    32.1452 |
|        1 |         25 |           891.20 |       891.20 |       915.10 |                  5.00 |                    5.00 |    600 |    32.2216 |
|        1 |         26 |           891.20 |       891.20 |       899.60 |                  5.00 |                    5.63 |    604 |    32.2895 |
|        1 |         27 |           891.20 |       891.20 |       899.60 |                  5.00 |                    5.00 |    604 |    32.3464 |
|        1 |         28 |           891.20 |       891.20 |       899.60 |                  5.00 |                    5.00 |    604 |    32.3879 |
|        1 |         29 |           891.20 |       891.20 |       899.60 |                  5.00 |                    5.00 |    604 |    32.4576 |
|        1 |         30 |           891.20 |       891.20 |       899.60 |                  5.00 |                    5.00 |    604 |    32.5333 |
|        1 |         31 |           891.20 |       891.20 |       899.60 |                  5.00 |                    5.00 |    606 |    32.5701 |
|        1 |         32 |           891.20 |       891.20 |       899.60 |                  5.00 |                    5.00 |    606 |    32.6268 |
|        1 |         33 |           891.20 |       891.20 |       899.60 |                  5.00 |                    5.00 |    606 |    32.6831 |
|        1 |         34 |           891.20 |       891.20 |       898.70 |                  5.00 |                    5.00 |    610 |    32.7251 |
|        1 |         35 |           891.20 |       891.20 |       923.00 |                  5.00 |                    5.00 |    613 |    32.8018 |
|        1 |         36 |           891.20 |       891.20 |       921.40 |                  5.00 |                    5.00 |    618 |    32.9243 |
|        1 |         37 |           891.20 |       891.20 |       945.10 |                  5.00 |                    5.00 |    622 |    32.9808 |
|        1 |         38 |           891.20 |       891.20 |       975.70 |                  5.00 |                    5.00 |    626 |    33.0263 |
|        1 |         39 |           891.20 |       891.20 |       957.30 |                  5.00 |                    5.00 |    632 |    33.0954 |
|        1 |         40 |           891.20 |       891.20 |       952.20 |                  5.00 |                    5.00 |    634 |    33.1667 |
|        1 |         41 |           891.20 |       891.20 |       953.30 |                  5.00 |                    5.00 |    637 |    33.2262 |
|        1 |         42 |           891.20 |       891.20 |       953.30 |                  5.00 |                    5.00 |    637 |    33.2762 |
|        1 |         43 |           891.20 |       891.20 |       953.30 |                  5.00 |                    5.00 |    637 |    33.3348 |
|        1 |         44 |           891.20 |       891.20 |       925.00 |                  5.00 |                    5.00 |    639 |    33.4333 |
|        1 |         45 |           891.20 |       891.20 |       919.70 |                  5.00 |                    5.00 |    640 |    33.5417 |
|        1 |         46 |           891.20 |       891.20 |       919.70 |                  5.00 |                    5.00 |    640 |    33.5987 |
|        1 |         47 |           891.20 |       891.20 |       919.70 |                  5.00 |                    5.00 |    640 |    33.6421 |
|        1 |         48 |           891.20 |       891.20 |       919.70 |                  5.00 |                    5.00 |    640 |    33.6804 |
|        1 |         49 |           891.20 |       891.20 |       919.70 |                  5.00 |                    5.00 |    640 |    33.7679 |
|        1 |         50 |           891.20 |       891.20 |       939.60 |                  5.00 |                    5.00 |    644 |    33.8243 |
|        1 |         51 |           891.20 |       891.20 |       949.50 |                  5.00 |                    5.00 |    645 |    33.8933 |
|        1 |         52 |           891.20 |       891.20 |       942.80 |                  5.00 |                    5.00 |    645 |    33.9839 |
|        1 |         53 |           891.20 |       891.20 |       942.00 |                  5.00 |                    5.00 |    645 |    34.0419 |
|        1 |         54 |           891.20 |       891.20 |       939.60 |                  5.00 |                    5.00 |    645 |    34.0868 |
|        1 |         55 |           891.20 |       891.20 |       919.40 |                  5.00 |                    5.00 |    647 |    34.1582 |
|        1 |         56 |           891.20 |       891.20 |       919.40 |                  5.00 |                    5.00 |    648 |    34.2096 |
|        1 |         57 |           891.20 |       891.20 |       919.40 |                  5.00 |                    5.00 |    648 |    34.2552 |
|        1 |         58 |           891.20 |       891.20 |       920.20 |                  5.00 |                    5.00 |    648 |    34.3650 |
|        1 |         59 |           891.20 |       891.20 |       920.20 |                  5.00 |                    5.00 |    648 |    34.4193 |
|        1 |         60 |           891.20 |       891.20 |       920.20 |                  5.00 |                    5.00 |    648 |    34.4635 |
|        1 |         61 |           891.20 |       891.20 |       944.70 |                  5.00 |                    5.00 |    650 |    34.5087 |
|        1 |         62 |           891.20 |       891.20 |       944.70 |                  5.00 |                    5.00 |    650 |    34.5516 |
|        1 |         63 |           891.20 |       891.20 |       983.40 |                  5.00 |                    5.00 |    655 |    34.6036 |
|        1 |         64 |           891.20 |       891.20 |       983.40 |                  5.00 |                    5.00 |    655 |    34.6496 |
|        1 |         65 |           891.20 |       891.20 |       980.60 |                  5.00 |                    5.00 |    655 |    34.7148 |
|        1 |         66 |           891.20 |       891.20 |       988.70 |                  5.00 |                    5.00 |    659 |    34.8154 |
|        1 |         67 |           891.20 |       891.20 |       984.20 |                  5.00 |                    5.00 |    666 |    34.9732 |
|        1 |         68 |           891.20 |       891.20 |       944.20 |                  5.00 |                    5.00 |    672 |    35.0404 |
|        1 |         69 |           891.20 |       891.20 |       944.20 |                  5.00 |                    5.00 |    672 |    35.1040 |
|        1 |         70 |           891.20 |       891.20 |       944.20 |                  5.00 |                    5.00 |    672 |    35.1624 |
|        1 |         71 |           891.20 |       891.20 |       944.20 |                  5.00 |                    5.00 |    672 |    35.2177 |
|        1 |         72 |           891.20 |       891.20 |       940.90 |                  5.00 |                    5.00 |    676 |    35.3206 |
|        1 |         73 |           891.20 |       891.20 |       942.00 |                  5.00 |                    5.00 |    677 |    35.4011 |
|        1 |         74 |           891.20 |       891.20 |       926.20 |                  5.00 |                    5.00 |    681 |    35.5052 |
|        1 |         75 |           891.20 |       891.20 |       912.90 |                  5.00 |                    5.00 |    683 |    35.6088 |
|        1 |         76 |           891.20 |       891.20 |       912.90 |                  5.00 |                    5.00 |    683 |    35.6688 |
|        1 |         77 |           891.20 |       891.20 |       915.10 |                  5.00 |                    5.00 |    684 |    35.7468 |
|        1 |         78 |           891.20 |       891.20 |       912.90 |                  5.00 |                    5.00 |    686 |    35.7941 |
|        1 |         79 |           891.20 |       891.20 |       912.90 |                  5.00 |                    5.00 |    686 |    35.8356 |
|        1 |         80 |           891.20 |       891.20 |       923.80 |                  5.00 |                    5.00 |    687 |    35.9446 |
|        1 |         81 |           891.20 |       891.20 |       925.90 |                  5.00 |                    5.00 |    690 |    36.0136 |
|        1 |         82 |           891.20 |       891.20 |       925.90 |                  5.00 |                    5.00 |    690 |    36.0710 |
|        1 |         83 |           891.20 |       891.20 |       925.90 |                  5.00 |                    5.00 |    690 |    36.1055 |
|        1 |         84 |           891.20 |       891.20 |       925.90 |                  5.00 |                    5.00 |    690 |    36.1403 |
|        1 |         85 |           891.20 |       891.20 |       925.90 |                  5.00 |                    5.00 |    693 |    36.1818 |
|        1 |         86 |           891.20 |       891.20 |       912.60 |                  5.00 |                    5.00 |    695 |    36.2567 |
|        1 |         87 |           891.20 |       891.20 |       912.60 |                  5.00 |                    5.00 |    695 |    36.3004 |
|        1 |         88 |           891.20 |       891.20 |       909.20 |                  5.00 |                    5.00 |    696 |    36.3825 |
|        1 |         89 |           891.20 |       891.20 |       920.70 |                  5.00 |                    5.00 |    698 |    36.4277 |
|        1 |         90 |           891.20 |       891.20 |       920.70 |                  5.00 |                    5.00 |    698 |    36.4650 |
|        1 |         91 |           891.20 |       891.20 |       910.90 |                  5.00 |                    5.00 |    700 |    36.5741 |
|        1 |         92 |           891.20 |       891.20 |       904.00 |                  5.00 |                    5.00 |    701 |    36.6549 |
|        1 |         93 |           891.20 |       891.20 |       904.00 |                  5.00 |                    5.00 |    701 |    36.6994 |
|        1 |         94 |           891.20 |       891.20 |       904.00 |                  5.00 |                    5.00 |    701 |    36.7451 |
|        1 |         95 |           891.20 |       891.20 |       904.00 |                  5.00 |                    5.00 |    701 |    36.7808 |
|        1 |         96 |           891.20 |       891.20 |       903.10 |                  5.00 |                    5.00 |    702 |    36.8297 |
|        1 |         97 |           891.20 |       891.20 |       905.90 |                  5.00 |                    5.00 |    702 |    36.8816 |
|        1 |         98 |           891.20 |       891.20 |       918.10 |                  5.00 |                    5.00 |    703 |    36.9316 |
|        1 |         99 |           891.20 |       891.20 |       914.90 |                  5.00 |                    5.00 |    703 |    36.9901 |
|        1 |        100 |           891.20 |       891.20 |       914.10 |                  5.00 |                    5.00 |    703 |    37.0745 |
|        1 |        101 |           891.20 |       891.20 |       914.10 |                  5.00 |                    5.00 |    703 |    37.1114 |
|        1 |        102 |           891.20 |       891.20 |       914.10 |                  5.00 |                    5.00 |    703 |    37.1460 |
|        1 |        103 |           891.20 |       891.20 |       914.10 |                  5.00 |                    5.00 |    703 |    37.2058 |
|        1 |        104 |           891.20 |       891.20 |       914.10 |                  5.00 |                    5.00 |    703 |    37.2511 |
|        1 |        105 |           891.20 |       891.20 |       914.10 |                  5.00 |                    5.00 |    703 |    37.2967 |
|        1 |        106 |           891.20 |       891.20 |       914.10 |                  5.00 |                    5.00 |    703 |    37.3490 |
|        1 |        107 |           891.20 |       891.20 |       914.10 |                  5.00 |                    5.00 |    703 |    37.4026 |
|        1 |        108 |           891.20 |       891.20 |       911.30 |                  5.00 |                    5.00 |    703 |    37.4719 |
|        1 |        109 |           891.20 |       891.20 |       911.30 |                  5.00 |                    5.00 |    703 |    37.5119 |
|        1 |        110 |           891.20 |       891.20 |       922.80 |                  5.00 |                    5.00 |    704 |    37.5924 |
|        1 |        111 |           891.20 |       891.20 |       922.80 |                  5.00 |                    5.00 |    704 |    37.6559 |
|        1 |        112 |           891.20 |       891.20 |       922.00 |                  5.00 |                    5.00 |    704 |    37.7026 |
|        1 |        113 |           891.20 |       891.20 |       922.00 |                  5.00 |                    5.00 |    704 |    37.7461 |
|        1 |        114 |           891.20 |       891.20 |       922.00 |                  5.00 |                    7.14 |    704 |    37.8042 |
|        1 |        115 |           891.20 |       891.20 |       922.00 |                  5.00 |                    5.00 |    704 |    37.8837 |
|        1 |        116 |           891.20 |       891.20 |       922.80 |                  5.00 |                    5.00 |    704 |    37.9606 |
|        1 |        117 |           891.20 |       891.20 |       922.80 |                  5.00 |                    5.00 |    704 |    38.0117 |
|        1 |        118 |           891.20 |       891.20 |       922.80 |                  5.00 |                    5.00 |    704 |    38.0737 |
|        1 |        119 |           891.20 |       891.20 |       922.80 |                  5.00 |                    5.00 |    704 |    38.1257 |
|        1 |        120 |           891.20 |       891.20 |       922.80 |                  5.00 |                    5.00 |    704 |    38.1715 |
|        1 |        121 |           891.20 |       891.20 |       922.80 |                  5.00 |                    5.00 |    704 |    38.2140 |
|        1 |        122 |           891.20 |       891.20 |       914.10 |                  5.00 |                    5.00 |    704 |    38.2992 |
|        1 |        123 |           891.20 |       891.20 |       914.10 |                  5.00 |                    5.00 |    704 |    38.3479 |
|        1 |        124 |           891.20 |       891.20 |       913.00 |                  5.00 |                    5.00 |    704 |    38.4064 |
|        1 |        125 |           891.20 |       891.20 |       913.00 |                  5.00 |                    5.00 |    704 |    38.4699 |
|        1 |        126 |           891.20 |       891.20 |       913.00 |                  5.00 |                    5.00 |    704 |    38.5182 |
|        1 |        127 |           891.20 |       891.20 |       913.00 |                  5.00 |                    5.00 |    704 |    38.5484 |
|        1 |        128 |           891.20 |       891.20 |       913.00 |                  5.00 |                    5.00 |    704 |    38.6379 |
|        1 |        129 |           891.20 |       891.20 |       913.00 |                  5.00 |                    5.00 |    704 |    38.6732 |
|        1 |        130 |           891.20 |       891.20 |       913.00 |                  5.00 |                    5.00 |    704 |    38.7029 |
|        1 |        131 |           891.20 |       891.20 |       913.00 |                  5.00 |                    5.00 |    704 |    38.7457 |
|        1 |        132 |           891.20 |       891.20 |       913.00 |                  5.00 |                    5.00 |    704 |    38.7965 |
|        1 |        133 |           891.20 |       891.20 |       913.00 |                  5.00 |                    5.00 |    704 |    38.8447 |
|        1 |        134 |           891.20 |       891.20 |       912.10 |                  5.00 |                    5.00 |    704 |    38.8975 |
|        1 |        135 |           891.20 |       891.20 |       926.40 |                  5.00 |                    5.00 |    708 |    38.9522 |
|        1 |        136 |           891.20 |       891.20 |       918.40 |                  5.00 |                    5.00 |    710 |    39.0007 |
|        1 |        137 |           891.20 |       891.20 |       918.40 |                  5.00 |                    5.00 |    710 |    39.0623 |
|        1 |        138 |           891.20 |       891.20 |       913.90 |                  5.00 |                    5.00 |    711 |    39.1689 |
|        1 |        139 |           891.20 |       891.20 |       940.90 |                  5.00 |                    5.00 |    711 |    39.2262 |
|        1 |        140 |           891.20 |       891.20 |       917.50 |                  5.00 |                    5.00 |    712 |    39.3138 |
|        1 |        141 |           891.20 |       891.20 |       909.30 |                  5.00 |                    5.00 |    715 |    39.4223 |
|        1 |        142 |           891.20 |       891.20 |       909.30 |                  5.00 |                    5.00 |    715 |    39.4681 |
|        1 |        143 |           891.20 |       891.20 |       909.30 |                  5.00 |                    5.00 |    715 |    39.5239 |
|        1 |        144 |           891.20 |       891.20 |       909.30 |                  5.00 |                    5.00 |    715 |    39.5621 |
|        1 |        145 |           891.20 |       891.20 |       912.30 |                  5.00 |                    5.00 |    717 |    39.6118 |
|        1 |        146 |           891.20 |       891.20 |       912.30 |                  5.00 |                    5.00 |    717 |    39.6725 |
|        1 |        147 |           891.20 |       891.20 |       914.50 |                  5.00 |                    5.00 |    717 |    39.7160 |
|        1 |        148 |           891.20 |       891.20 |       912.30 |                  5.00 |                    5.00 |    717 |    39.7816 |
|        1 |        149 |           891.20 |       891.20 |       912.30 |                  5.00 |                    5.00 |    717 |    39.8363 |
|        1 |        150 |           891.20 |       891.20 |       912.30 |                  5.00 |                    5.00 |    717 |    39.8736 |
|        1 |        151 |           891.20 |       891.20 |       912.30 |                  5.00 |                    5.00 |    717 |    39.9263 |
|        1 |        152 |           891.20 |       891.20 |       912.30 |                  5.00 |                    5.00 |    717 |    39.9580 |
------------------------------------------------------------------------------------------------------------------------------------------------
|  Restart |  Iteration |  Best Feas. Cost |    Best Cost |   Curr. Cost |   Penalty Custom Res. |   Penalty Standard Res. |   Pool |   Time (s) |
------------------------------------------------------------------------------------------------------------------------------------------------
|        1 |        153 |           891.20 |       891.20 |       908.30 |                  5.00 |                    5.00 |    718 |    40.0279 |
|        1 |        154 |           891.20 |       891.20 |       902.90 |                  5.00 |                    5.00 |    720 |    40.1276 |
|        1 |        155 |           891.20 |       891.20 |       921.90 |                  5.00 |                    5.00 |    722 |    40.1711 |
|        1 |        156 |           891.20 |       891.20 |       914.50 |                  5.00 |                    5.00 |    725 |    40.2330 |
|        1 |        157 |           891.20 |       891.20 |       914.50 |                  5.00 |                    5.00 |    725 |    40.2776 |
|        1 |        158 |           891.20 |       891.20 |       901.80 |                  5.00 |                    5.00 |    726 |    40.3286 |
|        1 |        159 |           891.20 |       891.20 |       894.50 |                  5.00 |                    5.00 |    726 |    40.4155 |
|        1 |          0 |           890.40 |       890.40 |       890.40 |                  5.00 |                    5.00 |    726 |    40.4799 |
|        1 |          1 |           890.40 |       890.40 |       899.50 |                  5.00 |                    5.00 |    729 |    40.5799 |
|        1 |          2 |           890.40 |       890.40 |       899.50 |                  5.00 |                    5.00 |    729 |    40.6222 |
|        1 |          3 |           890.40 |       890.40 |       899.50 |                  5.00 |                    5.00 |    729 |    40.6718 |
|        1 |          4 |           890.40 |       890.40 |       899.50 |                  5.00 |                    5.00 |    729 |    40.6939 |
|        1 |          5 |           890.40 |       890.40 |       899.50 |                  5.00 |                    5.00 |    729 |    40.7532 |
|        1 |          6 |           890.40 |       890.40 |       895.80 |                  5.00 |                    5.00 |    730 |    40.8342 |
|        1 |          7 |           890.40 |       890.40 |       894.50 |                  5.00 |                    5.00 |    730 |    40.9223 |
|        1 |          8 |           890.40 |       890.40 |       894.50 |                  5.00 |                    5.00 |    730 |    40.9834 |
|        1 |          9 |           890.40 |       890.40 |       896.20 |                  5.00 |                    5.00 |    731 |    41.0340 |
|        1 |         10 |           890.40 |       890.40 |       896.20 |                  5.00 |                    5.00 |    731 |    41.0801 |
|        1 |         11 |           890.40 |       890.40 |       896.20 |                  5.00 |                    5.00 |    731 |    41.1996 |
|        1 |         12 |           890.40 |       890.40 |       896.20 |                  5.00 |                    5.00 |    731 |    41.2469 |
|        1 |         13 |           890.40 |       890.40 |       896.20 |                  5.00 |                    5.00 |    731 |    41.2926 |
|        1 |         14 |           890.40 |       890.40 |       896.20 |                  5.00 |                    5.00 |    731 |    41.3292 |
|        1 |         15 |           890.40 |       890.40 |       894.50 |                  5.00 |                    5.00 |    731 |    41.4156 |
|        1 |         16 |           890.40 |       890.40 |       894.50 |                  5.00 |                    5.00 |    731 |    41.4550 |
|        1 |         17 |           890.40 |       890.40 |       894.50 |                  5.00 |                    5.00 |    731 |    41.5020 |
|        1 |         18 |           890.40 |       890.40 |       890.40 |                  5.00 |                    5.00 |    731 |    41.6104 |
|        1 |         19 |           890.40 |       890.40 |       890.40 |                  5.00 |                    5.00 |    731 |    41.6907 |
|        1 |         20 |           890.40 |       890.40 |       890.40 |                  5.00 |                    5.00 |    731 |    41.7540 |
|        1 |         21 |           890.40 |       890.40 |       891.30 |                  5.00 |                    5.00 |    732 |    41.8169 |
|        1 |         22 |           890.40 |       890.40 |       896.20 |                  5.00 |                    5.00 |    732 |    41.9126 |
|        1 |         23 |           890.40 |       890.40 |       896.20 |                  5.00 |                    5.00 |    732 |    41.9489 |
|        1 |         24 |           890.40 |       890.40 |       894.50 |                  5.00 |                    5.00 |    732 |    42.0102 |
|        1 |         25 |           890.40 |       890.40 |       896.20 |                  5.00 |                    5.00 |    732 |    42.0492 |
|        1 |         26 |           890.40 |       890.40 |       893.60 |                  5.00 |                    5.00 |    732 |    42.1772 |
|        1 |         27 |           890.40 |       890.40 |       895.30 |                  5.00 |                    5.00 |    732 |    42.2308 |
|        1 |         28 |           890.40 |       890.40 |       894.20 |                  5.00 |                    5.00 |    733 |    42.2871 |
|        1 |         29 |           890.40 |       890.40 |       896.40 |                  5.00 |                    5.00 |    733 |    42.3388 |
|        1 |         30 |           890.40 |       890.40 |       896.40 |                  5.00 |                    6.10 |    733 |    42.3974 |
|        1 |         31 |           890.40 |       890.40 |       896.40 |                  5.00 |                    5.00 |    733 |    42.4378 |
|        1 |         32 |           890.40 |       890.40 |       896.40 |                  5.00 |                    5.00 |    733 |    42.4860 |
|        1 |         33 |           890.40 |       890.40 |       896.40 |                  5.00 |                    5.00 |    733 |    42.5513 |
|        1 |         34 |           890.40 |       890.40 |       896.40 |                  5.00 |                    5.00 |    733 |    42.6014 |
|        1 |         35 |           890.40 |       890.40 |       896.40 |                  5.00 |                    5.00 |    733 |    42.6455 |
|        1 |         36 |           890.40 |       890.40 |       896.40 |                  5.00 |                    5.00 |    733 |    42.6904 |
|        1 |         37 |           890.40 |       890.40 |       896.40 |                  5.00 |                    5.00 |    733 |    42.7358 |
|        1 |         38 |           890.40 |       890.40 |       896.40 |                  5.00 |                    5.00 |    733 |    42.7842 |
|        1 |         39 |           890.40 |       890.40 |       891.20 |                  5.00 |                    5.00 |    733 |    42.8633 |
|        1 |         40 |           890.40 |       890.40 |       891.50 |                  5.00 |                    5.00 |    733 |    42.9034 |
|        1 |         41 |           890.40 |       890.40 |       891.50 |                  5.00 |                    5.00 |    733 |    42.9464 |
|        1 |         42 |           890.40 |       890.40 |       894.30 |                  5.00 |                    5.00 |    733 |    42.9970 |
|        1 |          0 |           887.40 |       887.40 |       887.40 |                  5.00 |                    5.00 |    735 |    43.0814 |
|        1 |          1 |           887.40 |       887.40 |       887.40 |                  5.00 |                    5.00 |    735 |    43.1147 |
|        1 |          2 |           887.40 |       887.40 |       887.40 |                  5.00 |                    5.00 |    735 |    43.1562 |
|        1 |          3 |           887.40 |       887.40 |       914.10 |                  5.00 |                    5.00 |    738 |    43.2027 |
|        1 |          4 |           887.40 |       887.40 |       914.10 |                  5.00 |                    5.00 |    738 |    43.2572 |
|        1 |          5 |           887.40 |       887.40 |       914.10 |                  5.00 |                    5.00 |    738 |    43.3000 |
|        1 |          6 |           887.40 |       887.40 |       914.10 |                  5.00 |                    5.00 |    738 |    43.3487 |
|        1 |          7 |           887.40 |       887.40 |       914.10 |                  5.00 |                    5.00 |    738 |    43.3983 |
|        1 |          8 |           887.40 |       887.40 |       917.40 |                  5.00 |                    5.00 |    740 |    43.4460 |
|        1 |          9 |           887.40 |       887.40 |       917.40 |                  5.00 |                    5.00 |    740 |    43.5126 |
|        1 |         10 |           887.40 |       887.40 |       914.40 |                  5.00 |                    5.00 |    742 |    43.5968 |
|        1 |         11 |           887.40 |       887.40 |       914.40 |                  5.00 |                    5.00 |    742 |    43.6481 |
|        1 |         12 |           887.40 |       887.40 |       934.90 |                  5.00 |                    5.00 |    744 |    43.7458 |
|        1 |         13 |           887.40 |       887.40 |       931.90 |                  5.00 |                    5.52 |    745 |    43.7878 |
|        1 |         14 |           887.40 |       887.40 |       920.50 |                  5.00 |                    5.00 |    745 |    43.8831 |
|        1 |         15 |           887.40 |       887.40 |       918.60 |                  5.00 |                    5.00 |    748 |    43.9312 |
|        1 |         16 |           887.40 |       887.40 |       918.60 |                  5.00 |                    5.00 |    748 |    43.9707 |
|        1 |         17 |           887.40 |       887.40 |       917.50 |                  5.00 |                    5.00 |    750 |    44.0712 |
|        1 |         18 |           887.40 |       887.40 |       894.00 |                  5.00 |                    5.00 |    751 |    44.1190 |
|        1 |         19 |           887.40 |       887.40 |       894.00 |                  5.00 |                    5.00 |    751 |    44.1705 |
|        1 |         20 |           887.40 |       887.40 |       907.10 |                  5.00 |                    5.00 |    751 |    44.2093 |
|        1 |         21 |           887.40 |       887.40 |       907.10 |                  5.00 |                    5.00 |    751 |    44.2326 |
|        1 |         22 |           887.40 |       887.40 |       915.70 |                  5.00 |                    5.00 |    753 |    44.2677 |
|        1 |         23 |           887.40 |       887.40 |       914.00 |                  5.00 |                    5.00 |    754 |    44.3321 |
|        1 |         24 |           887.40 |       887.40 |       914.00 |                  5.00 |                    5.00 |    754 |    44.3781 |
|        1 |         25 |           887.40 |       887.40 |       914.00 |                  5.00 |                    5.00 |    754 |    44.4231 |
|        1 |         26 |           887.40 |       887.40 |       913.20 |                  5.00 |                    5.00 |    754 |    44.4697 |
|        1 |         27 |           887.40 |       887.40 |       910.40 |                  5.00 |                    5.00 |    754 |    44.5312 |
|        1 |         28 |           887.40 |       887.40 |       915.30 |                  5.00 |                    5.00 |    756 |    44.5835 |
|        1 |         29 |           887.40 |       887.40 |       910.40 |                  5.00 |                    5.00 |    756 |    44.6566 |
|        1 |         30 |           887.40 |       887.40 |       910.40 |                  5.00 |                    5.00 |    756 |    44.6999 |
|        1 |         31 |           887.40 |       887.40 |       910.40 |                  5.00 |                    5.00 |    756 |    44.7445 |
|        1 |         32 |           887.40 |       887.40 |       910.40 |                  5.00 |                    5.00 |    756 |    44.7769 |
|        1 |         33 |           887.40 |       887.40 |       910.40 |                  5.00 |                    5.00 |    756 |    44.8166 |
|        1 |         34 |           887.40 |       887.40 |       929.40 |                  5.00 |                    5.00 |    756 |    44.8567 |
|        1 |         35 |           887.40 |       887.40 |       910.40 |                  5.00 |                    5.00 |    756 |    44.9091 |
|        1 |         36 |           887.40 |       887.40 |       910.40 |                  5.00 |                    5.00 |    756 |    44.9524 |
|        1 |         37 |           887.40 |       887.40 |       910.40 |                  5.00 |                    5.00 |    756 |    45.0142 |
|        1 |         38 |           887.40 |       887.40 |       910.40 |                  5.00 |                    5.00 |    756 |    45.0491 |
|        1 |         39 |           887.40 |       887.40 |       910.40 |                  5.00 |                    5.00 |    756 |    45.0958 |
|        1 |         40 |           887.40 |       887.40 |       912.90 |                  5.00 |                    5.00 |    758 |    45.1739 |
|        1 |         41 |           887.40 |       887.40 |       911.00 |                  5.00 |                    5.00 |    759 |    45.2303 |
|        1 |         42 |           887.40 |       887.40 |       911.00 |                  5.00 |                    5.00 |    759 |    45.2900 |
|        1 |         43 |           887.40 |       887.40 |       910.40 |                  5.00 |                    5.00 |    759 |    45.3477 |
|        1 |         44 |           887.40 |       887.40 |       910.40 |                  5.00 |                    5.00 |    759 |    45.3832 |
|        1 |         45 |           887.40 |       887.40 |       933.90 |                  5.00 |                    7.52 |    761 |    45.4775 |
|        1 |         46 |           887.40 |       887.40 |       933.90 |                  5.00 |                    5.00 |    761 |    45.5228 |
|        1 |         47 |           887.40 |       887.40 |       933.90 |                  5.00 |                    5.00 |    761 |    45.5603 |
|        1 |         48 |           887.40 |       887.40 |       920.80 |                  5.00 |                    5.00 |    763 |    45.6325 |
|        1 |         49 |           887.40 |       887.40 |       920.80 |                  5.00 |                    5.00 |    763 |    45.6756 |
|        1 |         50 |           887.40 |       887.40 |       916.00 |                  5.00 |                    5.00 |    764 |    45.7636 |
|        1 |         51 |           887.40 |       887.40 |       893.50 |                  5.00 |                    5.00 |    766 |    45.8631 |
|        1 |         52 |           887.40 |       887.40 |       893.50 |                  5.00 |                    5.00 |    766 |    45.9139 |
|        1 |         53 |           887.40 |       887.40 |       892.90 |                  5.00 |                    5.00 |    766 |    45.9700 |
|        1 |         54 |           887.40 |       887.40 |       892.90 |                  5.00 |                    7.08 |    766 |    46.0157 |
|        1 |         55 |           887.40 |       887.40 |       892.90 |                  5.00 |                    5.00 |    766 |    46.0645 |
|        1 |         56 |           887.40 |       887.40 |       892.90 |                  5.00 |                    5.00 |    766 |    46.1076 |
|        1 |         57 |           887.40 |       887.40 |       893.80 |                  5.00 |                    5.00 |    766 |    46.1748 |
|        1 |         58 |           887.40 |       887.40 |       893.80 |                  5.00 |                    5.00 |    766 |    46.2416 |
|        1 |         59 |           887.40 |       887.40 |       894.00 |                  5.00 |                    5.00 |    767 |    46.2843 |
|        1 |         60 |           887.40 |       887.40 |       894.00 |                  5.00 |                    5.00 |    767 |    46.3260 |
|        1 |         61 |           887.40 |       887.40 |       894.00 |                  5.00 |                    5.00 |    767 |    46.3608 |
|        1 |         62 |           887.40 |       887.40 |       898.10 |                  5.00 |                    5.00 |    767 |    46.4136 |
|        1 |         63 |           887.40 |       887.40 |       898.10 |                  5.00 |                    5.00 |    767 |    46.4473 |
|        1 |         64 |           887.40 |       887.40 |       901.50 |                  5.00 |                    5.00 |    768 |    46.5008 |
|        1 |         65 |           887.40 |       887.40 |       907.90 |                  5.00 |                    5.00 |    768 |    46.5497 |
|        1 |         66 |           887.40 |       887.40 |       910.70 |                  5.00 |                    5.00 |    768 |    46.5840 |
|        1 |         67 |           887.40 |       887.40 |       910.70 |                  5.00 |                    5.00 |    768 |    46.6266 |
|        1 |         68 |           887.40 |       887.40 |       904.30 |                  5.00 |                    5.00 |    768 |    46.6749 |
|        1 |         69 |           887.40 |       887.40 |       931.40 |                  5.00 |                    5.00 |    768 |    46.7204 |
|        1 |         70 |           887.40 |       887.40 |       932.00 |                  5.00 |                    5.00 |    768 |    46.7595 |
|        1 |         71 |           887.40 |       887.40 |       931.20 |                  5.00 |                    5.00 |    768 |    46.8060 |
|        1 |         72 |           887.40 |       887.40 |       937.60 |                  5.00 |                    6.16 |    768 |    46.8481 |
|        1 |         73 |           887.40 |       887.40 |       924.40 |                  5.00 |                    5.00 |    768 |    46.9377 |
|        1 |         74 |           887.40 |       887.40 |       924.40 |                  5.00 |                    5.00 |    768 |    46.9831 |
|        1 |         75 |           887.40 |       887.40 |       925.70 |                  5.00 |                    5.00 |    770 |    47.0675 |
|        1 |         76 |           887.40 |       887.40 |       925.70 |                  5.00 |                    5.00 |    770 |    47.1106 |
|        1 |         77 |           887.40 |       887.40 |       941.20 |                  5.00 |                    5.00 |    771 |    47.1820 |
|        1 |         78 |           887.40 |       887.40 |       941.20 |                  5.00 |                    5.00 |    771 |    47.2280 |
|        1 |         79 |           887.40 |       887.40 |       945.40 |                  5.00 |                    5.00 |    772 |    47.2691 |
|        1 |         80 |           887.40 |       887.40 |       944.60 |                  5.00 |                    5.00 |    772 |    47.3226 |
|        1 |         81 |           887.40 |       887.40 |       944.60 |                  5.00 |                    5.00 |    772 |    47.3769 |
|        1 |         82 |           887.40 |       887.40 |       944.00 |                  5.00 |                    5.00 |    774 |    47.4364 |
|        1 |         83 |           887.40 |       887.40 |       943.10 |                  5.00 |                    5.00 |    776 |    47.5090 |
|        1 |         84 |           887.40 |       887.40 |       943.10 |                  5.00 |                    5.00 |    776 |    47.5568 |
|        1 |         85 |           887.40 |       887.40 |       956.40 |                  5.00 |                    5.00 |    778 |    47.6251 |
|        1 |         86 |           887.40 |       887.40 |       946.10 |                  5.00 |                    5.00 |    780 |    47.6766 |
|        1 |         87 |           887.40 |       887.40 |       937.60 |                  5.00 |                    5.00 |    782 |    47.7351 |
|        1 |         88 |           887.40 |       887.40 |       921.90 |                  5.00 |                    5.00 |    783 |    47.8647 |
|        1 |         89 |           887.40 |       887.40 |       921.90 |                  5.00 |                    5.00 |    783 |    47.9062 |
|        1 |         90 |           887.40 |       887.40 |       921.90 |                  5.00 |                    5.00 |    783 |    47.9559 |
|        1 |         91 |           887.40 |       887.40 |       943.20 |                  5.00 |                    5.00 |    786 |    48.0054 |
|        1 |         92 |           887.40 |       887.40 |       941.30 |                  5.00 |                    5.00 |    789 |    48.0649 |
|        1 |         93 |           887.40 |       887.40 |       915.30 |                  5.00 |                    5.00 |    791 |    48.1250 |
|        1 |         94 |           887.40 |       887.40 |       915.30 |                  5.00 |                    5.00 |    791 |    48.1679 |
|        1 |         95 |           887.40 |       887.40 |       931.30 |                  5.00 |                    5.00 |    793 |    48.2183 |
|        1 |         96 |           887.40 |       887.40 |       913.50 |                  5.00 |                    5.00 |    796 |    48.3130 |
|        1 |         97 |           887.40 |       887.40 |       913.50 |                  5.00 |                    5.00 |    796 |    48.3876 |
|        1 |         98 |           887.40 |       887.40 |       913.50 |                  5.00 |                    5.00 |    796 |    48.4178 |
|        1 |         99 |           887.40 |       887.40 |       908.90 |                  5.00 |                    5.00 |    799 |    48.4783 |
|        1 |        100 |           887.40 |       887.40 |       908.90 |                  5.00 |                    5.00 |    799 |    48.4985 |
|        1 |        101 |           887.40 |       887.40 |       910.70 |                  5.00 |                    5.00 |    801 |    48.6151 |
|        1 |        102 |           887.40 |       887.40 |       905.10 |                  5.00 |                    5.00 |    801 |    48.6801 |
|        1 |        103 |           887.40 |       887.40 |       910.30 |                  5.00 |                    5.00 |    803 |    48.7553 |
|        1 |        104 |           887.40 |       887.40 |       910.30 |                  5.00 |                    5.00 |    803 |    48.8090 |
|        1 |        105 |           887.40 |       887.40 |       929.20 |                  5.00 |                    5.00 |    804 |    48.8636 |
|        1 |        106 |           887.40 |       887.40 |       913.40 |                  5.00 |                    5.00 |    806 |    48.9285 |
|        1 |        107 |           887.40 |       887.40 |       913.40 |                  5.00 |                    5.00 |    806 |    48.9713 |
|        1 |        108 |           887.40 |       887.40 |       905.30 |                  5.00 |                    5.00 |    808 |    49.0262 |
|        1 |        109 |           887.40 |       887.40 |       904.00 |                  5.00 |                    5.00 |    808 |    49.0879 |
|        1 |        110 |           887.40 |       887.40 |       904.00 |                  5.00 |                    5.00 |    808 |    49.1283 |
|        1 |        111 |           887.40 |       887.40 |       893.60 |                  5.00 |                    7.44 |    810 |    49.2012 |
|        1 |        112 |           887.40 |       887.40 |       912.10 |                  5.00 |                    5.00 |    810 |    49.3415 |
|        1 |        113 |           887.40 |       887.40 |       912.10 |                  5.00 |                    5.00 |    810 |    49.3828 |
|        1 |        114 |           887.40 |       887.40 |       912.10 |                  5.00 |                    5.00 |    810 |    49.4275 |
|        1 |        115 |           887.40 |       887.40 |       912.10 |                  5.00 |                    5.00 |    810 |    49.4863 |
|        1 |        116 |           887.40 |       887.40 |       938.90 |                  5.00 |                    5.00 |    810 |    49.5358 |
|        1 |        117 |           887.40 |       887.40 |       918.50 |                  5.00 |                    5.00 |    815 |    49.6085 |
|        1 |        118 |           887.40 |       887.40 |       918.50 |                  5.00 |                    5.00 |    815 |    49.6436 |
|        1 |        119 |           887.40 |       887.40 |       918.50 |                  5.00 |                    5.00 |    815 |    49.6871 |
|        1 |        120 |           887.40 |       887.40 |       912.90 |                  5.00 |                    5.00 |    816 |    49.7506 |
|        1 |        121 |           887.40 |       887.40 |       911.90 |                  5.00 |                    5.00 |    817 |    49.8017 |
|        1 |        122 |           887.40 |       887.40 |       911.90 |                  5.00 |                    5.00 |    817 |    49.8434 |
|        1 |        123 |           887.40 |       887.40 |       904.40 |                  5.00 |                    5.00 |    818 |    49.9678 |
|        1 |        124 |           887.40 |       887.40 |       904.40 |                  5.00 |                    5.00 |    818 |    50.0089 |
|        1 |        125 |           887.40 |       887.40 |       919.80 |                  5.00 |                    5.00 |    819 |    50.0708 |
|        1 |        126 |           887.40 |       887.40 |       916.10 |                  5.00 |                    5.00 |    820 |    50.1500 |
|        1 |        127 |           887.40 |       887.40 |       916.70 |                  5.00 |                    5.00 |    821 |    50.1979 |
|        1 |        128 |           887.40 |       887.40 |       904.40 |                  5.00 |                    5.00 |    821 |    50.2583 |
|        1 |        129 |           887.40 |       887.40 |       904.40 |                  5.00 |                    5.00 |    821 |    50.3174 |
|        1 |        130 |           887.40 |       887.40 |       934.30 |                  5.00 |                    5.00 |    822 |    50.3706 |
|        1 |        131 |           887.40 |       887.40 |       934.30 |                  5.00 |                    5.00 |    823 |    50.4210 |
|        1 |        132 |           887.40 |       887.40 |       934.30 |                  5.00 |                    5.00 |    823 |    50.4782 |
|        1 |        133 |           887.40 |       887.40 |       934.30 |                  5.00 |                    5.00 |    823 |    50.5331 |
|        1 |        134 |           887.40 |       887.40 |       934.30 |                  5.00 |                    5.00 |    823 |    50.5852 |
|        1 |        135 |           887.40 |       887.40 |       934.20 |                  5.00 |                    5.00 |    823 |    50.6420 |
|        1 |        136 |           887.40 |       887.40 |       934.20 |                  5.00 |                    5.00 |    823 |    50.6893 |
|        1 |        137 |           887.40 |       887.40 |       934.20 |                  5.00 |                    5.00 |    823 |    50.7584 |
|        1 |        138 |           887.40 |       887.40 |       934.20 |                  5.00 |                    5.00 |    823 |    50.8108 |
|        1 |        139 |           887.40 |       887.40 |       931.90 |                  5.00 |                    5.00 |    824 |    50.9099 |
|        1 |        140 |           887.40 |       887.40 |       926.60 |                  5.00 |                    5.00 |    824 |    50.9719 |
|        1 |        141 |           887.40 |       887.40 |       926.60 |                  5.00 |                    5.00 |    824 |    51.0107 |
|        1 |        142 |           887.40 |       887.40 |       926.60 |                  5.00 |                    5.00 |    824 |    51.0720 |
|        1 |        143 |           887.40 |       887.40 |       923.40 |                  5.00 |                    5.00 |    824 |    51.1419 |
|        1 |        144 |           887.40 |       887.40 |       916.30 |                  5.00 |                    8.14 |    824 |    51.2225 |
|        1 |        145 |           887.40 |       887.40 |       888.00 |                  5.00 |                    5.00 |    824 |    51.3656 |
|        1 |        146 |           887.40 |       887.40 |       889.90 |                  5.00 |                    5.00 |    824 |    51.4299 |
|        1 |        147 |           887.40 |       887.40 |       888.00 |                  5.00 |                    5.00 |    824 |    51.4889 |
|        1 |        148 |           887.40 |       887.40 |       888.00 |                  5.00 |                    7.30 |    824 |    51.5329 |
|        1 |        149 |           887.40 |       887.40 |       890.00 |                  5.00 |                    5.00 |    824 |    51.5723 |
|        1 |        150 |           887.40 |       887.40 |       894.90 |                  5.00 |                    5.00 |    824 |    51.6313 |
|        1 |        151 |           887.40 |       887.40 |       891.20 |                  5.00 |                    5.00 |    824 |    51.7190 |
|        1 |        152 |           887.40 |       887.40 |       891.20 |                  5.00 |                    5.00 |    824 |    51.7695 |
|        1 |        153 |           887.40 |       887.40 |       891.20 |                  5.00 |                    5.00 |    824 |    51.8168 |
|        1 |        154 |           887.40 |       887.40 |       932.50 |                  5.00 |                    5.00 |    827 |    51.8566 |
|        1 |        155 |           887.40 |       887.40 |       911.30 |                  5.00 |                    5.00 |    827 |    51.9795 |
|        1 |        156 |           887.40 |       887.40 |       911.30 |                  5.00 |                    5.00 |    827 |    52.0212 |
|        1 |        157 |           887.40 |       887.40 |       911.30 |                  5.00 |                    5.00 |    827 |    52.0658 |
|        1 |        158 |           887.40 |       887.40 |       911.30 |                  5.00 |                    5.00 |    827 |    52.1045 |
|        1 |        159 |           887.40 |       887.40 |       911.30 |                  5.00 |                    5.00 |    827 |    52.1442 |
|        1 |        160 |           887.40 |       887.40 |       911.70 |                  5.00 |                    5.00 |    828 |    52.1850 |
|        1 |        161 |           887.40 |       887.40 |       911.70 |                  5.00 |                    5.00 |    828 |    52.2224 |
|        1 |        162 |           887.40 |       887.40 |       911.70 |                  5.00 |                    5.00 |    828 |    52.2655 |
|        1 |        163 |           887.40 |       887.40 |       911.70 |                  5.00 |                    5.00 |    828 |    52.3131 |
|        1 |        164 |           887.40 |       887.40 |       911.70 |                  5.00 |                    5.00 |    828 |    52.3557 |
|        1 |        165 |           887.40 |       887.40 |       911.30 |                  5.00 |                    5.00 |    828 |    52.4193 |
|        1 |        166 |           887.40 |       887.40 |       911.30 |                  5.00 |                    5.00 |    828 |    52.4773 |
|        1 |        167 |           887.40 |       887.40 |       910.70 |                  5.00 |                    5.00 |    830 |    52.5845 |
|        1 |        168 |           887.40 |       887.40 |       910.70 |                  5.00 |                    5.00 |    830 |    52.6535 |
|        1 |        169 |           887.40 |       887.40 |       929.70 |                  5.00 |                    5.00 |    831 |    52.7004 |
|        1 |        170 |           887.40 |       887.40 |       897.50 |                  5.00 |                    5.00 |    833 |    52.8048 |
|        1 |        171 |           887.40 |       887.40 |       907.30 |                  5.00 |                    5.00 |    834 |    52.8464 |
|        1 |        172 |           887.40 |       887.40 |       945.80 |                  5.00 |                    5.00 |    838 |    52.9625 |
|        1 |        173 |           887.40 |       887.40 |       900.30 |                  5.00 |                    5.47 |    838 |    53.0816 |
|        1 |        174 |           887.40 |       887.40 |       915.40 |                  5.00 |                    5.00 |    840 |    53.1517 |
|        1 |        175 |           887.40 |       887.40 |       905.40 |                  5.00 |                    5.00 |    841 |    53.2053 |
|        1 |        176 |           887.40 |       887.40 |       905.40 |                  5.00 |                    5.00 |    841 |    53.2632 |
|        1 |        177 |           887.40 |       887.40 |       896.20 |                  5.00 |                    7.75 |    842 |    53.3581 |
|        1 |        178 |           887.40 |       887.40 |       896.20 |                  5.00 |                    5.00 |    842 |    53.4051 |
|        1 |        179 |           887.40 |       887.40 |       896.20 |                  5.00 |                    5.00 |    842 |    53.4331 |
|        1 |        180 |           887.40 |       887.40 |       896.20 |                  5.00 |                    5.00 |    842 |    53.4790 |
|        1 |        181 |           887.40 |       887.40 |       896.20 |                  5.00 |                    5.00 |    842 |    53.5208 |
|        1 |        182 |           887.40 |       887.40 |       894.30 |                  5.00 |                    5.00 |    844 |    53.5991 |
|        1 |        183 |           887.40 |       887.40 |       907.70 |                  5.00 |                    5.00 |    845 |    53.6431 |
|        1 |        184 |           887.40 |       887.40 |       907.70 |                  5.00 |                    5.00 |    845 |    53.6807 |
|        1 |        185 |           887.40 |       887.40 |       907.70 |                  5.00 |                    5.00 |    845 |    53.7224 |
|        1 |        186 |           887.40 |       887.40 |       895.70 |                  5.00 |                    5.00 |    845 |    53.7696 |
|        1 |          0 |           887.10 |       887.10 |       887.10 |                  5.00 |                    5.00 |    845 |    53.8193 |
|        1 |          1 |           887.10 |       887.10 |       892.60 |                  5.00 |                    5.00 |    845 |    53.8726 |
|        1 |          2 |           887.10 |       887.10 |       892.60 |                  5.00 |                    5.00 |    845 |    53.9117 |
|        1 |          3 |           887.10 |       887.10 |       896.70 |                  5.00 |                    5.00 |    845 |    53.9574 |
|        1 |          4 |           887.10 |       887.10 |       896.70 |                  5.00 |                    5.00 |    845 |    54.0193 |
|        1 |          5 |           887.10 |       887.10 |       896.70 |                  5.00 |                    5.00 |    845 |    54.0602 |
|        1 |          6 |           887.10 |       887.10 |       889.90 |                  5.00 |                    5.00 |    845 |    54.1205 |
|        1 |          7 |           887.10 |       887.10 |       890.00 |                  5.00 |                    5.00 |    845 |    54.2559 |
|        1 |          8 |           887.10 |       887.10 |       894.00 |                  5.00 |                    5.00 |    847 |    54.3020 |
|        1 |          9 |           887.10 |       887.10 |       894.00 |                  5.00 |                    5.00 |    847 |    54.3463 |
|        1 |         10 |           887.10 |       887.10 |       890.00 |                  5.00 |                    5.00 |    847 |    54.4112 |
|        1 |         11 |           887.10 |       887.10 |       905.80 |                  5.00 |                    5.00 |    847 |    54.5031 |
|        1 |         12 |           887.10 |       887.10 |       907.70 |                  5.00 |                    5.00 |    847 |    54.5546 |
|        1 |         13 |           887.10 |       887.10 |       905.80 |                  5.00 |                    5.00 |    847 |    54.5937 |
|        1 |         14 |           887.10 |       887.10 |       894.00 |                  5.00 |                    5.00 |    847 |    54.6785 |
|        1 |         15 |           887.10 |       887.10 |       910.90 |                  5.00 |                    5.00 |    850 |    54.7577 |
|        1 |         16 |           887.10 |       887.10 |       910.90 |                  5.00 |                    5.00 |    850 |    54.8077 |
|        1 |         17 |           887.10 |       887.10 |       910.90 |                  5.00 |                    5.00 |    850 |    54.8412 |
|        1 |         18 |           887.10 |       887.10 |       910.90 |                  5.00 |                    5.00 |    850 |    54.8943 |
|        1 |         19 |           887.10 |       887.10 |       908.10 |                  5.00 |                    5.26 |    850 |    54.9403 |
|        1 |         20 |           887.10 |       887.10 |       927.10 |                  5.00 |                    5.00 |    851 |    54.9978 |
|        1 |         21 |           887.10 |       887.10 |       890.00 |                  5.00 |                    5.00 |    851 |    55.0985 |
|        1 |         22 |           887.10 |       887.10 |       890.00 |                  5.00 |                    5.00 |    851 |    55.1463 |
|        1 |         23 |           887.10 |       887.10 |       893.60 |                  5.00 |                    5.00 |    851 |    55.1894 |
|        1 |         24 |           887.10 |       887.10 |       888.00 |                  5.00 |                    5.00 |    851 |    55.2760 |
|        1 |         25 |           887.10 |       887.10 |       888.00 |                  5.00 |                    5.00 |    851 |    55.3179 |
|        1 |         26 |           887.10 |       887.10 |       891.20 |                  5.00 |                    5.00 |    851 |    55.4415 |
|        1 |         27 |           887.10 |       887.10 |       891.20 |                  5.00 |                    5.00 |    851 |    55.4848 |
|        1 |         28 |           887.10 |       887.10 |       906.70 |                  5.00 |                    5.00 |    852 |    55.5499 |
|        1 |         29 |           887.10 |       887.10 |       906.70 |                  5.00 |                    5.00 |    852 |    55.6027 |
|        1 |         30 |           887.10 |       887.10 |       917.60 |                  5.00 |                    5.00 |    853 |    55.6586 |
|        1 |         31 |           887.10 |       887.10 |       917.60 |                  5.00 |                    5.00 |    853 |    55.7165 |
|        1 |         32 |           887.10 |       887.10 |       917.60 |                  5.00 |                    5.36 |    853 |    55.7834 |
|        1 |         33 |           887.10 |       887.10 |       917.60 |                  5.00 |                    5.00 |    853 |    55.8536 |
|        1 |         34 |           887.10 |       887.10 |       928.90 |                  5.00 |                    5.00 |    855 |    55.8939 |
|        1 |         35 |           887.10 |       887.10 |       924.10 |                  5.00 |                    5.00 |    856 |    55.9768 |
|        1 |         36 |           887.10 |       887.10 |       924.10 |                  5.00 |                    5.00 |    856 |    56.0441 |
|        1 |         37 |           887.10 |       887.10 |       909.80 |                  5.00 |                    5.00 |    858 |    56.1087 |
|        1 |         38 |           887.10 |       887.10 |       907.00 |                  5.00 |                    5.00 |    858 |    56.1723 |
|        1 |         39 |           887.10 |       887.10 |       907.00 |                  5.00 |                    5.00 |    858 |    56.2295 |
|        1 |         40 |           887.10 |       887.10 |       907.00 |                  5.00 |                    5.00 |    858 |    56.2645 |
|        1 |         41 |           887.10 |       887.10 |       912.80 |                  5.00 |                    5.26 |    859 |    56.3234 |
|        1 |         42 |           887.10 |       887.10 |       911.80 |                  5.00 |                    5.00 |    861 |    56.3901 |
|        1 |         43 |           887.10 |       887.10 |       911.80 |                  5.00 |                    5.00 |    863 |    56.4327 |
|        1 |         44 |           887.10 |       887.10 |       911.80 |                  5.00 |                    5.00 |    863 |    56.5248 |
|        1 |         45 |           887.10 |       887.10 |       918.50 |                  5.00 |                    5.00 |    865 |    56.5739 |
|        1 |         46 |           887.10 |       887.10 |       912.00 |                  5.00 |                    5.00 |    866 |    56.6498 |
|        1 |         47 |           887.10 |       887.10 |       911.70 |                  5.00 |                    5.00 |    869 |    56.7408 |
|        1 |         48 |           887.10 |       887.10 |       913.50 |                  5.00 |                    5.00 |    869 |    56.7963 |
|        1 |         49 |           887.10 |       887.10 |       914.00 |                  5.00 |                    5.00 |    871 |    56.8436 |
|        1 |         50 |           887.10 |       887.10 |       914.00 |                  5.00 |                    5.00 |    871 |    56.8898 |
|        1 |         51 |           887.10 |       887.10 |       892.50 |                  5.00 |                    5.00 |    871 |    56.9507 |
|        1 |         52 |           887.10 |       887.10 |       889.10 |                  5.00 |                    5.00 |    871 |    57.0174 |
|        1 |         53 |           887.10 |       887.10 |       889.10 |                  5.00 |                    5.00 |    871 |    57.0726 |
|        1 |         54 |           887.10 |       887.10 |       889.10 |                  5.00 |                    5.00 |    871 |    57.1244 |
|        1 |         55 |           887.10 |       887.10 |       889.10 |                  5.00 |                    5.00 |    871 |    57.1600 |
|        1 |         56 |           887.10 |       887.10 |       904.30 |                  5.00 |                    5.00 |    874 |    57.1965 |
|        1 |         57 |           887.10 |       887.10 |       904.30 |                  5.00 |                    5.00 |    874 |    57.2452 |
|        1 |         58 |           887.10 |       887.10 |       889.10 |                  5.00 |                    5.00 |    874 |    57.3268 |
|        1 |         59 |           887.10 |       887.10 |       889.70 |                  5.00 |                    5.00 |    874 |    57.3898 |
|        1 |         60 |           887.10 |       887.10 |       889.70 |                  5.00 |                    5.00 |    874 |    57.4363 |
|        1 |         61 |           887.10 |       887.10 |       889.10 |                  5.00 |                    5.00 |    874 |    57.4760 |
|        1 |         62 |           887.10 |       887.10 |       889.10 |                  5.00 |                    5.41 |    874 |    57.5235 |
|        1 |         63 |           887.10 |       887.10 |       889.10 |                  5.00 |                    5.00 |    874 |    57.5651 |
|        1 |         64 |           887.10 |       887.10 |       889.10 |                  5.00 |                    5.00 |    874 |    57.6003 |
|        1 |         65 |           887.10 |       887.10 |       890.00 |                  5.00 |                    5.00 |    874 |    57.6495 |
|        1 |         66 |           887.10 |       887.10 |       889.10 |                  5.00 |                    5.00 |    874 |    57.7129 |
|        1 |         67 |           887.10 |       887.10 |       889.10 |                  5.00 |                    5.00 |    874 |    57.7570 |
|        1 |         68 |           887.10 |       887.10 |       898.50 |                  5.00 |                    5.00 |    875 |    57.8138 |
|        1 |         69 |           887.10 |       887.10 |       930.00 |                  5.00 |                    5.00 |    875 |    57.8659 |
|        1 |         70 |           887.10 |       887.10 |       926.30 |                  5.00 |                    5.00 |    875 |    57.9169 |
|        1 |         71 |           887.10 |       887.10 |       926.30 |                  5.00 |                    5.00 |    875 |    57.9549 |
|        1 |         72 |           887.10 |       887.10 |       926.30 |                  5.00 |                    5.00 |    875 |    58.0165 |
|        1 |         73 |           887.10 |       887.10 |       926.30 |                  5.00 |                    5.00 |    875 |    58.0487 |
|        1 |         74 |           887.10 |       887.10 |       925.20 |                  5.00 |                    5.00 |    875 |    58.1001 |
|        1 |         75 |           887.10 |       887.10 |       898.10 |                  5.00 |                    5.00 |    875 |    58.1628 |
|        1 |         76 |           887.10 |       887.10 |       894.00 |                  5.00 |                    5.00 |    875 |    58.2230 |
|        1 |         77 |           887.10 |       887.10 |       894.00 |                  5.00 |                    5.00 |    875 |    58.2840 |
|        1 |         78 |           887.10 |       887.10 |       894.00 |                  5.00 |                    5.00 |    875 |    58.3247 |
|        1 |         79 |           887.10 |       887.10 |       903.80 |                  5.00 |                    5.00 |    877 |    58.3738 |
|        1 |         80 |           887.10 |       887.10 |       907.90 |                  5.00 |                    5.00 |    877 |    58.4294 |
|        1 |         81 |           887.10 |       887.10 |       907.90 |                  5.00 |                    5.00 |    877 |    58.4749 |
|        1 |         82 |           887.10 |       887.10 |       904.50 |                  5.00 |                    5.00 |    877 |    58.5600 |
|        1 |         83 |           887.10 |       887.10 |       916.00 |                  5.00 |                    5.00 |    877 |    58.6201 |
|        1 |         84 |           887.10 |       887.10 |       904.50 |                  5.00 |                    5.00 |    877 |    58.6743 |
|        1 |         85 |           887.10 |       887.10 |       895.10 |                  5.00 |                    5.00 |    877 |    58.7327 |
|        1 |         86 |           887.10 |       887.10 |       895.10 |                  5.00 |                    5.00 |    877 |    58.7743 |
|        1 |         87 |           887.10 |       887.10 |       895.10 |                  5.00 |                    5.00 |    877 |    58.8352 |
|        1 |         88 |           887.10 |       887.10 |       893.10 |                  5.00 |                    5.00 |    877 |    58.8979 |
|        1 |         89 |           887.10 |       887.10 |       893.10 |                  5.00 |                    5.00 |    877 |    58.9462 |
|        1 |         90 |           887.10 |       887.10 |       925.60 |                  5.00 |                    5.00 |    879 |    59.0070 |
|        1 |         91 |           887.10 |       887.10 |       945.60 |                  5.00 |                    5.00 |    882 |    59.0955 |
|        1 |         92 |           887.10 |       887.10 |       945.60 |                  5.00 |                    5.00 |    882 |    59.1479 |
|        1 |         93 |           887.10 |       887.10 |       945.60 |                  5.00 |                    5.00 |    882 |    59.1977 |
|        1 |         94 |           887.10 |       887.10 |       945.00 |                  5.00 |                    5.00 |    884 |    59.2503 |
|        1 |         95 |           887.10 |       887.10 |       945.00 |                  5.00 |                    5.00 |    884 |    59.2941 |
|        1 |         96 |           887.10 |       887.10 |       945.00 |                  5.00 |                    5.00 |    884 |    59.3274 |
|        1 |         97 |           887.10 |       887.10 |       993.20 |                  5.00 |                    5.00 |    888 |    59.3792 |
|        1 |         98 |           887.10 |       887.10 |       996.00 |                  5.00 |                    5.00 |    888 |    59.4303 |
|        1 |         99 |           887.10 |       887.10 |       997.50 |                  5.00 |                    5.00 |    891 |    59.4814 |
|        1 |        100 |           887.10 |       887.10 |       935.10 |                  5.00 |                    5.00 |    893 |    59.5902 |
|        1 |        101 |           887.10 |       887.10 |       935.10 |                  5.00 |                    5.00 |    893 |    59.6363 |
|        1 |        102 |           887.10 |       887.10 |       926.20 |                  5.00 |                    5.52 |    896 |    59.7276 |
|        1 |        103 |           887.10 |       887.10 |       926.20 |                  5.00 |                    5.67 |    897 |    59.7718 |
|        1 |        104 |           887.10 |       887.10 |       932.30 |                  5.00 |                    5.00 |    900 |    59.8543 |
|        1 |        105 |           887.10 |       887.10 |       932.30 |                  5.00 |                    5.00 |    900 |    59.8945 |
|        1 |        106 |           887.10 |       887.10 |       934.70 |                  5.00 |                    5.00 |    903 |    59.9591 |
------------------------------------------------------------------------------------------------------------------------------------------------
|  Restart |  Iteration |  Best Feas. Cost |    Best Cost |   Curr. Cost |   Penalty Custom Res. |   Penalty Standard Res. |   Pool |   Time (s) |
------------------------------------------------------------------------------------------------------------------------------------------------
|        1 |        107 |           887.10 |       887.10 |       931.40 |                  5.00 |                    5.00 |    903 |    60.0194 |
|        1 |        108 |           887.10 |       887.10 |       931.40 |                  5.00 |                    5.00 |    903 |    60.0704 |
|        1 |        109 |           887.10 |       887.10 |       934.60 |                  5.00 |                    5.00 |    904 |    60.1181 |
|        1 |        110 |           887.10 |       887.10 |       934.60 |                  5.00 |                    5.00 |    904 |    60.1504 |
|        1 |        111 |           887.10 |       887.10 |       931.40 |                  5.00 |                    5.00 |    904 |    60.2067 |
|        1 |        112 |           887.10 |       887.10 |       943.40 |                  5.00 |                    5.00 |    905 |    60.2651 |
|        1 |        113 |           887.10 |       887.10 |       934.90 |                  5.00 |                    6.40 |    906 |    60.3286 |
|        1 |        114 |           887.10 |       887.10 |       934.90 |                  5.00 |                    5.00 |    906 |    60.3713 |
|        1 |        115 |           887.10 |       887.10 |       934.90 |                  5.00 |                    5.00 |    906 |    60.4138 |
|        1 |        116 |           887.10 |       887.10 |       930.70 |                  5.00 |                    5.00 |    907 |    60.4890 |
|        1 |        117 |           887.10 |       887.10 |       926.60 |                  5.00 |                    5.00 |    908 |    60.5442 |
|        1 |        118 |           887.10 |       887.10 |       926.90 |                  5.00 |                    5.00 |    908 |    60.6016 |
|        1 |        119 |           887.10 |       887.10 |       915.60 |                  5.00 |                    5.00 |    911 |    60.6490 |
|        1 |        120 |           887.10 |       887.10 |       915.30 |                  5.00 |                    5.00 |    911 |    60.7107 |
|        1 |        121 |           887.10 |       887.10 |       914.70 |                  5.00 |                    5.00 |    911 |    60.7645 |
|        1 |        122 |           887.10 |       887.10 |       917.50 |                  5.00 |                    5.00 |    911 |    60.8135 |
|        1 |        123 |           887.10 |       887.10 |       914.70 |                  5.00 |                    5.00 |    911 |    60.8643 |
|        1 |        124 |           887.10 |       887.10 |       914.70 |                  5.00 |                    5.00 |    911 |    60.9034 |
|        1 |        125 |           887.10 |       887.10 |       918.45 |                  5.00 |                    5.84 |    912 |    60.9707 |
|        1 |        126 |           887.10 |       887.10 |       918.63 |                  5.00 |                    7.10 |    912 |    61.0294 |
|        1 |        127 |           887.10 |       887.10 |       919.31 |                  5.00 |                    5.00 |    912 |    61.0917 |
|        1 |        128 |           887.10 |       887.10 |       896.30 |                  5.00 |                    5.00 |    913 |    61.2118 |
|        1 |        129 |           887.10 |       887.10 |       895.70 |                  5.00 |                    5.00 |    913 |    61.2556 |
|        1 |        130 |           887.10 |       887.10 |       895.70 |                  5.00 |                    5.00 |    913 |    61.2987 |
|        1 |        131 |           887.10 |       887.10 |       895.70 |                  5.00 |                    5.00 |    913 |    61.3461 |
|        1 |        132 |           887.10 |       887.10 |       895.70 |                  5.00 |                    5.00 |    913 |    61.3942 |
|        1 |        133 |           887.10 |       887.10 |       895.70 |                  5.00 |                    5.00 |    913 |    61.4392 |
|        1 |        134 |           887.10 |       887.10 |       895.70 |                  5.00 |                    5.00 |    913 |    61.4824 |
|        1 |        135 |           887.10 |       887.10 |       900.40 |                  5.00 |                    5.00 |    914 |    61.5518 |
|        1 |        136 |           887.10 |       887.10 |       909.15 |                  5.00 |                    5.00 |    914 |    61.6295 |
|        1 |        137 |           887.10 |       887.10 |       906.00 |                  5.00 |                    5.00 |    915 |    61.7246 |
|        1 |        138 |           887.10 |       887.10 |       896.20 |                  5.00 |                    5.00 |    915 |    61.8052 |
|        1 |        139 |           887.10 |       887.10 |       895.80 |                  5.00 |                    5.00 |    915 |    61.9138 |
|        1 |        140 |           887.10 |       887.10 |       907.80 |                  5.00 |                    5.00 |    916 |    61.9663 |
|        1 |        141 |           887.10 |       887.10 |       894.00 |                  5.00 |                    5.00 |    916 |    62.0724 |
|        1 |        142 |           887.10 |       887.10 |       897.70 |                  5.00 |                    5.00 |    916 |    62.1432 |
|        1 |        143 |           887.10 |       887.10 |       890.80 |                  5.00 |                    5.00 |    916 |    62.2190 |
|        1 |        144 |           887.10 |       887.10 |       906.80 |                  5.00 |                    5.00 |    916 |    62.2855 |
|        1 |        145 |           887.10 |       887.10 |       911.70 |                  5.00 |                    5.00 |    916 |    62.3245 |
|        1 |        146 |           887.10 |       887.10 |       909.40 |                  5.00 |                    5.00 |    918 |    62.3839 |
|        1 |        147 |           887.10 |       887.10 |       892.40 |                  5.00 |                    5.00 |    918 |    62.4637 |
|        1 |        148 |           887.10 |       887.10 |       894.40 |                  5.00 |                    5.00 |    918 |    62.4969 |
|        1 |        149 |           887.10 |       887.10 |       920.00 |                  5.00 |                    5.00 |    919 |    62.5678 |
|        1 |        150 |           887.10 |       887.10 |       939.00 |                  5.00 |                    5.00 |    920 |    62.6217 |
|        1 |        151 |           887.10 |       887.10 |       920.00 |                  5.00 |                    5.00 |    920 |    62.6825 |
|        1 |        152 |           887.10 |       887.10 |       915.40 |                  5.00 |                    5.00 |    920 |    62.7492 |
|        1 |        153 |           887.10 |       887.10 |       915.40 |                  5.00 |                    5.00 |    920 |    62.7866 |
|        1 |        154 |           887.10 |       887.10 |       915.40 |                  5.00 |                    5.00 |    920 |    62.8381 |
|        1 |        155 |           887.10 |       887.10 |       914.50 |                  5.00 |                    5.00 |    920 |    62.8766 |
|        1 |        156 |           887.10 |       887.10 |       914.50 |                  5.00 |                    5.00 |    920 |    62.9171 |
|        1 |        157 |           887.10 |       887.10 |       917.70 |                  5.00 |                    5.00 |    921 |    63.0025 |
|        1 |        158 |           887.10 |       887.10 |       912.50 |                  5.00 |                    5.00 |    924 |    63.0838 |
|        1 |        159 |           887.10 |       887.10 |       908.70 |                  5.00 |                    5.00 |    925 |    63.1826 |
|        1 |        160 |           887.10 |       887.10 |       905.90 |                  5.00 |                    5.00 |    925 |    63.2883 |
|        1 |        161 |           887.10 |       887.10 |       905.90 |                  5.00 |                    5.00 |    925 |    63.3357 |
|        1 |        162 |           887.10 |       887.10 |       905.30 |                  5.00 |                    5.00 |    926 |    63.3895 |
|        1 |        163 |           887.10 |       887.10 |       913.70 |                  5.00 |                    5.00 |    926 |    63.4871 |
|        1 |        164 |           887.10 |       887.10 |       913.70 |                  5.00 |                    5.00 |    926 |    63.5542 |
|        1 |        165 |           887.10 |       887.10 |       914.50 |                  5.00 |                    5.00 |    926 |    63.5988 |
|        1 |        166 |           887.10 |       887.10 |       914.50 |                  5.00 |                    5.00 |    926 |    63.6305 |
|        1 |        167 |           887.10 |       887.10 |       917.30 |                  5.00 |                    5.00 |    926 |    63.6907 |
|        1 |        168 |           887.10 |       887.10 |       917.30 |                  5.00 |                    5.00 |    926 |    63.7502 |
|        1 |        169 |           887.10 |       887.10 |       916.50 |                  5.00 |                    5.00 |    926 |    63.8075 |
|        1 |        170 |           887.10 |       887.10 |       916.50 |                  5.00 |                    5.00 |    926 |    63.8508 |
|        1 |        171 |           887.10 |       887.10 |       915.60 |                  5.00 |                    5.00 |    926 |    63.9632 |
|        1 |        172 |           887.10 |       887.10 |       914.80 |                  5.00 |                    5.00 |    926 |    64.0076 |
|        1 |        173 |           887.10 |       887.10 |       914.80 |                  5.00 |                    5.00 |    926 |    64.0604 |
|        1 |        174 |           887.10 |       887.10 |       914.80 |                  5.00 |                    5.00 |    926 |    64.1351 |
|        1 |        175 |           887.10 |       887.10 |       922.50 |                  5.00 |                    5.00 |    927 |    64.1929 |
|        1 |        176 |           887.10 |       887.10 |       922.50 |                  5.00 |                    5.00 |    927 |    64.2452 |
|        1 |        177 |           887.10 |       887.10 |       922.50 |                  5.00 |                    5.00 |    927 |    64.2907 |
|        1 |        178 |           887.10 |       887.10 |       922.50 |                  5.00 |                    5.00 |    927 |    64.3237 |
|        1 |        179 |           887.10 |       887.10 |       922.50 |                  5.00 |                    5.00 |    927 |    64.3727 |
|        1 |        180 |           887.10 |       887.10 |       922.50 |                  5.00 |                    7.66 |    927 |    64.4235 |
|        1 |        181 |           887.10 |       887.10 |       922.50 |                  5.00 |                    5.00 |    927 |    64.4627 |
|        1 |        182 |           887.10 |       887.10 |       922.50 |                  5.00 |                    5.00 |    927 |    64.4986 |
|        1 |        183 |           887.10 |       887.10 |       922.50 |                  5.00 |                    5.00 |    927 |    64.5449 |
|        1 |        184 |           887.10 |       887.10 |       927.99 |                  5.00 |                    8.22 |    927 |    64.5779 |
|        1 |        185 |           887.10 |       887.10 |       922.50 |                  5.00 |                    5.00 |    927 |    64.6202 |
|        1 |        186 |           887.10 |       887.10 |       922.50 |                  5.00 |                    5.00 |    927 |    64.6766 |
|        1 |        187 |           887.10 |       887.10 |       932.50 |                  5.00 |                    5.26 |    929 |    64.7116 |
|        1 |        188 |           887.10 |       887.10 |       932.50 |                  5.00 |                    5.00 |    929 |    64.7666 |
|        1 |        189 |           887.10 |       887.10 |       921.70 |                  5.00 |                    5.00 |    932 |    64.8661 |
|        1 |        190 |           887.10 |       887.10 |       925.30 |                  5.00 |                    5.00 |    935 |    64.9386 |
|        1 |        191 |           887.10 |       887.10 |       924.50 |                  5.00 |                    5.00 |    935 |    65.0210 |
|        1 |        192 |           887.10 |       887.10 |       920.80 |                  5.00 |                    5.00 |    936 |    65.1329 |
|        1 |        193 |           887.10 |       887.10 |       926.70 |                  5.00 |                    5.00 |    937 |    65.2529 |
|        1 |        194 |           887.10 |       887.10 |       926.70 |                  5.00 |                    5.00 |    937 |    65.3309 |
|        1 |        195 |           887.10 |       887.10 |       926.70 |                  5.00 |                    5.00 |    937 |    65.3916 |
|        1 |        196 |           887.10 |       887.10 |       913.40 |                  5.00 |                    5.00 |    938 |    65.5508 |
|        1 |        197 |           887.10 |       887.10 |       913.40 |                  5.00 |                    5.00 |    938 |    65.6046 |
|        1 |        198 |           887.10 |       887.10 |       912.30 |                  5.00 |                    5.00 |    939 |    65.6735 |
|        1 |        199 |           887.10 |       887.10 |       912.30 |                  5.00 |                    5.00 |    939 |    65.7503 |
|        1 |        200 |           887.10 |       887.10 |       923.60 |                  5.00 |                    5.00 |    940 |    65.8051 |
|        1 |        201 |           887.10 |       887.10 |       918.70 |                  5.00 |                    5.00 |    940 |    65.8733 |
|        1 |        202 |           887.10 |       887.10 |       903.40 |                  5.00 |                    5.00 |    940 |    66.1089 |
|        1 |        203 |           887.10 |       887.10 |       925.10 |                  5.00 |                    6.67 |    942 |    66.1802 |
|        1 |        204 |           887.10 |       887.10 |       929.70 |                  5.00 |                    5.00 |    946 |    66.2310 |
|        1 |        205 |           887.10 |       887.10 |       955.80 |                  5.00 |                    5.00 |    948 |    66.2781 |
|        1 |        206 |           887.10 |       887.10 |       955.20 |                  5.00 |                    5.00 |    950 |    66.3906 |
|        1 |        207 |           887.10 |       887.10 |       950.60 |                  5.00 |                    5.00 |    951 |    66.4991 |
|        1 |        208 |           887.10 |       887.10 |       955.30 |                  5.00 |                    5.00 |    953 |    66.5547 |
|        1 |        209 |           887.10 |       887.10 |       955.30 |                  5.00 |                    5.00 |    953 |    66.6130 |
|        1 |        210 |           887.10 |       887.10 |       955.80 |                  5.00 |                    5.00 |    953 |    66.6849 |
|        1 |        211 |           887.10 |       887.10 |       929.50 |                  5.00 |                    5.00 |    953 |    66.7488 |
|        1 |        212 |           887.10 |       887.10 |       929.50 |                  5.00 |                    5.00 |    953 |    66.8051 |
|        1 |        213 |           887.10 |       887.10 |       928.30 |                  5.00 |                    8.14 |    954 |    66.8689 |
|        1 |        214 |           887.10 |       887.10 |       928.30 |                  5.00 |                    5.39 |    954 |    66.8996 |
|        1 |        215 |           887.10 |       887.10 |       929.60 |                  5.00 |                    7.51 |    954 |    66.9502 |
|        1 |        216 |           887.10 |       887.10 |       930.50 |                  5.00 |                    5.00 |    954 |    67.0016 |
|        1 |        217 |           887.10 |       887.10 |       938.00 |                  5.00 |                    5.00 |    955 |    67.0452 |
|        1 |        218 |           887.10 |       887.10 |       927.90 |                  5.00 |                    5.00 |    957 |    67.1431 |
|        1 |        219 |           887.10 |       887.10 |       925.10 |                  5.00 |                    5.00 |    957 |    67.1839 |
|        1 |        220 |           887.10 |       887.10 |       937.70 |                  5.00 |                    5.00 |    957 |    67.2446 |
|        1 |        221 |           887.10 |       887.10 |       927.80 |                  5.00 |                    5.00 |    958 |    67.3237 |
|        1 |        222 |           887.10 |       887.10 |       931.20 |                  5.00 |                    5.00 |    958 |    67.3912 |
|        1 |        223 |           887.10 |       887.10 |       928.50 |                  5.00 |                    5.00 |    958 |    67.4587 |
|        1 |        224 |           887.10 |       887.10 |       925.10 |                  5.00 |                    5.00 |    958 |    67.5082 |
|        1 |        225 |           887.10 |       887.10 |       913.50 |                  5.00 |                    5.00 |    961 |    67.6278 |
|        1 |        226 |           887.10 |       887.10 |       908.50 |                  5.00 |                    5.00 |    962 |    67.6925 |
|        1 |        227 |           887.10 |       887.10 |       908.80 |                  5.00 |                    5.00 |    963 |    67.7301 |
|        1 |        228 |           887.10 |       887.10 |       908.80 |                  5.00 |                    5.00 |    963 |    67.7770 |
|        1 |        229 |           887.10 |       887.10 |       903.90 |                  5.00 |                    5.00 |    963 |    67.8370 |
|        1 |        230 |           887.10 |       887.10 |       919.60 |                  5.00 |                    5.00 |    964 |    67.9005 |
|        1 |        231 |           887.10 |       887.10 |       919.90 |                  5.00 |                    5.00 |    964 |    67.9441 |
|        1 |        232 |           887.10 |       887.10 |       913.50 |                  5.00 |                    5.00 |    967 |    68.0201 |
|        1 |        233 |           887.10 |       887.10 |       913.50 |                  5.00 |                    5.00 |    967 |    68.0632 |
|        1 |        234 |           887.10 |       887.10 |       912.70 |                  5.00 |                    5.00 |    967 |    68.1246 |
|        1 |        235 |           887.10 |       887.10 |       912.70 |                  5.00 |                    5.00 |    967 |    68.1694 |
|        1 |        236 |           887.10 |       887.10 |       912.70 |                  5.00 |                    5.00 |    967 |    68.2220 |
|        1 |        237 |           887.10 |       887.10 |       912.70 |                  5.00 |                    5.00 |    967 |    68.2629 |
|        1 |        238 |           887.10 |       887.10 |       919.40 |                  5.00 |                    5.00 |    969 |    68.3404 |
|        1 |        239 |           887.10 |       887.10 |       917.70 |                  5.00 |                    5.00 |    970 |    68.3997 |
|        1 |        240 |           887.10 |       887.10 |       913.40 |                  5.00 |                    5.00 |    970 |    68.4509 |
|        1 |        241 |           887.10 |       887.10 |       913.40 |                  5.00 |                    5.00 |    970 |    68.4968 |
|        1 |        242 |           887.10 |       887.10 |       913.50 |                  5.00 |                    5.00 |    970 |    68.5932 |
|        1 |        243 |           887.10 |       887.10 |       913.50 |                  5.00 |                    5.00 |    970 |    68.6325 |
|        1 |        244 |           887.10 |       887.10 |       913.50 |                  5.00 |                    5.00 |    970 |    68.6997 |
|        1 |        245 |           887.10 |       887.10 |       913.50 |                  5.00 |                    5.00 |    970 |    68.7586 |
|        1 |        246 |           887.10 |       887.10 |       912.70 |                  5.00 |                    5.00 |    971 |    68.8003 |
|        1 |        247 |           887.10 |       887.10 |       912.70 |                  5.00 |                    5.00 |    971 |    68.8902 |
|        1 |        248 |           887.10 |       887.10 |       913.50 |                  5.00 |                    5.00 |    971 |    68.9537 |
|        1 |        249 |           887.10 |       887.10 |       913.50 |                  5.00 |                    5.00 |    971 |    69.0228 |
|        1 |        250 |           887.10 |       887.10 |       913.50 |                  5.00 |                    5.00 |    971 |    69.0843 |
|        1 |        251 |           887.10 |       887.10 |       943.50 |                  5.00 |                    5.00 |    973 |    69.1366 |
|        1 |        252 |           887.10 |       887.10 |       943.50 |                  5.00 |                    5.00 |    973 |    69.1845 |
|        1 |        253 |           887.10 |       887.10 |       943.20 |                  5.00 |                    5.00 |    974 |    69.2516 |
|        1 |        254 |           887.10 |       887.10 |       943.20 |                  5.00 |                    5.00 |    974 |    69.2916 |
|        1 |        255 |           887.10 |       887.10 |       943.20 |                  5.00 |                    5.00 |    974 |    69.3457 |
|        1 |        256 |           887.10 |       887.10 |       943.20 |                  5.00 |                    5.00 |    974 |    69.3720 |
|        1 |        257 |           887.10 |       887.10 |       928.70 |                  5.00 |                    5.00 |    979 |    69.4925 |
|        1 |        258 |           887.10 |       887.10 |       928.70 |                  5.00 |                    5.00 |    979 |    69.5505 |
|        1 |        259 |           887.10 |       887.10 |       914.40 |                  5.00 |                    5.00 |    980 |    69.6205 |
|        1 |        260 |           887.10 |       887.10 |       920.40 |                  5.00 |                    5.00 |    981 |    69.6997 |
|        1 |        261 |           887.10 |       887.10 |       920.40 |                  5.00 |                    5.00 |    981 |    69.7603 |
|        1 |        262 |           887.10 |       887.10 |       923.20 |                  5.00 |                    5.00 |    981 |    69.8242 |
|        1 |        263 |           887.10 |       887.10 |       920.60 |                  5.00 |                    5.00 |    981 |    69.9029 |
|        1 |        264 |           887.10 |       887.10 |       924.80 |                  5.00 |                    5.00 |    983 |    69.9562 |
|        1 |        265 |           887.10 |       887.10 |       927.60 |                  5.00 |                    5.00 |    983 |    70.0046 |
|        1 |        266 |           887.10 |       887.10 |       930.80 |                  5.00 |                    5.00 |    986 |    70.0621 |
|        1 |        267 |           887.10 |       887.10 |       930.80 |                  5.00 |                    5.00 |    986 |    70.1101 |
|        1 |        268 |           887.10 |       887.10 |       930.80 |                  5.00 |                    5.00 |    986 |    70.1608 |
|        1 |        269 |           887.10 |       887.10 |       926.50 |                  5.00 |                    5.00 |    987 |    70.2392 |
|        1 |        270 |           887.10 |       887.10 |       922.20 |                  5.00 |                    5.00 |    989 |    70.3425 |
|        1 |        271 |           887.10 |       887.10 |       911.30 |                  5.00 |                    5.00 |    989 |    70.4144 |
|        1 |        272 |           887.10 |       887.10 |       908.00 |                  5.00 |                    5.00 |    990 |    70.4953 |
|        1 |        273 |           887.10 |       887.10 |       912.60 |                  5.00 |                    5.00 |    991 |    70.5356 |
|        1 |        274 |           887.10 |       887.10 |       927.20 |                  5.00 |                    5.00 |    994 |    70.6142 |
|        1 |        275 |           887.10 |       887.10 |       921.80 |                  5.00 |                    5.00 |    996 |    70.6651 |
|        1 |        276 |           887.10 |       887.10 |       954.70 |                  5.00 |                    6.74 |   1001 |    70.7036 |
|        1 |        277 |           887.10 |       887.10 |       937.70 |                  5.00 |                    5.00 |   1004 |    70.8459 |
|        1 |        278 |           887.10 |       887.10 |       937.70 |                  5.00 |                    5.00 |   1004 |    70.9075 |
|        1 |        279 |           887.10 |       887.10 |       948.80 |                  5.00 |                    5.00 |   1007 |    70.9582 |
|        1 |        280 |           887.10 |       887.10 |       936.10 |                  5.00 |                    5.00 |   1009 |    71.0849 |
|        1 |        281 |           887.10 |       887.10 |       936.10 |                  5.00 |                    5.00 |   1009 |    71.1214 |
|        1 |        282 |           887.10 |       887.10 |       936.10 |                  5.00 |                    5.00 |   1009 |    71.1579 |
|        1 |        283 |           887.10 |       887.10 |       938.50 |                  5.00 |                    5.00 |   1010 |    71.2178 |
|        1 |        284 |           887.10 |       887.10 |       938.50 |                  5.00 |                    5.00 |   1010 |    71.2741 |
|        1 |        285 |           887.10 |       887.10 |       938.50 |                  5.00 |                    5.00 |   1010 |    71.3333 |
|        1 |        286 |           887.10 |       887.10 |       923.70 |                  5.00 |                    5.00 |   1011 |    71.4310 |
|        1 |        287 |           887.10 |       887.10 |       923.70 |                  5.00 |                    5.00 |   1011 |    71.4669 |
|        1 |        288 |           887.10 |       887.10 |       923.70 |                  5.00 |                    5.00 |   1011 |    71.5029 |
|        1 |        289 |           887.10 |       887.10 |       923.70 |                  5.00 |                    5.00 |   1011 |    71.5614 |
|        1 |        290 |           887.10 |       887.10 |       939.90 |                  5.00 |                    5.00 |   1013 |    71.6035 |
|        1 |        291 |           887.10 |       887.10 |       931.80 |                  5.00 |                    5.00 |   1015 |    71.6865 |
|        1 |        292 |           887.10 |       887.10 |       923.40 |                  5.00 |                    5.00 |   1015 |    71.7390 |
|        1 |        293 |           887.10 |       887.10 |       920.20 |                  5.00 |                    5.00 |   1016 |    71.7806 |
|        1 |        294 |           887.10 |       887.10 |       920.20 |                  5.00 |                    5.00 |   1016 |    71.8317 |
|        1 |        295 |           887.10 |       887.10 |       901.40 |                  5.00 |                    5.00 |   1019 |    71.9167 |
|        1 |        296 |           887.10 |       887.10 |       901.40 |                  5.00 |                    5.00 |   1019 |    71.9751 |
|        1 |        297 |           887.10 |       887.10 |       921.20 |                  5.00 |                    5.00 |   1022 |    72.0189 |
|        1 |        298 |           887.10 |       887.10 |       905.20 |                  5.00 |                    5.00 |   1023 |    72.0634 |
|        1 |        299 |           887.10 |       887.10 |       905.20 |                  5.00 |                    5.00 |   1023 |    72.1124 |
|        1 |        300 |           887.10 |       887.10 |       896.70 |                  5.00 |                    5.00 |   1025 |    72.1759 |
|        1 |        301 |           887.10 |       887.10 |       897.10 |                  5.00 |                    5.00 |   1027 |    72.2182 |
|        1 |        302 |           887.10 |       887.10 |       911.60 |                  5.00 |                    5.00 |   1028 |    72.2690 |
|        1 |        303 |           887.10 |       887.10 |       909.10 |                  5.00 |                    5.00 |   1031 |    72.3644 |
|        1 |        304 |           887.10 |       887.10 |       926.20 |                  5.00 |                    5.00 |   1034 |    72.4643 |
|        1 |        305 |           887.10 |       887.10 |       905.90 |                  5.00 |                    5.00 |   1034 |    72.6982 |
|        1 |        306 |           887.10 |       887.10 |       905.90 |                  5.00 |                    5.00 |   1034 |    72.7290 |
|        1 |        307 |           887.10 |       887.10 |       900.30 |                  5.00 |                    5.00 |   1034 |    72.7862 |
|        1 |        308 |           887.10 |       887.10 |       900.30 |                  5.00 |                    5.00 |   1034 |    72.8565 |
|        1 |        309 |           887.10 |       887.10 |       903.90 |                  5.00 |                    5.00 |   1035 |    72.9384 |
|        1 |        310 |           887.10 |       887.10 |       903.10 |                  5.00 |                    5.00 |   1036 |    72.9808 |
|        1 |        311 |           887.10 |       887.10 |       903.10 |                  5.00 |                    5.00 |   1038 |    73.0204 |
|        1 |        312 |           887.10 |       887.10 |       903.10 |                  5.00 |                    5.00 |   1038 |    73.0652 |
|        1 |        313 |           887.10 |       887.10 |       900.30 |                  5.00 |                    5.00 |   1038 |    73.1039 |
|        1 |        314 |           887.10 |       887.10 |       900.30 |                  5.00 |                    5.00 |   1038 |    73.1526 |
|        1 |        315 |           887.10 |       887.10 |       900.30 |                  5.00 |                    5.58 |   1038 |    73.1893 |
|        1 |        316 |           887.10 |       887.10 |       900.30 |                  5.00 |                    5.00 |   1038 |    73.2307 |
|        1 |        317 |           887.10 |       887.10 |       898.40 |                  5.00 |                    5.00 |   1038 |    73.3085 |
|        1 |        318 |           887.10 |       887.10 |       898.40 |                  5.00 |                    5.00 |   1038 |    73.3598 |
|        1 |        319 |           887.10 |       887.10 |       898.40 |                  5.00 |                    5.00 |   1038 |    73.3975 |
|        1 |        320 |           887.10 |       887.10 |       905.90 |                  5.00 |                    5.00 |   1038 |    73.4338 |
|        1 |        321 |           887.10 |       887.10 |       900.30 |                  5.00 |                    5.00 |   1039 |    73.4888 |
|        1 |        322 |           887.10 |       887.10 |       898.40 |                  5.00 |                    5.00 |   1039 |    73.5321 |
|        1 |        323 |           887.10 |       887.10 |       901.80 |                  5.00 |                    5.00 |   1039 |    73.5628 |
|        1 |        324 |           887.10 |       887.10 |       898.40 |                  5.00 |                    5.00 |   1039 |    73.6214 |
|        1 |        325 |           887.10 |       887.10 |       895.40 |                  5.00 |                    5.00 |   1040 |    73.6752 |
|        1 |        326 |           887.10 |       887.10 |       918.10 |                  5.00 |                    5.00 |   1043 |    73.7146 |
|        1 |        327 |           887.10 |       887.10 |       918.10 |                  5.00 |                    5.00 |   1043 |    73.7505 |
|        1 |        328 |           887.10 |       887.10 |       901.00 |                  5.00 |                    5.00 |   1043 |    73.7942 |
|        1 |        329 |           887.10 |       887.10 |       905.90 |                  5.00 |                    5.00 |   1043 |    73.8456 |
|        1 |        330 |           887.10 |       887.10 |       899.30 |                  5.00 |                    5.00 |   1043 |    73.9527 |
|        1 |        331 |           887.10 |       887.10 |       899.30 |                  5.00 |                    5.00 |   1043 |    73.9819 |
|        1 |        332 |           887.10 |       887.10 |       923.90 |                  5.00 |                    5.00 |   1044 |    74.0297 |
|        1 |        333 |           887.10 |       887.10 |       923.90 |                  5.00 |                    5.00 |   1044 |    74.0742 |
|        1 |        334 |           887.10 |       887.10 |       933.70 |                  5.00 |                    5.00 |   1046 |    74.1772 |
|        1 |        335 |           887.10 |       887.10 |       933.70 |                  5.00 |                    5.00 |   1046 |    74.2415 |
|        1 |        336 |           887.10 |       887.10 |       933.70 |                  5.00 |                    5.00 |   1048 |    74.2927 |
|        1 |        337 |           887.10 |       887.10 |       923.50 |                  5.00 |                    5.00 |   1050 |    74.3722 |
|        1 |        338 |           887.10 |       887.10 |       923.50 |                  5.00 |                    5.00 |   1050 |    74.4238 |
|        1 |        339 |           887.10 |       887.10 |       927.10 |                  5.00 |                    5.00 |   1054 |    74.5063 |
|        1 |        340 |           887.10 |       887.10 |       927.70 |                  5.00 |                    5.00 |   1057 |    74.5707 |
|        1 |        341 |           887.10 |       887.10 |       927.70 |                  5.00 |                    5.00 |   1057 |    74.6244 |
|        1 |        342 |           887.10 |       887.10 |       927.70 |                  5.00 |                    5.00 |   1057 |    74.6747 |
|        1 |        343 |           887.10 |       887.10 |       928.40 |                  5.00 |                    5.00 |   1059 |    74.7668 |
|        1 |        344 |           887.10 |       887.10 |       928.40 |                  5.00 |                    5.00 |   1059 |    74.8212 |
|        1 |        345 |           887.10 |       887.10 |       928.90 |                  5.00 |                    5.00 |   1060 |    74.8708 |
|        1 |        346 |           887.10 |       887.10 |       922.70 |                  5.00 |                    5.00 |   1061 |    74.9338 |
|        1 |        347 |           887.10 |       887.10 |       918.30 |                  5.00 |                    5.00 |   1061 |    75.0038 |
|        1 |        348 |           887.10 |       887.10 |       948.30 |                  5.00 |                    5.00 |   1061 |    75.0625 |
|        1 |        349 |           887.10 |       887.10 |       975.20 |                  5.00 |                    5.00 |   1064 |    75.1005 |
|        1 |        350 |           887.10 |       887.10 |       951.30 |                  5.00 |                    5.00 |   1067 |    75.2089 |
|        1 |        351 |           887.10 |       887.10 |       926.90 |                  5.00 |                    5.00 |   1070 |    75.2705 |
|        1 |        352 |           887.10 |       887.10 |       919.20 |                  5.00 |                    5.00 |   1070 |    75.3242 |
|        1 |        353 |           887.10 |       887.10 |       946.00 |                  5.00 |                    5.00 |   1070 |    75.3672 |
|        1 |        354 |           887.10 |       887.10 |       914.30 |                  5.00 |                    5.00 |   1070 |    75.4866 |
|        1 |        355 |           887.10 |       887.10 |       944.30 |                  5.00 |                    5.00 |   1070 |    75.5266 |
|        1 |        356 |           887.10 |       887.10 |       915.20 |                  5.00 |                    5.00 |   1071 |    75.6251 |
|        1 |        357 |           887.10 |       887.10 |       897.00 |                  5.00 |                    5.00 |   1074 |    75.7724 |
|        1 |        358 |           887.10 |       887.10 |       906.80 |                  5.00 |                    5.00 |   1077 |    75.9016 |
|        1 |        359 |           887.10 |       887.10 |       906.80 |                  5.00 |                    5.00 |   1077 |    75.9526 |
|        1 |        360 |           887.10 |       887.10 |       907.70 |                  5.00 |                    5.00 |   1079 |    76.0072 |
|        1 |        361 |           887.10 |       887.10 |       910.50 |                  5.00 |                    5.00 |   1081 |    76.0575 |
|        1 |        362 |           887.10 |       887.10 |       910.50 |                  5.00 |                    5.00 |   1081 |    76.1057 |
|        1 |        363 |           887.10 |       887.10 |       910.50 |                  5.00 |                    5.00 |   1081 |    76.1537 |
|        1 |        364 |           887.10 |       887.10 |       909.60 |                  5.00 |                    5.00 |   1082 |    76.2257 |
|        1 |        365 |           887.10 |       887.10 |       903.30 |                  5.00 |                    5.00 |   1085 |    76.3068 |
|        1 |        366 |           887.10 |       887.10 |       905.50 |                  5.00 |                    5.00 |   1087 |    76.3439 |
|        1 |        367 |           887.10 |       887.10 |       905.50 |                  5.00 |                    5.00 |   1088 |    76.3874 |
|        1 |        368 |           887.10 |       887.10 |       905.50 |                  5.00 |                    5.00 |   1088 |    76.4537 |
|        1 |        369 |           887.10 |       887.10 |       905.50 |                  5.00 |                    5.98 |   1088 |    76.5017 |
|        1 |        370 |           887.10 |       887.10 |       905.50 |                  5.00 |                    5.00 |   1088 |    76.5514 |
|        1 |        371 |           887.10 |       887.10 |       905.50 |                  5.00 |                    5.00 |   1088 |    76.5908 |
|        1 |        372 |           887.10 |       887.10 |       905.50 |                  5.00 |                    5.00 |   1089 |    76.6487 |
|        1 |        373 |           887.10 |       887.10 |       905.50 |                  5.00 |                    5.00 |   1089 |    76.6845 |
|        1 |        374 |           887.10 |       887.10 |       905.50 |                  5.00 |                    5.00 |   1089 |    76.7212 |
|        1 |        375 |           887.10 |       887.10 |       905.50 |                  5.00 |                    5.00 |   1089 |    76.7780 |
|        1 |        376 |           887.10 |       887.10 |       905.50 |                  5.00 |                    5.00 |   1089 |    76.8137 |
|        1 |        377 |           887.10 |       887.10 |       905.50 |                  5.00 |                    5.00 |   1089 |    76.8608 |
|        1 |        378 |           887.10 |       887.10 |       905.50 |                  5.00 |                    5.00 |   1089 |    76.9012 |
|        1 |        379 |           887.10 |       887.10 |       902.60 |                  5.00 |                    5.00 |   1091 |    76.9813 |
|        1 |        380 |           887.10 |       887.10 |       902.60 |                  5.00 |                    5.00 |   1091 |    77.0292 |
|        1 |        381 |           887.10 |       887.10 |       918.00 |                  5.00 |                    5.00 |   1094 |    77.0855 |
|        1 |        382 |           887.10 |       887.10 |       918.00 |                  5.00 |                    5.00 |   1094 |    77.1250 |
|        1 |        383 |           887.10 |       887.10 |       918.00 |                  5.00 |                    5.00 |   1094 |    77.1684 |
|        1 |        384 |           887.10 |       887.10 |       908.30 |                  5.00 |                    5.00 |   1098 |    77.2362 |
|        1 |        385 |           887.10 |       887.10 |       927.00 |                  5.00 |                    5.00 |   1101 |    77.2864 |
|        1 |        386 |           887.10 |       887.10 |       918.90 |                  5.00 |                    5.00 |   1101 |    77.3580 |
|        1 |        387 |           887.10 |       887.10 |       940.60 |                  5.00 |                    5.00 |   1103 |    77.4288 |
|        1 |        388 |           887.10 |       887.10 |       940.60 |                  5.00 |                    5.00 |   1103 |    77.4782 |
|        1 |        389 |           887.10 |       887.10 |       920.50 |                  5.00 |                    5.00 |   1103 |    77.5467 |
|        1 |        390 |           887.10 |       887.10 |       920.10 |                  5.00 |                    5.00 |   1103 |    77.5978 |
|        1 |        391 |           887.10 |       887.10 |       953.10 |                  5.00 |                    5.00 |   1105 |    77.6407 |
|        1 |        392 |           887.10 |       887.10 |       948.50 |                  5.00 |                    5.00 |   1105 |    77.6987 |
|        1 |        393 |           887.10 |       887.10 |       931.80 |                  5.00 |                    5.00 |   1107 |    77.7727 |
|        1 |        394 |           887.10 |       887.10 |       931.80 |                  5.00 |                    5.00 |   1107 |    77.8120 |
|        1 |        395 |           887.10 |       887.10 |       928.60 |                  5.00 |                    5.00 |   1108 |    77.8647 |
|        1 |        396 |           887.10 |       887.10 |       925.90 |                  5.00 |                    5.00 |   1109 |    77.9334 |
|        1 |        397 |           887.10 |       887.10 |       925.90 |                  5.00 |                    5.00 |   1109 |    77.9886 |
|        1 |        398 |           887.10 |       887.10 |       924.70 |                  5.00 |                    5.00 |   1110 |    78.0379 |
|        1 |        399 |           887.10 |       887.10 |       924.70 |                  5.00 |                    5.00 |   1110 |    78.0755 |
|        1 |        400 |           887.10 |       887.10 |       924.50 |                  5.00 |                    5.00 |   1112 |    78.1283 |
|        1 |        401 |           887.10 |       887.10 |       924.20 |                  5.00 |                    5.00 |   1112 |    78.1787 |
|        1 |        402 |           887.10 |       887.10 |       924.20 |                  5.00 |                    5.00 |   1112 |    78.2291 |
|        1 |        403 |           887.10 |       887.10 |       945.50 |                  5.00 |                    5.00 |   1113 |    78.2780 |
|        1 |        404 |           887.10 |       887.10 |       945.50 |                  5.00 |                    5.00 |   1113 |    78.3217 |
|        1 |        405 |           887.10 |       887.10 |       921.60 |                  5.00 |                    5.00 |   1113 |    78.4148 |
|        1 |        406 |           887.10 |       887.10 |       913.20 |                  5.00 |                    5.00 |   1116 |    78.5240 |
|        1 |        407 |           887.10 |       887.10 |       913.50 |                  5.00 |                    5.00 |   1116 |    78.5853 |
|        1 |        408 |           887.10 |       887.10 |       913.50 |                  5.00 |                    5.00 |   1116 |    78.6385 |
|        1 |        409 |           887.10 |       887.10 |       913.50 |                  5.00 |                    5.00 |   1116 |    78.6984 |
|        1 |        410 |           887.10 |       887.10 |       913.50 |                  5.00 |                    5.00 |   1116 |    78.7517 |
|        1 |        411 |           887.10 |       887.10 |       921.10 |                  5.00 |                    5.00 |   1116 |    78.8124 |
|        1 |        412 |           887.10 |       887.10 |       921.10 |                  5.00 |                    5.00 |   1116 |    78.8673 |
|        1 |        413 |           887.10 |       887.10 |       921.10 |                  5.00 |                    5.00 |   1116 |    78.9198 |
|        1 |        414 |           887.10 |       887.10 |       921.10 |                  5.00 |                    5.00 |   1116 |    78.9606 |
|        1 |        415 |           887.10 |       887.10 |       921.10 |                  5.00 |                    5.00 |   1116 |    79.0068 |
|        1 |        416 |           887.10 |       887.10 |       921.10 |                  5.00 |                    5.00 |   1116 |    79.0542 |
|        1 |        417 |           887.10 |       887.10 |       923.60 |                  5.00 |                    5.00 |   1116 |    79.1327 |
|        1 |        418 |           887.10 |       887.10 |       942.60 |                  5.00 |                    5.00 |   1117 |    79.1866 |
|        1 |        419 |           887.10 |       887.10 |       923.00 |                  5.00 |                    5.00 |   1118 |    79.3045 |
|        1 |        420 |           887.10 |       887.10 |       926.50 |                  5.00 |                    5.00 |   1119 |    79.3496 |
|        1 |        421 |           887.10 |       887.10 |       922.50 |                  5.00 |                    5.00 |   1121 |    79.4622 |
|        1 |        422 |           887.10 |       887.10 |       922.50 |                  5.00 |                    5.00 |   1121 |    79.5100 |
|        1 |        423 |           887.10 |       887.10 |       940.80 |                  5.00 |                    5.00 |   1124 |    79.5722 |
|        1 |        424 |           887.10 |       887.10 |       937.80 |                  5.00 |                    5.00 |   1127 |    79.6243 |
|        1 |        425 |           887.10 |       887.10 |       925.90 |                  5.00 |                    5.00 |   1128 |    79.7132 |
|        1 |        426 |           887.10 |       887.10 |       924.50 |                  5.00 |                    5.00 |   1129 |    79.8016 |
|        1 |        427 |           887.10 |       887.10 |       947.00 |                  5.00 |                    5.63 |   1131 |    79.8617 |
|        1 |        428 |           887.10 |       887.10 |       947.00 |                  5.00 |                    5.00 |   1131 |    79.9085 |
------------------------------------------------------------------------------------------------------------------------------------------------
|  Restart |  Iteration |  Best Feas. Cost |    Best Cost |   Curr. Cost |   Penalty Custom Res. |   Penalty Standard Res. |   Pool |   Time (s) |
------------------------------------------------------------------------------------------------------------------------------------------------
|        1 |        429 |           887.10 |       887.10 |       896.50 |                  5.00 |                    5.00 |   1131 |    80.0431 |
|        1 |        430 |           887.10 |       887.10 |       896.50 |                  5.00 |                    5.00 |   1131 |    80.0839 |
|        1 |        431 |           887.10 |       887.10 |       896.50 |                  5.00 |                    5.00 |   1131 |    80.1365 |
|        1 |        432 |           887.10 |       887.10 |       897.60 |                  5.00 |                    5.00 |   1131 |    80.1788 |
|        1 |        433 |           887.10 |       887.10 |       897.60 |                  5.00 |                    5.00 |   1131 |    80.2216 |
|        1 |        434 |           887.10 |       887.10 |       897.60 |                  5.00 |                    5.00 |   1131 |    80.2724 |
|        1 |        435 |           887.10 |       887.10 |       897.60 |                  5.00 |                    5.00 |   1131 |    80.3124 |
|        1 |        436 |           887.10 |       887.10 |       897.60 |                  5.00 |                    5.00 |   1131 |    80.3710 |
|        1 |        437 |           887.10 |       887.10 |       897.60 |                  5.00 |                    5.00 |   1131 |    80.3956 |
|        1 |        438 |           887.10 |       887.10 |       897.60 |                  5.00 |                    5.00 |   1131 |    80.4308 |
|        1 |        439 |           887.10 |       887.10 |       900.40 |                  5.00 |                    5.00 |   1131 |    80.5006 |
|        1 |        440 |           887.10 |       887.10 |       904.70 |                  5.00 |                    5.00 |   1132 |    80.5594 |
|        1 |        441 |           887.10 |       887.10 |       904.70 |                  5.00 |                    5.00 |   1132 |    80.6055 |
|        1 |        442 |           887.10 |       887.10 |       901.90 |                  5.00 |                    5.00 |   1132 |    80.6421 |
|        1 |        443 |           887.10 |       887.10 |       897.60 |                  5.00 |                    5.00 |   1132 |    80.7300 |
|        1 |        444 |           887.10 |       887.10 |       924.60 |                  5.00 |                    5.00 |   1133 |    80.7674 |
|        1 |        445 |           887.10 |       887.10 |       924.80 |                  5.00 |                    5.00 |   1134 |    80.8264 |
|        1 |        446 |           887.10 |       887.10 |       924.80 |                  5.00 |                    5.00 |   1134 |    80.8813 |
|        1 |        447 |           887.10 |       887.10 |       937.50 |                  5.00 |                    5.00 |   1136 |    80.9310 |
|        1 |        448 |           887.10 |       887.10 |       966.20 |                  5.00 |                    5.00 |   1137 |    80.9764 |
|        1 |        449 |           887.10 |       887.10 |       954.20 |                  5.00 |                    5.00 |   1137 |    81.0341 |
|        1 |        450 |           887.10 |       887.10 |       946.60 |                  5.00 |                    5.00 |   1137 |    81.1123 |
|        1 |        451 |           887.10 |       887.10 |       944.00 |                  5.00 |                    5.00 |   1137 |    81.1644 |
|        1 |        452 |           887.10 |       887.10 |       937.30 |                  5.00 |                    5.00 |   1138 |    81.2797 |
|        1 |        453 |           887.10 |       887.10 |       913.00 |                  5.00 |                    5.00 |   1138 |    81.3862 |
|        1 |        454 |           887.10 |       887.10 |       913.00 |                  5.00 |                    5.00 |   1138 |    81.4293 |
|        1 |        455 |           887.10 |       887.10 |       913.00 |                  5.00 |                    5.00 |   1138 |    81.4652 |
|        1 |        456 |           887.10 |       887.10 |       913.00 |                  5.00 |                    5.00 |   1138 |    81.5154 |
|        1 |        457 |           887.10 |       887.10 |       913.00 |                  5.00 |                    5.00 |   1138 |    81.5685 |
|        1 |        458 |           887.10 |       887.10 |       912.50 |                  5.00 |                    5.00 |   1139 |    81.6460 |
|        1 |        459 |           887.10 |       887.10 |       912.50 |                  5.00 |                    5.00 |   1139 |    81.6946 |
|        1 |        460 |           887.10 |       887.10 |       929.20 |                  5.00 |                    5.00 |   1142 |    81.7482 |
|        1 |        461 |           887.10 |       887.10 |       929.20 |                  5.00 |                    5.00 |   1142 |    81.7893 |
|        1 |        462 |           887.10 |       887.10 |       925.00 |                  5.00 |                    5.00 |   1144 |    81.9154 |
|        1 |        463 |           887.10 |       887.10 |       925.00 |                  5.00 |                    5.00 |   1144 |    81.9596 |
|        1 |        464 |           887.10 |       887.10 |       927.80 |                  5.00 |                    5.00 |   1146 |    82.0001 |
|        1 |        465 |           887.10 |       887.10 |       927.80 |                  5.00 |                    5.00 |   1146 |    82.0370 |
|        1 |        466 |           887.10 |       887.10 |       918.30 |                  5.00 |                    5.00 |   1148 |    82.1120 |
|        1 |        467 |           887.10 |       887.10 |       918.30 |                  5.00 |                    5.00 |   1148 |    82.1566 |
|        1 |        468 |           887.10 |       887.10 |       918.30 |                  5.00 |                    5.00 |   1148 |    82.2476 |
|        1 |        469 |           887.10 |       887.10 |       916.81 |                  5.00 |                    5.90 |   1151 |    82.3554 |
|        1 |        470 |           887.10 |       887.10 |       899.00 |                  5.00 |                    5.00 |   1152 |    82.4470 |
|        1 |        471 |           887.10 |       887.10 |       899.00 |                  5.00 |                    5.00 |   1153 |    82.4988 |
|        1 |        472 |           887.10 |       887.10 |       897.90 |                  5.00 |                    5.00 |   1155 |    82.5814 |
|        1 |        473 |           887.10 |       887.10 |       923.10 |                  5.00 |                    5.00 |   1157 |    82.6541 |
|        1 |        474 |           887.10 |       887.10 |       932.70 |                  5.00 |                    5.00 |   1161 |    82.8545 |
|        1 |        475 |           887.10 |       887.10 |       907.50 |                  5.00 |                    5.00 |   1163 |    82.8998 |
|        1 |        476 |           887.10 |       887.10 |       907.50 |                  5.00 |                    5.00 |   1163 |    82.9390 |
|        1 |        477 |           887.10 |       887.10 |       907.50 |                  5.00 |                    5.00 |   1163 |    82.9989 |
|        1 |        478 |           887.10 |       887.10 |       896.00 |                  5.00 |                    5.00 |   1165 |    83.0853 |
|        1 |        479 |           887.10 |       887.10 |       896.00 |                  5.00 |                    5.00 |   1165 |    83.1317 |
|        1 |        480 |           887.10 |       887.10 |       896.00 |                  5.00 |                    5.00 |   1165 |    83.1836 |
|        1 |        481 |           887.10 |       887.10 |       896.00 |                  5.00 |                    5.00 |   1165 |    83.2298 |
|        1 |        482 |           887.10 |       887.10 |       900.10 |                  5.00 |                    5.00 |   1166 |    83.2748 |
|        1 |        483 |           887.10 |       887.10 |       922.80 |                  5.00 |                    5.00 |   1167 |    83.3193 |
|        1 |        484 |           887.10 |       887.10 |       898.40 |                  5.00 |                    5.00 |   1169 |    83.4912 |
|        1 |        485 |           887.10 |       887.10 |       898.40 |                  5.00 |                    5.00 |   1169 |    83.5419 |
|        1 |        486 |           887.10 |       887.10 |       898.40 |                  5.00 |                    5.00 |   1169 |    83.5856 |
|        1 |        487 |           887.10 |       887.10 |       898.40 |                  5.00 |                    5.00 |   1169 |    83.6346 |
|        1 |        488 |           887.10 |       887.10 |       898.40 |                  5.00 |                    5.26 |   1169 |    83.6785 |
|        1 |        489 |           887.10 |       887.10 |       898.40 |                  5.00 |                    5.00 |   1169 |    83.7319 |
|        1 |        490 |           887.10 |       887.10 |       905.40 |                  5.00 |                    5.00 |   1171 |    83.8004 |
|        1 |        491 |           887.10 |       887.10 |       902.80 |                  5.00 |                    5.00 |   1172 |    83.8568 |
|        1 |        492 |           887.10 |       887.10 |       902.80 |                  5.00 |                    5.00 |   1172 |    83.9083 |
|        1 |        493 |           887.10 |       887.10 |       903.10 |                  5.00 |                    5.00 |   1172 |    83.9631 |
|        1 |        494 |           887.10 |       887.10 |       902.30 |                  5.00 |                    5.00 |   1172 |    84.0171 |
|        1 |        495 |           887.10 |       887.10 |       901.90 |                  5.00 |                    5.00 |   1172 |    84.0711 |
|        1 |        496 |           887.10 |       887.10 |       901.90 |                  5.00 |                    5.00 |   1173 |    84.1036 |
|        1 |        497 |           887.10 |       887.10 |       901.90 |                  5.00 |                    5.00 |   1173 |    84.1499 |
|        1 |        498 |           887.10 |       887.10 |       901.90 |                  5.00 |                    5.00 |   1173 |    84.2036 |
|        1 |        499 |           887.10 |       887.10 |       901.90 |                  5.00 |                    5.00 |   1173 |    84.2545 |
|        1 |        500 |           887.10 |       887.10 |       908.10 |                  5.00 |                    5.00 |   1173 |    84.3047 |
------------------------------------------------------------------------------------------------------------------------------------------------
Version identifier: 22.1.2.0 | 2024-11-26 | 0edbb82fd
CPXPARAM_MIP_Tolerances_UpperCutoff              887.20000000000164
Tried aggregator 1 time.
MIP Presolve eliminated 12 rows and 106 columns.
MIP Presolve modified 324 coefficients.
Reduced MIP has 89 rows, 1067 columns, and 14546 nonzeros.
Reduced MIP has 1067 binaries, 0 generals, 0 SOSs, and 0 indicators.
Presolve time = 0.01 sec. (11.07 ticks)
Probing time = 0.01 sec. (3.84 ticks)
Tried aggregator 1 time.
Detecting symmetries...
Reduced MIP has 89 rows, 1067 columns, and 14546 nonzeros.
Reduced MIP has 1067 binaries, 0 generals, 0 SOSs, and 0 indicators.
Presolve time = 0.00 sec. (8.98 ticks)
Probing time = 0.02 sec. (9.38 ticks)
Clique table members: 1206.
MIP emphasis: balance optimality and feasibility.
MIP search method: dynamic search.
Parallel mode: deterministic, using up to 8 threads.
Root relaxation solution time = 0.01 sec. (16.63 ticks)

        Nodes                                         Cuts/
   Node  Left     Objective  IInf  Best Integer    Best Bound    ItCnt     Gap

      0     0      885.4667    17                    885.4667      297         
*     0+    0                          887.1000      885.4667             0.18%
      0     0        cutoff            887.1000      885.4667      337    0.18%
Elapsed time = 0.06 sec. (65.23 ticks, tree = 0.01 MB, solutions = 1)
objective_value(sp) = 887.0999999999999
 87.896658 seconds (6.98 M allocations: 352.155 MiB, 0.11% gc time, 4.48% compilation time)
#1: 0 (0.0) {53.0} -> 53 (14.0) {414.0} [414.0, 489.0] -> 40 (23.0) {430.7} [360.0, 437.0] -> 58 (41.0) {849.0} [849.0, 980.0] -> 0 (41.0) {868.0} [0.0, 1000.0]
#2: 0 (0.0) {56.0} -> 21 (11.0) {74.0} [0.0, 971.0] -> 72 (36.0) {88.4} [0.0, 967.0] -> 75 (54.0) {103.7} [0.0, 962.0] -> 39 (85.0) {124.7} [33.0, 224.0] -> 67 (110.0) {294.0} [294.0, 401.0] -> 23 (139.0) {316.0} [206.0, 325.0] -> 56 (145.0) {585.0} [585.0, 692.0] -> 4 (164.0) {678.0} [678.0, 801.0] -> 55 (166.0) {696.5} [620.0, 739.0] -> 25 (172.0) {817.0} [817.0, 956.0] -> 24 (175.0) {842.0} [0.0, 960.0] -> 54 (193.0) {862.0} [0.0, 967.0] -> 26 (210.0) {884.0} [0.0, 978.0] -> 0 (210.0) {905.1} [0.0, 1000.0]
#3: 0 (0.0) {55.0} -> 50 (13.0) {71.9} [0.0, 973.0] -> 33 (24.0) {89.7} [45.0, 200.0] -> 81 (50.0) {102.5} [0.0, 962.0] -> 65 (70.0) {136.5} [49.0, 188.0] -> 66 (95.0) {592.0} [592.0, 693.0] -> 71 (110.0) {611.4} [0.0, 950.0] -> 35 (118.0) {686.0} [686.0, 813.0] -> 34 (132.0) {706.1} [0.0, 953.0] -> 29 (141.0) {729.1} [0.0, 960.0] -> 68 (177.0) {747.6} [637.0, 752.0] -> 80 (183.0) {839.0} [839.0, 968.0] -> 12 (202.0) {855.3} [0.0, 975.0] -> 0 (202.0) {880.3} [0.0, 1000.0]
#4: 0 (0.0) {56.0} -> 76 (13.0) {290.0} [290.0, 373.0] -> 1 (23.0) {310.6} [0.0, 974.0] -> 30 (44.0) {331.6} [259.0, 354.0] -> 20 (53.0) {348.6} [0.0, 958.0] -> 51 (63.0) {366.6} [0.0, 963.0] -> 9 (79.0) {400.0} [400.0, 497.0] -> 78 (82.0) {420.0} [384.0, 499.0] -> 79 (105.0) {435.6} [388.0, 465.0] -> 3 (118.0) {449.2} [0.0, 967.0] -> 77 (132.0) {817.0} [817.0, 952.0] -> 28 (148.0) {840.4} [0.0, 983.0] -> 0 (148.0) {856.7} [0.0, 1000.0]
#5: 0 (0.0) {55.0} -> 52 (9.0) {66.3} [0.0, 978.0] -> 18 (21.0) {83.9} [0.0, 974.0] -> 45 (37.0) {108.0} [29.0, 189.0] -> 46 (38.0) {128.7} [0.0, 954.0] -> 36 (43.0) {150.7} [41.0, 208.0] -> 47 (70.0) {167.9} [0.0, 955.0] -> 48 (106.0) {184.3} [0.0, 962.0] -> 19 (123.0) {202.5} [0.0, 957.0] -> 11 (135.0) {219.5} [206.0, 325.0] -> 64 (144.0) {242.5} [214.0, 333.0] -> 49 (174.0) {501.0} [501.0, 540.0] -> 63 (184.0) {532.0} [0.0, 955.0] -> 90 (187.0) {546.4} [0.0, 957.0] -> 32 (210.0) {560.8} [0.0, 956.0] -> 10 (226.0) {581.0} [577.0, 632.0] -> 70 (231.0) {788.0} [788.0, 968.0] -> 0 (231.0) {819.0} [0.0, 1000.0]
#6: 0 (0.0) {55.0} -> 27 (16.0) {104.0} [104.0, 255.0] -> 69 (22.0) {162.0} [162.0, 293.0] -> 31 (49.0) {179.8} [0.0, 972.0] -> 88 (58.0) {279.0} [279.0, 388.0] -> 62 (77.0) {295.3} [163.0, 302.0] -> 7 (82.0) {314.2} [0.0, 968.0] -> 82 (98.0) {330.0} [0.0, 966.0] -> 8 (107.0) {404.0} [404.0, 481.0] -> 83 (118.0) {421.2} [0.0, 968.0] -> 60 (121.0) {435.4} [0.0, 971.0] -> 5 (147.0) {449.8} [0.0, 969.0] -> 84 (154.0) {463.9} [436.0, 511.0] -> 17 (156.0) {733.0} [733.0, 870.0] -> 61 (169.0) {752.2} [0.0, 964.0] -> 91 (170.0) {768.0} [0.0, 964.0] -> 100 (187.0) {798.0} [798.0, 965.0] -> 37 (195.0) {810.8} [0.0, 968.0] -> 98 (205.0) {822.2} [0.0, 968.0] -> 93 (227.0) {835.3} [811.0, 969.0] -> 59 (255.0) {848.3} [0.0, 972.0] -> 89 (270.0) {870.3} [0.0, 981.0] -> 0 (270.0) {889.3} [0.0, 1000.0]
#7: 0 (0.0) {54.0} -> 94 (27.0) {66.0} [0.0, 977.0] -> 95 (47.0) {79.1} [0.0, 975.0] -> 92 (49.0) {92.7} [18.0, 181.0] -> 97 (61.0) {105.8} [0.0, 972.0] -> 42 (66.0) {124.8} [25.0, 172.0] -> 15 (74.0) {175.0} [175.0, 300.0] -> 43 (81.0) {192.2} [0.0, 955.0] -> 14 (101.0) {212.8} [0.0, 957.0] -> 44 (119.0) {233.0} [233.0, 340.0] -> 38 (135.0) {302.0} [302.0, 405.0] -> 86 (170.0) {325.0} [0.0, 954.0] -> 16 (189.0) {341.3} [0.0, 960.0] -> 85 (230.0) {357.6} [0.0, 966.0] -> 99 (239.0) {373.2} [333.0, 432.0] -> 96 (250.0) {385.4} [0.0, 974.0] -> 6 (253.0) {415.0} [415.0, 514.0] -> 87 (279.0) {437.3} [420.0, 447.0] -> 57 (286.0) {454.5} [0.0, 966.0] -> 41 (291.0) {475.6} [396.0, 511.0] -> 22 (309.0) {489.8} [409.0, 494.0] -> 74 (317.0) {681.0} [681.0, 802.0] -> 73 (326.0) {695.4} [0.0, 969.0] -> 2 (333.0) {714.4} [0.0, 972.0] -> 13 (356.0) {733.8} [690.0, 827.0] -> 0 (356.0) {754.9} [0.0, 1000.0]

Dist: 887.0999999999999. Cost: 887.0999999999999

Root node processing (before b&c):
  Real time             =    0.06 sec. (65.27 ticks)
Parallel b&c, 8 threads:
  Real time             =    0.00 sec. (0.48 ticks)
  Sync time (average)   =    0.00 sec.
  Wait time (average)   =    0.00 sec.
                          ------------
Total (root+branch&cut) =    0.07 sec. (65.75 ticks)
