Solving instance /mnt/c/Users/bruno.mattos/OneDrive - americanas s.a/Documentos/GitHub/GenericILS/TWRD/100/R209_100_010.vrptwrd...
------------------------------------------------------------------------------------------------------------------------------------------------
|  Restart |  Iteration |  Best Feas. Cost |    Best Cost |   Curr. Cost |   Penalty Custom Res. |   Penalty Standard Res. |   Pool |   Time (s) |
------------------------------------------------------------------------------------------------------------------------------------------------
|        1 |          1 |           953.00 |       953.00 |       956.80 |                  9.81 |                   20.56 |     16 |     0.2021 |
|        1 |          2 |           953.00 |       953.00 |       956.80 |                  5.00 |                    9.39 |     16 |     0.6504 |
|        1 |          0 |           940.90 |       940.90 |       940.90 |                  5.00 |                    5.00 |     21 |     0.7012 |
|        1 |          1 |           940.90 |       940.90 |       942.30 |                  5.00 |                    5.00 |     23 |     0.7716 |
|        1 |          0 |           935.60 |       935.60 |       935.60 |                  5.00 |                    5.00 |     28 |     0.8655 |
|        1 |          0 |           934.20 |       934.20 |       934.20 |                  5.00 |                    5.00 |     30 |     0.9418 |
|        1 |          1 |           934.20 |       934.20 |       934.20 |                  5.00 |                    5.00 |     30 |     0.9791 |
|        1 |          2 |           934.20 |       934.20 |       934.20 |                  5.00 |                    5.00 |     30 |     1.0232 |
|        1 |          3 |           934.20 |       934.20 |       954.40 |                  5.00 |                    5.00 |     33 |     1.0651 |
|        1 |          4 |           934.20 |       934.20 |       947.90 |                  5.00 |                    5.00 |     37 |     1.1320 |
|        1 |          0 |           919.10 |       919.10 |       919.10 |                  5.00 |                    5.00 |     42 |     1.2339 |
|        1 |          1 |           919.10 |       919.10 |       919.10 |                  5.00 |                    5.00 |     42 |     1.3083 |
|        1 |          2 |           919.10 |       919.10 |       931.80 |                  5.00 |                    5.00 |     46 |     1.3717 |
|        1 |          3 |           919.10 |       919.10 |       948.30 |                  5.00 |                    5.00 |     52 |     1.4478 |
|        1 |          4 |           919.10 |       919.10 |       948.30 |                  5.00 |                    5.00 |     52 |     1.4898 |
|        1 |          5 |           919.10 |       919.10 |       932.70 |                  5.00 |                    5.41 |     58 |     1.5882 |
|        1 |          6 |           919.10 |       919.10 |       958.30 |                  5.00 |                    5.00 |     64 |     1.6771 |
|        1 |          7 |           919.10 |       919.10 |       956.50 |                  5.00 |                    5.00 |     68 |     1.7425 |
|        1 |          8 |           919.10 |       919.10 |       941.60 |                  5.00 |                    5.31 |     71 |     1.8577 |
|        1 |          9 |           919.10 |       919.10 |       931.40 |                  5.00 |                    5.00 |     74 |     1.9464 |
|        1 |         10 |           919.10 |       919.10 |       928.23 |                  5.00 |                    5.61 |     80 |     2.0259 |
|        1 |         11 |           919.10 |       919.10 |       927.82 |                  5.00 |                    5.00 |     80 |     2.0865 |
|        1 |         12 |           919.10 |       908.39 |       908.39 |                  5.00 |                   10.76 |     80 |     2.1476 |
|        1 |         13 |           919.10 |       890.10 |       890.10 |                  5.00 |                   25.31 |     80 |     2.2152 |
|        1 |         14 |           919.10 |       888.68 |       888.68 |                  5.00 |                   49.76 |     80 |     2.2745 |
|        1 |         15 |           919.10 |       888.68 |       890.53 |                  5.00 |                   49.08 |     80 |     2.3324 |
|        1 |         16 |           919.10 |       888.68 |       890.30 |                  5.00 |                   84.64 |     81 |     2.3964 |
|        1 |         17 |           919.10 |       888.68 |       890.30 |                  5.00 |                  108.34 |     81 |     2.4356 |
|        1 |         18 |           919.10 |       888.68 |       890.30 |                  5.00 |                   83.30 |     81 |     2.4714 |
|        1 |         19 |           919.10 |       888.68 |       890.30 |                  5.00 |                   70.03 |     81 |     2.5191 |
|        1 |         20 |           919.10 |       888.68 |       890.30 |                  5.00 |                   95.25 |     81 |     2.5530 |
|        1 |         21 |           919.10 |       888.68 |       890.30 |                  5.00 |                  100.86 |     81 |     2.5886 |
|        1 |         22 |           919.10 |       888.68 |       920.90 |                  5.00 |                   75.16 |     83 |     2.6531 |
|        1 |         23 |           919.10 |       888.68 |       920.90 |                  5.00 |                   98.12 |     83 |     2.7018 |
|        1 |         24 |           919.10 |       888.68 |       945.60 |                  5.00 |                   39.32 |     91 |     2.7722 |
|        1 |         25 |           919.10 |       888.68 |       924.30 |                  5.00 |                   14.80 |     94 |     2.8752 |
|        1 |         26 |           919.10 |       888.68 |       939.50 |                  5.00 |                    7.25 |     97 |     2.9248 |
|        1 |         27 |           919.10 |       888.68 |       923.20 |                  5.00 |                    5.00 |    100 |     2.9738 |
|        1 |         28 |           919.10 |       888.68 |       923.20 |                  5.00 |                    5.00 |    100 |     3.0169 |
|        1 |         29 |           919.10 |       888.68 |       923.20 |                  5.00 |                    5.00 |    100 |     3.0731 |
|        1 |         30 |           919.10 |       888.68 |       917.70 |                  5.00 |                   10.13 |    100 |     3.1354 |
|        1 |         31 |           919.10 |       888.68 |       917.51 |                  5.00 |                   17.52 |    101 |     3.1796 |
|        1 |         32 |           919.10 |       888.68 |       938.47 |                  5.00 |                   13.06 |    103 |     3.2370 |
|        1 |         33 |           919.10 |       888.68 |       918.23 |                  5.00 |                   23.70 |    103 |     3.2954 |
|        1 |         34 |           919.10 |       888.68 |       915.20 |                  5.00 |                   47.02 |    103 |     3.3721 |
|        1 |         35 |           919.10 |       888.68 |       915.30 |                  5.00 |                   27.03 |    105 |     3.4246 |
|        1 |         36 |           919.10 |       888.68 |       915.20 |                  5.00 |                   35.61 |    105 |     3.4862 |
|        1 |         37 |           919.10 |       888.68 |       917.50 |                  5.00 |                   57.24 |    110 |     3.5568 |
|        1 |         38 |           919.10 |       888.68 |       917.50 |                  5.00 |                   80.12 |    110 |     3.6014 |
|        1 |         39 |           919.10 |       888.68 |       942.60 |                  5.00 |                   49.96 |    114 |     3.6378 |
|        1 |         40 |           919.10 |       888.68 |       942.60 |                  5.00 |                   24.23 |    114 |     3.6891 |
|        1 |         41 |           919.10 |       888.68 |       940.50 |                  5.00 |                    6.37 |    115 |     3.7892 |
|        1 |         42 |           919.10 |       888.68 |       940.50 |                  5.00 |                    5.00 |    115 |     3.8298 |
|        1 |         43 |           919.10 |       888.68 |       942.60 |                  5.00 |                    5.00 |    119 |     3.8756 |
|        1 |         44 |           919.10 |       888.68 |       942.60 |                  5.00 |                    5.00 |    119 |     3.9163 |
|        1 |         45 |           919.10 |       888.68 |       942.60 |                  5.00 |                    5.00 |    119 |     3.9660 |
|        1 |         46 |           919.10 |       888.68 |       942.60 |                  5.00 |                    5.00 |    119 |     4.0322 |
|        1 |         47 |           919.10 |       888.68 |       941.90 |                  5.00 |                    5.31 |    121 |     4.0916 |
|        1 |         48 |           919.10 |       888.68 |       939.40 |                  5.00 |                    5.00 |    122 |     4.1658 |
|        1 |         49 |           919.10 |       888.68 |       935.80 |                  5.00 |                    5.00 |    122 |     4.2111 |
|        1 |         50 |           919.10 |       888.68 |       923.60 |                  5.00 |                    5.00 |    123 |     4.2686 |
|        1 |         51 |           919.10 |       888.68 |       923.60 |                  5.00 |                    5.00 |    123 |     4.3103 |
|        1 |         52 |           919.10 |       888.68 |       940.50 |                  5.00 |                    5.00 |    126 |     4.3607 |
|        1 |         53 |           919.10 |       888.68 |       944.90 |                  5.00 |                    5.00 |    129 |     4.4029 |
|        1 |         54 |           919.10 |       888.68 |       923.00 |                  5.00 |                    5.00 |    130 |     4.4889 |
|        1 |         55 |           919.10 |       888.68 |       923.00 |                  5.00 |                    5.00 |    130 |     4.5282 |
|        1 |         56 |           919.10 |       888.68 |       923.00 |                  5.00 |                    5.00 |    130 |     4.5737 |
|        1 |         57 |           919.10 |       888.68 |       923.00 |                  5.00 |                    5.00 |    130 |     4.6172 |
|        1 |         58 |           919.10 |       888.68 |       923.00 |                  5.00 |                    5.00 |    130 |     4.6617 |
|        1 |         59 |           919.10 |       888.68 |       923.00 |                  5.00 |                    5.00 |    130 |     4.7032 |
|        1 |         60 |           919.10 |       888.68 |       923.00 |                  5.00 |                    5.00 |    130 |     4.7511 |
|        1 |         61 |           919.10 |       888.68 |       921.02 |                  5.00 |                    5.00 |    133 |     4.9202 |
|        1 |         62 |           919.10 |       888.68 |       920.76 |                  5.00 |                    9.08 |    133 |     4.9631 |
|        1 |         63 |           919.10 |       888.68 |       924.37 |                  5.00 |                   17.00 |    134 |     5.0061 |
|        1 |         64 |           919.10 |       888.68 |       918.38 |                  5.00 |                   32.74 |    134 |     5.0780 |
|        1 |         65 |           919.10 |       888.68 |       913.70 |                  5.00 |                   41.05 |    134 |     5.1257 |
|        1 |         66 |           919.10 |       888.68 |       915.10 |                  5.00 |                   58.62 |    134 |     5.1803 |
|        1 |         67 |           919.10 |       888.68 |       916.90 |                  5.00 |                   71.25 |    134 |     5.2518 |
|        1 |         68 |           919.10 |       888.68 |       916.90 |                  5.00 |                   95.80 |    134 |     5.3031 |
|        1 |         69 |           919.10 |       888.68 |       920.90 |                  5.00 |                   84.56 |    135 |     5.3568 |
|        1 |         70 |           919.10 |       888.68 |       931.80 |                  5.00 |                   53.23 |    138 |     5.3965 |
|        1 |         71 |           919.10 |       888.68 |       916.90 |                  5.00 |                   52.94 |    138 |     5.4744 |
|        1 |         72 |           919.10 |       888.68 |       919.40 |                  5.00 |                   24.42 |    139 |     5.5265 |
|        1 |         73 |           919.10 |       888.68 |       917.03 |                  5.00 |                   28.81 |    139 |     5.6001 |
|        1 |         74 |           919.10 |       888.68 |       910.10 |                  5.00 |                   39.39 |    140 |     5.7023 |
|        1 |         75 |           919.10 |       888.68 |       910.10 |                  5.00 |                   52.47 |    140 |     5.7541 |
|        1 |         76 |           919.10 |       888.68 |       910.10 |                  5.00 |                   74.96 |    140 |     5.7948 |
|        1 |         77 |           919.10 |       888.68 |       954.30 |                  5.00 |                  109.03 |    142 |     5.8773 |
|        1 |         78 |           919.10 |       888.68 |       978.50 |                  5.00 |                   54.50 |    142 |     5.9286 |
|        1 |         79 |           919.10 |       888.68 |       941.80 |                  5.00 |                   19.75 |    142 |     6.0040 |
|        1 |         80 |           919.10 |       888.68 |       941.80 |                  5.00 |                   11.02 |    142 |     6.0461 |
|        1 |          0 |           913.70 |       888.68 |       913.70 |                  5.00 |                    5.00 |    145 |     6.1609 |
|        1 |          1 |           913.70 |       888.68 |       913.70 |                  5.00 |                    5.00 |    145 |     6.2001 |
|        1 |          2 |           913.70 |       888.68 |       918.00 |                  5.00 |                    5.00 |    147 |     6.2477 |
|        1 |          3 |           913.70 |       888.68 |       922.71 |                  5.00 |                    9.06 |    151 |     6.3572 |
|        1 |          4 |           913.70 |       888.68 |       917.88 |                  5.00 |                   20.08 |    153 |     6.4137 |
|        1 |          5 |           913.70 |       888.68 |       918.71 |                  5.00 |                   38.34 |    153 |     6.4665 |
|        1 |          6 |           913.70 |       888.68 |       915.30 |                  5.00 |                   15.34 |    155 |     6.5637 |
|        1 |          7 |           913.70 |       888.68 |       915.30 |                  5.00 |                    7.51 |    155 |     6.6278 |
|        1 |          8 |           913.70 |       888.68 |       914.30 |                  5.00 |                    5.00 |    157 |     6.6706 |
|        1 |          0 |           910.10 |       888.68 |       910.10 |                  5.00 |                    5.00 |    157 |     6.7492 |
|        1 |          0 |           904.20 |       888.68 |       904.20 |                  5.00 |                    5.00 |    160 |     6.8084 |
|        1 |          1 |           904.20 |       888.68 |       904.20 |                  5.00 |                    5.00 |    160 |     6.8890 |
|        1 |          2 |           904.20 |       888.68 |       904.20 |                  5.00 |                    5.00 |    160 |     6.9455 |
|        1 |          3 |           904.20 |       888.68 |       910.10 |                  5.00 |                    5.00 |    160 |     7.0258 |
|        1 |          4 |           904.20 |       888.68 |       941.50 |                  5.00 |                    5.00 |    161 |     7.1214 |
|        1 |          5 |           904.20 |       888.68 |       939.20 |                  5.00 |                    5.00 |    162 |     7.2112 |
|        1 |          6 |           904.20 |       888.68 |       941.60 |                  5.00 |                    5.00 |    162 |     7.2584 |
|        1 |          7 |           904.20 |       888.68 |       939.44 |                  5.00 |                    8.47 |    164 |     7.3171 |
|        1 |          8 |           904.20 |       888.68 |       939.76 |                  5.00 |                   14.94 |    164 |     7.3623 |
|        1 |          9 |           904.20 |       888.68 |       921.17 |                  5.00 |                   13.55 |    164 |     7.4707 |
|        1 |         10 |           904.20 |       888.68 |       939.96 |                  5.00 |                   11.74 |    170 |     7.5328 |
|        1 |         11 |           904.20 |       888.68 |       936.28 |                  5.00 |                   23.56 |    170 |     7.5940 |
|        1 |         12 |           904.20 |       888.68 |       922.60 |                  5.00 |                   16.68 |    172 |     7.6773 |
|        1 |         13 |           904.20 |       888.68 |       925.80 |                  5.00 |                    7.39 |    175 |     7.7486 |
|        1 |         14 |           904.20 |       888.68 |       948.80 |                  5.00 |                    5.00 |    176 |     7.8024 |
|        1 |         15 |           904.20 |       888.68 |       944.20 |                  5.00 |                    5.00 |    180 |     7.9232 |
|        1 |         16 |           904.20 |       888.68 |       911.90 |                  5.00 |                    5.26 |    182 |     8.0935 |
|        1 |         17 |           904.20 |       888.68 |       938.40 |                  5.00 |                    5.00 |    183 |     8.1602 |
|        1 |         18 |           904.20 |       888.68 |       938.40 |                  5.00 |                    5.00 |    183 |     8.2111 |
|        1 |         19 |           904.20 |       888.68 |       951.00 |                  5.00 |                    5.00 |    186 |     8.2757 |
|        1 |         20 |           904.20 |       888.68 |       919.60 |                  5.00 |                    5.00 |    188 |     8.3808 |
|        1 |         21 |           904.20 |       888.68 |       919.60 |                  5.00 |                    5.00 |    188 |     8.4198 |
|        1 |         22 |           904.20 |       888.68 |       919.60 |                  5.00 |                    5.26 |    188 |     8.4701 |
|        1 |         23 |           904.20 |       888.68 |       930.80 |                  5.00 |                    5.00 |    188 |     8.5423 |
|        1 |         24 |           904.20 |       888.68 |       930.80 |                  5.00 |                    5.00 |    188 |     8.5889 |
|        1 |         25 |           904.20 |       888.68 |       909.01 |                  5.00 |                   19.74 |    191 |     8.7284 |
|        1 |         26 |           904.20 |       888.68 |       916.00 |                  5.00 |                    6.03 |    193 |     8.8201 |
|        1 |         27 |           904.20 |       888.68 |       916.00 |                  5.00 |                    5.00 |    193 |     8.8487 |
|        1 |         28 |           904.20 |       888.68 |       916.00 |                  5.00 |                    5.00 |    193 |     8.8944 |
|        1 |         29 |           904.20 |       888.68 |       916.00 |                  5.00 |                    5.00 |    193 |     8.9239 |
|        1 |         30 |           904.20 |       888.68 |       916.00 |                  5.00 |                    5.00 |    193 |     8.9657 |
|        1 |         31 |           904.20 |       888.68 |       903.85 |                  5.00 |                   14.93 |    197 |     9.0855 |
|        1 |         32 |           904.20 |       888.68 |       897.51 |                  5.00 |                   27.95 |    199 |     9.1326 |
|        1 |         33 |           904.20 |       888.68 |       893.90 |                  5.00 |                   45.88 |    199 |     9.1926 |
|        1 |         34 |           904.20 |       888.68 |       893.90 |                  5.00 |                   52.56 |    199 |     9.2502 |
|        1 |         35 |           904.20 |       888.68 |       893.30 |                  5.00 |                   50.83 |    201 |     9.3018 |
|        1 |         36 |           904.20 |       888.68 |       900.70 |                  5.00 |                   71.58 |    205 |     9.4101 |
|        1 |         37 |           904.20 |       888.68 |       900.70 |                  5.00 |                   65.12 |    205 |     9.4766 |
|        1 |         38 |           904.20 |       888.68 |       912.40 |                  5.00 |                   41.72 |    205 |     9.5553 |
|        1 |         39 |           904.20 |       888.68 |       912.40 |                  5.00 |                   19.63 |    205 |     9.6099 |
|        1 |         40 |           904.20 |       888.68 |       912.40 |                  5.00 |                    5.53 |    205 |     9.6987 |
|        1 |         41 |           904.20 |       888.68 |       912.40 |                  5.00 |                    5.00 |    205 |     9.7438 |
|        1 |         42 |           904.20 |       888.68 |       912.40 |                  5.00 |                    5.00 |    205 |     9.7899 |
|        1 |         43 |           904.20 |       888.68 |       914.04 |                  5.00 |                    7.97 |    205 |     9.8477 |
|        1 |         44 |           904.20 |       888.68 |       913.85 |                  5.00 |                   16.16 |    205 |     9.9016 |
|        1 |         45 |           904.20 |       888.68 |       914.70 |                  5.00 |                   31.78 |    205 |     9.9594 |
|        1 |         46 |           904.20 |       888.68 |       920.50 |                  5.00 |                   18.46 |    207 |    10.0084 |
|        1 |         47 |           904.20 |       888.68 |       904.79 |                  5.00 |                   20.30 |    208 |    10.0842 |
|        1 |         48 |           904.20 |       888.68 |       905.72 |                  5.00 |                   15.92 |    208 |    10.1382 |
|        1 |         49 |           904.20 |       888.68 |       905.14 |                  5.00 |                   26.95 |    208 |    10.1899 |
|        1 |         50 |           904.20 |       888.68 |       902.53 |                  5.00 |                   17.83 |    209 |    10.2407 |
|        1 |         51 |           904.20 |       888.68 |       901.50 |                  5.00 |                   18.14 |    209 |    10.2782 |
|        1 |         52 |           904.20 |       888.68 |       901.50 |                  5.00 |                   15.43 |    209 |    10.3059 |
|        1 |         53 |           904.20 |       888.68 |       929.20 |                  5.00 |                    9.80 |    212 |    10.3729 |
|        1 |         54 |           904.20 |       888.68 |       950.40 |                  5.00 |                   12.61 |    213 |    10.4983 |
|        1 |         55 |           904.20 |       888.68 |       945.40 |                  5.00 |                    6.69 |    215 |    10.5447 |
|        1 |         56 |           904.20 |       888.68 |       912.10 |                  5.00 |                    5.00 |    217 |    10.6062 |
|        1 |         57 |           904.20 |       888.68 |       912.10 |                  5.00 |                    6.22 |    217 |    10.6595 |
|        1 |         58 |           904.20 |       888.68 |       912.10 |                  5.00 |                    5.00 |    217 |    10.7159 |
|        1 |         59 |           904.20 |       888.68 |       909.19 |                  5.00 |                   19.05 |    222 |    10.9147 |
|        1 |         60 |           904.20 |       880.48 |       880.48 |                  5.00 |                   22.43 |    223 |    11.0070 |
|        1 |         61 |           904.20 |       878.19 |       878.19 |                  5.00 |                   42.38 |    223 |    11.0618 |
|        1 |          0 |           904.00 |       878.19 |       904.00 |                  5.00 |                   26.13 |    225 |    11.1163 |
|        1 |          1 |           904.00 |       878.19 |       904.00 |                  5.00 |                   41.19 |    225 |    11.1851 |
|        1 |          2 |           904.00 |       878.19 |       904.00 |                  5.00 |                   17.18 |    225 |    11.2504 |
|        1 |          3 |           904.00 |       878.19 |       901.70 |                  5.00 |                   35.15 |    225 |    11.3109 |
|        1 |          4 |           904.00 |       878.19 |       905.84 |                  5.00 |                   28.68 |    225 |    11.3635 |
|        1 |          5 |           904.00 |       878.19 |       917.80 |                  5.00 |                   11.15 |    226 |    11.4524 |
|        1 |          6 |           904.00 |       878.19 |       907.70 |                  5.00 |                    5.29 |    228 |    11.5548 |
|        1 |          7 |           904.00 |       878.19 |       907.70 |                  5.00 |                    5.00 |    228 |    11.6027 |
|        1 |          8 |           904.00 |       878.19 |       907.70 |                  5.00 |                    5.00 |    228 |    11.6449 |
|        1 |          9 |           904.00 |       878.19 |       907.70 |                  5.00 |                    5.00 |    228 |    11.6893 |
|        1 |         10 |           904.00 |       878.19 |       907.70 |                  5.00 |                    5.00 |    228 |    11.7303 |
|        1 |         11 |           904.00 |       878.19 |       920.70 |                  5.00 |                    5.00 |    229 |    11.7802 |
|        1 |         12 |           904.00 |       878.19 |       921.70 |                  5.00 |                    5.00 |    230 |    11.8303 |
|        1 |         13 |           904.00 |       878.19 |       921.70 |                  5.00 |                    5.80 |    230 |    11.8769 |
|        1 |         14 |           904.00 |       878.19 |       919.60 |                  5.00 |                    5.00 |    230 |    11.9333 |
|        1 |         15 |           904.00 |       878.19 |       919.60 |                  5.00 |                    5.00 |    230 |    11.9703 |
|        1 |         16 |           904.00 |       878.19 |       919.60 |                  5.00 |                    6.29 |    230 |    12.0150 |
|        1 |         17 |           904.00 |       878.19 |       938.12 |                  5.00 |                   10.96 |    230 |    12.0779 |
|        1 |         18 |           904.00 |       878.19 |       938.55 |                  5.00 |                    7.39 |    230 |    12.1335 |
|        1 |         19 |           904.00 |       878.19 |       938.15 |                  5.00 |                   12.04 |    230 |    12.1785 |
|        1 |         20 |           904.00 |       878.19 |       934.60 |                  5.00 |                    7.96 |    231 |    12.2305 |
|        1 |         21 |           904.00 |       878.19 |       934.60 |                  5.00 |                    5.00 |    231 |    12.2768 |
|        1 |         22 |           904.00 |       878.19 |       931.80 |                  5.00 |                    5.00 |    231 |    12.3212 |
|        1 |         23 |           904.00 |       878.19 |       931.80 |                  5.00 |                    5.00 |    231 |    12.3610 |
|        1 |         24 |           904.00 |       878.19 |       931.80 |                  5.00 |                    5.00 |    231 |    12.4702 |
|        1 |         25 |           904.00 |       878.19 |       931.80 |                  5.00 |                    5.00 |    231 |    12.5196 |
|        1 |         26 |           904.00 |       878.19 |       931.80 |                  5.00 |                    5.00 |    231 |    12.5661 |
|        1 |         27 |           904.00 |       878.19 |       934.60 |                  5.00 |                    5.00 |    231 |    12.6225 |
|        1 |         28 |           904.00 |       878.19 |       934.80 |                  5.00 |                    6.94 |    235 |    12.7441 |
|        1 |         29 |           904.00 |       878.19 |       934.30 |                  5.00 |                    5.00 |    236 |    12.7927 |
|        1 |         30 |           904.00 |       878.19 |       931.50 |                  5.00 |                    5.00 |    236 |    12.8455 |
|        1 |         31 |           904.00 |       878.19 |       910.30 |                  5.00 |                    5.00 |    236 |    12.9174 |
|        1 |         32 |           904.00 |       878.19 |       912.90 |                  5.00 |                    5.00 |    238 |    12.9656 |
|        1 |         33 |           904.00 |       878.19 |       928.20 |                  5.00 |                    5.00 |    240 |    13.0055 |
|        1 |         34 |           904.00 |       878.19 |       928.60 |                  5.00 |                    5.00 |    242 |    13.0649 |
|        1 |         35 |           904.00 |       878.19 |       922.70 |                  5.00 |                    5.00 |    243 |    13.1224 |
|        1 |         36 |           904.00 |       878.19 |       922.70 |                  5.00 |                    5.00 |    243 |    13.1840 |
|        1 |         37 |           904.00 |       878.19 |       922.70 |                  5.00 |                    5.00 |    243 |    13.2105 |
|        1 |         38 |           904.00 |       878.19 |       922.70 |                  5.00 |                    5.00 |    243 |    13.2660 |
|        1 |         39 |           904.00 |       878.19 |       922.02 |                  5.00 |                    9.64 |    243 |    13.3339 |
|        1 |         40 |           904.00 |       878.19 |       922.23 |                  5.00 |                   24.81 |    243 |    13.3933 |
|        1 |         41 |           904.00 |       878.19 |       939.20 |                  5.00 |                   24.93 |    245 |    13.4679 |
|        1 |         42 |           904.00 |       878.19 |       946.97 |                  5.00 |                   70.14 |    246 |    13.5431 |
|        1 |         43 |           904.00 |       878.19 |       930.80 |                  5.00 |                   53.31 |    249 |    13.6000 |
|        1 |         44 |           904.00 |       878.19 |       911.60 |                  5.00 |                   86.60 |    251 |    13.6618 |
|        1 |         45 |           904.00 |       878.19 |       905.20 |                  5.00 |                   51.31 |    255 |    13.7134 |
|        1 |         46 |           904.00 |       878.19 |       903.00 |                  5.00 |                   33.51 |    259 |    13.7925 |
|        1 |         47 |           904.00 |       878.19 |       913.10 |                  5.00 |                   41.99 |    259 |    13.8560 |
|        1 |         48 |           904.00 |       878.19 |       913.10 |                  5.00 |                   23.65 |    259 |    13.9186 |
|        1 |         49 |           904.00 |       878.19 |       912.90 |                  5.00 |                   17.96 |    259 |    13.9894 |
|        1 |         50 |           904.00 |       878.19 |       903.50 |                  5.00 |                   46.00 |    262 |    14.1164 |
|        1 |         51 |           904.00 |       878.19 |       919.30 |                  5.00 |                   17.70 |    264 |    14.1869 |
|        1 |         52 |           904.00 |       878.19 |       919.30 |                  5.00 |                    8.50 |    264 |    14.2395 |
|        1 |         53 |           904.00 |       878.19 |       921.40 |                  5.00 |                    5.00 |    264 |    14.2844 |
|        1 |         54 |           904.00 |       878.19 |       944.00 |                  5.00 |                    5.00 |    266 |    14.3296 |
|        1 |         55 |           904.00 |       878.19 |       944.00 |                  5.00 |                    5.00 |    266 |    14.3812 |
|        1 |         56 |           904.00 |       878.19 |       941.90 |                  5.00 |                    5.00 |    266 |    14.4521 |
|        1 |         57 |           904.00 |       878.19 |       942.90 |                  5.00 |                    5.00 |    267 |    14.5003 |
|        1 |         58 |           904.00 |       878.19 |       911.99 |                  5.00 |                   18.59 |    270 |    14.6138 |
|        1 |         59 |           904.00 |       878.19 |       909.10 |                  5.00 |                   41.97 |    272 |    14.7013 |
|        1 |         60 |           904.00 |       878.19 |       909.10 |                  5.00 |                   58.12 |    273 |    14.7568 |
|        1 |         61 |           904.00 |       878.19 |       909.10 |                  5.00 |                   96.41 |    273 |    14.8121 |
|        1 |         62 |           904.00 |       878.19 |       909.10 |                  5.00 |                   96.03 |    273 |    14.8630 |
|        1 |         63 |           904.00 |       878.19 |       909.10 |                  5.00 |                  124.23 |    273 |    14.8922 |
|        1 |         64 |           904.00 |       878.19 |       916.30 |                  5.00 |                   63.29 |    273 |    14.9569 |
|        1 |         65 |           904.00 |       878.19 |       916.30 |                  5.00 |                   97.91 |    273 |    15.0045 |
|        1 |         66 |           904.00 |       878.19 |       920.30 |                  5.00 |                  113.39 |    277 |    15.0417 |
|        1 |         67 |           904.00 |       878.19 |       917.90 |                  5.00 |                   98.11 |    277 |    15.0980 |
|        1 |         68 |           904.00 |       878.19 |       913.30 |                  5.00 |                   77.40 |    280 |    15.1991 |
|        1 |         69 |           904.00 |       878.19 |       913.30 |                  5.00 |                  102.01 |    280 |    15.2494 |
|        1 |         70 |           904.00 |       878.19 |       927.50 |                  5.00 |                   59.82 |    281 |    15.3009 |
|        1 |         71 |           904.00 |       878.19 |       913.80 |                  5.00 |                   58.39 |    281 |    15.3601 |
|        1 |         72 |           904.00 |       878.19 |       902.30 |                  5.00 |                   82.93 |    283 |    15.4963 |
|        1 |         73 |           904.00 |       878.19 |       902.30 |                  5.00 |                   81.88 |    283 |    15.5321 |
|        1 |         74 |           904.00 |       878.19 |       902.30 |                  5.00 |                   58.06 |    283 |    15.5871 |
|        1 |         75 |           904.00 |       878.19 |       919.40 |                  5.00 |                   83.62 |    286 |    15.6611 |
|        1 |         76 |           904.00 |       878.19 |       912.10 |                  5.00 |                   58.55 |    287 |    15.7596 |
|        1 |         77 |           904.00 |       878.19 |       926.10 |                  5.00 |                   74.79 |    287 |    15.8348 |
|        1 |         78 |           904.00 |       878.19 |       910.00 |                  5.00 |                   49.46 |    287 |    15.8890 |
|        1 |         79 |           904.00 |       878.19 |       910.00 |                  5.00 |                   57.24 |    287 |    15.9412 |
|        1 |         80 |           904.00 |       878.19 |       910.00 |                  5.00 |                   50.58 |    287 |    15.9967 |
|        1 |         81 |           904.00 |       878.19 |       930.90 |                  5.00 |                   64.07 |    290 |    16.0476 |
|        1 |         82 |           904.00 |       878.19 |       938.90 |                  5.00 |                   33.68 |    290 |    16.0934 |
|        1 |         83 |           904.00 |       878.19 |       938.00 |                  5.00 |                   32.26 |    291 |    16.1369 |
|        1 |         84 |           904.00 |       878.19 |       932.80 |                  5.00 |                    8.47 |    294 |    16.2289 |
|        1 |         85 |           904.00 |       878.19 |       929.90 |                  5.00 |                    5.00 |    295 |    16.2822 |
|        1 |         86 |           904.00 |       878.19 |       929.90 |                  5.00 |                    5.00 |    295 |    16.3301 |
|        1 |         87 |           904.00 |       878.19 |       929.90 |                  5.00 |                    5.00 |    295 |    16.3863 |
|        1 |         88 |           904.00 |       878.19 |       943.19 |                  5.00 |                    9.93 |    298 |    16.4485 |
|        1 |         89 |           904.00 |       878.19 |       933.96 |                  5.00 |                   14.76 |    299 |    16.5150 |
|        1 |         90 |           904.00 |       878.19 |       922.23 |                  5.00 |                   12.53 |    301 |    16.5742 |
|        1 |         91 |           904.00 |       878.19 |       921.77 |                  5.00 |                   19.80 |    301 |    16.6119 |
|        1 |         92 |           904.00 |       878.19 |       922.35 |                  5.00 |                   29.71 |    301 |    16.6742 |
|        1 |         93 |           904.00 |       878.19 |       923.91 |                  5.00 |                   52.91 |    301 |    16.7215 |
|        1 |         94 |           904.00 |       878.19 |       923.42 |                  5.00 |                   47.50 |    304 |    16.8400 |
|        1 |         95 |           904.00 |       878.19 |       920.50 |                  5.00 |                   43.44 |    307 |    16.9820 |
|        1 |         96 |           904.00 |       878.19 |       920.50 |                  5.00 |                   17.94 |    307 |    17.0556 |
|        1 |         97 |           904.00 |       878.19 |       918.50 |                  5.00 |                    7.33 |    308 |    17.1202 |
|        1 |         98 |           904.00 |       878.19 |       918.50 |                  5.00 |                    5.00 |    308 |    17.1795 |
|        1 |         99 |           904.00 |       878.19 |       920.10 |                  5.00 |                    5.00 |    309 |    17.2335 |
|        1 |        100 |           904.00 |       878.19 |       918.50 |                  5.00 |                    5.00 |    309 |    17.3065 |
|        1 |        101 |           904.00 |       878.19 |       911.57 |                  5.00 |                    9.36 |    309 |    17.3791 |
|        1 |        102 |           904.00 |       878.19 |       912.37 |                  5.00 |                   17.69 |    309 |    17.4413 |
|        1 |        103 |           904.00 |       878.19 |       914.37 |                  5.00 |                   34.45 |    309 |    17.5008 |
|        1 |        104 |           904.00 |       878.19 |       910.50 |                  5.00 |                   50.65 |    309 |    17.5647 |
|        1 |        105 |           904.00 |       878.19 |       910.50 |                  5.00 |                   34.52 |    309 |    17.6160 |
|        1 |        106 |           904.00 |       878.19 |       914.20 |                  5.00 |                    9.07 |    310 |    17.7219 |
|        1 |        107 |           904.00 |       878.19 |       914.20 |                  5.00 |                    5.00 |    310 |    17.7848 |
|        1 |        108 |           904.00 |       878.19 |       913.30 |                  5.00 |                    5.00 |    311 |    17.8385 |
|        1 |        109 |           904.00 |       878.19 |       935.00 |                  5.00 |                    5.00 |    313 |    17.8911 |
|        1 |        110 |           904.00 |       878.19 |       917.30 |                  5.00 |                    5.00 |    314 |    17.9725 |
|        1 |        111 |           904.00 |       878.19 |       917.30 |                  5.00 |                    5.00 |    314 |    18.0397 |
|        1 |        112 |           904.00 |       878.19 |       917.30 |                  5.00 |                    5.00 |    314 |    18.0902 |
|        1 |        113 |           904.00 |       878.19 |       927.00 |                  5.00 |                    5.00 |    319 |    18.1466 |
|        1 |        114 |           904.00 |       878.19 |       921.90 |                  5.00 |                    5.00 |    320 |    18.2998 |
|        1 |        115 |           904.00 |       878.19 |       907.70 |                  5.00 |                    5.00 |    323 |    18.3866 |
|        1 |        116 |           904.00 |       878.19 |       907.70 |                  5.00 |                    5.00 |    325 |    18.4316 |
|        1 |        117 |           904.00 |       878.19 |       925.00 |                  5.00 |                    8.14 |    325 |    18.4757 |
|        1 |        118 |           904.00 |       878.19 |       945.00 |                  5.00 |                    5.13 |    327 |    18.5151 |
|        1 |        119 |           904.00 |       878.19 |       922.20 |                  5.00 |                    5.00 |    328 |    18.6111 |
|        1 |        120 |           904.00 |       878.19 |       922.20 |                  5.00 |                    5.00 |    328 |    18.6706 |
|        1 |        121 |           904.00 |       878.19 |       922.00 |                  5.00 |                    5.00 |    328 |    18.7495 |
|        1 |        122 |           904.00 |       878.19 |       921.00 |                  5.00 |                    5.00 |    330 |    18.8325 |
|        1 |        123 |           904.00 |       878.19 |       921.00 |                  5.00 |                    9.17 |    330 |    18.8988 |
|        1 |        124 |           904.00 |       878.19 |       921.00 |                  5.00 |                    5.02 |    330 |    18.9533 |
|        1 |        125 |           904.00 |       878.19 |       921.00 |                  5.00 |                    5.00 |    330 |    19.0039 |
|        1 |        126 |           904.00 |       878.19 |       909.60 |                  5.00 |                    5.00 |    334 |    19.0822 |
|        1 |        127 |           904.00 |       878.19 |       909.60 |                  5.00 |                    5.00 |    335 |    19.1357 |
|        1 |        128 |           904.00 |       878.19 |       909.20 |                  5.00 |                    5.00 |    337 |    19.2019 |
|        1 |          0 |           898.50 |       878.19 |       898.50 |                  5.00 |                    5.00 |    338 |    19.3007 |
|        1 |          1 |           898.50 |       878.19 |       898.50 |                  5.00 |                    5.00 |    338 |    19.3458 |
|        1 |          2 |           898.50 |       878.19 |       915.80 |                  5.00 |                    5.00 |    339 |    19.4080 |
|        1 |          3 |           898.50 |       878.19 |       920.70 |                  5.00 |                    5.00 |    339 |    19.4415 |
|        1 |          0 |           898.40 |       878.19 |       898.40 |                  5.00 |                    5.00 |    343 |    19.5527 |
|        1 |          1 |           898.40 |       878.19 |       914.40 |                  5.00 |                    5.00 |    345 |    19.6121 |
|        1 |          2 |           898.40 |       878.19 |       906.30 |                  5.00 |                    5.00 |    347 |    19.7063 |
|        1 |          0 |           890.70 |       878.19 |       890.70 |                  5.00 |                    5.00 |    349 |    19.7661 |
|        1 |          1 |           890.70 |       878.19 |       890.70 |                  5.00 |                    5.00 |    349 |    19.8133 |
|        1 |          2 |           890.70 |       878.19 |       901.40 |                  5.00 |                    5.00 |    353 |    19.8628 |
|        1 |          3 |           890.70 |       878.19 |       900.30 |                  5.00 |                    5.73 |    357 |    19.9244 |
|        1 |          4 |           890.70 |       878.19 |       918.07 |                  5.00 |                    5.00 |    359 |    19.9801 |
------------------------------------------------------------------------------------------------------------------------------------------------
|  Restart |  Iteration |  Best Feas. Cost |    Best Cost |   Curr. Cost |   Penalty Custom Res. |   Penalty Standard Res. |   Pool |   Time (s) |
------------------------------------------------------------------------------------------------------------------------------------------------
|        1 |          5 |           890.70 |       878.19 |       907.07 |                  5.00 |                    5.00 |    360 |    20.0731 |
|        1 |          6 |           890.70 |       878.19 |       894.70 |                  5.00 |                    5.00 |    362 |    20.1216 |
|        1 |          7 |           890.70 |       878.19 |       894.70 |                  5.00 |                    5.00 |    362 |    20.1611 |
|        1 |          8 |           890.70 |       878.19 |       894.70 |                  5.00 |                    5.00 |    362 |    20.2240 |
|        1 |          9 |           890.70 |       878.19 |       913.40 |                  5.00 |                    5.00 |    362 |    20.2833 |
|        1 |         10 |           890.70 |       878.19 |       930.90 |                  5.00 |                    5.00 |    362 |    20.3334 |
|        1 |         11 |           890.70 |       878.19 |       930.90 |                  5.00 |                    5.00 |    362 |    20.3806 |
|        1 |          0 |           890.10 |       878.19 |       890.10 |                  5.00 |                    5.00 |    367 |    20.4933 |
|        1 |          1 |           890.10 |       878.19 |       890.10 |                  5.00 |                    8.73 |    367 |    20.5426 |
|        1 |          2 |           890.10 |       878.19 |       890.10 |                  5.00 |                    5.00 |    367 |    20.6006 |
|        1 |          3 |           890.10 |       878.19 |       890.10 |                  5.00 |                    5.00 |    367 |    20.6625 |
|        1 |          4 |           890.10 |       878.19 |       890.10 |                  5.00 |                    6.94 |    367 |    20.7236 |
|        1 |          5 |           890.10 |       878.19 |       890.10 |                  5.00 |                    5.00 |    367 |    20.7654 |
|        1 |          6 |           890.10 |       878.19 |       884.01 |                  5.00 |                   15.70 |    368 |    20.8722 |
|        1 |          7 |           890.10 |       878.19 |       893.74 |                  5.00 |                   32.46 |    371 |    20.9278 |
|        1 |          8 |           890.10 |       877.40 |       877.40 |                  5.00 |                   26.95 |    372 |    21.0139 |
|        1 |          9 |           890.10 |       877.40 |       899.80 |                  5.00 |                   36.25 |    374 |    21.0673 |
|        1 |         10 |           890.10 |       877.40 |       912.30 |                  5.00 |                   22.35 |    375 |    21.1171 |
|        1 |         11 |           890.10 |       877.40 |       912.00 |                  5.00 |                   46.56 |    376 |    21.2211 |
|        1 |         12 |           890.10 |       877.40 |       912.00 |                  5.00 |                   61.38 |    376 |    21.2731 |
|        1 |         13 |           890.10 |       877.40 |       905.90 |                  5.00 |                   70.28 |    379 |    21.3339 |
|        1 |         14 |           890.10 |       877.40 |       905.90 |                  5.00 |                   60.29 |    379 |    21.3842 |
|        1 |         15 |           890.10 |       877.40 |       890.80 |                  5.00 |                   32.91 |    380 |    21.4665 |
|        1 |         16 |           890.10 |       877.40 |       890.80 |                  5.00 |                   38.84 |    380 |    21.5341 |
|        1 |         17 |           890.10 |       877.40 |       896.20 |                  5.00 |                   35.02 |    381 |    21.5815 |
|        1 |         18 |           890.10 |       877.40 |       901.30 |                  5.00 |                   17.13 |    381 |    21.6572 |
|        1 |         19 |           890.10 |       877.40 |       898.96 |                  5.00 |                   11.56 |    381 |    21.7204 |
|        1 |         20 |           890.10 |       877.40 |       897.98 |                  5.00 |                   21.42 |    381 |    21.7692 |
|        1 |         21 |           890.10 |       877.40 |       899.97 |                  5.00 |                   37.72 |    381 |    21.8297 |
|        1 |         22 |           890.10 |       877.40 |       895.60 |                  5.00 |                   52.74 |    381 |    21.8997 |
|        1 |         23 |           890.10 |       877.40 |       894.40 |                  5.00 |                   80.67 |    383 |    21.9723 |
|        1 |         24 |           890.10 |       877.40 |       892.40 |                  5.00 |                   43.13 |    385 |    22.0696 |
|        1 |         25 |           890.10 |       877.40 |       892.10 |                  5.00 |                   57.98 |    387 |    22.1304 |
|        1 |         26 |           890.10 |       877.40 |       905.40 |                  5.00 |                   14.34 |    390 |    22.2401 |
|        1 |         27 |           890.10 |       877.40 |       907.09 |                  5.00 |                   16.95 |    391 |    22.2848 |
|        1 |         28 |           890.10 |       877.40 |       905.93 |                  5.00 |                   16.87 |    392 |    22.3540 |
|        1 |         29 |           890.10 |       877.40 |       904.80 |                  5.00 |                   17.62 |    392 |    22.4574 |
|        1 |         30 |           890.10 |       877.40 |       916.00 |                  5.00 |                    8.55 |    392 |    22.5123 |
|        1 |         31 |           890.10 |       877.40 |       916.70 |                  5.00 |                    5.00 |    393 |    22.5622 |
|        1 |         32 |           890.10 |       877.40 |       916.70 |                  5.00 |                    5.00 |    393 |    22.6083 |
|        1 |         33 |           890.10 |       877.40 |       912.47 |                  5.00 |                    8.47 |    396 |    22.6947 |
|        1 |         34 |           890.10 |       877.40 |       899.49 |                  5.00 |                   18.59 |    396 |    22.7521 |
|        1 |         35 |           890.10 |       877.40 |       901.36 |                  5.00 |                   31.82 |    396 |    22.7977 |
|        1 |         36 |           890.10 |       877.40 |       898.20 |                  5.00 |                   49.61 |    396 |    22.9609 |
|        1 |         37 |           890.10 |       877.40 |       898.20 |                  5.00 |                   57.94 |    396 |    23.0453 |
|        1 |         38 |           890.10 |       877.40 |       898.20 |                  5.00 |                   33.65 |    396 |    23.1251 |
|        1 |         39 |           890.10 |       877.40 |       902.70 |                  5.00 |                   55.17 |    401 |    23.2582 |
|        1 |         40 |           890.10 |       877.40 |       902.70 |                  5.00 |                   36.38 |    401 |    23.3977 |
|        1 |         41 |           890.10 |       877.40 |       902.70 |                  5.00 |                   29.64 |    401 |    23.4751 |
|        1 |         42 |           890.10 |       877.40 |       902.40 |                  5.00 |                   28.33 |    405 |    23.5886 |
|        1 |         43 |           890.10 |       877.40 |       902.40 |                  5.00 |                   22.47 |    405 |    23.6174 |
|        1 |         44 |           890.10 |       877.40 |       902.40 |                  5.00 |                   33.44 |    405 |    23.6633 |
|        1 |         45 |           890.10 |       877.40 |       902.10 |                  5.00 |                   49.09 |    405 |    23.7601 |
|        1 |         46 |           890.10 |       877.40 |       902.10 |                  5.00 |                   69.42 |    405 |    23.8148 |
|        1 |         47 |           890.10 |       877.40 |       902.10 |                  5.00 |                   93.42 |    405 |    23.8675 |
|        1 |         48 |           890.10 |       877.40 |       901.80 |                  5.00 |                   70.22 |    406 |    23.9515 |
|        1 |         49 |           890.10 |       877.40 |       901.80 |                  5.00 |                   90.74 |    406 |    24.0078 |
|        1 |         50 |           890.10 |       877.40 |       901.80 |                  5.00 |                   91.33 |    406 |    24.0656 |
|        1 |         51 |           890.10 |       877.40 |       899.00 |                  5.00 |                   53.48 |    407 |    24.1425 |
|        1 |         52 |           890.10 |       877.40 |       898.70 |                  5.00 |                   69.73 |    408 |    24.2156 |
|        1 |         53 |           890.10 |       877.40 |       898.70 |                  5.00 |                   46.06 |    408 |    24.2919 |
|        1 |         54 |           890.10 |       877.40 |       898.70 |                  5.00 |                   71.20 |    408 |    24.3525 |
|        1 |         55 |           890.10 |       877.40 |       924.40 |                  5.00 |                   60.44 |    410 |    24.4066 |
|        1 |         56 |           890.10 |       877.40 |       892.40 |                  5.00 |                   44.42 |    411 |    24.5191 |
|        1 |         57 |           890.10 |       877.40 |       892.40 |                  5.00 |                   59.70 |    411 |    24.5848 |
|        1 |         58 |           890.10 |       877.40 |       910.40 |                  5.00 |                   77.04 |    412 |    24.6477 |
|        1 |         59 |           890.10 |       877.40 |       903.80 |                  5.00 |                   84.02 |    414 |    24.6906 |
|        1 |         60 |           890.10 |       877.40 |       903.80 |                  5.00 |                   69.86 |    414 |    24.7506 |
|        1 |         61 |           890.10 |       877.40 |       909.40 |                  5.00 |                   94.88 |    415 |    24.8047 |
|        1 |         62 |           890.10 |       877.40 |       909.40 |                  5.00 |                   68.69 |    415 |    24.8444 |
|        1 |         63 |           890.10 |       877.40 |       898.70 |                  5.00 |                   72.72 |    415 |    24.8888 |
|        1 |         64 |           890.10 |       877.40 |       898.70 |                  5.00 |                   47.04 |    415 |    24.9664 |
|        1 |         65 |           890.10 |       877.40 |       898.70 |                  5.00 |                   63.86 |    415 |    25.0237 |
|        1 |         66 |           890.10 |       877.40 |       898.70 |                  5.00 |                   75.42 |    415 |    25.0665 |
|        1 |         67 |           890.10 |       877.40 |       898.70 |                  5.00 |                   98.57 |    415 |    25.0958 |
|        1 |         68 |           890.10 |       877.40 |       898.70 |                  5.00 |                  116.44 |    415 |    25.1371 |
|        1 |         69 |           890.10 |       877.40 |       914.50 |                  5.00 |                   69.70 |    415 |    25.1831 |
|        1 |         70 |           890.10 |       877.40 |       909.50 |                  5.00 |                   28.37 |    415 |    25.3009 |
|        1 |         71 |           890.10 |       877.40 |       909.50 |                  5.00 |                   14.61 |    415 |    25.3476 |
|        1 |         72 |           890.10 |       877.40 |       893.80 |                  5.00 |                   20.83 |    415 |    25.4269 |
|        1 |         73 |           890.10 |       877.40 |       893.80 |                  5.00 |                   30.69 |    415 |    25.4601 |
|        1 |         74 |           890.10 |       877.40 |       885.70 |                  5.00 |                   40.39 |    415 |    25.5268 |
|        1 |         75 |           890.10 |       877.40 |       885.70 |                  5.00 |                   57.66 |    415 |    25.5835 |
|        1 |         76 |           890.10 |       877.40 |       885.80 |                  5.00 |                   68.78 |    416 |    25.6368 |
|        1 |         77 |           890.10 |       877.40 |       884.90 |                  5.00 |                   69.18 |    418 |    25.7005 |
|        1 |         78 |           890.10 |       877.40 |       884.90 |                  5.00 |                  114.44 |    418 |    25.8167 |
|        1 |         79 |           890.10 |       877.40 |       884.90 |                  5.00 |                   57.75 |    418 |    25.8692 |
|        1 |         80 |           890.10 |       877.40 |       900.70 |                  5.00 |                   97.49 |    418 |    25.9505 |
|        1 |         81 |           890.10 |       877.40 |       902.80 |                  5.00 |                   83.63 |    418 |    25.9960 |
|        1 |         82 |           890.10 |       877.40 |       901.70 |                  5.00 |                   56.29 |    421 |    26.0785 |
|        1 |         83 |           890.10 |       877.40 |       901.70 |                  5.00 |                   28.41 |    421 |    26.1350 |
|        1 |         84 |           890.10 |       877.40 |       901.70 |                  5.00 |                   15.70 |    421 |    26.1826 |
|        1 |         85 |           890.10 |       877.40 |       910.20 |                  5.00 |                    6.68 |    423 |    26.2411 |
|        1 |         86 |           890.10 |       877.40 |       925.10 |                  5.00 |                    7.74 |    423 |    26.2835 |
|        1 |         87 |           890.10 |       877.40 |       910.20 |                  5.00 |                    5.52 |    423 |    26.3805 |
|        1 |         88 |           890.10 |       877.40 |       905.46 |                  5.00 |                    9.64 |    423 |    26.4516 |
|        1 |         89 |           890.10 |       877.40 |       906.17 |                  5.00 |                    7.25 |    425 |    26.5178 |
|        1 |         90 |           890.10 |       877.40 |       905.05 |                  5.00 |                   12.66 |    425 |    26.5609 |
|        1 |         91 |           890.10 |       877.40 |       906.21 |                  5.00 |                   11.53 |    425 |    26.6162 |
|        1 |         92 |           890.10 |       877.40 |       906.15 |                  5.00 |                   20.94 |    425 |    26.6609 |
|        1 |         93 |           890.10 |       877.40 |       907.87 |                  5.00 |                   33.04 |    425 |    26.7189 |
|        1 |         94 |           890.10 |       877.40 |       904.10 |                  5.00 |                   78.24 |    427 |    26.8197 |
|        1 |         95 |           890.10 |       877.40 |       904.90 |                  5.00 |                  110.65 |    427 |    26.8694 |
|        1 |         96 |           890.10 |       877.40 |       904.90 |                  5.00 |                   81.78 |    427 |    26.9073 |
|        1 |         97 |           890.10 |       877.40 |       904.90 |                  5.00 |                  119.10 |    427 |    26.9615 |
|        1 |         98 |           890.10 |       877.40 |       904.90 |                  5.00 |                   85.28 |    427 |    27.0204 |
|        1 |         99 |           890.10 |       877.40 |       911.50 |                  5.00 |                   49.04 |    427 |    27.0719 |
|        1 |        100 |           890.10 |       877.40 |       910.20 |                  5.00 |                   19.61 |    427 |    27.1627 |
|        1 |        101 |           890.10 |       877.40 |       910.20 |                  5.00 |                   11.51 |    427 |    27.2041 |
|        1 |        102 |           890.10 |       877.40 |       925.10 |                  5.00 |                   14.59 |    427 |    27.2593 |
|        1 |        103 |           890.10 |       877.40 |       904.56 |                  5.00 |                    9.51 |    427 |    27.3710 |
|        1 |        104 |           890.10 |       877.40 |       921.28 |                  5.00 |                   17.11 |    427 |    27.4109 |
|        1 |        105 |           890.10 |       877.40 |       895.30 |                  5.00 |                   16.66 |    430 |    27.5055 |
|        1 |        106 |           890.10 |       877.40 |       895.30 |                  5.00 |                    9.02 |    430 |    27.5562 |
|        1 |        107 |           890.10 |       877.40 |       895.30 |                  5.00 |                    5.00 |    430 |    27.6043 |
|        1 |        108 |           890.10 |       877.40 |       895.30 |                  5.00 |                    9.08 |    430 |    27.6584 |
|        1 |        109 |           890.10 |       877.40 |       895.30 |                  5.00 |                   12.84 |    430 |    27.7102 |
|        1 |        110 |           890.10 |       877.40 |       895.30 |                  5.00 |                    7.24 |    430 |    27.7550 |
|        1 |        111 |           890.10 |       877.40 |       895.30 |                  5.00 |                    5.00 |    430 |    27.8206 |
|        1 |        112 |           890.10 |       877.40 |       892.30 |                  5.00 |                    5.00 |    432 |    27.8747 |
|        1 |        113 |           890.10 |       877.40 |       891.60 |                  5.00 |                    5.00 |    434 |    27.9151 |
|        1 |        114 |           890.10 |       877.40 |       891.60 |                  5.00 |                    5.00 |    434 |    27.9574 |
|        1 |        115 |           890.10 |       877.40 |       891.60 |                  5.00 |                    5.00 |    434 |    27.9916 |
|        1 |        116 |           890.10 |       877.40 |       892.30 |                  5.00 |                    5.63 |    434 |    28.0505 |
|        1 |          0 |           889.30 |       877.40 |       889.30 |                  5.00 |                    5.80 |    438 |    28.1636 |
|        1 |          1 |           889.30 |       877.40 |       889.30 |                  5.00 |                    6.41 |    438 |    28.2000 |
|        1 |          2 |           889.30 |       877.40 |       889.30 |                  5.00 |                    5.00 |    438 |    28.2407 |
|        1 |          3 |           889.30 |       877.40 |       889.30 |                  5.00 |                    5.00 |    438 |    28.3320 |
|        1 |          4 |           889.30 |       877.40 |       889.30 |                  5.00 |                    5.00 |    438 |    28.3807 |
|        1 |          5 |           889.30 |       877.40 |       886.70 |                  5.00 |                    5.00 |    439 |    28.4775 |
|        1 |          6 |           889.30 |       877.40 |       904.53 |                  5.00 |                    7.66 |    441 |    28.5381 |
|        1 |          7 |           889.30 |       877.40 |       904.53 |                  5.00 |                   12.35 |    441 |    28.5765 |
|        1 |          8 |           889.30 |       877.40 |       887.66 |                  5.00 |                   30.51 |    443 |    28.6560 |
|        1 |          9 |           889.30 |       877.40 |       883.30 |                  5.00 |                   36.80 |    443 |    28.7110 |
|        1 |         10 |           889.30 |       877.40 |       881.70 |                  5.00 |                   52.51 |    444 |    28.7861 |
|        1 |         11 |           889.30 |       877.40 |       891.00 |                  5.00 |                   39.44 |    449 |    28.8826 |
|        1 |         12 |           889.30 |       877.40 |       890.60 |                  5.00 |                   40.04 |    451 |    28.9622 |
|        1 |         13 |           889.30 |       877.40 |       890.60 |                  5.00 |                   27.28 |    451 |    29.0162 |
|        1 |          0 |           884.40 |       877.40 |       884.40 |                  5.00 |                    9.59 |    453 |    29.1246 |
|        1 |          1 |           884.40 |       877.40 |       888.00 |                  5.00 |                    5.25 |    455 |    29.1692 |
|        1 |          2 |           884.40 |       877.40 |       910.40 |                  5.00 |                    5.00 |    456 |    29.2180 |
|        1 |          3 |           884.40 |       877.40 |       909.60 |                  5.00 |                    5.00 |    456 |    29.2646 |
|        1 |          4 |           884.40 |       877.40 |       909.60 |                  5.00 |                    5.00 |    456 |    29.3339 |
|        1 |          5 |           884.40 |       877.40 |       909.60 |                  5.00 |                    5.00 |    456 |    29.3928 |
|        1 |          6 |           884.40 |       877.40 |       909.60 |                  5.00 |                    5.00 |    456 |    29.4930 |
|        1 |          7 |           884.40 |       877.40 |       909.60 |                  5.00 |                    5.00 |    456 |    29.5683 |
|        1 |          8 |           884.40 |       877.40 |       891.60 |                  5.00 |                    5.00 |    457 |    29.7521 |
|        1 |          9 |           884.40 |       877.40 |       891.60 |                  5.00 |                    5.00 |    457 |    29.8127 |
|        1 |         10 |           884.40 |       877.40 |       891.60 |                  5.00 |                    5.00 |    457 |    29.8600 |
|        1 |         11 |           884.40 |       877.40 |       891.60 |                  5.00 |                    5.00 |    457 |    29.9112 |
|        1 |         12 |           884.40 |       877.40 |       891.60 |                  5.00 |                    5.00 |    457 |    29.9553 |
|        1 |         13 |           884.40 |       877.40 |       891.60 |                  5.00 |                    5.00 |    457 |    30.0169 |
|        1 |         14 |           884.40 |       877.40 |       891.60 |                  5.00 |                    5.00 |    457 |    30.0611 |
|        1 |         15 |           884.40 |       877.40 |       891.00 |                  5.00 |                    5.00 |    458 |    30.1595 |
|        1 |         16 |           884.40 |       877.40 |       889.60 |                  5.00 |                    5.00 |    458 |    30.2159 |
|        1 |         17 |           884.40 |       877.40 |       891.60 |                  5.00 |                    5.00 |    460 |    30.3233 |
|        1 |         18 |           884.40 |       877.40 |       889.60 |                  5.00 |                    5.00 |    460 |    30.3769 |
|        1 |         19 |           884.40 |       877.40 |       889.60 |                  5.00 |                    5.00 |    460 |    30.4317 |
|        1 |         20 |           884.40 |       877.40 |       889.60 |                  5.00 |                    5.00 |    460 |    30.4742 |
|        1 |         21 |           884.40 |       877.40 |       887.70 |                  5.00 |                    5.00 |    460 |    30.5661 |
|        1 |         22 |           884.40 |       877.40 |       887.70 |                  5.00 |                    5.00 |    460 |    30.6327 |
|        1 |         23 |           884.40 |       877.40 |       887.70 |                  5.00 |                    5.00 |    460 |    30.6921 |
|        1 |         24 |           884.40 |       877.40 |       887.70 |                  5.00 |                    5.00 |    460 |    30.7348 |
|        1 |         25 |           884.40 |       877.40 |       889.10 |                  5.00 |                    5.00 |    460 |    30.7863 |
|        1 |         26 |           884.40 |       877.40 |       887.70 |                  5.00 |                    5.00 |    460 |    30.8448 |
|        1 |         27 |           884.40 |       877.40 |       879.79 |                  5.00 |                    9.93 |    461 |    30.9510 |
|        1 |         28 |           884.40 |       877.40 |       882.19 |                  5.00 |                   18.78 |    461 |    31.0054 |
|        1 |         29 |           884.40 |       877.40 |       884.01 |                  5.00 |                   30.27 |    461 |    31.0525 |
|        1 |         30 |           884.40 |       877.40 |       880.10 |                  5.00 |                   40.70 |    461 |    31.1210 |
|        1 |         31 |           884.40 |       877.40 |       880.10 |                  5.00 |                   49.99 |    461 |    31.1881 |
|        1 |         32 |           884.40 |       877.40 |       885.40 |                  5.00 |                   40.78 |    461 |    31.2488 |
|        1 |         33 |           884.40 |       877.40 |       880.70 |                  5.00 |                   57.04 |    461 |    31.3140 |
|        1 |         34 |           884.40 |       877.40 |       912.40 |                  5.00 |                   30.55 |    461 |    31.3829 |
|        1 |         35 |           884.40 |       877.40 |       911.30 |                  5.00 |                   63.58 |    464 |    31.4930 |
|        1 |         36 |           884.40 |       877.40 |       924.20 |                  5.00 |                   43.34 |    464 |    31.5464 |
|        1 |         37 |           884.40 |       877.40 |       924.20 |                  5.00 |                   59.43 |    464 |    31.6130 |
|        1 |         38 |           884.40 |       877.40 |       911.30 |                  5.00 |                   66.09 |    464 |    31.6693 |
|        1 |         39 |           884.40 |       877.40 |       925.90 |                  5.00 |                   77.18 |    464 |    31.7485 |
|        1 |         40 |           884.40 |       877.40 |       912.00 |                  5.00 |                   85.53 |    464 |    31.8544 |
|        1 |         41 |           884.40 |       877.40 |       912.00 |                  5.00 |                   96.05 |    464 |    31.9160 |
|        1 |         42 |           884.40 |       877.40 |       912.00 |                  5.00 |                  122.94 |    464 |    31.9583 |
|        1 |         43 |           884.40 |       877.40 |       919.40 |                  5.00 |                   59.02 |    464 |    32.0137 |
|        1 |         44 |           884.40 |       877.40 |       958.70 |                  5.00 |                   30.10 |    466 |    32.0646 |
|        1 |         45 |           884.40 |       877.40 |       909.70 |                  5.00 |                    5.00 |    470 |    32.2209 |
|        1 |         46 |           884.40 |       877.40 |       909.70 |                  5.00 |                    5.10 |    470 |    32.2632 |
|        1 |         47 |           884.40 |       877.40 |       909.70 |                  5.00 |                    5.00 |    470 |    32.3060 |
|        1 |         48 |           884.40 |       877.40 |       898.53 |                  5.00 |                   12.49 |    473 |    32.3889 |
|        1 |         49 |           884.40 |       877.40 |       898.53 |                  5.00 |                   18.59 |    473 |    32.4206 |
|        1 |         50 |           884.40 |       877.40 |       901.03 |                  5.00 |                   37.32 |    473 |    32.4676 |
|        1 |         51 |           884.40 |       877.40 |       902.90 |                  5.00 |                   23.70 |    474 |    32.5222 |
|        1 |         52 |           884.40 |       877.40 |       921.75 |                  5.00 |                   34.45 |    477 |    32.6087 |
|        1 |         53 |           884.40 |       877.40 |       917.40 |                  5.00 |                   14.48 |    479 |    32.6993 |
|        1 |         54 |           884.40 |       877.40 |       917.40 |                  5.00 |                    7.69 |    479 |    32.7436 |
|        1 |         55 |           884.40 |       877.40 |       917.40 |                  5.00 |                    5.00 |    479 |    32.7838 |
|        1 |         56 |           884.40 |       877.40 |       909.51 |                  5.00 |                    8.39 |    479 |    32.8314 |
|        1 |         57 |           884.40 |       877.40 |       910.26 |                  5.00 |                   10.11 |    479 |    32.8725 |
|        1 |         58 |           884.40 |       877.40 |       907.10 |                  5.00 |                    6.55 |    479 |    32.9327 |
|        1 |         59 |           884.40 |       877.40 |       908.53 |                  5.00 |                   13.68 |    479 |    32.9832 |
|        1 |         60 |           884.40 |       877.40 |       910.03 |                  5.00 |                   28.58 |    479 |    33.0403 |
|        1 |         61 |           884.40 |       877.40 |       910.70 |                  5.00 |                   22.80 |    481 |    33.1238 |
|        1 |         62 |           884.40 |       877.40 |       910.70 |                  5.00 |                   19.56 |    481 |    33.1712 |
|        1 |         63 |           884.40 |       877.40 |       908.40 |                  5.00 |                   27.13 |    482 |    33.2168 |
|        1 |         64 |           884.40 |       877.40 |       897.60 |                  5.00 |                   22.52 |    487 |    33.3076 |
|        1 |         65 |           884.40 |       877.40 |       887.69 |                  5.00 |                   38.01 |    489 |    33.4016 |
|        1 |         66 |           884.40 |       877.40 |       885.43 |                  5.00 |                   22.42 |    489 |    33.5160 |
|        1 |         67 |           884.40 |       877.40 |       886.96 |                  5.00 |                   38.75 |    489 |    33.5577 |
|        1 |         68 |           884.40 |       877.40 |       884.90 |                  5.00 |                   19.15 |    490 |    33.6297 |
|        1 |         69 |           884.40 |       877.40 |       905.53 |                  5.00 |                   30.22 |    490 |    33.6860 |
|        1 |          0 |           878.50 |       877.40 |       878.50 |                  5.00 |                   18.92 |    496 |    33.8222 |
|        1 |          1 |           878.50 |       877.40 |       892.76 |                  5.00 |                   28.13 |    499 |    33.8696 |
|        1 |          2 |           878.50 |       877.40 |       892.50 |                  5.00 |                   18.33 |    503 |    33.9861 |
|        1 |          3 |           878.50 |       877.40 |       881.19 |                  5.00 |                   15.97 |    507 |    34.0943 |
|        1 |          4 |           878.50 |       877.40 |       879.55 |                  5.00 |                   28.16 |    507 |    34.1377 |
|        1 |          5 |           878.50 |       877.40 |       894.75 |                  5.00 |                   24.43 |    510 |    34.1721 |
|        1 |          6 |           878.50 |       871.70 |       871.70 |                  5.00 |                   43.97 |    513 |    34.3380 |
|        1 |          7 |           878.50 |       871.70 |       871.70 |                  5.00 |                   54.02 |    513 |    34.3974 |
|        1 |          8 |           878.50 |       871.70 |       871.70 |                  5.00 |                   81.06 |    513 |    34.4573 |
|        1 |          9 |           878.50 |       871.70 |       874.90 |                  5.00 |                   61.59 |    514 |    34.5255 |
|        1 |         10 |           878.50 |       871.70 |       874.90 |                  5.00 |                   54.37 |    514 |    34.5824 |
|        1 |         11 |           878.50 |       871.70 |       874.90 |                  5.00 |                   33.55 |    514 |    34.6184 |
|        1 |         12 |           878.50 |       871.70 |       879.20 |                  5.00 |                   43.81 |    516 |    34.6604 |
|        1 |         13 |           878.50 |       871.70 |       877.60 |                  5.00 |                   70.42 |    518 |    34.7305 |
|        1 |         14 |           878.50 |       871.70 |       892.20 |                  5.00 |                   56.90 |    520 |    34.7729 |
|        1 |         15 |           878.50 |       871.70 |       879.20 |                  5.00 |                   83.59 |    520 |    34.8503 |
|        1 |         16 |           878.50 |       871.70 |       879.20 |                  5.00 |                   59.88 |    520 |    34.9029 |
|        1 |         17 |           878.50 |       871.70 |       885.70 |                  5.00 |                   29.93 |    521 |    34.9535 |
|        1 |         18 |           878.50 |       871.70 |       904.60 |                  5.00 |                    9.32 |    524 |    35.0432 |
|        1 |         19 |           878.50 |       871.70 |       912.50 |                  5.00 |                    5.00 |    527 |    35.0982 |
|        1 |         20 |           878.50 |       871.70 |       907.20 |                  5.00 |                    5.00 |    529 |    35.1632 |
|        1 |         21 |           878.50 |       871.70 |       907.20 |                  5.00 |                    5.00 |    529 |    35.2003 |
|        1 |         22 |           878.50 |       871.70 |       902.00 |                  5.00 |                    5.00 |    529 |    35.3288 |
|        1 |         23 |           878.50 |       871.70 |       891.56 |                  5.00 |                   15.38 |    531 |    35.4463 |
|        1 |         24 |           878.50 |       871.70 |       891.56 |                  5.00 |                   21.79 |    531 |    35.4760 |
|        1 |         25 |           878.50 |       871.70 |       896.71 |                  5.00 |                   19.45 |    533 |    35.5337 |
|        1 |         26 |           878.50 |       871.70 |       896.49 |                  5.00 |                   27.53 |    533 |    35.5770 |
|        1 |         27 |           878.50 |       871.70 |       924.24 |                  5.00 |                   36.23 |    534 |    35.6601 |
|        1 |         28 |           878.50 |       871.70 |       926.02 |                  5.00 |                   51.22 |    534 |    35.7336 |
|        1 |         29 |           878.50 |       871.70 |       927.37 |                  5.00 |                   38.54 |    534 |    35.8046 |
|        1 |         30 |           878.50 |       871.70 |       926.25 |                  5.00 |                   52.36 |    534 |    35.8747 |
|        1 |         31 |           878.50 |       871.70 |       927.40 |                  5.00 |                   37.15 |    535 |    35.9335 |
|        1 |         32 |           878.50 |       871.70 |       926.15 |                  5.00 |                   49.96 |    535 |    35.9969 |
|        1 |         33 |           878.50 |       871.70 |       926.24 |                  5.00 |                   48.74 |    535 |    36.0772 |
|        1 |         34 |           878.50 |       871.70 |       927.21 |                  5.00 |                   44.28 |    535 |    36.1907 |
|        1 |         35 |           878.50 |       871.70 |       926.87 |                  5.00 |                   51.80 |    535 |    36.2565 |
|        1 |         36 |           878.50 |       871.70 |       929.90 |                  5.00 |                   32.60 |    535 |    36.3115 |
|        1 |         37 |           878.50 |       871.70 |       927.79 |                  5.00 |                   22.66 |    535 |    36.3747 |
|        1 |         38 |           878.50 |       871.70 |       927.08 |                  5.00 |                   33.72 |    535 |    36.4201 |
|        1 |         39 |           878.50 |       871.70 |       928.30 |                  5.00 |                   44.00 |    535 |    36.4852 |
|        1 |         40 |           878.50 |       871.70 |       928.06 |                  5.00 |                   47.31 |    535 |    36.6165 |
|        1 |         41 |           878.50 |       871.70 |       916.70 |                  5.00 |                   76.14 |    536 |    36.6845 |
|        1 |         42 |           878.50 |       871.70 |       932.29 |                  5.00 |                   35.79 |    538 |    36.7576 |
|        1 |         43 |           878.50 |       871.70 |       927.82 |                  5.00 |                   43.98 |    538 |    36.8149 |
|        1 |         44 |           878.50 |       871.70 |       927.94 |                  5.00 |                   50.46 |    538 |    36.8585 |
|        1 |         45 |           878.50 |       871.70 |       928.05 |                  5.00 |                   42.34 |    538 |    36.9378 |
|        1 |         46 |           878.50 |       871.70 |       926.50 |                  5.00 |                   49.78 |    538 |    37.0553 |
|        1 |         47 |           878.50 |       871.70 |       926.50 |                  5.00 |                   53.28 |    538 |    37.0860 |
|        1 |         48 |           878.50 |       871.70 |       925.69 |                  5.00 |                   52.40 |    538 |    37.1839 |
|        1 |         49 |           878.50 |       871.70 |       944.50 |                  5.00 |                   29.23 |    540 |    37.2330 |
|        1 |         50 |           878.50 |       871.70 |       944.50 |                  5.00 |                   19.17 |    540 |    37.2658 |
|        1 |         51 |           878.50 |       871.70 |       944.50 |                  5.00 |                    9.39 |    540 |    37.3183 |
|        1 |         52 |           878.50 |       871.70 |       944.50 |                  5.00 |                    5.00 |    540 |    37.3781 |
|        1 |         53 |           878.50 |       871.70 |       923.92 |                  5.00 |                   11.76 |    544 |    37.4549 |
|        1 |         54 |           878.50 |       871.70 |       914.10 |                  5.00 |                   21.03 |    546 |    37.5867 |
|        1 |         55 |           878.50 |       871.70 |       892.98 |                  5.00 |                   74.82 |    548 |    37.7335 |
|        1 |         56 |           878.50 |       871.70 |       895.94 |                  5.00 |                   94.77 |    548 |    37.7989 |
|        1 |         57 |           878.50 |       871.70 |       899.90 |                  5.00 |                   63.78 |    552 |    37.8808 |
|        1 |         58 |           878.50 |       871.70 |       899.90 |                  5.00 |                   76.94 |    552 |    37.9162 |
|        1 |         59 |           878.50 |       871.70 |       893.35 |                  5.00 |                   49.72 |    554 |    38.0125 |
|        1 |         60 |           878.50 |       871.70 |       893.35 |                  5.00 |                   47.68 |    554 |    38.0385 |
|        1 |         61 |           878.50 |       871.70 |       894.47 |                  5.00 |                   49.94 |    554 |    38.0983 |
|        1 |         62 |           878.50 |       871.70 |       889.00 |                  5.00 |                   47.77 |    554 |    38.1671 |
|        1 |         63 |           878.50 |       871.70 |       890.14 |                  5.00 |                   31.55 |    554 |    38.2381 |
|        1 |         64 |           878.50 |       871.70 |       888.76 |                  5.00 |                   49.84 |    554 |    38.2786 |
|        1 |         65 |           878.50 |       871.70 |       890.15 |                  5.00 |                   51.69 |    554 |    38.3273 |
|        1 |         66 |           878.50 |       871.70 |       890.37 |                  5.00 |                   51.45 |    554 |    38.3967 |
|        1 |         67 |           878.50 |       871.70 |       890.30 |                  5.00 |                   50.23 |    554 |    38.4566 |
|        1 |         68 |           878.50 |       871.70 |       890.38 |                  5.00 |                   48.08 |    554 |    38.5177 |
|        1 |         69 |           878.50 |       871.70 |       890.31 |                  5.00 |                   27.37 |    554 |    38.5701 |
|        1 |         70 |           878.50 |       871.70 |       877.63 |                  5.00 |                   44.55 |    555 |    38.6118 |
|        1 |         71 |           878.50 |       871.70 |       879.24 |                  5.00 |                   67.56 |    555 |    38.6632 |
|        1 |         72 |           878.50 |       871.70 |       881.73 |                  5.00 |                   49.88 |    555 |    38.7221 |
|        1 |         73 |           878.50 |       871.70 |       877.89 |                  5.00 |                   48.18 |    557 |    38.7944 |
|        1 |         74 |           878.50 |       871.70 |       877.89 |                  5.00 |                   42.64 |    557 |    38.8268 |
|        1 |         75 |           878.50 |       871.70 |       873.90 |                  5.00 |                   71.32 |    557 |    38.9134 |
|        1 |         76 |           878.50 |       871.70 |       895.90 |                  5.00 |                   44.41 |    558 |    38.9711 |
|        1 |         77 |           878.50 |       871.70 |       879.19 |                  5.00 |                   24.23 |    558 |    39.0598 |
|        1 |         78 |           878.50 |       871.70 |       877.20 |                  5.00 |                   35.68 |    558 |    39.1028 |
|        1 |         79 |           878.50 |       871.70 |       887.80 |                  5.00 |                   51.95 |    558 |    39.1638 |
|        1 |         80 |           878.50 |       871.70 |       888.40 |                  5.00 |                   50.65 |    558 |    39.2413 |
|        1 |         81 |           878.50 |       871.70 |       888.46 |                  5.00 |                   51.88 |    558 |    39.3369 |
|        1 |         82 |           878.50 |       871.70 |       888.43 |                  5.00 |                   50.63 |    558 |    39.4049 |
|        1 |         83 |           878.50 |       871.70 |       888.70 |                  5.00 |                   29.97 |    558 |    39.4715 |
|        1 |         84 |           878.50 |       871.70 |       875.82 |                  5.00 |                   51.74 |    559 |    39.5293 |
|        1 |         85 |           878.50 |       871.70 |       888.56 |                  5.00 |                   27.96 |    559 |    39.6078 |
|        1 |         86 |           878.50 |       871.70 |       886.67 |                  5.00 |                   51.77 |    559 |    39.6621 |
|        1 |         87 |           878.50 |       871.70 |       888.61 |                  5.00 |                   26.34 |    559 |    39.7436 |
|        1 |         88 |           878.50 |       871.70 |       885.77 |                  5.00 |                   33.03 |    559 |    39.7955 |
|        1 |         89 |           878.50 |       871.70 |       897.00 |                  5.00 |                   13.24 |    562 |    39.8728 |
|        1 |         90 |           878.50 |       871.70 |       889.26 |                  5.00 |                   21.45 |    563 |    39.9675 |
------------------------------------------------------------------------------------------------------------------------------------------------
|  Restart |  Iteration |  Best Feas. Cost |    Best Cost |   Curr. Cost |   Penalty Custom Res. |   Penalty Standard Res. |   Pool |   Time (s) |
------------------------------------------------------------------------------------------------------------------------------------------------
|        1 |         91 |           878.50 |       871.70 |       916.10 |                  5.00 |                   35.58 |    567 |    40.0217 |
|        1 |         92 |           878.50 |       871.70 |       914.28 |                  5.00 |                   69.92 |    568 |    40.0987 |
|        1 |         93 |           878.50 |       871.70 |       892.90 |                  5.00 |                   29.10 |    571 |    40.1959 |
|        1 |         94 |           878.50 |       871.70 |       891.02 |                  5.00 |                   46.43 |    573 |    40.2398 |
|        1 |         95 |           878.50 |       871.70 |       887.96 |                  5.00 |                   38.90 |    574 |    40.3449 |
|        1 |         96 |           878.50 |       871.70 |       889.97 |                  5.00 |                   52.35 |    574 |    40.4007 |
|        1 |         97 |           878.50 |       871.70 |       890.80 |                  5.00 |                   48.17 |    574 |    40.4498 |
|        1 |         98 |           878.50 |       871.70 |       890.28 |                  5.00 |                   51.46 |    574 |    40.5113 |
|        1 |         99 |           878.50 |       871.70 |       923.50 |                  5.00 |                   23.73 |    579 |    40.5705 |
|        1 |        100 |           878.50 |       871.70 |       923.50 |                  5.00 |                    9.80 |    579 |    40.6379 |
|        1 |        101 |           878.50 |       871.70 |       900.70 |                  5.00 |                    6.48 |    580 |    40.7409 |
|        1 |        102 |           878.50 |       871.70 |       884.91 |                  5.00 |                    8.22 |    580 |    40.8099 |
|        1 |        103 |           878.50 |       871.70 |       885.27 |                  5.00 |                   16.32 |    580 |    40.8777 |
|        1 |        104 |           878.50 |       871.70 |       876.46 |                  5.00 |                   18.89 |    582 |    40.9338 |
|        1 |        105 |           878.50 |       871.70 |       876.47 |                  5.00 |                   26.49 |    582 |    40.9664 |
|        1 |        106 |           878.50 |       871.70 |       875.33 |                  5.00 |                   29.17 |    582 |    41.0196 |
|        1 |          0 |           874.90 |       871.70 |       874.90 |                  5.00 |                   21.30 |    583 |    41.0848 |
|        1 |          1 |           874.90 |       871.70 |       874.90 |                  5.00 |                   10.33 |    583 |    41.1404 |
|        1 |          2 |           874.90 |       868.69 |       868.69 |                  5.00 |                   14.75 |    583 |    41.1966 |
|        1 |          3 |           874.90 |       868.69 |       892.20 |                  5.00 |                   12.90 |    586 |    41.2535 |
|        1 |          4 |           874.90 |       868.69 |       913.60 |                  5.00 |                    5.95 |    589 |    41.3143 |
|        1 |          5 |           874.90 |       868.69 |       911.60 |                  5.00 |                    5.00 |    596 |    41.4655 |
|        1 |          6 |           874.90 |       868.69 |       911.60 |                  5.00 |                    5.00 |    596 |    41.5066 |
|        1 |          7 |           874.90 |       868.69 |       908.20 |                  5.00 |                    5.00 |    600 |    41.6094 |
|        1 |          8 |           874.90 |       868.69 |       889.50 |                  5.00 |                    5.00 |    603 |    41.7106 |
|        1 |          9 |           874.90 |       868.69 |       889.50 |                  5.00 |                    5.00 |    603 |    41.7695 |
|        1 |         10 |           874.90 |       868.69 |       889.50 |                  5.00 |                    5.00 |    603 |    41.8146 |
|        1 |         11 |           874.90 |       868.69 |       901.10 |                  5.00 |                    5.00 |    605 |    41.8850 |
|        1 |         12 |           874.90 |       868.69 |       901.10 |                  5.00 |                    5.00 |    605 |    41.9525 |
|        1 |         13 |           874.90 |       868.69 |       901.10 |                  5.00 |                    5.00 |    605 |    41.9872 |
|        1 |         14 |           874.90 |       868.69 |       901.10 |                  5.00 |                    5.00 |    605 |    42.0355 |
|        1 |         15 |           874.90 |       868.69 |       901.10 |                  5.00 |                    9.17 |    605 |    42.1061 |
|        1 |         16 |           874.90 |       868.69 |       901.10 |                  5.00 |                    5.00 |    605 |    42.1674 |
|        1 |         17 |           874.90 |       868.69 |       901.00 |                  5.00 |                    5.47 |    607 |    42.2329 |
|        1 |         18 |           874.90 |       868.69 |       884.70 |                  5.00 |                    5.52 |    607 |    42.3635 |
|        1 |         19 |           874.90 |       868.69 |       884.70 |                  5.00 |                    5.00 |    607 |    42.4186 |
|        1 |         20 |           874.90 |       868.69 |       884.70 |                  5.00 |                    5.00 |    607 |    42.4761 |
|        1 |         21 |           874.90 |       868.69 |       884.70 |                  5.00 |                    5.00 |    607 |    42.5353 |
|        1 |         22 |           874.90 |       868.69 |       884.70 |                  5.00 |                    5.00 |    607 |    42.6059 |
|        1 |         23 |           874.90 |       868.69 |       915.00 |                  5.00 |                    5.00 |    611 |    42.6628 |
|        1 |         24 |           874.90 |       868.69 |       915.00 |                  5.00 |                    5.00 |    611 |    42.7057 |
|        1 |         25 |           874.90 |       868.69 |       884.00 |                  5.00 |                    5.00 |    612 |    42.8349 |
|        1 |         26 |           874.90 |       868.69 |       883.50 |                  5.00 |                    5.00 |    613 |    42.9190 |
|        1 |         27 |           874.90 |       868.69 |       883.50 |                  5.00 |                    5.00 |    613 |    42.9725 |
|        1 |         28 |           874.90 |       868.69 |       881.45 |                  5.00 |                   13.52 |    613 |    43.0590 |
|        1 |         29 |           874.90 |       868.69 |       884.15 |                  5.00 |                    8.50 |    613 |    43.1143 |
|        1 |         30 |           874.90 |       868.69 |       881.73 |                  5.00 |                   18.30 |    613 |    43.1775 |
|        1 |         31 |           874.90 |       868.69 |       906.30 |                  5.00 |                    8.44 |    613 |    43.2364 |
|        1 |         32 |           874.90 |       868.69 |       906.30 |                  5.00 |                    5.00 |    613 |    43.2828 |
|        1 |         33 |           874.90 |       868.69 |       906.30 |                  5.00 |                    5.00 |    613 |    43.3228 |
|        1 |         34 |           874.90 |       868.69 |       906.30 |                  5.00 |                    5.00 |    613 |    43.3792 |
|        1 |         35 |           874.90 |       868.69 |       906.30 |                  5.00 |                    5.00 |    613 |    43.4634 |
|        1 |         36 |           874.90 |       868.69 |       906.30 |                  5.00 |                    5.00 |    613 |    43.5244 |
|        1 |         37 |           874.90 |       868.69 |       906.30 |                  5.00 |                    5.00 |    613 |    43.5954 |
|        1 |         38 |           874.90 |       868.69 |       906.30 |                  5.00 |                    5.00 |    613 |    43.6574 |
|        1 |         39 |           874.90 |       868.69 |       906.10 |                  5.00 |                    5.00 |    613 |    43.7467 |
|        1 |         40 |           874.90 |       868.69 |       906.10 |                  5.00 |                    5.00 |    613 |    43.8110 |
|        1 |         41 |           874.90 |       868.69 |       904.30 |                  5.00 |                    5.00 |    613 |    43.8817 |
|        1 |         42 |           874.90 |       868.69 |       904.80 |                  5.00 |                    5.00 |    614 |    43.9569 |
|        1 |         43 |           874.90 |       868.69 |       904.80 |                  5.00 |                    5.04 |    614 |    44.0194 |
|        1 |         44 |           874.90 |       868.69 |       904.80 |                  5.00 |                    5.00 |    614 |    44.0675 |
|        1 |         45 |           874.90 |       868.69 |       905.80 |                  5.00 |                    5.00 |    614 |    44.1203 |
|        1 |         46 |           874.90 |       868.69 |       905.80 |                  5.00 |                    5.00 |    614 |    44.1589 |
|        1 |         47 |           874.90 |       868.69 |       905.80 |                  5.00 |                    5.00 |    614 |    44.2075 |
|        1 |         48 |           874.90 |       868.69 |       905.80 |                  5.00 |                    5.00 |    614 |    44.2697 |
|        1 |         49 |           874.90 |       868.69 |       905.80 |                  5.00 |                    5.00 |    614 |    44.3141 |
|        1 |         50 |           874.90 |       868.69 |       905.80 |                  5.00 |                    5.00 |    614 |    44.3731 |
|        1 |         51 |           874.90 |       868.69 |       905.80 |                  5.00 |                    5.00 |    614 |    44.4181 |
|        1 |         52 |           874.90 |       868.69 |       905.80 |                  5.00 |                    5.00 |    614 |    44.4633 |
|        1 |         53 |           874.90 |       868.69 |       905.80 |                  5.00 |                    5.00 |    614 |    44.5322 |
|        1 |         54 |           874.90 |       868.69 |       905.80 |                  5.00 |                    5.00 |    614 |    44.5888 |
|        1 |         55 |           874.90 |       868.69 |       905.80 |                  5.00 |                    5.00 |    614 |    44.6290 |
|        1 |         56 |           874.90 |       868.69 |       905.80 |                  5.00 |                    5.00 |    614 |    44.6713 |
|        1 |         57 |           874.90 |       868.69 |       905.80 |                  5.00 |                    5.00 |    614 |    44.7481 |
|        1 |         58 |           874.90 |       868.69 |       927.70 |                  5.00 |                    5.00 |    615 |    44.7890 |
|        1 |         59 |           874.90 |       868.69 |       900.85 |                  5.00 |                   10.97 |    615 |    44.9298 |
|        1 |         60 |           874.90 |       868.69 |       902.08 |                  5.00 |                   17.49 |    615 |    44.9898 |
|        1 |         61 |           874.90 |       868.69 |       899.50 |                  5.00 |                   40.60 |    615 |    45.1105 |
|        1 |         62 |           874.90 |       868.69 |       899.50 |                  5.00 |                   54.01 |    615 |    45.1789 |
|        1 |         63 |           874.90 |       868.69 |       909.40 |                  5.00 |                   34.99 |    616 |    45.2376 |
|        1 |         64 |           874.90 |       868.69 |       880.80 |                  5.00 |                   38.15 |    616 |    45.2843 |
|        1 |         65 |           874.90 |       868.69 |       880.80 |                  5.00 |                   61.99 |    616 |    45.3483 |
|        1 |         66 |           874.90 |       868.69 |       881.40 |                  5.00 |                   85.02 |    617 |    45.4000 |
|        1 |         67 |           874.90 |       868.69 |       916.40 |                  5.00 |                   36.42 |    620 |    45.5028 |
|        1 |         68 |           874.90 |       868.69 |       913.20 |                  5.00 |                   16.30 |    620 |    45.5647 |
|        1 |         69 |           874.90 |       868.69 |       913.20 |                  5.00 |                    5.85 |    620 |    45.6386 |
|        1 |         70 |           874.90 |       868.69 |       913.20 |                  5.00 |                    5.00 |    620 |    45.6878 |
|        1 |         71 |           874.90 |       868.69 |       913.20 |                  5.00 |                    5.00 |    620 |    45.7385 |
|        1 |         72 |           874.90 |       868.69 |       913.20 |                  5.00 |                    5.00 |    620 |    45.7963 |
|        1 |         73 |           874.90 |       868.69 |       910.66 |                  5.00 |                    9.45 |    620 |    45.8815 |
|        1 |         74 |           874.90 |       868.69 |       912.93 |                  5.00 |                   17.69 |    620 |    45.9280 |
|        1 |         75 |           874.90 |       868.69 |       913.20 |                  5.00 |                    7.76 |    620 |    45.9927 |
|        1 |         76 |           874.90 |       868.69 |       912.80 |                  5.00 |                    5.00 |    620 |    46.0443 |
|        1 |         77 |           874.90 |       868.69 |       910.20 |                  5.00 |                    5.00 |    620 |    46.0867 |
|        1 |         78 |           874.90 |       868.69 |       910.09 |                  5.00 |                   10.24 |    620 |    46.1347 |
|        1 |         79 |           874.90 |       868.69 |       911.09 |                  5.00 |                   22.92 |    620 |    46.1903 |
|        1 |         80 |           874.90 |       868.69 |       912.60 |                  5.00 |                   10.57 |    620 |    46.2423 |
|        1 |         81 |           874.90 |       868.69 |       913.59 |                  5.00 |                   12.36 |    620 |    46.3046 |
|        1 |         82 |           874.90 |       868.69 |       899.73 |                  5.00 |                   38.01 |    620 |    46.3947 |
|        1 |         83 |           874.90 |       868.69 |       895.70 |                  5.00 |                   50.61 |    620 |    46.4485 |
|        1 |         84 |           874.90 |       868.69 |       883.60 |                  5.00 |                  108.30 |    621 |    46.5750 |
|        1 |         85 |           874.90 |       868.69 |       916.20 |                  5.00 |                   54.13 |    622 |    46.6243 |
|        1 |         86 |           874.90 |       868.69 |       911.20 |                  5.00 |                   25.73 |    622 |    46.6765 |
|        1 |         87 |           874.90 |       868.69 |       921.00 |                  5.00 |                   14.08 |    624 |    46.7201 |
|        1 |         88 |           874.90 |       868.69 |       926.50 |                  5.00 |                    5.00 |    628 |    46.8173 |
|        1 |         89 |           874.90 |       868.69 |       926.50 |                  5.00 |                    5.00 |    628 |    46.8527 |
|        1 |         90 |           874.90 |       868.69 |       920.70 |                  5.00 |                    5.00 |    628 |    46.9194 |
|        1 |         91 |           874.90 |       868.69 |       919.30 |                  5.00 |                    5.00 |    628 |    46.9617 |
|        1 |         92 |           874.90 |       868.69 |       946.10 |                  5.00 |                    5.00 |    631 |    47.0150 |
|        1 |         93 |           874.90 |       868.69 |       946.10 |                  5.00 |                    5.00 |    631 |    47.0614 |
|        1 |         94 |           874.90 |       868.69 |       946.10 |                  5.00 |                    5.00 |    631 |    47.0956 |
|        1 |         95 |           874.90 |       868.69 |       916.70 |                  5.00 |                    5.00 |    632 |    47.2194 |
|        1 |         96 |           874.90 |       868.69 |       916.70 |                  5.00 |                    5.00 |    632 |    47.2676 |
|        1 |         97 |           874.90 |       868.69 |       916.70 |                  5.00 |                    5.00 |    632 |    47.3070 |
|        1 |         98 |           874.90 |       868.69 |       916.70 |                  5.00 |                    5.00 |    632 |    47.3568 |
|        1 |         99 |           874.90 |       868.69 |       930.40 |                  5.00 |                    5.00 |    632 |    47.4348 |
|        1 |        100 |           874.90 |       868.69 |       930.40 |                  5.00 |                    5.00 |    632 |    47.4827 |
|        1 |        101 |           874.90 |       868.69 |       930.40 |                  5.00 |                    5.00 |    632 |    47.5462 |
|        1 |        102 |           874.90 |       868.69 |       962.70 |                  5.00 |                    5.00 |    634 |    47.6136 |
|        1 |        103 |           874.90 |       868.69 |       938.60 |                  5.00 |                    5.00 |    635 |    47.7014 |
|        1 |        104 |           874.90 |       868.69 |       938.60 |                  5.00 |                    5.00 |    635 |    47.7618 |
|        1 |        105 |           874.90 |       868.69 |       938.60 |                  5.00 |                    5.00 |    635 |    47.8104 |
|        1 |        106 |           874.90 |       868.69 |       938.60 |                  5.00 |                    5.00 |    635 |    47.8560 |
|        1 |        107 |           874.90 |       868.69 |       925.66 |                  5.00 |                    8.05 |    635 |    47.9249 |
|        1 |        108 |           874.90 |       868.69 |       926.24 |                  5.00 |                    9.14 |    635 |    47.9751 |
|        1 |        109 |           874.90 |       868.69 |       936.20 |                  5.00 |                    5.31 |    635 |    48.0125 |
|        1 |        110 |           874.90 |       868.69 |       936.20 |                  5.00 |                    5.00 |    635 |    48.0667 |
|        1 |        111 |           874.90 |       868.69 |       936.20 |                  5.00 |                    5.00 |    635 |    48.1157 |
|        1 |        112 |           874.90 |       868.69 |       936.20 |                  5.00 |                    5.00 |    635 |    48.1648 |
|        1 |        113 |           874.90 |       868.69 |       936.20 |                  5.00 |                    5.00 |    635 |    48.2040 |
|        1 |        114 |           874.90 |       868.69 |       936.20 |                  5.00 |                    5.00 |    635 |    48.2580 |
|        1 |        115 |           874.90 |       868.69 |       938.30 |                  5.00 |                    5.00 |    635 |    48.3219 |
|        1 |        116 |           874.90 |       868.69 |       937.62 |                  5.00 |                    6.59 |    636 |    48.3909 |
|        1 |        117 |           874.90 |       868.69 |       943.26 |                  5.00 |                   18.18 |    636 |    48.4634 |
|        1 |        118 |           874.90 |       868.69 |       947.90 |                  5.00 |                   12.89 |    636 |    48.5127 |
|        1 |        119 |           874.90 |       868.69 |       923.58 |                  5.00 |                   19.92 |    637 |    48.5812 |
|        1 |        120 |           874.90 |       868.69 |       903.03 |                  5.00 |                   34.06 |    637 |    48.6365 |
|        1 |        121 |           874.90 |       868.69 |       903.28 |                  5.00 |                   58.85 |    637 |    48.6782 |
|        1 |        122 |           874.90 |       868.69 |       905.34 |                  5.00 |                   44.83 |    637 |    48.7126 |
|        1 |        123 |           874.90 |       868.69 |       898.35 |                  5.00 |                   30.25 |    637 |    48.7660 |
|        1 |        124 |           874.90 |       868.69 |       896.31 |                  5.00 |                   46.84 |    637 |    48.8052 |
|        1 |        125 |           874.90 |       868.69 |       898.18 |                  5.00 |                   24.85 |    637 |    48.8640 |
|        1 |        126 |           874.90 |       868.69 |       898.49 |                  5.00 |                   35.89 |    637 |    48.9063 |
|        1 |        127 |           874.90 |       868.69 |       899.35 |                  5.00 |                   38.77 |    637 |    48.9445 |
|        1 |        128 |           874.90 |       868.69 |       899.72 |                  5.00 |                   51.18 |    637 |    48.9827 |
|        1 |        129 |           874.90 |       868.69 |       916.41 |                  5.00 |                   50.95 |    637 |    49.0486 |
|        1 |        130 |           874.90 |       868.69 |       916.34 |                  5.00 |                   41.21 |    637 |    49.0863 |
|        1 |        131 |           874.90 |       868.69 |       915.66 |                  5.00 |                   57.16 |    637 |    49.1268 |
|        1 |        132 |           874.90 |       868.69 |       916.27 |                  5.00 |                   38.15 |    637 |    49.1858 |
|        1 |        133 |           874.90 |       868.69 |       915.32 |                  5.00 |                   57.89 |    637 |    49.2239 |
|        1 |        134 |           874.90 |       868.69 |       916.43 |                  5.00 |                   41.41 |    637 |    49.2949 |
|        1 |        135 |           874.90 |       868.69 |       921.10 |                  5.00 |                   51.72 |    642 |    49.4028 |
|        1 |        136 |           874.90 |       868.69 |       945.30 |                  5.00 |                   61.67 |    642 |    49.4885 |
|        1 |        137 |           874.90 |       868.69 |       979.33 |                  5.00 |                   51.18 |    643 |    49.5912 |
|        1 |        138 |           874.90 |       868.69 |       961.78 |                  5.00 |                   74.58 |    643 |    49.6431 |
|        1 |        139 |           874.90 |       868.69 |       963.14 |                  5.00 |                   44.19 |    643 |    49.6926 |
|        1 |        140 |           874.90 |       868.69 |       977.10 |                  5.00 |                   23.91 |    645 |    49.7694 |
|        1 |        141 |           874.90 |       868.69 |       938.60 |                  5.00 |                   14.53 |    645 |    49.8851 |
|        1 |        142 |           874.90 |       868.69 |       945.80 |                  5.00 |                    5.00 |    649 |    49.9836 |
|        1 |        143 |           874.90 |       868.69 |       945.80 |                  5.00 |                    5.00 |    649 |    50.0353 |
|        1 |        144 |           874.90 |       868.69 |       944.30 |                  5.00 |                    5.00 |    651 |    50.1037 |
|        1 |        145 |           874.90 |       868.69 |       944.30 |                  5.00 |                    5.00 |    651 |    50.1479 |
|        1 |        146 |           874.90 |       868.69 |       941.90 |                  5.00 |                    5.00 |    651 |    50.2183 |
|        1 |        147 |           874.90 |       868.69 |       944.30 |                  5.00 |                    5.00 |    651 |    50.2681 |
|        1 |        148 |           874.90 |       868.69 |       944.30 |                  5.00 |                    5.00 |    651 |    50.3246 |
|        1 |        149 |           874.90 |       868.69 |       944.30 |                  5.00 |                    5.00 |    651 |    50.3755 |
|        1 |        150 |           874.90 |       868.69 |       944.30 |                  5.00 |                    5.00 |    651 |    50.4321 |
|        1 |        151 |           874.90 |       868.69 |       944.30 |                  5.00 |                    5.00 |    651 |    50.4853 |
|        1 |        152 |           874.90 |       868.69 |       943.20 |                  5.00 |                    5.00 |    655 |    50.5624 |
|        1 |        153 |           874.90 |       868.69 |       912.20 |                  5.00 |                    5.00 |    656 |    50.7137 |
|        1 |        154 |           874.90 |       868.69 |       899.80 |                  5.00 |                    5.00 |    657 |    50.7898 |
|        1 |        155 |           874.90 |       868.69 |       914.48 |                  5.00 |                    9.74 |    660 |    50.8758 |
|        1 |        156 |           874.90 |       868.69 |       915.17 |                  5.00 |                   18.96 |    661 |    50.9244 |
|        1 |        157 |           874.90 |       868.69 |       921.10 |                  5.00 |                   28.00 |    667 |    51.0754 |
|        1 |        158 |           874.90 |       868.69 |       926.76 |                  5.00 |                   34.42 |    667 |    51.1199 |
|        1 |        159 |           874.90 |       868.69 |       921.10 |                  5.00 |                   23.24 |    667 |    51.1626 |
|        1 |        160 |           874.90 |       868.69 |       920.70 |                  5.00 |                   43.79 |    671 |    51.2541 |
|        1 |        161 |           874.90 |       868.69 |       906.90 |                  5.00 |                   71.60 |    674 |    51.3729 |
|        1 |        162 |           874.90 |       868.69 |       922.40 |                  5.00 |                  114.07 |    676 |    51.4330 |
|        1 |        163 |           874.90 |       868.69 |       923.10 |                  5.00 |                  140.22 |    676 |    51.4831 |
|        1 |        164 |           874.90 |       868.69 |       908.50 |                  5.00 |                  127.57 |    678 |    51.5480 |
|        1 |        165 |           874.90 |       868.69 |       910.90 |                  5.00 |                  122.16 |    681 |    51.5964 |
|        1 |        166 |           874.90 |       868.69 |       910.90 |                  5.00 |                   76.76 |    681 |    51.6924 |
|        1 |        167 |           874.90 |       868.69 |       932.40 |                  5.00 |                   36.48 |    685 |    51.7523 |
|        1 |        168 |           874.90 |       868.69 |       932.10 |                  5.00 |                   19.56 |    686 |    51.8014 |
|        1 |        169 |           874.90 |       868.69 |       934.20 |                  5.00 |                   10.08 |    687 |    51.8512 |
|        1 |        170 |           874.90 |       868.69 |       929.80 |                  5.00 |                    5.00 |    689 |    51.9530 |
|        1 |        171 |           874.90 |       868.69 |       929.80 |                  5.00 |                    6.10 |    689 |    52.0041 |
|        1 |        172 |           874.90 |       868.69 |       929.50 |                  5.00 |                    5.00 |    689 |    52.0393 |
|        1 |        173 |           874.90 |       868.69 |       929.50 |                  5.00 |                    5.00 |    689 |    52.0896 |
|        1 |        174 |           874.90 |       868.69 |       929.50 |                  5.00 |                    5.00 |    689 |    52.1306 |
|        1 |        175 |           874.90 |       868.69 |       907.32 |                  5.00 |                   10.44 |    689 |    52.1901 |
|        1 |        176 |           874.90 |       868.69 |       908.38 |                  5.00 |                   21.37 |    689 |    52.2350 |
|        1 |        177 |           874.90 |       868.69 |       904.80 |                  5.00 |                   20.01 |    692 |    52.3177 |
|        1 |        178 |           874.90 |       868.69 |       904.80 |                  5.00 |                   41.66 |    692 |    52.4062 |
|        1 |        179 |           874.90 |       868.69 |       904.80 |                  5.00 |                   30.42 |    692 |    52.4695 |
|        1 |        180 |           874.90 |       868.69 |       904.80 |                  5.00 |                   40.89 |    692 |    52.5327 |
|        1 |        181 |           874.90 |       868.69 |       904.80 |                  5.00 |                   57.77 |    692 |    52.5903 |
|        1 |        182 |           874.90 |       868.69 |       918.50 |                  5.00 |                   26.65 |    695 |    52.6491 |
|        1 |        183 |           874.90 |       868.69 |       909.35 |                  5.00 |                   23.74 |    697 |    52.7278 |
|        1 |        184 |           874.90 |       868.69 |       905.40 |                  5.00 |                   48.42 |    698 |    52.8385 |
|        1 |        185 |           874.90 |       868.69 |       906.90 |                  5.00 |                   27.51 |    700 |    52.9092 |
|        1 |        186 |           874.90 |       868.69 |       906.80 |                  5.00 |                   46.03 |    700 |    52.9859 |
|        1 |        187 |           874.90 |       868.69 |       912.50 |                  5.00 |                   18.26 |    701 |    53.0532 |
|        1 |        188 |           874.90 |       868.69 |       912.50 |                  5.00 |                   27.15 |    701 |    53.0993 |
|        1 |        189 |           874.90 |       868.69 |       909.18 |                  5.00 |                   22.10 |    704 |    53.2006 |
|        1 |        190 |           874.90 |       868.69 |       905.40 |                  5.00 |                   18.00 |    704 |    53.2818 |
|        1 |        191 |           874.90 |       868.69 |       933.08 |                  5.00 |                   29.88 |    704 |    53.3292 |
|        1 |        192 |           874.90 |       868.69 |       924.20 |                  5.00 |                   13.20 |    712 |    53.4340 |
|        1 |        193 |           874.90 |       868.69 |       945.00 |                  5.00 |                   14.55 |    714 |    53.4732 |
|        1 |        194 |           874.90 |       868.69 |       934.20 |                  5.00 |                    5.54 |    718 |    53.5360 |
|        1 |        195 |           874.90 |       868.69 |       934.20 |                  5.00 |                    5.00 |    718 |    53.6037 |
|        1 |        196 |           874.90 |       868.69 |       921.60 |                  5.00 |                    5.00 |    720 |    53.6554 |
|        1 |        197 |           874.90 |       868.69 |       923.30 |                  5.00 |                    5.00 |    725 |    53.7241 |
|        1 |        198 |           874.90 |       868.69 |       918.20 |                  5.00 |                    5.00 |    727 |    53.8026 |
|        1 |        199 |           874.90 |       868.69 |       920.70 |                  5.00 |                    7.08 |    730 |    53.9082 |
|        1 |        200 |           874.90 |       868.69 |       920.80 |                  5.00 |                    5.00 |    734 |    54.0573 |
|        1 |        201 |           874.90 |       868.69 |       918.60 |                  5.00 |                    5.00 |    737 |    54.1164 |
|        1 |        202 |           874.90 |       868.69 |       904.00 |                  5.00 |                    5.00 |    741 |    54.2037 |
|        1 |        203 |           874.90 |       868.69 |       900.76 |                  5.00 |                   10.44 |    743 |    54.2641 |
|        1 |        204 |           874.90 |       868.69 |       901.59 |                  5.00 |                   17.17 |    743 |    54.3044 |
|        1 |        205 |           874.90 |       868.69 |       903.11 |                  5.00 |                   28.79 |    743 |    54.3520 |
|        1 |        206 |           874.90 |       868.69 |       899.50 |                  5.00 |                   27.00 |    743 |    54.4097 |
|        1 |        207 |           874.90 |       868.69 |       905.06 |                  5.00 |                   24.35 |    743 |    54.4628 |
|        1 |        208 |           874.90 |       868.69 |       904.88 |                  5.00 |                   33.06 |    743 |    54.5230 |
|        1 |        209 |           874.90 |       868.69 |       899.50 |                  5.00 |                   41.43 |    743 |    54.5852 |
|        1 |        210 |           874.90 |       868.69 |       899.50 |                  5.00 |                   55.17 |    743 |    54.6393 |
|        1 |        211 |           874.90 |       868.69 |       904.40 |                  5.00 |                   21.65 |    746 |    54.7279 |
|        1 |        212 |           874.90 |       868.69 |       902.10 |                  5.00 |                   28.81 |    746 |    54.7910 |
|        1 |        213 |           874.90 |       868.69 |       898.70 |                  5.00 |                   33.01 |    746 |    54.8467 |
|        1 |        214 |           874.90 |       868.69 |       898.70 |                  5.00 |                   40.18 |    746 |    54.8986 |
|        1 |        215 |           874.90 |       868.69 |       909.50 |                  5.00 |                   55.13 |    748 |    54.9560 |
|        1 |        216 |           874.90 |       868.69 |       897.90 |                  5.00 |                   70.56 |    749 |    55.0081 |
|        1 |        217 |           874.90 |       868.69 |       897.90 |                  5.00 |                  102.81 |    749 |    55.0653 |
|        1 |        218 |           874.90 |       868.69 |       919.90 |                  5.00 |                   70.79 |    750 |    55.1163 |
|        1 |        219 |           874.90 |       868.69 |       912.10 |                  5.00 |                  102.91 |    753 |    55.2022 |
|        1 |        220 |           874.90 |       868.69 |       915.80 |                  5.00 |                   62.26 |    754 |    55.2429 |
|        1 |        221 |           874.90 |       868.69 |       915.80 |                  5.00 |                   37.67 |    754 |    55.2841 |
|        1 |        222 |           874.90 |       868.69 |       917.40 |                  5.00 |                   14.94 |    754 |    55.3554 |
|        1 |        223 |           874.90 |       868.69 |       903.70 |                  5.00 |                    7.25 |    755 |    55.4121 |
|        1 |        224 |           874.90 |       868.69 |       903.70 |                  5.00 |                    5.00 |    755 |    55.4580 |
|        1 |        225 |           874.90 |       868.69 |       903.70 |                  5.00 |                    5.26 |    755 |    55.5012 |
|        1 |        226 |           874.90 |       868.69 |       903.70 |                  5.00 |                    5.00 |    755 |    55.5480 |
|        1 |        227 |           874.90 |       868.69 |       901.60 |                  5.00 |                    5.00 |    756 |    55.6330 |
|        1 |        228 |           874.90 |       868.69 |       901.60 |                  5.00 |                    5.00 |    756 |    55.6957 |
|        1 |        229 |           874.90 |       868.69 |       905.00 |                  5.00 |                    5.00 |    759 |    55.7460 |
|        1 |        230 |           874.90 |       868.69 |       902.40 |                  5.00 |                    5.00 |    759 |    55.7951 |
|        1 |        231 |           874.90 |       868.69 |       902.40 |                  5.00 |                    5.00 |    759 |    55.8510 |
|        1 |        232 |           874.90 |       868.69 |       902.40 |                  5.00 |                    5.00 |    759 |    55.8940 |
|        1 |        233 |           874.90 |       868.69 |       902.40 |                  5.00 |                    5.36 |    759 |    55.9331 |
|        1 |        234 |           874.90 |       868.69 |       919.10 |                  5.00 |                    5.00 |    761 |    55.9928 |
|        1 |        235 |           874.90 |       868.69 |       919.10 |                  5.00 |                    5.00 |    761 |    56.0662 |
|        1 |        236 |           874.90 |       868.69 |       914.90 |                  5.00 |                    5.00 |    762 |    56.1293 |
|        1 |        237 |           874.90 |       868.69 |       914.60 |                  5.00 |                    5.00 |    763 |    56.1971 |
|        1 |        238 |           874.90 |       868.69 |       914.60 |                  5.00 |                    5.00 |    763 |    56.2389 |
|        1 |        239 |           874.90 |       868.69 |       914.60 |                  5.00 |                    5.00 |    763 |    56.2870 |
|        1 |        240 |           874.90 |       868.69 |       912.03 |                  5.00 |                    7.82 |    763 |    56.3404 |
|        1 |        241 |           874.90 |       868.69 |       912.73 |                  5.00 |                   17.50 |    763 |    56.4150 |
|        1 |        242 |           874.90 |       868.69 |       912.90 |                  5.00 |                   39.87 |    765 |    56.5112 |
|        1 |        243 |           874.90 |       868.69 |       912.10 |                  5.00 |                   66.02 |    767 |    56.5865 |
|        1 |        244 |           874.90 |       868.69 |       912.10 |                  5.00 |                   83.66 |    767 |    56.6333 |
|        1 |        245 |           874.90 |       868.69 |       912.90 |                  5.00 |                   44.82 |    767 |    56.6975 |
|        1 |        246 |           874.90 |       868.69 |       912.90 |                  5.00 |                   56.20 |    767 |    56.7524 |
|        1 |        247 |           874.90 |       868.69 |       915.30 |                  5.00 |                   21.98 |    771 |    56.8940 |
|        1 |        248 |           874.90 |       868.69 |       915.30 |                  5.00 |                   12.02 |    771 |    56.9454 |
|        1 |        249 |           874.90 |       868.69 |       916.70 |                  5.00 |                    8.04 |    773 |    56.9852 |
|        1 |        250 |           874.90 |       868.69 |       916.70 |                  5.00 |                    5.00 |    773 |    57.0550 |
|        1 |        251 |           874.90 |       868.69 |       916.50 |                  5.00 |                    5.00 |    775 |    57.1395 |
|        1 |        252 |           874.90 |       868.69 |       912.26 |                  5.00 |                   11.65 |    775 |    57.2266 |
|        1 |        253 |           874.90 |       868.69 |       914.73 |                  5.00 |                   11.84 |    775 |    57.2915 |
|        1 |        254 |           874.90 |       868.69 |       914.17 |                  5.00 |                   17.79 |    775 |    57.3296 |
|        1 |        255 |           874.90 |       868.69 |       915.40 |                  5.00 |                   10.87 |    775 |    57.3723 |
|        1 |        256 |           874.90 |       868.69 |       915.40 |                  5.00 |                    6.51 |    775 |    57.4070 |
|        1 |        257 |           874.90 |       868.69 |       915.40 |                  5.00 |                    5.00 |    775 |    57.4543 |
|        1 |        258 |           874.90 |       868.69 |       912.84 |                  5.00 |                    9.08 |    775 |    57.5101 |
|        1 |        259 |           874.90 |       868.69 |       913.67 |                  5.00 |                   16.32 |    775 |    57.5719 |
|        1 |        260 |           874.90 |       868.69 |       915.16 |                  5.00 |                   12.30 |    775 |    57.6134 |
|        1 |        261 |           874.90 |       868.69 |       911.40 |                  5.00 |                    9.24 |    778 |    57.7154 |
|        1 |        262 |           874.90 |       868.69 |       921.40 |                  5.00 |                    5.00 |    781 |    57.7763 |
|        1 |        263 |           874.90 |       868.69 |       921.40 |                  5.00 |                    5.00 |    781 |    57.8307 |
|        1 |        264 |           874.90 |       868.69 |       916.20 |                  5.00 |                    5.00 |    783 |    57.9450 |
|        1 |        265 |           874.90 |       868.69 |       914.20 |                  5.00 |                    5.00 |    783 |    58.0188 |
|        1 |        266 |           874.90 |       868.69 |       935.60 |                  5.00 |                    5.00 |    783 |    58.0837 |
|        1 |        267 |           874.90 |       868.69 |       935.60 |                  5.00 |                    5.80 |    783 |    58.1324 |
|        1 |        268 |           874.90 |       868.69 |       935.60 |                  5.00 |                    5.00 |    783 |    58.1926 |
|        1 |        269 |           874.90 |       868.69 |       955.50 |                  5.00 |                    5.00 |    783 |    58.2344 |
|        1 |        270 |           874.90 |       868.69 |       955.50 |                  5.00 |                    5.00 |    783 |    58.2893 |
|        1 |        271 |           874.90 |       868.69 |       936.20 |                  5.00 |                    5.00 |    783 |    58.3615 |
|        1 |        272 |           874.90 |       868.69 |       936.20 |                  5.00 |                    5.00 |    783 |    58.4179 |
|        1 |        273 |           874.90 |       868.69 |       925.90 |                  5.00 |                    5.00 |    783 |    58.5221 |
|        1 |        274 |           874.90 |       868.69 |       918.60 |                  5.00 |                    5.00 |    783 |    58.5719 |
|        1 |        275 |           874.90 |       868.69 |       918.60 |                  5.00 |                    5.00 |    783 |    58.6254 |
|        1 |        276 |           874.90 |       868.69 |       918.60 |                  5.00 |                    5.00 |    783 |    58.6479 |
|        1 |        277 |           874.90 |       868.69 |       918.60 |                  5.00 |                    5.30 |    783 |    58.6900 |
|        1 |        278 |           874.90 |       868.69 |       918.60 |                  5.00 |                    5.00 |    783 |    58.7340 |
|        1 |        279 |           874.90 |       868.69 |       918.60 |                  5.00 |                    5.00 |    783 |    58.7825 |
|        1 |        280 |           874.90 |       868.69 |       920.00 |                  5.00 |                    5.41 |    783 |    58.8398 |
|        1 |        281 |           874.90 |       868.69 |       918.60 |                  5.00 |                    5.00 |    783 |    58.8983 |
|        1 |        282 |           874.90 |       868.69 |       909.00 |                  5.00 |                    5.00 |    783 |    59.0515 |
|        1 |        283 |           874.90 |       868.69 |       909.00 |                  5.00 |                    5.00 |    783 |    59.1039 |
|        1 |        284 |           874.90 |       868.69 |       909.00 |                  5.00 |                    5.68 |    783 |    59.1834 |
|        1 |        285 |           874.90 |       868.69 |       896.00 |                  5.00 |                    5.00 |    785 |    59.2333 |
|        1 |        286 |           874.90 |       868.69 |       896.00 |                  5.00 |                    5.00 |    785 |    59.2762 |
|        1 |        287 |           874.90 |       868.69 |       896.00 |                  5.00 |                    5.00 |    785 |    59.3032 |
|        1 |        288 |           874.90 |       868.69 |       896.00 |                  5.00 |                    7.82 |    785 |    59.3723 |
|        1 |        289 |           874.90 |       868.69 |       896.00 |                  5.00 |                    5.00 |    785 |    59.4203 |
|        1 |        290 |           874.90 |       868.69 |       912.20 |                  5.00 |                    5.00 |    785 |    59.4613 |
|        1 |        291 |           874.90 |       868.69 |       912.20 |                  5.00 |                    5.00 |    785 |    59.5096 |
|        1 |        292 |           874.90 |       868.69 |       912.20 |                  5.00 |                    5.00 |    785 |    59.5580 |
|        1 |        293 |           874.90 |       868.69 |       940.80 |                  5.00 |                    5.00 |    785 |    59.6144 |
|        1 |        294 |           874.90 |       868.69 |       914.60 |                  5.00 |                    5.00 |    785 |    59.6908 |
|        1 |        295 |           874.90 |       868.69 |       914.60 |                  5.00 |                    5.00 |    785 |    59.7491 |
|        1 |        296 |           874.90 |       868.69 |       914.60 |                  5.00 |                    5.00 |    785 |    59.8047 |
|        1 |        297 |           874.90 |       868.69 |       914.60 |                  5.00 |                    5.00 |    785 |    59.8494 |
|        1 |        298 |           874.90 |       868.69 |       928.90 |                  5.00 |                    5.00 |    785 |    59.9006 |
|        1 |        299 |           874.90 |       868.69 |       928.90 |                  5.00 |                    5.00 |    785 |    59.9466 |
|        1 |        300 |           874.90 |       868.69 |       928.90 |                  5.00 |                    5.00 |    785 |    59.9895 |
------------------------------------------------------------------------------------------------------------------------------------------------
|  Restart |  Iteration |  Best Feas. Cost |    Best Cost |   Curr. Cost |   Penalty Custom Res. |   Penalty Standard Res. |   Pool |   Time (s) |
------------------------------------------------------------------------------------------------------------------------------------------------
|        1 |        301 |           874.90 |       868.69 |       928.90 |                  5.00 |                    5.00 |    785 |    60.0354 |
|        1 |        302 |           874.90 |       868.69 |       926.50 |                  5.00 |                    5.00 |    785 |    60.1124 |
|        1 |        303 |           874.90 |       868.69 |       928.60 |                  5.00 |                    5.00 |    785 |    60.1582 |
|        1 |        304 |           874.90 |       868.69 |       926.50 |                  5.00 |                    5.00 |    785 |    60.2253 |
|        1 |        305 |           874.90 |       868.69 |       926.50 |                  5.00 |                    5.00 |    785 |    60.2723 |
|        1 |        306 |           874.90 |       868.69 |       954.30 |                  5.00 |                    5.00 |    786 |    60.3263 |
|        1 |        307 |           874.90 |       868.69 |       940.35 |                  5.00 |                   11.42 |    787 |    60.4134 |
|        1 |        308 |           874.90 |       868.69 |       940.80 |                  5.00 |                    6.24 |    789 |    60.4817 |
|        1 |        309 |           874.90 |       868.69 |       914.30 |                  5.00 |                    5.00 |    790 |    60.5661 |
|        1 |        310 |           874.90 |       868.69 |       903.92 |                  5.00 |                   12.99 |    790 |    60.6589 |
|        1 |        311 |           874.90 |       868.69 |       905.29 |                  5.00 |                   22.46 |    790 |    60.7079 |
|        1 |        312 |           874.90 |       868.69 |       906.99 |                  5.00 |                   36.89 |    790 |    60.7515 |
|        1 |        313 |           874.90 |       868.69 |       902.50 |                  5.00 |                   53.18 |    790 |    60.8103 |
|        1 |        314 |           874.90 |       868.69 |       902.50 |                  5.00 |                   65.91 |    790 |    60.8891 |
|        1 |        315 |           874.90 |       868.69 |       902.50 |                  5.00 |                   97.01 |    790 |    60.9348 |
|        1 |        316 |           874.90 |       868.69 |       902.50 |                  5.00 |                   91.01 |    790 |    60.9938 |
|        1 |        317 |           874.90 |       868.69 |       901.00 |                  5.00 |                   99.19 |    790 |    61.0467 |
|        1 |        318 |           874.90 |       868.69 |       901.00 |                  5.00 |                   66.87 |    790 |    61.1026 |
|        1 |        319 |           874.90 |       868.69 |       926.50 |                  5.00 |                   40.85 |    790 |    61.1451 |
|        1 |        320 |           874.90 |       868.69 |       927.00 |                  5.00 |                   19.80 |    790 |    61.2043 |
|        1 |        321 |           874.90 |       868.69 |       929.10 |                  5.00 |                   12.10 |    790 |    61.2441 |
|        1 |        322 |           874.90 |       868.69 |       909.20 |                  5.00 |                    5.00 |    790 |    61.3260 |
|        1 |        323 |           874.90 |       868.69 |       900.60 |                  5.00 |                    5.00 |    791 |    61.4091 |
|        1 |        324 |           874.90 |       868.69 |       900.60 |                  5.00 |                    5.00 |    791 |    61.4507 |
|        1 |        325 |           874.90 |       868.69 |       893.80 |                  5.00 |                    5.00 |    793 |    61.5307 |
|        1 |        326 |           874.90 |       868.69 |       913.50 |                  5.00 |                    5.00 |    793 |    61.5890 |
|        1 |        327 |           874.90 |       868.69 |       913.50 |                  5.00 |                    5.46 |    793 |    61.6327 |
|        1 |        328 |           874.90 |       868.69 |       915.20 |                  5.00 |                    5.00 |    794 |    61.6787 |
|        1 |        329 |           874.90 |       868.69 |       915.20 |                  5.00 |                    5.00 |    794 |    61.7243 |
|        1 |        330 |           874.90 |       868.69 |       915.20 |                  5.00 |                    5.00 |    794 |    61.7751 |
|        1 |        331 |           874.90 |       868.69 |       915.20 |                  5.00 |                    5.00 |    794 |    61.8360 |
|        1 |        332 |           874.90 |       868.69 |       915.20 |                  5.00 |                    7.08 |    794 |    61.8838 |
|        1 |        333 |           874.90 |       868.69 |       922.70 |                  5.00 |                    5.00 |    796 |    61.9270 |
|        1 |        334 |           874.90 |       868.69 |       927.30 |                  5.00 |                    5.00 |    798 |    61.9825 |
|        1 |        335 |           874.90 |       868.69 |       958.20 |                  5.00 |                    5.00 |    801 |    62.0272 |
|        1 |        336 |           874.90 |       868.69 |       916.22 |                  5.00 |                   10.65 |    803 |    62.1266 |
|        1 |        337 |           874.90 |       868.69 |       928.35 |                  5.00 |                   21.37 |    805 |    62.1766 |
|        1 |        338 |           874.90 |       868.69 |       924.30 |                  5.00 |                    6.37 |    806 |    62.3387 |
|        1 |        339 |           874.90 |       868.69 |       924.30 |                  5.00 |                    5.00 |    806 |    62.3928 |
|        1 |        340 |           874.90 |       868.69 |       920.20 |                  5.00 |                    5.00 |    807 |    62.4467 |
|        1 |        341 |           874.90 |       868.69 |       920.20 |                  5.00 |                    5.00 |    807 |    62.5079 |
|        1 |        342 |           874.90 |       868.69 |       921.20 |                  5.00 |                    5.00 |    809 |    62.5627 |
|        1 |        343 |           874.90 |       868.69 |       921.20 |                  5.00 |                    5.00 |    809 |    62.6148 |
|        1 |        344 |           874.90 |       868.69 |       899.60 |                  5.00 |                    5.04 |    810 |    62.7252 |
|        1 |        345 |           874.90 |       868.69 |       930.90 |                  5.00 |                    5.00 |    812 |    62.7834 |
|        1 |        346 |           874.90 |       868.69 |       918.80 |                  5.00 |                    5.00 |    812 |    62.9238 |
|        1 |        347 |           874.90 |       868.69 |       929.10 |                  5.00 |                    5.00 |    814 |    62.9847 |
|        1 |        348 |           874.90 |       868.69 |       918.80 |                  5.00 |                    5.00 |    814 |    63.0518 |
|        1 |        349 |           874.90 |       868.69 |       929.10 |                  5.00 |                    5.00 |    814 |    63.0966 |
|        1 |        350 |           874.90 |       868.69 |       929.10 |                  5.00 |                    7.23 |    814 |    63.1380 |
|        1 |        351 |           874.90 |       868.69 |       929.10 |                  5.00 |                    5.00 |    814 |    63.1893 |
|        1 |        352 |           874.90 |       868.69 |       931.50 |                  5.00 |                    5.00 |    814 |    63.2371 |
|        1 |        353 |           874.90 |       868.69 |       931.50 |                  5.00 |                    5.00 |    814 |    63.2772 |
|        1 |        354 |           874.90 |       868.69 |       931.50 |                  5.00 |                    5.00 |    814 |    63.3148 |
|        1 |        355 |           874.90 |       868.69 |       929.10 |                  5.00 |                    5.00 |    814 |    63.4036 |
|        1 |        356 |           874.90 |       868.69 |       945.00 |                  5.00 |                    5.00 |    816 |    63.5474 |
|        1 |        357 |           874.90 |       868.69 |       907.70 |                  5.00 |                    5.00 |    818 |    63.6252 |
|        1 |        358 |           874.90 |       868.69 |       923.10 |                  5.00 |                    5.00 |    820 |    63.6763 |
|        1 |        359 |           874.90 |       868.69 |       923.10 |                  5.00 |                    5.00 |    820 |    63.7354 |
|        1 |        360 |           874.90 |       868.69 |       923.10 |                  5.00 |                    5.00 |    820 |    63.7855 |
|        1 |        361 |           874.90 |       868.69 |       921.00 |                  5.00 |                    5.00 |    820 |    63.8391 |
|        1 |        362 |           874.90 |       868.69 |       948.80 |                  5.00 |                    5.00 |    821 |    63.9035 |
|        1 |        363 |           874.90 |       868.69 |       948.80 |                  5.00 |                    5.00 |    821 |    63.9481 |
|        1 |        364 |           874.90 |       868.69 |       925.30 |                  5.00 |                    5.00 |    821 |    64.0166 |
|        1 |        365 |           874.90 |       868.69 |       941.60 |                  5.00 |                    5.00 |    825 |    64.0639 |
|        1 |        366 |           874.90 |       868.69 |       939.00 |                  5.00 |                    5.00 |    827 |    64.1122 |
|        1 |        367 |           874.90 |       868.69 |       939.00 |                  5.00 |                    5.00 |    827 |    64.1481 |
|        1 |        368 |           874.90 |       868.69 |       923.70 |                  5.00 |                    5.00 |    827 |    64.2045 |
|        1 |        369 |           874.90 |       868.69 |       923.70 |                  5.00 |                    5.00 |    827 |    64.2444 |
|        1 |        370 |           874.90 |       868.69 |       923.70 |                  5.00 |                    5.00 |    827 |    64.2872 |
|        1 |        371 |           874.90 |       868.69 |       923.70 |                  5.00 |                    5.00 |    827 |    64.3314 |
|        1 |        372 |           874.90 |       868.69 |       923.70 |                  5.00 |                    5.00 |    828 |    64.3796 |
|        1 |        373 |           874.90 |       868.69 |       923.70 |                  5.00 |                    5.00 |    828 |    64.4311 |
|        1 |        374 |           874.90 |       868.69 |       923.70 |                  5.00 |                    5.00 |    828 |    64.4761 |
|        1 |        375 |           874.90 |       868.69 |       923.50 |                  5.00 |                    5.00 |    828 |    64.5230 |
|        1 |        376 |           874.90 |       868.69 |       909.60 |                  5.00 |                    5.00 |    829 |    64.6041 |
|        1 |        377 |           874.90 |       868.69 |       909.60 |                  5.00 |                    5.00 |    829 |    64.6469 |
|        1 |        378 |           874.90 |       868.69 |       909.60 |                  5.00 |                    5.00 |    829 |    64.6939 |
|        1 |        379 |           874.90 |       868.69 |       909.60 |                  5.00 |                    5.00 |    829 |    64.7455 |
|        1 |        380 |           874.90 |       868.69 |       910.60 |                  5.00 |                    5.00 |    829 |    64.7957 |
|        1 |        381 |           874.90 |       868.69 |       893.50 |                  5.00 |                    5.00 |    832 |    64.8422 |
|        1 |        382 |           874.90 |       868.69 |       893.50 |                  5.00 |                    5.52 |    832 |    64.8896 |
|        1 |        383 |           874.90 |       868.69 |       893.50 |                  5.00 |                    5.00 |    832 |    64.9332 |
|        1 |        384 |           874.90 |       868.69 |       893.50 |                  5.00 |                    5.00 |    832 |    64.9866 |
|        1 |        385 |           874.90 |       868.69 |       893.50 |                  5.00 |                    5.00 |    832 |    65.0472 |
|        1 |        386 |           874.90 |       868.69 |       893.50 |                  5.00 |                    5.00 |    832 |    65.0971 |
|        1 |        387 |           874.90 |       868.69 |       893.50 |                  5.00 |                    5.00 |    832 |    65.1602 |
|        1 |        388 |           874.90 |       868.69 |       893.50 |                  5.00 |                    5.00 |    832 |    65.2230 |
|        1 |        389 |           874.90 |       868.69 |       893.50 |                  5.00 |                    5.00 |    832 |    65.2789 |
|        1 |        390 |           874.90 |       868.69 |       893.50 |                  5.00 |                    5.00 |    832 |    65.3204 |
|        1 |        391 |           874.90 |       868.69 |       892.70 |                  5.00 |                    5.00 |    833 |    65.3717 |
|        1 |        392 |           874.90 |       868.69 |       892.70 |                  5.00 |                    5.00 |    833 |    65.4216 |
|        1 |        393 |           874.90 |       868.69 |       892.70 |                  5.00 |                    5.00 |    833 |    65.4749 |
|        1 |        394 |           874.90 |       868.69 |       885.12 |                  5.00 |                   11.31 |    834 |    65.5455 |
|        1 |        395 |           874.90 |       868.69 |       886.15 |                  5.00 |                   25.57 |    834 |    65.5988 |
|        1 |        396 |           874.90 |       868.69 |       884.80 |                  5.00 |                   36.82 |    834 |    65.6681 |
|        1 |        397 |           874.90 |       868.69 |       885.40 |                  5.00 |                   55.18 |    836 |    65.7398 |
|        1 |        398 |           874.90 |       868.69 |       884.80 |                  5.00 |                   43.67 |    836 |    65.7926 |
|        1 |        399 |           874.90 |       868.69 |       884.80 |                  5.00 |                   79.81 |    836 |    65.8859 |
|        1 |        400 |           874.90 |       868.69 |       884.80 |                  5.00 |                   69.87 |    836 |    65.9322 |
|        1 |        401 |           874.90 |       868.69 |       906.80 |                  5.00 |                   80.10 |    840 |    65.9825 |
|        1 |        402 |           874.90 |       868.69 |       885.40 |                  5.00 |                   53.44 |    840 |    66.0562 |
|        1 |        403 |           874.90 |       868.69 |       885.40 |                  5.00 |                   52.70 |    840 |    66.1046 |
|        1 |        404 |           874.90 |       868.69 |       886.10 |                  5.00 |                   35.16 |    840 |    66.1639 |
|        1 |        405 |           874.90 |       868.69 |       886.10 |                  5.00 |                   47.31 |    840 |    66.2070 |
|        1 |        406 |           874.90 |       868.69 |       892.00 |                  5.00 |                   28.89 |    842 |    66.2535 |
|        1 |        407 |           874.90 |       868.69 |       892.00 |                  5.00 |                   14.58 |    842 |    66.3087 |
|        1 |        408 |           874.90 |       868.69 |       889.70 |                  5.00 |                    7.22 |    842 |    66.3665 |
|        1 |        409 |           874.90 |       868.69 |       887.11 |                  5.00 |                    8.27 |    842 |    66.4338 |
|        1 |        410 |           874.90 |       868.69 |       888.07 |                  5.00 |                   19.82 |    844 |    66.5202 |
|        1 |        411 |           874.90 |       868.69 |       885.80 |                  5.00 |                   23.35 |    844 |    66.5987 |
|        1 |        412 |           874.90 |       868.69 |       885.50 |                  5.00 |                   34.84 |    846 |    66.7455 |
|        1 |        413 |           874.90 |       868.69 |       884.70 |                  5.00 |                   45.94 |    846 |    66.7938 |
|        1 |        414 |           874.90 |       868.69 |       884.70 |                  5.00 |                   42.67 |    846 |    66.8485 |
|        1 |        415 |           874.90 |       868.69 |       887.70 |                  5.00 |                   57.40 |    846 |    66.8966 |
|        1 |        416 |           874.90 |       868.69 |       887.70 |                  5.00 |                   83.66 |    846 |    66.9414 |
|        1 |        417 |           874.90 |       868.69 |       888.90 |                  5.00 |                  112.54 |    848 |    66.9841 |
|        1 |        418 |           874.90 |       868.69 |       891.00 |                  5.00 |                   81.46 |    849 |    67.0282 |
|        1 |        419 |           874.90 |       868.69 |       894.70 |                  5.00 |                   47.75 |    850 |    67.0819 |
|        1 |        420 |           874.90 |       868.69 |       887.90 |                  5.00 |                   74.58 |    850 |    67.1444 |
|        1 |        421 |           874.90 |       868.69 |       887.90 |                  5.00 |                   53.42 |    850 |    67.1990 |
|        1 |        422 |           874.90 |       868.69 |       919.80 |                  5.00 |                   87.58 |    851 |    67.2872 |
|        1 |        423 |           874.90 |       868.69 |       920.40 |                  5.00 |                   97.48 |    852 |    67.3341 |
|        1 |        424 |           874.90 |       868.69 |       887.90 |                  5.00 |                   86.42 |    853 |    67.4750 |
|        1 |        425 |           874.90 |       868.69 |       885.10 |                  5.00 |                   60.66 |    853 |    67.5317 |
|        1 |        426 |           874.90 |       868.69 |       885.10 |                  5.00 |                   67.98 |    853 |    67.6145 |
|        1 |        427 |           874.90 |       868.69 |       885.10 |                  5.00 |                   93.29 |    853 |    67.6648 |
|        1 |        428 |           874.90 |       868.69 |       889.20 |                  5.00 |                   27.10 |    853 |    67.7511 |
|        1 |        429 |           874.90 |       868.69 |       886.78 |                  5.00 |                   17.90 |    853 |    67.8152 |
|        1 |        430 |           874.90 |       868.69 |       887.23 |                  5.00 |                   33.43 |    853 |    67.8831 |
|        1 |        431 |           874.90 |       868.69 |       884.40 |                  5.00 |                   49.14 |    853 |    67.9479 |
|        1 |        432 |           874.90 |       868.69 |       884.40 |                  5.00 |                   62.84 |    853 |    68.0044 |
|        1 |        433 |           874.90 |       868.69 |       908.60 |                  5.00 |                   31.10 |    853 |    68.0525 |
|        1 |        434 |           874.90 |       868.69 |       909.60 |                  5.00 |                   16.68 |    853 |    68.0961 |
|        1 |        435 |           874.90 |       868.69 |       892.90 |                  5.00 |                    5.00 |    853 |    68.2157 |
|        1 |        436 |           874.90 |       868.69 |       891.50 |                  5.00 |                    5.00 |    853 |    68.2891 |
|        1 |        437 |           874.90 |       868.69 |       891.50 |                  5.00 |                    5.00 |    853 |    68.3359 |
|        1 |        438 |           874.90 |       868.69 |       891.50 |                  5.00 |                    5.00 |    853 |    68.4015 |
|        1 |        439 |           874.90 |       868.69 |       891.50 |                  5.00 |                    5.00 |    853 |    68.4654 |
|        1 |        440 |           874.90 |       868.69 |       891.50 |                  5.00 |                    5.00 |    853 |    68.5082 |
|        1 |        441 |           874.90 |       868.69 |       917.90 |                  5.00 |                    5.00 |    853 |    68.5553 |
|        1 |        442 |           874.90 |       868.69 |       917.90 |                  5.00 |                    5.00 |    853 |    68.6017 |
|        1 |        443 |           874.90 |       868.69 |       917.90 |                  5.00 |                    5.00 |    853 |    68.6540 |
|        1 |        444 |           874.90 |       868.69 |       913.00 |                  5.00 |                    5.00 |    853 |    68.6953 |
|        1 |        445 |           874.90 |       868.69 |       913.00 |                  5.00 |                    5.00 |    853 |    68.7589 |
|        1 |        446 |           874.90 |       868.69 |       913.00 |                  5.00 |                    5.00 |    853 |    68.8141 |
|        1 |        447 |           874.90 |       868.69 |       928.80 |                  5.00 |                    5.00 |    854 |    68.8615 |
|        1 |        448 |           874.90 |       868.69 |       910.80 |                  5.00 |                    5.00 |    854 |    68.9620 |
|        1 |        449 |           874.90 |       868.69 |       915.70 |                  5.00 |                    5.00 |    854 |    69.0170 |
|        1 |        450 |           874.90 |       868.69 |       906.49 |                  5.00 |                    6.45 |    854 |    69.1297 |
|        1 |        451 |           874.90 |       868.69 |       906.40 |                  5.00 |                   13.87 |    854 |    69.1820 |
|        1 |        452 |           874.90 |       868.69 |       908.06 |                  5.00 |                   29.26 |    854 |    69.2341 |
|        1 |        453 |           874.90 |       868.69 |       905.70 |                  5.00 |                   40.53 |    854 |    69.2932 |
|        1 |        454 |           874.90 |       868.69 |       905.70 |                  5.00 |                   51.36 |    854 |    69.3350 |
|        1 |        455 |           874.90 |       868.69 |       905.70 |                  5.00 |                   71.09 |    854 |    69.3963 |
|        1 |        456 |           874.90 |       868.69 |       905.70 |                  5.00 |                   61.60 |    854 |    69.4381 |
|        1 |        457 |           874.90 |       868.69 |       914.30 |                  5.00 |                   39.79 |    855 |    69.5353 |
|        1 |        458 |           874.90 |       868.69 |       926.40 |                  5.00 |                   43.79 |    855 |    69.5962 |
|        1 |        459 |           874.90 |       868.69 |       926.40 |                  5.00 |                   33.01 |    855 |    69.6323 |
|        1 |        460 |           874.90 |       868.69 |       915.50 |                  5.00 |                   15.98 |    857 |    69.7045 |
|        1 |        461 |           874.90 |       868.69 |       933.20 |                  5.00 |                    8.32 |    857 |    69.7520 |
|        1 |        462 |           874.90 |       868.69 |       933.20 |                  5.00 |                    5.41 |    857 |    69.8064 |
|        1 |        463 |           874.90 |       868.69 |       913.20 |                  5.00 |                    5.00 |    857 |    69.9070 |
|        1 |        464 |           874.90 |       868.69 |       913.20 |                  5.00 |                    5.00 |    857 |    69.9614 |
|        1 |        465 |           874.90 |       868.69 |       910.60 |                  5.00 |                    5.00 |    857 |    70.0026 |
|        1 |        466 |           874.90 |       868.69 |       910.60 |                  5.00 |                    5.00 |    857 |    70.0471 |
|        1 |        467 |           874.90 |       868.69 |       906.16 |                  5.00 |                   10.34 |    857 |    70.1454 |
|        1 |        468 |           874.90 |       868.69 |       924.87 |                  5.00 |                   18.05 |    857 |    70.1923 |
|        1 |        469 |           874.90 |       868.69 |       910.30 |                  5.00 |                   37.55 |    857 |    70.2981 |
|        1 |        470 |           874.90 |       868.69 |       922.70 |                  5.00 |                   48.46 |    857 |    70.3560 |
|        1 |        471 |           874.90 |       868.69 |       910.40 |                  5.00 |                   72.68 |    857 |    70.4241 |
|        1 |        472 |           874.90 |       868.69 |       905.20 |                  5.00 |                  101.45 |    858 |    70.5159 |
|        1 |        473 |           874.90 |       868.69 |       919.40 |                  5.00 |                   30.92 |    858 |    70.6288 |
|        1 |        474 |           874.90 |       868.69 |       920.80 |                  5.00 |                   15.00 |    858 |    70.6825 |
|        1 |        475 |           874.90 |       868.69 |       920.80 |                  5.00 |                    8.54 |    858 |    70.7241 |
|        1 |        476 |           874.90 |       868.69 |       919.40 |                  5.00 |                    5.00 |    858 |    70.7806 |
|        1 |        477 |           874.90 |       868.69 |       919.40 |                  5.00 |                    5.00 |    858 |    70.8613 |
|        1 |        478 |           874.90 |       868.69 |       919.40 |                  5.00 |                    5.00 |    858 |    70.9096 |
|        1 |        479 |           874.90 |       868.69 |       911.04 |                  5.00 |                   10.65 |    858 |    71.0476 |
|        1 |        480 |           874.90 |       868.69 |       886.40 |                  5.00 |                   43.58 |    859 |    71.2144 |
|        1 |        481 |           874.90 |       868.69 |       886.40 |                  5.00 |                   69.47 |    859 |    71.2658 |
|        1 |        482 |           874.90 |       868.69 |       887.80 |                  5.00 |                   81.29 |    859 |    71.3015 |
|        1 |        483 |           874.90 |       868.69 |       887.80 |                  5.00 |                   85.93 |    859 |    71.3696 |
|        1 |        484 |           874.90 |       868.69 |       887.80 |                  5.00 |                  102.59 |    859 |    71.4077 |
|        1 |        485 |           874.90 |       868.69 |       903.70 |                  5.00 |                   55.43 |    859 |    71.4940 |
|        1 |        486 |           874.90 |       868.69 |       906.10 |                  5.00 |                   27.99 |    859 |    71.5445 |
|        1 |        487 |           874.90 |       868.69 |       887.50 |                  5.00 |                    9.64 |    859 |    71.6200 |
|        1 |        488 |           874.90 |       868.69 |       887.50 |                  5.00 |                    5.00 |    859 |    71.6800 |
|        1 |        489 |           874.90 |       868.69 |       886.70 |                  5.00 |                    5.00 |    859 |    71.7547 |
|        1 |        490 |           874.90 |       868.69 |       886.70 |                  5.00 |                    5.00 |    859 |    71.8008 |
|        1 |        491 |           874.90 |       868.69 |       886.70 |                  5.00 |                    5.00 |    859 |    71.8515 |
|        1 |        492 |           874.90 |       868.69 |       886.70 |                  5.00 |                    5.00 |    859 |    71.9142 |
|        1 |        493 |           874.90 |       868.69 |       882.09 |                  5.00 |                   10.76 |    859 |    72.1012 |
|        1 |        494 |           874.90 |       868.69 |       883.40 |                  5.00 |                   23.15 |    859 |    72.1576 |
|        1 |        495 |           874.90 |       868.69 |       885.96 |                  5.00 |                   14.86 |    859 |    72.2077 |
|        1 |        496 |           874.90 |       868.69 |       883.97 |                  5.00 |                   10.34 |    859 |    72.2583 |
|        1 |        497 |           874.90 |       868.69 |       883.13 |                  5.00 |                   16.50 |    859 |    72.2966 |
|        1 |        498 |           874.90 |       868.69 |       884.30 |                  5.00 |                   25.06 |    859 |    72.3285 |
|        1 |        499 |           874.90 |       868.69 |       881.00 |                  5.00 |                   40.71 |    859 |    72.3856 |
|        1 |        500 |           874.90 |       868.69 |       881.00 |                  5.00 |                   55.35 |    859 |    72.4201 |
------------------------------------------------------------------------------------------------------------------------------------------------
Version identifier: 22.1.2.0 | 2024-11-26 | 0edbb82fd
CPXPARAM_MIP_Tolerances_UpperCutoff              874.99999999996737
Tried aggregator 1 time.
MIP Presolve eliminated 18 rows and 78 columns.
MIP Presolve modified 288 coefficients.
Reduced MIP has 83 rows, 781 columns, and 8776 nonzeros.
Reduced MIP has 781 binaries, 0 generals, 0 SOSs, and 0 indicators.
Presolve time = 0.00 sec. (6.84 ticks)
Probing fixed 7 vars, tightened 0 bounds.
Probing time = 0.01 sec. (16.51 ticks)
Tried aggregator 1 time.
Detecting symmetries...
MIP Presolve eliminated 1 rows and 13 columns.
Reduced MIP has 82 rows, 768 columns, and 8623 nonzeros.
Reduced MIP has 768 binaries, 0 generals, 0 SOSs, and 0 indicators.
Presolve time = 0.00 sec. (6.40 ticks)
Probing time = 0.00 sec. (2.89 ticks)
Clique table members: 679.
MIP emphasis: balance optimality and feasibility.
MIP search method: dynamic search.
Parallel mode: deterministic, using up to 8 threads.
Root relaxation solution time = 0.00 sec. (8.51 ticks)

        Nodes                                         Cuts/
   Node  Left     Objective  IInf  Best Integer    Best Bound    ItCnt     Gap

      0     0      866.8750    12                    866.8750      251         
*     0     0      integral     0      867.0000      867.0000      253    0.00%
Elapsed time = 0.03 sec. (49.07 ticks, tree = 0.01 MB, solutions = 1)
objective_value(sp) = 867.0
 75.793212 seconds (6.94 M allocations: 348.661 MiB, 0.08% gc time, 4.95% compilation time)
#1: 0 (0.0) {32.0} -> 95 (20.0) {46.8} [22.0, 301.0] -> 59 (48.0) {60.8} [17.0, 441.0] -> 98 (58.0) {122.0} [122.0, 367.0] -> 85 (99.0) {333.0} [333.0, 504.0] -> 61 (112.0) {347.4} [246.0, 421.0] -> 16 (131.0) {361.8} [222.0, 423.0] -> 86 (166.0) {378.1} [350.0, 503.0] -> 38 (182.0) {401.1} [147.0, 560.0] -> 44 (200.0) {421.9} [72.0, 501.0] -> 14 (220.0) {437.5} [32.0, 454.0] -> 87 (246.0) {462.7} [380.0, 487.0] -> 57 (253.0) {479.9} [366.0, 585.0] -> 15 (261.0) {497.1} [30.0, 529.0] -> 43 (268.0) {578.0} [578.0, 747.0] -> 42 (273.0) {597.0} [25.0, 616.0] -> 97 (285.0) {616.0} [582.0, 703.0] -> 92 (287.0) {629.1} [18.0, 673.0] -> 37 (295.0) {641.9} [563.0, 736.0] -> 100 (312.0) {654.7} [297.0, 965.0] -> 91 (313.0) {675.0} [675.0, 930.0] -> 93 (335.0) {690.8} [339.0, 969.0] -> 96 (346.0) {705.8} [565.0, 732.0] -> 0 (346.0) {731.0} [0.0, 1000.0]
#2: 0 (0.0) {32.0} -> 27 (16.0) {37.0} [5.0, 612.0] -> 69 (22.0) {54.2} [12.0, 535.0] -> 31 (49.0) {91.0} [91.0, 336.0] -> 88 (58.0) {114.0} [114.0, 553.0] -> 62 (77.0) {130.3} [25.0, 583.0] -> 63 (87.0) {151.7} [34.0, 348.0] -> 90 (90.0) {345.0} [345.0, 534.0] -> 30 (111.0) {366.4} [115.0, 498.0] -> 51 (121.0) {385.6} [296.0, 505.0] -> 71 (136.0) {408.4} [218.0, 417.0] -> 9 (152.0) {426.6} [254.0, 643.0] -> 81 (178.0) {442.6} [388.0, 479.0] -> 33 (189.0) {455.4} [24.0, 646.0] -> 3 (202.0) {498.0} [498.0, 613.0] -> 79 (225.0) {511.6} [273.0, 580.0] -> 78 (228.0) {527.2} [212.0, 671.0] -> 34 (242.0) {542.2} [487.0, 656.0] -> 35 (250.0) {562.3} [439.0, 948.0] -> 65 (270.0) {584.3} [49.0, 608.0] -> 66 (295.0) {607.9} [440.0, 845.0] -> 20 (304.0) {626.8} [538.0, 709.0] -> 32 (327.0) {647.5} [602.0, 835.0] -> 10 (343.0) {667.7} [496.0, 713.0] -> 70 (348.0) {685.7} [249.0, 968.0] -> 1 (358.0) {703.7} [636.0, 919.0] -> 0 (358.0) {728.9} [0.0, 1000.0]
#3: 0 (0.0) {31.0} -> 28 (16.0) {44.0} [44.0, 325.0] -> 12 (35.0) {170.0} [170.0, 403.0] -> 29 (44.0) {195.6} [129.0, 374.0] -> 80 (50.0) {452.0} [452.0, 968.0] -> 68 (86.0) {464.0} [464.0, 925.0] -> 77 (100.0) {479.0} [430.0, 970.0] -> 76 (113.0) {493.1} [166.0, 497.0] -> 50 (126.0) {508.4} [499.0, 690.0] -> 0 (126.0) {535.3} [0.0, 1000.0]
#4: 0 (0.0) {32.0} -> 40 (9.0) {243.0} [243.0, 554.0] -> 2 (16.0) {262.4} [74.0, 351.0] -> 73 (25.0) {281.4} [263.0, 444.0] -> 21 (36.0) {294.5} [156.0, 389.0] -> 72 (61.0) {308.9} [22.0, 377.0] -> 75 (79.0) {324.2} [182.0, 399.0] -> 41 (84.0) {342.2} [225.0, 682.0] -> 22 (102.0) {356.4} [280.0, 623.0] -> 74 (110.0) {479.0} [479.0, 965.0] -> 23 (139.0) {501.0} [36.0, 513.0] -> 67 (164.0) {523.0} [132.0, 563.0] -> 39 (195.0) {542.8} [33.0, 797.0] -> 56 (201.0) {559.8} [426.0, 851.0] -> 4 (220.0) {578.0} [470.0, 965.0] -> 25 (226.0) {598.0} [400.0, 956.0] -> 55 (228.0) {611.6} [442.0, 917.0] -> 24 (231.0) {633.7} [633.0, 918.0] -> 54 (249.0) {653.7} [595.0, 780.0] -> 26 (266.0) {675.7} [548.0, 707.0] -> 0 (266.0) {696.8} [0.0, 1000.0]
#5: 0 (0.0) {33.0} -> 6 (3.0) {266.0} [266.0, 663.0] -> 5 (29.0) {286.0} [20.0, 370.0] -> 83 (40.0) {303.0} [21.0, 328.0] -> 18 (52.0) {349.0} [349.0, 462.0] -> 8 (61.0) {369.4} [288.0, 597.0] -> 45 (77.0) {385.8} [29.0, 669.0] -> 17 (79.0) {409.0} [409.0, 959.0] -> 84 (86.0) {425.0} [323.0, 624.0] -> 99 (95.0) {445.2} [185.0, 580.0] -> 94 (122.0) {461.2} [403.0, 536.0] -> 13 (145.0) {475.6} [426.0, 978.0] -> 58 (163.0) {491.6} [458.0, 980.0] -> 53 (177.0) {506.6} [301.0, 602.0] -> 0 (177.0) {521.0} [0.0, 1000.0]
#6: 0 (0.0) {27.0} -> 52 (9.0) {111.0} [111.0, 362.0] -> 7 (14.0) {292.0} [292.0, 449.0] -> 82 (30.0) {307.8} [99.0, 352.0] -> 47 (57.0) {329.2} [34.0, 362.0] -> 19 (74.0) {347.2} [215.0, 432.0] -> 11 (86.0) {364.2} [33.0, 510.0] -> 64 (95.0) {387.2} [46.0, 523.0] -> 49 (125.0) {444.0} [444.0, 597.0] -> 36 (130.0) {462.9} [41.0, 710.0] -> 46 (131.0) {484.9} [458.0, 685.0] -> 48 (167.0) {694.0} [694.0, 962.0] -> 60 (170.0) {722.4} [651.0, 932.0] -> 89 (185.0) {741.4} [649.0, 981.0] -> 0 (185.0) {760.4} [0.0, 1000.0]

Dist: 867.0. Cost: 867.0

Root node processing (before b&c):
  Real time             =    0.03 sec. (49.09 ticks)
Parallel b&c, 8 threads:
  Real time             =    0.00 sec. (0.00 ticks)
  Sync time (average)   =    0.00 sec.
  Wait time (average)   =    0.00 sec.
                          ------------
Total (root+branch&cut) =    0.03 sec. (49.09 ticks)
