Solving instance /mnt/c/Users/bruno.mattos/OneDrive - americanas s.a/Documentos/GitHub/GenericILS/TWRD/100/R210_100_010.vrptwrd...
------------------------------------------------------------------------------------------------------------------------------------------------
|  Restart |  Iteration |  Best Feas. Cost |    Best Cost |   Curr. Cost |   Penalty Custom Res. |   Penalty Standard Res. |   Pool |   Time (s) |
------------------------------------------------------------------------------------------------------------------------------------------------
|        1 |          1 |           989.00 |       989.00 |      1000.40 |                  6.56 |                    6.56 |     18 |     0.2260 |
|        1 |          0 |           983.50 |       983.50 |       983.50 |                  5.00 |                    5.00 |     22 |     0.7542 |
|        1 |          1 |           983.50 |       983.50 |       983.50 |                  5.00 |                    5.00 |     22 |     0.8176 |
|        1 |          2 |           983.50 |       983.50 |       983.50 |                  5.00 |                    5.00 |     22 |     0.8655 |
|        1 |          0 |           952.70 |       952.70 |       952.70 |                  5.00 |                    5.00 |     24 |     0.9136 |
|        1 |          0 |           952.30 |       952.30 |       952.30 |                  5.00 |                    5.00 |     25 |     0.9798 |
|        1 |          1 |           952.30 |       952.30 |       954.00 |                  5.00 |                    5.00 |     26 |     1.0318 |
|        1 |          2 |           952.30 |       952.30 |       954.00 |                  5.00 |                    5.00 |     26 |     1.0748 |
|        1 |          3 |           952.30 |       952.30 |       954.00 |                  5.00 |                    5.00 |     26 |     1.1297 |
|        1 |          4 |           952.30 |       952.30 |       953.70 |                  5.00 |                    5.00 |     31 |     1.2478 |
|        1 |          5 |           952.30 |       952.30 |       953.70 |                  5.00 |                    5.00 |     31 |     1.2891 |
|        1 |          6 |           952.30 |       952.30 |       953.70 |                  5.00 |                    5.00 |     31 |     1.3403 |
|        1 |          0 |           950.20 |       950.20 |       950.20 |                  5.00 |                    5.00 |     32 |     1.4251 |
|        1 |          1 |           950.20 |       950.20 |       950.30 |                  5.00 |                    5.00 |     35 |     1.4724 |
|        1 |          2 |           950.20 |       950.20 |       952.30 |                  5.00 |                    5.00 |     37 |     1.5236 |
|        1 |          3 |           950.20 |       950.20 |       954.60 |                  5.00 |                    5.00 |     38 |     1.5661 |
|        1 |          4 |           950.20 |       950.20 |       954.60 |                  5.00 |                    5.00 |     38 |     1.6016 |
|        1 |          5 |           950.20 |       950.20 |       954.60 |                  5.00 |                    5.00 |     38 |     1.6405 |
|        1 |          6 |           950.20 |       950.20 |       954.90 |                  5.00 |                    5.00 |     39 |     1.6773 |
|        1 |          7 |           950.20 |       950.20 |       952.60 |                  5.00 |                    5.00 |     39 |     1.7353 |
|        1 |          0 |           941.70 |       941.70 |       941.70 |                  5.00 |                    5.00 |     44 |     1.8124 |
|        1 |          0 |           937.80 |       937.80 |       937.80 |                  5.00 |                    5.00 |     45 |     1.8481 |
|        1 |          1 |           937.80 |       937.80 |       946.60 |                  5.00 |                    5.00 |     49 |     1.9611 |
|        1 |          2 |           937.80 |       937.80 |       946.60 |                  5.00 |                    5.00 |     49 |     2.0075 |
|        1 |          3 |           937.80 |       937.80 |       946.60 |                  5.00 |                    5.00 |     49 |     2.0450 |
|        1 |          4 |           937.80 |       937.80 |       941.50 |                  5.00 |                    5.00 |     54 |     2.1295 |
|        1 |          5 |           937.80 |       937.80 |       942.20 |                  5.00 |                    5.00 |     56 |     2.1835 |
|        1 |          6 |           937.80 |       937.80 |       942.20 |                  5.00 |                    5.00 |     56 |     2.2326 |
|        1 |          0 |           930.50 |       930.50 |       930.50 |                  5.00 |                    5.00 |     61 |     2.4198 |
|        1 |          1 |           930.50 |       930.50 |       930.50 |                  5.00 |                    5.00 |     61 |     2.4609 |
|        1 |          2 |           930.50 |       930.50 |       930.50 |                  5.00 |                    5.00 |     61 |     2.5175 |
|        1 |          3 |           930.50 |       930.50 |       930.50 |                  5.00 |                    5.00 |     61 |     2.5525 |
|        1 |          4 |           930.50 |       930.50 |       951.90 |                  5.00 |                    5.00 |     65 |     2.6025 |
|        1 |          5 |           930.50 |       930.50 |       950.10 |                  5.00 |                    5.00 |     70 |     2.6598 |
|        1 |          6 |           930.50 |       930.50 |       950.10 |                  5.00 |                    5.00 |     70 |     2.7148 |
|        1 |          7 |           930.50 |       930.50 |       949.60 |                  5.00 |                    5.00 |     73 |     2.7975 |
|        1 |          8 |           930.50 |       930.50 |       949.60 |                  5.00 |                    5.00 |     73 |     2.8288 |
|        1 |          9 |           930.50 |       930.50 |       948.20 |                  5.00 |                    5.00 |     75 |     2.8813 |
|        1 |         10 |           930.50 |       930.50 |       948.20 |                  5.00 |                    5.00 |     75 |     2.9173 |
|        1 |         11 |           930.50 |       930.50 |       948.50 |                  5.00 |                    5.00 |     75 |     2.9506 |
|        1 |         12 |           930.50 |       930.50 |       948.50 |                  5.00 |                    5.00 |     75 |     2.9994 |
|        1 |         13 |           930.50 |       930.50 |       948.50 |                  5.00 |                    5.00 |     75 |     3.0413 |
|        1 |         14 |           930.50 |       930.50 |       948.50 |                  5.00 |                    5.00 |     77 |     3.0812 |
|        1 |         15 |           930.50 |       930.50 |       948.50 |                  5.00 |                    5.00 |     77 |     3.1291 |
|        1 |         16 |           930.50 |       930.50 |       948.50 |                  5.00 |                    5.00 |     77 |     3.1656 |
|        1 |         17 |           930.50 |       930.50 |       944.30 |                  5.00 |                    5.00 |     81 |     3.2640 |
|        1 |         18 |           930.50 |       930.50 |       940.50 |                  5.00 |                    5.00 |     84 |     3.3508 |
|        1 |         19 |           930.50 |       930.50 |       940.50 |                  5.00 |                    5.00 |     84 |     3.3987 |
|        1 |         20 |           930.50 |       930.50 |       940.50 |                  5.00 |                    5.00 |     86 |     3.4553 |
|        1 |         21 |           930.50 |       930.50 |       946.30 |                  5.00 |                    5.00 |     87 |     3.4956 |
|        1 |         22 |           930.50 |       930.50 |       938.80 |                  5.00 |                    5.00 |     90 |     3.6270 |
|        1 |         23 |           930.50 |       930.50 |       938.80 |                  5.00 |                    5.00 |     90 |     3.6682 |
|        1 |         24 |           930.50 |       930.50 |       938.80 |                  5.00 |                    5.00 |     90 |     3.7191 |
|        1 |         25 |           930.50 |       930.50 |       938.80 |                  5.00 |                    5.00 |     90 |     3.7612 |
|        1 |         26 |           930.50 |       930.50 |       936.80 |                  5.00 |                    5.00 |     93 |     3.8363 |
|        1 |         27 |           930.50 |       930.50 |       946.10 |                  5.00 |                    5.00 |     96 |     3.8833 |
|        1 |         28 |           930.50 |       930.50 |       935.20 |                  5.00 |                    5.00 |     99 |     3.9467 |
|        1 |         29 |           930.50 |       930.50 |       954.30 |                  5.00 |                    5.00 |    103 |     4.0153 |
|        1 |         30 |           930.50 |       930.50 |       954.30 |                  5.00 |                    5.00 |    103 |     4.0609 |
|        1 |         31 |           930.50 |       930.50 |       954.30 |                  5.00 |                    5.00 |    103 |     4.1295 |
|        1 |         32 |           930.50 |       930.50 |       945.60 |                  5.00 |                    5.00 |    103 |     4.2048 |
|        1 |         33 |           930.50 |       930.50 |       940.50 |                  5.00 |                    5.00 |    104 |     4.2888 |
|        1 |         34 |           930.50 |       930.50 |       964.50 |                  5.00 |                    5.00 |    106 |     4.3688 |
|        1 |         35 |           930.50 |       930.50 |       969.60 |                  5.00 |                    5.00 |    106 |     4.4151 |
|        1 |         36 |           930.50 |       930.50 |       969.60 |                  5.00 |                    5.00 |    106 |     4.4521 |
|        1 |         37 |           930.50 |       930.50 |       966.20 |                  5.00 |                    5.00 |    108 |     4.5179 |
|        1 |         38 |           930.50 |       930.50 |       970.40 |                  5.00 |                    5.00 |    110 |     4.5770 |
|        1 |         39 |           930.50 |       930.50 |       957.30 |                  5.00 |                    5.00 |    110 |     4.6743 |
|        1 |         40 |           930.50 |       930.50 |       957.30 |                  5.00 |                    5.00 |    110 |     4.7214 |
|        1 |         41 |           930.50 |       930.50 |       958.40 |                  5.00 |                    5.00 |    110 |     4.8315 |
|        1 |         42 |           930.50 |       930.50 |       935.40 |                  5.00 |                    5.00 |    113 |     4.9405 |
|        1 |         43 |           930.50 |       930.50 |       935.40 |                  5.00 |                    5.00 |    113 |     4.9840 |
|        1 |         44 |           930.50 |       930.50 |       935.40 |                  5.00 |                    5.00 |    113 |     5.0408 |
|        1 |         45 |           930.50 |       930.50 |       938.60 |                  5.00 |                    5.00 |    114 |     5.0938 |
|        1 |         46 |           930.50 |       930.50 |       937.40 |                  5.00 |                    5.00 |    115 |     5.1355 |
|        1 |         47 |           930.50 |       930.50 |       937.40 |                  5.00 |                    5.00 |    115 |     5.1795 |
|        1 |         48 |           930.50 |       930.50 |       937.40 |                  5.00 |                    5.00 |    115 |     5.2301 |
|        1 |         49 |           930.50 |       930.50 |       937.40 |                  5.00 |                    5.00 |    115 |     5.2778 |
|        1 |         50 |           930.50 |       930.50 |       937.40 |                  5.00 |                    5.00 |    115 |     5.3270 |
|        1 |         51 |           930.50 |       930.50 |       937.40 |                  5.00 |                    5.00 |    115 |     5.3699 |
|        1 |          0 |           929.10 |       929.10 |       929.10 |                  5.00 |                    5.00 |    116 |     5.4448 |
|        1 |          1 |           929.10 |       929.10 |       929.10 |                  5.00 |                    5.00 |    116 |     5.5044 |
|        1 |          2 |           929.10 |       929.10 |       929.10 |                  5.00 |                    5.00 |    116 |     5.5634 |
|        1 |          3 |           929.10 |       929.10 |       952.60 |                  5.00 |                    5.00 |    119 |     5.6263 |
|        1 |          4 |           929.10 |       929.10 |       951.80 |                  5.00 |                    5.00 |    119 |     5.6819 |
|        1 |          5 |           929.10 |       929.10 |       951.80 |                  5.00 |                    5.00 |    119 |     5.7329 |
|        1 |          6 |           929.10 |       929.10 |       951.80 |                  5.00 |                    5.00 |    119 |     5.7687 |
|        1 |          7 |           929.10 |       929.10 |       951.30 |                  5.00 |                    5.00 |    121 |     5.8641 |
|        1 |          8 |           929.10 |       929.10 |       951.30 |                  5.00 |                    5.00 |    121 |     5.9273 |
|        1 |          9 |           929.10 |       929.10 |       951.30 |                  5.00 |                    5.00 |    121 |     5.9799 |
|        1 |         10 |           929.10 |       929.10 |       951.30 |                  5.00 |                    5.00 |    121 |     6.0346 |
|        1 |         11 |           929.10 |       929.10 |       951.30 |                  5.00 |                    5.00 |    121 |     6.0825 |
|        1 |         12 |           929.10 |       929.10 |       956.20 |                  5.00 |                    5.00 |    122 |     6.1273 |
|        1 |         13 |           929.10 |       929.10 |       955.10 |                  5.00 |                    5.00 |    122 |     6.1645 |
|        1 |         14 |           929.10 |       929.10 |       976.20 |                  5.00 |                    5.00 |    125 |     6.2271 |
|        1 |         15 |           929.10 |       929.10 |       956.40 |                  5.00 |                    5.00 |    127 |     6.3541 |
|        1 |         16 |           929.10 |       929.10 |       954.50 |                  5.00 |                    5.00 |    130 |     6.4261 |
|        1 |         17 |           929.10 |       929.10 |       950.60 |                  5.00 |                    5.00 |    134 |     6.5325 |
|        1 |         18 |           929.10 |       929.10 |       950.60 |                  5.00 |                    5.00 |    134 |     6.5901 |
|        1 |         19 |           929.10 |       929.10 |       945.30 |                  5.00 |                    5.00 |    135 |     6.6624 |
|        1 |         20 |           929.10 |       929.10 |       945.30 |                  5.00 |                    5.00 |    135 |     6.6993 |
|        1 |         21 |           929.10 |       929.10 |       945.30 |                  5.00 |                    5.00 |    135 |     6.7405 |
|        1 |         22 |           929.10 |       929.10 |       936.90 |                  5.00 |                    5.00 |    136 |     6.8111 |
|        1 |         23 |           929.10 |       929.10 |       936.90 |                  5.00 |                    5.00 |    136 |     6.8564 |
|        1 |         24 |           929.10 |       929.10 |       936.90 |                  5.00 |                    5.00 |    136 |     6.9078 |
|        1 |         25 |           929.10 |       929.10 |       936.90 |                  5.00 |                    5.00 |    136 |     6.9533 |
|        1 |         26 |           929.10 |       929.10 |       946.00 |                  5.00 |                    5.00 |    138 |     7.0218 |
|        1 |         27 |           929.10 |       929.10 |       946.00 |                  5.00 |                    5.00 |    138 |     7.0785 |
|        1 |         28 |           929.10 |       929.10 |       946.00 |                  5.00 |                    5.00 |    138 |     7.1200 |
|        1 |         29 |           929.10 |       929.10 |       946.00 |                  5.00 |                    5.00 |    138 |     7.1730 |
|        1 |         30 |           929.10 |       929.10 |       946.00 |                  5.00 |                    5.00 |    138 |     7.2176 |
|        1 |         31 |           929.10 |       929.10 |       975.70 |                  5.00 |                    5.00 |    140 |     7.2523 |
|        1 |         32 |           929.10 |       929.10 |       975.70 |                  5.00 |                    5.00 |    140 |     7.3072 |
|        1 |         33 |           929.10 |       929.10 |       974.00 |                  5.00 |                    5.00 |    147 |     7.3918 |
|        1 |         34 |           929.10 |       929.10 |       985.60 |                  5.00 |                    5.00 |    149 |     7.4401 |
|        1 |         35 |           929.10 |       929.10 |       990.90 |                  5.00 |                    5.00 |    157 |     7.6021 |
|        1 |         36 |           929.10 |       929.10 |       991.30 |                  5.00 |                    5.00 |    162 |     7.6779 |
|        1 |         37 |           929.10 |       929.10 |       991.30 |                  5.00 |                    5.00 |    162 |     7.7188 |
|        1 |         38 |           929.10 |       929.10 |       988.30 |                  5.00 |                    5.00 |    165 |     7.7739 |
|        1 |         39 |           929.10 |       929.10 |       986.30 |                  5.00 |                    5.00 |    169 |     7.8455 |
|        1 |         40 |           929.10 |       929.10 |       985.90 |                  5.00 |                    5.00 |    169 |     7.8949 |
|        1 |         41 |           929.10 |       929.10 |       984.80 |                  5.00 |                    5.00 |    170 |     7.9703 |
|        1 |         42 |           929.10 |       929.10 |       984.80 |                  5.00 |                    5.00 |    170 |     8.0329 |
|        1 |         43 |           929.10 |       929.10 |       984.50 |                  5.00 |                    5.00 |    170 |     8.0840 |
|        1 |         44 |           929.10 |       929.10 |       996.30 |                  5.00 |                    5.00 |    173 |     8.1408 |
|        1 |         45 |           929.10 |       929.10 |       996.30 |                  5.00 |                    5.00 |    173 |     8.1917 |
|        1 |         46 |           929.10 |       929.10 |       996.30 |                  5.00 |                    5.00 |    173 |     8.2476 |
|        1 |         47 |           929.10 |       929.10 |       977.60 |                  5.00 |                    5.00 |    178 |     8.3339 |
|        1 |         48 |           929.10 |       929.10 |       977.60 |                  5.00 |                    5.00 |    178 |     8.3731 |
|        1 |         49 |           929.10 |       929.10 |       977.60 |                  5.00 |                    5.00 |    178 |     8.4211 |
|        1 |         50 |           929.10 |       929.10 |       977.60 |                  5.00 |                    5.00 |    178 |     8.4816 |
|        1 |         51 |           929.10 |       929.10 |       977.60 |                  5.00 |                    5.00 |    178 |     8.5230 |
|        1 |         52 |           929.10 |       929.10 |       984.20 |                  5.00 |                    5.00 |    181 |     8.5893 |
|        1 |         53 |           929.10 |       929.10 |       979.40 |                  5.00 |                    5.00 |    182 |     8.6483 |
|        1 |         54 |           929.10 |       929.10 |       979.40 |                  5.00 |                    5.00 |    182 |     8.7049 |
|        1 |         55 |           929.10 |       929.10 |       979.40 |                  5.00 |                    5.00 |    182 |     8.7426 |
|        1 |         56 |           929.10 |       929.10 |       992.60 |                  5.00 |                    5.00 |    185 |     8.7817 |
|        1 |         57 |           929.10 |       929.10 |       992.30 |                  5.00 |                    5.00 |    186 |     8.8336 |
|        1 |         58 |           929.10 |       929.10 |      1004.70 |                  5.00 |                    5.00 |    189 |     8.9021 |
|        1 |         59 |           929.10 |       929.10 |       996.20 |                  5.00 |                    5.00 |    192 |     9.0081 |
|        1 |         60 |           929.10 |       929.10 |       981.40 |                  5.00 |                    5.00 |    193 |     9.0894 |
|        1 |         61 |           929.10 |       929.10 |       989.90 |                  5.00 |                    5.00 |    194 |     9.1527 |
|        1 |         62 |           929.10 |       929.10 |       998.50 |                  5.00 |                    5.00 |    198 |     9.2080 |
|        1 |         63 |           929.10 |       929.10 |      1014.50 |                  5.00 |                    5.00 |    200 |     9.2627 |
|        1 |         64 |           929.10 |       929.10 |       976.20 |                  5.00 |                    5.00 |    203 |     9.4224 |
|        1 |         65 |           929.10 |       929.10 |       976.20 |                  5.00 |                    5.00 |    203 |     9.4594 |
|        1 |         66 |           929.10 |       929.10 |       972.90 |                  5.00 |                    5.00 |    206 |     9.5594 |
|        1 |         67 |           929.10 |       929.10 |       972.90 |                  5.00 |                    5.00 |    206 |     9.6151 |
|        1 |         68 |           929.10 |       929.10 |       972.90 |                  5.00 |                    5.00 |    206 |     9.6648 |
|        1 |         69 |           929.10 |       929.10 |       985.00 |                  5.00 |                    5.00 |    206 |     9.7190 |
|        1 |         70 |           929.10 |       929.10 |       982.40 |                  5.00 |                    5.00 |    208 |     9.8117 |
|        1 |         71 |           929.10 |       929.10 |       986.30 |                  5.00 |                    5.00 |    212 |     9.8613 |
|        1 |         72 |           929.10 |       929.10 |       963.90 |                  5.00 |                    5.00 |    214 |     9.9402 |
|        1 |         73 |           929.10 |       929.10 |       965.70 |                  5.00 |                    5.00 |    217 |    10.0159 |
|        1 |         74 |           929.10 |       929.10 |       976.10 |                  5.00 |                    5.00 |    221 |    10.1163 |
|        1 |         75 |           929.10 |       929.10 |       980.80 |                  5.00 |                    5.00 |    224 |    10.1824 |
|        1 |         76 |           929.10 |       929.10 |       982.50 |                  5.00 |                    5.00 |    228 |    10.2189 |
|        1 |         77 |           929.10 |       929.10 |       979.30 |                  5.00 |                    5.00 |    230 |    10.2859 |
|        1 |         78 |           929.10 |       929.10 |       971.80 |                  5.00 |                    5.00 |    232 |    10.3764 |
|        1 |         79 |           929.10 |       929.10 |       955.00 |                  5.00 |                    5.00 |    233 |    10.5169 |
|        1 |         80 |           929.10 |       929.10 |       955.00 |                  5.00 |                    5.00 |    237 |    10.5901 |
|        1 |         81 |           929.10 |       929.10 |       955.00 |                  5.00 |                    5.00 |    237 |    10.6403 |
|        1 |         82 |           929.10 |       929.10 |       955.00 |                  5.00 |                    5.00 |    237 |    10.6794 |
|        1 |         83 |           929.10 |       929.10 |       955.00 |                  5.00 |                    5.00 |    237 |    10.7409 |
|        1 |         84 |           929.10 |       929.10 |       955.00 |                  5.00 |                    5.00 |    237 |    10.7866 |
|        1 |         85 |           929.10 |       929.10 |       958.20 |                  5.00 |                    5.00 |    237 |    10.8290 |
|        1 |         86 |           929.10 |       929.10 |       958.20 |                  5.00 |                    5.00 |    237 |    10.8851 |
|        1 |         87 |           929.10 |       929.10 |       955.00 |                  5.00 |                    5.26 |    237 |    10.9530 |
|        1 |         88 |           929.10 |       929.10 |       975.90 |                  5.00 |                    5.00 |    239 |    11.0025 |
|        1 |         89 |           929.10 |       929.10 |       942.00 |                  5.00 |                    5.00 |    242 |    11.0999 |
|        1 |         90 |           929.10 |       929.10 |       942.00 |                  5.00 |                    5.00 |    242 |    11.1557 |
|        1 |         91 |           929.10 |       929.10 |       942.00 |                  5.00 |                    5.00 |    242 |    11.2021 |
|        1 |         92 |           929.10 |       929.10 |       942.00 |                  5.00 |                    5.00 |    242 |    11.2448 |
|        1 |         93 |           929.10 |       929.10 |       942.00 |                  5.00 |                    5.00 |    242 |    11.2917 |
|        1 |         94 |           929.10 |       929.10 |       942.00 |                  5.00 |                    5.00 |    242 |    11.3484 |
|        1 |         95 |           929.10 |       929.10 |       942.10 |                  5.00 |                    5.00 |    245 |    11.4229 |
|        1 |         96 |           929.10 |       929.10 |       942.10 |                  5.00 |                    5.00 |    245 |    11.4695 |
|        1 |          0 |           925.60 |       925.60 |       925.60 |                  5.00 |                    5.00 |    249 |    11.5460 |
|        1 |          1 |           925.60 |       925.60 |       925.60 |                  5.00 |                    5.00 |    249 |    11.5943 |
|        1 |          2 |           925.60 |       925.60 |       925.60 |                  5.00 |                    5.00 |    249 |    11.6469 |
|        1 |          3 |           925.60 |       925.60 |       925.60 |                  5.00 |                    5.00 |    249 |    11.7054 |
|        1 |          4 |           925.60 |       925.60 |       925.60 |                  5.00 |                    5.00 |    249 |    11.7452 |
|        1 |          5 |           925.60 |       925.60 |       925.60 |                  5.00 |                    5.00 |    249 |    11.7969 |
|        1 |          6 |           925.60 |       925.60 |       925.60 |                  5.00 |                    5.00 |    249 |    11.8354 |
|        1 |          7 |           925.60 |       925.60 |       925.60 |                  5.00 |                    5.00 |    249 |    11.8822 |
|        1 |          8 |           925.60 |       925.60 |       925.60 |                  5.00 |                    5.00 |    249 |    11.9348 |
|        1 |          9 |           925.60 |       925.60 |       925.60 |                  5.00 |                    5.00 |    249 |    11.9934 |
|        1 |         10 |           925.60 |       925.60 |       925.60 |                  5.00 |                    5.00 |    249 |    12.0626 |
|        1 |         11 |           925.60 |       925.60 |       925.60 |                  5.00 |                    5.00 |    249 |    12.1149 |
|        1 |         12 |           925.60 |       925.60 |       925.60 |                  5.00 |                    5.00 |    249 |    12.1682 |
|        1 |         13 |           925.60 |       925.60 |       925.60 |                  5.00 |                    5.00 |    249 |    12.2184 |
|        1 |         14 |           925.60 |       925.60 |       925.60 |                  5.00 |                    5.00 |    249 |    12.2521 |
|        1 |         15 |           925.60 |       925.60 |       925.60 |                  5.00 |                    5.00 |    249 |    12.2961 |
|        1 |         16 |           925.60 |       925.60 |       925.60 |                  5.00 |                    5.00 |    249 |    12.3365 |
|        1 |         17 |           925.60 |       925.60 |       925.60 |                  5.00 |                    5.00 |    249 |    12.3778 |
|        1 |         18 |           925.60 |       925.60 |       925.60 |                  5.00 |                    5.00 |    249 |    12.4325 |
|        1 |         19 |           925.60 |       925.60 |       942.10 |                  5.00 |                    5.00 |    249 |    12.4996 |
|        1 |         20 |           925.60 |       925.60 |       942.10 |                  5.00 |                    5.00 |    249 |    12.5622 |
|        1 |         21 |           925.60 |       925.60 |       942.10 |                  5.00 |                    5.00 |    249 |    12.6075 |
|        1 |         22 |           925.60 |       925.60 |       942.10 |                  5.00 |                    5.00 |    249 |    12.6612 |
|        1 |         23 |           925.60 |       925.60 |       942.10 |                  5.00 |                    5.00 |    249 |    12.7010 |
|        1 |         24 |           925.60 |       925.60 |       942.10 |                  5.00 |                    5.00 |    249 |    12.7405 |
|        1 |         25 |           925.60 |       925.60 |       945.30 |                  5.00 |                    5.00 |    250 |    12.7802 |
|        1 |         26 |           925.60 |       925.60 |       950.00 |                  5.00 |                    5.00 |    251 |    12.8427 |
|        1 |         27 |           925.60 |       925.60 |       942.10 |                  5.00 |                    5.00 |    251 |    12.8815 |
|        1 |         28 |           925.60 |       925.60 |       942.10 |                  5.00 |                    5.00 |    251 |    12.9486 |
|        1 |         29 |           925.60 |       925.60 |       942.10 |                  5.00 |                    5.00 |    251 |    12.9844 |
|        1 |         30 |           925.60 |       925.60 |       980.80 |                  5.00 |                    5.00 |    252 |    13.0321 |
|        1 |         31 |           925.60 |       925.60 |       980.80 |                  5.00 |                    5.00 |    252 |    13.0691 |
|        1 |         32 |           925.60 |       925.60 |       980.80 |                  5.00 |                    5.00 |    252 |    13.1152 |
|        1 |         33 |           925.60 |       925.60 |       980.80 |                  5.00 |                    5.00 |    252 |    13.1782 |
|        1 |         34 |           925.60 |       925.60 |       991.30 |                  5.00 |                    5.00 |    252 |    13.2185 |
|        1 |         35 |           925.60 |       925.60 |       991.30 |                  5.00 |                    5.00 |    252 |    13.2599 |
|        1 |         36 |           925.60 |       925.60 |       988.80 |                  5.00 |                    5.00 |    252 |    13.3405 |
|        1 |         37 |           925.60 |       925.60 |       966.80 |                  5.00 |                    5.00 |    253 |    13.3941 |
|        1 |         38 |           925.60 |       925.60 |       960.10 |                  5.00 |                    5.00 |    256 |    13.4919 |
|        1 |         39 |           925.60 |       925.60 |       960.10 |                  5.00 |                    5.00 |    256 |    13.5299 |
|        1 |         40 |           925.60 |       925.60 |       960.10 |                  5.00 |                    5.00 |    256 |    13.5634 |
|        1 |         41 |           925.60 |       925.60 |       960.10 |                  5.00 |                    5.00 |    256 |    13.6032 |
|        1 |         42 |           925.60 |       925.60 |       949.60 |                  5.00 |                    5.00 |    256 |    13.6673 |
|        1 |         43 |           925.60 |       925.60 |       949.60 |                  5.00 |                    5.00 |    256 |    13.7252 |
|        1 |         44 |           925.60 |       925.60 |       949.60 |                  5.00 |                    5.00 |    256 |    13.7794 |
|        1 |         45 |           925.60 |       925.60 |       949.60 |                  5.00 |                    5.00 |    256 |    13.8155 |
|        1 |         46 |           925.60 |       925.60 |       949.60 |                  5.00 |                    5.00 |    257 |    13.8701 |
|        1 |         47 |           925.60 |       925.60 |       949.60 |                  5.00 |                    5.00 |    257 |    13.9129 |
|        1 |         48 |           925.60 |       925.60 |       949.60 |                  5.00 |                    5.00 |    257 |    13.9564 |
|        1 |         49 |           925.60 |       925.60 |       978.10 |                  5.00 |                    5.00 |    257 |    14.0091 |
|        1 |         50 |           925.60 |       925.60 |       978.10 |                  5.00 |                    5.41 |    257 |    14.0585 |
|        1 |         51 |           925.60 |       925.60 |       978.10 |                  5.00 |                    5.00 |    257 |    14.1121 |
|        1 |         52 |           925.60 |       925.60 |       974.90 |                  5.00 |                    5.00 |    257 |    14.1682 |
|        1 |         53 |           925.60 |       925.60 |       988.70 |                  5.00 |                    5.00 |    257 |    14.2616 |
|        1 |         54 |           925.60 |       925.60 |       989.40 |                  5.00 |                    5.00 |    257 |    14.3164 |
|        1 |         55 |           925.60 |       925.60 |       970.20 |                  5.00 |                    5.00 |    261 |    14.4452 |
|        1 |         56 |           925.60 |       925.60 |       966.20 |                  5.00 |                    5.00 |    262 |    14.5122 |
|        1 |         57 |           925.60 |       925.60 |       966.20 |                  5.00 |                    5.00 |    262 |    14.5569 |
|        1 |         58 |           925.60 |       925.60 |       963.50 |                  5.00 |                    5.00 |    262 |    14.6239 |
|        1 |         59 |           925.60 |       925.60 |       969.50 |                  5.00 |                    5.00 |    262 |    14.6793 |
|        1 |         60 |           925.60 |       925.60 |       972.00 |                  5.00 |                    5.00 |    264 |    14.7253 |
|        1 |         61 |           925.60 |       925.60 |       985.00 |                  5.00 |                    5.00 |    267 |    14.7818 |
|        1 |         62 |           925.60 |       925.60 |       985.00 |                  5.00 |                    5.00 |    267 |    14.8247 |
|        1 |         63 |           925.60 |       925.60 |       985.70 |                  5.00 |                    5.00 |    267 |    14.8807 |
|        1 |         64 |           925.60 |       925.60 |       985.70 |                  5.00 |                    5.00 |    267 |    14.9347 |
|        1 |         65 |           925.60 |       925.60 |       969.00 |                  5.00 |                    5.00 |    267 |    14.9874 |
|        1 |         66 |           925.60 |       925.60 |       980.30 |                  5.00 |                    5.00 |    271 |    15.0499 |
|        1 |         67 |           925.60 |       925.60 |       964.00 |                  5.00 |                    5.00 |    273 |    15.1259 |
|        1 |         68 |           925.60 |       925.60 |       964.00 |                  5.00 |                    5.00 |    273 |    15.1794 |
|        1 |         69 |           925.60 |       925.60 |       954.40 |                  5.00 |                    5.00 |    276 |    15.2901 |
|        1 |         70 |           925.60 |       925.60 |       956.90 |                  5.00 |                    5.00 |    279 |    15.3851 |
|        1 |         71 |           925.60 |       925.60 |       940.00 |                  5.00 |                    5.00 |    280 |    15.4845 |
|        1 |         72 |           925.60 |       925.60 |       965.50 |                  5.00 |                    5.00 |    282 |    15.5431 |
|        1 |         73 |           925.60 |       925.60 |       942.10 |                  5.00 |                    5.00 |    283 |    15.5951 |
|        1 |         74 |           925.60 |       925.60 |       942.10 |                  5.00 |                    5.00 |    283 |    15.6353 |
|        1 |         75 |           925.60 |       925.60 |       940.50 |                  5.00 |                    5.00 |    283 |    15.6852 |
|        1 |         76 |           925.60 |       925.60 |       966.90 |                  5.00 |                    5.00 |    290 |    15.7543 |
|        1 |         77 |           925.60 |       925.60 |       966.90 |                  5.00 |                    5.00 |    290 |    15.7849 |
|        1 |         78 |           925.60 |       925.60 |       972.00 |                  5.00 |                    5.00 |    292 |    15.8400 |
|        1 |         79 |           925.60 |       925.60 |       972.80 |                  5.00 |                    5.00 |    293 |    15.8964 |
|        1 |         80 |           925.60 |       925.60 |       968.10 |                  5.00 |                    5.00 |    295 |    15.9600 |
|        1 |         81 |           925.60 |       925.60 |       964.00 |                  5.00 |                    5.00 |    299 |    16.0336 |
|        1 |         82 |           925.60 |       925.60 |       971.80 |                  5.00 |                    5.00 |    301 |    16.0934 |
|        1 |         83 |           925.60 |       925.60 |       971.80 |                  5.00 |                    5.00 |    301 |    16.1487 |
|        1 |         84 |           925.60 |       925.60 |       971.80 |                  5.00 |                    5.00 |    301 |    16.1869 |
|        1 |         85 |           925.60 |       925.60 |       971.80 |                  5.00 |                    5.00 |    301 |    16.2419 |
|        1 |         86 |           925.60 |       925.60 |       971.80 |                  5.00 |                    5.00 |    301 |    16.2852 |
|        1 |         87 |           925.60 |       925.60 |       967.40 |                  5.00 |                    5.00 |    303 |    16.3974 |
|        1 |         88 |           925.60 |       925.60 |       967.70 |                  5.00 |                    5.00 |    303 |    16.4440 |
|        1 |         89 |           925.60 |       925.60 |       967.70 |                  5.00 |                    5.00 |    303 |    16.4816 |
|        1 |         90 |           925.60 |       925.60 |       968.50 |                  5.00 |                    5.00 |    303 |    16.5318 |
|        1 |         91 |           925.60 |       925.60 |       967.70 |                  5.00 |                    5.00 |    303 |    16.5718 |
|        1 |         92 |           925.60 |       925.60 |       967.40 |                  5.00 |                    5.00 |    303 |    16.6354 |
|        1 |         93 |           925.60 |       925.60 |       967.40 |                  5.00 |                    5.00 |    303 |    16.6929 |
|        1 |         94 |           925.60 |       925.60 |       967.40 |                  5.00 |                    5.00 |    303 |    16.7327 |
|        1 |         95 |           925.60 |       925.60 |       967.40 |                  5.00 |                    5.00 |    303 |    16.7769 |
|        1 |         96 |           925.60 |       925.60 |       968.40 |                  5.00 |                    5.00 |    303 |    16.8445 |
|        1 |         97 |           925.60 |       925.60 |       968.90 |                  5.00 |                    5.00 |    305 |    16.8795 |
|        1 |         98 |           925.60 |       925.60 |       970.40 |                  5.00 |                    5.00 |    306 |    16.9373 |
|        1 |         99 |           925.60 |       925.60 |       954.70 |                  5.00 |                    5.00 |    307 |    17.0026 |
|        1 |        100 |           925.60 |       925.60 |       954.70 |                  5.00 |                    5.00 |    307 |    17.0692 |
|        1 |        101 |           925.60 |       925.60 |       954.70 |                  5.00 |                    5.00 |    307 |    17.1197 |
|        1 |        102 |           925.60 |       925.60 |       954.70 |                  5.00 |                    5.00 |    307 |    17.1778 |
|        1 |        103 |           925.60 |       925.60 |       954.70 |                  5.00 |                    5.00 |    307 |    17.2223 |
|        1 |        104 |           925.60 |       925.60 |       954.00 |                  5.00 |                    5.00 |    307 |    17.2664 |
|        1 |        105 |           925.60 |       925.60 |       959.00 |                  5.00 |                    5.00 |    309 |    17.3272 |
|        1 |        106 |           925.60 |       925.60 |       954.70 |                  5.00 |                    5.00 |    309 |    17.4165 |
|        1 |        107 |           925.60 |       925.60 |       968.10 |                  5.00 |                    5.00 |    312 |    17.4722 |
|        1 |        108 |           925.60 |       925.60 |       973.90 |                  5.00 |                    5.00 |    312 |    17.5249 |
|        1 |        109 |           925.60 |       925.60 |       973.90 |                  5.00 |                    5.00 |    312 |    17.5686 |
|        1 |        110 |           925.60 |       925.60 |       950.20 |                  5.00 |                    5.00 |    312 |    17.6646 |
|        1 |        111 |           925.60 |       925.60 |       950.20 |                  5.00 |                    5.00 |    312 |    17.7101 |
|        1 |        112 |           925.60 |       925.60 |       950.20 |                  5.00 |                    5.00 |    312 |    17.7593 |
|        1 |        113 |           925.60 |       925.60 |       950.20 |                  5.00 |                    5.00 |    312 |    17.7982 |
|        1 |        114 |           925.60 |       925.60 |       984.30 |                  5.00 |                    5.00 |    316 |    17.8757 |
|        1 |        115 |           925.60 |       925.60 |       973.70 |                  5.00 |                    5.00 |    317 |    17.9360 |
|        1 |        116 |           925.60 |       925.60 |       973.70 |                  5.00 |                    5.00 |    317 |    17.9806 |
|        1 |        117 |           925.60 |       925.60 |       967.50 |                  5.00 |                    5.00 |    317 |    18.0440 |
|        1 |        118 |           925.60 |       925.60 |       989.40 |                  5.00 |                    5.00 |    320 |    18.1005 |
|        1 |        119 |           925.60 |       925.60 |       980.70 |                  5.00 |                    5.00 |    321 |    18.1629 |
|        1 |        120 |           925.60 |       925.60 |       980.70 |                  5.00 |                    5.00 |    321 |    18.2072 |
|        1 |        121 |           925.60 |       925.60 |       983.30 |                  5.00 |                    5.00 |    322 |    18.2474 |
|        1 |        122 |           925.60 |       925.60 |       980.70 |                  5.00 |                    5.00 |    322 |    18.3103 |
|        1 |        123 |           925.60 |       925.60 |       966.50 |                  5.00 |                    5.00 |    328 |    18.3943 |
|        1 |        124 |           925.60 |       925.60 |       966.50 |                  5.00 |                    5.00 |    328 |    18.4685 |
|        1 |        125 |           925.60 |       925.60 |       962.70 |                  5.00 |                    5.00 |    329 |    18.5445 |
|        1 |        126 |           925.60 |       925.60 |       956.90 |                  5.00 |                    5.00 |    334 |    18.6094 |
|        1 |        127 |           925.60 |       925.60 |       956.90 |                  5.00 |                    5.00 |    334 |    18.6524 |
|        1 |        128 |           925.60 |       925.60 |       956.90 |                  5.00 |                    5.00 |    334 |    18.6930 |
|        1 |        129 |           925.60 |       925.60 |       956.90 |                  5.00 |                    5.00 |    334 |    18.7401 |
|        1 |        130 |           925.60 |       925.60 |       956.90 |                  5.00 |                    5.00 |    334 |    18.7974 |
|        1 |        131 |           925.60 |       925.60 |       956.90 |                  5.00 |                    5.00 |    334 |    18.8263 |
|        1 |        132 |           925.60 |       925.60 |       956.90 |                  5.00 |                    5.00 |    334 |    18.8738 |
|        1 |        133 |           925.60 |       925.60 |       956.90 |                  5.00 |                    5.00 |    334 |    18.9215 |
|        1 |        134 |           925.60 |       925.60 |       954.40 |                  5.00 |                    5.00 |    336 |    18.9759 |
|        1 |        135 |           925.60 |       925.60 |       954.40 |                  5.00 |                    5.00 |    336 |    19.0239 |
|        1 |        136 |           925.60 |       925.60 |       954.40 |                  5.00 |                    5.00 |    336 |    19.0508 |
|        1 |        137 |           925.60 |       925.60 |       954.40 |                  5.00 |                    5.00 |    336 |    19.0938 |
|        1 |        138 |           925.60 |       925.60 |       954.40 |                  5.00 |                    5.00 |    336 |    19.1396 |
|        1 |        139 |           925.60 |       925.60 |       954.40 |                  5.00 |                    5.00 |    336 |    19.1760 |
|        1 |        140 |           925.60 |       925.60 |       954.40 |                  5.00 |                    5.00 |    336 |    19.2250 |
|        1 |        141 |           925.60 |       925.60 |       962.30 |                  5.00 |                    5.00 |    340 |    19.3000 |
|        1 |        142 |           925.60 |       925.60 |       962.10 |                  5.00 |                    5.00 |    342 |    19.3644 |
|        1 |        143 |           925.60 |       925.60 |       963.40 |                  5.00 |                    5.00 |    344 |    19.4462 |
|        1 |        144 |           925.60 |       925.60 |       964.70 |                  5.00 |                    5.00 |    346 |    19.5484 |
|        1 |        145 |           925.60 |       925.60 |       964.70 |                  5.00 |                    5.00 |    346 |    19.6016 |
|        1 |        146 |           925.60 |       925.60 |       963.90 |                  5.00 |                    5.00 |    347 |    19.6638 |
|        1 |        147 |           925.60 |       925.60 |       963.90 |                  5.00 |                    5.00 |    347 |    19.7177 |
|        1 |        148 |           925.60 |       925.60 |       963.90 |                  5.00 |                    5.00 |    347 |    19.7633 |
|        1 |        149 |           925.60 |       925.60 |       963.90 |                  5.00 |                    5.00 |    347 |    19.8076 |
|        1 |        150 |           925.60 |       925.60 |       951.90 |                  5.00 |                    5.00 |    350 |    19.9625 |
------------------------------------------------------------------------------------------------------------------------------------------------
|  Restart |  Iteration |  Best Feas. Cost |    Best Cost |   Curr. Cost |   Penalty Custom Res. |   Penalty Standard Res. |   Pool |   Time (s) |
------------------------------------------------------------------------------------------------------------------------------------------------
|        1 |        151 |           925.60 |       925.60 |       950.10 |                  5.00 |                    5.00 |    350 |    20.0292 |
|        1 |        152 |           925.60 |       925.60 |       950.10 |                  5.00 |                    5.00 |    350 |    20.0849 |
|        1 |        153 |           925.60 |       925.60 |       966.60 |                  5.00 |                    5.00 |    351 |    20.1323 |
|        1 |        154 |           925.60 |       925.60 |       949.80 |                  5.00 |                    5.00 |    351 |    20.2058 |
|        1 |        155 |           925.60 |       925.60 |       949.80 |                  5.00 |                    5.00 |    351 |    20.2469 |
|        1 |        156 |           925.60 |       925.60 |       941.10 |                  5.00 |                    5.00 |    355 |    20.3367 |
|        1 |        157 |           925.60 |       925.60 |       941.10 |                  5.00 |                    5.00 |    355 |    20.3750 |
|        1 |        158 |           925.60 |       925.60 |       944.60 |                  5.00 |                    5.00 |    360 |    20.4203 |
|        1 |        159 |           925.60 |       925.60 |       941.10 |                  5.00 |                    5.00 |    360 |    20.4672 |
|        1 |        160 |           925.60 |       925.60 |       941.10 |                  5.00 |                    5.00 |    360 |    20.5027 |
|        1 |        161 |           925.60 |       925.60 |       940.30 |                  5.00 |                    5.00 |    361 |    20.5718 |
|        1 |        162 |           925.60 |       925.60 |       940.30 |                  5.00 |                    5.00 |    361 |    20.6224 |
|        1 |        163 |           925.60 |       925.60 |       940.30 |                  5.00 |                    5.00 |    361 |    20.6619 |
|        1 |        164 |           925.60 |       925.60 |       942.70 |                  5.00 |                    5.00 |    361 |    20.7409 |
|        1 |        165 |           925.60 |       925.60 |       942.70 |                  5.00 |                    5.00 |    361 |    20.7907 |
|        1 |        166 |           925.60 |       925.60 |       942.70 |                  5.00 |                    5.00 |    361 |    20.8389 |
|        1 |        167 |           925.60 |       925.60 |       943.50 |                  5.00 |                    5.00 |    362 |    20.8918 |
|        1 |        168 |           925.60 |       925.60 |       943.50 |                  5.00 |                    5.00 |    362 |    20.9410 |
|        1 |        169 |           925.60 |       925.60 |       942.70 |                  5.00 |                    5.00 |    362 |    20.9870 |
|        1 |        170 |           925.60 |       925.60 |       946.20 |                  5.00 |                    5.00 |    364 |    21.0335 |
|        1 |        171 |           925.60 |       925.60 |       942.70 |                  5.00 |                    5.00 |    364 |    21.0795 |
|        1 |        172 |           925.60 |       925.60 |       942.70 |                  5.00 |                    5.00 |    364 |    21.1145 |
|        1 |        173 |           925.60 |       925.60 |       942.70 |                  5.00 |                    5.00 |    364 |    21.1570 |
|        1 |        174 |           925.60 |       925.60 |       941.20 |                  5.00 |                    5.00 |    367 |    21.2326 |
|        1 |        175 |           925.60 |       925.60 |       940.70 |                  5.00 |                    5.00 |    369 |    21.3246 |
|        1 |        176 |           925.60 |       925.60 |       940.70 |                  5.00 |                    5.00 |    369 |    21.3853 |
|        1 |        177 |           925.60 |       925.60 |       946.90 |                  5.00 |                    5.00 |    371 |    21.4297 |
|        1 |        178 |           925.60 |       925.60 |       947.30 |                  5.00 |                    5.00 |    374 |    21.5121 |
|        1 |        179 |           925.60 |       925.60 |       947.30 |                  5.00 |                    5.00 |    374 |    21.5526 |
|        1 |        180 |           925.60 |       925.60 |       947.30 |                  5.00 |                    5.00 |    374 |    21.6051 |
|        1 |        181 |           925.60 |       925.60 |       966.50 |                  5.00 |                    5.00 |    375 |    21.6690 |
|        1 |        182 |           925.60 |       925.60 |       967.00 |                  5.00 |                    5.00 |    377 |    21.7110 |
|        1 |        183 |           925.60 |       925.60 |       960.80 |                  5.00 |                    5.00 |    381 |    21.8647 |
|        1 |        184 |           925.60 |       925.60 |       960.80 |                  5.00 |                    5.00 |    381 |    21.9145 |
|        1 |        185 |           925.60 |       925.60 |       965.10 |                  5.00 |                    5.00 |    383 |    21.9547 |
|        1 |        186 |           925.60 |       925.60 |       963.80 |                  5.00 |                    5.00 |    385 |    22.0252 |
|        1 |        187 |           925.60 |       925.60 |       960.60 |                  5.00 |                    5.00 |    386 |    22.1055 |
|        1 |        188 |           925.60 |       925.60 |       956.60 |                  5.00 |                    5.00 |    388 |    22.1839 |
|        1 |        189 |           925.60 |       925.60 |       955.00 |                  5.00 |                    5.00 |    388 |    22.2299 |
|        1 |        190 |           925.60 |       925.60 |       955.00 |                  5.00 |                    5.00 |    388 |    22.2707 |
|        1 |        191 |           925.60 |       925.60 |       952.10 |                  5.00 |                    5.00 |    388 |    22.3177 |
|        1 |        192 |           925.60 |       925.60 |       952.10 |                  5.00 |                    5.00 |    388 |    22.3632 |
|        1 |        193 |           925.60 |       925.60 |       952.70 |                  5.00 |                    5.00 |    388 |    22.4378 |
|        1 |        194 |           925.60 |       925.60 |       950.90 |                  5.00 |                    5.00 |    389 |    22.5172 |
|        1 |        195 |           925.60 |       925.60 |       950.90 |                  5.00 |                    5.00 |    389 |    22.5683 |
|        1 |        196 |           925.60 |       925.60 |       950.90 |                  5.00 |                    5.00 |    389 |    22.6175 |
|        1 |        197 |           925.60 |       925.60 |       950.90 |                  5.00 |                    5.00 |    389 |    22.6623 |
|        1 |        198 |           925.60 |       925.60 |       964.00 |                  5.00 |                    5.00 |    393 |    22.7274 |
|        1 |        199 |           925.60 |       925.60 |       966.30 |                  5.00 |                    5.00 |    397 |    22.7728 |
|        1 |        200 |           925.60 |       925.60 |       962.70 |                  5.00 |                    5.00 |    397 |    22.8125 |
|        1 |        201 |           925.60 |       925.60 |       977.80 |                  5.00 |                    5.00 |    403 |    22.8817 |
|        1 |        202 |           925.60 |       925.60 |       967.10 |                  5.00 |                    5.00 |    404 |    22.9294 |
|        1 |        203 |           925.60 |       925.60 |       965.30 |                  5.00 |                    5.00 |    406 |    22.9915 |
|        1 |        204 |           925.60 |       925.60 |       965.30 |                  5.00 |                    5.00 |    406 |    23.0465 |
|        1 |        205 |           925.60 |       925.60 |       972.30 |                  5.00 |                    5.00 |    409 |    23.0901 |
|        1 |        206 |           925.60 |       925.60 |       972.30 |                  5.00 |                    5.00 |    409 |    23.1307 |
|        1 |        207 |           925.60 |       925.60 |       972.30 |                  5.00 |                    5.00 |    409 |    23.1740 |
|        1 |        208 |           925.60 |       925.60 |       972.30 |                  5.00 |                    5.00 |    409 |    23.2238 |
|        1 |        209 |           925.60 |       925.60 |       972.30 |                  5.00 |                    5.00 |    409 |    23.2870 |
|        1 |        210 |           925.60 |       925.60 |       972.30 |                  5.00 |                    5.00 |    409 |    23.3307 |
|        1 |        211 |           925.60 |       925.60 |       985.60 |                  5.00 |                    5.00 |    414 |    23.4205 |
|        1 |        212 |           925.60 |       925.60 |       975.90 |                  5.00 |                    5.00 |    422 |    23.5262 |
|        1 |        213 |           925.60 |       925.60 |       975.90 |                  5.00 |                    5.00 |    422 |    23.5622 |
|        1 |        214 |           925.60 |       925.60 |       968.70 |                  5.00 |                    5.00 |    424 |    23.6201 |
|        1 |        215 |           925.60 |       925.60 |       982.10 |                  5.00 |                    5.00 |    426 |    23.6726 |
|        1 |        216 |           925.60 |       925.60 |       970.50 |                  5.00 |                    5.00 |    428 |    23.7320 |
|        1 |        217 |           925.60 |       925.60 |       973.60 |                  5.00 |                    5.00 |    429 |    23.7760 |
|        1 |        218 |           925.60 |       925.60 |       966.80 |                  5.00 |                    5.00 |    430 |    23.8457 |
|        1 |        219 |           925.60 |       925.60 |       966.80 |                  5.00 |                    5.00 |    430 |    23.8832 |
|        1 |        220 |           925.60 |       925.60 |       966.80 |                  5.00 |                    5.00 |    430 |    23.9261 |
|        1 |        221 |           925.60 |       925.60 |       969.90 |                  5.00 |                    5.00 |    430 |    23.9850 |
|        1 |        222 |           925.60 |       925.60 |       966.80 |                  5.00 |                    5.00 |    430 |    24.0580 |
|        1 |        223 |           925.60 |       925.60 |       959.20 |                  5.00 |                    5.00 |    430 |    24.2086 |
|        1 |        224 |           925.60 |       925.60 |       959.20 |                  5.00 |                    5.00 |    430 |    24.2625 |
|        1 |        225 |           925.60 |       925.60 |       959.20 |                  5.00 |                    5.00 |    430 |    24.3033 |
|        1 |        226 |           925.60 |       925.60 |       959.20 |                  5.00 |                    5.00 |    430 |    24.3557 |
|        1 |        227 |           925.60 |       925.60 |       959.20 |                  5.00 |                    5.00 |    430 |    24.4016 |
|        1 |        228 |           925.60 |       925.60 |       959.20 |                  5.00 |                    5.00 |    430 |    24.4586 |
|        1 |        229 |           925.60 |       925.60 |       959.20 |                  5.00 |                    5.00 |    430 |    24.4997 |
|        1 |        230 |           925.60 |       925.60 |       965.60 |                  5.00 |                    5.00 |    430 |    24.5726 |
|        1 |        231 |           925.60 |       925.60 |       965.60 |                  5.00 |                    5.00 |    430 |    24.6171 |
|        1 |        232 |           925.60 |       925.60 |       965.60 |                  5.00 |                    5.00 |    430 |    24.6595 |
|        1 |        233 |           925.60 |       925.60 |       962.50 |                  5.00 |                    5.00 |    430 |    24.7062 |
|        1 |        234 |           925.60 |       925.60 |       962.50 |                  5.00 |                    5.00 |    430 |    24.7576 |
|        1 |        235 |           925.60 |       925.60 |       962.50 |                  5.00 |                    5.00 |    430 |    24.8047 |
|        1 |        236 |           925.60 |       925.60 |       962.50 |                  5.00 |                    5.00 |    430 |    24.8558 |
|        1 |        237 |           925.60 |       925.60 |       956.60 |                  5.00 |                    5.00 |    431 |    24.9256 |
|        1 |        238 |           925.60 |       925.60 |       956.60 |                  5.00 |                    5.00 |    431 |    24.9697 |
|        1 |        239 |           925.60 |       925.60 |       956.60 |                  5.00 |                    5.00 |    431 |    25.0043 |
|        1 |        240 |           925.60 |       925.60 |       952.40 |                  5.00 |                    5.00 |    431 |    25.0847 |
|        1 |        241 |           925.60 |       925.60 |       952.40 |                  5.00 |                    5.00 |    431 |    25.1337 |
|        1 |        242 |           925.60 |       925.60 |       952.40 |                  5.00 |                    5.00 |    431 |    25.1926 |
|        1 |        243 |           925.60 |       925.60 |       952.40 |                  5.00 |                    5.00 |    431 |    25.2332 |
|        1 |        244 |           925.60 |       925.60 |       952.40 |                  5.00 |                    5.00 |    431 |    25.2831 |
|        1 |        245 |           925.60 |       925.60 |       956.20 |                  5.00 |                    5.00 |    432 |    25.3400 |
|        1 |        246 |           925.60 |       925.60 |       956.20 |                  5.00 |                    5.00 |    432 |    25.3875 |
|        1 |        247 |           925.60 |       925.60 |       956.20 |                  5.00 |                    5.00 |    432 |    25.4373 |
|        1 |        248 |           925.60 |       925.60 |       956.20 |                  5.00 |                    5.00 |    432 |    25.4908 |
|        1 |        249 |           925.60 |       925.60 |       994.30 |                  5.00 |                    5.00 |    436 |    25.5655 |
|        1 |        250 |           925.60 |       925.60 |       977.20 |                  5.00 |                    5.00 |    438 |    25.6951 |
|        1 |        251 |           925.60 |       925.60 |       977.20 |                  5.00 |                    5.00 |    438 |    25.7397 |
|        1 |        252 |           925.60 |       925.60 |       982.20 |                  5.00 |                    5.00 |    439 |    25.7825 |
|        1 |        253 |           925.60 |       925.60 |       980.90 |                  5.00 |                    5.00 |    440 |    25.8340 |
|        1 |        254 |           925.60 |       925.60 |       968.10 |                  5.00 |                    5.00 |    443 |    25.9272 |
|        1 |        255 |           925.60 |       925.60 |       968.10 |                  5.00 |                    5.00 |    443 |    25.9638 |
|        1 |        256 |           925.60 |       925.60 |       966.10 |                  5.00 |                    5.00 |    445 |    26.0106 |
|        1 |        257 |           925.60 |       925.60 |       941.60 |                  5.00 |                    5.00 |    449 |    26.0916 |
|        1 |        258 |           925.60 |       925.60 |       943.20 |                  5.00 |                    5.00 |    449 |    26.1568 |
|        1 |        259 |           925.60 |       925.60 |       947.90 |                  5.00 |                    5.00 |    450 |    26.2035 |
|        1 |        260 |           925.60 |       925.60 |       959.20 |                  5.00 |                    5.00 |    451 |    26.2497 |
|        1 |        261 |           925.60 |       925.60 |       950.10 |                  5.00 |                    5.00 |    451 |    26.3117 |
|        1 |        262 |           925.60 |       925.60 |       950.10 |                  5.00 |                    5.00 |    451 |    26.3861 |
|        1 |        263 |           925.60 |       925.60 |       950.10 |                  5.00 |                    5.00 |    451 |    26.4283 |
|        1 |        264 |           925.60 |       925.60 |       950.10 |                  5.00 |                    5.00 |    451 |    26.4799 |
|        1 |        265 |           925.60 |       925.60 |       950.10 |                  5.00 |                    5.00 |    451 |    26.5311 |
|        1 |        266 |           925.60 |       925.60 |       950.10 |                  5.00 |                    5.00 |    451 |    26.5835 |
|        1 |        267 |           925.60 |       925.60 |       952.00 |                  5.00 |                    5.00 |    451 |    26.6189 |
|        1 |        268 |           925.60 |       925.60 |       956.40 |                  5.00 |                    5.00 |    451 |    26.6609 |
|        1 |        269 |           925.60 |       925.60 |       956.40 |                  5.00 |                    5.00 |    451 |    26.7114 |
|        1 |        270 |           925.60 |       925.60 |       956.70 |                  5.00 |                    5.00 |    451 |    26.7618 |
|        1 |        271 |           925.60 |       925.60 |       956.70 |                  5.00 |                    5.00 |    451 |    26.8093 |
|        1 |        272 |           925.60 |       925.60 |       956.70 |                  5.00 |                    5.00 |    451 |    26.8591 |
|        1 |        273 |           925.60 |       925.60 |       956.70 |                  5.00 |                    5.00 |    451 |    26.9207 |
|        1 |        274 |           925.60 |       925.60 |       980.90 |                  5.00 |                    5.00 |    451 |    26.9655 |
|        1 |        275 |           925.60 |       925.60 |       980.60 |                  5.00 |                    5.00 |    451 |    27.0498 |
|        1 |        276 |           925.60 |       925.60 |       971.10 |                  5.00 |                    5.00 |    453 |    27.1559 |
|        1 |        277 |           925.60 |       925.60 |       962.10 |                  5.00 |                    5.00 |    453 |    27.2787 |
|        1 |        278 |           925.60 |       925.60 |       960.20 |                  5.00 |                    5.00 |    453 |    27.3337 |
|        1 |        279 |           925.60 |       925.60 |       952.40 |                  5.00 |                    5.00 |    454 |    27.4105 |
|        1 |        280 |           925.60 |       925.60 |       961.80 |                  5.00 |                    5.00 |    455 |    27.4901 |
|        1 |        281 |           925.60 |       925.60 |       961.80 |                  5.00 |                    5.00 |    455 |    27.5412 |
|        1 |        282 |           925.60 |       925.60 |       961.80 |                  5.00 |                    5.00 |    455 |    27.5799 |
|        1 |        283 |           925.60 |       925.60 |       960.80 |                  5.00 |                    5.00 |    457 |    27.6473 |
|        1 |        284 |           925.60 |       925.60 |       960.80 |                  5.00 |                    5.00 |    457 |    27.6855 |
|        1 |        285 |           925.60 |       925.60 |       960.80 |                  5.00 |                    5.00 |    457 |    27.7282 |
|        1 |        286 |           925.60 |       925.60 |       958.20 |                  5.00 |                    5.00 |    461 |    27.7908 |
|        1 |        287 |           925.60 |       925.60 |       945.10 |                  5.00 |                    5.00 |    465 |    27.9311 |
|        1 |        288 |           925.60 |       925.60 |       945.10 |                  5.00 |                    5.00 |    465 |    27.9803 |
|        1 |        289 |           925.60 |       925.60 |       945.10 |                  5.00 |                    5.00 |    465 |    28.0278 |
|        1 |        290 |           925.60 |       925.60 |       935.70 |                  5.00 |                    5.00 |    469 |    28.1171 |
|        1 |        291 |           925.60 |       925.60 |       937.90 |                  5.00 |                    5.00 |    473 |    28.1707 |
|        1 |        292 |           925.60 |       925.60 |       937.90 |                  5.00 |                    5.00 |    473 |    28.2050 |
|        1 |        293 |           925.60 |       925.60 |       935.70 |                  5.00 |                    5.00 |    473 |    28.2620 |
|        1 |        294 |           925.60 |       925.60 |       935.70 |                  5.00 |                    5.00 |    473 |    28.3071 |
|        1 |        295 |           925.60 |       925.60 |       935.70 |                  5.00 |                    5.00 |    473 |    28.3453 |
|        1 |        296 |           925.60 |       925.60 |       935.70 |                  5.00 |                    5.00 |    473 |    28.3767 |
|        1 |        297 |           925.60 |       925.60 |       935.70 |                  5.00 |                    5.00 |    473 |    28.4111 |
|        1 |        298 |           925.60 |       925.60 |       935.70 |                  5.00 |                    5.00 |    474 |    28.4569 |
|        1 |        299 |           925.60 |       925.60 |       935.70 |                  5.00 |                    5.00 |    474 |    28.5094 |
|        1 |        300 |           925.60 |       925.60 |       935.70 |                  5.00 |                    5.00 |    474 |    28.5566 |
|        1 |        301 |           925.60 |       925.60 |       935.70 |                  5.00 |                    5.00 |    474 |    28.6167 |
|        1 |        302 |           925.60 |       925.60 |       935.70 |                  5.00 |                    5.00 |    474 |    28.6616 |
|        1 |        303 |           925.60 |       925.60 |       935.70 |                  5.00 |                    5.00 |    474 |    28.7090 |
|        1 |        304 |           925.60 |       925.60 |       935.70 |                  5.00 |                    5.00 |    474 |    28.7463 |
|        1 |        305 |           925.60 |       925.60 |       937.40 |                  5.00 |                    5.00 |    478 |    28.8281 |
|        1 |        306 |           925.60 |       925.60 |       937.40 |                  5.00 |                    5.00 |    478 |    28.8630 |
|        1 |        307 |           925.60 |       925.60 |       951.80 |                  5.00 |                    5.00 |    482 |    28.9423 |
|        1 |        308 |           925.60 |       925.60 |       951.80 |                  5.00 |                    5.00 |    482 |    28.9809 |
|        1 |        309 |           925.60 |       925.60 |       951.80 |                  5.00 |                    5.00 |    482 |    29.0217 |
|        1 |        310 |           925.60 |       925.60 |       953.20 |                  5.00 |                    5.00 |    485 |    29.1240 |
|        1 |        311 |           925.60 |       925.60 |       950.00 |                  5.00 |                    5.00 |    485 |    29.1838 |
|        1 |        312 |           925.60 |       925.60 |       950.00 |                  5.00 |                    5.00 |    485 |    29.2337 |
|        1 |        313 |           925.60 |       925.60 |       948.10 |                  5.00 |                    5.00 |    487 |    29.2891 |
|        1 |        314 |           925.60 |       925.60 |       968.20 |                  5.00 |                    5.00 |    490 |    29.3436 |
|        1 |        315 |           925.60 |       925.60 |       935.60 |                  5.00 |                    5.00 |    494 |    29.4794 |
|        1 |        316 |           925.60 |       925.60 |       951.20 |                  5.00 |                    5.00 |    495 |    29.5578 |
|        1 |        317 |           925.60 |       925.60 |       951.20 |                  5.00 |                    5.00 |    495 |    29.5993 |
|        1 |        318 |           925.60 |       925.60 |       951.20 |                  5.00 |                    5.00 |    495 |    29.6561 |
|        1 |        319 |           925.60 |       925.60 |       959.40 |                  5.00 |                    5.00 |    497 |    29.7015 |
|        1 |        320 |           925.60 |       925.60 |       955.30 |                  5.00 |                    5.00 |    497 |    29.7484 |
|        1 |        321 |           925.60 |       925.60 |       954.20 |                  5.00 |                    5.00 |    497 |    29.8015 |
|        1 |        322 |           925.60 |       925.60 |       985.40 |                  5.00 |                    5.00 |    499 |    29.8541 |
|        1 |        323 |           925.60 |       925.60 |       954.20 |                  5.00 |                    5.00 |    499 |    29.9053 |
|        1 |        324 |           925.60 |       925.60 |       953.20 |                  5.00 |                    5.00 |    500 |    29.9855 |
|        1 |        325 |           925.60 |       925.60 |       985.90 |                  5.00 |                    5.00 |    505 |    30.0453 |
|        1 |        326 |           925.60 |       925.60 |       988.80 |                  5.00 |                    5.00 |    506 |    30.0817 |
|        1 |        327 |           925.60 |       925.60 |       959.20 |                  5.00 |                    5.00 |    508 |    30.1674 |
|        1 |        328 |           925.60 |       925.60 |       955.70 |                  5.00 |                    5.00 |    510 |    30.2384 |
|        1 |        329 |           925.60 |       925.60 |       955.70 |                  5.00 |                    5.00 |    510 |    30.2813 |
|        1 |        330 |           925.60 |       925.60 |       955.70 |                  5.00 |                    5.00 |    510 |    30.3160 |
|        1 |        331 |           925.60 |       925.60 |       949.30 |                  5.00 |                    5.00 |    513 |    30.3767 |
|        1 |        332 |           925.60 |       925.60 |       936.20 |                  5.00 |                    5.00 |    516 |    30.4514 |
|        1 |        333 |           925.60 |       925.60 |       936.20 |                  5.00 |                    5.00 |    518 |    30.5315 |
|        1 |        334 |           925.60 |       925.60 |       941.00 |                  5.00 |                    5.00 |    519 |    30.5695 |
|        1 |        335 |           925.60 |       925.60 |       935.60 |                  5.00 |                    5.00 |    521 |    30.6286 |
|        1 |        336 |           925.60 |       925.60 |       935.60 |                  5.00 |                    5.00 |    521 |    30.6663 |
|        1 |        337 |           925.60 |       925.60 |       942.60 |                  5.00 |                    5.00 |    523 |    30.7442 |
|        1 |        338 |           925.60 |       925.60 |       942.60 |                  5.00 |                    5.00 |    523 |    30.7842 |
|        1 |        339 |           925.60 |       925.60 |       942.90 |                  5.00 |                    5.00 |    523 |    30.8564 |
|        1 |        340 |           925.60 |       925.60 |       942.90 |                  5.00 |                    5.00 |    523 |    30.9141 |
|        1 |        341 |           925.60 |       925.60 |       942.90 |                  5.00 |                    5.00 |    523 |    30.9564 |
|        1 |        342 |           925.60 |       925.60 |       942.90 |                  5.00 |                    5.00 |    523 |    30.9962 |
|        1 |        343 |           925.60 |       925.60 |       943.70 |                  5.00 |                    5.00 |    524 |    31.0779 |
|        1 |        344 |           925.60 |       925.60 |       943.70 |                  5.00 |                    5.00 |    524 |    31.1220 |
|        1 |        345 |           925.60 |       925.60 |       942.60 |                  5.00 |                    5.00 |    524 |    31.1876 |
|        1 |        346 |           925.60 |       925.60 |       944.10 |                  5.00 |                    5.00 |    527 |    31.2717 |
|        1 |        347 |           925.60 |       925.60 |       939.50 |                  5.00 |                    5.00 |    531 |    31.3338 |
|        1 |        348 |           925.60 |       925.60 |       939.50 |                  5.00 |                    5.00 |    531 |    31.3914 |
|        1 |        349 |           925.60 |       925.60 |       939.50 |                  5.00 |                    5.00 |    531 |    31.4329 |
|        1 |        350 |           925.60 |       925.60 |       939.50 |                  5.00 |                    5.00 |    531 |    31.4904 |
|        1 |        351 |           925.60 |       925.60 |       939.50 |                  5.00 |                    5.00 |    531 |    31.5361 |
|        1 |        352 |           925.60 |       925.60 |       939.50 |                  5.00 |                    5.00 |    531 |    31.5903 |
|        1 |        353 |           925.60 |       925.60 |       939.50 |                  5.00 |                    5.00 |    531 |    31.6302 |
|        1 |        354 |           925.60 |       925.60 |       939.50 |                  5.00 |                    5.00 |    531 |    31.6669 |
|        1 |        355 |           925.60 |       925.60 |       950.10 |                  5.00 |                    5.00 |    534 |    31.7175 |
|        1 |        356 |           925.60 |       925.60 |       944.80 |                  5.00 |                    5.00 |    537 |    31.7708 |
|        1 |        357 |           925.60 |       925.60 |       944.90 |                  5.00 |                    5.00 |    538 |    31.8428 |
|        1 |        358 |           925.60 |       925.60 |       943.40 |                  5.00 |                    5.00 |    539 |    31.9125 |
|        1 |        359 |           925.60 |       925.60 |       939.20 |                  5.00 |                    5.00 |    541 |    31.9917 |
|        1 |        360 |           925.60 |       925.60 |       939.20 |                  5.00 |                    5.00 |    541 |    32.0445 |
|        1 |        361 |           925.60 |       925.60 |       938.10 |                  5.00 |                    5.00 |    542 |    32.0979 |
|        1 |        362 |           925.60 |       925.60 |       950.80 |                  5.00 |                    5.00 |    542 |    32.1694 |
|        1 |        363 |           925.60 |       925.60 |       950.80 |                  5.00 |                    5.00 |    542 |    32.2052 |
|        1 |        364 |           925.60 |       925.60 |       951.10 |                  5.00 |                    5.00 |    542 |    32.2441 |
|        1 |        365 |           925.60 |       925.60 |       952.60 |                  5.00 |                    5.00 |    542 |    32.2827 |
|        1 |        366 |           925.60 |       925.60 |       952.60 |                  5.00 |                    5.00 |    542 |    32.3179 |
|        1 |        367 |           925.60 |       925.60 |       952.60 |                  5.00 |                    5.00 |    542 |    32.3739 |
|        1 |        368 |           925.60 |       925.60 |       951.10 |                  5.00 |                    5.00 |    542 |    32.4452 |
|        1 |        369 |           925.60 |       925.60 |       951.10 |                  5.00 |                    5.00 |    542 |    32.4798 |
|        1 |        370 |           925.60 |       925.60 |       951.10 |                  5.00 |                    5.00 |    542 |    32.5206 |
|        1 |        371 |           925.60 |       925.60 |       936.20 |                  5.00 |                    5.00 |    543 |    32.5980 |
|        1 |        372 |           925.60 |       925.60 |       956.60 |                  5.00 |                    5.00 |    544 |    32.6575 |
|        1 |        373 |           925.60 |       925.60 |       952.40 |                  5.00 |                    5.00 |    546 |    32.7115 |
|        1 |        374 |           925.60 |       925.60 |       952.40 |                  5.00 |                    5.00 |    546 |    32.7592 |
|        1 |        375 |           925.60 |       925.60 |       942.50 |                  5.00 |                    5.00 |    548 |    32.8132 |
|        1 |        376 |           925.60 |       925.60 |       952.90 |                  5.00 |                    5.00 |    549 |    32.8690 |
|        1 |        377 |           925.60 |       925.60 |       955.40 |                  5.00 |                    5.00 |    551 |    32.9231 |
|        1 |        378 |           925.60 |       925.60 |       958.60 |                  5.00 |                    5.00 |    551 |    32.9832 |
|        1 |        379 |           925.60 |       925.60 |       955.70 |                  5.00 |                    5.00 |    551 |    33.0658 |
|        1 |        380 |           925.60 |       925.60 |       942.20 |                  5.00 |                    5.00 |    552 |    33.0986 |
|        1 |        381 |           925.60 |       925.60 |       956.80 |                  5.00 |                    5.00 |    554 |    33.1694 |
|        1 |        382 |           925.60 |       925.60 |       962.90 |                  5.00 |                    5.00 |    555 |    33.2352 |
|        1 |        383 |           925.60 |       925.60 |       962.90 |                  5.00 |                    5.00 |    555 |    33.2785 |
|        1 |        384 |           925.60 |       925.60 |       958.00 |                  5.00 |                    5.00 |    555 |    33.3506 |
|        1 |        385 |           925.60 |       925.60 |       958.00 |                  5.00 |                    5.00 |    555 |    33.4080 |
|        1 |        386 |           925.60 |       925.60 |       958.00 |                  5.00 |                    5.00 |    555 |    33.4586 |
|        1 |        387 |           925.60 |       925.60 |       955.40 |                  5.00 |                    5.00 |    555 |    33.5274 |
|        1 |        388 |           925.60 |       925.60 |       954.40 |                  5.00 |                    5.00 |    556 |    33.6190 |
|        1 |        389 |           925.60 |       925.60 |       954.40 |                  5.00 |                    5.00 |    556 |    33.6595 |
|        1 |        390 |           925.60 |       925.60 |       956.30 |                  5.00 |                    5.00 |    557 |    33.7356 |
|        1 |        391 |           925.60 |       925.60 |       956.30 |                  5.00 |                    5.00 |    557 |    33.7740 |
|        1 |        392 |           925.60 |       925.60 |       956.30 |                  5.00 |                    5.00 |    557 |    33.8227 |
|        1 |        393 |           925.60 |       925.60 |       958.10 |                  5.00 |                    5.00 |    559 |    33.8632 |
|        1 |        394 |           925.60 |       925.60 |       946.60 |                  5.00 |                    5.00 |    559 |    33.9052 |
|        1 |        395 |           925.60 |       925.60 |       943.40 |                  5.00 |                    5.00 |    561 |    33.9799 |
|        1 |        396 |           925.60 |       925.60 |       943.40 |                  5.00 |                    5.00 |    561 |    34.0255 |
|        1 |        397 |           925.60 |       925.60 |       938.40 |                  5.00 |                    5.00 |    561 |    34.1173 |
|        1 |        398 |           925.60 |       925.60 |       938.40 |                  5.00 |                    5.00 |    561 |    34.1646 |
|        1 |        399 |           925.60 |       925.60 |       948.90 |                  5.00 |                    5.00 |    562 |    34.2068 |
|        1 |        400 |           925.60 |       925.60 |       948.90 |                  5.00 |                    5.00 |    564 |    34.2624 |
|        1 |        401 |           925.60 |       925.60 |       948.60 |                  5.00 |                    5.00 |    564 |    34.3442 |
|        1 |        402 |           925.60 |       925.60 |       945.20 |                  5.00 |                    5.00 |    564 |    34.4328 |
|        1 |        403 |           925.60 |       925.60 |       929.60 |                  5.00 |                    5.00 |    566 |    34.5288 |
|        1 |        404 |           925.60 |       925.60 |       929.60 |                  5.00 |                    5.00 |    566 |    34.5828 |
|        1 |        405 |           925.60 |       925.60 |       929.30 |                  5.00 |                    5.00 |    567 |    34.6360 |
|        1 |        406 |           925.60 |       925.60 |       948.40 |                  5.00 |                    5.00 |    571 |    34.7142 |
|        1 |        407 |           925.60 |       925.60 |       948.40 |                  5.00 |                    5.00 |    573 |    34.8131 |
|        1 |        408 |           925.60 |       925.60 |       942.00 |                  5.00 |                    5.00 |    574 |    34.8801 |
|        1 |        409 |           925.60 |       925.60 |       942.00 |                  5.00 |                    5.00 |    574 |    34.9223 |
|        1 |        410 |           925.60 |       925.60 |       967.60 |                  5.00 |                    5.00 |    577 |    35.0165 |
|        1 |        411 |           925.60 |       925.60 |       967.60 |                  5.00 |                    5.00 |    577 |    35.0719 |
|        1 |        412 |           925.60 |       925.60 |       967.60 |                  5.00 |                    5.00 |    577 |    35.1139 |
|        1 |        413 |           925.60 |       925.60 |       972.00 |                  5.00 |                    5.00 |    578 |    35.1740 |
|        1 |        414 |           925.60 |       925.60 |       978.70 |                  5.00 |                    5.00 |    580 |    35.2186 |
|        1 |        415 |           925.60 |       925.60 |       978.70 |                  5.00 |                    5.00 |    580 |    35.2492 |
|        1 |        416 |           925.60 |       925.60 |       973.10 |                  5.00 |                    5.00 |    582 |    35.3096 |
|        1 |        417 |           925.60 |       925.60 |       968.50 |                  5.00 |                    5.00 |    583 |    35.3982 |
|        1 |        418 |           925.60 |       925.60 |       968.50 |                  5.00 |                    5.00 |    583 |    35.4417 |
|        1 |        419 |           925.60 |       925.60 |       968.50 |                  5.00 |                    5.00 |    583 |    35.4801 |
|        1 |        420 |           925.60 |       925.60 |       968.50 |                  5.00 |                    5.00 |    583 |    35.5316 |
|        1 |        421 |           925.60 |       925.60 |       967.30 |                  5.00 |                    5.00 |    585 |    35.5908 |
|        1 |        422 |           925.60 |       925.60 |       977.70 |                  5.00 |                    5.00 |    587 |    35.6761 |
|        1 |        423 |           925.60 |       925.60 |       971.60 |                  5.00 |                    5.00 |    588 |    35.7463 |
|        1 |        424 |           925.60 |       925.60 |       971.60 |                  5.00 |                    5.00 |    588 |    35.7922 |
|        1 |        425 |           925.60 |       925.60 |       971.30 |                  5.00 |                    5.00 |    588 |    35.8704 |
|        1 |        426 |           925.60 |       925.60 |       971.30 |                  5.00 |                    5.00 |    588 |    35.9307 |
|        1 |        427 |           925.60 |       925.60 |       971.30 |                  5.00 |                    5.00 |    588 |    35.9814 |
|        1 |        428 |           925.60 |       925.60 |       989.80 |                  5.00 |                    5.00 |    591 |    36.0380 |
|        1 |        429 |           925.60 |       925.60 |      1001.50 |                  5.00 |                    5.00 |    597 |    36.0847 |
|        1 |        430 |           925.60 |       925.60 |       975.80 |                  5.00 |                    5.00 |    602 |    36.2400 |
|        1 |        431 |           925.60 |       925.60 |       975.50 |                  5.00 |                    5.00 |    603 |    36.3197 |
|        1 |        432 |           925.60 |       925.60 |       966.30 |                  5.00 |                    5.00 |    607 |    36.4398 |
|        1 |        433 |           925.60 |       925.60 |       926.80 |                  5.00 |                    5.00 |    610 |    36.5769 |
|        1 |        434 |           925.60 |       925.60 |       926.80 |                  5.00 |                    5.00 |    610 |    36.6161 |
|        1 |        435 |           925.60 |       925.60 |       926.80 |                  5.00 |                    5.00 |    610 |    36.6776 |
|        1 |        436 |           925.60 |       925.60 |       926.80 |                  5.00 |                    5.00 |    610 |    36.7214 |
|        1 |          0 |           916.80 |       916.80 |       916.80 |                  5.00 |                    5.00 |    612 |    36.7821 |
|        1 |          1 |           916.80 |       916.80 |       952.10 |                  5.00 |                    5.00 |    614 |    36.8303 |
|        1 |          2 |           916.80 |       916.80 |       979.30 |                  5.00 |                    5.00 |    614 |    36.9181 |
|        1 |          3 |           916.80 |       916.80 |       979.30 |                  5.00 |                    5.00 |    614 |    36.9744 |
|        1 |          4 |           916.80 |       916.80 |       979.30 |                  5.00 |                    5.00 |    614 |    37.0115 |
|        1 |          5 |           916.80 |       916.80 |       970.30 |                  5.00 |                    5.00 |    615 |    37.1155 |
|        1 |          6 |           916.80 |       916.80 |       970.30 |                  5.00 |                    5.00 |    615 |    37.1857 |
|        1 |          7 |           916.80 |       916.80 |       973.70 |                  5.00 |                    5.00 |    615 |    37.2307 |
|        1 |          8 |           916.80 |       916.80 |       941.90 |                  5.00 |                    5.00 |    618 |    37.4180 |
|        1 |          9 |           916.80 |       916.80 |       966.80 |                  5.00 |                    5.00 |    621 |    37.5162 |
|        1 |         10 |           916.80 |       916.80 |       966.80 |                  5.00 |                    5.00 |    621 |    37.5519 |
|        1 |         11 |           916.80 |       916.80 |       966.80 |                  5.00 |                    5.00 |    621 |    37.5951 |
|        1 |         12 |           916.80 |       916.80 |       966.80 |                  5.00 |                    5.00 |    621 |    37.6481 |
|        1 |         13 |           916.80 |       916.80 |       942.90 |                  5.00 |                    5.00 |    621 |    37.6969 |
|        1 |         14 |           916.80 |       916.80 |       942.90 |                  5.00 |                    5.00 |    621 |    37.7533 |
|        1 |         15 |           916.80 |       916.80 |       942.90 |                  5.00 |                    5.00 |    621 |    37.8079 |
|        1 |         16 |           916.80 |       916.80 |       942.90 |                  5.00 |                    5.00 |    621 |    37.8538 |
|        1 |         17 |           916.80 |       916.80 |       942.90 |                  5.00 |                    5.00 |    621 |    37.9025 |
|        1 |         18 |           916.80 |       916.80 |       942.90 |                  5.00 |                    5.00 |    621 |    37.9583 |
|        1 |         19 |           916.80 |       916.80 |       942.90 |                  5.00 |                    5.00 |    621 |    37.9930 |
|        1 |         20 |           916.80 |       916.80 |       942.90 |                  5.00 |                    5.00 |    621 |    38.0416 |
|        1 |         21 |           916.80 |       916.80 |       928.90 |                  5.00 |                    5.00 |    623 |    38.0972 |
|        1 |         22 |           916.80 |       916.80 |       922.60 |                  5.00 |                    5.00 |    623 |    38.1457 |
|        1 |         23 |           916.80 |       916.80 |       924.90 |                  5.00 |                    5.00 |    623 |    38.2063 |
|        1 |         24 |           916.80 |       916.80 |       922.60 |                  5.00 |                    5.00 |    623 |    38.2451 |
|        1 |         25 |           916.80 |       916.80 |       922.60 |                  5.00 |                    5.00 |    623 |    38.3067 |
|        1 |          0 |           915.00 |       915.00 |       915.00 |                  5.00 |                    5.00 |    623 |    38.3613 |
|        1 |          1 |           915.00 |       915.00 |       915.00 |                  5.00 |                    5.00 |    623 |    38.4136 |
|        1 |          2 |           915.00 |       915.00 |       915.00 |                  5.00 |                    5.00 |    623 |    38.4778 |
|        1 |          3 |           915.00 |       915.00 |       920.00 |                  5.00 |                    5.00 |    625 |    38.5183 |
|        1 |          4 |           915.00 |       915.00 |       919.90 |                  5.00 |                    5.00 |    625 |    38.5584 |
|        1 |          5 |           915.00 |       915.00 |       924.70 |                  5.00 |                    5.00 |    626 |    38.6007 |
|        1 |          6 |           915.00 |       915.00 |       915.00 |                  5.00 |                    5.00 |    626 |    38.6746 |
|        1 |          7 |           915.00 |       915.00 |       929.10 |                  5.00 |                    5.00 |    626 |    38.7262 |
|        1 |          8 |           915.00 |       915.00 |       929.10 |                  5.00 |                    5.00 |    626 |    38.7876 |
|        1 |          9 |           915.00 |       915.00 |       929.10 |                  5.00 |                    5.00 |    626 |    38.8226 |
|        1 |         10 |           915.00 |       915.00 |       933.80 |                  5.00 |                    5.00 |    626 |    38.8684 |
|        1 |         11 |           915.00 |       915.00 |       933.80 |                  5.00 |                    5.00 |    626 |    38.9069 |
|        1 |         12 |           915.00 |       915.00 |       929.10 |                  5.00 |                    5.00 |    626 |    38.9708 |
|        1 |         13 |           915.00 |       915.00 |       934.20 |                  5.00 |                    5.00 |    629 |    39.0254 |
|        1 |         14 |           915.00 |       915.00 |       929.70 |                  5.00 |                    5.00 |    630 |    39.0695 |
|        1 |         15 |           915.00 |       915.00 |       929.70 |                  5.00 |                    5.00 |    630 |    39.1147 |
|        1 |         16 |           915.00 |       915.00 |       929.10 |                  5.00 |                    5.00 |    630 |    39.1707 |
|        1 |         17 |           915.00 |       915.00 |       929.10 |                  5.00 |                    5.00 |    630 |    39.2188 |
|        1 |         18 |           915.00 |       915.00 |       954.20 |                  5.00 |                    5.00 |    631 |    39.2753 |
|        1 |         19 |           915.00 |       915.00 |       954.20 |                  5.00 |                    5.00 |    631 |    39.3207 |
|        1 |         20 |           915.00 |       915.00 |       948.10 |                  5.00 |                    5.00 |    631 |    39.4073 |
|        1 |         21 |           915.00 |       915.00 |       948.10 |                  5.00 |                    5.00 |    631 |    39.4444 |
|        1 |         22 |           915.00 |       915.00 |       948.10 |                  5.00 |                    5.00 |    631 |    39.4760 |
|        1 |         23 |           915.00 |       915.00 |       948.10 |                  5.00 |                    5.00 |    631 |    39.5153 |
|        1 |         24 |           915.00 |       915.00 |       948.10 |                  5.00 |                    5.00 |    631 |    39.5553 |
|        1 |         25 |           915.00 |       915.00 |       948.10 |                  5.00 |                    5.00 |    631 |    39.6132 |
|        1 |         26 |           915.00 |       915.00 |       949.30 |                  5.00 |                    5.00 |    632 |    39.6953 |
|        1 |         27 |           915.00 |       915.00 |       949.30 |                  5.00 |                    5.00 |    632 |    39.7297 |
|        1 |         28 |           915.00 |       915.00 |       949.30 |                  5.00 |                    5.00 |    632 |    39.7763 |
|        1 |         29 |           915.00 |       915.00 |       949.30 |                  5.00 |                    5.00 |    632 |    39.8189 |
|        1 |         30 |           915.00 |       915.00 |       949.30 |                  5.00 |                    5.00 |    632 |    39.8622 |
|        1 |         31 |           915.00 |       915.00 |       949.30 |                  5.00 |                    5.00 |    632 |    39.8994 |
|        1 |         32 |           915.00 |       915.00 |       949.30 |                  5.00 |                    5.00 |    632 |    39.9360 |
|        1 |         33 |           915.00 |       915.00 |       948.10 |                  5.00 |                    5.00 |    632 |    39.9882 |
------------------------------------------------------------------------------------------------------------------------------------------------
|  Restart |  Iteration |  Best Feas. Cost |    Best Cost |   Curr. Cost |   Penalty Custom Res. |   Penalty Standard Res. |   Pool |   Time (s) |
------------------------------------------------------------------------------------------------------------------------------------------------
|        1 |         34 |           915.00 |       915.00 |       934.00 |                  5.00 |                    5.00 |    634 |    40.0707 |
|        1 |         35 |           915.00 |       915.00 |       948.50 |                  5.00 |                    5.00 |    637 |    40.1054 |
|        1 |         36 |           915.00 |       915.00 |       948.50 |                  5.00 |                    5.00 |    637 |    40.1693 |
|        1 |         37 |           915.00 |       915.00 |       943.00 |                  5.00 |                    5.00 |    639 |    40.2218 |
|        1 |         38 |           915.00 |       915.00 |       961.10 |                  5.00 |                    5.00 |    640 |    40.2628 |
|        1 |         39 |           915.00 |       915.00 |       961.10 |                  5.00 |                    5.00 |    640 |    40.3265 |
|        1 |         40 |           915.00 |       915.00 |       961.10 |                  5.00 |                    5.00 |    640 |    40.3794 |
|        1 |         41 |           915.00 |       915.00 |       958.00 |                  5.00 |                    5.00 |    640 |    40.4634 |
|        1 |         42 |           915.00 |       915.00 |       958.00 |                  5.00 |                    5.00 |    640 |    40.5164 |
|        1 |         43 |           915.00 |       915.00 |       961.10 |                  5.00 |                    5.00 |    642 |    40.5833 |
|        1 |         44 |           915.00 |       915.00 |       965.00 |                  5.00 |                    5.00 |    644 |    40.6169 |
|        1 |         45 |           915.00 |       915.00 |       965.00 |                  5.00 |                    5.00 |    644 |    40.6560 |
|        1 |         46 |           915.00 |       915.00 |       965.00 |                  5.00 |                    5.00 |    644 |    40.7151 |
|        1 |         47 |           915.00 |       915.00 |       944.90 |                  5.00 |                    5.00 |    649 |    40.7997 |
|        1 |         48 |           915.00 |       915.00 |       944.90 |                  5.00 |                    5.00 |    649 |    40.8409 |
|        1 |         49 |           915.00 |       915.00 |       945.30 |                  5.00 |                    5.00 |    651 |    40.8849 |
|        1 |         50 |           915.00 |       915.00 |       945.30 |                  5.00 |                    5.00 |    651 |    40.9246 |
|        1 |         51 |           915.00 |       915.00 |       928.80 |                  5.00 |                    5.00 |    651 |    40.9709 |
|        1 |         52 |           915.00 |       915.00 |       930.10 |                  5.00 |                    5.00 |    653 |    41.0448 |
|        1 |         53 |           915.00 |       915.00 |       928.80 |                  5.00 |                    5.00 |    655 |    41.1160 |
|        1 |         54 |           915.00 |       915.00 |       928.80 |                  5.00 |                    5.00 |    655 |    41.1653 |
|        1 |         55 |           915.00 |       915.00 |       928.50 |                  5.00 |                    5.00 |    655 |    41.2183 |
|        1 |         56 |           915.00 |       915.00 |       928.50 |                  5.00 |                    5.00 |    655 |    41.2928 |
|        1 |         57 |           915.00 |       915.00 |       928.50 |                  5.00 |                    5.00 |    655 |    41.3530 |
|        1 |         58 |           915.00 |       915.00 |       945.30 |                  5.00 |                    5.00 |    656 |    41.3948 |
|        1 |         59 |           915.00 |       915.00 |       928.50 |                  5.00 |                    5.00 |    656 |    41.4522 |
|        1 |         60 |           915.00 |       915.00 |       928.50 |                  5.00 |                    5.00 |    656 |    41.4959 |
|        1 |         61 |           915.00 |       915.00 |       948.40 |                  5.00 |                    5.00 |    659 |    41.6031 |
|        1 |         62 |           915.00 |       915.00 |       948.40 |                  5.00 |                    5.00 |    659 |    41.6365 |
|        1 |         63 |           915.00 |       915.00 |       948.20 |                  5.00 |                    5.00 |    661 |    41.6938 |
|        1 |         64 |           915.00 |       915.00 |       937.00 |                  5.00 |                    5.00 |    663 |    41.7495 |
|        1 |         65 |           915.00 |       915.00 |       937.00 |                  5.00 |                    5.00 |    663 |    41.8008 |
|        1 |         66 |           915.00 |       915.00 |       937.00 |                  5.00 |                    5.00 |    663 |    41.8575 |
|        1 |         67 |           915.00 |       915.00 |       942.30 |                  5.00 |                    5.00 |    663 |    41.9061 |
|        1 |         68 |           915.00 |       915.00 |       942.30 |                  5.00 |                    5.00 |    663 |    41.9650 |
|        1 |         69 |           915.00 |       915.00 |       941.80 |                  5.00 |                    5.00 |    666 |    42.0578 |
|        1 |         70 |           915.00 |       915.00 |       941.80 |                  5.00 |                    5.00 |    666 |    42.1210 |
|        1 |         71 |           915.00 |       915.00 |       941.80 |                  5.00 |                    5.00 |    666 |    42.1547 |
|        1 |         72 |           915.00 |       915.00 |       948.50 |                  5.00 |                    5.00 |    668 |    42.2253 |
|        1 |         73 |           915.00 |       915.00 |       941.80 |                  5.00 |                    5.00 |    669 |    42.3015 |
|        1 |         74 |           915.00 |       915.00 |       941.80 |                  5.00 |                    5.00 |    669 |    42.3760 |
|        1 |         75 |           915.00 |       915.00 |       941.20 |                  5.00 |                    5.00 |    670 |    42.4630 |
|        1 |         76 |           915.00 |       915.00 |       933.90 |                  5.00 |                    5.00 |    670 |    42.5370 |
|        1 |         77 |           915.00 |       915.00 |       933.60 |                  5.00 |                    5.00 |    670 |    42.6065 |
|        1 |         78 |           915.00 |       915.00 |       933.60 |                  5.00 |                    5.00 |    670 |    42.6740 |
|        1 |         79 |           915.00 |       915.00 |       933.60 |                  5.00 |                    5.00 |    670 |    42.7272 |
|        1 |         80 |           915.00 |       915.00 |       933.60 |                  5.00 |                    5.00 |    670 |    42.7694 |
|        1 |         81 |           915.00 |       915.00 |       933.60 |                  5.00 |                    5.00 |    670 |    42.8237 |
|        1 |         82 |           915.00 |       915.00 |       938.90 |                  5.00 |                    5.00 |    670 |    42.8880 |
|        1 |         83 |           915.00 |       915.00 |       963.50 |                  5.00 |                    5.00 |    672 |    42.9334 |
|        1 |         84 |           915.00 |       915.00 |       950.40 |                  5.00 |                    5.00 |    672 |    43.0008 |
|        1 |         85 |           915.00 |       915.00 |       933.60 |                  5.00 |                    5.00 |    672 |    43.0702 |
|        1 |         86 |           915.00 |       915.00 |       933.60 |                  5.00 |                    5.00 |    672 |    43.1355 |
|        1 |         87 |           915.00 |       915.00 |       933.60 |                  5.00 |                    5.00 |    672 |    43.1906 |
|        1 |         88 |           915.00 |       915.00 |       928.80 |                  5.00 |                    5.00 |    672 |    43.2493 |
|        1 |         89 |           915.00 |       915.00 |       928.80 |                  5.00 |                    5.00 |    672 |    43.2941 |
|        1 |         90 |           915.00 |       915.00 |       928.80 |                  5.00 |                    5.00 |    672 |    43.3579 |
|        1 |         91 |           915.00 |       915.00 |       928.80 |                  5.00 |                    5.00 |    672 |    43.4149 |
|        1 |         92 |           915.00 |       915.00 |       928.80 |                  5.00 |                    5.00 |    674 |    43.4613 |
|        1 |         93 |           915.00 |       915.00 |       923.10 |                  5.00 |                    5.00 |    677 |    43.5269 |
|        1 |         94 |           915.00 |       915.00 |       928.80 |                  5.00 |                    5.00 |    677 |    43.5728 |
|        1 |         95 |           915.00 |       915.00 |       929.10 |                  5.00 |                    5.00 |    677 |    43.6451 |
|        1 |         96 |           915.00 |       915.00 |       929.10 |                  5.00 |                    5.00 |    677 |    43.6813 |
|        1 |         97 |           915.00 |       915.00 |       929.10 |                  5.00 |                    5.00 |    677 |    43.7271 |
|        1 |         98 |           915.00 |       915.00 |       928.80 |                  5.00 |                    5.00 |    677 |    43.7957 |
|        1 |         99 |           915.00 |       915.00 |       929.10 |                  5.00 |                    5.00 |    677 |    43.8619 |
|        1 |        100 |           915.00 |       915.00 |       929.10 |                  5.00 |                    5.00 |    677 |    43.9349 |
|        1 |        101 |           915.00 |       915.00 |       930.10 |                  5.00 |                    5.00 |    679 |    43.9959 |
|        1 |        102 |           915.00 |       915.00 |       930.10 |                  5.00 |                    5.00 |    679 |    44.0521 |
|        1 |        103 |           915.00 |       915.00 |       934.80 |                  5.00 |                    5.00 |    682 |    44.1058 |
|        1 |        104 |           915.00 |       915.00 |       934.80 |                  5.00 |                    5.00 |    682 |    44.1675 |
|        1 |        105 |           915.00 |       915.00 |       923.70 |                  5.00 |                    5.00 |    682 |    44.2325 |
|        1 |        106 |           915.00 |       915.00 |       923.70 |                  5.00 |                    5.00 |    682 |    44.2835 |
|        1 |        107 |           915.00 |       915.00 |       934.20 |                  5.00 |                    5.00 |    683 |    44.3471 |
|        1 |        108 |           915.00 |       915.00 |       942.40 |                  5.00 |                    5.00 |    687 |    44.4108 |
|        1 |        109 |           915.00 |       915.00 |       923.70 |                  5.00 |                    5.00 |    687 |    44.4680 |
|        1 |        110 |           915.00 |       915.00 |       923.70 |                  5.00 |                    5.00 |    687 |    44.5310 |
|        1 |        111 |           915.00 |       915.00 |       923.50 |                  5.00 |                    5.00 |    687 |    44.5788 |
|        1 |        112 |           915.00 |       915.00 |       937.60 |                  5.00 |                    5.00 |    687 |    44.6264 |
|        1 |        113 |           915.00 |       915.00 |       928.30 |                  5.00 |                    5.00 |    689 |    44.7511 |
|        1 |        114 |           915.00 |       915.00 |       918.00 |                  5.00 |                    5.00 |    689 |    44.7989 |
|        1 |        115 |           915.00 |       915.00 |       918.00 |                  5.00 |                    5.00 |    689 |    44.8424 |
|        1 |        116 |           915.00 |       915.00 |       918.00 |                  5.00 |                    5.00 |    689 |    44.8968 |
|        1 |        117 |           915.00 |       915.00 |       918.00 |                  5.00 |                    5.00 |    689 |    44.9570 |
|        1 |        118 |           915.00 |       915.00 |       918.00 |                  5.00 |                    5.00 |    689 |    45.0260 |
|        1 |        119 |           915.00 |       915.00 |       918.00 |                  5.00 |                    5.00 |    689 |    45.0561 |
|        1 |        120 |           915.00 |       915.00 |       937.00 |                  5.00 |                    5.00 |    689 |    45.1076 |
|        1 |        121 |           915.00 |       915.00 |       937.00 |                  5.00 |                    5.00 |    689 |    45.1426 |
|        1 |        122 |           915.00 |       915.00 |       937.00 |                  5.00 |                    5.00 |    689 |    45.2013 |
|        1 |        123 |           915.00 |       915.00 |       937.00 |                  5.00 |                    5.00 |    689 |    45.2363 |
|        1 |        124 |           915.00 |       915.00 |       967.50 |                  5.00 |                    5.00 |    689 |    45.2893 |
|        1 |        125 |           915.00 |       915.00 |       967.50 |                  5.00 |                    5.00 |    689 |    45.3368 |
|        1 |        126 |           915.00 |       915.00 |       962.60 |                  5.00 |                    5.00 |    689 |    45.3869 |
|        1 |        127 |           915.00 |       915.00 |       962.40 |                  5.00 |                    5.00 |    689 |    45.4443 |
|        1 |        128 |           915.00 |       915.00 |       962.40 |                  5.00 |                    5.00 |    689 |    45.4889 |
|        1 |        129 |           915.00 |       915.00 |       951.40 |                  5.00 |                    5.00 |    691 |    45.5606 |
|        1 |        130 |           915.00 |       915.00 |       951.40 |                  5.00 |                    5.00 |    691 |    45.6172 |
|        1 |        131 |           915.00 |       915.00 |       951.40 |                  5.00 |                    5.00 |    691 |    45.6630 |
|        1 |        132 |           915.00 |       915.00 |       967.60 |                  5.00 |                    5.00 |    692 |    45.7637 |
|        1 |        133 |           915.00 |       915.00 |       963.80 |                  5.00 |                    5.00 |    692 |    45.8037 |
|        1 |        134 |           915.00 |       915.00 |       968.80 |                  5.00 |                    5.00 |    693 |    45.8607 |
|        1 |        135 |           915.00 |       915.00 |       965.80 |                  5.00 |                    5.00 |    693 |    45.9545 |
|        1 |        136 |           915.00 |       915.00 |       959.50 |                  5.00 |                    5.00 |    693 |    46.0080 |
|        1 |        137 |           915.00 |       915.00 |       959.50 |                  5.00 |                    5.00 |    693 |    46.0538 |
|        1 |        138 |           915.00 |       915.00 |       959.50 |                  5.00 |                    5.00 |    693 |    46.1107 |
|        1 |        139 |           915.00 |       915.00 |       959.50 |                  5.00 |                    5.26 |    693 |    46.1558 |
|        1 |        140 |           915.00 |       915.00 |       959.50 |                  5.00 |                    5.00 |    693 |    46.1974 |
|        1 |        141 |           915.00 |       915.00 |       956.30 |                  5.00 |                    5.00 |    693 |    46.2763 |
|        1 |        142 |           915.00 |       915.00 |       956.30 |                  5.00 |                    5.00 |    693 |    46.3256 |
|        1 |        143 |           915.00 |       915.00 |       957.40 |                  5.00 |                    5.00 |    693 |    46.3711 |
|        1 |        144 |           915.00 |       915.00 |       957.40 |                  5.00 |                    5.00 |    693 |    46.4085 |
|        1 |        145 |           915.00 |       915.00 |       960.40 |                  5.00 |                    5.00 |    693 |    46.4668 |
|        1 |        146 |           915.00 |       915.00 |       960.40 |                  5.00 |                    5.00 |    693 |    46.5170 |
|        1 |        147 |           915.00 |       915.00 |       958.60 |                  5.00 |                    5.00 |    693 |    46.5952 |
|        1 |        148 |           915.00 |       915.00 |       958.60 |                  5.00 |                    5.00 |    693 |    46.6429 |
|        1 |        149 |           915.00 |       915.00 |       956.30 |                  5.00 |                    5.00 |    693 |    46.7221 |
|        1 |        150 |           915.00 |       915.00 |       956.30 |                  5.00 |                    5.00 |    693 |    46.7709 |
|        1 |        151 |           915.00 |       915.00 |       956.30 |                  5.00 |                    5.00 |    693 |    46.8133 |
|        1 |        152 |           915.00 |       915.00 |       967.20 |                  5.00 |                    5.00 |    695 |    46.8523 |
|        1 |        153 |           915.00 |       915.00 |       967.20 |                  5.00 |                    5.00 |    695 |    46.8945 |
|        1 |        154 |           915.00 |       915.00 |       967.20 |                  5.00 |                    5.00 |    695 |    46.9635 |
|        1 |        155 |           915.00 |       915.00 |       967.20 |                  5.00 |                    5.00 |    695 |    47.0276 |
|        1 |        156 |           915.00 |       915.00 |       967.20 |                  5.00 |                    5.00 |    695 |    47.0656 |
|        1 |        157 |           915.00 |       915.00 |       967.20 |                  5.00 |                    5.00 |    695 |    47.1102 |
|        1 |        158 |           915.00 |       915.00 |       967.20 |                  5.00 |                    5.00 |    695 |    47.1475 |
|        1 |        159 |           915.00 |       915.00 |       956.50 |                  5.00 |                    5.00 |    699 |    47.2200 |
|        1 |        160 |           915.00 |       915.00 |       956.60 |                  5.00 |                    5.00 |    702 |    47.2661 |
|        1 |        161 |           915.00 |       915.00 |       956.60 |                  5.00 |                    5.00 |    702 |    47.3248 |
|        1 |        162 |           915.00 |       915.00 |       940.60 |                  5.00 |                    5.00 |    704 |    47.3887 |
|        1 |        163 |           915.00 |       915.00 |       940.60 |                  5.00 |                    5.00 |    704 |    47.4333 |
|        1 |        164 |           915.00 |       915.00 |       951.50 |                  5.00 |                    5.00 |    708 |    47.4969 |
|        1 |        165 |           915.00 |       915.00 |       951.50 |                  5.00 |                    5.00 |    708 |    47.5442 |
|        1 |        166 |           915.00 |       915.00 |       966.90 |                  5.00 |                    5.00 |    713 |    47.5932 |
|        1 |        167 |           915.00 |       915.00 |       964.70 |                  5.00 |                    5.00 |    717 |    47.6527 |
|        1 |        168 |           915.00 |       915.00 |       961.40 |                  5.00 |                    5.00 |    719 |    47.7387 |
|        1 |        169 |           915.00 |       915.00 |       985.30 |                  5.00 |                    5.00 |    720 |    47.7946 |
|        1 |        170 |           915.00 |       915.00 |       985.30 |                  5.00 |                    5.00 |    720 |    47.8275 |
|        1 |        171 |           915.00 |       915.00 |       985.30 |                  5.00 |                    5.00 |    720 |    47.8784 |
|        1 |        172 |           915.00 |       915.00 |      1000.60 |                  5.00 |                    5.00 |    724 |    47.9420 |
|        1 |        173 |           915.00 |       915.00 |      1000.60 |                  5.00 |                    5.00 |    724 |    47.9851 |
|        1 |        174 |           915.00 |       915.00 |      1000.60 |                  5.00 |                    5.00 |    724 |    48.0325 |
|        1 |        175 |           915.00 |       915.00 |       984.80 |                  5.00 |                    5.00 |    728 |    48.0769 |
|        1 |        176 |           915.00 |       915.00 |       983.10 |                  5.00 |                    5.00 |    731 |    48.1398 |
|        1 |        177 |           915.00 |       915.00 |       983.10 |                  5.00 |                    5.00 |    731 |    48.1797 |
|        1 |        178 |           915.00 |       915.00 |       971.60 |                  5.00 |                    5.00 |    737 |    48.2824 |
|        1 |        179 |           915.00 |       915.00 |       969.70 |                  5.00 |                    5.00 |    737 |    48.3512 |
|        1 |        180 |           915.00 |       915.00 |       967.10 |                  5.00 |                    5.00 |    738 |    48.3920 |
|        1 |        181 |           915.00 |       915.00 |       967.10 |                  5.00 |                    5.00 |    738 |    48.4390 |
|        1 |        182 |           915.00 |       915.00 |       967.70 |                  5.00 |                    5.00 |    740 |    48.4858 |
|        1 |        183 |           915.00 |       915.00 |       975.40 |                  5.00 |                    5.00 |    744 |    48.5318 |
|        1 |        184 |           915.00 |       915.00 |       975.40 |                  5.00 |                    5.00 |    744 |    48.5853 |
|        1 |        185 |           915.00 |       915.00 |       975.20 |                  5.00 |                    5.00 |    746 |    48.6279 |
|        1 |        186 |           915.00 |       915.00 |       975.20 |                  5.00 |                    5.00 |    746 |    48.6795 |
|        1 |        187 |           915.00 |       915.00 |       966.80 |                  5.00 |                    5.00 |    748 |    48.7584 |
|        1 |        188 |           915.00 |       915.00 |       982.80 |                  5.00 |                    5.00 |    749 |    48.8039 |
|        1 |        189 |           915.00 |       915.00 |       983.00 |                  5.00 |                    5.00 |    753 |    48.8593 |
|        1 |        190 |           915.00 |       915.00 |       987.10 |                  5.00 |                    5.00 |    758 |    48.9719 |
|        1 |        191 |           915.00 |       915.00 |       971.70 |                  5.00 |                    5.00 |    762 |    49.0210 |
|        1 |        192 |           915.00 |       915.00 |       971.70 |                  5.00 |                    5.00 |    762 |    49.0668 |
|        1 |        193 |           915.00 |       915.00 |       971.30 |                  5.00 |                    5.00 |    763 |    49.1218 |
|        1 |        194 |           915.00 |       915.00 |       963.70 |                  5.00 |                    5.00 |    766 |    49.1869 |
|        1 |        195 |           915.00 |       915.00 |       968.30 |                  5.00 |                    8.14 |    767 |    49.2306 |
|        1 |        196 |           915.00 |       915.00 |       963.70 |                  5.00 |                    5.00 |    767 |    49.2847 |
|        1 |        197 |           915.00 |       915.00 |       980.20 |                  5.00 |                    5.00 |    770 |    49.3336 |
|        1 |        198 |           915.00 |       915.00 |       980.20 |                  5.00 |                    5.00 |    770 |    49.3920 |
|        1 |        199 |           915.00 |       915.00 |       977.60 |                  5.00 |                    5.00 |    770 |    49.4562 |
|        1 |        200 |           915.00 |       915.00 |       967.40 |                  5.00 |                    5.00 |    770 |    49.4997 |
|        1 |        201 |           915.00 |       915.00 |       967.40 |                  5.00 |                    5.00 |    770 |    49.5374 |
|        1 |        202 |           915.00 |       915.00 |       969.40 |                  5.00 |                    5.00 |    772 |    49.5931 |
|        1 |        203 |           915.00 |       915.00 |      1003.80 |                  5.00 |                    5.00 |    774 |    49.6315 |
|        1 |        204 |           915.00 |       915.00 |       967.30 |                  5.00 |                    5.00 |    778 |    49.7410 |
|        1 |        205 |           915.00 |       915.00 |       967.30 |                  5.00 |                    5.00 |    778 |    49.8139 |
|        1 |        206 |           915.00 |       915.00 |       964.50 |                  5.00 |                    5.00 |    782 |    49.9044 |
|        1 |        207 |           915.00 |       915.00 |       965.30 |                  5.00 |                    5.00 |    783 |    49.9712 |
|        1 |        208 |           915.00 |       915.00 |       971.80 |                  5.00 |                    5.00 |    789 |    50.0435 |
|        1 |        209 |           915.00 |       915.00 |       965.40 |                  5.00 |                    5.00 |    792 |    50.1067 |
|        1 |        210 |           915.00 |       915.00 |       947.50 |                  5.00 |                    5.00 |    795 |    50.2516 |
|        1 |        211 |           915.00 |       915.00 |       945.40 |                  5.00 |                    5.00 |    796 |    50.3173 |
|        1 |        212 |           915.00 |       915.00 |       945.40 |                  5.00 |                    5.00 |    796 |    50.3548 |
|        1 |        213 |           915.00 |       915.00 |       960.00 |                  5.00 |                    5.00 |    799 |    50.4536 |
|        1 |        214 |           915.00 |       915.00 |       963.10 |                  5.00 |                    5.00 |    800 |    50.5169 |
|        1 |        215 |           915.00 |       915.00 |       962.30 |                  5.00 |                    5.00 |    802 |    50.5658 |
|        1 |        216 |           915.00 |       915.00 |       962.30 |                  5.00 |                    5.00 |    802 |    50.6128 |
|        1 |        217 |           915.00 |       915.00 |       962.30 |                  5.00 |                    5.00 |    802 |    50.6497 |
|        1 |        218 |           915.00 |       915.00 |       962.30 |                  5.00 |                    5.00 |    802 |    50.7004 |
|        1 |        219 |           915.00 |       915.00 |       954.80 |                  5.00 |                    5.00 |    805 |    50.7642 |
|        1 |        220 |           915.00 |       915.00 |       954.80 |                  5.00 |                    5.00 |    805 |    50.7975 |
|        1 |        221 |           915.00 |       915.00 |       959.30 |                  5.00 |                    5.00 |    806 |    50.8506 |
|        1 |        222 |           915.00 |       915.00 |       951.30 |                  5.00 |                    5.00 |    808 |    50.9633 |
|        1 |        223 |           915.00 |       915.00 |       951.30 |                  5.00 |                    5.00 |    808 |    51.0279 |
|        1 |        224 |           915.00 |       915.00 |       951.30 |                  5.00 |                    5.00 |    808 |    51.1084 |
|        1 |        225 |           915.00 |       915.00 |       946.10 |                  5.00 |                    5.00 |    812 |    51.1876 |
|        1 |        226 |           915.00 |       915.00 |       946.10 |                  5.00 |                    5.00 |    812 |    51.2316 |
|        1 |        227 |           915.00 |       915.00 |       940.50 |                  5.00 |                    5.00 |    814 |    51.2921 |
|        1 |        228 |           915.00 |       915.00 |       946.50 |                  5.00 |                    5.00 |    816 |    51.3335 |
|        1 |        229 |           915.00 |       915.00 |       947.50 |                  5.00 |                    5.00 |    818 |    51.4069 |
|        1 |        230 |           915.00 |       915.00 |       947.50 |                  5.00 |                    5.00 |    818 |    51.4627 |
|        1 |        231 |           915.00 |       915.00 |       947.50 |                  5.00 |                    5.00 |    818 |    51.4983 |
|        1 |        232 |           915.00 |       915.00 |       947.50 |                  5.00 |                    5.00 |    818 |    51.5457 |
|        1 |        233 |           915.00 |       915.00 |       947.50 |                  5.00 |                    5.00 |    818 |    51.5873 |
|        1 |        234 |           915.00 |       915.00 |       947.30 |                  5.00 |                    5.00 |    819 |    51.6867 |
|        1 |        235 |           915.00 |       915.00 |       959.20 |                  5.00 |                    5.00 |    820 |    51.7623 |
|        1 |        236 |           915.00 |       915.00 |       959.20 |                  5.00 |                    5.00 |    820 |    51.8024 |
|        1 |        237 |           915.00 |       915.00 |       959.20 |                  5.00 |                    5.00 |    820 |    51.8593 |
|        1 |        238 |           915.00 |       915.00 |       959.20 |                  5.00 |                    5.00 |    820 |    51.9015 |
|        1 |        239 |           915.00 |       915.00 |       956.20 |                  5.00 |                    5.00 |    822 |    51.9634 |
|        1 |        240 |           915.00 |       915.00 |       956.20 |                  5.00 |                    5.00 |    822 |    52.0142 |
|        1 |        241 |           915.00 |       915.00 |       972.50 |                  5.00 |                    5.00 |    825 |    52.0902 |
|        1 |        242 |           915.00 |       915.00 |       968.10 |                  5.00 |                    5.00 |    827 |    52.1766 |
|        1 |        243 |           915.00 |       915.00 |       964.70 |                  5.00 |                    5.00 |    827 |    52.2383 |
|        1 |        244 |           915.00 |       915.00 |       946.60 |                  5.00 |                    5.00 |    828 |    52.2901 |
|        1 |        245 |           915.00 |       915.00 |       939.80 |                  5.00 |                    5.00 |    831 |    52.4281 |
|        1 |        246 |           915.00 |       915.00 |       939.40 |                  5.00 |                    5.00 |    833 |    52.4798 |
|        1 |        247 |           915.00 |       915.00 |       939.40 |                  5.00 |                    5.00 |    833 |    52.5247 |
|        1 |        248 |           915.00 |       915.00 |       941.90 |                  5.00 |                    5.00 |    835 |    52.6425 |
|        1 |        249 |           915.00 |       915.00 |       941.90 |                  5.00 |                    5.00 |    835 |    52.6996 |
|        1 |        250 |           915.00 |       915.00 |       942.20 |                  5.00 |                    5.00 |    837 |    52.7391 |
|        1 |        251 |           915.00 |       915.00 |       942.80 |                  5.00 |                    5.00 |    839 |    52.7874 |
|        1 |        252 |           915.00 |       915.00 |       940.10 |                  5.00 |                    5.00 |    842 |    52.8586 |
|        1 |        253 |           915.00 |       915.00 |       940.10 |                  5.00 |                    5.00 |    842 |    52.9239 |
|        1 |        254 |           915.00 |       915.00 |       934.60 |                  5.00 |                    5.00 |    842 |    52.9901 |
|        1 |        255 |           915.00 |       915.00 |       934.60 |                  5.00 |                    5.00 |    842 |    53.0403 |
|        1 |        256 |           915.00 |       915.00 |       955.60 |                  5.00 |                    5.00 |    842 |    53.0819 |
|        1 |        257 |           915.00 |       915.00 |       955.60 |                  5.00 |                    5.00 |    842 |    53.1272 |
|        1 |        258 |           915.00 |       915.00 |       955.60 |                  5.00 |                    5.00 |    842 |    53.1815 |
|        1 |        259 |           915.00 |       915.00 |       934.60 |                  5.00 |                    5.00 |    842 |    53.2390 |
|        1 |        260 |           915.00 |       915.00 |       934.60 |                  5.00 |                    5.00 |    842 |    53.3043 |
|        1 |        261 |           915.00 |       915.00 |       940.90 |                  5.00 |                    5.00 |    843 |    53.3762 |
|        1 |        262 |           915.00 |       915.00 |       940.90 |                  5.00 |                    5.00 |    843 |    53.4793 |
|        1 |        263 |           915.00 |       915.00 |       940.90 |                  5.00 |                    5.00 |    843 |    53.5130 |
|        1 |        264 |           915.00 |       915.00 |       940.20 |                  5.00 |                    5.00 |    846 |    53.5648 |
|        1 |        265 |           915.00 |       915.00 |       940.20 |                  5.00 |                    5.00 |    846 |    53.5983 |
|        1 |        266 |           915.00 |       915.00 |       941.90 |                  5.00 |                    5.00 |    848 |    53.6397 |
|        1 |        267 |           915.00 |       915.00 |       940.20 |                  5.00 |                    5.00 |    848 |    53.6823 |
|        1 |        268 |           915.00 |       915.00 |       940.20 |                  5.00 |                    5.00 |    848 |    53.7328 |
|        1 |        269 |           915.00 |       915.00 |       927.00 |                  5.00 |                    5.00 |    851 |    53.7869 |
|        1 |        270 |           915.00 |       915.00 |       927.00 |                  5.00 |                    5.00 |    851 |    53.8251 |
|        1 |        271 |           915.00 |       915.00 |       927.00 |                  5.00 |                    5.00 |    851 |    53.8871 |
|        1 |        272 |           915.00 |       915.00 |       944.40 |                  5.00 |                    5.00 |    854 |    53.9899 |
|        1 |        273 |           915.00 |       915.00 |       927.80 |                  5.00 |                    5.00 |    856 |    54.0599 |
|        1 |        274 |           915.00 |       915.00 |       927.80 |                  5.00 |                    5.00 |    856 |    54.0989 |
|        1 |        275 |           915.00 |       915.00 |       927.80 |                  5.00 |                    5.00 |    856 |    54.1380 |
|        1 |        276 |           915.00 |       915.00 |       927.80 |                  5.00 |                    5.00 |    856 |    54.1839 |
|        1 |        277 |           915.00 |       915.00 |       927.80 |                  5.00 |                    5.00 |    856 |    54.2279 |
|        1 |        278 |           915.00 |       915.00 |       927.80 |                  5.00 |                    5.00 |    856 |    54.2736 |
|        1 |        279 |           915.00 |       915.00 |       927.80 |                  5.00 |                    5.00 |    856 |    54.3097 |
|        1 |        280 |           915.00 |       915.00 |       927.80 |                  5.00 |                    5.00 |    856 |    54.3685 |
|        1 |        281 |           915.00 |       915.00 |       929.10 |                  5.00 |                    5.00 |    857 |    54.4304 |
|        1 |        282 |           915.00 |       915.00 |       929.10 |                  5.00 |                    5.00 |    857 |    54.4797 |
|        1 |        283 |           915.00 |       915.00 |       929.10 |                  5.00 |                    5.00 |    857 |    54.5371 |
|        1 |        284 |           915.00 |       915.00 |       929.10 |                  5.00 |                    5.00 |    857 |    54.6025 |
|        1 |        285 |           915.00 |       915.00 |       922.80 |                  5.00 |                    5.00 |    858 |    54.6660 |
|        1 |        286 |           915.00 |       915.00 |       922.50 |                  5.00 |                    5.00 |    858 |    54.7236 |
|        1 |        287 |           915.00 |       915.00 |       922.50 |                  5.00 |                    5.00 |    858 |    54.7608 |
|        1 |        288 |           915.00 |       915.00 |       926.70 |                  5.00 |                    5.00 |    860 |    54.8161 |
|        1 |        289 |           915.00 |       915.00 |       932.00 |                  5.00 |                    5.00 |    860 |    54.8697 |
|        1 |        290 |           915.00 |       915.00 |       931.80 |                  5.00 |                    5.00 |    861 |    54.9353 |
|        1 |        291 |           915.00 |       915.00 |       931.80 |                  5.00 |                    5.00 |    862 |    54.9937 |
|        1 |        292 |           915.00 |       915.00 |       959.10 |                  5.00 |                    5.00 |    866 |    55.0480 |
|        1 |        293 |           915.00 |       915.00 |       956.60 |                  5.00 |                    5.00 |    866 |    55.0985 |
|        1 |        294 |           915.00 |       915.00 |       948.20 |                  5.00 |                    5.00 |    866 |    55.2001 |
|        1 |        295 |           915.00 |       915.00 |       964.70 |                  5.00 |                    5.00 |    866 |    55.2524 |
|        1 |        296 |           915.00 |       915.00 |       956.70 |                  5.00 |                    5.00 |    868 |    55.3789 |
|        1 |        297 |           915.00 |       915.00 |       956.70 |                  5.00 |                    5.00 |    868 |    55.4194 |
|        1 |        298 |           915.00 |       915.00 |       951.90 |                  5.00 |                    5.00 |    870 |    55.4733 |
|        1 |        299 |           915.00 |       915.00 |       951.90 |                  5.00 |                    5.00 |    870 |    55.5205 |
|        1 |        300 |           915.00 |       915.00 |       945.30 |                  5.00 |                    5.00 |    873 |    55.6010 |
|        1 |        301 |           915.00 |       915.00 |       944.20 |                  5.00 |                    5.00 |    874 |    55.6498 |
|        1 |        302 |           915.00 |       915.00 |       944.20 |                  5.00 |                    5.00 |    874 |    55.7041 |
|        1 |        303 |           915.00 |       915.00 |       943.90 |                  5.00 |                    5.00 |    874 |    55.7658 |
|        1 |        304 |           915.00 |       915.00 |       947.30 |                  5.00 |                    5.00 |    876 |    55.8189 |
|        1 |        305 |           915.00 |       915.00 |       938.50 |                  5.00 |                    5.00 |    878 |    55.8566 |
|        1 |        306 |           915.00 |       915.00 |       940.70 |                  5.00 |                    5.00 |    878 |    55.9078 |
|        1 |        307 |           915.00 |       915.00 |       940.70 |                  5.00 |                    5.00 |    878 |    55.9492 |
|        1 |        308 |           915.00 |       915.00 |       935.30 |                  5.00 |                    5.00 |    880 |    56.0500 |
|        1 |        309 |           915.00 |       915.00 |       944.80 |                  5.00 |                    5.00 |    882 |    56.1114 |
|        1 |        310 |           915.00 |       915.00 |       944.80 |                  5.00 |                    5.00 |    882 |    56.1395 |
|        1 |        311 |           915.00 |       915.00 |       966.80 |                  5.00 |                    5.00 |    885 |    56.1926 |
|        1 |        312 |           915.00 |       915.00 |       963.40 |                  5.00 |                    5.00 |    885 |    56.2497 |
|        1 |        313 |           915.00 |       915.00 |       963.40 |                  5.00 |                    5.00 |    885 |    56.3098 |
|        1 |        314 |           915.00 |       915.00 |       966.80 |                  5.00 |                    5.00 |    886 |    56.3509 |
|        1 |        315 |           915.00 |       915.00 |       942.20 |                  5.00 |                    5.00 |    887 |    56.4536 |
|        1 |        316 |           915.00 |       915.00 |       942.20 |                  5.00 |                    5.00 |    887 |    56.5064 |
|        1 |        317 |           915.00 |       915.00 |       942.20 |                  5.00 |                    5.00 |    887 |    56.5661 |
|        1 |        318 |           915.00 |       915.00 |       942.20 |                  5.00 |                    5.00 |    887 |    56.6199 |
|        1 |        319 |           915.00 |       915.00 |       942.20 |                  5.00 |                    5.00 |    887 |    56.6714 |
|        1 |        320 |           915.00 |       915.00 |       942.20 |                  5.00 |                    5.00 |    887 |    56.7247 |
|        1 |        321 |           915.00 |       915.00 |       942.20 |                  5.00 |                    5.00 |    887 |    56.7564 |
|        1 |        322 |           915.00 |       915.00 |       942.20 |                  5.00 |                    5.00 |    887 |    56.8148 |
|        1 |        323 |           915.00 |       915.00 |       942.20 |                  5.00 |                    5.00 |    887 |    56.8595 |
|        1 |        324 |           915.00 |       915.00 |       959.00 |                  5.00 |                    5.00 |    887 |    56.9162 |
|        1 |        325 |           915.00 |       915.00 |       991.10 |                  5.00 |                    5.00 |    890 |    56.9877 |
|        1 |        326 |           915.00 |       915.00 |       991.10 |                  5.00 |                    5.00 |    890 |    57.0498 |
|        1 |        327 |           915.00 |       915.00 |       991.10 |                  5.00 |                    5.00 |    890 |    57.0911 |
|        1 |        328 |           915.00 |       915.00 |      1002.50 |                  5.00 |                    5.00 |    895 |    57.1410 |
|        1 |        329 |           915.00 |       915.00 |       970.70 |                  5.00 |                    5.00 |    898 |    57.2200 |
|        1 |        330 |           915.00 |       915.00 |       970.70 |                  5.00 |                    5.00 |    898 |    57.2782 |
|        1 |        331 |           915.00 |       915.00 |       970.60 |                  5.00 |                    5.00 |    900 |    57.3241 |
|        1 |        332 |           915.00 |       915.00 |       969.60 |                  5.00 |                    5.00 |    900 |    57.4417 |
|        1 |        333 |           915.00 |       915.00 |       958.90 |                  5.00 |                    5.00 |    901 |    57.4923 |
|        1 |        334 |           915.00 |       915.00 |       958.60 |                  5.00 |                    5.00 |    901 |    57.5963 |
|        1 |        335 |           915.00 |       915.00 |       958.40 |                  5.00 |                    5.00 |    903 |    57.7505 |
|        1 |        336 |           915.00 |       915.00 |       956.00 |                  5.00 |                    5.00 |    903 |    57.8034 |
|        1 |        337 |           915.00 |       915.00 |       956.00 |                  5.00 |                    5.00 |    903 |    57.8609 |
|        1 |        338 |           915.00 |       915.00 |       951.60 |                  5.00 |                    5.00 |    903 |    57.9320 |
|        1 |        339 |           915.00 |       915.00 |       952.50 |                  5.00 |                    5.00 |    904 |    58.0147 |
|        1 |        340 |           915.00 |       915.00 |       952.50 |                  5.00 |                    5.00 |    904 |    58.0686 |
|        1 |        341 |           915.00 |       915.00 |       952.50 |                  5.00 |                    5.00 |    904 |    58.1294 |
|        1 |        342 |           915.00 |       915.00 |       956.00 |                  5.00 |                    5.00 |    904 |    58.1864 |
|        1 |        343 |           915.00 |       915.00 |       976.20 |                  5.00 |                    5.00 |    906 |    58.2361 |
|        1 |        344 |           915.00 |       915.00 |       951.80 |                  5.00 |                    5.00 |    908 |    58.3362 |
|        1 |        345 |           915.00 |       915.00 |       951.80 |                  5.00 |                    5.00 |    908 |    58.3824 |
|        1 |        346 |           915.00 |       915.00 |       951.80 |                  5.00 |                    5.00 |    908 |    58.4407 |
|        1 |        347 |           915.00 |       915.00 |       951.80 |                  5.00 |                    5.00 |    908 |    58.4856 |
|        1 |        348 |           915.00 |       915.00 |       956.60 |                  5.00 |                    5.00 |    909 |    58.5517 |
|        1 |        349 |           915.00 |       915.00 |       978.40 |                  5.00 |                    5.00 |    910 |    58.6089 |
|        1 |        350 |           915.00 |       915.00 |       972.30 |                  5.00 |                    5.00 |    912 |    58.7272 |
|        1 |        351 |           915.00 |       915.00 |       972.30 |                  5.00 |                    5.00 |    912 |    58.7806 |
|        1 |        352 |           915.00 |       915.00 |       973.70 |                  5.00 |                    5.00 |    914 |    58.8522 |
|        1 |        353 |           915.00 |       915.00 |       972.50 |                  5.00 |                    5.00 |    917 |    58.9118 |
|        1 |        354 |           915.00 |       915.00 |       978.90 |                  5.00 |                    5.00 |    921 |    59.0266 |
|        1 |        355 |           915.00 |       915.00 |       974.70 |                  5.00 |                    5.00 |    921 |    59.1261 |
|        1 |        356 |           915.00 |       915.00 |       975.60 |                  5.00 |                    5.00 |    921 |    59.1684 |
|        1 |        357 |           915.00 |       915.00 |       959.67 |                  5.00 |                    5.00 |    921 |    59.2364 |
|        1 |        358 |           915.00 |       915.00 |       989.74 |                  5.00 |                    5.00 |    921 |    59.2870 |
|        1 |        359 |           915.00 |       915.00 |       966.50 |                  5.00 |                    6.10 |    924 |    59.3697 |
|        1 |        360 |           915.00 |       915.00 |       966.50 |                  5.00 |                    5.00 |    924 |    59.4332 |
|        1 |        361 |           915.00 |       915.00 |       983.80 |                  5.00 |                    5.86 |    927 |    59.4896 |
|        1 |        362 |           915.00 |       915.00 |       983.80 |                  5.00 |                    5.00 |    927 |    59.5505 |
|        1 |        363 |           915.00 |       915.00 |       962.20 |                  5.00 |                    5.00 |    928 |    59.6090 |
|        1 |        364 |           915.00 |       915.00 |       962.20 |                  5.00 |                    5.00 |    928 |    59.6493 |
|        1 |        365 |           915.00 |       915.00 |       962.20 |                  5.00 |                    5.00 |    928 |    59.6956 |
|        1 |        366 |           915.00 |       915.00 |       961.94 |                  5.00 |                    5.00 |    928 |    59.7529 |
|        1 |        367 |           915.00 |       915.00 |       962.30 |                  5.00 |                    5.00 |    930 |    59.8305 |
|        1 |        368 |           915.00 |       915.00 |       962.30 |                  5.00 |                    5.00 |    930 |    59.8774 |
|        1 |        369 |           915.00 |       915.00 |       963.90 |                  5.00 |                    5.00 |    932 |    59.9257 |
|        1 |        370 |           915.00 |       915.00 |       962.70 |                  5.00 |                    5.00 |    935 |    59.9763 |
------------------------------------------------------------------------------------------------------------------------------------------------
|  Restart |  Iteration |  Best Feas. Cost |    Best Cost |   Curr. Cost |   Penalty Custom Res. |   Penalty Standard Res. |   Pool |   Time (s) |
------------------------------------------------------------------------------------------------------------------------------------------------
|        1 |        371 |           915.00 |       915.00 |       962.70 |                  5.00 |                    5.00 |    935 |    60.0311 |
|        1 |        372 |           915.00 |       915.00 |       962.70 |                  5.00 |                    5.00 |    935 |    60.0944 |
|        1 |        373 |           915.00 |       915.00 |       957.70 |                  5.00 |                    5.00 |    936 |    60.1606 |
|        1 |        374 |           915.00 |       915.00 |       958.70 |                  5.00 |                    5.00 |    936 |    60.1994 |
|        1 |        375 |           915.00 |       915.00 |       958.70 |                  5.00 |                    5.00 |    936 |    60.2366 |
|        1 |        376 |           915.00 |       915.00 |       958.60 |                  5.00 |                    5.00 |    936 |    60.2850 |
|        1 |        377 |           915.00 |       915.00 |       958.60 |                  5.00 |                    5.00 |    936 |    60.3232 |
|        1 |        378 |           915.00 |       915.00 |       958.60 |                  5.00 |                    5.00 |    936 |    60.3713 |
|        1 |        379 |           915.00 |       915.00 |       958.60 |                  5.00 |                    5.00 |    936 |    60.4266 |
|        1 |        380 |           915.00 |       915.00 |       988.90 |                  5.00 |                    5.00 |    940 |    60.4831 |
|        1 |        381 |           915.00 |       915.00 |       967.80 |                  5.00 |                    5.00 |    942 |    60.5409 |
|        1 |        382 |           915.00 |       915.00 |       961.40 |                  5.00 |                    5.00 |    942 |    60.6246 |
|        1 |        383 |           915.00 |       915.00 |       961.40 |                  5.00 |                    5.00 |    942 |    60.6788 |
|        1 |        384 |           915.00 |       915.00 |       961.40 |                  5.00 |                    5.00 |    942 |    60.7198 |
|        1 |        385 |           915.00 |       915.00 |       961.40 |                  5.00 |                    5.00 |    942 |    60.7634 |
|        1 |        386 |           915.00 |       915.00 |       961.40 |                  5.00 |                    5.00 |    942 |    60.8198 |
|        1 |        387 |           915.00 |       915.00 |       961.40 |                  5.00 |                    5.00 |    942 |    60.8694 |
|        1 |        388 |           915.00 |       915.00 |       952.00 |                  5.00 |                    5.00 |    943 |    60.9970 |
|        1 |        389 |           915.00 |       915.00 |       952.00 |                  5.00 |                    5.00 |    943 |    61.0375 |
|        1 |        390 |           915.00 |       915.00 |       952.00 |                  5.00 |                    5.00 |    943 |    61.0928 |
|        1 |        391 |           915.00 |       915.00 |       952.00 |                  5.00 |                    5.00 |    943 |    61.1377 |
|        1 |        392 |           915.00 |       915.00 |       952.00 |                  5.00 |                    5.00 |    943 |    61.2001 |
|        1 |        393 |           915.00 |       915.00 |       952.00 |                  5.00 |                    5.00 |    943 |    61.2577 |
|        1 |        394 |           915.00 |       915.00 |       952.00 |                  5.00 |                    5.00 |    943 |    61.3311 |
|        1 |        395 |           915.00 |       915.00 |       952.00 |                  5.00 |                    5.00 |    943 |    61.3836 |
|        1 |        396 |           915.00 |       915.00 |       952.00 |                  5.00 |                    5.00 |    943 |    61.4275 |
|        1 |        397 |           915.00 |       915.00 |       952.00 |                  5.00 |                    5.00 |    943 |    61.4761 |
|        1 |        398 |           915.00 |       915.00 |       952.00 |                  5.00 |                    5.00 |    943 |    61.5282 |
|        1 |        399 |           915.00 |       915.00 |       958.90 |                  5.00 |                    5.00 |    945 |    61.5651 |
|        1 |        400 |           915.00 |       915.00 |       958.90 |                  5.00 |                    5.00 |    945 |    61.6067 |
|        1 |        401 |           915.00 |       915.00 |       958.90 |                  5.00 |                    5.00 |    945 |    61.6450 |
|        1 |        402 |           915.00 |       915.00 |       958.90 |                  5.00 |                    5.00 |    945 |    61.7021 |
|        1 |        403 |           915.00 |       915.00 |       958.90 |                  5.00 |                    5.00 |    945 |    61.7504 |
|        1 |        404 |           915.00 |       915.00 |       973.00 |                  5.00 |                    5.00 |    945 |    61.8142 |
|        1 |        405 |           915.00 |       915.00 |       973.00 |                  5.00 |                    5.00 |    945 |    61.8585 |
|        1 |        406 |           915.00 |       915.00 |       973.00 |                  5.00 |                    5.00 |    945 |    61.8996 |
|        1 |        407 |           915.00 |       915.00 |       973.00 |                  5.00 |                    5.00 |    945 |    61.9399 |
|        1 |        408 |           915.00 |       915.00 |       973.00 |                  5.00 |                    5.00 |    945 |    61.9843 |
|        1 |        409 |           915.00 |       915.00 |       973.00 |                  5.00 |                    5.00 |    945 |    62.0490 |
|        1 |        410 |           915.00 |       915.00 |      1002.00 |                  5.00 |                    5.00 |    948 |    62.1331 |
|        1 |        411 |           915.00 |       915.00 |       983.50 |                  5.00 |                    5.00 |    950 |    62.1836 |
|        1 |        412 |           915.00 |       915.00 |       982.90 |                  5.00 |                    5.00 |    950 |    62.2270 |
|        1 |        413 |           915.00 |       915.00 |       969.70 |                  5.00 |                    5.00 |    952 |    62.3160 |
|        1 |        414 |           915.00 |       915.00 |       969.70 |                  5.00 |                    5.00 |    952 |    62.3667 |
|        1 |        415 |           915.00 |       915.00 |       968.90 |                  5.00 |                    5.00 |    952 |    62.4310 |
|        1 |        416 |           915.00 |       915.00 |       968.90 |                  5.00 |                    5.00 |    952 |    62.4800 |
|        1 |        417 |           915.00 |       915.00 |       968.90 |                  5.00 |                    5.00 |    952 |    62.5215 |
|        1 |        418 |           915.00 |       915.00 |       970.70 |                  5.00 |                    5.00 |    953 |    62.5623 |
|        1 |        419 |           915.00 |       915.00 |       970.70 |                  5.00 |                    5.00 |    953 |    62.6082 |
|        1 |        420 |           915.00 |       915.00 |       970.70 |                  5.00 |                    5.00 |    953 |    62.6492 |
|        1 |        421 |           915.00 |       915.00 |       969.70 |                  5.00 |                    5.00 |    954 |    62.7340 |
|        1 |        422 |           915.00 |       915.00 |       969.70 |                  5.00 |                    5.00 |    955 |    62.7999 |
|        1 |        423 |           915.00 |       915.00 |       969.70 |                  5.00 |                    5.00 |    955 |    62.8384 |
|        1 |        424 |           915.00 |       915.00 |       954.70 |                  5.00 |                    5.00 |    957 |    62.9067 |
|        1 |        425 |           915.00 |       915.00 |       954.70 |                  5.00 |                    5.00 |    957 |    62.9530 |
|        1 |        426 |           915.00 |       915.00 |       949.00 |                  5.00 |                    5.00 |    961 |    63.0291 |
|        1 |        427 |           915.00 |       915.00 |       950.10 |                  5.00 |                    5.00 |    963 |    63.0710 |
|        1 |        428 |           915.00 |       915.00 |       946.70 |                  5.00 |                    5.00 |    963 |    63.1363 |
|        1 |        429 |           915.00 |       915.00 |       946.70 |                  5.00 |                    5.00 |    963 |    63.1871 |
|        1 |        430 |           915.00 |       915.00 |       960.40 |                  5.00 |                    5.00 |    965 |    63.2380 |
|        1 |        431 |           915.00 |       915.00 |       934.60 |                  5.00 |                    5.00 |    966 |    63.3189 |
|        1 |        432 |           915.00 |       915.00 |       928.90 |                  5.00 |                    5.00 |    967 |    63.4488 |
|        1 |        433 |           915.00 |       915.00 |       928.90 |                  5.00 |                    5.00 |    967 |    63.5005 |
|        1 |        434 |           915.00 |       915.00 |       956.80 |                  5.00 |                    5.00 |    970 |    63.5554 |
|        1 |        435 |           915.00 |       915.00 |       955.90 |                  5.00 |                    5.00 |    970 |    63.6043 |
|        1 |        436 |           915.00 |       915.00 |       955.90 |                  5.00 |                    5.00 |    970 |    63.6622 |
|        1 |        437 |           915.00 |       915.00 |       948.80 |                  5.00 |                    5.00 |    972 |    63.7167 |
|        1 |        438 |           915.00 |       915.00 |       940.10 |                  5.00 |                    5.00 |    974 |    63.7847 |
|        1 |        439 |           915.00 |       915.00 |       940.10 |                  5.00 |                    5.00 |    974 |    63.8229 |
|        1 |        440 |           915.00 |       915.00 |       940.10 |                  5.00 |                    5.00 |    974 |    63.8596 |
|        1 |        441 |           915.00 |       915.00 |       926.30 |                  5.00 |                    5.00 |    976 |    63.9552 |
|        1 |        442 |           915.00 |       915.00 |       926.30 |                  5.00 |                    5.00 |    976 |    63.9926 |
|        1 |        443 |           915.00 |       915.00 |       926.30 |                  5.00 |                    5.00 |    976 |    64.0286 |
|        1 |        444 |           915.00 |       915.00 |       924.50 |                  5.00 |                    5.00 |    976 |    64.0783 |
|        1 |        445 |           915.00 |       915.00 |       924.50 |                  5.00 |                    5.00 |    976 |    64.1147 |
|        1 |        446 |           915.00 |       915.00 |       924.50 |                  5.00 |                    5.00 |    976 |    64.1527 |
|        1 |        447 |           915.00 |       915.00 |       924.50 |                  5.00 |                    5.00 |    976 |    64.1953 |
|        1 |        448 |           915.00 |       915.00 |       924.50 |                  5.00 |                    5.00 |    976 |    64.2329 |
|        1 |        449 |           915.00 |       915.00 |       924.50 |                  5.00 |                    5.00 |    976 |    64.2668 |
|        1 |        450 |           915.00 |       915.00 |       924.50 |                  5.00 |                    5.00 |    976 |    64.2938 |
|        1 |        451 |           915.00 |       915.00 |       926.70 |                  5.00 |                    5.00 |    978 |    64.3234 |
|        1 |        452 |           915.00 |       915.00 |       926.70 |                  5.00 |                    5.00 |    978 |    64.3655 |
|        1 |        453 |           915.00 |       915.00 |       926.70 |                  5.00 |                    5.00 |    980 |    64.4125 |
|        1 |        454 |           915.00 |       915.00 |       927.90 |                  5.00 |                    5.00 |    981 |    64.4673 |
|        1 |        455 |           915.00 |       915.00 |       927.90 |                  5.00 |                    5.00 |    981 |    64.5120 |
|        1 |        456 |           915.00 |       915.00 |       929.80 |                  5.00 |                    5.00 |    981 |    64.5666 |
|        1 |        457 |           915.00 |       915.00 |       929.80 |                  5.00 |                    5.00 |    981 |    64.6148 |
|        1 |        458 |           915.00 |       915.00 |       927.90 |                  5.00 |                    5.00 |    982 |    64.6684 |
|        1 |        459 |           915.00 |       915.00 |       923.00 |                  5.00 |                    5.00 |    985 |    64.7353 |
|        1 |        460 |           915.00 |       915.00 |       923.00 |                  5.00 |                    5.00 |    985 |    64.7692 |
|        1 |        461 |           915.00 |       915.00 |       923.00 |                  5.00 |                    5.00 |    985 |    64.8013 |
|        1 |        462 |           915.00 |       915.00 |       925.90 |                  5.00 |                    5.00 |    989 |    64.8927 |
|        1 |        463 |           915.00 |       915.00 |       944.90 |                  5.00 |                    5.00 |    989 |    64.9524 |
|        1 |        464 |           915.00 |       915.00 |       944.90 |                  5.00 |                    5.00 |    989 |    65.0031 |
|        1 |        465 |           915.00 |       915.00 |       944.90 |                  5.00 |                    5.00 |    989 |    65.0601 |
|        1 |        466 |           915.00 |       915.00 |       980.30 |                  5.00 |                    5.00 |    990 |    65.1210 |
|        1 |        467 |           915.00 |       915.00 |       961.20 |                  5.00 |                    5.00 |    991 |    65.2134 |
|        1 |        468 |           915.00 |       915.00 |       961.20 |                  5.00 |                    5.00 |    991 |    65.2565 |
|        1 |        469 |           915.00 |       915.00 |       960.10 |                  5.00 |                    5.00 |    995 |    65.3146 |
|        1 |        470 |           915.00 |       915.00 |       960.10 |                  5.00 |                    5.00 |    995 |    65.3919 |
|        1 |        471 |           915.00 |       915.00 |       955.60 |                  5.00 |                    5.00 |    997 |    65.4542 |
|        1 |        472 |           915.00 |       915.00 |       951.50 |                  5.00 |                    5.00 |    997 |    65.5002 |
|        1 |        473 |           915.00 |       915.00 |       951.50 |                  5.00 |                    5.00 |    997 |    65.5547 |
|        1 |        474 |           915.00 |       915.00 |       951.50 |                  5.00 |                    5.00 |    997 |    65.5926 |
|        1 |        475 |           915.00 |       915.00 |       951.50 |                  5.00 |                    5.00 |    997 |    65.6315 |
|        1 |        476 |           915.00 |       915.00 |       950.10 |                  5.00 |                    5.00 |    997 |    65.6781 |
|        1 |        477 |           915.00 |       915.00 |       950.10 |                  5.00 |                    5.00 |    997 |    65.7258 |
|        1 |        478 |           915.00 |       915.00 |       950.10 |                  5.00 |                    5.00 |    997 |    65.7691 |
|        1 |        479 |           915.00 |       915.00 |       950.10 |                  5.00 |                    5.00 |    997 |    65.8158 |
|        1 |        480 |           915.00 |       915.00 |       949.80 |                  5.00 |                    5.00 |    997 |    65.8611 |
|        1 |        481 |           915.00 |       915.00 |       949.80 |                  5.00 |                    5.00 |    997 |    65.9034 |
|        1 |        482 |           915.00 |       915.00 |       949.80 |                  5.00 |                    5.00 |    997 |    66.0183 |
|        1 |        483 |           915.00 |       915.00 |       949.80 |                  5.00 |                    5.00 |    997 |    66.0886 |
|        1 |        484 |           915.00 |       915.00 |       949.80 |                  5.00 |                    5.00 |    997 |    66.1954 |
|        1 |        485 |           915.00 |       915.00 |       950.10 |                  5.00 |                    5.00 |    997 |    66.2532 |
|        1 |        486 |           915.00 |       915.00 |       950.10 |                  5.00 |                    5.00 |    997 |    66.3344 |
|        1 |        487 |           915.00 |       915.00 |       950.10 |                  5.00 |                    5.00 |    997 |    66.3727 |
|        1 |        488 |           915.00 |       915.00 |       950.10 |                  5.00 |                    5.00 |    997 |    66.4158 |
|        1 |        489 |           915.00 |       915.00 |       950.10 |                  5.00 |                    5.00 |    997 |    66.4633 |
|        1 |        490 |           915.00 |       915.00 |       951.40 |                  5.00 |                    5.00 |    998 |    66.5420 |
|        1 |        491 |           915.00 |       915.00 |       949.80 |                  5.00 |                    5.00 |    998 |    66.6081 |
|        1 |        492 |           915.00 |       915.00 |       950.30 |                  5.00 |                    5.00 |    999 |    66.6624 |
|        1 |        493 |           915.00 |       915.00 |       975.30 |                  5.00 |                    5.00 |   1001 |    66.7124 |
|        1 |        494 |           915.00 |       915.00 |       946.40 |                  5.00 |                    5.00 |   1004 |    66.8102 |
|        1 |        495 |           915.00 |       915.00 |       946.40 |                  5.00 |                    5.00 |   1004 |    66.8867 |
|        1 |        496 |           915.00 |       915.00 |       956.70 |                  5.00 |                    5.00 |   1005 |    66.9383 |
|        1 |        497 |           915.00 |       915.00 |       957.40 |                  5.00 |                    5.00 |   1005 |    66.9885 |
|        1 |        498 |           915.00 |       915.00 |       955.40 |                  5.00 |                    5.00 |   1007 |    67.0435 |
|        1 |        499 |           915.00 |       915.00 |       986.50 |                  5.00 |                    5.00 |   1007 |    67.0921 |
|        1 |        500 |           915.00 |       915.00 |       984.00 |                  5.00 |                    5.00 |   1009 |    67.1513 |
------------------------------------------------------------------------------------------------------------------------------------------------
Version identifier: 22.1.2.0 | 2024-11-26 | 0edbb82fd
CPXPARAM_MIP_Tolerances_UpperCutoff              915.09999999999172
Tried aggregator 1 time.
MIP Presolve eliminated 9 rows and 121 columns.
MIP Presolve modified 322 coefficients.
Reduced MIP has 92 rows, 888 columns, and 10353 nonzeros.
Reduced MIP has 888 binaries, 0 generals, 0 SOSs, and 0 indicators.
Presolve time = 0.01 sec. (8.80 ticks)
Probing time = 0.01 sec. (5.62 ticks)
Tried aggregator 1 time.
Detecting symmetries...
MIP Presolve eliminated 0 rows and 5 columns.
Reduced MIP has 92 rows, 883 columns, and 10353 nonzeros.
Reduced MIP has 883 binaries, 0 generals, 0 SOSs, and 0 indicators.
Presolve time = 0.00 sec. (7.10 ticks)
Probing time = 0.01 sec. (5.61 ticks)
Clique table members: 1025.
MIP emphasis: balance optimality and feasibility.
MIP search method: dynamic search.
Parallel mode: deterministic, using up to 8 threads.
Root relaxation solution time = 0.01 sec. (9.89 ticks)

        Nodes                                         Cuts/
   Node  Left     Objective  IInf  Best Integer    Best Bound    ItCnt     Gap

      0     0      910.9000    15                    910.9000      237         
*     0+    0                          913.4000      910.9000             0.27%
      0     0      912.2000    13      913.4000       Cuts: 3      273    0.13%
*     0     0      integral     0      912.6000      Cuts: 11      274    0.00%
*     0+    0                          912.6000      912.6000             0.00%
      0     0        cutoff            912.6000      912.6000      274    0.00%
Elapsed time = 0.05 sec. (60.54 ticks, tree = 0.01 MB, solutions = 2)
objective_value(sp) = 912.6
 71.066353 seconds (6.95 M allocations: 348.999 MiB, 0.13% gc time, 6.13% compilation time)
#1: 0 (0.0) {28.0} -> 73 (9.0) {143.0} [143.0, 564.0] -> 72 (34.0) {156.1} [22.0, 915.0] -> 75 (52.0) {171.4} [27.0, 711.0] -> 23 (81.0) {206.0} [206.0, 325.0] -> 67 (106.0) {291.0} [291.0, 404.0] -> 39 (137.0) {310.8} [33.0, 344.0] -> 21 (148.0) {337.8} [18.0, 727.0] -> 40 (157.0) {354.8} [300.0, 497.0] -> 53 (171.0) {403.0} [403.0, 500.0] -> 0 (171.0) {417.4} [0.0, 1000.0]
#2: 0 (0.0) {27.0} -> 2 (7.0) {45.0} [18.0, 792.0] -> 57 (14.0) {246.0} [246.0, 705.0] -> 42 (19.0) {264.0} [25.0, 292.0] -> 15 (27.0) {283.2} [176.0, 299.0] -> 43 (34.0) {458.0} [458.0, 867.0] -> 41 (39.0) {487.4} [336.0, 571.0] -> 22 (57.0) {501.6} [349.0, 554.0] -> 74 (65.0) {681.0} [681.0, 802.0] -> 56 (71.0) {698.0} [525.0, 752.0] -> 4 (90.0) {716.2} [679.0, 800.0] -> 55 (92.0) {734.7} [620.0, 739.0] -> 25 (98.0) {826.0} [826.0, 956.0] -> 54 (116.0) {848.0} [475.0, 900.0] -> 26 (133.0) {870.0} [328.0, 927.0] -> 0 (133.0) {891.1} [0.0, 1000.0]
#3: 0 (0.0) {27.0} -> 52 (9.0) {38.3} [11.0, 748.0] -> 7 (14.0) {72.0} [72.0, 669.0] -> 88 (23.0) {219.0} [219.0, 448.0] -> 62 (42.0) {235.3} [168.0, 297.0] -> 11 (54.0) {253.3} [206.0, 325.0] -> 64 (63.0) {276.3} [154.0, 393.0] -> 49 (93.0) {441.0} [441.0, 600.0] -> 19 (110.0) {463.0} [95.0, 552.0] -> 63 (120.0) {488.0} [34.0, 588.0] -> 90 (123.0) {502.4} [225.0, 654.0] -> 32 (146.0) {516.8} [482.0, 955.0] -> 10 (162.0) {537.0} [517.0, 692.0] -> 31 (189.0) {555.0} [17.0, 744.0] -> 0 (189.0) {582.4} [0.0, 1000.0]
#4: 0 (0.0) {27.0} -> 18 (12.0) {229.0} [229.0, 582.0] -> 45 (28.0) {253.1} [29.0, 309.0] -> 82 (44.0) {275.8} [23.0, 761.0] -> 48 (80.0) {291.1} [200.0, 962.0] -> 47 (107.0) {307.5} [34.0, 602.0] -> 36 (112.0) {324.7} [41.0, 328.0] -> 46 (113.0) {346.7} [338.0, 805.0] -> 8 (122.0) {393.0} [393.0, 492.0] -> 83 (133.0) {410.2} [21.0, 842.0] -> 60 (136.0) {449.0} [449.0, 971.0] -> 5 (162.0) {463.4} [20.0, 906.0] -> 84 (169.0) {477.5} [425.0, 522.0] -> 17 (171.0) {673.0} [673.0, 930.0] -> 85 (212.0) {696.6} [110.0, 727.0] -> 100 (229.0) {821.0} [821.0, 965.0] -> 37 (237.0) {833.8} [339.0, 960.0] -> 93 (259.0) {848.2} [691.0, 969.0] -> 59 (287.0) {861.2} [17.0, 972.0] -> 89 (302.0) {883.2} [409.0, 981.0] -> 0 (302.0) {902.2} [0.0, 1000.0]
#5: 0 (0.0) {26.0} -> 95 (20.0) {40.8} [14.0, 793.0] -> 92 (22.0) {54.4} [18.0, 159.0] -> 98 (32.0) {67.5} [21.0, 748.0] -> 91 (33.0) {222.0} [222.0, 964.0] -> 44 (51.0) {238.4} [230.0, 343.0] -> 14 (71.0) {254.0} [32.0, 694.0] -> 38 (87.0) {298.0} [298.0, 409.0] -> 86 (122.0) {321.0} [230.0, 623.0] -> 16 (141.0) {337.3} [102.0, 543.0] -> 61 (154.0) {351.7} [126.0, 541.0] -> 99 (163.0) {369.9} [328.0, 437.0] -> 96 (174.0) {382.1} [344.0, 953.0] -> 6 (177.0) {396.3} [355.0, 574.0] -> 94 (204.0) {409.4} [190.0, 749.0] -> 87 (230.0) {428.6} [397.0, 470.0] -> 97 (242.0) {462.0} [462.0, 823.0] -> 13 (265.0) {694.0} [694.0, 823.0] -> 58 (283.0) {854.0} [854.0, 980.0] -> 0 (283.0) {873.0} [0.0, 1000.0]
#6: 0 (0.0) {28.0} -> 27 (16.0) {44.0} [44.0, 315.0] -> 69 (22.0) {165.0} [165.0, 290.0] -> 1 (32.0) {190.0} [190.0, 974.0] -> 30 (53.0) {211.0} [199.0, 414.0] -> 51 (63.0) {230.2} [176.0, 625.0] -> 33 (74.0) {247.4} [24.0, 299.0] -> 71 (89.0) {273.8} [98.0, 537.0] -> 65 (109.0) {294.0} [49.0, 308.0] -> 35 (117.0) {626.0} [626.0, 873.0] -> 66 (142.0) {652.1} [532.0, 753.0] -> 20 (151.0) {671.0} [418.0, 829.0] -> 70 (156.0) {693.0} [668.0, 968.0] -> 0 (156.0) {724.0} [0.0, 1000.0]
#7: 0 (0.0) {27.0} -> 28 (16.0) {33.3} [6.0, 526.0] -> 12 (35.0) {52.5} [15.0, 725.0] -> 76 (48.0) {281.0} [281.0, 382.0] -> 3 (61.0) {297.7} [289.0, 822.0] -> 79 (84.0) {377.0} [377.0, 476.0] -> 81 (110.0) {393.3} [268.0, 599.0] -> 9 (126.0) {409.3} [394.0, 503.0] -> 34 (140.0) {430.4} [265.0, 878.0] -> 78 (143.0) {445.4} [324.0, 559.0] -> 29 (152.0) {465.8} [29.0, 513.0] -> 24 (155.0) {482.8} [435.0, 960.0] -> 80 (161.0) {719.0} [719.0, 968.0] -> 68 (197.0) {731.0} [577.0, 812.0] -> 77 (211.0) {821.0} [821.0, 948.0] -> 50 (224.0) {838.2} [272.0, 917.0] -> 0 (224.0) {865.1} [0.0, 1000.0]

Dist: 912.6. Cost: 912.6

Clique cuts applied:  3
Zero-half cuts applied:  5
Gomory fractional cuts applied:  3

Root node processing (before b&c):
  Real time             =    0.05 sec. (60.61 ticks)
Parallel b&c, 8 threads:
  Real time             =    0.00 sec. (0.00 ticks)
  Sync time (average)   =    0.00 sec.
  Wait time (average)   =    0.00 sec.
                          ------------
Total (root+branch&cut) =    0.05 sec. (60.61 ticks)
