Solving instance /mnt/c/Users/bruno.mattos/OneDrive - americanas s.a/Documentos/GitHub/GenericILS/TWRD/100/R211_100_010.vrptwrd...
------------------------------------------------------------------------------------------------------------------------------------------------
|  Restart |  Iteration |  Best Feas. Cost |    Best Cost |   Curr. Cost |   Penalty Custom Res. |   Penalty Standard Res. |   Pool |   Time (s) |
------------------------------------------------------------------------------------------------------------------------------------------------
|        1 |          0 |           851.60 |       851.60 |       851.60 |                  5.00 |                    5.00 |     17 |     0.2636 |
|        1 |          0 |           847.50 |       847.50 |       847.50 |                  5.00 |                    5.00 |     20 |     0.7118 |
|        1 |          1 |           847.50 |       847.50 |       847.50 |                  5.00 |                    5.00 |     20 |     0.7552 |
|        1 |          2 |           847.50 |       847.50 |       847.60 |                  5.00 |                    5.00 |     23 |     0.8024 |
|        1 |          3 |           847.50 |       805.75 |       805.75 |                  5.00 |                    6.94 |     26 |     0.8635 |
|        1 |          0 |           833.70 |       805.75 |       833.70 |                  5.00 |                    5.00 |     30 |     0.9048 |
|        1 |          1 |           833.70 |       805.75 |       833.70 |                  5.00 |                    5.00 |     30 |     0.9427 |
|        1 |          2 |           833.70 |       805.75 |       833.70 |                  5.00 |                    5.00 |     30 |     0.9849 |
|        1 |          3 |           833.70 |       805.75 |       833.70 |                  5.00 |                    5.00 |     30 |     1.0341 |
|        1 |          4 |           833.70 |       805.75 |       833.70 |                  5.00 |                    5.00 |     30 |     1.0952 |
|        1 |          5 |           833.70 |       805.75 |       833.70 |                  5.00 |                    5.00 |     30 |     1.1278 |
|        1 |          6 |           833.70 |       805.75 |       872.20 |                  5.00 |                    5.00 |     33 |     1.1694 |
|        1 |          7 |           833.70 |       805.75 |       834.00 |                  5.00 |                    5.00 |     35 |     1.2227 |
|        1 |          0 |           795.80 |       795.80 |       795.80 |                  5.00 |                    5.00 |     38 |     1.3139 |
|        1 |          1 |           795.80 |       795.80 |       795.80 |                  5.00 |                    5.00 |     38 |     1.3628 |
|        1 |          2 |           795.80 |       795.80 |       834.60 |                  5.00 |                    5.00 |     39 |     1.4009 |
|        1 |          3 |           795.80 |       795.80 |       834.60 |                  5.00 |                    5.00 |     39 |     1.4473 |
|        1 |          4 |           795.80 |       795.80 |       834.60 |                  5.00 |                    5.00 |     39 |     1.4952 |
|        1 |          5 |           795.80 |       795.80 |       799.90 |                  5.00 |                    5.00 |     39 |     1.5387 |
|        1 |          6 |           795.80 |       795.80 |       799.90 |                  5.00 |                    5.00 |     39 |     1.5813 |
|        1 |          7 |           795.80 |       795.80 |       799.90 |                  5.00 |                    5.00 |     39 |     1.6029 |
|        1 |          8 |           795.80 |       795.80 |       811.80 |                  5.00 |                    5.00 |     43 |     1.7257 |
|        1 |          9 |           795.80 |       795.80 |       811.80 |                  5.00 |                    5.00 |     43 |     1.7627 |
|        1 |         10 |           795.80 |       795.80 |       810.70 |                  5.00 |                    5.00 |     43 |     1.8246 |
|        1 |         11 |           795.80 |       795.80 |       795.80 |                  5.00 |                    5.00 |     44 |     1.9060 |
|        1 |         12 |           795.80 |       795.80 |       795.80 |                  5.00 |                    5.00 |     44 |     1.9501 |
|        1 |         13 |           795.80 |       795.80 |       795.80 |                  5.00 |                    5.00 |     44 |     1.9933 |
|        1 |         14 |           795.80 |       795.80 |       834.60 |                  5.00 |                    5.00 |     46 |     2.0316 |
|        1 |         15 |           795.80 |       795.80 |       839.00 |                  5.00 |                    5.00 |     48 |     2.1102 |
|        1 |         16 |           795.80 |       795.80 |       839.00 |                  5.00 |                    5.00 |     48 |     2.1537 |
|        1 |         17 |           795.80 |       795.80 |       839.00 |                  5.00 |                    5.00 |     48 |     2.2124 |
|        1 |         18 |           795.80 |       795.80 |       839.00 |                  5.00 |                    5.00 |     48 |     2.2745 |
|        1 |         19 |           795.80 |       795.80 |       839.00 |                  5.00 |                    5.00 |     48 |     2.3176 |
|        1 |          0 |           793.10 |       793.10 |       793.10 |                  5.00 |                    5.00 |     50 |     2.4187 |
|        1 |          1 |           793.10 |       793.10 |       793.10 |                  5.00 |                    5.00 |     50 |     2.4546 |
|        1 |          2 |           793.10 |       793.10 |       793.10 |                  5.00 |                    5.00 |     50 |     2.4965 |
|        1 |          3 |           793.10 |       793.10 |       793.10 |                  5.00 |                    5.00 |     50 |     2.5403 |
|        1 |          4 |           793.10 |       793.10 |       793.10 |                  5.00 |                    5.00 |     50 |     2.5786 |
|        1 |          5 |           793.10 |       793.10 |       793.10 |                  5.00 |                    5.00 |     50 |     2.6219 |
|        1 |          6 |           793.10 |       793.10 |       793.10 |                  5.00 |                    5.00 |     50 |     2.6731 |
|        1 |          7 |           793.10 |       793.10 |       793.10 |                  5.00 |                    5.00 |     50 |     2.7048 |
|        1 |          8 |           793.10 |       793.10 |       798.30 |                  5.00 |                    5.00 |     51 |     2.7650 |
|        1 |          9 |           793.10 |       793.10 |       798.30 |                  5.00 |                    5.00 |     51 |     2.8142 |
|        1 |         10 |           793.10 |       793.10 |       793.10 |                  5.00 |                    5.00 |     51 |     2.9013 |
|        1 |         11 |           793.10 |       793.10 |       793.10 |                  5.00 |                    5.00 |     51 |     2.9403 |
|        1 |         12 |           793.10 |       793.10 |       793.10 |                  5.00 |                    5.00 |     51 |     2.9816 |
|        1 |         13 |           793.10 |       793.10 |       793.10 |                  5.00 |                    5.00 |     51 |     3.0287 |
|        1 |          0 |           792.00 |       792.00 |       792.00 |                  5.00 |                    5.00 |     51 |     3.1007 |
|        1 |          1 |           792.00 |       792.00 |       793.10 |                  5.00 |                    5.00 |     51 |     3.1487 |
|        1 |          2 |           792.00 |       792.00 |       793.10 |                  5.00 |                    5.00 |     51 |     3.1900 |
|        1 |          3 |           792.00 |       792.00 |       796.90 |                  5.00 |                    5.00 |     52 |     3.2318 |
|        1 |          4 |           792.00 |       792.00 |       796.90 |                  5.00 |                    5.63 |     52 |     3.2908 |
|        1 |          5 |           792.00 |       792.00 |       796.90 |                  5.00 |                    5.00 |     52 |     3.3322 |
|        1 |          6 |           792.00 |       792.00 |       796.90 |                  5.00 |                    5.00 |     52 |     3.3786 |
|        1 |          7 |           792.00 |       792.00 |       804.20 |                  5.00 |                    5.00 |     53 |     3.4293 |
|        1 |          8 |           792.00 |       792.00 |       796.90 |                  5.00 |                    5.00 |     53 |     3.4859 |
|        1 |          9 |           792.00 |       792.00 |       796.90 |                  5.00 |                    5.00 |     53 |     3.5299 |
|        1 |         10 |           792.00 |       792.00 |       796.90 |                  5.00 |                    5.00 |     53 |     3.5795 |
|        1 |         11 |           792.00 |       792.00 |       796.90 |                  5.00 |                    5.00 |     53 |     3.6211 |
|        1 |         12 |           792.00 |       792.00 |       797.10 |                  5.00 |                    5.00 |     54 |     3.6658 |
|        1 |         13 |           792.00 |       792.00 |       797.10 |                  5.00 |                    5.00 |     54 |     3.7107 |
|        1 |         14 |           792.00 |       792.00 |       797.10 |                  5.00 |                    5.00 |     54 |     3.7617 |
|        1 |         15 |           792.00 |       792.00 |       797.10 |                  5.00 |                    5.00 |     54 |     3.8107 |
|        1 |         16 |           792.00 |       792.00 |       797.10 |                  5.00 |                    5.00 |     54 |     3.8487 |
|        1 |         17 |           792.00 |       792.00 |       803.80 |                  5.00 |                    5.00 |     55 |     3.8984 |
|        1 |         18 |           792.00 |       792.00 |       803.80 |                  5.00 |                    5.00 |     55 |     3.9588 |
|        1 |         19 |           792.00 |       792.00 |       803.80 |                  5.00 |                    5.00 |     55 |     4.0043 |
|        1 |         20 |           792.00 |       792.00 |       797.10 |                  5.00 |                    5.00 |     55 |     4.0626 |
|        1 |         21 |           792.00 |       792.00 |       797.10 |                  5.00 |                    5.00 |     55 |     4.1094 |
|        1 |         22 |           792.00 |       792.00 |       797.10 |                  5.00 |                    5.00 |     55 |     4.1458 |
|        1 |         23 |           792.00 |       792.00 |       797.10 |                  5.00 |                    5.00 |     55 |     4.1797 |
|        1 |         24 |           792.00 |       792.00 |       797.10 |                  5.00 |                    5.41 |     55 |     4.2368 |
|        1 |         25 |           792.00 |       792.00 |       793.10 |                  5.00 |                    5.00 |     55 |     4.3058 |
|        1 |         26 |           792.00 |       792.00 |       793.10 |                  5.00 |                    5.00 |     55 |     4.3450 |
|        1 |         27 |           792.00 |       792.00 |       793.10 |                  5.00 |                    5.00 |     55 |     4.4063 |
|        1 |         28 |           792.00 |       792.00 |       793.10 |                  5.00 |                    5.00 |     55 |     4.4604 |
|        1 |         29 |           792.00 |       792.00 |       799.20 |                  5.00 |                    5.00 |     57 |     4.5026 |
|        1 |         30 |           792.00 |       792.00 |       799.20 |                  5.00 |                    5.00 |     57 |     4.5584 |
|        1 |         31 |           792.00 |       792.00 |       799.20 |                  5.00 |                    5.00 |     57 |     4.5934 |
|        1 |         32 |           792.00 |       792.00 |       799.20 |                  5.00 |                    5.00 |     57 |     4.6411 |
|        1 |         33 |           792.00 |       792.00 |       799.20 |                  5.00 |                    5.00 |     57 |     4.6925 |
|        1 |         34 |           792.00 |       792.00 |       799.00 |                  5.00 |                    5.00 |     59 |     4.7309 |
|        1 |         35 |           792.00 |       792.00 |       799.00 |                  5.00 |                    5.00 |     59 |     4.7704 |
|        1 |         36 |           792.00 |       792.00 |       799.00 |                  5.00 |                    5.00 |     59 |     4.8339 |
|        1 |         37 |           792.00 |       792.00 |       799.00 |                  5.00 |                    5.00 |     59 |     4.8733 |
|        1 |         38 |           792.00 |       792.00 |       799.00 |                  5.00 |                    5.00 |     59 |     4.9058 |
|        1 |         39 |           792.00 |       792.00 |       799.00 |                  5.00 |                    5.00 |     59 |     4.9608 |
|        1 |         40 |           792.00 |       792.00 |       799.00 |                  5.00 |                    5.00 |     59 |     5.0101 |
|        1 |         41 |           792.00 |       792.00 |       799.00 |                  5.00 |                    5.00 |     59 |     5.0555 |
|        1 |         42 |           792.00 |       792.00 |       799.00 |                  5.00 |                    5.00 |     59 |     5.0873 |
|        1 |         43 |           792.00 |       792.00 |       807.50 |                  5.00 |                    5.00 |     61 |     5.1258 |
|        1 |         44 |           792.00 |       792.00 |       801.00 |                  5.00 |                    5.00 |     62 |     5.1986 |
|        1 |         45 |           792.00 |       792.00 |       801.00 |                  5.00 |                    5.00 |     62 |     5.2415 |
|        1 |         46 |           792.00 |       792.00 |       801.00 |                  5.00 |                    5.00 |     62 |     5.2742 |
|        1 |         47 |           792.00 |       792.00 |       797.70 |                  5.00 |                    5.00 |     64 |     5.3449 |
|        1 |         48 |           792.00 |       792.00 |       797.70 |                  5.00 |                    5.00 |     64 |     5.3934 |
|        1 |         49 |           792.00 |       792.00 |       805.00 |                  5.00 |                    5.00 |     64 |     5.4402 |
|        1 |         50 |           792.00 |       792.00 |       805.00 |                  5.00 |                    5.00 |     64 |     5.4716 |
|        1 |         51 |           792.00 |       792.00 |       805.00 |                  5.00 |                    5.00 |     64 |     5.5095 |
|        1 |         52 |           792.00 |       792.00 |       797.70 |                  5.00 |                    5.00 |     64 |     5.5453 |
|        1 |         53 |           792.00 |       792.00 |       797.70 |                  5.00 |                    5.00 |     64 |     5.5723 |
|        1 |         54 |           792.00 |       792.00 |       797.70 |                  5.00 |                    5.00 |     64 |     5.6493 |
|        1 |         55 |           792.00 |       792.00 |       811.50 |                  5.00 |                    5.00 |     69 |     5.7737 |
|        1 |         56 |           792.00 |       792.00 |       811.50 |                  5.00 |                    5.00 |     69 |     5.8181 |
|        1 |         57 |           792.00 |       792.00 |       811.50 |                  5.00 |                    5.00 |     69 |     5.8599 |
|        1 |         58 |           792.00 |       792.00 |       811.50 |                  5.00 |                    5.00 |     69 |     5.9175 |
|        1 |         59 |           792.00 |       792.00 |       811.50 |                  5.00 |                    5.00 |     69 |     5.9478 |
|        1 |         60 |           792.00 |       792.00 |       811.50 |                  5.00 |                    5.00 |     69 |     5.9920 |
|        1 |         61 |           792.00 |       792.00 |       810.80 |                  5.00 |                    5.00 |     71 |     6.0408 |
|        1 |         62 |           792.00 |       792.00 |       810.80 |                  5.00 |                    5.00 |     71 |     6.0894 |
|        1 |         63 |           792.00 |       792.00 |       810.80 |                  5.00 |                    5.00 |     71 |     6.1362 |
|        1 |         64 |           792.00 |       792.00 |       810.80 |                  5.00 |                    5.00 |     71 |     6.1762 |
|        1 |         65 |           792.00 |       792.00 |       810.80 |                  5.00 |                    5.00 |     71 |     6.2266 |
|        1 |         66 |           792.00 |       792.00 |       810.80 |                  5.00 |                    5.00 |     71 |     6.2840 |
|        1 |         67 |           792.00 |       792.00 |       810.80 |                  5.00 |                    5.00 |     71 |     6.3319 |
|        1 |         68 |           792.00 |       792.00 |       810.80 |                  5.00 |                    5.00 |     71 |     6.3799 |
|        1 |         69 |           792.00 |       792.00 |       810.80 |                  5.00 |                    5.00 |     71 |     6.4195 |
|        1 |         70 |           792.00 |       792.00 |       810.80 |                  5.00 |                    5.00 |     71 |     6.4659 |
|        1 |         71 |           792.00 |       792.00 |       810.80 |                  5.00 |                    5.00 |     71 |     6.5091 |
|        1 |         72 |           792.00 |       792.00 |       810.80 |                  5.00 |                    5.00 |     71 |     6.5375 |
|        1 |         73 |           792.00 |       792.00 |       810.80 |                  5.00 |                    5.00 |     71 |     6.5813 |
|        1 |         74 |           792.00 |       792.00 |       814.00 |                  5.00 |                    5.00 |     73 |     6.6195 |
|        1 |         75 |           792.00 |       792.00 |       814.00 |                  5.00 |                    5.00 |     73 |     6.6530 |
|        1 |         76 |           792.00 |       792.00 |       814.00 |                  5.00 |                    5.00 |     73 |     6.6965 |
|        1 |         77 |           792.00 |       792.00 |       812.70 |                  5.00 |                    5.00 |     74 |     6.7616 |
|        1 |         78 |           792.00 |       792.00 |       812.70 |                  5.00 |                    5.00 |     74 |     6.8039 |
|        1 |         79 |           792.00 |       792.00 |       812.70 |                  5.00 |                    5.00 |     74 |     6.8762 |
|        1 |         80 |           792.00 |       792.00 |       812.70 |                  5.00 |                    5.00 |     74 |     6.9098 |
|        1 |         81 |           792.00 |       792.00 |       810.90 |                  5.00 |                    5.00 |     75 |     6.9637 |
|        1 |         82 |           792.00 |       792.00 |       810.90 |                  5.00 |                    5.00 |     75 |     7.0150 |
|        1 |         83 |           792.00 |       792.00 |       794.50 |                  5.00 |                    5.00 |     79 |     7.1043 |
|        1 |         84 |           792.00 |       792.00 |       794.50 |                  5.00 |                    5.00 |     79 |     7.1549 |
|        1 |         85 |           792.00 |       792.00 |       794.50 |                  5.00 |                    5.00 |     79 |     7.1947 |
|        1 |          0 |           790.30 |       790.30 |       790.30 |                  5.00 |                    5.00 |     81 |     7.2832 |
|        1 |          1 |           790.30 |       790.30 |       790.30 |                  5.00 |                    5.00 |     81 |     7.3344 |
|        1 |          2 |           790.30 |       790.30 |       790.30 |                  5.00 |                    5.00 |     81 |     7.3876 |
|        1 |          3 |           790.30 |       790.30 |       790.30 |                  5.00 |                    5.00 |     81 |     7.4169 |
|        1 |          4 |           790.30 |       790.30 |       790.30 |                  5.00 |                    5.00 |     81 |     7.4619 |
|        1 |          5 |           790.30 |       790.30 |       790.30 |                  5.00 |                    5.00 |     81 |     7.4971 |
|        1 |          6 |           790.30 |       790.30 |       790.30 |                  5.00 |                    5.00 |     81 |     7.5436 |
|        1 |          0 |           790.00 |       790.00 |       790.00 |                  5.00 |                    5.00 |     84 |     7.6210 |
|        1 |          1 |           790.00 |       790.00 |       790.00 |                  5.00 |                    5.00 |     84 |     7.6673 |
|        1 |          2 |           790.00 |       790.00 |       790.00 |                  5.00 |                    5.00 |     84 |     7.7043 |
|        1 |          3 |           790.00 |       790.00 |       790.00 |                  5.00 |                    5.00 |     84 |     7.7566 |
|        1 |          4 |           790.00 |       790.00 |       790.00 |                  5.00 |                    5.00 |     84 |     7.7856 |
|        1 |          5 |           790.00 |       790.00 |       790.00 |                  5.00 |                    5.00 |     84 |     7.8359 |
|        1 |          6 |           790.00 |       790.00 |       790.00 |                  5.00 |                    5.00 |     84 |     7.8741 |
|        1 |          7 |           790.00 |       790.00 |       790.00 |                  5.00 |                    5.00 |     84 |     7.9158 |
|        1 |          8 |           790.00 |       790.00 |       790.00 |                  5.00 |                    5.00 |     84 |     7.9583 |
|        1 |          9 |           790.00 |       790.00 |       790.00 |                  5.00 |                    5.00 |     84 |     8.0016 |
|        1 |         10 |           790.00 |       790.00 |       790.00 |                  5.00 |                    5.00 |     84 |     8.0310 |
|        1 |         11 |           790.00 |       790.00 |       818.60 |                  5.00 |                    5.00 |     87 |     8.1215 |
|        1 |         12 |           790.00 |       790.00 |       816.40 |                  5.00 |                    5.00 |     88 |     8.1799 |
|        1 |         13 |           790.00 |       790.00 |       816.40 |                  5.00 |                    5.00 |     88 |     8.2180 |
|        1 |         14 |           790.00 |       790.00 |       816.40 |                  5.00 |                    5.00 |     88 |     8.2673 |
|        1 |         15 |           790.00 |       790.00 |       816.40 |                  5.00 |                    5.00 |     88 |     8.3277 |
|        1 |         16 |           790.00 |       790.00 |       816.40 |                  5.00 |                    5.00 |     88 |     8.3707 |
|        1 |         17 |           790.00 |       790.00 |       805.50 |                  5.00 |                    5.00 |     89 |     8.4648 |
|        1 |         18 |           790.00 |       790.00 |       805.50 |                  5.00 |                    5.00 |     89 |     8.5081 |
|        1 |         19 |           790.00 |       790.00 |       805.50 |                  5.00 |                    5.00 |     89 |     8.5457 |
|        1 |         20 |           790.00 |       790.00 |       805.50 |                  5.00 |                    5.00 |     89 |     8.5843 |
|        1 |         21 |           790.00 |       790.00 |       805.50 |                  5.00 |                    5.00 |     89 |     8.6161 |
|        1 |         22 |           790.00 |       790.00 |       805.50 |                  5.00 |                    5.00 |     89 |     8.6614 |
|        1 |         23 |           790.00 |       790.00 |       805.50 |                  5.00 |                    5.00 |     89 |     8.6983 |
|        1 |         24 |           790.00 |       790.00 |       809.50 |                  5.00 |                    5.00 |     91 |     8.7475 |
|        1 |         25 |           790.00 |       790.00 |       809.50 |                  5.00 |                    5.00 |     91 |     8.7833 |
|        1 |         26 |           790.00 |       790.00 |       809.50 |                  5.00 |                    5.00 |     91 |     8.8176 |
|        1 |         27 |           790.00 |       790.00 |       809.50 |                  5.00 |                    5.00 |     91 |     8.8617 |
|        1 |         28 |           790.00 |       790.00 |       800.10 |                  5.00 |                    5.00 |     92 |     8.9317 |
|        1 |         29 |           790.00 |       790.00 |       799.00 |                  5.00 |                    5.00 |     92 |     8.9781 |
|        1 |         30 |           790.00 |       790.00 |       799.00 |                  5.00 |                    5.00 |     92 |     9.0156 |
|        1 |         31 |           790.00 |       790.00 |       799.00 |                  5.00 |                    5.00 |     92 |     9.0523 |
|        1 |         32 |           790.00 |       790.00 |       799.00 |                  5.00 |                    5.00 |     92 |     9.0968 |
|        1 |         33 |           790.00 |       790.00 |       799.00 |                  5.00 |                    5.00 |     92 |     9.1350 |
|        1 |         34 |           790.00 |       790.00 |       799.00 |                  5.00 |                    5.00 |     92 |     9.1881 |
|        1 |         35 |           790.00 |       790.00 |       796.00 |                  5.00 |                    5.00 |     94 |     9.2588 |
|        1 |         36 |           790.00 |       790.00 |       796.00 |                  5.00 |                    5.00 |     94 |     9.3073 |
|        1 |         37 |           790.00 |       790.00 |       796.00 |                  5.00 |                    5.00 |     94 |     9.3537 |
|        1 |         38 |           790.00 |       790.00 |       796.00 |                  5.00 |                    5.00 |     94 |     9.4196 |
|        1 |         39 |           790.00 |       790.00 |       796.00 |                  5.00 |                    5.00 |     94 |     9.4644 |
|        1 |         40 |           790.00 |       790.00 |       796.00 |                  5.00 |                    5.00 |     94 |     9.5140 |
|        1 |         41 |           790.00 |       790.00 |       796.00 |                  5.00 |                    5.00 |     94 |     9.5618 |
|        1 |         42 |           790.00 |       790.00 |       796.00 |                  5.00 |                    5.00 |     94 |     9.6065 |
|        1 |         43 |           790.00 |       790.00 |       799.10 |                  5.00 |                    5.00 |     95 |     9.6652 |
|        1 |         44 |           790.00 |       790.00 |       798.90 |                  5.00 |                    5.00 |     95 |     9.7341 |
|        1 |         45 |           790.00 |       790.00 |       798.90 |                  5.00 |                    5.00 |     95 |     9.7843 |
|        1 |         46 |           790.00 |       790.00 |       798.90 |                  5.00 |                    5.00 |     95 |     9.8338 |
|        1 |         47 |           790.00 |       790.00 |       802.40 |                  5.00 |                    5.25 |     96 |     9.8915 |
|        1 |         48 |           790.00 |       790.00 |       802.40 |                  5.00 |                    5.00 |     96 |     9.9336 |
|        1 |         49 |           790.00 |       790.00 |       796.00 |                  5.00 |                    5.00 |     96 |     9.9883 |
|        1 |         50 |           790.00 |       790.00 |       798.80 |                  5.00 |                    5.00 |     96 |    10.0511 |
|        1 |         51 |           790.00 |       790.00 |       796.10 |                  5.00 |                    5.00 |     98 |    10.1458 |
|        1 |         52 |           790.00 |       790.00 |       796.10 |                  5.00 |                    5.00 |     98 |    10.2039 |
|        1 |         53 |           790.00 |       790.00 |       796.00 |                  5.00 |                    5.00 |     98 |    10.2504 |
|        1 |         54 |           790.00 |       790.00 |       796.00 |                  5.00 |                    5.00 |     98 |    10.2992 |
|        1 |         55 |           790.00 |       790.00 |       796.00 |                  5.00 |                    5.00 |     98 |    10.3440 |
|        1 |         56 |           790.00 |       790.00 |       796.00 |                  5.00 |                    5.00 |     98 |    10.3751 |
|        1 |         57 |           790.00 |       790.00 |       796.00 |                  5.00 |                    5.00 |     98 |    10.4159 |
|        1 |         58 |           790.00 |       790.00 |       796.00 |                  5.00 |                    5.00 |     98 |    10.4714 |
|        1 |         59 |           790.00 |       790.00 |       797.10 |                  5.00 |                    5.00 |     98 |    10.5118 |
|        1 |         60 |           790.00 |       790.00 |       797.10 |                  5.00 |                    5.00 |     98 |    10.5471 |
|        1 |         61 |           790.00 |       790.00 |       798.20 |                  5.00 |                    5.00 |     99 |    10.6140 |
|        1 |         62 |           790.00 |       790.00 |       798.20 |                  5.00 |                    5.00 |     99 |    10.6694 |
|        1 |         63 |           790.00 |       790.00 |       798.20 |                  5.00 |                    5.00 |     99 |    10.7206 |
|        1 |         64 |           790.00 |       790.00 |       801.20 |                  5.00 |                    5.98 |    100 |    10.7716 |
|        1 |         65 |           790.00 |       790.00 |       801.20 |                  5.00 |                    5.00 |    100 |    10.8230 |
|        1 |         66 |           790.00 |       790.00 |       799.30 |                  5.00 |                    5.00 |    101 |    10.8833 |
|        1 |         67 |           790.00 |       790.00 |       799.30 |                  5.00 |                    5.00 |    101 |    10.9281 |
|        1 |         68 |           790.00 |       790.00 |       799.30 |                  5.00 |                    5.00 |    101 |    10.9689 |
|        1 |         69 |           790.00 |       790.00 |       799.30 |                  5.00 |                    5.00 |    101 |    11.0235 |
|        1 |         70 |           790.00 |       790.00 |       806.60 |                  5.00 |                    5.00 |    101 |    11.0635 |
|        1 |         71 |           790.00 |       790.00 |       844.10 |                  5.00 |                    5.00 |    103 |    11.1151 |
|        1 |         72 |           790.00 |       790.00 |       872.60 |                  5.00 |                    5.00 |    105 |    11.1460 |
|        1 |         73 |           790.00 |       790.00 |       836.90 |                  5.00 |                    5.00 |    107 |    11.2324 |
|        1 |         74 |           790.00 |       790.00 |       838.60 |                  5.00 |                    5.00 |    109 |    11.2805 |
|        1 |         75 |           790.00 |       790.00 |       838.60 |                  5.00 |                    5.00 |    109 |    11.3200 |
|        1 |         76 |           790.00 |       790.00 |       837.20 |                  5.00 |                    5.00 |    116 |    11.4029 |
|        1 |         77 |           790.00 |       790.00 |       837.20 |                  5.00 |                    5.00 |    116 |    11.4535 |
|        1 |         78 |           790.00 |       790.00 |       832.80 |                  5.00 |                    5.00 |    119 |    11.5244 |
|        1 |         79 |           790.00 |       790.00 |       835.90 |                  5.00 |                    5.00 |    120 |    11.5759 |
|        1 |         80 |           790.00 |       790.00 |       835.10 |                  5.00 |                    5.00 |    123 |    11.6199 |
|        1 |         81 |           790.00 |       790.00 |       835.10 |                  5.00 |                    5.00 |    123 |    11.6608 |
|        1 |         82 |           790.00 |       790.00 |       836.10 |                  5.00 |                    5.00 |    125 |    11.7129 |
|        1 |         83 |           790.00 |       790.00 |       833.20 |                  5.00 |                    5.00 |    126 |    11.7843 |
|        1 |         84 |           790.00 |       790.00 |       833.20 |                  5.00 |                    5.00 |    126 |    11.8403 |
|        1 |         85 |           790.00 |       790.00 |       828.10 |                  5.00 |                    9.22 |    128 |    11.9478 |
|        1 |         86 |           790.00 |       790.00 |       815.20 |                  5.00 |                    7.36 |    133 |    12.0167 |
|        1 |         87 |           790.00 |       790.00 |       807.40 |                  5.00 |                    5.00 |    136 |    12.0642 |
|        1 |         88 |           790.00 |       790.00 |       808.40 |                  5.00 |                    5.00 |    137 |    12.1185 |
|        1 |         89 |           790.00 |       790.00 |       807.40 |                  5.00 |                    5.00 |    137 |    12.1585 |
|        1 |         90 |           790.00 |       790.00 |       807.40 |                  5.00 |                    5.00 |    137 |    12.2178 |
|        1 |         91 |           790.00 |       790.00 |       807.00 |                  5.00 |                    5.00 |    139 |    12.2716 |
|        1 |         92 |           790.00 |       790.00 |       807.00 |                  5.00 |                    5.00 |    139 |    12.3319 |
|        1 |         93 |           790.00 |       790.00 |       807.00 |                  5.00 |                    5.00 |    139 |    12.3685 |
|        1 |         94 |           790.00 |       790.00 |       807.00 |                  5.00 |                    5.00 |    139 |    12.4211 |
|        1 |         95 |           790.00 |       790.00 |       807.00 |                  5.00 |                    5.00 |    139 |    12.4652 |
|        1 |         96 |           790.00 |       790.00 |       807.00 |                  5.00 |                    5.00 |    139 |    12.5139 |
|        1 |         97 |           790.00 |       790.00 |       807.00 |                  5.00 |                    5.00 |    139 |    12.5578 |
|        1 |         98 |           790.00 |       790.00 |       807.00 |                  5.00 |                    5.00 |    139 |    12.5906 |
|        1 |          0 |           785.60 |       785.60 |       785.60 |                  5.00 |                    5.00 |    141 |    12.7110 |
|        1 |          1 |           785.60 |       785.60 |       807.20 |                  5.00 |                    5.00 |    143 |    12.7815 |
|        1 |          0 |           781.50 |       781.50 |       781.50 |                  5.00 |                    5.00 |    144 |    12.8430 |
|        1 |          0 |           777.40 |       777.40 |       777.40 |                  5.00 |                    5.00 |    145 |    12.9045 |
|        1 |          1 |           777.40 |       777.40 |       777.40 |                  5.00 |                    5.00 |    145 |    12.9386 |
|        1 |          2 |           777.40 |       777.40 |       777.40 |                  5.00 |                    5.00 |    145 |    12.9916 |
|        1 |          3 |           777.40 |       777.40 |       777.40 |                  5.00 |                    5.00 |    145 |    13.0370 |
|        1 |          4 |           777.40 |       777.40 |       777.40 |                  5.00 |                    5.00 |    145 |    13.0747 |
|        1 |          5 |           777.40 |       777.40 |       777.40 |                  5.00 |                    5.00 |    145 |    13.1203 |
|        1 |          6 |           777.40 |       777.40 |       779.00 |                  5.00 |                    5.00 |    146 |    13.1699 |
|        1 |          7 |           777.40 |       777.40 |       779.00 |                  5.00 |                    5.00 |    146 |    13.2032 |
|        1 |          8 |           777.40 |       777.40 |       779.00 |                  5.00 |                    5.00 |    146 |    13.2526 |
|        1 |          9 |           777.40 |       777.40 |       779.00 |                  5.00 |                    5.00 |    146 |    13.3078 |
|        1 |         10 |           777.40 |       777.40 |       779.00 |                  5.00 |                    5.00 |    146 |    13.3534 |
|        1 |         11 |           777.40 |       777.40 |       781.50 |                  5.00 |                    5.00 |    146 |    13.3906 |
|        1 |         12 |           777.40 |       777.40 |       781.70 |                  5.00 |                    5.00 |    147 |    13.4312 |
|        1 |         13 |           777.40 |       777.40 |       782.50 |                  5.00 |                    5.00 |    148 |    13.4752 |
|        1 |         14 |           777.40 |       777.40 |       780.00 |                  5.00 |                    5.00 |    148 |    13.5427 |
|        1 |         15 |           777.40 |       777.40 |       780.00 |                  5.00 |                    5.00 |    148 |    13.5977 |
|        1 |         16 |           777.40 |       777.40 |       777.40 |                  5.00 |                    5.00 |    150 |    13.6513 |
|        1 |         17 |           777.40 |       777.40 |       777.40 |                  5.00 |                    5.00 |    150 |    13.7079 |
|        1 |          0 |           777.20 |       777.20 |       777.20 |                  5.00 |                    5.00 |    151 |    13.7508 |
|        1 |          1 |           777.20 |       777.20 |       777.20 |                  5.00 |                    5.00 |    151 |    13.7908 |
|        1 |          2 |           777.20 |       777.20 |       777.20 |                  5.00 |                    5.00 |    151 |    13.8313 |
|        1 |          3 |           777.20 |       777.20 |       820.00 |                  5.00 |                    5.00 |    153 |    13.8623 |
|        1 |          0 |           776.80 |       776.80 |       776.80 |                  5.00 |                    5.00 |    154 |    13.9471 |
|        1 |          1 |           776.80 |       776.80 |       776.80 |                  5.00 |                    5.00 |    154 |    13.9894 |
|        1 |          0 |           775.60 |       775.60 |       775.60 |                  5.00 |                    5.00 |    154 |    14.0497 |
|        1 |          1 |           775.60 |       775.60 |       775.60 |                  5.00 |                    5.00 |    154 |    14.1005 |
|        1 |          2 |           775.60 |       775.60 |       775.80 |                  5.00 |                    5.00 |    154 |    14.1461 |
|        1 |          3 |           775.60 |       775.60 |       775.80 |                  5.00 |                    5.00 |    154 |    14.1654 |
|        1 |          4 |           775.60 |       775.60 |       775.80 |                  5.00 |                    5.00 |    154 |    14.2209 |
|        1 |          5 |           775.60 |       775.60 |       775.80 |                  5.00 |                    5.00 |    154 |    14.2630 |
|        1 |          6 |           775.60 |       775.60 |       775.80 |                  5.00 |                    5.00 |    154 |    14.2969 |
|        1 |          7 |           775.60 |       775.60 |       775.80 |                  5.00 |                    5.00 |    154 |    14.3334 |
|        1 |          8 |           775.60 |       775.60 |       775.80 |                  5.00 |                    5.00 |    154 |    14.3738 |
|        1 |          9 |           775.60 |       775.60 |       781.50 |                  5.00 |                    5.00 |    156 |    14.4206 |
|        1 |         10 |           775.60 |       775.60 |       775.80 |                  5.00 |                    5.00 |    156 |    14.4919 |
|        1 |         11 |           775.60 |       775.60 |       802.40 |                  5.00 |                    5.00 |    159 |    14.5498 |
|        1 |         12 |           775.60 |       775.60 |       800.20 |                  5.00 |                    5.00 |    161 |    14.5875 |
|        1 |         13 |           775.60 |       775.60 |       805.40 |                  5.00 |                    5.00 |    162 |    14.6500 |
|        1 |         14 |           775.60 |       775.60 |       806.50 |                  5.00 |                    5.00 |    163 |    14.6864 |
|        1 |         15 |           775.60 |       775.60 |       794.80 |                  5.00 |                    5.00 |    165 |    14.7651 |
|        1 |         16 |           775.60 |       775.60 |       790.80 |                  5.00 |                    5.00 |    166 |    14.8364 |
|        1 |         17 |           775.60 |       775.60 |       783.80 |                  5.00 |                    5.00 |    167 |    14.9275 |
|        1 |         18 |           775.60 |       775.60 |       783.80 |                  5.00 |                    5.00 |    167 |    14.9762 |
|        1 |         19 |           775.60 |       775.60 |       783.80 |                  5.00 |                    5.00 |    167 |    15.0143 |
|        1 |         20 |           775.60 |       775.60 |       780.70 |                  5.00 |                    5.00 |    167 |    15.0575 |
|        1 |         21 |           775.60 |       775.60 |       779.60 |                  5.00 |                    5.00 |    167 |    15.0925 |
|        1 |         22 |           775.60 |       775.60 |       779.60 |                  5.00 |                    5.00 |    167 |    15.1381 |
|        1 |         23 |           775.60 |       775.60 |       779.60 |                  5.00 |                    5.00 |    167 |    15.1717 |
|        1 |         24 |           775.60 |       775.60 |       779.60 |                  5.00 |                    5.00 |    167 |    15.2062 |
|        1 |         25 |           775.60 |       775.60 |       780.40 |                  5.00 |                    5.00 |    168 |    15.2412 |
|        1 |         26 |           775.60 |       775.60 |       780.40 |                  5.00 |                    5.00 |    168 |    15.2728 |
|        1 |         27 |           775.60 |       775.60 |       778.20 |                  5.00 |                    5.00 |    168 |    15.3180 |
|        1 |         28 |           775.60 |       775.60 |       778.20 |                  5.00 |                    5.00 |    168 |    15.3572 |
|        1 |         29 |           775.60 |       775.60 |       778.20 |                  5.00 |                    5.00 |    168 |    15.4039 |
|        1 |         30 |           775.60 |       775.60 |       778.20 |                  5.00 |                    5.00 |    168 |    15.4276 |
|        1 |         31 |           775.60 |       775.60 |       778.20 |                  5.00 |                    5.00 |    168 |    15.4683 |
|        1 |         32 |           775.60 |       775.60 |       778.20 |                  5.00 |                    5.00 |    168 |    15.5297 |
|        1 |         33 |           775.60 |       775.60 |       778.20 |                  5.00 |                    5.00 |    168 |    15.5840 |
|        1 |         34 |           775.60 |       775.60 |       778.20 |                  5.00 |                    5.00 |    168 |    15.6457 |
|        1 |         35 |           775.60 |       775.60 |       778.20 |                  5.00 |                    5.00 |    168 |    15.6885 |
|        1 |         36 |           775.60 |       775.60 |       778.20 |                  5.00 |                    5.00 |    168 |    15.7199 |
|        1 |         37 |           775.60 |       775.60 |       778.20 |                  5.00 |                    5.00 |    168 |    15.7528 |
|        1 |         38 |           775.60 |       775.60 |       778.20 |                  5.00 |                    5.00 |    168 |    15.7860 |
|        1 |         39 |           775.60 |       775.60 |       778.20 |                  5.00 |                    5.00 |    168 |    15.8365 |
|        1 |         40 |           775.60 |       775.60 |       778.20 |                  5.00 |                    5.00 |    168 |    15.8713 |
|        1 |         41 |           775.60 |       775.60 |       778.20 |                  5.00 |                    5.00 |    168 |    15.9101 |
|        1 |         42 |           775.60 |       775.60 |       785.50 |                  5.00 |                    5.00 |    168 |    15.9503 |
|        1 |         43 |           775.60 |       775.60 |       785.30 |                  5.00 |                    5.00 |    171 |    16.0308 |
|        1 |         44 |           775.60 |       775.60 |       807.50 |                  5.00 |                    5.00 |    172 |    16.0755 |
|        1 |         45 |           775.60 |       775.60 |       807.50 |                  5.00 |                    5.00 |    172 |    16.1189 |
|        1 |         46 |           775.60 |       775.60 |       805.50 |                  5.00 |                    5.00 |    173 |    16.2631 |
|        1 |         47 |           775.60 |       775.60 |       792.30 |                  5.00 |                    5.00 |    175 |    16.3729 |
|        1 |         48 |           775.60 |       775.60 |       784.80 |                  5.00 |                    8.64 |    176 |    16.4131 |
|        1 |         49 |           775.60 |       775.60 |       786.20 |                  5.00 |                   11.39 |    176 |    16.4733 |
|        1 |         50 |           775.60 |       775.60 |       786.20 |                  5.00 |                    6.22 |    176 |    16.5295 |
|        1 |         51 |           775.60 |       775.60 |       784.70 |                  5.00 |                    5.00 |    179 |    16.6009 |
|        1 |         52 |           775.60 |       775.60 |       784.70 |                  5.00 |                    5.00 |    179 |    16.6423 |
|        1 |          0 |           773.80 |       773.80 |       773.80 |                  5.00 |                    5.00 |    179 |    16.7054 |
|        1 |          1 |           773.80 |       773.80 |       773.80 |                  5.00 |                    5.00 |    179 |    16.7659 |
|        1 |          2 |           773.80 |       773.80 |       773.80 |                  5.00 |                    5.00 |    179 |    16.8159 |
|        1 |          3 |           773.80 |       773.80 |       773.80 |                  5.00 |                    5.00 |    179 |    16.8680 |
|        1 |          4 |           773.80 |       773.80 |       773.80 |                  5.00 |                    5.00 |    179 |    16.9087 |
|        1 |          5 |           773.80 |       773.80 |       773.80 |                  5.00 |                    5.00 |    179 |    16.9574 |
|        1 |          6 |           773.80 |       773.80 |       773.80 |                  5.00 |                    5.00 |    179 |    16.9984 |
|        1 |          7 |           773.80 |       773.80 |       773.80 |                  5.00 |                    5.04 |    179 |    17.0829 |
|        1 |          8 |           773.80 |       773.80 |       779.50 |                  5.00 |                    5.00 |    181 |    17.1233 |
|        1 |          9 |           773.80 |       773.80 |       775.10 |                  5.00 |                    5.00 |    183 |    17.1984 |
|        1 |         10 |           773.80 |       773.80 |       782.10 |                  5.00 |                    5.00 |    184 |    17.2455 |
|        1 |         11 |           773.80 |       773.80 |       782.40 |                  5.00 |                    5.00 |    185 |    17.2867 |
|        1 |         12 |           773.80 |       773.80 |       787.17 |                  5.00 |                   10.54 |    186 |    17.3442 |
|        1 |         13 |           773.80 |       773.80 |       786.10 |                  5.00 |                    7.32 |    186 |    17.4075 |
|        1 |         14 |           773.80 |       773.80 |       787.67 |                  5.00 |                    7.08 |    186 |    17.4566 |
|        1 |         15 |           773.80 |       773.80 |       787.74 |                  5.00 |                    6.44 |    186 |    17.5100 |
|        1 |         16 |           773.80 |       773.80 |       788.80 |                  5.00 |                    5.00 |    188 |    17.6207 |
|        1 |         17 |           773.80 |       773.80 |       827.20 |                  5.00 |                    5.00 |    191 |    17.6932 |
|        1 |         18 |           773.80 |       773.80 |       827.20 |                  5.00 |                    7.52 |    191 |    17.7330 |
|        1 |         19 |           773.80 |       773.80 |       820.80 |                  5.00 |                    6.81 |    191 |    17.8144 |
|        1 |         20 |           773.80 |       773.80 |       819.20 |                  5.00 |                    5.00 |    194 |    17.8616 |
|        1 |         21 |           773.80 |       773.80 |       818.80 |                  5.00 |                    5.00 |    196 |    17.9088 |
|        1 |         22 |           773.80 |       773.80 |       817.90 |                  5.00 |                    5.00 |    197 |    17.9603 |
|        1 |         23 |           773.80 |       773.80 |       796.80 |                  5.00 |                    5.00 |    201 |    18.0965 |
|        1 |         24 |           773.80 |       773.80 |       796.80 |                  5.00 |                    5.00 |    201 |    18.1361 |
|        1 |         25 |           773.80 |       773.80 |       799.90 |                  5.00 |                    6.01 |    203 |    18.2176 |
|        1 |         26 |           773.80 |       773.80 |       799.85 |                  5.00 |                    5.98 |    204 |    18.2961 |
|        1 |         27 |           773.80 |       773.80 |       800.48 |                  5.00 |                    6.13 |    206 |    18.3571 |
|        1 |         28 |           773.80 |       773.80 |       800.43 |                  5.00 |                    5.00 |    206 |    18.4432 |
|        1 |         29 |           773.80 |       773.80 |       800.38 |                  5.00 |                    8.64 |    206 |    18.4915 |
|        1 |         30 |           773.80 |       773.80 |       799.55 |                  5.00 |                    6.23 |    208 |    18.5807 |
|        1 |         31 |           773.80 |       773.80 |       803.16 |                  5.00 |                    8.99 |    210 |    18.6439 |
|        1 |         32 |           773.80 |       773.80 |       814.40 |                  5.00 |                    5.00 |    213 |    18.7587 |
|        1 |         33 |           773.80 |       773.80 |       814.40 |                  5.00 |                    5.00 |    214 |    18.8009 |
|        1 |         34 |           773.80 |       773.80 |       814.50 |                  5.00 |                    5.00 |    215 |    18.8569 |
|        1 |         35 |           773.80 |       773.80 |       811.50 |                  5.00 |                    5.00 |    215 |    18.9176 |
|        1 |         36 |           773.80 |       773.80 |       811.50 |                  5.00 |                    5.00 |    215 |    18.9580 |
|        1 |         37 |           773.80 |       773.80 |       811.50 |                  5.00 |                    5.00 |    215 |    19.0348 |
|        1 |         38 |           773.80 |       773.80 |       811.80 |                  5.00 |                    5.00 |    215 |    19.0824 |
|        1 |         39 |           773.80 |       773.80 |       812.20 |                  5.00 |                    5.00 |    216 |    19.1328 |
|        1 |         40 |           773.80 |       773.80 |       812.20 |                  5.00 |                    5.00 |    216 |    19.1667 |
|        1 |         41 |           773.80 |       773.80 |       812.20 |                  5.00 |                    6.09 |    216 |    19.2189 |
|        1 |         42 |           773.80 |       773.80 |       800.90 |                  5.00 |                    5.00 |    217 |    19.3038 |
|        1 |         43 |           773.80 |       773.80 |       798.60 |                  5.00 |                    5.00 |    218 |    19.3619 |
|        1 |         44 |           773.80 |       773.80 |       802.80 |                  5.00 |                    5.00 |    220 |    19.4213 |
|        1 |         45 |           773.80 |       773.80 |       799.30 |                  5.00 |                    5.00 |    222 |    19.4749 |
|        1 |         46 |           773.80 |       773.80 |       799.30 |                  5.00 |                    5.00 |    223 |    19.5182 |
|        1 |         47 |           773.80 |       773.80 |       799.30 |                  5.00 |                    5.00 |    223 |    19.5626 |
|        1 |         48 |           773.80 |       773.80 |       799.30 |                  5.00 |                    5.00 |    223 |    19.6066 |
|        1 |         49 |           773.80 |       773.80 |       799.30 |                  5.00 |                    5.00 |    223 |    19.6565 |
|        1 |         50 |           773.80 |       773.80 |       799.30 |                  5.00 |                    5.00 |    223 |    19.7045 |
|        1 |         51 |           773.80 |       773.80 |       801.00 |                  5.00 |                    5.00 |    225 |    19.7466 |
|        1 |         52 |           773.80 |       773.80 |       801.00 |                  5.00 |                    5.00 |    225 |    19.7922 |
|        1 |         53 |           773.80 |       773.80 |       830.80 |                  5.00 |                    5.26 |    227 |    19.8386 |
|        1 |         54 |           773.80 |       773.80 |       795.90 |                  5.00 |                    5.00 |    230 |    19.9471 |
------------------------------------------------------------------------------------------------------------------------------------------------
|  Restart |  Iteration |  Best Feas. Cost |    Best Cost |   Curr. Cost |   Penalty Custom Res. |   Penalty Standard Res. |   Pool |   Time (s) |
------------------------------------------------------------------------------------------------------------------------------------------------
|        1 |         55 |           773.80 |       773.80 |       795.90 |                  5.00 |                    5.00 |    230 |    20.0121 |
|        1 |         56 |           773.80 |       773.80 |       795.90 |                  5.00 |                    5.00 |    230 |    20.0396 |
|        1 |         57 |           773.80 |       773.80 |       792.30 |                  5.00 |                    5.00 |    230 |    20.1488 |
|        1 |         58 |           773.80 |       773.80 |       792.30 |                  5.00 |                    5.00 |    230 |    20.1860 |
|        1 |         59 |           773.80 |       773.80 |       792.30 |                  5.00 |                    5.00 |    230 |    20.2351 |
|        1 |         60 |           773.80 |       773.80 |       798.70 |                  5.00 |                    5.00 |    230 |    20.2957 |
|        1 |         61 |           773.80 |       773.80 |       798.70 |                  5.00 |                    5.00 |    230 |    20.3362 |
|        1 |         62 |           773.80 |       773.80 |       797.00 |                  5.00 |                    5.00 |    231 |    20.4011 |
|        1 |         63 |           773.80 |       773.80 |       797.00 |                  5.00 |                    5.00 |    231 |    20.4372 |
|        1 |         64 |           773.80 |       773.80 |       826.10 |                  5.00 |                    5.00 |    233 |    20.4819 |
|        1 |         65 |           773.80 |       773.80 |       810.90 |                  5.00 |                    5.00 |    236 |    20.5709 |
|        1 |         66 |           773.80 |       773.80 |       810.90 |                  5.00 |                    5.00 |    236 |    20.6180 |
|        1 |         67 |           773.80 |       773.80 |       810.90 |                  5.00 |                    5.00 |    236 |    20.6561 |
|        1 |         68 |           773.80 |       773.80 |       808.60 |                  5.00 |                    5.00 |    238 |    20.6987 |
|        1 |         69 |           773.80 |       773.80 |       803.80 |                  5.00 |                    5.00 |    240 |    20.7468 |
|        1 |         70 |           773.80 |       773.80 |       804.70 |                  5.00 |                    5.00 |    243 |    20.7934 |
|        1 |         71 |           773.80 |       773.80 |       804.30 |                  5.00 |                    5.00 |    245 |    20.8479 |
|        1 |         72 |           773.80 |       773.80 |       804.30 |                  5.00 |                    5.00 |    245 |    20.8870 |
|        1 |         73 |           773.80 |       773.80 |       804.30 |                  5.00 |                    5.00 |    245 |    20.9229 |
|        1 |         74 |           773.80 |       773.80 |       801.10 |                  5.00 |                    5.00 |    247 |    20.9756 |
|        1 |         75 |           773.80 |       773.80 |       801.10 |                  5.00 |                    5.00 |    247 |    21.0074 |
|        1 |         76 |           773.80 |       773.80 |       801.10 |                  5.00 |                    5.00 |    247 |    21.0538 |
|        1 |         77 |           773.80 |       773.80 |       809.80 |                  5.00 |                    5.00 |    250 |    21.1088 |
|        1 |         78 |           773.80 |       773.80 |       809.80 |                  5.00 |                    5.00 |    250 |    21.1507 |
|        1 |         79 |           773.80 |       773.80 |       801.10 |                  5.00 |                    5.00 |    250 |    21.2000 |
|        1 |         80 |           773.80 |       773.80 |       800.60 |                  5.00 |                    5.00 |    250 |    21.2582 |
|        1 |         81 |           773.80 |       773.80 |       800.60 |                  5.00 |                    5.00 |    250 |    21.3034 |
|        1 |         82 |           773.80 |       773.80 |       800.60 |                  5.00 |                    5.00 |    250 |    21.3494 |
|        1 |         83 |           773.80 |       773.80 |       800.60 |                  5.00 |                    5.00 |    250 |    21.3898 |
|        1 |         84 |           773.80 |       773.80 |       800.60 |                  5.00 |                    5.00 |    250 |    21.4389 |
|        1 |         85 |           773.80 |       773.80 |       800.60 |                  5.00 |                    5.00 |    250 |    21.4900 |
|        1 |         86 |           773.80 |       773.80 |       800.60 |                  5.00 |                    5.00 |    250 |    21.5404 |
|        1 |         87 |           773.80 |       773.80 |       834.30 |                  5.00 |                    5.00 |    256 |    21.5809 |
|        1 |         88 |           773.80 |       773.80 |       834.30 |                  5.00 |                    5.00 |    256 |    21.6295 |
|        1 |         89 |           773.80 |       773.80 |       834.30 |                  5.00 |                    5.00 |    256 |    21.6758 |
|        1 |         90 |           773.80 |       773.80 |       817.30 |                  5.00 |                    5.00 |    258 |    21.7803 |
|        1 |         91 |           773.80 |       773.80 |       807.50 |                  5.00 |                    5.00 |    260 |    21.8658 |
|        1 |         92 |           773.80 |       773.80 |       802.50 |                  5.00 |                    5.00 |    260 |    21.9187 |
|        1 |         93 |           773.80 |       773.80 |       802.50 |                  5.00 |                    5.00 |    260 |    21.9728 |
|        1 |         94 |           773.80 |       773.80 |       802.50 |                  5.00 |                    5.00 |    260 |    22.0245 |
|        1 |         95 |           773.80 |       773.80 |       802.50 |                  5.00 |                    5.00 |    260 |    22.0701 |
|        1 |         96 |           773.80 |       773.80 |       805.40 |                  5.00 |                    5.00 |    263 |    22.1186 |
|        1 |         97 |           773.80 |       773.80 |       805.40 |                  5.00 |                    5.00 |    263 |    22.1821 |
|        1 |         98 |           773.80 |       773.80 |       805.40 |                  5.00 |                    5.00 |    263 |    22.2206 |
|        1 |         99 |           773.80 |       773.80 |       805.40 |                  5.00 |                    5.00 |    263 |    22.2470 |
|        1 |        100 |           773.80 |       773.80 |       834.70 |                  5.00 |                    5.00 |    266 |    22.3280 |
|        1 |        101 |           773.80 |       773.80 |       834.70 |                  5.00 |                    5.00 |    266 |    22.3884 |
|        1 |        102 |           773.80 |       773.80 |       834.70 |                  5.00 |                    5.00 |    266 |    22.4475 |
|        1 |        103 |           773.80 |       773.80 |       834.70 |                  5.00 |                    5.00 |    266 |    22.5003 |
|        1 |        104 |           773.80 |       773.80 |       809.80 |                  5.00 |                    5.00 |    267 |    22.5383 |
|        1 |        105 |           773.80 |       773.80 |       807.00 |                  5.00 |                    5.00 |    267 |    22.5962 |
|        1 |        106 |           773.80 |       773.80 |       807.00 |                  5.00 |                    5.00 |    267 |    22.6320 |
|        1 |        107 |           773.80 |       773.80 |       816.20 |                  5.00 |                    5.00 |    272 |    22.6751 |
|        1 |        108 |           773.80 |       773.80 |       809.60 |                  5.00 |                    5.00 |    273 |    22.7456 |
|        1 |        109 |           773.80 |       773.80 |       807.30 |                  5.00 |                    5.00 |    273 |    22.7966 |
|        1 |        110 |           773.80 |       773.80 |       797.60 |                  5.00 |                    5.00 |    274 |    22.9255 |
|        1 |        111 |           773.80 |       773.80 |       797.60 |                  5.00 |                    5.00 |    274 |    22.9744 |
|        1 |        112 |           773.80 |       773.80 |       797.60 |                  5.00 |                    5.00 |    274 |    23.0062 |
|        1 |        113 |           773.80 |       773.80 |       797.60 |                  5.00 |                    5.00 |    274 |    23.0476 |
|        1 |        114 |           773.80 |       773.80 |       797.60 |                  5.00 |                    5.00 |    274 |    23.0757 |
|        1 |        115 |           773.80 |       773.80 |       797.60 |                  5.00 |                    5.00 |    274 |    23.1121 |
|        1 |        116 |           773.80 |       773.80 |       797.60 |                  5.00 |                    5.51 |    274 |    23.1540 |
|        1 |        117 |           773.80 |       773.80 |       797.60 |                  5.00 |                    5.00 |    274 |    23.1998 |
|        1 |        118 |           773.80 |       773.80 |       797.60 |                  5.00 |                    5.58 |    274 |    23.2338 |
|        1 |        119 |           773.80 |       773.80 |       797.60 |                  5.00 |                    5.00 |    274 |    23.2612 |
|        1 |        120 |           773.80 |       773.80 |       814.70 |                  5.00 |                    5.00 |    275 |    23.3141 |
|        1 |        121 |           773.80 |       773.80 |       814.10 |                  5.00 |                    5.00 |    275 |    23.4057 |
|        1 |        122 |           773.80 |       773.80 |       814.10 |                  5.00 |                    5.00 |    275 |    23.4698 |
|        1 |        123 |           773.80 |       773.80 |       814.20 |                  5.00 |                    5.00 |    275 |    23.5965 |
|        1 |        124 |           773.80 |       773.80 |       814.10 |                  5.00 |                    5.00 |    275 |    23.7098 |
|        1 |        125 |           773.80 |       773.80 |       814.10 |                  5.00 |                    5.00 |    275 |    23.7605 |
|        1 |        126 |           773.80 |       773.80 |       814.10 |                  5.00 |                    5.00 |    275 |    23.8120 |
|        1 |        127 |           773.80 |       773.80 |       814.10 |                  5.00 |                    5.00 |    275 |    23.8515 |
|        1 |        128 |           773.80 |       773.80 |       814.10 |                  5.00 |                    5.00 |    275 |    23.9122 |
|        1 |        129 |           773.80 |       773.80 |       814.10 |                  5.00 |                    5.00 |    275 |    23.9549 |
|        1 |        130 |           773.80 |       773.80 |       814.10 |                  5.00 |                    5.00 |    275 |    24.0047 |
|        1 |        131 |           773.80 |       773.80 |       814.10 |                  5.00 |                    5.00 |    275 |    24.0540 |
|        1 |        132 |           773.80 |       773.80 |       814.10 |                  5.00 |                    5.00 |    275 |    24.0982 |
|        1 |        133 |           773.80 |       773.80 |       814.10 |                  5.00 |                    5.00 |    275 |    24.1301 |
|        1 |        134 |           773.80 |       773.80 |       814.10 |                  5.00 |                    5.00 |    275 |    24.1714 |
|        1 |        135 |           773.80 |       773.80 |       814.10 |                  5.00 |                    5.00 |    275 |    24.2133 |
|        1 |        136 |           773.80 |       773.80 |       812.70 |                  5.00 |                    6.47 |    278 |    24.2681 |
|        1 |        137 |           773.80 |       773.80 |       828.00 |                  5.00 |                    5.00 |    279 |    24.3075 |
|        1 |        138 |           773.80 |       773.80 |       828.10 |                  5.00 |                    5.00 |    279 |    24.3713 |
|        1 |        139 |           773.80 |       773.80 |       819.68 |                  5.00 |                    6.27 |    282 |    24.4417 |
|        1 |        140 |           773.80 |       773.80 |       814.24 |                  5.00 |                    6.24 |    284 |    24.5174 |
|        1 |        141 |           773.80 |       773.80 |       812.30 |                  5.00 |                    6.52 |    284 |    24.6039 |
|        1 |        142 |           773.80 |       773.80 |       821.70 |                  5.00 |                    5.00 |    288 |    24.6468 |
|        1 |        143 |           773.80 |       773.80 |       818.50 |                  5.00 |                    5.00 |    290 |    24.6898 |
|        1 |        144 |           773.80 |       773.80 |       818.50 |                  5.00 |                    5.00 |    290 |    24.7318 |
|        1 |        145 |           773.80 |       773.80 |       816.50 |                  5.00 |                    5.00 |    292 |    24.7849 |
|        1 |        146 |           773.80 |       773.80 |       817.30 |                  5.00 |                    5.00 |    293 |    24.8811 |
|        1 |        147 |           773.80 |       773.80 |       817.30 |                  5.00 |                    5.00 |    293 |    24.9475 |
|        1 |        148 |           773.80 |       773.80 |       817.30 |                  5.00 |                    5.00 |    293 |    24.9734 |
|        1 |        149 |           773.80 |       773.80 |       817.30 |                  5.00 |                    5.00 |    293 |    25.0071 |
|        1 |        150 |           773.80 |       773.80 |       817.30 |                  5.00 |                    5.00 |    293 |    25.0544 |
|        1 |        151 |           773.80 |       773.80 |       817.30 |                  5.00 |                    5.00 |    293 |    25.1103 |
|        1 |        152 |           773.80 |       773.80 |       814.20 |                  5.00 |                    5.00 |    293 |    25.1548 |
|        1 |        153 |           773.80 |       773.80 |       814.20 |                  5.00 |                    5.00 |    293 |    25.1981 |
|        1 |        154 |           773.80 |       773.80 |       814.20 |                  5.00 |                    5.00 |    293 |    25.2441 |
|        1 |        155 |           773.80 |       773.80 |       814.20 |                  5.00 |                    5.00 |    293 |    25.2958 |
|        1 |        156 |           773.80 |       773.80 |       814.20 |                  5.00 |                    5.00 |    293 |    25.3375 |
|        1 |        157 |           773.80 |       773.80 |       814.20 |                  5.00 |                    5.00 |    293 |    25.3751 |
|        1 |        158 |           773.80 |       773.80 |       814.20 |                  5.00 |                    5.00 |    293 |    25.4091 |
|        1 |        159 |           773.80 |       773.80 |       814.20 |                  5.00 |                    5.00 |    293 |    25.4720 |
|        1 |        160 |           773.80 |       773.80 |       814.20 |                  5.00 |                    5.00 |    293 |    25.5254 |
|        1 |        161 |           773.80 |       773.80 |       814.20 |                  5.00 |                    5.00 |    293 |    25.5754 |
|        1 |        162 |           773.80 |       773.80 |       837.50 |                  5.00 |                    5.00 |    296 |    25.6255 |
|        1 |        163 |           773.80 |       773.80 |       813.70 |                  5.00 |                    5.00 |    298 |    25.7450 |
|        1 |        164 |           773.80 |       773.80 |       813.70 |                  5.00 |                    5.00 |    300 |    25.7935 |
|        1 |        165 |           773.80 |       773.80 |       813.70 |                  5.00 |                    5.00 |    300 |    25.8460 |
|        1 |        166 |           773.80 |       773.80 |       814.50 |                  5.00 |                    5.00 |    300 |    25.9228 |
|        1 |        167 |           773.80 |       773.80 |       814.50 |                  5.00 |                    5.00 |    300 |    25.9634 |
|        1 |        168 |           773.80 |       773.80 |       814.50 |                  5.00 |                    5.00 |    300 |    26.0061 |
|        1 |        169 |           773.80 |       773.80 |       814.50 |                  5.00 |                    5.00 |    300 |    26.0719 |
|        1 |        170 |           773.80 |       773.80 |       814.50 |                  5.00 |                    5.00 |    300 |    26.1172 |
|        1 |        171 |           773.80 |       773.80 |       815.70 |                  5.00 |                    5.00 |    302 |    26.1705 |
|        1 |        172 |           773.80 |       773.80 |       815.70 |                  5.00 |                    5.00 |    302 |    26.2362 |
|        1 |        173 |           773.80 |       773.80 |       815.70 |                  5.00 |                    5.00 |    302 |    26.2786 |
|        1 |        174 |           773.80 |       773.80 |       814.80 |                  5.00 |                    5.00 |    304 |    26.3279 |
|        1 |        175 |           773.80 |       773.80 |       805.30 |                  5.00 |                    5.00 |    307 |    26.3941 |
|        1 |        176 |           773.80 |       773.80 |       805.30 |                  5.00 |                    5.00 |    307 |    26.4293 |
|        1 |        177 |           773.80 |       773.80 |       805.30 |                  5.00 |                    5.00 |    307 |    26.4821 |
|        1 |        178 |           773.80 |       773.80 |       807.00 |                  5.00 |                    5.00 |    309 |    26.5262 |
|        1 |        179 |           773.80 |       773.80 |       807.70 |                  5.00 |                    5.00 |    311 |    26.5851 |
|        1 |        180 |           773.80 |       773.80 |       802.40 |                  5.00 |                    5.00 |    313 |    26.6727 |
|        1 |        181 |           773.80 |       773.80 |       802.40 |                  5.00 |                    5.00 |    313 |    26.7153 |
|        1 |        182 |           773.80 |       773.80 |       802.40 |                  5.00 |                    5.00 |    313 |    26.7657 |
|        1 |        183 |           773.80 |       773.80 |       814.90 |                  5.00 |                    5.00 |    318 |    26.8728 |
|        1 |        184 |           773.80 |       773.80 |       806.70 |                  5.00 |                    5.00 |    322 |    26.9485 |
|        1 |        185 |           773.80 |       773.80 |       807.40 |                  5.00 |                    5.00 |    323 |    27.0011 |
|        1 |        186 |           773.80 |       773.80 |       807.40 |                  5.00 |                    5.00 |    323 |    27.0560 |
|        1 |        187 |           773.80 |       773.80 |       804.50 |                  5.00 |                    5.00 |    326 |    27.1304 |
|        1 |        188 |           773.80 |       773.80 |       804.50 |                  5.00 |                    5.00 |    326 |    27.1768 |
|        1 |        189 |           773.80 |       773.80 |       804.50 |                  5.00 |                    5.00 |    326 |    27.2294 |
|        1 |        190 |           773.80 |       773.80 |       807.40 |                  5.00 |                    5.00 |    328 |    27.2774 |
|        1 |        191 |           773.80 |       773.80 |       807.40 |                  5.00 |                    5.00 |    328 |    27.3266 |
|        1 |        192 |           773.80 |       773.80 |       807.40 |                  5.00 |                    5.00 |    329 |    27.3725 |
|        1 |        193 |           773.80 |       773.80 |       807.40 |                  5.00 |                    5.00 |    329 |    27.4274 |
|        1 |        194 |           773.80 |       773.80 |       805.60 |                  5.00 |                    5.00 |    331 |    27.4778 |
|        1 |        195 |           773.80 |       773.80 |       790.20 |                  5.00 |                    8.64 |    334 |    27.5567 |
|        1 |        196 |           773.80 |       773.80 |       788.70 |                  5.00 |                   17.27 |    338 |    27.6594 |
|        1 |        197 |           773.80 |       773.80 |       788.70 |                  5.00 |                   20.62 |    338 |    27.6958 |
|        1 |        198 |           773.80 |       773.80 |       799.60 |                  5.00 |                    7.10 |    341 |    27.7725 |
|        1 |        199 |           773.80 |       773.80 |       799.60 |                  5.00 |                    5.00 |    341 |    27.8173 |
|        1 |        200 |           773.80 |       773.80 |       799.60 |                  5.00 |                    5.00 |    341 |    27.8559 |
|        1 |        201 |           773.80 |       773.80 |       793.40 |                  5.00 |                    5.00 |    342 |    27.9272 |
|        1 |        202 |           773.80 |       773.80 |       793.10 |                  5.00 |                    5.00 |    342 |    27.9725 |
|        1 |        203 |           773.80 |       773.80 |       796.20 |                  5.00 |                    5.00 |    342 |    28.0170 |
|        1 |        204 |           773.80 |       773.80 |       796.20 |                  5.00 |                    5.00 |    342 |    28.0439 |
|        1 |        205 |           773.80 |       773.80 |       796.20 |                  5.00 |                    5.00 |    342 |    28.0829 |
|        1 |        206 |           773.80 |       773.80 |       796.20 |                  5.00 |                    5.00 |    342 |    28.1251 |
|        1 |        207 |           773.80 |       773.80 |       793.10 |                  5.00 |                    5.00 |    342 |    28.1891 |
|        1 |        208 |           773.80 |       773.80 |       793.10 |                  5.00 |                    5.00 |    342 |    28.2354 |
|        1 |        209 |           773.80 |       773.80 |       817.80 |                  5.00 |                    5.00 |    343 |    28.3209 |
|        1 |        210 |           773.80 |       773.80 |       817.80 |                  5.00 |                    5.00 |    343 |    28.3591 |
|        1 |        211 |           773.80 |       773.80 |       817.80 |                  5.00 |                    5.00 |    343 |    28.3967 |
|        1 |        212 |           773.80 |       773.80 |       823.70 |                  5.00 |                    5.00 |    346 |    28.4997 |
|        1 |        213 |           773.80 |       773.80 |       822.20 |                  5.00 |                    5.00 |    349 |    28.5562 |
|        1 |        214 |           773.80 |       773.80 |       822.20 |                  5.00 |                    5.00 |    349 |    28.5902 |
|        1 |        215 |           773.80 |       773.80 |       822.20 |                  5.00 |                    5.00 |    349 |    28.6432 |
|        1 |        216 |           773.80 |       773.80 |       822.50 |                  5.00 |                    5.00 |    349 |    28.6847 |
|        1 |        217 |           773.80 |       773.80 |       822.20 |                  5.00 |                    5.00 |    349 |    28.7430 |
|        1 |        218 |           773.80 |       773.80 |       822.20 |                  5.00 |                    5.00 |    349 |    28.7799 |
|        1 |        219 |           773.80 |       773.80 |       822.20 |                  5.00 |                    5.00 |    349 |    28.8363 |
|        1 |        220 |           773.80 |       773.80 |       822.20 |                  5.00 |                    5.00 |    349 |    28.9027 |
|        1 |        221 |           773.80 |       773.80 |       822.50 |                  5.00 |                    5.00 |    351 |    28.9401 |
|        1 |        222 |           773.80 |       773.80 |       822.50 |                  5.00 |                    5.00 |    351 |    28.9875 |
|        1 |        223 |           773.80 |       773.80 |       822.50 |                  5.00 |                    5.00 |    351 |    29.0259 |
|        1 |        224 |           773.80 |       773.80 |       797.80 |                  5.00 |                    5.00 |    352 |    29.0783 |
|        1 |        225 |           773.80 |       773.80 |       797.80 |                  5.00 |                    5.26 |    352 |    29.1285 |
|        1 |        226 |           773.80 |       773.80 |       797.80 |                  5.00 |                    5.00 |    352 |    29.1807 |
|        1 |        227 |           773.80 |       773.80 |       797.80 |                  5.00 |                    5.00 |    352 |    29.2345 |
|        1 |        228 |           773.80 |       773.80 |       822.10 |                  5.00 |                    5.00 |    354 |    29.3089 |
|        1 |        229 |           773.80 |       773.80 |       822.00 |                  5.00 |                    5.00 |    357 |    29.3537 |
|        1 |        230 |           773.80 |       773.80 |       822.00 |                  5.00 |                    5.00 |    357 |    29.4032 |
|        1 |        231 |           773.80 |       773.80 |       822.00 |                  5.00 |                    5.00 |    357 |    29.4522 |
|        1 |        232 |           773.80 |       773.80 |       819.80 |                  5.00 |                    5.00 |    359 |    29.5001 |
|        1 |        233 |           773.80 |       773.80 |       819.80 |                  5.00 |                    5.00 |    359 |    29.5373 |
|        1 |        234 |           773.80 |       773.80 |       819.80 |                  5.00 |                    5.00 |    359 |    29.5876 |
|        1 |        235 |           773.80 |       773.80 |       816.50 |                  5.00 |                    5.00 |    361 |    29.6621 |
|        1 |        236 |           773.80 |       773.80 |       816.50 |                  5.00 |                    5.00 |    361 |    29.7119 |
|        1 |        237 |           773.80 |       773.80 |       816.50 |                  5.00 |                    5.00 |    361 |    29.7486 |
|        1 |        238 |           773.80 |       773.80 |       816.50 |                  5.00 |                    5.00 |    361 |    29.8129 |
|        1 |        239 |           773.80 |       773.80 |       816.50 |                  5.00 |                    5.00 |    361 |    29.8661 |
|        1 |        240 |           773.80 |       773.80 |       816.50 |                  5.00 |                    5.00 |    361 |    29.8983 |
|        1 |        241 |           773.80 |       773.80 |       818.50 |                  5.00 |                    5.00 |    364 |    29.9420 |
|        1 |        242 |           773.80 |       773.80 |       818.50 |                  5.00 |                    5.00 |    367 |    29.9905 |
|        1 |        243 |           773.80 |       773.80 |       821.10 |                  5.00 |                    5.00 |    370 |    30.0414 |
|        1 |        244 |           773.80 |       773.80 |       821.10 |                  5.00 |                    5.00 |    370 |    30.0709 |
|        1 |        245 |           773.80 |       773.80 |       821.10 |                  5.00 |                    5.00 |    370 |    30.1049 |
|        1 |        246 |           773.80 |       773.80 |       819.00 |                  5.00 |                    5.00 |    372 |    30.1670 |
|        1 |        247 |           773.80 |       773.80 |       819.00 |                  5.00 |                    5.00 |    372 |    30.2028 |
|        1 |        248 |           773.80 |       773.80 |       819.00 |                  5.00 |                    5.00 |    372 |    30.2515 |
|        1 |        249 |           773.80 |       773.80 |       825.80 |                  5.00 |                    5.00 |    376 |    30.3739 |
|        1 |        250 |           773.80 |       773.80 |       820.70 |                  5.00 |                    5.00 |    378 |    30.4321 |
|        1 |        251 |           773.80 |       773.80 |       830.30 |                  5.00 |                    5.00 |    381 |    30.4885 |
|        1 |        252 |           773.80 |       773.80 |       825.10 |                  5.00 |                    5.00 |    385 |    30.5476 |
|        1 |        253 |           773.80 |       773.80 |       812.80 |                  5.00 |                    5.00 |    390 |    30.6708 |
|        1 |        254 |           773.80 |       773.80 |       812.50 |                  5.00 |                    5.00 |    393 |    30.7538 |
|        1 |        255 |           773.80 |       773.80 |       812.50 |                  5.00 |                    5.00 |    393 |    30.8033 |
|        1 |        256 |           773.80 |       773.80 |       812.50 |                  5.00 |                    5.00 |    393 |    30.8554 |
|        1 |        257 |           773.80 |       773.80 |       811.00 |                  5.00 |                    5.00 |    397 |    30.9230 |
|        1 |        258 |           773.80 |       773.80 |       811.00 |                  5.00 |                    5.00 |    397 |    30.9661 |
|        1 |        259 |           773.80 |       773.80 |       809.80 |                  5.00 |                    5.00 |    401 |    31.0576 |
|        1 |        260 |           773.80 |       773.80 |       809.80 |                  5.00 |                    5.00 |    401 |    31.1028 |
|        1 |        261 |           773.80 |       773.80 |       806.80 |                  5.00 |                    5.00 |    401 |    31.1523 |
|        1 |        262 |           773.80 |       773.80 |       806.80 |                  5.00 |                    5.00 |    401 |    31.1937 |
|        1 |        263 |           773.80 |       773.80 |       806.80 |                  5.00 |                    5.00 |    401 |    31.2312 |
|        1 |        264 |           773.80 |       773.80 |       806.80 |                  5.00 |                    5.00 |    401 |    31.2906 |
|        1 |        265 |           773.80 |       773.80 |       806.80 |                  5.00 |                    5.00 |    401 |    31.3618 |
|        1 |        266 |           773.80 |       773.80 |       806.80 |                  5.00 |                    5.00 |    401 |    31.4165 |
|        1 |        267 |           773.80 |       773.80 |       806.80 |                  5.00 |                    5.00 |    401 |    31.4584 |
|        1 |        268 |           773.80 |       773.80 |       806.80 |                  5.00 |                    5.00 |    401 |    31.5141 |
|        1 |        269 |           773.80 |       773.80 |       806.80 |                  5.00 |                    5.00 |    401 |    31.5654 |
|        1 |        270 |           773.80 |       773.80 |       806.80 |                  5.00 |                    5.00 |    401 |    31.5984 |
|        1 |        271 |           773.80 |       773.80 |       806.80 |                  5.00 |                    5.00 |    401 |    31.6526 |
|        1 |        272 |           773.80 |       773.80 |       811.10 |                  5.00 |                    5.00 |    404 |    31.6946 |
|        1 |        273 |           773.80 |       773.80 |       817.50 |                  5.00 |                    5.00 |    407 |    31.7547 |
|        1 |        274 |           773.80 |       773.80 |       816.10 |                  5.00 |                    5.00 |    409 |    31.8207 |
|        1 |        275 |           773.80 |       773.80 |       816.10 |                  5.00 |                    5.00 |    409 |    31.8769 |
|        1 |        276 |           773.80 |       773.80 |       792.50 |                  5.00 |                    5.00 |    412 |    31.9554 |
|        1 |        277 |           773.80 |       773.80 |       792.50 |                  5.00 |                    5.00 |    412 |    31.9972 |
|        1 |        278 |           773.80 |       773.80 |       793.40 |                  5.00 |                    5.00 |    414 |    32.0530 |
|        1 |        279 |           773.80 |       773.80 |       793.40 |                  5.00 |                    7.01 |    414 |    32.1089 |
|        1 |        280 |           773.80 |       773.80 |       793.40 |                  5.00 |                    5.00 |    414 |    32.1554 |
|        1 |        281 |           773.80 |       773.80 |       789.80 |                  5.00 |                    5.00 |    416 |    32.2166 |
|        1 |        282 |           773.80 |       773.80 |       782.10 |                  5.00 |                    5.00 |    418 |    32.2709 |
|        1 |        283 |           773.80 |       773.80 |       782.10 |                  5.00 |                    5.00 |    418 |    32.3138 |
|        1 |        284 |           773.80 |       773.80 |       782.10 |                  5.00 |                    5.00 |    418 |    32.3544 |
|        1 |        285 |           773.80 |       773.80 |       782.90 |                  5.00 |                    5.00 |    420 |    32.3983 |
|        1 |        286 |           773.80 |       773.80 |       782.90 |                  5.00 |                    5.00 |    420 |    32.4614 |
|        1 |        287 |           773.80 |       773.80 |       786.70 |                  5.00 |                    5.00 |    422 |    32.5291 |
|        1 |        288 |           773.80 |       773.80 |       818.90 |                  5.00 |                    8.90 |    427 |    32.6209 |
|        1 |        289 |           773.80 |       773.80 |       805.00 |                  5.00 |                    5.00 |    431 |    32.6920 |
|        1 |        290 |           773.80 |       773.80 |       791.70 |                  5.00 |                    5.00 |    433 |    32.7630 |
|        1 |        291 |           773.80 |       773.80 |       785.10 |                  5.00 |                    5.00 |    435 |    32.8563 |
|        1 |        292 |           773.80 |       773.80 |       782.20 |                  5.00 |                    5.00 |    437 |    32.9023 |
|        1 |        293 |           773.80 |       773.80 |       780.50 |                  5.00 |                    5.00 |    439 |    32.9382 |
|        1 |        294 |           773.80 |       773.80 |       780.50 |                  5.00 |                    5.00 |    439 |    32.9790 |
|        1 |        295 |           773.80 |       773.80 |       780.50 |                  5.00 |                    5.00 |    439 |    33.0195 |
|        1 |        296 |           773.80 |       773.80 |       787.40 |                  5.00 |                    5.00 |    441 |    33.1226 |
|        1 |        297 |           773.80 |       773.80 |       787.40 |                  5.00 |                    5.00 |    441 |    33.1798 |
|        1 |        298 |           773.80 |       773.80 |       787.40 |                  5.00 |                    5.00 |    441 |    33.2201 |
|        1 |        299 |           773.80 |       773.80 |       787.40 |                  5.00 |                    5.00 |    441 |    33.2651 |
|        1 |        300 |           773.80 |       773.80 |       779.60 |                  5.00 |                    5.00 |    442 |    33.3196 |
|        1 |        301 |           773.80 |       773.80 |       779.60 |                  5.00 |                    5.00 |    442 |    33.3763 |
|        1 |        302 |           773.80 |       773.80 |       810.30 |                  5.00 |                    5.00 |    446 |    33.4153 |
|        1 |        303 |           773.80 |       773.80 |       814.20 |                  5.00 |                    5.00 |    447 |    33.4537 |
|        1 |        304 |           773.80 |       773.80 |       810.40 |                  5.00 |                    5.00 |    448 |    33.5241 |
|        1 |        305 |           773.80 |       773.80 |       809.50 |                  5.00 |                    5.00 |    449 |    33.5807 |
|        1 |        306 |           773.80 |       773.80 |       784.20 |                  5.00 |                    5.00 |    451 |    33.6650 |
|        1 |        307 |           773.80 |       773.80 |       784.20 |                  5.00 |                    5.00 |    451 |    33.7021 |
|        1 |        308 |           773.80 |       773.80 |       784.20 |                  5.00 |                    5.00 |    451 |    33.7425 |
|        1 |        309 |           773.80 |       773.80 |       784.20 |                  5.00 |                    5.00 |    451 |    33.7725 |
|        1 |        310 |           773.80 |       773.80 |       784.20 |                  5.00 |                    5.00 |    451 |    33.8088 |
|        1 |        311 |           773.80 |       773.80 |       774.40 |                  5.00 |                    5.00 |    453 |    33.8695 |
|        1 |        312 |           773.80 |       773.80 |       784.20 |                  5.00 |                    5.00 |    453 |    33.9098 |
|        1 |        313 |           773.80 |       773.80 |       786.40 |                  5.00 |                    5.00 |    454 |    33.9613 |
|        1 |        314 |           773.80 |       773.80 |       786.10 |                  5.00 |                    5.00 |    456 |    34.0433 |
|        1 |        315 |           773.80 |       773.80 |       786.10 |                  5.00 |                    5.00 |    456 |    34.0890 |
|        1 |        316 |           773.80 |       773.80 |       786.10 |                  5.00 |                    5.00 |    456 |    34.1288 |
|        1 |        317 |           773.80 |       773.80 |       782.70 |                  5.00 |                    5.00 |    457 |    34.1981 |
|        1 |        318 |           773.80 |       773.80 |       782.70 |                  5.00 |                    5.00 |    457 |    34.2399 |
|        1 |        319 |           773.80 |       773.80 |       782.70 |                  5.00 |                    5.00 |    457 |    34.2759 |
|        1 |        320 |           773.80 |       773.80 |       782.70 |                  5.00 |                    5.00 |    457 |    34.3067 |
|        1 |        321 |           773.80 |       773.80 |       782.70 |                  5.00 |                    5.00 |    457 |    34.3420 |
|        1 |        322 |           773.80 |       773.80 |       782.70 |                  5.00 |                    5.00 |    457 |    34.3698 |
|        1 |        323 |           773.80 |       773.80 |       782.70 |                  5.00 |                    5.00 |    457 |    34.3948 |
|        1 |        324 |           773.80 |       773.80 |       805.40 |                  5.00 |                    5.00 |    458 |    34.4326 |
|        1 |        325 |           773.80 |       773.80 |       805.40 |                  5.00 |                    5.00 |    458 |    34.4792 |
|        1 |        326 |           773.80 |       773.80 |       805.40 |                  5.00 |                    5.00 |    458 |    34.5148 |
|        1 |        327 |           773.80 |       773.80 |       782.70 |                  5.00 |                    5.00 |    458 |    34.5764 |
|        1 |        328 |           773.80 |       773.80 |       783.80 |                  5.00 |                    5.00 |    459 |    34.6207 |
|        1 |        329 |           773.80 |       773.80 |       784.00 |                  5.00 |                    5.00 |    459 |    34.6540 |
|        1 |        330 |           773.80 |       773.80 |       784.00 |                  5.00 |                    5.00 |    459 |    34.6995 |
|        1 |        331 |           773.80 |       773.80 |       782.90 |                  5.00 |                    5.00 |    459 |    34.7581 |
|        1 |        332 |           773.80 |       773.80 |       782.90 |                  5.00 |                    5.00 |    459 |    34.7872 |
|        1 |        333 |           773.80 |       773.80 |       782.90 |                  5.00 |                    5.00 |    459 |    34.8336 |
|        1 |        334 |           773.80 |       773.80 |       782.70 |                  5.00 |                    5.26 |    459 |    34.8781 |
|        1 |        335 |           773.80 |       773.80 |       787.30 |                  5.00 |                    5.00 |    460 |    34.9580 |
|        1 |        336 |           773.80 |       773.80 |       787.30 |                  5.00 |                    5.00 |    460 |    35.0096 |
|        1 |        337 |           773.80 |       773.80 |       787.30 |                  5.00 |                    5.00 |    460 |    35.0486 |
|        1 |        338 |           773.80 |       773.80 |       803.10 |                  5.00 |                    5.00 |    462 |    35.0937 |
|        1 |        339 |           773.80 |       773.80 |       803.10 |                  5.00 |                    5.00 |    462 |    35.1413 |
|        1 |        340 |           773.80 |       773.80 |       801.00 |                  5.00 |                    5.00 |    465 |    35.1946 |
|        1 |        341 |           773.80 |       773.80 |       824.20 |                  5.00 |                    5.00 |    466 |    35.2318 |
|        1 |        342 |           773.80 |       773.80 |       824.20 |                  5.00 |                    5.00 |    466 |    35.2707 |
|        1 |        343 |           773.80 |       773.80 |       792.60 |                  5.00 |                    5.00 |    468 |    35.3621 |
|        1 |        344 |           773.80 |       773.80 |       792.60 |                  5.00 |                    5.00 |    468 |    35.4061 |
|        1 |        345 |           773.80 |       773.80 |       796.00 |                  5.00 |                    5.00 |    469 |    35.4481 |
|        1 |        346 |           773.80 |       773.80 |       807.90 |                  5.00 |                    5.00 |    471 |    35.4836 |
|        1 |        347 |           773.80 |       773.80 |       818.70 |                  5.00 |                    5.00 |    471 |    35.5381 |
|        1 |        348 |           773.80 |       773.80 |       818.70 |                  5.00 |                    5.00 |    471 |    35.5685 |
|        1 |        349 |           773.80 |       773.80 |       815.30 |                  5.00 |                    5.00 |    471 |    35.6075 |
|        1 |        350 |           773.80 |       773.80 |       786.70 |                  5.00 |                    5.00 |    471 |    35.7581 |
|        1 |        351 |           773.80 |       773.80 |       783.60 |                  5.00 |                    5.00 |    471 |    35.8251 |
|        1 |        352 |           773.80 |       773.80 |       807.00 |                  5.00 |                    5.00 |    474 |    35.8925 |
|        1 |        353 |           773.80 |       773.80 |       807.00 |                  5.00 |                    5.00 |    474 |    35.9379 |
|        1 |        354 |           773.80 |       773.80 |       807.00 |                  5.00 |                    5.00 |    474 |    35.9841 |
|        1 |        355 |           773.80 |       773.80 |       807.00 |                  5.00 |                    5.00 |    474 |    36.0148 |
|        1 |        356 |           773.80 |       773.80 |       809.10 |                  5.00 |                    5.00 |    475 |    36.0624 |
|        1 |        357 |           773.80 |       773.80 |       803.40 |                  5.00 |                    7.50 |    475 |    36.1608 |
|        1 |        358 |           773.80 |       773.80 |       803.40 |                  5.00 |                    8.52 |    475 |    36.1962 |
|        1 |        359 |           773.80 |       773.80 |       803.40 |                  5.00 |                   11.01 |    475 |    36.2453 |
|        1 |        360 |           773.80 |       773.80 |       811.90 |                  5.00 |                   10.31 |    475 |    36.3221 |
|        1 |        361 |           773.80 |       773.80 |       811.90 |                  5.00 |                   11.70 |    475 |    36.3734 |
|        1 |        362 |           773.80 |       773.80 |       811.90 |                  5.00 |                   13.14 |    475 |    36.4251 |
|        1 |        363 |           773.80 |       773.80 |       811.70 |                  5.00 |                    9.41 |    475 |    36.4716 |
|        1 |        364 |           773.80 |       773.80 |       814.90 |                  5.00 |                    5.00 |    477 |    36.5365 |
|        1 |        365 |           773.80 |       773.80 |       814.90 |                  5.00 |                    5.00 |    477 |    36.5758 |
|        1 |        366 |           773.80 |       773.80 |       817.50 |                  5.00 |                    5.00 |    478 |    36.6278 |
|        1 |        367 |           773.80 |       773.80 |       804.50 |                  5.00 |                    5.00 |    480 |    36.6806 |
|        1 |        368 |           773.80 |       773.80 |       804.50 |                  5.00 |                    5.00 |    480 |    36.7186 |
|        1 |        369 |           773.80 |       773.80 |       804.50 |                  5.00 |                    5.00 |    480 |    36.7453 |
|        1 |        370 |           773.80 |       773.80 |       811.30 |                  5.00 |                    5.00 |    481 |    36.8077 |
|        1 |        371 |           773.80 |       773.80 |       807.60 |                  5.00 |                    5.00 |    482 |    36.8649 |
|        1 |        372 |           773.80 |       773.80 |       807.60 |                  5.00 |                    5.00 |    482 |    36.9146 |
|        1 |        373 |           773.80 |       773.80 |       807.60 |                  5.00 |                    5.00 |    482 |    36.9616 |
|        1 |        374 |           773.80 |       773.80 |       804.50 |                  5.00 |                    5.00 |    482 |    37.0177 |
|        1 |        375 |           773.80 |       773.80 |       809.30 |                  5.00 |                    5.00 |    486 |    37.1676 |
|        1 |        376 |           773.80 |       773.80 |       802.80 |                  5.00 |                    5.00 |    488 |    37.2285 |
|        1 |        377 |           773.80 |       773.80 |       811.10 |                  5.00 |                    5.00 |    490 |    37.2749 |
|        1 |        378 |           773.80 |       773.80 |       817.90 |                  5.00 |                    5.00 |    493 |    37.3477 |
|        1 |        379 |           773.80 |       773.80 |       817.90 |                  5.00 |                    5.00 |    493 |    37.3941 |
|        1 |        380 |           773.80 |       773.80 |       811.20 |                  5.00 |                    5.00 |    493 |    37.4641 |
|        1 |        381 |           773.80 |       773.80 |       811.20 |                  5.00 |                    5.00 |    493 |    37.5102 |
|        1 |        382 |           773.80 |       773.80 |       811.20 |                  5.00 |                    5.00 |    493 |    37.5500 |
|        1 |        383 |           773.80 |       773.80 |       811.20 |                  5.00 |                    5.00 |    493 |    37.5894 |
|        1 |        384 |           773.80 |       773.80 |       811.20 |                  5.00 |                    5.00 |    493 |    37.6259 |
|        1 |        385 |           773.80 |       773.80 |       811.20 |                  5.00 |                    5.00 |    493 |    37.6812 |
|        1 |        386 |           773.80 |       773.80 |       811.20 |                  5.00 |                    5.00 |    493 |    37.7316 |
|        1 |        387 |           773.80 |       773.80 |       811.20 |                  5.00 |                    5.26 |    493 |    37.7774 |
|        1 |        388 |           773.80 |       773.80 |       811.20 |                  5.00 |                    5.00 |    493 |    37.8241 |
|        1 |        389 |           773.80 |       773.80 |       811.40 |                  5.00 |                    5.00 |    495 |    37.8660 |
|        1 |        390 |           773.80 |       773.80 |       811.40 |                  5.00 |                    5.00 |    495 |    37.9047 |
|        1 |        391 |           773.80 |       773.80 |       811.40 |                  5.00 |                    5.00 |    495 |    37.9642 |
|        1 |        392 |           773.80 |       773.80 |       811.20 |                  5.00 |                    5.00 |    495 |    38.0247 |
|        1 |        393 |           773.80 |       773.80 |       811.20 |                  5.00 |                    5.00 |    495 |    38.0645 |
|        1 |        394 |           773.80 |       773.80 |       811.20 |                  5.00 |                    5.00 |    495 |    38.1108 |
|        1 |        395 |           773.80 |       773.80 |       811.20 |                  5.00 |                    5.00 |    495 |    38.1543 |
|        1 |        396 |           773.80 |       773.80 |       834.40 |                  5.00 |                    5.00 |    498 |    38.1945 |
|        1 |        397 |           773.80 |       773.80 |       811.50 |                  5.00 |                    5.00 |    500 |    38.2422 |
|        1 |        398 |           773.80 |       773.80 |       817.50 |                  5.00 |                    5.00 |    501 |    38.3403 |
|        1 |        399 |           773.80 |       773.80 |       824.10 |                  5.00 |                    5.00 |    505 |    38.4152 |
|        1 |        400 |           773.80 |       773.80 |       824.10 |                  5.00 |                    5.00 |    505 |    38.4461 |
|        1 |        401 |           773.80 |       773.80 |       824.10 |                  5.00 |                    5.00 |    505 |    38.4791 |
|        1 |        402 |           773.80 |       773.80 |       824.10 |                  5.00 |                    5.00 |    505 |    38.5366 |
|        1 |        403 |           773.80 |       773.80 |       824.10 |                  5.00 |                    5.00 |    505 |    38.5748 |
|        1 |        404 |           773.80 |       773.80 |       814.90 |                  5.00 |                    5.00 |    507 |    38.6390 |
|        1 |        405 |           773.80 |       773.80 |       814.90 |                  5.00 |                    5.00 |    507 |    38.6878 |
|        1 |        406 |           773.80 |       773.80 |       813.10 |                  5.00 |                    5.00 |    509 |    38.7280 |
|        1 |        407 |           773.80 |       773.80 |       816.90 |                  5.00 |                    5.00 |    509 |    38.7719 |
|        1 |        408 |           773.80 |       773.80 |       816.90 |                  5.00 |                    5.00 |    509 |    38.8298 |
|        1 |        409 |           773.80 |       773.80 |       816.90 |                  5.00 |                    5.00 |    509 |    38.8624 |
|        1 |        410 |           773.80 |       773.80 |       816.90 |                  5.00 |                    5.26 |    509 |    38.9015 |
|        1 |        411 |           773.80 |       773.80 |       844.60 |                  5.00 |                    5.00 |    510 |    38.9444 |
|        1 |        412 |           773.80 |       773.80 |       844.60 |                  5.00 |                    5.00 |    510 |    38.9971 |
|        1 |        413 |           773.80 |       773.80 |       844.60 |                  5.00 |                    5.00 |    510 |    39.0423 |
|        1 |        414 |           773.80 |       773.80 |       844.60 |                  5.00 |                    5.00 |    510 |    39.0852 |
|        1 |        415 |           773.80 |       773.80 |       844.60 |                  5.00 |                    5.00 |    510 |    39.1108 |
|        1 |        416 |           773.80 |       773.80 |       844.00 |                  5.00 |                    5.00 |    510 |    39.1474 |
|        1 |        417 |           773.80 |       773.80 |       856.80 |                  5.00 |                    5.00 |    512 |    39.2000 |
|        1 |        418 |           773.80 |       773.80 |       853.00 |                  5.00 |                    5.00 |    512 |    39.2494 |
|        1 |        419 |           773.80 |       773.80 |       842.10 |                  5.00 |                    5.00 |    514 |    39.3066 |
|        1 |        420 |           773.80 |       773.80 |       840.40 |                  5.00 |                    5.00 |    514 |    39.3520 |
|        1 |        421 |           773.80 |       773.80 |       840.40 |                  5.00 |                    5.00 |    514 |    39.3932 |
|        1 |        422 |           773.80 |       773.80 |       840.40 |                  5.00 |                    5.00 |    514 |    39.4322 |
|        1 |        423 |           773.80 |       773.80 |       856.60 |                  5.00 |                    5.00 |    520 |    39.5572 |
|        1 |        424 |           773.80 |       773.80 |       849.20 |                  5.00 |                    5.00 |    521 |    39.6329 |
|        1 |        425 |           773.80 |       773.80 |       824.70 |                  5.00 |                    5.00 |    523 |    39.6796 |
|        1 |        426 |           773.80 |       773.80 |       824.70 |                  5.00 |                    5.00 |    523 |    39.7290 |
|        1 |        427 |           773.80 |       773.80 |       849.20 |                  5.00 |                    5.00 |    525 |    39.7782 |
|        1 |        428 |           773.80 |       773.80 |       849.20 |                  5.00 |                    5.00 |    525 |    39.8326 |
|        1 |        429 |           773.80 |       773.80 |       849.20 |                  5.00 |                    5.00 |    525 |    39.8800 |
|        1 |        430 |           773.80 |       773.80 |       849.20 |                  5.00 |                    5.00 |    525 |    39.9226 |
------------------------------------------------------------------------------------------------------------------------------------------------
|  Restart |  Iteration |  Best Feas. Cost |    Best Cost |   Curr. Cost |   Penalty Custom Res. |   Penalty Standard Res. |   Pool |   Time (s) |
------------------------------------------------------------------------------------------------------------------------------------------------
|        1 |        431 |           773.80 |       773.80 |       831.10 |                  5.00 |                    5.00 |    528 |    40.0268 |
|        1 |        432 |           773.80 |       773.80 |       831.10 |                  5.00 |                    5.00 |    528 |    40.0707 |
|        1 |        433 |           773.80 |       773.80 |       806.30 |                  5.00 |                    5.00 |    529 |    40.1356 |
|        1 |        434 |           773.80 |       773.80 |       801.80 |                  5.00 |                    5.00 |    531 |    40.2289 |
|        1 |        435 |           773.80 |       773.80 |       799.90 |                  5.00 |                    5.00 |    533 |    40.2982 |
|        1 |        436 |           773.80 |       773.80 |       799.30 |                  5.00 |                    5.00 |    533 |    40.3583 |
|        1 |        437 |           773.80 |       773.80 |       799.30 |                  5.00 |                    5.00 |    533 |    40.4024 |
|        1 |        438 |           773.80 |       773.80 |       799.30 |                  5.00 |                    5.00 |    533 |    40.4526 |
|        1 |        439 |           773.80 |       773.80 |       821.90 |                  5.00 |                    5.00 |    535 |    40.4978 |
|        1 |        440 |           773.80 |       773.80 |       827.20 |                  5.00 |                    5.00 |    537 |    40.5465 |
|        1 |        441 |           773.80 |       773.80 |       827.20 |                  5.00 |                    5.00 |    537 |    40.6002 |
|        1 |        442 |           773.80 |       773.80 |       827.20 |                  5.00 |                    5.00 |    537 |    40.6464 |
|        1 |        443 |           773.80 |       773.80 |       821.40 |                  5.00 |                    5.00 |    537 |    40.6987 |
|        1 |        444 |           773.80 |       773.80 |       821.40 |                  5.00 |                    5.00 |    537 |    40.7423 |
|        1 |        445 |           773.80 |       773.80 |       821.40 |                  5.00 |                    5.00 |    537 |    40.7796 |
|        1 |        446 |           773.80 |       773.80 |       821.40 |                  5.00 |                    5.00 |    537 |    40.8151 |
|        1 |        447 |           773.80 |       773.80 |       845.80 |                  5.00 |                    5.00 |    538 |    40.8640 |
|        1 |        448 |           773.80 |       773.80 |       813.40 |                  5.00 |                    5.00 |    540 |    40.9984 |
|        1 |        449 |           773.80 |       773.80 |       813.40 |                  5.00 |                    5.00 |    540 |    41.0353 |
|        1 |        450 |           773.80 |       773.80 |       813.40 |                  5.00 |                    5.00 |    540 |    41.0798 |
|        1 |        451 |           773.80 |       773.80 |       813.40 |                  5.00 |                    5.00 |    540 |    41.1219 |
|        1 |        452 |           773.80 |       773.80 |       813.40 |                  5.00 |                    5.00 |    540 |    41.1581 |
|        1 |        453 |           773.80 |       773.80 |       813.40 |                  5.00 |                    5.00 |    540 |    41.2098 |
|        1 |        454 |           773.80 |       773.80 |       813.40 |                  5.00 |                    5.00 |    540 |    41.2584 |
|        1 |        455 |           773.80 |       773.80 |       813.40 |                  5.00 |                    5.00 |    540 |    41.3027 |
|        1 |        456 |           773.80 |       773.80 |       835.90 |                  5.00 |                    5.00 |    542 |    41.3508 |
|        1 |        457 |           773.80 |       773.80 |       813.40 |                  5.00 |                    5.00 |    542 |    41.4337 |
|        1 |        458 |           773.80 |       773.80 |       823.20 |                  5.00 |                    5.00 |    542 |    41.4692 |
|        1 |        459 |           773.80 |       773.80 |       823.20 |                  5.00 |                    5.00 |    542 |    41.5080 |
|        1 |        460 |           773.80 |       773.80 |       824.20 |                  5.00 |                    5.00 |    543 |    41.6205 |
|        1 |        461 |           773.80 |       773.80 |       858.50 |                  5.00 |                    5.00 |    545 |    41.6662 |
|        1 |        462 |           773.80 |       773.80 |       856.80 |                  5.00 |                    5.00 |    548 |    41.7211 |
|        1 |        463 |           773.80 |       773.80 |       841.30 |                  5.00 |                    5.00 |    550 |    41.7903 |
|        1 |        464 |           773.80 |       773.80 |       813.16 |                  5.00 |                    5.45 |    551 |    41.8773 |
|        1 |        465 |           773.80 |       773.80 |       810.30 |                  5.00 |                    5.56 |    552 |    42.0384 |
|        1 |        466 |           773.80 |       773.80 |       810.32 |                  5.00 |                    5.27 |    552 |    42.0821 |
|        1 |        467 |           773.80 |       773.80 |       810.37 |                  5.00 |                    5.41 |    552 |    42.1426 |
|        1 |        468 |           773.80 |       773.80 |       811.80 |                  5.00 |                    5.00 |    552 |    42.1869 |
|        1 |        469 |           773.80 |       773.80 |       810.94 |                  5.00 |                    5.00 |    552 |    42.2691 |
|        1 |        470 |           773.80 |       773.80 |       810.50 |                  5.00 |                    5.29 |    552 |    42.3134 |
|        1 |        471 |           773.80 |       773.80 |       805.00 |                  5.00 |                    5.42 |    554 |    42.3833 |
|        1 |        472 |           773.80 |       773.80 |       804.99 |                  5.00 |                    5.00 |    554 |    42.4796 |
|        1 |        473 |           773.80 |       773.80 |       804.01 |                  5.00 |                    5.44 |    554 |    42.5772 |
|        1 |        474 |           773.80 |       773.80 |       804.02 |                  5.00 |                    5.53 |    554 |    42.6298 |
|        1 |        475 |           773.80 |       773.80 |       804.08 |                  5.00 |                    5.00 |    554 |    42.6773 |
|        1 |        476 |           773.80 |       773.80 |       804.01 |                  5.00 |                    5.79 |    554 |    42.7224 |
|        1 |        477 |           773.80 |       773.80 |       804.01 |                  5.00 |                    5.59 |    554 |    42.7812 |
|        1 |        478 |           773.80 |       773.80 |       804.08 |                  5.00 |                    5.26 |    554 |    42.8718 |
|        1 |        479 |           773.80 |       773.80 |       804.06 |                  5.00 |                    5.49 |    554 |    42.9457 |
|        1 |        480 |           773.80 |       773.80 |       804.00 |                  5.00 |                    5.00 |    555 |    42.9980 |
|        1 |        481 |           773.80 |       773.80 |       804.00 |                  5.00 |                    5.00 |    555 |    43.0471 |
|        1 |        482 |           773.80 |       773.80 |       804.00 |                  5.00 |                    5.00 |    555 |    43.0802 |
|        1 |        483 |           773.80 |       773.80 |       804.00 |                  5.00 |                    5.00 |    555 |    43.1149 |
|        1 |        484 |           773.80 |       773.80 |       804.00 |                  5.00 |                    5.00 |    555 |    43.1569 |
|        1 |        485 |           773.80 |       773.80 |       806.59 |                  5.00 |                    5.56 |    556 |    43.2288 |
|        1 |        486 |           773.80 |       773.80 |       806.18 |                  5.00 |                    5.30 |    557 |    43.3504 |
|        1 |        487 |           773.80 |       773.80 |       806.10 |                  5.00 |                    5.24 |    557 |    43.4263 |
|        1 |        488 |           773.80 |       773.80 |       806.20 |                  5.00 |                    5.43 |    558 |    43.4667 |
|        1 |        489 |           773.80 |       773.80 |       806.19 |                  5.00 |                    5.51 |    558 |    43.5483 |
|        1 |        490 |           773.80 |       773.80 |       806.10 |                  5.00 |                    5.00 |    559 |    43.5872 |
|        1 |        491 |           773.80 |       773.80 |       806.10 |                  5.00 |                    5.00 |    559 |    43.6232 |
|        1 |        492 |           773.80 |       773.80 |       806.10 |                  5.00 |                    5.00 |    559 |    43.6625 |
|        1 |        493 |           773.80 |       773.80 |       806.10 |                  5.00 |                    5.30 |    559 |    43.7145 |
|        1 |        494 |           773.80 |       773.80 |       806.10 |                  5.00 |                    5.00 |    559 |    43.7510 |
|        1 |        495 |           773.80 |       773.80 |       806.10 |                  5.00 |                    5.00 |    559 |    43.8040 |
|        1 |        496 |           773.80 |       773.80 |       804.00 |                  5.00 |                    5.00 |    559 |    43.8898 |
|        1 |        497 |           773.80 |       773.80 |       804.00 |                  5.00 |                    5.00 |    559 |    43.9234 |
|        1 |        498 |           773.80 |       773.80 |       804.00 |                  5.00 |                    5.00 |    559 |    43.9861 |
|        1 |        499 |           773.80 |       773.80 |       829.40 |                  5.00 |                    5.00 |    559 |    44.0488 |
|        1 |        500 |           773.80 |       773.80 |       829.40 |                  5.00 |                    5.00 |    559 |    44.0881 |
------------------------------------------------------------------------------------------------------------------------------------------------
Version identifier: 22.1.2.0 | 2024-11-26 | 0edbb82fd
CPXPARAM_MIP_Tolerances_UpperCutoff              773.89999999998918
Tried aggregator 1 time.
MIP Presolve eliminated 17 rows and 120 columns.
MIP Presolve modified 218 coefficients.
Reduced MIP has 84 rows, 439 columns, and 5593 nonzeros.
Reduced MIP has 439 binaries, 0 generals, 0 SOSs, and 0 indicators.
Presolve time = 0.00 sec. (5.83 ticks)
Probing fixed 2 vars, tightened 0 bounds.
Probing time = 0.01 sec. (7.60 ticks)
Tried aggregator 1 time.
Detecting symmetries...
MIP Presolve eliminated 0 rows and 7 columns.
Reduced MIP has 84 rows, 432 columns, and 5568 nonzeros.
Reduced MIP has 432 binaries, 0 generals, 0 SOSs, and 0 indicators.
Presolve time = 0.00 sec. (3.80 ticks)
Probing time = 0.00 sec. (2.49 ticks)
Clique table members: 582.
MIP emphasis: balance optimality and feasibility.
MIP search method: dynamic search.
Parallel mode: deterministic, using up to 8 threads.
Root relaxation solution time = 0.00 sec. (3.26 ticks)

        Nodes                                         Cuts/
   Node  Left     Objective  IInf  Best Integer    Best Bound    ItCnt     Gap

*     0     0      integral     0      758.7000      758.7000      137    0.00%
Elapsed time = 0.02 sec. (28.23 ticks, tree = 0.00 MB, solutions = 1)
objective_value(sp) = 758.6999999999998
 47.595424 seconds (6.90 M allocations: 345.549 MiB, 0.14% gc time, 8.21% compilation time)
#1: 0 (0.0) {37.0} -> 28 (16.0) {43.3} [6.0, 526.0] -> 76 (29.0) {129.0} [129.0, 534.0] -> 12 (48.0) {146.0} [50.0, 523.0] -> 68 (84.0) {459.0} [459.0, 930.0] -> 80 (90.0) {471.0} [470.0, 968.0] -> 24 (93.0) {490.2} [435.0, 960.0] -> 29 (102.0) {507.2} [29.0, 513.0] -> 3 (115.0) {526.6} [378.0, 733.0] -> 77 (129.0) {539.4} [460.0, 970.0] -> 50 (142.0) {556.6} [379.0, 810.0] -> 0 (142.0) {583.5} [0.0, 1000.0]
#2: 0 (0.0) {40.0} -> 53 (14.0) {256.0} [256.0, 647.0] -> 40 (23.0) {272.7} [201.0, 596.0] -> 21 (34.0) {289.7} [36.0, 509.0] -> 73 (43.0) {302.8} [143.0, 564.0] -> 72 (68.0) {315.9} [22.0, 617.0] -> 41 (73.0) {336.1} [219.0, 688.0] -> 22 (91.0) {350.3} [246.0, 657.0] -> 74 (99.0) {482.0} [482.0, 965.0] -> 75 (117.0) {495.6} [62.0, 519.0] -> 23 (146.0) {514.0} [36.0, 514.0] -> 67 (171.0) {536.0} [120.0, 575.0] -> 39 (202.0) {555.8} [33.0, 655.0] -> 56 (208.0) {572.8} [412.0, 865.0] -> 4 (227.0) {591.0} [477.0, 965.0] -> 25 (233.0) {611.0} [438.0, 956.0] -> 55 (235.0) {624.6} [441.0, 918.0] -> 54 (253.0) {643.0} [475.0, 900.0] -> 26 (270.0) {665.0} [428.0, 827.0] -> 0 (270.0) {686.1} [0.0, 1000.0]
#3: 0 (0.0) {36.0} -> 52 (9.0) {47.3} [11.0, 502.0] -> 18 (21.0) {229.0} [229.0, 582.0] -> 83 (32.0) {245.7} [21.0, 568.0] -> 8 (41.0) {262.9} [245.0, 640.0] -> 82 (57.0) {279.3} [23.0, 515.0] -> 7 (62.0) {295.1} [172.0, 569.0] -> 88 (71.0) {311.4} [104.0, 563.0] -> 62 (90.0) {327.7} [25.0, 544.0] -> 19 (107.0) {346.9} [95.0, 552.0] -> 11 (119.0) {363.9} [33.0, 511.0] -> 64 (128.0) {386.9} [46.0, 524.0] -> 49 (158.0) {409.6} [362.0, 679.0] -> 36 (163.0) {428.5} [41.0, 615.0] -> 47 (190.0) {445.7} [34.0, 602.0] -> 48 (226.0) {462.1} [454.0, 962.0] -> 46 (227.0) {483.8} [338.0, 805.0] -> 45 (243.0) {504.5} [29.0, 589.0] -> 17 (245.0) {522.5} [444.0, 959.0] -> 84 (252.0) {538.5} [278.0, 669.0] -> 5 (278.0) {552.6} [20.0, 610.0] -> 60 (281.0) {567.0} [449.0, 971.0] -> 89 (296.0) {586.0} [409.0, 981.0] -> 0 (296.0) {605.0} [0.0, 1000.0]
#4: 0 (0.0) {38.0} -> 6 (3.0) {245.0} [245.0, 684.0] -> 95 (23.0) {261.0} [14.0, 533.0] -> 99 (32.0) {276.3} [164.0, 601.0] -> 59 (60.0) {288.5} [17.0, 681.0] -> 98 (70.0) {302.1} [21.0, 506.0] -> 85 (111.0) {315.2} [213.0, 624.0] -> 61 (124.0) {329.6} [126.0, 541.0] -> 16 (143.0) {344.0} [102.0, 543.0] -> 86 (178.0) {360.3} [230.0, 623.0] -> 38 (194.0) {383.3} [130.0, 577.0] -> 44 (212.0) {404.1} [59.0, 514.0] -> 14 (232.0) {419.7} [32.0, 694.0] -> 42 (237.0) {438.9} [25.0, 560.0] -> 43 (244.0) {458.0} [458.0, 867.0] -> 15 (252.0) {475.2} [30.0, 519.0] -> 57 (259.0) {492.4} [246.0, 705.0] -> 2 (266.0) {508.2} [18.0, 534.0] -> 87 (292.0) {525.2} [287.0, 580.0] -> 97 (304.0) {539.4} [462.0, 823.0] -> 92 (306.0) {552.5} [18.0, 585.0] -> 37 (314.0) {565.3} [443.0, 856.0] -> 100 (331.0) {578.1} [391.0, 965.0] -> 91 (332.0) {591.2} [469.0, 964.0] -> 93 (354.0) {607.0} [414.0, 969.0] -> 96 (365.0) {622.0} [445.0, 852.0] -> 94 (392.0) {636.0} [283.0, 656.0] -> 13 (415.0) {650.4} [462.0, 978.0] -> 58 (433.0) {666.4} [479.0, 980.0] -> 0 (433.0) {685.4} [0.0, 1000.0]
#5: 0 (0.0) {39.0} -> 27 (16.0) {44.0} [5.0, 548.0] -> 69 (22.0) {61.2} [12.0, 513.0] -> 31 (49.0) {79.0} [17.0, 501.0] -> 30 (70.0) {101.0} [91.0, 522.0] -> 51 (80.0) {176.0} [176.0, 625.0] -> 9 (96.0) {231.0} [231.0, 666.0] -> 81 (122.0) {268.0} [268.0, 599.0] -> 33 (133.0) {280.8} [24.0, 575.0] -> 79 (156.0) {296.4} [230.0, 623.0] -> 78 (159.0) {312.0} [207.0, 676.0] -> 34 (173.0) {367.0} [367.0, 776.0] -> 35 (181.0) {453.0} [453.0, 948.0] -> 71 (196.0) {469.7} [98.0, 537.0] -> 65 (216.0) {489.9} [49.0, 568.0] -> 66 (241.0) {513.5} [421.0, 864.0] -> 20 (250.0) {532.4} [418.0, 829.0] -> 32 (273.0) {553.1} [482.0, 955.0] -> 90 (276.0) {567.5} [225.0, 654.0] -> 63 (286.0) {581.9} [34.0, 588.0] -> 10 (302.0) {601.3} [430.0, 779.0] -> 70 (307.0) {619.3} [368.0, 968.0] -> 1 (317.0) {637.3} [451.0, 974.0] -> 0 (317.0) {662.5} [0.0, 1000.0]

Dist: 758.6999999999998. Cost: 758.6999999999998

Root node processing (before b&c):
  Real time             =    0.02 sec. (28.25 ticks)
Parallel b&c, 8 threads:
  Real time             =    0.00 sec. (0.00 ticks)
  Sync time (average)   =    0.00 sec.
  Wait time (average)   =    0.00 sec.
                          ------------
Total (root+branch&cut) =    0.02 sec. (28.25 ticks)
