Solving instance /mnt/c/Users/bruno.mattos/OneDrive - americanas s.a/Documentos/GitHub/GenericILS/TWRD/100/RC102_100_020.vrptwrd...
------------------------------------------------------------------------------------------------------------------------------------------------
|  Restart |  Iteration |  Best Feas. Cost |    Best Cost |   Curr. Cost |   Penalty Custom Res. |   Penalty Standard Res. |   Pool |   Time (s) |
------------------------------------------------------------------------------------------------------------------------------------------------
|        1 |          1 |              Inf |      1624.55 |      1639.20 |                 52.29 |                    5.00 |     19 |     0.3450 |
|        1 |          2 |              Inf |      1624.55 |      1642.76 |                 72.09 |                    5.00 |     25 |     0.8991 |
|        1 |          0 |          1657.50 |      1624.55 |      1657.50 |                 35.23 |                    5.00 |     31 |     1.0007 |
|        1 |          1 |          1657.50 |      1624.55 |      1678.80 |                 26.55 |                    5.00 |     35 |     1.0548 |
|        1 |          2 |          1657.50 |      1624.55 |      1685.41 |                 48.70 |                    5.00 |     42 |     1.1236 |
|        1 |          3 |          1657.50 |      1624.55 |      1692.34 |                 62.91 |                    5.00 |     45 |     1.2039 |
|        1 |          4 |          1657.50 |      1624.55 |      1697.00 |                 31.71 |                    5.00 |     54 |     1.2912 |
|        1 |          5 |          1657.50 |      1624.55 |      1644.26 |                 42.24 |                    5.00 |     60 |     1.3568 |
|        1 |          6 |          1657.50 |      1624.55 |      1655.97 |                 41.30 |                    5.00 |     60 |     1.4083 |
|        1 |          0 |          1639.60 |      1624.55 |      1639.60 |                 65.74 |                    5.00 |     62 |     1.5050 |
|        1 |          1 |          1639.60 |      1621.05 |      1621.05 |                 83.97 |                    5.00 |     72 |     1.6102 |
|        1 |          2 |          1639.60 |      1621.05 |      1644.20 |                 49.22 |                    5.00 |     75 |     1.6837 |
|        1 |          3 |          1639.60 |      1616.33 |      1616.33 |                 30.94 |                    5.00 |     77 |     1.7638 |
|        1 |          4 |          1639.60 |      1603.28 |      1603.28 |                 50.88 |                    5.00 |     77 |     1.8095 |
|        1 |          5 |          1639.60 |      1603.28 |      1622.28 |                 64.53 |                    5.00 |     78 |     1.8544 |
|        1 |          6 |          1639.60 |      1603.28 |      1639.12 |                 68.97 |                    5.00 |     80 |     1.9105 |
|        1 |          7 |          1639.60 |      1603.28 |      1640.96 |                 73.76 |                    6.28 |     80 |     1.9663 |
|        1 |          8 |          1639.60 |      1603.28 |      1645.40 |                 43.22 |                    5.00 |     82 |     2.0511 |
|        1 |          9 |          1639.60 |      1603.28 |      1640.97 |                 61.07 |                    5.00 |     86 |     2.1350 |
|        1 |         10 |          1639.60 |      1603.28 |      1658.33 |                 64.33 |                    5.00 |     91 |     2.2769 |
|        1 |         11 |          1639.60 |      1603.28 |      1666.97 |                 86.50 |                    5.00 |     93 |     2.3494 |
|        1 |         12 |          1639.60 |      1603.28 |      1660.10 |                 23.18 |                    5.00 |    100 |     2.4787 |
|        1 |         13 |          1639.60 |      1603.28 |      1656.40 |                 13.59 |                    5.00 |    101 |     2.5514 |
|        1 |         14 |          1639.60 |      1603.28 |      1613.53 |                 24.89 |                    5.00 |    104 |     2.6432 |
|        1 |         15 |          1639.60 |      1603.28 |      1629.00 |                 26.87 |                    5.00 |    104 |     2.7088 |
|        1 |         16 |          1639.60 |      1603.28 |      1624.04 |                 29.28 |                    5.00 |    106 |     2.7758 |
|        1 |         17 |          1639.60 |      1603.28 |      1628.79 |                 61.15 |                    5.00 |    106 |     2.8329 |
|        1 |         18 |          1639.60 |      1603.28 |      1653.90 |                 19.41 |                    5.00 |    109 |     2.9631 |
|        1 |         19 |          1639.60 |      1603.28 |      1612.95 |                  8.59 |                    9.45 |    111 |     3.0552 |
|        1 |         20 |          1639.60 |      1603.28 |      1611.65 |                 15.41 |                    5.00 |    117 |     3.1645 |
|        1 |         21 |          1639.60 |      1603.28 |      1608.22 |                 35.51 |                    5.00 |    122 |     3.2694 |
|        1 |         22 |          1639.60 |      1603.28 |      1621.05 |                 73.41 |                    5.00 |    122 |     3.3326 |
|        1 |          0 |          1627.50 |      1603.28 |      1627.50 |                 55.79 |                    5.00 |    126 |     3.4177 |
|        1 |          0 |          1604.60 |      1603.28 |      1604.60 |                 17.91 |                    5.00 |    130 |     3.5303 |
|        1 |          1 |          1604.60 |      1603.28 |      1604.60 |                 13.35 |                    6.80 |    130 |     3.6006 |
|        1 |          2 |          1604.60 |      1603.28 |      1604.20 |                 12.51 |                    5.00 |    134 |     3.6979 |
|        1 |          3 |          1604.60 |      1603.28 |      1604.50 |                 11.74 |                    8.47 |    134 |     3.7644 |
|        1 |          4 |          1604.60 |      1603.28 |      1604.56 |                 12.42 |                    5.00 |    134 |     3.8331 |
|        1 |          5 |          1604.60 |      1601.17 |      1601.17 |                 12.11 |                    5.00 |    136 |     3.9366 |
|        1 |          6 |          1604.60 |      1598.38 |      1598.38 |                 12.43 |                    5.00 |    138 |     4.0058 |
|        1 |          7 |          1604.60 |      1578.85 |      1578.85 |                 26.89 |                    7.51 |    143 |     4.1590 |
|        1 |          8 |          1604.60 |      1578.85 |      1603.23 |                 42.90 |                   11.98 |    146 |     4.2076 |
|        1 |          9 |          1604.60 |      1578.85 |      1624.75 |                 71.27 |                   19.89 |    146 |     4.2544 |
|        1 |         10 |          1604.60 |      1578.85 |      1663.20 |                 57.54 |                   10.14 |    146 |     4.3280 |
|        1 |         11 |          1604.60 |      1578.85 |      1644.80 |                 57.19 |                    5.00 |    149 |     4.4413 |
|        1 |         12 |          1604.60 |      1578.85 |      1651.90 |                 25.59 |                    5.00 |    149 |     4.5177 |
|        1 |         13 |          1604.60 |      1578.85 |      1625.86 |                 47.86 |                    5.00 |    151 |     4.5965 |
|        1 |         14 |          1604.60 |      1578.85 |      1653.06 |                 58.21 |                    5.00 |    153 |     4.6727 |
|        1 |         15 |          1604.60 |      1578.85 |      1685.40 |                 27.65 |                    6.67 |    155 |     4.7600 |
|        1 |         16 |          1604.60 |      1578.85 |      1656.69 |                 73.16 |                    5.00 |    160 |     4.8932 |
|        1 |         17 |          1604.60 |      1578.85 |      1700.12 |                 48.37 |                    5.00 |    164 |     4.9573 |
|        1 |         18 |          1604.60 |      1578.85 |      1636.61 |                 58.29 |                    5.00 |    167 |     5.0223 |
|        1 |         19 |          1604.60 |      1578.85 |      1625.27 |                 54.19 |                    5.00 |    170 |     5.0770 |
|        1 |         20 |          1604.60 |      1578.85 |      1632.70 |                 46.49 |                    5.00 |    170 |     5.1354 |
|        1 |         21 |          1604.60 |      1578.85 |      1621.00 |                 16.00 |                    5.00 |    172 |     5.2618 |
|        1 |         22 |          1604.60 |      1578.85 |      1578.99 |                 26.78 |                    6.04 |    175 |     5.3532 |
|        1 |         23 |          1604.60 |      1578.85 |      1629.51 |                 47.17 |                    5.00 |    175 |     5.4169 |
|        1 |         24 |          1604.60 |      1578.85 |      1648.92 |                 40.89 |                    5.00 |    175 |     5.4676 |
|        1 |         25 |          1604.60 |      1578.85 |      1643.78 |                 65.93 |                    5.00 |    175 |     5.5138 |
|        1 |         26 |          1604.60 |      1578.85 |      1681.41 |                 67.67 |                    5.00 |    182 |     5.5866 |
|        1 |         27 |          1604.60 |      1578.85 |      1626.20 |                 38.83 |                    5.00 |    184 |     5.6889 |
|        1 |         28 |          1604.60 |      1578.85 |      1620.20 |                 13.38 |                    5.00 |    186 |     5.7887 |
|        1 |         29 |          1604.60 |      1578.85 |      1611.00 |                 21.53 |                    6.29 |    186 |     5.8561 |
|        1 |         30 |          1604.60 |      1578.85 |      1611.00 |                 13.70 |                    5.00 |    186 |     5.8958 |
|        1 |         31 |          1604.60 |      1578.85 |      1611.00 |                  9.91 |                    5.00 |    186 |     5.9634 |
|        1 |         32 |          1604.60 |      1578.85 |      1584.87 |                 14.28 |                    5.00 |    186 |     6.0397 |
|        1 |         33 |          1604.60 |      1578.85 |      1590.29 |                 33.95 |                    5.00 |    188 |     6.1172 |
|        1 |         34 |          1604.60 |      1578.85 |      1606.93 |                 57.53 |                    5.00 |    188 |     6.1713 |
|        1 |         35 |          1604.60 |      1578.85 |      1629.13 |                 83.13 |                    6.54 |    188 |     6.2072 |
|        1 |          0 |          1587.90 |      1578.85 |      1587.90 |                 25.34 |                    5.00 |    190 |     6.3578 |
|        1 |          1 |          1587.90 |      1578.85 |      1621.47 |                 26.83 |                    5.00 |    191 |     6.4105 |
|        1 |          2 |          1587.90 |      1578.85 |      1593.00 |                 11.76 |                    5.00 |    193 |     6.4944 |
|        1 |          3 |          1587.90 |      1578.85 |      1593.00 |                  6.70 |                    5.00 |    193 |     6.5509 |
|        1 |          4 |          1587.90 |      1562.53 |      1562.53 |                  7.14 |                    5.00 |    193 |     6.6541 |
|        1 |          5 |          1587.90 |      1562.53 |      1565.17 |                 10.41 |                    5.00 |    193 |     6.7165 |
|        1 |          6 |          1587.90 |      1558.92 |      1558.92 |                 25.75 |                    5.00 |    195 |     6.7991 |
|        1 |          7 |          1587.90 |      1558.92 |      1570.87 |                 28.94 |                    5.00 |    195 |     6.8694 |
|        1 |          8 |          1587.90 |      1558.92 |      1575.62 |                 57.49 |                    5.00 |    195 |     6.9297 |
|        1 |          0 |          1572.90 |      1558.92 |      1572.90 |                 23.97 |                    5.00 |    197 |     7.0158 |
|        1 |          1 |          1572.90 |      1558.92 |      1611.00 |                 14.48 |                    5.92 |    197 |     7.0905 |
|        1 |          2 |          1572.90 |      1558.92 |      1609.50 |                  5.74 |                    5.00 |    197 |     7.1742 |
|        1 |          0 |          1569.40 |      1558.92 |      1569.40 |                  8.96 |                    5.00 |    197 |     7.2734 |
|        1 |          1 |          1569.40 |      1558.92 |      1573.21 |                 18.35 |                    8.14 |    197 |     7.3437 |
|        1 |          2 |          1569.40 |      1558.92 |      1582.23 |                 16.06 |                    5.00 |    197 |     7.3969 |
|        1 |          3 |          1569.40 |      1558.92 |      1581.12 |                 29.18 |                    5.00 |    198 |     7.4542 |
|        1 |          4 |          1569.40 |      1558.92 |      1594.37 |                 53.02 |                    5.00 |    198 |     7.5073 |
|        1 |          5 |          1569.40 |      1558.92 |      1619.72 |                 56.70 |                    5.00 |    199 |     7.5572 |
|        1 |          6 |          1569.40 |      1558.92 |      1622.71 |                 58.22 |                    5.00 |    199 |     7.6247 |
|        1 |          7 |          1569.40 |      1558.92 |      1624.49 |                 42.10 |                    5.00 |    199 |     7.6964 |
|        1 |          8 |          1569.40 |      1558.92 |      1606.64 |                 56.67 |                    5.36 |    199 |     7.7454 |
|        1 |          9 |          1569.40 |      1558.92 |      1575.60 |                 24.31 |                    5.00 |    200 |     7.8559 |
|        1 |         10 |          1569.40 |      1558.92 |      1579.40 |                 12.50 |                    5.10 |    203 |     7.9469 |
|        1 |         11 |          1569.40 |      1558.92 |      1579.40 |                 12.08 |                    5.00 |    203 |     8.0238 |
|        1 |         12 |          1569.40 |      1558.92 |      1579.40 |                  7.61 |                    5.00 |    203 |     8.0695 |
|        1 |         13 |          1569.40 |      1558.92 |      1579.40 |                  7.08 |                    5.00 |    203 |     8.1210 |
|        1 |         14 |          1569.40 |      1558.92 |      1609.80 |                  8.47 |                    5.00 |    207 |     8.2131 |
|        1 |         15 |          1569.40 |      1558.92 |      1614.63 |                 16.18 |                    5.00 |    207 |     8.2622 |
|        1 |         16 |          1569.40 |      1558.92 |      1632.30 |                 16.07 |                    5.00 |    211 |     8.3783 |
|        1 |         17 |          1569.40 |      1558.92 |      1598.41 |                  9.76 |                    6.85 |    216 |     8.5442 |
|        1 |         18 |          1569.40 |      1558.92 |      1604.40 |                  8.71 |                    5.00 |    216 |     8.6019 |
|        1 |         19 |          1569.40 |      1558.92 |      1601.13 |                  6.49 |                    5.00 |    219 |     8.6903 |
|        1 |         20 |          1569.40 |      1558.92 |      1603.43 |                 16.53 |                    6.20 |    219 |     8.7770 |
|        1 |         21 |          1569.40 |      1558.92 |      1600.76 |                 10.38 |                    7.09 |    219 |     8.8653 |
|        1 |         22 |          1569.40 |      1558.92 |      1606.40 |                  9.07 |                    5.00 |    221 |     8.9469 |
|        1 |         23 |          1569.40 |      1558.92 |      1605.58 |                  9.71 |                    7.29 |    222 |     8.9946 |
|        1 |         24 |          1569.40 |      1558.92 |      1606.56 |                  8.50 |                   12.11 |    222 |     9.0486 |
|        1 |         25 |          1569.40 |      1558.92 |      1607.23 |                  8.47 |                    7.62 |    222 |     9.1121 |
|        1 |         26 |          1569.40 |      1558.92 |      1601.05 |                  5.65 |                    5.00 |    226 |     9.2081 |
|        1 |         27 |          1569.40 |      1558.92 |      1588.98 |                  5.00 |                    5.00 |    226 |     9.2801 |
|        1 |         28 |          1569.40 |      1558.92 |      1586.50 |                  8.47 |                    5.00 |    226 |     9.3369 |
|        1 |         29 |          1569.40 |      1558.92 |      1606.50 |                  8.03 |                    5.00 |    228 |     9.3896 |
|        1 |         30 |          1569.40 |      1558.92 |      1599.14 |                  7.76 |                    5.00 |    230 |     9.4591 |
|        1 |         31 |          1569.40 |      1558.92 |      1589.32 |                  9.24 |                    8.38 |    230 |     9.5819 |
|        1 |         32 |          1569.40 |      1558.92 |      1626.80 |                  5.15 |                    7.56 |    233 |     9.6468 |
|        1 |         33 |          1569.40 |      1558.92 |      1636.80 |                  6.04 |                    5.92 |    234 |     9.7120 |
|        1 |         34 |          1569.40 |      1558.92 |      1561.82 |                  9.73 |                    5.84 |    238 |     9.8563 |
|        1 |         35 |          1569.40 |      1558.92 |      1565.53 |                  7.69 |                    5.00 |    239 |     9.9381 |
|        1 |         36 |          1569.40 |      1558.92 |      1565.91 |                  6.04 |                    5.00 |    241 |    10.0198 |
|        1 |         37 |          1569.40 |      1535.91 |      1535.91 |                 10.44 |                    5.85 |    243 |    10.0831 |
|        1 |         38 |          1569.40 |      1535.91 |      1536.22 |                 11.04 |                    5.15 |    243 |    10.1559 |
|        1 |         39 |          1569.40 |      1535.91 |      1568.93 |                 22.37 |                    8.47 |    244 |    10.2243 |
|        1 |         40 |          1569.40 |      1535.91 |      1546.27 |                 18.10 |                    6.72 |    245 |    10.4340 |
|        1 |         41 |          1569.40 |      1535.91 |      1580.68 |                 17.46 |                    5.00 |    247 |    10.5373 |
|        1 |         42 |          1569.40 |      1535.91 |      1581.38 |                 28.97 |                    5.00 |    250 |    10.6109 |
|        1 |         43 |          1569.40 |      1535.91 |      1590.87 |                 52.11 |                    5.00 |    250 |    10.6700 |
|        1 |         44 |          1569.40 |      1535.91 |      1589.00 |                 18.13 |                    5.00 |    253 |    10.7679 |
|        1 |         45 |          1569.40 |      1535.91 |      1585.30 |                  9.89 |                   10.03 |    256 |    10.8734 |
|        1 |         46 |          1569.40 |      1535.91 |      1589.60 |                  5.00 |                    5.00 |    257 |    10.9678 |
|        1 |         47 |          1569.40 |      1535.91 |      1575.40 |                 10.03 |                    5.00 |    260 |    11.0610 |
|        1 |         48 |          1569.40 |      1535.91 |      1579.70 |                 14.45 |                    5.00 |    260 |    11.1575 |
|        1 |         49 |          1569.40 |      1535.91 |      1582.60 |                  7.01 |                    5.00 |    262 |    11.2219 |
|        1 |         50 |          1569.40 |      1535.91 |      1582.60 |                  5.00 |                    5.00 |    262 |    11.2901 |
|        1 |         51 |          1569.40 |      1535.91 |      1588.90 |                  5.00 |                    5.00 |    262 |    11.3526 |
|        1 |         52 |          1569.40 |      1535.91 |      1565.26 |                  8.55 |                    5.00 |    262 |    11.4193 |
|        1 |         53 |          1569.40 |      1535.91 |      1568.45 |                 11.51 |                    5.00 |    262 |    11.4772 |
|        1 |         54 |          1569.40 |      1535.91 |      1574.50 |                  9.39 |                    5.05 |    262 |    11.5553 |
|        1 |         55 |          1569.40 |      1535.91 |      1574.50 |                  7.89 |                    5.00 |    262 |    11.6202 |
|        1 |         56 |          1569.40 |      1535.91 |      1568.30 |                  7.71 |                    6.67 |    262 |    11.6876 |
|        1 |         57 |          1569.40 |      1535.91 |      1568.03 |                 10.26 |                    9.43 |    262 |    11.7590 |
|        1 |         58 |          1569.40 |      1535.91 |      1571.10 |                  5.52 |                    5.41 |    262 |    11.8362 |
|        1 |         59 |          1569.40 |      1535.91 |      1571.10 |                  7.59 |                    5.00 |    262 |    11.8908 |
|        1 |         60 |          1569.40 |      1535.91 |      1573.05 |                 16.80 |                    5.00 |    266 |    11.9916 |
|        1 |         61 |          1569.40 |      1535.91 |      1620.53 |                  6.59 |                    8.82 |    270 |    12.0892 |
|        1 |         62 |          1569.40 |      1535.91 |      1622.40 |                  5.00 |                    5.49 |    270 |    12.1519 |
|        1 |         63 |          1569.40 |      1535.91 |      1568.57 |                 16.17 |                    8.39 |    271 |    12.2709 |
|        1 |         64 |          1569.40 |      1535.91 |      1577.53 |                 30.25 |                    5.00 |    273 |    12.3355 |
|        1 |         65 |          1569.40 |      1535.91 |      1590.46 |                 49.24 |                    5.00 |    273 |    12.3875 |
|        1 |         66 |          1569.40 |      1535.91 |      1602.78 |                 93.09 |                    5.79 |    274 |    12.4406 |
|        1 |         67 |          1569.40 |      1535.91 |      1602.78 |                 58.00 |                    8.70 |    274 |    12.4945 |
|        1 |         68 |          1569.40 |      1535.91 |      1616.33 |                 91.67 |                    6.56 |    275 |    12.5410 |
|        1 |         69 |          1569.40 |      1535.91 |      1640.30 |                 53.22 |                    5.00 |    281 |    12.6074 |
|        1 |         70 |          1569.40 |      1535.91 |      1662.40 |                 28.54 |                    5.00 |    284 |    12.6647 |
|        1 |         71 |          1569.40 |      1535.91 |      1630.59 |                 36.78 |                    5.00 |    287 |    12.7830 |
|        1 |         72 |          1569.40 |      1535.91 |      1629.35 |                 60.44 |                    5.00 |    288 |    12.8397 |
|        1 |         73 |          1569.40 |      1535.91 |      1596.80 |                 16.03 |                    5.00 |    289 |    12.9628 |
|        1 |         74 |          1569.40 |      1535.91 |      1596.80 |                  8.25 |                    5.00 |    289 |    13.0401 |
|        1 |         75 |          1569.40 |      1535.91 |      1600.86 |                 13.42 |                    5.00 |    291 |    13.1055 |
|        1 |         76 |          1569.40 |      1535.91 |      1586.88 |                 20.57 |                    7.01 |    292 |    13.1602 |
|        1 |         77 |          1569.40 |      1535.91 |      1567.51 |                 11.22 |                    5.41 |    292 |    13.2778 |
|        1 |         78 |          1569.40 |      1535.91 |      1567.21 |                 15.40 |                    5.40 |    292 |    13.3368 |
|        1 |          0 |          1564.40 |      1535.91 |      1564.40 |                 11.02 |                    5.00 |    292 |    13.4211 |
|        1 |          1 |          1564.40 |      1535.91 |      1564.08 |                  7.15 |                    5.00 |    292 |    13.4801 |
|        1 |          2 |          1564.40 |      1535.91 |      1561.57 |                 10.63 |                    5.00 |    292 |    13.5355 |
|        1 |          3 |          1564.40 |      1535.91 |      1606.81 |                 23.05 |                    5.00 |    292 |    13.6521 |
|        1 |          4 |          1564.40 |      1535.91 |      1626.70 |                 14.33 |                    6.74 |    295 |    13.7476 |
|        1 |          5 |          1564.40 |      1535.91 |      1624.51 |                 16.59 |                    5.00 |    296 |    13.8213 |
|        1 |          6 |          1564.40 |      1535.91 |      1625.88 |                 17.69 |                    5.00 |    296 |    13.9211 |
|        1 |          7 |          1564.40 |      1535.91 |      1626.49 |                 17.98 |                    6.48 |    296 |    13.9943 |
|        1 |          8 |          1564.40 |      1535.91 |      1557.14 |                 22.44 |                    5.00 |    298 |    14.1624 |
|        1 |          9 |          1564.40 |      1535.91 |      1566.80 |                 46.39 |                    5.00 |    299 |    14.2318 |
|        1 |         10 |          1564.40 |      1535.91 |      1588.45 |                 57.61 |                    5.00 |    299 |    14.2917 |
|        1 |         11 |          1564.40 |      1535.91 |      1597.31 |                 55.20 |                    5.00 |    299 |    14.3381 |
|        1 |         12 |          1564.40 |      1535.91 |      1597.35 |                 45.94 |                    5.00 |    301 |    14.3986 |
|        1 |         13 |          1564.40 |      1535.91 |      1605.49 |                 25.35 |                    5.00 |    303 |    14.4751 |
|        1 |         14 |          1564.40 |      1535.91 |      1588.25 |                 43.83 |                    5.00 |    303 |    14.5285 |
|        1 |         15 |          1564.40 |      1535.91 |      1607.70 |                 28.15 |                    5.00 |    304 |    14.5812 |
|        1 |         16 |          1564.40 |      1535.91 |      1583.40 |                 39.71 |                    6.04 |    304 |    14.6933 |
|        1 |         17 |          1564.40 |      1535.91 |      1560.78 |                 15.38 |                    5.39 |    308 |    14.8488 |
|        1 |         18 |          1564.40 |      1535.91 |      1568.13 |                 21.52 |                   12.18 |    310 |    14.9212 |
|        1 |         19 |          1564.40 |      1535.91 |      1564.50 |                 14.38 |                    7.51 |    310 |    14.9749 |
|        1 |          0 |          1559.60 |      1535.91 |      1559.60 |                 10.94 |                    5.00 |    312 |    15.0308 |
|        1 |          1 |          1559.60 |      1535.91 |      1563.29 |                 17.80 |                    5.00 |    314 |    15.0905 |
|        1 |          2 |          1559.60 |      1535.91 |      1563.60 |                 13.54 |                    5.00 |    314 |    15.1486 |
|        1 |          3 |          1559.60 |      1535.91 |      1584.00 |                 11.84 |                    5.00 |    316 |    15.2196 |
|        1 |          4 |          1559.60 |      1535.91 |      1593.20 |                 15.62 |                    5.00 |    316 |    15.2692 |
|        1 |          5 |          1559.60 |      1535.91 |      1619.60 |                  8.72 |                    5.00 |    318 |    15.3243 |
|        1 |          6 |          1559.60 |      1535.91 |      1618.32 |                  9.70 |                    5.00 |    319 |    15.3832 |
|        1 |          7 |          1559.60 |      1535.91 |      1611.64 |                 20.86 |                    5.00 |    321 |    15.4529 |
|        1 |          8 |          1559.60 |      1535.91 |      1632.08 |                 42.29 |                    5.24 |    324 |    15.5055 |
|        1 |          9 |          1559.60 |      1535.91 |      1649.09 |                 31.53 |                    5.00 |    324 |    15.5693 |
|        1 |         10 |          1559.60 |      1535.91 |      1633.54 |                 32.72 |                    5.00 |    324 |    15.6248 |
|        1 |         11 |          1559.60 |      1535.91 |      1633.12 |                 68.32 |                    5.00 |    324 |    15.6894 |
|        1 |         12 |          1559.60 |      1535.91 |      1671.89 |                 87.48 |                    5.00 |    325 |    15.7459 |
|        1 |         13 |          1559.60 |      1535.91 |      1621.55 |                 73.24 |                    5.00 |    329 |    15.8872 |
|        1 |         14 |          1559.60 |      1535.91 |      1637.20 |                 40.48 |                    5.00 |    331 |    15.9436 |
|        1 |         15 |          1559.60 |      1535.91 |      1634.40 |                 19.82 |                    5.00 |    333 |    16.0132 |
|        1 |         16 |          1559.60 |      1535.91 |      1592.97 |                 24.34 |                    5.00 |    335 |    16.1084 |
|        1 |         17 |          1559.60 |      1535.91 |      1604.68 |                 44.65 |                    5.00 |    335 |    16.1692 |
|        1 |         18 |          1559.60 |      1535.91 |      1626.27 |                 34.66 |                    5.00 |    335 |    16.2301 |
|        1 |         19 |          1559.60 |      1535.91 |      1615.71 |                 90.99 |                    5.00 |    337 |    16.3199 |
|        1 |         20 |          1559.60 |      1535.91 |      1623.00 |                 37.17 |                    5.00 |    339 |    16.4124 |
|        1 |         21 |          1559.60 |      1535.91 |      1636.20 |                 48.00 |                    5.00 |    341 |    16.4976 |
|        1 |         22 |          1559.60 |      1535.91 |      1604.43 |                 39.85 |                    5.00 |    344 |    16.6038 |
|        1 |         23 |          1559.60 |      1535.91 |      1645.08 |                 79.17 |                    5.00 |    344 |    16.6646 |
|        1 |         24 |          1559.60 |      1535.91 |      1687.70 |                 32.69 |                    5.00 |    347 |    16.7482 |
|        1 |         25 |          1559.60 |      1535.91 |      1625.45 |                 29.40 |                    5.00 |    350 |    16.8477 |
|        1 |         26 |          1559.60 |      1535.91 |      1604.43 |                 60.19 |                    9.93 |    351 |    16.9105 |
|        1 |         27 |          1559.60 |      1535.91 |      1637.06 |                 62.43 |                    5.32 |    351 |    16.9775 |
|        1 |         28 |          1559.60 |      1535.91 |      1636.02 |                116.84 |                    5.00 |    351 |    17.0368 |
|        1 |         29 |          1559.60 |      1535.91 |      1666.20 |                 65.74 |                    5.36 |    356 |    17.1279 |
|        1 |         30 |          1559.60 |      1535.91 |      1678.00 |                 60.37 |                    5.00 |    358 |    17.2237 |
|        1 |         31 |          1559.60 |      1535.91 |      1680.10 |                 68.55 |                    5.00 |    358 |    17.2819 |
|        1 |         32 |          1559.60 |      1535.91 |      1676.80 |                 20.94 |                    5.00 |    360 |    17.3899 |
|        1 |         33 |          1559.60 |      1535.91 |      1610.39 |                 45.45 |                    6.45 |    365 |    17.4861 |
|        1 |         34 |          1559.60 |      1535.91 |      1638.64 |                 67.57 |                    8.18 |    366 |    17.5484 |
|        1 |         35 |          1559.60 |      1535.91 |      1618.12 |                 41.04 |                    5.00 |    369 |    17.7046 |
|        1 |         36 |          1559.60 |      1535.91 |      1642.26 |                 78.35 |                    5.00 |    369 |    17.7693 |
|        1 |         37 |          1559.60 |      1535.91 |      1674.73 |                 73.58 |                    5.00 |    370 |    17.8227 |
|        1 |         38 |          1559.60 |      1535.91 |      1668.76 |                123.45 |                    6.10 |    370 |    17.8685 |
|        1 |         39 |          1559.60 |      1535.91 |      1638.00 |                 59.84 |                    5.00 |    371 |    17.9468 |
|        1 |         40 |          1559.60 |      1535.91 |      1638.00 |                 34.43 |                    5.00 |    371 |    18.0041 |
|        1 |         41 |          1559.60 |      1535.91 |      1630.74 |                 53.31 |                    5.00 |    373 |    18.0545 |
|        1 |         42 |          1559.60 |      1535.91 |      1638.94 |                 76.62 |                    6.10 |    373 |    18.1735 |
|        1 |         43 |          1559.60 |      1535.91 |      1627.90 |                 20.94 |                    5.00 |    375 |    18.2959 |
|        1 |         44 |          1559.60 |      1535.91 |      1607.29 |                 33.38 |                    5.92 |    379 |    18.3596 |
|        1 |         45 |          1559.60 |      1535.91 |      1614.08 |                 59.40 |                    5.00 |    379 |    18.4191 |
|        1 |         46 |          1559.60 |      1535.91 |      1634.10 |                 34.86 |                    5.00 |    380 |    18.4708 |
|        1 |         47 |          1559.60 |      1535.91 |      1640.26 |                 32.07 |                    5.00 |    383 |    18.5285 |
|        1 |         48 |          1559.60 |      1535.91 |      1623.28 |                 39.81 |                    5.00 |    384 |    18.5963 |
|        1 |         49 |          1559.60 |      1535.91 |      1629.94 |                 59.20 |                    5.00 |    384 |    18.6552 |
|        1 |         50 |          1559.60 |      1535.91 |      1651.39 |                108.62 |                    5.63 |    386 |    18.7044 |
|        1 |         51 |          1559.60 |      1535.91 |      1605.18 |                 48.56 |                    5.00 |    387 |    18.7941 |
|        1 |         52 |          1559.60 |      1535.91 |      1593.12 |                 15.26 |                    7.04 |    389 |    18.9331 |
|        1 |         53 |          1559.60 |      1535.91 |      1591.53 |                 14.45 |                    8.31 |    393 |    19.0265 |
|        1 |         54 |          1559.60 |      1535.91 |      1591.93 |                 26.25 |                   10.96 |    393 |    19.0833 |
|        1 |         55 |          1559.60 |      1535.91 |      1614.39 |                 37.90 |                   10.19 |    393 |    19.1305 |
|        1 |         56 |          1559.60 |      1535.91 |      1616.29 |                 24.80 |                   10.15 |    393 |    19.1993 |
|        1 |         57 |          1559.60 |      1535.91 |      1612.04 |                 16.03 |                    6.97 |    394 |    19.3156 |
|        1 |         58 |          1559.60 |      1535.91 |      1609.55 |                  8.68 |                    8.92 |    394 |    19.3727 |
|        1 |         59 |          1559.60 |      1535.91 |      1599.70 |                  6.35 |                    5.88 |    394 |    19.4794 |
|        1 |         60 |          1559.60 |      1535.91 |      1597.57 |                  5.03 |                    5.00 |    397 |    19.5922 |
|        1 |         61 |          1559.60 |      1535.91 |      1597.13 |                 10.60 |                    5.00 |    398 |    19.6667 |
|        1 |         62 |          1559.60 |      1535.91 |      1603.16 |                 20.25 |                    5.00 |    398 |    19.7264 |
|        1 |         63 |          1559.60 |      1535.91 |      1613.09 |                 42.70 |                    5.35 |    399 |    19.7891 |
|        1 |         64 |          1559.60 |      1535.91 |      1597.34 |                 16.09 |                   11.64 |    399 |    19.9036 |
------------------------------------------------------------------------------------------------------------------------------------------------
|  Restart |  Iteration |  Best Feas. Cost |    Best Cost |   Curr. Cost |   Penalty Custom Res. |   Penalty Standard Res. |   Pool |   Time (s) |
------------------------------------------------------------------------------------------------------------------------------------------------
|        1 |         65 |          1559.60 |      1535.91 |      1594.30 |                  5.43 |                    5.41 |    399 |    20.0175 |
|        1 |         66 |          1559.60 |      1535.91 |      1594.30 |                  5.00 |                    5.00 |    399 |    20.0753 |
|        1 |         67 |          1559.60 |      1535.91 |      1594.30 |                  5.00 |                    5.47 |    399 |    20.1480 |
|        1 |         68 |          1559.60 |      1535.91 |      1600.70 |                  5.00 |                    5.58 |    400 |    20.2063 |
|        1 |         69 |          1559.60 |      1535.91 |      1594.30 |                  5.00 |                    5.00 |    400 |    20.2744 |
|        1 |         70 |          1559.60 |      1535.91 |      1594.30 |                  7.90 |                    5.00 |    400 |    20.3259 |
|        1 |         71 |          1559.60 |      1535.91 |      1591.03 |                 12.22 |                    5.00 |    400 |    20.4059 |
|        1 |         72 |          1559.60 |      1535.91 |      1597.93 |                 23.80 |                    5.00 |    400 |    20.4664 |
|        1 |         73 |          1559.60 |      1535.91 |      1608.82 |                 46.35 |                    5.00 |    400 |    20.5225 |
|        1 |         74 |          1559.60 |      1535.91 |      1645.79 |                 47.16 |                    5.00 |    403 |    20.5706 |
|        1 |         75 |          1559.60 |      1535.91 |      1599.50 |                 27.06 |                    7.67 |    403 |    20.6765 |
|        1 |         76 |          1559.60 |      1535.91 |      1599.50 |                 15.41 |                    5.00 |    403 |    20.7334 |
|        1 |         77 |          1559.60 |      1535.91 |      1598.10 |                  8.51 |                    5.00 |    404 |    20.7933 |
|        1 |         78 |          1559.60 |      1535.91 |      1604.80 |                  7.16 |                    5.00 |    405 |    20.8474 |
|        1 |         79 |          1559.60 |      1535.91 |      1590.70 |                  5.41 |                    5.00 |    405 |    20.9816 |
|        1 |         80 |          1559.60 |      1535.91 |      1590.65 |                 10.76 |                    5.00 |    406 |    21.0479 |
|        1 |         81 |          1559.60 |      1535.91 |      1596.09 |                 20.74 |                    5.00 |    406 |    21.1142 |
|        1 |         82 |          1559.60 |      1535.91 |      1601.55 |                 60.14 |                    5.00 |    408 |    21.2134 |
|        1 |         83 |          1559.60 |      1535.91 |      1635.11 |                106.05 |                    6.10 |    409 |    21.2664 |
|        1 |         84 |          1559.60 |      1535.91 |      1625.80 |                 36.90 |                    5.00 |    411 |    21.3661 |
|        1 |         85 |          1559.60 |      1535.91 |      1625.23 |                 65.03 |                    5.00 |    413 |    21.4306 |
|        1 |         86 |          1559.60 |      1535.91 |      1634.50 |                 35.58 |                    5.00 |    414 |    21.4862 |
|        1 |         87 |          1559.60 |      1535.91 |      1612.68 |                 44.06 |                    5.00 |    416 |    21.5994 |
|        1 |         88 |          1559.60 |      1535.91 |      1616.33 |                 75.18 |                    6.22 |    417 |    21.7081 |
|        1 |         89 |          1559.60 |      1535.91 |      1652.79 |                 53.83 |                    6.78 |    417 |    21.7825 |
|        1 |         90 |          1559.60 |      1535.91 |      1634.61 |                 53.10 |                    5.00 |    418 |    21.8503 |
|        1 |         91 |          1559.60 |      1535.91 |      1609.01 |                 27.16 |                    5.00 |    419 |    22.0441 |
|        1 |         92 |          1559.60 |      1535.91 |      1616.27 |                 52.31 |                    5.00 |    419 |    22.1251 |
|        1 |         93 |          1559.60 |      1535.91 |      1673.75 |                 43.03 |                    5.00 |    420 |    22.2251 |
|        1 |         94 |          1559.60 |      1535.91 |      1637.23 |                 38.76 |                    5.14 |    420 |    22.3104 |
|        1 |         95 |          1559.60 |      1535.91 |      1624.53 |                 70.39 |                    5.00 |    420 |    22.3732 |
|        1 |         96 |          1559.60 |      1535.91 |      1691.42 |                 61.00 |                    5.00 |    421 |    22.4290 |
|        1 |         97 |          1559.60 |      1535.91 |      1676.36 |                 47.76 |                    5.36 |    422 |    22.5075 |
|        1 |         98 |          1559.60 |      1535.91 |      1659.30 |                 53.52 |                    5.00 |    422 |    22.6241 |
|        1 |         99 |          1559.60 |      1535.91 |      1623.29 |                 42.67 |                    5.00 |    422 |    22.7476 |
|        1 |        100 |          1559.60 |      1535.91 |      1657.00 |                 31.53 |                    5.00 |    423 |    22.7956 |
|        1 |        101 |          1559.60 |      1535.91 |      1650.24 |                 58.42 |                    5.00 |    424 |    22.8590 |
|        1 |        102 |          1559.60 |      1535.91 |      1670.70 |                 29.80 |                    5.00 |    426 |    22.9196 |
|        1 |        103 |          1559.60 |      1535.91 |      1610.26 |                 42.10 |                    5.00 |    427 |    22.9960 |
|        1 |        104 |          1559.60 |      1535.91 |      1640.95 |                 49.22 |                    5.69 |    430 |    23.0589 |
|        1 |        105 |          1559.60 |      1535.91 |      1640.03 |                 51.06 |                    6.02 |    430 |    23.1208 |
|        1 |        106 |          1559.60 |      1535.91 |      1626.10 |                 46.42 |                    5.00 |    431 |    23.2193 |
|        1 |        107 |          1559.60 |      1535.91 |      1645.90 |                 14.76 |                    5.00 |    432 |    23.3284 |
|        1 |        108 |          1559.60 |      1535.91 |      1646.98 |                  9.83 |                    5.00 |    433 |    23.4404 |
|        1 |        109 |          1559.60 |      1535.91 |      1587.61 |                  5.53 |                    9.72 |    437 |    23.5413 |
|        1 |        110 |          1559.60 |      1535.91 |      1587.12 |                 10.35 |                    5.16 |    437 |    23.6103 |
|        1 |        111 |          1559.60 |      1535.91 |      1638.84 |                 10.96 |                    5.00 |    440 |    23.6695 |
|        1 |        112 |          1559.60 |      1535.91 |      1580.69 |                  7.30 |                    6.67 |    440 |    23.7805 |
|        1 |        113 |          1559.60 |      1535.91 |      1583.37 |                 11.17 |                    6.29 |    442 |    23.8639 |
|        1 |        114 |          1559.60 |      1535.91 |      1596.00 |                  5.53 |                    5.00 |    442 |    23.9388 |
|        1 |        115 |          1559.60 |      1535.91 |      1586.20 |                  5.97 |                    5.00 |    442 |    24.0207 |
|        1 |        116 |          1559.60 |      1535.91 |      1585.88 |                  5.00 |                    5.00 |    442 |    24.0816 |
|        1 |        117 |          1559.60 |      1535.91 |      1581.32 |                  9.45 |                    5.00 |    442 |    24.1791 |
|        1 |        118 |          1559.60 |      1535.91 |      1572.29 |                 21.69 |                    5.73 |    442 |    24.3308 |
|        1 |        119 |          1559.60 |      1535.91 |      1588.26 |                 30.05 |                    5.00 |    442 |    24.3985 |
|        1 |        120 |          1559.60 |      1535.91 |      1596.27 |                 21.76 |                    5.00 |    442 |    24.4492 |
|        1 |        121 |          1559.60 |      1535.91 |      1590.01 |                 39.13 |                    5.00 |    442 |    24.5030 |
|        1 |        122 |          1559.60 |      1535.91 |      1608.52 |                 71.81 |                    5.00 |    442 |    24.5562 |
|        1 |        123 |          1559.60 |      1535.91 |      1625.70 |                 40.09 |                    5.00 |    443 |    24.6121 |
|        1 |        124 |          1559.60 |      1535.91 |      1596.05 |                 42.33 |                    5.00 |    444 |    24.7117 |
|        1 |        125 |          1559.60 |      1535.91 |      1639.30 |                 14.88 |                    5.00 |    446 |    24.8034 |
|        1 |        126 |          1559.60 |      1535.91 |      1587.56 |                 30.63 |                    5.00 |    447 |    24.9391 |
|        1 |        127 |          1559.60 |      1535.91 |      1612.10 |                 56.21 |                    5.00 |    447 |    24.9906 |
|        1 |        128 |          1559.60 |      1535.91 |      1630.91 |                 48.65 |                    5.00 |    449 |    25.0666 |
|        1 |        129 |          1559.60 |      1535.91 |      1622.71 |                 60.99 |                    5.00 |    449 |    25.1331 |
|        1 |        130 |          1559.60 |      1535.91 |      1631.10 |                 55.47 |                    5.00 |    449 |    25.2140 |
|        1 |        131 |          1559.60 |      1535.91 |      1627.70 |                100.59 |                    8.64 |    450 |    25.3041 |
|        1 |        132 |          1559.60 |      1535.91 |      1657.30 |                 65.14 |                    5.00 |    452 |    25.3914 |
|        1 |        133 |          1559.60 |      1535.91 |      1657.30 |                 36.73 |                    5.00 |    452 |    25.4431 |
|        1 |        134 |          1559.60 |      1535.91 |      1674.80 |                 15.01 |                    5.00 |    454 |    25.5328 |
|        1 |        135 |          1559.60 |      1535.91 |      1674.80 |                  8.29 |                    5.00 |    454 |    25.5928 |
|        1 |        136 |          1559.60 |      1535.91 |      1651.00 |                 13.44 |                    5.00 |    457 |    25.7227 |
|        1 |        137 |          1559.60 |      1535.91 |      1659.20 |                  5.00 |                    5.00 |    460 |    25.9527 |
|        1 |        138 |          1559.60 |      1535.91 |      1659.20 |                  5.00 |                    5.00 |    460 |    26.0103 |
|        1 |        139 |          1559.60 |      1535.91 |      1617.57 |                 12.37 |                    5.00 |    462 |    26.1324 |
|        1 |        140 |          1559.60 |      1535.91 |      1612.80 |                  9.69 |                    5.80 |    462 |    26.1976 |
|        1 |        141 |          1559.60 |      1535.91 |      1612.80 |                  8.57 |                    5.00 |    462 |    26.2441 |
|        1 |        142 |          1559.60 |      1535.91 |      1612.58 |                  8.45 |                    5.00 |    462 |    26.3126 |
|        1 |        143 |          1559.60 |      1535.91 |      1573.60 |                  8.12 |                    5.00 |    462 |    26.4972 |
|        1 |        144 |          1559.60 |      1535.91 |      1579.00 |                  5.25 |                    5.86 |    462 |    26.6033 |
|        1 |        145 |          1559.60 |      1535.91 |      1563.99 |                 12.11 |                    5.00 |    464 |    26.7103 |
|        1 |        146 |          1559.60 |      1535.91 |      1588.79 |                 32.42 |                    5.00 |    465 |    26.8084 |
|        1 |        147 |          1559.60 |      1535.91 |      1603.90 |                 57.17 |                    5.00 |    465 |    26.8617 |
|        1 |        148 |          1559.60 |      1535.91 |      1627.67 |                 94.96 |                    5.00 |    465 |    26.9079 |
|        1 |        149 |          1559.60 |      1535.91 |      1663.90 |                 44.66 |                    5.00 |    468 |    26.9832 |
|        1 |        150 |          1559.60 |      1535.91 |      1610.06 |                 56.94 |                   11.31 |    469 |    27.1147 |
|        1 |        151 |          1559.60 |      1535.91 |      1646.85 |                 70.76 |                   14.05 |    470 |    27.1660 |
|        1 |        152 |          1559.60 |      1535.91 |      1618.20 |                 44.87 |                    9.27 |    473 |    27.2643 |
|        1 |        153 |          1559.60 |      1535.91 |      1618.20 |                 28.26 |                    5.84 |    473 |    27.3092 |
|        1 |        154 |          1559.60 |      1535.91 |      1571.96 |                 13.78 |                    5.00 |    475 |    27.4589 |
|        1 |        155 |          1559.60 |      1535.91 |      1565.78 |                  5.00 |                    5.00 |    475 |    27.5736 |
|        1 |        156 |          1559.60 |      1535.91 |      1563.12 |                 10.76 |                    5.00 |    475 |    27.6402 |
|        1 |        157 |          1559.60 |      1535.91 |      1568.32 |                 11.14 |                    5.00 |    475 |    27.7176 |
|        1 |        158 |          1559.60 |      1535.91 |      1620.07 |                 10.56 |                    5.00 |    476 |    27.7923 |
|        1 |        159 |          1559.60 |      1535.91 |      1594.79 |                 27.41 |                    5.86 |    476 |    27.9044 |
|        1 |        160 |          1559.60 |      1535.91 |      1593.78 |                 46.39 |                    5.00 |    479 |    27.9722 |
|        1 |        161 |          1559.60 |      1535.91 |      1605.90 |                 46.24 |                    5.00 |    479 |    28.0320 |
|        1 |        162 |          1559.60 |      1535.91 |      1605.27 |                 72.28 |                    5.00 |    479 |    28.0846 |
|        1 |        163 |          1559.60 |      1535.91 |      1571.50 |                 29.54 |                    5.00 |    479 |    28.1727 |
|        1 |        164 |          1559.60 |      1535.91 |      1568.60 |                 17.15 |                    5.00 |    480 |    28.2360 |
|        1 |        165 |          1559.60 |      1535.91 |      1568.60 |                 10.48 |                    5.00 |    480 |    28.2875 |
|        1 |        166 |          1559.60 |      1535.91 |      1568.27 |                  9.83 |                    5.00 |    481 |    28.3615 |
|        1 |        167 |          1559.60 |      1535.91 |      1567.82 |                  5.88 |                    5.00 |    481 |    28.4231 |
|        1 |        168 |          1559.60 |      1535.91 |      1563.68 |                  9.96 |                    5.00 |    481 |    28.4755 |
|        1 |        169 |          1559.60 |      1535.91 |      1567.80 |                  5.23 |                    5.00 |    481 |    28.5420 |
|        1 |        170 |          1559.60 |      1535.91 |      1577.80 |                  5.00 |                    5.00 |    482 |    28.6142 |
|        1 |        171 |          1559.60 |      1535.91 |      1576.40 |                  5.00 |                    5.00 |    482 |    28.6645 |
|        1 |        172 |          1559.60 |      1535.91 |      1571.81 |                 10.23 |                    5.00 |    482 |    28.7401 |
|        1 |        173 |          1559.60 |      1535.91 |      1577.70 |                 22.45 |                    5.00 |    482 |    28.8120 |
|        1 |        174 |          1559.60 |      1535.91 |      1586.65 |                 49.77 |                    5.26 |    482 |    28.8725 |
|        1 |        175 |          1559.60 |      1535.91 |      1567.68 |                 24.55 |                    7.98 |    482 |    28.9850 |
|        1 |        176 |          1559.60 |      1535.91 |      1568.71 |                 48.25 |                    5.00 |    484 |    29.0641 |
|        1 |        177 |          1559.60 |      1535.91 |      1605.10 |                 31.56 |                    5.00 |    484 |    29.1431 |
|        1 |        178 |          1559.60 |      1535.91 |      1600.03 |                 50.28 |                    5.09 |    485 |    29.2220 |
|        1 |        179 |          1559.60 |      1535.91 |      1620.00 |                 32.29 |                    5.00 |    485 |    29.2765 |
|        1 |        180 |          1559.60 |      1535.91 |      1615.27 |                 60.95 |                    5.58 |    486 |    29.3590 |
|        1 |        181 |          1559.60 |      1535.91 |      1645.73 |                 77.20 |                    5.00 |    486 |    29.4215 |
|        1 |        182 |          1559.60 |      1535.91 |      1655.85 |                136.13 |                    5.75 |    489 |    29.4734 |
|        1 |        183 |          1559.60 |      1535.91 |      1637.70 |                 58.89 |                    5.00 |    489 |    29.6071 |
|        1 |        184 |          1559.60 |      1535.91 |      1695.70 |                 25.83 |                    6.10 |    494 |    29.6726 |
|        1 |        185 |          1559.60 |      1535.91 |      1621.33 |                 25.37 |                    5.00 |    497 |    29.8111 |
|        1 |        186 |          1559.60 |      1535.91 |      1637.27 |                 46.09 |                    5.00 |    497 |    29.8672 |
|        1 |        187 |          1559.60 |      1535.91 |      1657.72 |                 88.01 |                    7.52 |    497 |    29.9293 |
|        1 |        188 |          1559.60 |      1535.91 |      1684.50 |                 47.12 |                    5.00 |    499 |    30.0136 |
|        1 |        189 |          1559.60 |      1535.91 |      1665.70 |                 20.05 |                    5.75 |    500 |    30.0925 |
|        1 |        190 |          1559.60 |      1535.91 |      1585.75 |                 12.35 |                    5.29 |    501 |    30.1817 |
|        1 |        191 |          1559.60 |      1535.91 |      1586.00 |                  6.95 |                    5.00 |    501 |    30.2688 |
|        1 |        192 |          1559.60 |      1535.91 |      1594.90 |                  5.41 |                    6.03 |    501 |    30.3242 |
|        1 |        193 |          1559.60 |      1535.91 |      1585.40 |                  8.98 |                    5.00 |    501 |    30.4062 |
|        1 |        194 |          1559.60 |      1535.91 |      1610.10 |                  6.57 |                    5.00 |    501 |    30.4675 |
|        1 |        195 |          1559.60 |      1535.91 |      1603.00 |                 11.79 |                    7.90 |    502 |    30.5593 |
|        1 |        196 |          1559.60 |      1535.91 |      1614.17 |                  9.05 |                    6.29 |    502 |    30.6352 |
|        1 |        197 |          1559.60 |      1535.91 |      1611.70 |                 15.48 |                    5.00 |    502 |    30.6799 |
|        1 |        198 |          1559.60 |      1535.91 |      1589.51 |                 38.66 |                    5.00 |    503 |    30.7696 |
|        1 |        199 |          1559.60 |      1535.91 |      1601.33 |                 67.46 |                    5.00 |    503 |    30.8315 |
|        1 |        200 |          1559.60 |      1535.91 |      1630.01 |                 41.19 |                    5.00 |    504 |    30.8900 |
|        1 |        201 |          1559.60 |      1535.91 |      1625.90 |                 14.63 |                    5.00 |    509 |    30.9839 |
|        1 |        202 |          1559.60 |      1535.91 |      1586.25 |                 20.07 |                    5.00 |    512 |    31.0624 |
|        1 |        203 |          1559.60 |      1535.91 |      1600.77 |                 21.43 |                    5.00 |    512 |    31.1316 |
|        1 |        204 |          1559.60 |      1535.91 |      1622.83 |                 42.15 |                    5.00 |    512 |    31.1942 |
|        1 |        205 |          1559.60 |      1535.91 |      1612.60 |                 51.22 |                    5.61 |    512 |    31.2796 |
|        1 |        206 |          1559.60 |      1535.91 |      1603.40 |                 26.92 |                    5.00 |    512 |    31.3407 |
|        1 |        207 |          1559.60 |      1535.91 |      1603.40 |                 14.72 |                    5.00 |    512 |    31.3976 |
|        1 |        208 |          1559.60 |      1535.91 |      1603.40 |                  7.58 |                    5.00 |    512 |    31.4587 |
|        1 |        209 |          1559.60 |      1535.91 |      1603.40 |                  7.12 |                    5.00 |    512 |    31.5087 |
|        1 |        210 |          1559.60 |      1535.91 |      1584.50 |                  5.00 |                    5.00 |    513 |    31.5801 |
|        1 |        211 |          1559.60 |      1535.91 |      1659.67 |                  8.39 |                    5.00 |    518 |    31.6314 |
|        1 |        212 |          1559.60 |      1535.91 |      1669.30 |                  5.00 |                    5.00 |    518 |    31.7091 |
|        1 |        213 |          1559.60 |      1535.91 |      1669.30 |                  5.00 |                    5.00 |    520 |    31.7644 |
|        1 |        214 |          1559.60 |      1535.91 |      1628.70 |                  5.52 |                    5.47 |    520 |    31.8408 |
|        1 |        215 |          1559.60 |      1535.91 |      1575.90 |                  5.04 |                    5.58 |    520 |    31.9244 |
|        1 |        216 |          1559.60 |      1535.91 |      1580.90 |                  5.00 |                    5.00 |    520 |    32.0309 |
|        1 |        217 |          1559.60 |      1535.91 |      1576.90 |                  5.00 |                    5.00 |    520 |    32.1251 |
|        1 |        218 |          1559.60 |      1535.91 |      1576.90 |                  8.47 |                    5.00 |    520 |    32.1806 |
|        1 |        219 |          1559.60 |      1535.91 |      1576.90 |                 10.53 |                    6.10 |    520 |    32.2284 |
|        1 |        220 |          1559.60 |      1535.91 |      1601.54 |                 10.46 |                    5.00 |    520 |    32.3516 |
|        1 |        221 |          1559.60 |      1535.91 |      1596.20 |                  9.98 |                    5.00 |    522 |    32.4755 |
|        1 |        222 |          1559.60 |      1535.91 |      1576.99 |                  8.62 |                    5.00 |    522 |    32.5844 |
|        1 |        223 |          1559.60 |      1535.91 |      1570.35 |                 19.12 |                    6.81 |    523 |    32.6480 |
|        1 |        224 |          1559.60 |      1535.91 |      1578.60 |                 34.31 |                    5.15 |    525 |    32.7263 |
|        1 |        225 |          1559.60 |      1535.91 |      1617.00 |                 14.31 |                    5.00 |    528 |    32.7974 |
|        1 |        226 |          1559.60 |      1535.91 |      1611.00 |                  6.53 |                    5.00 |    528 |    32.8676 |
|        1 |        227 |          1559.60 |      1535.91 |      1604.57 |                  5.00 |                    5.00 |    528 |    32.9494 |
|        1 |        228 |          1559.60 |      1535.91 |      1600.03 |                  9.17 |                    5.00 |    528 |    32.9985 |
|        1 |        229 |          1559.60 |      1535.91 |      1605.05 |                  8.27 |                    5.00 |    528 |    33.0512 |
|        1 |        230 |          1559.60 |      1535.91 |      1604.30 |                  7.69 |                    5.00 |    528 |    33.1061 |
|        1 |        231 |          1559.60 |      1535.91 |      1607.24 |                  7.14 |                    5.00 |    529 |    33.1666 |
|        1 |        232 |          1559.60 |      1535.91 |      1576.50 |                  5.58 |                    5.00 |    531 |    33.2492 |
|        1 |        233 |          1559.60 |      1535.91 |      1576.50 |                  5.00 |                    5.00 |    531 |    33.2981 |
|        1 |        234 |          1559.60 |      1535.91 |      1572.34 |                 12.00 |                    5.00 |    532 |    33.3894 |
|        1 |        235 |          1559.60 |      1535.91 |      1578.42 |                 10.40 |                    5.00 |    532 |    33.4426 |
|        1 |        236 |          1559.60 |      1535.91 |      1576.91 |                 13.58 |                    5.47 |    532 |    33.5043 |
|        1 |        237 |          1559.60 |      1535.91 |      1575.28 |                 33.91 |                    5.00 |    534 |    33.5851 |
|        1 |        238 |          1559.60 |      1535.91 |      1623.60 |                 16.60 |                    5.00 |    538 |    33.6928 |
|        1 |        239 |          1559.60 |      1535.91 |      1589.10 |                  6.22 |                    5.00 |    538 |    33.8974 |
|        1 |        240 |          1559.60 |      1535.91 |      1589.10 |                  5.00 |                    5.00 |    538 |    33.9443 |
|        1 |        241 |          1559.60 |      1535.91 |      1587.68 |                  8.63 |                    5.92 |    538 |    34.0341 |
|        1 |        242 |          1559.60 |      1535.91 |      1591.57 |                 19.33 |                    5.00 |    540 |    34.1070 |
|        1 |        243 |          1559.60 |      1535.91 |      1588.60 |                  9.44 |                    5.00 |    542 |    34.2429 |
|        1 |        244 |          1559.60 |      1535.91 |      1597.02 |                 30.17 |                    5.00 |    544 |    34.3808 |
|        1 |        245 |          1559.60 |      1535.91 |      1607.38 |                 24.36 |                    8.13 |    545 |    34.4664 |
|        1 |        246 |          1559.60 |      1535.91 |      1614.77 |                 21.94 |                   16.63 |    546 |    34.5440 |
|        1 |        247 |          1559.60 |      1535.91 |      1604.58 |                 41.07 |                   14.27 |    546 |    34.6031 |
|        1 |        248 |          1559.60 |      1535.91 |      1595.77 |                 24.17 |                    5.74 |    546 |    34.8073 |
|        1 |        249 |          1559.60 |      1535.91 |      1609.73 |                 49.48 |                    5.00 |    549 |    34.8809 |
|        1 |        250 |          1559.60 |      1535.91 |      1637.10 |                 75.82 |                    5.00 |    549 |    34.9413 |
|        1 |        251 |          1559.60 |      1535.91 |      1666.10 |                 64.87 |                    5.00 |    551 |    35.0570 |
|        1 |        252 |          1559.60 |      1535.91 |      1635.08 |                 48.07 |                    5.00 |    552 |    35.2397 |
|        1 |        253 |          1559.60 |      1535.91 |      1698.82 |                 60.88 |                    5.00 |    552 |    35.3094 |
|        1 |        254 |          1559.60 |      1535.91 |      1709.68 |                101.12 |                    5.00 |    552 |    35.3619 |
|        1 |        255 |          1559.60 |      1535.91 |      1711.40 |                 70.92 |                    5.86 |    552 |    35.4506 |
|        1 |        256 |          1559.60 |      1535.91 |      1711.40 |                 41.21 |                    5.46 |    552 |    35.4988 |
|        1 |        257 |          1559.60 |      1535.91 |      1628.52 |                 36.95 |                   10.33 |    554 |    35.6647 |
|        1 |        258 |          1559.60 |      1535.91 |      1622.43 |                 58.89 |                    5.37 |    555 |    35.7382 |
|        1 |        259 |          1559.60 |      1535.91 |      1640.17 |                 86.69 |                    5.00 |    555 |    35.7951 |
|        1 |        260 |          1559.60 |      1535.91 |      1664.40 |                121.07 |                    5.00 |    559 |    35.9073 |
|        1 |        261 |          1559.60 |      1535.91 |      1616.50 |                 18.30 |                    5.00 |    560 |    36.0893 |
|        1 |        262 |          1559.60 |      1535.91 |      1656.63 |                  6.76 |                    5.00 |    560 |    36.2075 |
|        1 |        263 |          1559.60 |      1535.91 |      1652.29 |                  8.56 |                    5.00 |    561 |    36.3093 |
|        1 |        264 |          1559.60 |      1535.91 |      1651.56 |                 13.76 |                    5.00 |    561 |    36.4004 |
|        1 |        265 |          1559.60 |      1535.91 |      1632.40 |                  7.57 |                    5.00 |    563 |    36.5396 |
|        1 |        266 |          1559.60 |      1535.91 |      1621.20 |                  7.30 |                    5.00 |    563 |    36.6810 |
|        1 |        267 |          1559.60 |      1535.91 |      1616.90 |                  7.57 |                    5.00 |    566 |    36.7480 |
|        1 |        268 |          1559.60 |      1535.91 |      1610.00 |                 10.27 |                    5.00 |    566 |    36.8433 |
|        1 |        269 |          1559.60 |      1535.91 |      1596.18 |                  5.85 |                    8.82 |    566 |    36.8993 |
|        1 |        270 |          1559.60 |      1535.91 |      1576.82 |                 15.82 |                    5.00 |    566 |    36.9963 |
|        1 |        271 |          1559.60 |      1535.91 |      1582.28 |                 27.35 |                    5.00 |    566 |    37.0476 |
|        1 |        272 |          1559.60 |      1535.91 |      1584.30 |                 31.60 |                    5.00 |    566 |    37.1510 |
|        1 |        273 |          1559.60 |      1535.91 |      1584.30 |                 16.27 |                    5.58 |    566 |    37.2255 |
|        1 |        274 |          1559.60 |      1535.91 |      1575.10 |                 22.55 |                    8.64 |    566 |    37.3235 |
|        1 |        275 |          1559.60 |      1535.91 |      1575.10 |                 35.94 |                    5.00 |    566 |    37.3899 |
|        1 |        276 |          1559.60 |      1535.91 |      1575.10 |                 19.86 |                    5.00 |    566 |    37.4447 |
|        1 |        277 |          1559.60 |      1535.91 |      1575.10 |                 14.94 |                    5.00 |    566 |    37.5209 |
|        1 |        278 |          1559.60 |      1535.91 |      1584.30 |                 17.30 |                    6.22 |    566 |    37.5818 |
|        1 |        279 |          1559.60 |      1535.91 |      1589.68 |                 41.51 |                    5.00 |    566 |    37.6631 |
|        1 |        280 |          1559.60 |      1535.91 |      1610.91 |                 69.64 |                    5.00 |    566 |    37.7182 |
|        1 |        281 |          1559.60 |      1535.91 |      1616.10 |                 89.12 |                    5.57 |    568 |    37.7840 |
|        1 |        282 |          1559.60 |      1535.91 |      1568.38 |                 16.63 |                    5.29 |    568 |    37.9355 |
|        1 |        283 |          1559.60 |      1535.91 |      1551.65 |                 15.04 |                    6.03 |    568 |    38.1309 |
|        1 |          0 |          1552.00 |      1535.91 |      1552.00 |                 11.44 |                    5.00 |    569 |    38.2061 |
|        1 |          1 |          1552.00 |      1535.91 |      1559.39 |                 10.74 |                    5.00 |    571 |    38.2775 |
|        1 |          2 |          1552.00 |      1535.91 |      1553.81 |                 10.90 |                    9.62 |    571 |    38.4075 |
|        1 |          3 |          1552.00 |      1535.91 |      1536.98 |                 15.40 |                   10.92 |    571 |    38.4840 |
|        1 |          0 |          1537.00 |      1535.91 |      1537.00 |                  9.31 |                    5.19 |    571 |    38.5546 |
|        1 |          1 |          1537.00 |      1535.91 |      1541.91 |                  9.37 |                    5.89 |    571 |    38.6182 |
|        1 |          2 |          1537.00 |      1535.91 |      1551.61 |                  8.53 |                   10.37 |    572 |    38.6861 |
|        1 |          3 |          1537.00 |      1535.91 |      1574.90 |                  7.91 |                    5.00 |    573 |    38.7947 |
|        1 |          4 |          1537.00 |      1535.91 |      1574.61 |                 11.75 |                    5.00 |    573 |    38.8564 |
|        1 |          5 |          1537.00 |      1535.91 |      1574.90 |                  8.51 |                    5.00 |    573 |    38.9136 |
|        1 |          6 |          1537.00 |      1535.91 |      1576.27 |                 12.52 |                    9.08 |    573 |    38.9871 |
|        1 |          7 |          1537.00 |      1535.91 |      1587.79 |                 10.94 |                    7.94 |    575 |    39.0682 |
|        1 |          8 |          1537.00 |      1535.91 |      1572.82 |                 19.10 |                    5.20 |    576 |    39.1294 |
|        1 |          9 |          1537.00 |      1535.91 |      1569.64 |                 32.68 |                    8.90 |    576 |    39.1813 |
|        1 |         10 |          1537.00 |      1535.91 |      1583.00 |                 13.32 |                    5.00 |    576 |    39.3180 |
|        1 |         11 |          1537.00 |      1535.91 |      1583.00 |                  7.14 |                    5.00 |    576 |    39.3778 |
|        1 |         12 |          1537.00 |      1535.91 |      1587.21 |                 13.22 |                    5.00 |    578 |    39.4521 |
|        1 |         13 |          1537.00 |      1535.91 |      1583.40 |                 10.15 |                    5.00 |    579 |    39.5377 |
|        1 |         14 |          1537.00 |      1535.91 |      1581.36 |                  7.63 |                   12.24 |    579 |    39.6120 |
|        1 |         15 |          1537.00 |      1535.91 |      1580.46 |                 13.33 |                    7.26 |    581 |    39.6647 |
|        1 |         16 |          1537.00 |      1535.91 |      1570.90 |                 11.67 |                    5.00 |    581 |    39.7124 |
|        1 |         17 |          1537.00 |      1535.91 |      1580.04 |                 27.46 |                    8.82 |    581 |    39.7969 |
|        1 |         18 |          1537.00 |      1535.91 |      1603.54 |                 49.39 |                    5.00 |    581 |    39.8479 |
|        1 |         19 |          1537.00 |      1535.91 |      1625.05 |                 30.43 |                    5.00 |    582 |    39.9224 |
------------------------------------------------------------------------------------------------------------------------------------------------
|  Restart |  Iteration |  Best Feas. Cost |    Best Cost |   Curr. Cost |   Penalty Custom Res. |   Penalty Standard Res. |   Pool |   Time (s) |
------------------------------------------------------------------------------------------------------------------------------------------------
|        1 |         20 |          1537.00 |      1535.91 |      1569.50 |                 26.07 |                    5.00 |    582 |    40.0065 |
|        1 |         21 |          1537.00 |      1535.91 |      1572.20 |                  8.21 |                    5.00 |    582 |    40.1295 |
|        1 |         22 |          1537.00 |      1535.91 |      1571.60 |                  9.41 |                    5.00 |    582 |    40.1977 |
|        1 |         23 |          1537.00 |      1535.91 |      1572.80 |                  9.65 |                    5.00 |    582 |    40.2888 |
|        1 |         24 |          1537.00 |      1535.91 |      1539.06 |                 12.72 |                    6.21 |    582 |    40.3553 |
|        1 |         25 |          1537.00 |      1535.91 |      1546.54 |                 15.04 |                    5.00 |    582 |    40.4095 |
|        1 |         26 |          1537.00 |      1535.91 |      1582.26 |                 33.34 |                    5.75 |    582 |    40.4844 |
|        1 |         27 |          1537.00 |      1535.91 |      1572.80 |                 54.72 |                    5.96 |    583 |    40.5582 |
|        1 |         28 |          1537.00 |      1535.91 |      1582.30 |                 32.06 |                    6.00 |    587 |    40.6435 |
|        1 |         29 |          1537.00 |      1535.91 |      1583.59 |                 17.54 |                    6.22 |    589 |    40.7007 |
|        1 |         30 |          1537.00 |      1535.91 |      1548.21 |                  9.10 |                    6.25 |    589 |    40.8102 |
|        1 |         31 |          1537.00 |      1535.91 |      1541.43 |                 14.09 |                    5.52 |    589 |    40.8607 |
|        1 |         32 |          1537.00 |      1535.91 |      1542.30 |                 10.83 |                    5.00 |    589 |    40.9235 |
|        1 |         33 |          1537.00 |      1535.91 |      1541.92 |                  9.11 |                    5.40 |    589 |    40.9754 |
|        1 |         34 |          1537.00 |      1535.91 |      1540.86 |                 11.20 |                    6.26 |    589 |    41.0296 |
|        1 |         35 |          1537.00 |      1535.91 |      1607.33 |                  8.26 |                    5.52 |    592 |    41.1147 |
|        1 |         36 |          1537.00 |      1535.91 |      1570.17 |                 11.78 |                    5.80 |    595 |    41.2019 |
|        1 |         37 |          1537.00 |      1535.91 |      1595.10 |                 10.51 |                    5.00 |    598 |    41.2711 |
|        1 |         38 |          1537.00 |      1535.91 |      1578.89 |                 10.99 |                    5.00 |    598 |    41.3645 |
|        1 |         39 |          1537.00 |      1535.91 |      1580.30 |                 17.14 |                    5.00 |    599 |    41.4547 |
|        1 |         40 |          1537.00 |      1535.91 |      1624.30 |                  9.86 |                    5.31 |    599 |    41.5051 |
|        1 |         41 |          1537.00 |      1535.91 |      1627.63 |                 11.87 |                    6.28 |    602 |    41.5858 |
|        1 |         42 |          1537.00 |      1535.91 |      1626.20 |                  8.67 |                    6.61 |    602 |    41.6651 |
|        1 |         43 |          1537.00 |      1535.91 |      1627.03 |                  7.90 |                    8.12 |    607 |    41.7206 |
|        1 |         44 |          1537.00 |      1535.91 |      1612.33 |                 10.70 |                    5.00 |    608 |    41.8262 |
|        1 |         45 |          1537.00 |      1535.91 |      1609.32 |                 17.26 |                    5.92 |    608 |    41.8648 |
|        1 |         46 |          1537.00 |      1535.91 |      1615.66 |                 31.04 |                    5.00 |    608 |    41.9169 |
|        1 |         47 |          1537.00 |      1535.91 |      1629.10 |                 31.43 |                    5.00 |    610 |    42.0558 |
|        1 |         48 |          1537.00 |      1535.91 |      1676.80 |                 17.72 |                    5.00 |    612 |    42.1115 |
|        1 |         49 |          1537.00 |      1535.91 |      1642.86 |                 21.69 |                    5.00 |    612 |    42.2538 |
|        1 |         50 |          1537.00 |      1535.91 |      1633.45 |                 62.84 |                    5.00 |    613 |    42.3723 |
|        1 |         51 |          1537.00 |      1535.91 |      1659.93 |                 78.69 |                   10.34 |    614 |    42.4627 |
|        1 |         52 |          1537.00 |      1535.91 |      1635.79 |                 39.33 |                    6.44 |    615 |    42.5253 |
|        1 |         53 |          1537.00 |      1535.91 |      1643.00 |                 20.46 |                    5.00 |    615 |    42.5818 |
|        1 |         54 |          1537.00 |      1535.91 |      1620.33 |                 22.53 |                    5.85 |    615 |    42.6488 |
|        1 |         55 |          1537.00 |      1535.91 |      1581.20 |                 12.30 |                    7.44 |    615 |    42.7440 |
|        1 |         56 |          1537.00 |      1535.91 |      1582.40 |                  7.29 |                    5.00 |    615 |    42.8008 |
|        1 |         57 |          1537.00 |      1535.91 |      1603.00 |                 10.72 |                    5.00 |    615 |    42.8679 |
|        1 |         58 |          1537.00 |      1535.91 |      1603.00 |                  6.95 |                    5.00 |    615 |    42.9378 |
|        1 |         59 |          1537.00 |      1535.91 |      1572.30 |                  6.54 |                    6.67 |    615 |    43.0445 |
|        1 |         60 |          1537.00 |      1535.91 |      1578.40 |                  6.22 |                    5.00 |    616 |    43.1397 |
|        1 |         61 |          1537.00 |      1535.91 |      1588.20 |                  5.00 |                    5.00 |    616 |    43.2020 |
|        1 |         62 |          1537.00 |      1535.91 |      1577.70 |                  6.61 |                    5.00 |    616 |    43.2883 |
|        1 |         63 |          1537.00 |      1535.91 |      1577.70 |                  5.00 |                    5.00 |    616 |    43.3381 |
|        1 |         64 |          1537.00 |      1535.91 |      1575.03 |                  8.38 |                    5.00 |    616 |    43.4025 |
|        1 |         65 |          1537.00 |      1535.91 |      1574.32 |                 10.49 |                    5.00 |    616 |    43.5055 |
|        1 |         66 |          1537.00 |      1535.91 |      1574.40 |                  7.37 |                    5.69 |    616 |    43.5772 |
|        1 |         67 |          1537.00 |      1535.91 |      1573.35 |                  7.27 |                    5.00 |    616 |    43.6329 |
|        1 |         68 |          1537.00 |      1535.91 |      1573.62 |                  8.59 |                    5.00 |    616 |    43.6868 |
|        1 |         69 |          1537.00 |      1535.91 |      1574.37 |                 14.53 |                    5.00 |    616 |    43.7703 |
|        1 |         70 |          1537.00 |      1535.91 |      1574.40 |                  8.87 |                    5.00 |    616 |    43.8277 |
|        1 |         71 |          1537.00 |      1535.91 |      1569.27 |                 19.18 |                    5.00 |    616 |    43.9953 |
|        1 |         72 |          1537.00 |      1535.91 |      1568.80 |                  7.59 |                    5.00 |    618 |    44.1236 |
|        1 |         73 |          1537.00 |      1535.91 |      1572.60 |                  6.74 |                    5.00 |    618 |    44.1833 |
|        1 |         74 |          1537.00 |      1535.91 |      1619.20 |                  9.16 |                    5.00 |    619 |    44.2407 |
|        1 |         75 |          1537.00 |      1535.91 |      1619.20 |                  9.12 |                    5.00 |    619 |    44.3142 |
|        1 |         76 |          1537.00 |      1535.91 |      1619.20 |                 10.15 |                    6.67 |    619 |    44.3721 |
|        1 |         77 |          1537.00 |      1535.91 |      1610.22 |                 19.50 |                    5.00 |    620 |    44.4915 |
|        1 |         78 |          1537.00 |      1535.91 |      1621.90 |                 15.61 |                    7.01 |    620 |    44.5332 |
|        1 |         79 |          1537.00 |      1535.91 |      1617.09 |                 37.48 |                    5.00 |    620 |    44.6088 |
|        1 |         80 |          1537.00 |      1535.91 |      1639.23 |                 64.14 |                    5.00 |    620 |    44.6573 |
|        1 |         81 |          1537.00 |      1535.91 |      1669.97 |                 78.88 |                    5.00 |    621 |    44.7101 |
|        1 |         82 |          1537.00 |      1535.91 |      1695.70 |                 26.62 |                    5.00 |    621 |    44.8288 |
|        1 |         83 |          1537.00 |      1535.91 |      1693.50 |                 14.42 |                    5.00 |    621 |    44.8915 |
|        1 |         84 |          1537.00 |      1535.91 |      1609.46 |                 19.38 |                    5.00 |    624 |    44.9838 |
|        1 |         85 |          1537.00 |      1535.91 |      1625.94 |                 38.88 |                    5.36 |    624 |    45.0484 |
|        1 |         86 |          1537.00 |      1535.91 |      1653.98 |                 65.89 |                    5.00 |    624 |    45.0975 |
|        1 |         87 |          1537.00 |      1535.91 |      1665.00 |                 41.00 |                    5.00 |    624 |    45.1700 |
|        1 |         88 |          1537.00 |      1535.91 |      1664.00 |                 29.32 |                    5.00 |    624 |    45.2681 |
|        1 |         89 |          1537.00 |      1535.91 |      1620.78 |                 22.91 |                    5.00 |    624 |    45.3826 |
|        1 |         90 |          1537.00 |      1535.91 |      1624.24 |                 38.77 |                    6.04 |    624 |    45.4607 |
|        1 |         91 |          1537.00 |      1535.91 |      1633.40 |                 32.26 |                    5.98 |    624 |    45.5258 |
|        1 |         92 |          1537.00 |      1535.91 |      1624.24 |                 25.82 |                    5.00 |    624 |    45.5779 |
|        1 |         93 |          1537.00 |      1535.91 |      1649.41 |                 73.39 |                    5.00 |    627 |    45.6704 |
|        1 |         94 |          1537.00 |      1535.91 |      1672.50 |                 88.29 |                    5.00 |    630 |    45.7611 |
|        1 |         95 |          1537.00 |      1535.91 |      1634.80 |                 34.32 |                    5.00 |    631 |    45.8547 |
|        1 |         96 |          1537.00 |      1535.91 |      1634.80 |                 19.54 |                    5.00 |    631 |    45.9058 |
|        1 |         97 |          1537.00 |      1535.91 |      1598.61 |                 18.69 |                    5.00 |    633 |    45.9905 |
|        1 |         98 |          1537.00 |      1535.91 |      1602.05 |                 33.54 |                    5.63 |    635 |    46.0830 |
|        1 |         99 |          1537.00 |      1535.91 |      1633.85 |                 49.36 |                    5.80 |    635 |    46.1476 |
|        1 |        100 |          1537.00 |      1535.91 |      1641.01 |                 71.93 |                    5.00 |    635 |    46.2085 |
|        1 |        101 |          1537.00 |      1535.91 |      1623.50 |                 43.83 |                    5.00 |    635 |    46.3019 |
|        1 |        102 |          1537.00 |      1535.91 |      1621.40 |                 21.89 |                    5.00 |    637 |    46.3761 |
|        1 |        103 |          1537.00 |      1535.91 |      1583.57 |                 43.83 |                    8.14 |    638 |    46.4862 |
|        1 |        104 |          1537.00 |      1535.91 |      1611.06 |                 78.05 |                    5.00 |    638 |    46.5423 |
|        1 |        105 |          1537.00 |      1535.91 |      1614.62 |                103.73 |                    5.00 |    640 |    46.6501 |
|        1 |        106 |          1537.00 |      1535.91 |      1645.50 |                 49.80 |                    5.00 |    641 |    46.7156 |
|        1 |        107 |          1537.00 |      1535.91 |      1643.80 |                 29.52 |                    5.00 |    641 |    46.7701 |
|        1 |        108 |          1537.00 |      1535.91 |      1634.60 |                 14.61 |                    5.00 |    641 |    46.8363 |
|        1 |        109 |          1537.00 |      1535.91 |      1631.88 |                 39.10 |                    5.00 |    643 |    46.9377 |
|        1 |        110 |          1537.00 |      1535.91 |      1651.69 |                 68.94 |                    5.00 |    643 |    46.9946 |
|        1 |        111 |          1537.00 |      1535.91 |      1681.83 |                 68.02 |                    5.00 |    643 |    47.0570 |
|        1 |        112 |          1537.00 |      1535.91 |      1681.59 |                 65.19 |                    5.00 |    643 |    47.1085 |
|        1 |        113 |          1537.00 |      1535.91 |      1669.90 |                 39.30 |                    5.00 |    643 |    47.2282 |
|        1 |        114 |          1537.00 |      1535.91 |      1702.90 |                 15.43 |                    5.00 |    643 |    47.3084 |
|        1 |        115 |          1537.00 |      1535.91 |      1626.41 |                  8.87 |                    5.00 |    644 |    47.5617 |
|        1 |        116 |          1537.00 |      1535.91 |      1608.20 |                 11.81 |                    5.00 |    644 |    47.6377 |
|        1 |        117 |          1537.00 |      1535.91 |      1610.83 |                 23.46 |                    5.00 |    644 |    47.7053 |
|        1 |        118 |          1537.00 |      1535.91 |      1624.47 |                 47.54 |                    5.00 |    644 |    47.7721 |
|        1 |        119 |          1537.00 |      1535.91 |      1647.72 |                 51.85 |                    5.00 |    644 |    47.8361 |
|        1 |        120 |          1537.00 |      1535.91 |      1656.72 |                 97.05 |                    5.80 |    644 |    47.8991 |
|        1 |        121 |          1537.00 |      1535.91 |      1696.00 |                 59.29 |                    5.00 |    645 |    47.9497 |
|        1 |        122 |          1537.00 |      1535.91 |      1625.82 |                 36.31 |                    5.00 |    645 |    48.1312 |
|        1 |        123 |          1537.00 |      1535.91 |      1646.12 |                 57.88 |                    5.00 |    645 |    48.2005 |
|        1 |        124 |          1537.00 |      1535.91 |      1662.78 |                 76.29 |                    5.00 |    645 |    48.2662 |
|        1 |        125 |          1537.00 |      1535.91 |      1626.70 |                 45.15 |                    5.00 |    645 |    48.3527 |
|        1 |        126 |          1537.00 |      1535.91 |      1630.70 |                 19.80 |                    5.00 |    645 |    48.4259 |
|        1 |        127 |          1537.00 |      1535.91 |      1629.70 |                 16.77 |                    5.00 |    645 |    48.5428 |
|        1 |        128 |          1537.00 |      1535.91 |      1645.96 |                 54.77 |                    5.00 |    646 |    48.6581 |
|        1 |        129 |          1537.00 |      1535.91 |      1672.84 |                 94.68 |                    5.00 |    647 |    48.7095 |
|        1 |        130 |          1537.00 |      1535.91 |      1665.10 |                 30.41 |                    5.86 |    650 |    48.8052 |
|        1 |        131 |          1537.00 |      1535.91 |      1664.40 |                 15.82 |                    5.00 |    652 |    48.8663 |
|        1 |        132 |          1537.00 |      1535.91 |      1655.90 |                  5.45 |                    5.00 |    659 |    48.9846 |
|        1 |        133 |          1537.00 |      1535.91 |      1629.10 |                  7.59 |                    5.00 |    663 |    49.1087 |
|        1 |        134 |          1537.00 |      1535.91 |      1609.76 |                 15.37 |                    5.00 |    663 |    49.1963 |
|        1 |        135 |          1537.00 |      1535.91 |      1607.35 |                 15.75 |                    5.00 |    664 |    49.2911 |
|        1 |        136 |          1537.00 |      1535.91 |      1557.32 |                 22.22 |                    5.18 |    668 |    49.3938 |
|        1 |        137 |          1537.00 |      1535.91 |      1568.50 |                 16.54 |                    5.00 |    668 |    49.4830 |
|        1 |        138 |          1537.00 |      1535.91 |      1588.18 |                 30.66 |                    5.00 |    669 |    49.5437 |
|        1 |        139 |          1537.00 |      1535.91 |      1599.70 |                 18.50 |                    5.00 |    669 |    49.6418 |
|        1 |        140 |          1537.00 |      1535.91 |      1599.70 |                  8.88 |                    5.00 |    669 |    49.7075 |
|        1 |        141 |          1537.00 |      1535.91 |      1590.97 |                 15.32 |                    5.00 |    669 |    49.7868 |
|        1 |        142 |          1537.00 |      1535.91 |      1590.46 |                 29.25 |                    5.00 |    669 |    49.8501 |
|        1 |        143 |          1537.00 |      1535.91 |      1605.88 |                 26.37 |                    5.00 |    669 |    49.9182 |
|        1 |        144 |          1537.00 |      1535.91 |      1601.92 |                 29.63 |                    5.00 |    669 |    49.9769 |
|        1 |        145 |          1537.00 |      1535.91 |      1604.73 |                 57.14 |                    5.25 |    669 |    50.0352 |
|        1 |        146 |          1537.00 |      1535.91 |      1593.60 |                 20.46 |                    5.00 |    669 |    50.1714 |
|        1 |        147 |          1537.00 |      1535.91 |      1593.60 |                 23.24 |                    5.00 |    669 |    50.2185 |
|        1 |        148 |          1537.00 |      1535.91 |      1610.70 |                 11.05 |                    5.00 |    669 |    50.2814 |
|        1 |        149 |          1537.00 |      1535.91 |      1606.06 |                  6.48 |                    5.00 |    672 |    50.3379 |
|        1 |        150 |          1537.00 |      1535.91 |      1605.80 |                  5.00 |                    5.19 |    672 |    50.3804 |
|        1 |        151 |          1537.00 |      1535.91 |      1606.39 |                  6.94 |                    5.00 |    672 |    50.4461 |
|        1 |        152 |          1537.00 |      1535.91 |      1611.00 |                  5.00 |                    5.00 |    672 |    50.4976 |
|        1 |        153 |          1537.00 |      1535.91 |      1611.00 |                  6.48 |                    5.00 |    672 |    50.5396 |
|        1 |        154 |          1537.00 |      1535.91 |      1611.00 |                  5.34 |                    5.00 |    672 |    50.6183 |
|        1 |        155 |          1537.00 |      1535.91 |      1611.00 |                  5.69 |                    5.00 |    672 |    50.6948 |
|        1 |        156 |          1537.00 |      1535.91 |      1594.06 |                  9.84 |                    5.00 |    672 |    50.8605 |
|        1 |        157 |          1537.00 |      1535.91 |      1594.70 |                  6.19 |                    5.00 |    672 |    50.9284 |
|        1 |        158 |          1537.00 |      1535.91 |      1594.70 |                  5.69 |                    5.00 |    672 |    50.9932 |
|        1 |        159 |          1537.00 |      1535.91 |      1594.70 |                  5.00 |                    5.36 |    672 |    51.0510 |
|        1 |        160 |          1537.00 |      1535.91 |      1593.21 |                  9.27 |                    5.00 |    672 |    51.1218 |
|        1 |        161 |          1537.00 |      1535.91 |      1597.83 |                 18.59 |                    5.00 |    672 |    51.1819 |
|        1 |        162 |          1537.00 |      1535.91 |      1626.05 |                 38.45 |                    7.66 |    673 |    51.2499 |
|        1 |        163 |          1537.00 |      1535.91 |      1652.61 |                 25.69 |                    5.00 |    673 |    51.3114 |
|        1 |        164 |          1537.00 |      1535.91 |      1643.72 |                 52.07 |                    5.00 |    673 |    51.3784 |
|        1 |        165 |          1537.00 |      1535.91 |      1659.34 |                 46.33 |                    5.00 |    673 |    51.5145 |
|        1 |        166 |          1537.00 |      1535.91 |      1600.40 |                 31.26 |                    5.00 |    673 |    51.5844 |
|        1 |        167 |          1537.00 |      1535.91 |      1599.20 |                 15.31 |                    5.00 |    673 |    51.6517 |
|        1 |        168 |          1537.00 |      1535.91 |      1604.50 |                 22.98 |                    5.00 |    673 |    51.7286 |
|        1 |        169 |          1537.00 |      1535.91 |      1620.39 |                 38.93 |                    5.00 |    674 |    51.7852 |
|        1 |        170 |          1537.00 |      1535.91 |      1622.90 |                 31.69 |                    5.00 |    676 |    51.8910 |
|        1 |        171 |          1537.00 |      1535.91 |      1655.70 |                 38.21 |                    5.75 |    676 |    51.9370 |
|        1 |        172 |          1537.00 |      1535.91 |      1649.00 |                 35.53 |                    5.00 |    677 |    51.9877 |
|        1 |        173 |          1537.00 |      1535.91 |      1647.24 |                 31.39 |                    5.00 |    681 |    52.0573 |
|        1 |        174 |          1537.00 |      1535.91 |      1625.80 |                 20.95 |                    5.00 |    684 |    52.1268 |
|        1 |        175 |          1537.00 |      1535.91 |      1594.34 |                 12.37 |                    5.00 |    685 |    52.2489 |
|        1 |        176 |          1537.00 |      1535.91 |      1589.70 |                 13.89 |                    6.53 |    685 |    52.3249 |
|        1 |        177 |          1537.00 |      1535.91 |      1589.80 |                 16.73 |                    5.00 |    687 |    52.3882 |
|        1 |        178 |          1537.00 |      1535.91 |      1621.57 |                 13.48 |                    6.16 |    687 |    52.4993 |
|        1 |        179 |          1537.00 |      1535.91 |      1615.48 |                 15.58 |                    6.35 |    688 |    52.5844 |
|        1 |        180 |          1537.00 |      1535.91 |      1615.60 |                 11.97 |                    5.00 |    688 |    52.6529 |
|        1 |        181 |          1537.00 |      1535.91 |      1612.24 |                 20.07 |                    5.00 |    688 |    52.7101 |
|        1 |        182 |          1537.00 |      1535.91 |      1606.10 |                 12.13 |                    5.00 |    688 |    52.7678 |
|        1 |        183 |          1537.00 |      1535.91 |      1606.10 |                  7.96 |                    5.00 |    688 |    52.8061 |
|        1 |        184 |          1537.00 |      1535.91 |      1606.10 |                 12.07 |                    5.00 |    688 |    52.8664 |
|        1 |        185 |          1537.00 |      1535.91 |      1606.10 |                  7.23 |                    5.00 |    688 |    52.9139 |
|        1 |        186 |          1537.00 |      1535.91 |      1605.82 |                 12.25 |                    5.00 |    688 |    52.9648 |
|        1 |        187 |          1537.00 |      1535.91 |      1659.90 |                 25.08 |                    5.00 |    689 |    53.0279 |
|        1 |        188 |          1537.00 |      1535.91 |      1563.70 |                 17.21 |                    7.27 |    690 |    53.1494 |
|        1 |        189 |          1537.00 |      1535.91 |      1561.30 |                  8.69 |                    5.00 |    690 |    53.2100 |
|        1 |        190 |          1537.00 |      1535.91 |      1561.30 |                  5.00 |                    5.00 |    690 |    53.2671 |
|        1 |        191 |          1537.00 |      1535.91 |      1561.30 |                  5.00 |                    5.00 |    690 |    53.3287 |
|        1 |        192 |          1537.00 |      1535.91 |      1561.30 |                  6.22 |                    5.00 |    690 |    53.3979 |
|        1 |        193 |          1537.00 |      1535.91 |      1561.20 |                  5.00 |                    5.00 |    690 |    53.4529 |
|        1 |        194 |          1537.00 |      1535.91 |      1561.20 |                  5.00 |                    5.00 |    690 |    53.5090 |
|        1 |        195 |          1537.00 |      1535.91 |      1556.06 |                  8.22 |                    5.00 |    690 |    53.5577 |
|        1 |        196 |          1537.00 |      1535.91 |      1559.53 |                 19.74 |                    6.67 |    690 |    53.6406 |
|        1 |        197 |          1537.00 |      1535.91 |      1603.70 |                 12.64 |                    5.00 |    692 |    53.7498 |
|        1 |        198 |          1537.00 |      1535.91 |      1603.70 |                  7.64 |                    5.69 |    692 |    53.8231 |
|        1 |        199 |          1537.00 |      1535.91 |      1575.52 |                  9.19 |                    5.00 |    693 |    53.9041 |
|        1 |        200 |          1537.00 |      1535.91 |      1585.68 |                  9.62 |                    5.55 |    694 |    54.0004 |
|        1 |        201 |          1537.00 |      1535.91 |      1564.69 |                 17.63 |                    5.98 |    695 |    54.0626 |
|        1 |        202 |          1537.00 |      1535.91 |      1568.22 |                 16.72 |                    9.93 |    695 |    54.1159 |
|        1 |        203 |          1537.00 |      1535.91 |      1553.40 |                 10.72 |                    6.12 |    696 |    54.1943 |
|        1 |        204 |          1537.00 |      1535.91 |      1594.51 |                 17.96 |                    6.09 |    696 |    54.2704 |
|        1 |        205 |          1537.00 |      1535.91 |      1603.06 |                 10.33 |                    9.71 |    696 |    54.3320 |
|        1 |        206 |          1537.00 |      1535.91 |      1578.50 |                 23.10 |                    5.00 |    696 |    54.4266 |
|        1 |        207 |          1537.00 |      1535.91 |      1586.30 |                 37.99 |                    6.61 |    696 |    54.4717 |
|        1 |        208 |          1537.00 |      1535.91 |      1583.30 |                 14.62 |                    5.55 |    696 |    54.5552 |
|        1 |        209 |          1537.00 |      1535.91 |      1577.90 |                  9.94 |                    5.00 |    696 |    54.6643 |
|        1 |        210 |          1537.00 |      1535.91 |      1582.90 |                  7.56 |                    5.00 |    696 |    54.7278 |
|        1 |        211 |          1537.00 |      1535.91 |      1602.71 |                  5.57 |                    5.00 |    697 |    54.8140 |
|        1 |        212 |          1537.00 |      1535.91 |      1644.20 |                  5.00 |                    5.00 |    698 |    54.8725 |
|        1 |        213 |          1537.00 |      1535.91 |      1650.60 |                  7.22 |                    5.00 |    700 |    54.9653 |
|        1 |        214 |          1537.00 |      1535.91 |      1574.19 |                 10.76 |                   10.76 |    700 |    55.0906 |
|        1 |        215 |          1537.00 |      1535.91 |      1591.14 |                 29.10 |                   13.07 |    701 |    55.1827 |
|        1 |        216 |          1537.00 |      1535.91 |      1605.45 |                 60.76 |                   13.29 |    701 |    55.2502 |
|        1 |        217 |          1537.00 |      1535.91 |      1601.30 |                 32.87 |                    7.63 |    702 |    55.3500 |
|        1 |        218 |          1537.00 |      1535.91 |      1601.30 |                 26.56 |                    6.22 |    702 |    55.4115 |
|        1 |        219 |          1537.00 |      1535.91 |      1615.70 |                 15.12 |                    6.29 |    702 |    55.4690 |
|        1 |        220 |          1537.00 |      1535.91 |      1606.04 |                 22.46 |                    5.00 |    703 |    55.5486 |
|        1 |        221 |          1537.00 |      1535.91 |      1612.88 |                 40.40 |                    5.00 |    705 |    55.6066 |
|        1 |        222 |          1537.00 |      1535.91 |      1633.68 |                 46.73 |                    5.00 |    707 |    55.6868 |
|        1 |        223 |          1537.00 |      1535.91 |      1639.11 |                 46.57 |                    5.00 |    707 |    55.7455 |
|        1 |        224 |          1537.00 |      1535.91 |      1643.03 |                 81.22 |                    5.00 |    707 |    55.8128 |
|        1 |        225 |          1537.00 |      1535.91 |      1674.82 |                 82.64 |                    5.00 |    707 |    55.8643 |
|        1 |        226 |          1537.00 |      1535.91 |      1637.40 |                 61.54 |                    5.00 |    708 |    55.9490 |
|        1 |        227 |          1537.00 |      1535.91 |      1637.40 |                 35.04 |                    6.80 |    708 |    56.0097 |
|        1 |        228 |          1537.00 |      1535.91 |      1611.50 |                 26.27 |                    5.00 |    708 |    56.1477 |
|        1 |        229 |          1537.00 |      1535.91 |      1623.55 |                 16.69 |                    5.00 |    708 |    56.2106 |
|        1 |        230 |          1537.00 |      1535.91 |      1612.82 |                 14.31 |                    5.00 |    708 |    56.2725 |
|        1 |        231 |          1537.00 |      1535.91 |      1628.58 |                 29.89 |                    5.00 |    708 |    56.3361 |
|        1 |        232 |          1537.00 |      1535.91 |      1638.89 |                 51.66 |                    5.00 |    708 |    56.3833 |
|        1 |        233 |          1537.00 |      1535.91 |      1663.09 |                 79.96 |                    5.00 |    708 |    56.4373 |
|        1 |        234 |          1537.00 |      1535.91 |      1655.00 |                 20.35 |                    5.00 |    708 |    56.5838 |
|        1 |        235 |          1537.00 |      1535.91 |      1592.13 |                 29.11 |                    5.00 |    709 |    56.7999 |
|        1 |        236 |          1537.00 |      1535.91 |      1608.11 |                 54.49 |                    5.00 |    709 |    56.8697 |
|        1 |        237 |          1537.00 |      1535.91 |      1644.10 |                 25.13 |                    5.00 |    709 |    56.9464 |
|        1 |        238 |          1537.00 |      1535.91 |      1616.90 |                 11.58 |                    5.00 |    711 |    57.0374 |
|        1 |        239 |          1537.00 |      1535.91 |      1591.86 |                 16.04 |                    5.73 |    711 |    57.1217 |
|        1 |        240 |          1537.00 |      1535.91 |      1599.01 |                 19.32 |                    6.77 |    711 |    57.1880 |
|        1 |        241 |          1537.00 |      1535.91 |      1599.89 |                  9.37 |                    7.61 |    712 |    57.2563 |
|        1 |        242 |          1537.00 |      1535.91 |      1600.00 |                  7.27 |                   12.12 |    712 |    57.3251 |
|        1 |        243 |          1537.00 |      1535.91 |      1599.53 |                 11.03 |                    7.48 |    712 |    57.3861 |
|        1 |        244 |          1537.00 |      1535.91 |      1599.85 |                  9.45 |                    5.91 |    712 |    57.4766 |
|        1 |        245 |          1537.00 |      1535.91 |      1557.12 |                  7.91 |                    6.52 |    712 |    57.6356 |
|        1 |        246 |          1537.00 |      1535.91 |      1544.33 |                  9.53 |                    6.31 |    712 |    57.6902 |
|        1 |        247 |          1537.00 |      1535.91 |      1550.55 |                 15.81 |                    5.41 |    712 |    57.7564 |
|        1 |        248 |          1537.00 |      1535.91 |      1550.54 |                  9.47 |                    6.27 |    712 |    57.8132 |
|        1 |        249 |          1537.00 |      1535.91 |      1550.68 |                  8.79 |                    6.10 |    712 |    57.8893 |
|        1 |        250 |          1537.00 |      1535.91 |      1563.17 |                 14.30 |                    8.31 |    712 |    57.9649 |
|        1 |        251 |          1537.00 |      1535.91 |      1560.59 |                 25.47 |                    5.78 |    714 |    58.0193 |
|        1 |        252 |          1537.00 |      1535.91 |      1608.64 |                 58.17 |                    5.00 |    715 |    58.0973 |
|        1 |        253 |          1537.00 |      1535.91 |      1637.67 |                 75.19 |                    7.14 |    716 |    58.1603 |
|        1 |        254 |          1537.00 |      1535.91 |      1651.10 |                 41.12 |                    5.63 |    716 |    58.2235 |
|        1 |        255 |          1537.00 |      1535.91 |      1560.20 |                 16.73 |                    5.00 |    716 |    58.4268 |
|        1 |        256 |          1537.00 |      1535.91 |      1560.20 |                  8.79 |                    5.00 |    716 |    58.4945 |
|        1 |        257 |          1537.00 |      1535.91 |      1589.55 |                 12.95 |                    5.00 |    718 |    58.5338 |
|        1 |        258 |          1537.00 |      1535.91 |      1623.39 |                 27.05 |                   10.13 |    718 |    58.6035 |
|        1 |        259 |          1537.00 |      1535.91 |      1609.79 |                 51.14 |                    5.43 |    718 |    58.6613 |
|        1 |        260 |          1537.00 |      1535.91 |      1600.00 |                 42.48 |                    5.00 |    719 |    58.7713 |
|        1 |        261 |          1537.00 |      1535.91 |      1574.40 |                 18.08 |                    5.00 |    719 |    58.8392 |
|        1 |        262 |          1537.00 |      1535.91 |      1573.20 |                  8.09 |                    5.00 |    719 |    58.9092 |
|        1 |        263 |          1537.00 |      1535.91 |      1561.26 |                 13.41 |                    5.00 |    719 |    58.9832 |
|        1 |        264 |          1537.00 |      1535.91 |      1567.21 |                 24.13 |                    5.00 |    719 |    59.0365 |
|        1 |        265 |          1537.00 |      1535.91 |      1560.80 |                 11.00 |                    5.00 |    719 |    59.1200 |
|        1 |        266 |          1537.00 |      1535.91 |      1560.80 |                  5.44 |                    5.30 |    719 |    59.1860 |
|        1 |        267 |          1537.00 |      1535.91 |      1560.80 |                  7.44 |                    5.00 |    719 |    59.2595 |
|        1 |        268 |          1537.00 |      1535.91 |      1600.15 |                 10.84 |                    7.36 |    720 |    59.3336 |
|        1 |        269 |          1537.00 |      1535.91 |      1606.52 |                 18.37 |                    5.00 |    720 |    59.3793 |
|        1 |        270 |          1537.00 |      1535.91 |      1613.25 |                 47.25 |                   10.96 |    723 |    59.4783 |
|        1 |        271 |          1537.00 |      1535.91 |      1643.78 |                 85.84 |                    7.47 |    723 |    59.5326 |
|        1 |        272 |          1537.00 |      1535.91 |      1652.80 |                 48.87 |                    5.00 |    724 |    59.5921 |
|        1 |        273 |          1537.00 |      1535.91 |      1646.10 |                 22.09 |                    5.00 |    724 |    59.6626 |
|        1 |        274 |          1537.00 |      1535.91 |      1614.61 |                 38.95 |                    5.00 |    725 |    59.7135 |
|        1 |        275 |          1537.00 |      1535.91 |      1631.53 |                 62.79 |                    5.26 |    726 |    59.7607 |
|        1 |        276 |          1537.00 |      1535.91 |      1658.59 |                 87.10 |                    5.00 |    726 |    59.8100 |
|        1 |        277 |          1537.00 |      1535.91 |      1672.40 |                 43.91 |                    5.00 |    726 |    59.8962 |
------------------------------------------------------------------------------------------------------------------------------------------------
|  Restart |  Iteration |  Best Feas. Cost |    Best Cost |   Curr. Cost |   Penalty Custom Res. |   Penalty Standard Res. |   Pool |   Time (s) |
------------------------------------------------------------------------------------------------------------------------------------------------
|        1 |        278 |          1537.00 |      1535.91 |      1600.00 |                  8.78 |                    5.00 |    727 |    60.0558 |
|        1 |        279 |          1537.00 |      1535.91 |      1588.20 |                  5.00 |                    5.00 |    727 |    60.1211 |
|        1 |        280 |          1537.00 |      1535.91 |      1588.20 |                  9.93 |                    5.00 |    727 |    60.2005 |
|        1 |        281 |          1537.00 |      1535.91 |      1588.20 |                  5.00 |                    5.00 |    727 |    60.2625 |
|        1 |        282 |          1537.00 |      1535.91 |      1588.20 |                  6.22 |                    5.00 |    727 |    60.3334 |
|        1 |        283 |          1537.00 |      1535.91 |      1573.83 |                  6.72 |                    5.00 |    727 |    60.3979 |
|        1 |        284 |          1537.00 |      1535.91 |      1571.41 |                 12.87 |                    5.58 |    728 |    60.5429 |
|        1 |        285 |          1537.00 |      1535.91 |      1558.08 |                 11.33 |                    5.03 |    728 |    60.6738 |
|        1 |        286 |          1537.00 |      1535.91 |      1551.67 |                 18.20 |                    8.08 |    729 |    60.7884 |
|        1 |        287 |          1537.00 |      1535.91 |      1573.45 |                 40.34 |                    5.96 |    729 |    60.8608 |
|        1 |        288 |          1537.00 |      1535.91 |      1579.72 |                 72.56 |                    6.38 |    729 |    60.9144 |
|        1 |        289 |          1537.00 |      1535.91 |      1611.93 |                 40.47 |                    5.00 |    731 |    60.9857 |
|        1 |        290 |          1537.00 |      1535.91 |      1582.87 |                 23.73 |                    5.00 |    732 |    61.0538 |
|        1 |        291 |          1537.00 |      1535.91 |      1565.46 |                 17.52 |                    5.00 |    732 |    61.1156 |
|        1 |        292 |          1537.00 |      1535.91 |      1557.72 |                 17.63 |                    5.34 |    732 |    61.1863 |
|        1 |        293 |          1537.00 |      1535.91 |      1628.20 |                 10.45 |                    5.00 |    734 |    61.2370 |
|        1 |        294 |          1537.00 |      1535.91 |      1581.60 |                 20.56 |                    5.00 |    735 |    61.2999 |
|        1 |        295 |          1537.00 |      1535.91 |      1585.40 |                 11.03 |                    8.73 |    735 |    61.3570 |
|        1 |        296 |          1537.00 |      1535.91 |      1587.62 |                 24.43 |                    5.00 |    735 |    61.4354 |
|        1 |        297 |          1537.00 |      1535.91 |      1594.75 |                 51.02 |                    5.00 |    735 |    61.5027 |
|        1 |        298 |          1537.00 |      1535.91 |      1621.90 |                 75.86 |                    5.00 |    735 |    61.5620 |
|        1 |        299 |          1537.00 |      1535.91 |      1622.20 |                 41.86 |                    5.00 |    735 |    61.6541 |
|        1 |        300 |          1537.00 |      1535.91 |      1622.20 |                 31.55 |                    5.00 |    735 |    61.7015 |
|        1 |        301 |          1537.00 |      1535.91 |      1622.20 |                 15.93 |                    5.00 |    735 |    61.7706 |
|        1 |        302 |          1537.00 |      1535.91 |      1588.95 |                 27.74 |                    5.00 |    735 |    61.8705 |
|        1 |        303 |          1537.00 |      1535.91 |      1580.90 |                 30.77 |                    5.00 |    735 |    61.9880 |
|        1 |        304 |          1537.00 |      1535.91 |      1582.20 |                 17.00 |                    5.00 |    735 |    62.0412 |
|        1 |        305 |          1537.00 |      1535.91 |      1569.70 |                  5.46 |                    5.00 |    735 |    62.1505 |
|        1 |        306 |          1537.00 |      1535.91 |      1568.40 |                 10.13 |                    5.00 |    735 |    62.2372 |
|        1 |        307 |          1537.00 |      1535.91 |      1568.40 |                  8.02 |                    5.00 |    735 |    62.2936 |
|        1 |        308 |          1537.00 |      1535.91 |      1567.80 |                  5.00 |                    5.00 |    735 |    62.3498 |
|        1 |        309 |          1537.00 |      1535.91 |      1575.70 |                  5.00 |                    5.00 |    735 |    62.4078 |
|        1 |        310 |          1537.00 |      1535.91 |      1575.85 |                  5.00 |                    5.00 |    735 |    62.4811 |
|        1 |        311 |          1537.00 |      1535.91 |      1567.66 |                 10.13 |                    5.00 |    735 |    62.5453 |
|        1 |        312 |          1537.00 |      1535.91 |      1567.90 |                  5.65 |                    5.00 |    735 |    62.6112 |
|        1 |        313 |          1537.00 |      1535.91 |      1614.60 |                  5.00 |                    5.19 |    735 |    62.6784 |
|        1 |        314 |          1537.00 |      1535.91 |      1571.86 |                  8.56 |                    5.75 |    735 |    62.7273 |
|        1 |        315 |          1537.00 |      1535.91 |      1575.86 |                 17.17 |                    5.00 |    735 |    62.7830 |
|        1 |        316 |          1537.00 |      1535.91 |      1583.84 |                 29.10 |                    5.00 |    735 |    62.8306 |
|        1 |        317 |          1537.00 |      1535.91 |      1581.42 |                 16.66 |                    9.36 |    735 |    62.9648 |
|        1 |        318 |          1537.00 |      1535.91 |      1583.37 |                 10.27 |                   10.30 |    735 |    63.0311 |
|        1 |        319 |          1537.00 |      1535.91 |      1576.80 |                  5.00 |                    5.00 |    735 |    63.1610 |
|        1 |        320 |          1537.00 |      1535.91 |      1576.80 |                  5.00 |                    5.00 |    735 |    63.2193 |
|        1 |        321 |          1537.00 |      1535.91 |      1576.80 |                  7.44 |                    5.00 |    735 |    63.2821 |
|        1 |        322 |          1537.00 |      1535.91 |      1574.80 |                  5.00 |                    6.15 |    735 |    63.5614 |
|        1 |        323 |          1537.00 |      1535.91 |      1617.30 |                  5.00 |                    5.00 |    735 |    63.6181 |
|        1 |        324 |          1537.00 |      1535.91 |      1613.76 |                  5.00 |                    5.00 |    735 |    63.7095 |
|        1 |        325 |          1537.00 |      1535.91 |      1607.10 |                  8.56 |                   10.02 |    736 |    63.8086 |
|        1 |        326 |          1537.00 |      1535.91 |      1613.87 |                 17.87 |                    8.85 |    736 |    63.8765 |
|        1 |        327 |          1537.00 |      1535.91 |      1621.69 |                 31.51 |                    9.28 |    736 |    63.9286 |
|        1 |        328 |          1537.00 |      1535.91 |      1636.74 |                 30.15 |                   10.01 |    736 |    63.9927 |
|        1 |        329 |          1537.00 |      1535.91 |      1626.57 |                 36.70 |                    8.01 |    736 |    64.0557 |
|        1 |        330 |          1537.00 |      1535.91 |      1637.26 |                 41.64 |                    5.00 |    736 |    64.1222 |
|        1 |        331 |          1537.00 |      1535.91 |      1638.60 |                 47.71 |                    5.00 |    736 |    64.1905 |
|        1 |        332 |          1537.00 |      1535.91 |      1688.85 |                 27.39 |                    5.00 |    737 |    64.2727 |
|        1 |        333 |          1537.00 |      1535.91 |      1674.54 |                 47.34 |                    5.00 |    737 |    64.3219 |
|        1 |        334 |          1537.00 |      1535.91 |      1693.94 |                 51.14 |                    5.00 |    737 |    64.3672 |
|        1 |        335 |          1537.00 |      1535.91 |      1691.80 |                 30.89 |                    5.00 |    738 |    64.4445 |
|        1 |        336 |          1537.00 |      1535.91 |      1691.80 |                 18.68 |                    5.00 |    738 |    64.5072 |
|        1 |        337 |          1537.00 |      1535.91 |      1634.57 |                 34.82 |                    6.66 |    742 |    64.6352 |
|        1 |        338 |          1537.00 |      1535.91 |      1655.83 |                 20.01 |                    5.00 |    743 |    64.6967 |
|        1 |        339 |          1537.00 |      1535.91 |      1630.88 |                 37.46 |                    6.09 |    743 |    64.7523 |
|        1 |        340 |          1537.00 |      1535.91 |      1642.41 |                 80.55 |                    5.65 |    743 |    64.8280 |
|        1 |        341 |          1537.00 |      1535.91 |      1669.10 |                 23.15 |                    5.00 |    744 |    64.9530 |
|        1 |        342 |          1537.00 |      1535.91 |      1669.10 |                 11.45 |                    5.00 |    744 |    65.0219 |
|        1 |        343 |          1537.00 |      1535.91 |      1631.76 |                 10.71 |                    5.00 |    744 |    65.1543 |
|        1 |        344 |          1537.00 |      1535.91 |      1636.71 |                 13.55 |                    5.00 |    744 |    65.2389 |
|        1 |        345 |          1537.00 |      1535.91 |      1631.32 |                 26.13 |                    5.00 |    747 |    65.2982 |
|        1 |        346 |          1537.00 |      1535.91 |      1659.49 |                 45.17 |                    5.00 |    750 |    65.3525 |
|        1 |        347 |          1537.00 |      1535.91 |      1652.20 |                 52.09 |                    6.16 |    750 |    65.4902 |
|        1 |        348 |          1537.00 |      1535.91 |      1652.20 |                 27.64 |                    5.00 |    750 |    65.5555 |
|        1 |        349 |          1537.00 |      1535.91 |      1633.46 |                 51.72 |                    5.00 |    750 |    65.6218 |
|        1 |        350 |          1537.00 |      1535.91 |      1672.00 |                 74.46 |                    5.00 |    750 |    65.7176 |
|        1 |        351 |          1537.00 |      1535.91 |      1667.90 |                 26.98 |                    5.00 |    750 |    65.8073 |
|        1 |        352 |          1537.00 |      1535.91 |      1667.90 |                 14.91 |                    5.00 |    750 |    65.8640 |
|        1 |        353 |          1537.00 |      1535.91 |      1592.40 |                 32.38 |                    7.44 |    750 |    65.9434 |
|        1 |        354 |          1537.00 |      1535.91 |      1632.83 |                 58.76 |                    5.00 |    752 |    66.0238 |
|        1 |        355 |          1537.00 |      1535.91 |      1623.00 |                 30.79 |                    5.00 |    752 |    66.1330 |
|        1 |        356 |          1537.00 |      1535.91 |      1625.40 |                 14.78 |                    5.00 |    752 |    66.2021 |
|        1 |        357 |          1537.00 |      1535.91 |      1625.40 |                  7.69 |                    5.00 |    752 |    66.2603 |
|        1 |        358 |          1537.00 |      1535.91 |      1588.16 |                 19.59 |                    5.00 |    752 |    66.3422 |
|        1 |        359 |          1537.00 |      1535.91 |      1597.39 |                 11.61 |                    5.00 |    752 |    66.3979 |
|        1 |        360 |          1537.00 |      1535.91 |      1613.45 |                 11.46 |                    5.00 |    753 |    66.4499 |
|        1 |        361 |          1537.00 |      1535.91 |      1590.83 |                 25.37 |                    5.00 |    753 |    66.5282 |
|        1 |        362 |          1537.00 |      1535.91 |      1603.80 |                 35.89 |                    5.00 |    753 |    66.5820 |
|        1 |        363 |          1537.00 |      1535.91 |      1565.50 |                 20.59 |                    5.00 |    753 |    66.6773 |
|        1 |        364 |          1537.00 |      1535.91 |      1565.50 |                 19.93 |                    5.00 |    753 |    66.7283 |
|        1 |        365 |          1537.00 |      1535.91 |      1560.80 |                  9.75 |                    5.97 |    753 |    66.8064 |
|        1 |        366 |          1537.00 |      1535.91 |      1555.68 |                  9.05 |                    7.18 |    753 |    66.9046 |
|        1 |        367 |          1537.00 |      1535.91 |      1555.54 |                  8.23 |                    5.00 |    753 |    66.9988 |
|        1 |        368 |          1537.00 |      1535.91 |      1561.02 |                 15.86 |                    5.00 |    753 |    67.0591 |
|        1 |        369 |          1537.00 |      1535.91 |      1573.01 |                 15.81 |                    5.00 |    753 |    67.1264 |
|        1 |        370 |          1537.00 |      1535.91 |      1576.70 |                 17.55 |                    5.00 |    753 |    67.2261 |
|        1 |        371 |          1537.00 |      1535.91 |      1570.60 |                 21.98 |                    5.00 |    754 |    67.3152 |
|        1 |        372 |          1537.00 |      1535.91 |      1567.60 |                 13.16 |                    5.00 |    754 |    67.3706 |
|        1 |        373 |          1537.00 |      1535.91 |      1567.60 |                  8.54 |                    7.08 |    754 |    67.4205 |
|        1 |        374 |          1537.00 |      1535.91 |      1585.50 |                  5.00 |                    5.00 |    754 |    67.4900 |
|        1 |        375 |          1537.00 |      1535.91 |      1567.40 |                 10.97 |                    6.09 |    754 |    67.5695 |
|        1 |        376 |          1537.00 |      1535.91 |      1606.02 |                 10.09 |                    5.00 |    754 |    67.6514 |
|        1 |        377 |          1537.00 |      1535.91 |      1598.62 |                  9.64 |                   12.23 |    754 |    67.7507 |
|        1 |        378 |          1537.00 |      1535.91 |      1584.90 |                  6.06 |                   12.67 |    756 |    67.8214 |
|        1 |        379 |          1537.00 |      1535.91 |      1632.29 |                 11.77 |                    5.00 |    758 |    67.9160 |
|        1 |        380 |          1537.00 |      1535.91 |      1640.30 |                 23.16 |                    5.00 |    758 |    67.9766 |
|        1 |        381 |          1537.00 |      1535.91 |      1624.20 |                 20.03 |                    5.00 |    760 |    68.0586 |
|        1 |        382 |          1537.00 |      1535.91 |      1624.00 |                 10.42 |                    5.00 |    760 |    68.1181 |
|        1 |        383 |          1537.00 |      1535.91 |      1623.07 |                 16.80 |                    5.00 |    760 |    68.1718 |
|        1 |        384 |          1537.00 |      1535.91 |      1622.10 |                 13.26 |                    8.56 |    761 |    68.2847 |
|        1 |        385 |          1537.00 |      1535.91 |      1617.40 |                 31.51 |                    5.00 |    762 |    68.3641 |
|        1 |        386 |          1537.00 |      1535.91 |      1636.86 |                 51.81 |                    5.00 |    762 |    68.4098 |
|        1 |        387 |          1537.00 |      1535.91 |      1659.30 |                 19.71 |                    5.00 |    762 |    68.5244 |
|        1 |        388 |          1537.00 |      1535.91 |      1626.80 |                 39.15 |                    7.52 |    762 |    68.5821 |
|        1 |        389 |          1537.00 |      1535.91 |      1646.46 |                 25.88 |                    5.00 |    763 |    68.6508 |
|        1 |        390 |          1537.00 |      1535.91 |      1628.20 |                 50.92 |                    8.47 |    763 |    68.7133 |
|        1 |        391 |          1537.00 |      1535.91 |      1651.40 |                 28.88 |                    5.00 |    763 |    68.8449 |
|        1 |        392 |          1537.00 |      1535.91 |      1652.30 |                 14.58 |                    5.00 |    766 |    68.9166 |
|        1 |        393 |          1537.00 |      1535.91 |      1596.67 |                 29.82 |                    7.08 |    766 |    68.9913 |
|        1 |        394 |          1537.00 |      1535.91 |      1615.58 |                 58.09 |                    5.00 |    766 |    69.0509 |
|        1 |        395 |          1537.00 |      1535.91 |      1674.05 |                 56.79 |                    5.00 |    768 |    69.0980 |
|        1 |        396 |          1537.00 |      1535.91 |      1671.29 |                 33.98 |                    5.00 |    769 |    69.1576 |
|        1 |        397 |          1537.00 |      1535.91 |      1611.10 |                 18.74 |                    5.00 |    769 |    69.2402 |
|        1 |        398 |          1537.00 |      1535.91 |      1611.10 |                  9.84 |                    5.00 |    769 |    69.3084 |
|        1 |        399 |          1537.00 |      1535.91 |      1611.10 |                  7.05 |                    5.00 |    769 |    69.3755 |
|        1 |        400 |          1537.00 |      1535.91 |      1610.90 |                 17.59 |                    5.00 |    769 |    69.4817 |
|        1 |        401 |          1537.00 |      1535.91 |      1619.15 |                 35.30 |                    5.00 |    769 |    69.5482 |
|        1 |        402 |          1537.00 |      1535.91 |      1637.57 |                 44.30 |                    5.00 |    769 |    69.6015 |
|        1 |        403 |          1537.00 |      1535.91 |      1649.17 |                 85.42 |                    5.00 |    769 |    69.6647 |
|        1 |        404 |          1537.00 |      1535.91 |      1624.67 |                 45.10 |                    5.00 |    769 |    69.8174 |
|        1 |        405 |          1537.00 |      1535.91 |      1573.00 |                 33.90 |                    5.00 |    769 |    69.9117 |
|        1 |        406 |          1537.00 |      1535.91 |      1573.00 |                 19.50 |                    5.00 |    769 |    69.9624 |
|        1 |        407 |          1537.00 |      1535.91 |      1620.90 |                 10.25 |                    5.00 |    770 |    70.0188 |
|        1 |        408 |          1537.00 |      1535.91 |      1620.90 |                  5.67 |                    5.00 |    770 |    70.0692 |
|        1 |        409 |          1537.00 |      1535.91 |      1623.54 |                 12.31 |                    5.00 |    771 |    70.1452 |
|        1 |        410 |          1537.00 |      1535.91 |      1625.19 |                 37.12 |                    5.00 |    773 |    70.2603 |
|        1 |        411 |          1537.00 |      1535.91 |      1633.05 |                 65.93 |                    5.00 |    773 |    70.3739 |
|        1 |        412 |          1537.00 |      1535.91 |      1655.30 |                 25.63 |                    5.00 |    775 |    70.4648 |
|        1 |        413 |          1537.00 |      1535.91 |      1654.80 |                 12.55 |                    5.00 |    775 |    70.5376 |
|        1 |        414 |          1537.00 |      1535.91 |      1596.05 |                 15.11 |                    6.10 |    775 |    70.6267 |
|        1 |        415 |          1537.00 |      1535.91 |      1600.87 |                 29.42 |                    7.08 |    775 |    70.6892 |
|        1 |        416 |          1537.00 |      1535.91 |      1566.87 |                  7.68 |                    5.00 |    776 |    70.9393 |
|        1 |        417 |          1537.00 |      1535.91 |      1579.40 |                  7.35 |                    5.00 |    776 |    71.0114 |
|        1 |        418 |          1537.00 |      1535.91 |      1582.62 |                 12.58 |                    5.00 |    778 |    71.0650 |
|        1 |        419 |          1537.00 |      1535.91 |      1586.52 |                 27.89 |                    5.00 |    779 |    71.1372 |
|        1 |        420 |          1537.00 |      1535.91 |      1602.13 |                 24.16 |                    5.00 |    779 |    71.2029 |
|        1 |        421 |          1537.00 |      1535.91 |      1589.35 |                 47.94 |                    5.56 |    779 |    71.2894 |
|        1 |        422 |          1537.00 |      1535.91 |      1609.68 |                 85.37 |                    5.89 |    779 |    71.3352 |
|        1 |        423 |          1537.00 |      1535.91 |      1618.31 |                 46.64 |                    5.30 |    779 |    71.4087 |
|        1 |        424 |          1537.00 |      1535.91 |      1606.80 |                 48.36 |                    5.00 |    779 |    71.4692 |
|        1 |        425 |          1537.00 |      1535.91 |      1648.23 |                 84.43 |                    5.00 |    779 |    71.5241 |
|        1 |        426 |          1537.00 |      1535.91 |      1602.86 |                 63.83 |                    5.00 |    780 |    71.7064 |
|        1 |        427 |          1537.00 |      1535.91 |      1623.06 |                 58.16 |                    5.00 |    780 |    71.7622 |
|        1 |        428 |          1537.00 |      1535.91 |      1578.78 |                  9.05 |                    8.56 |    782 |    71.9634 |
|        1 |        429 |          1537.00 |      1535.91 |      1572.87 |                  8.90 |                    5.00 |    782 |    72.0901 |
|        1 |        430 |          1537.00 |      1535.91 |      1576.25 |                 22.44 |                    5.00 |    782 |    72.1761 |
|        1 |        431 |          1537.00 |      1535.91 |      1588.50 |                 13.14 |                    5.00 |    783 |    72.2589 |
|        1 |        432 |          1537.00 |      1535.91 |      1555.20 |                  6.36 |                    7.23 |    783 |    72.3598 |
|        1 |        433 |          1537.00 |      1535.91 |      1554.43 |                  6.34 |                    5.00 |    783 |    72.4249 |
|        1 |        434 |          1537.00 |      1535.91 |      1553.99 |                 10.51 |                    5.00 |    783 |    72.5060 |
|        1 |        435 |          1537.00 |      1535.91 |      1558.34 |                 11.81 |                    5.00 |    783 |    72.5581 |
|        1 |        436 |          1537.00 |      1535.91 |      1583.69 |                 19.23 |                    5.00 |    783 |    72.6041 |
|        1 |        437 |          1537.00 |      1535.91 |      1574.61 |                 13.23 |                    6.27 |    783 |    72.6896 |
|        1 |        438 |          1537.00 |      1535.91 |      1644.50 |                 11.79 |                    5.00 |    786 |    72.7826 |
|        1 |        439 |          1537.00 |      1535.91 |      1644.10 |                  7.13 |                    5.00 |    787 |    72.8396 |
|        1 |        440 |          1537.00 |      1535.91 |      1642.90 |                  5.00 |                    5.00 |    787 |    72.9071 |
|        1 |        441 |          1537.00 |      1535.91 |      1574.30 |                  7.82 |                    5.00 |    787 |    72.9814 |
|        1 |        442 |          1537.00 |      1535.91 |      1598.00 |                  7.82 |                    5.00 |    788 |    73.1352 |
|        1 |        443 |          1537.00 |      1535.91 |      1597.40 |                  5.69 |                    5.00 |    788 |    73.2188 |
|        1 |        444 |          1537.00 |      1535.91 |      1597.40 |                  6.40 |                    5.00 |    788 |    73.2820 |
|        1 |        445 |          1537.00 |      1535.91 |      1588.20 |                  5.00 |                    5.00 |    788 |    73.3560 |
|        1 |        446 |          1537.00 |      1535.91 |      1574.23 |                  7.15 |                    6.86 |    788 |    73.4981 |
|        1 |        447 |          1537.00 |      1535.91 |      1619.37 |                 10.19 |                    5.00 |    788 |    73.6040 |
|        1 |        448 |          1537.00 |      1535.91 |      1659.30 |                  6.54 |                    5.00 |    788 |    73.6837 |
|        1 |        449 |          1537.00 |      1535.91 |      1615.99 |                  9.92 |                    5.00 |    792 |    73.7425 |
|        1 |        450 |          1537.00 |      1535.91 |      1613.91 |                 26.82 |                    5.00 |    792 |    73.8279 |
|        1 |        451 |          1537.00 |      1535.91 |      1629.44 |                 37.56 |                    5.00 |    792 |    73.8856 |
|        1 |        452 |          1537.00 |      1535.91 |      1639.57 |                 64.28 |                    5.75 |    792 |    73.9341 |
|        1 |        453 |          1537.00 |      1535.91 |      1681.89 |                 60.32 |                    5.00 |    794 |    73.9993 |
|        1 |        454 |          1537.00 |      1535.91 |      1666.53 |                108.49 |                    8.14 |    794 |    74.0489 |
|        1 |        455 |          1537.00 |      1535.91 |      1685.10 |                 58.72 |                    9.24 |    799 |    74.1137 |
|        1 |        456 |          1537.00 |      1535.91 |      1683.70 |                 33.45 |                    5.26 |    801 |    74.1652 |
|        1 |        457 |          1537.00 |      1535.91 |      1683.70 |                 19.24 |                    5.00 |    801 |    74.2221 |
|        1 |        458 |          1537.00 |      1535.91 |      1655.45 |                 21.34 |                   12.61 |    805 |    74.3327 |
|        1 |        459 |          1537.00 |      1535.91 |      1679.23 |                 22.33 |                    9.78 |    805 |    74.4156 |
|        1 |        460 |          1537.00 |      1535.91 |      1656.22 |                 42.64 |                    6.09 |    808 |    74.4752 |
|        1 |        461 |          1537.00 |      1535.91 |      1677.48 |                 83.06 |                    5.00 |    808 |    74.5331 |
|        1 |        462 |          1537.00 |      1535.91 |      1681.50 |                 19.73 |                    5.00 |    809 |    74.6563 |
|        1 |        463 |          1537.00 |      1535.91 |      1601.35 |                 12.45 |                    5.00 |    810 |    74.8330 |
|        1 |        464 |          1537.00 |      1535.91 |      1600.56 |                 21.96 |                    5.00 |    811 |    74.8846 |
|        1 |        465 |          1537.00 |      1535.91 |      1608.75 |                 54.28 |                    5.00 |    811 |    74.9740 |
|        1 |        466 |          1537.00 |      1535.91 |      1635.89 |                 72.35 |                    5.00 |    812 |    75.0237 |
|        1 |        467 |          1537.00 |      1535.91 |      1631.46 |                 58.39 |                    5.00 |    812 |    75.1102 |
|        1 |        468 |          1537.00 |      1535.91 |      1639.60 |                 48.51 |                    5.00 |    812 |    75.2016 |
|        1 |        469 |          1537.00 |      1535.91 |      1639.50 |                 20.03 |                    5.00 |    812 |    75.2831 |
|        1 |        470 |          1537.00 |      1535.91 |      1612.50 |                 59.18 |                    5.00 |    813 |    75.4072 |
|        1 |        471 |          1537.00 |      1535.91 |      1673.18 |                 67.18 |                    5.00 |    813 |    75.4677 |
|        1 |        472 |          1537.00 |      1535.91 |      1631.60 |                 28.16 |                    5.00 |    813 |    75.6428 |
|        1 |        473 |          1537.00 |      1535.91 |      1583.50 |                 38.61 |                    5.00 |    814 |    75.7207 |
|        1 |        474 |          1537.00 |      1535.91 |      1586.31 |                 74.45 |                    5.00 |    814 |    75.7820 |
|        1 |        475 |          1537.00 |      1535.91 |      1615.20 |                 36.11 |                    7.01 |    814 |    75.8420 |
|        1 |        476 |          1537.00 |      1535.91 |      1603.73 |                 35.21 |                    5.00 |    814 |    75.9337 |
|        1 |        477 |          1537.00 |      1535.91 |      1607.81 |                 36.89 |                    5.00 |    814 |    75.9929 |
|        1 |        478 |          1537.00 |      1535.91 |      1607.69 |                 70.44 |                    5.00 |    814 |    76.0498 |
|        1 |        479 |          1537.00 |      1535.91 |      1611.40 |                 25.96 |                    7.15 |    814 |    76.1927 |
|        1 |        480 |          1537.00 |      1535.91 |      1598.98 |                 44.42 |                    5.00 |    814 |    76.2422 |
|        1 |        481 |          1537.00 |      1535.91 |      1617.47 |                 77.55 |                    5.00 |    814 |    76.2885 |
|        1 |        482 |          1537.00 |      1535.91 |      1628.80 |                 18.21 |                    5.00 |    814 |    76.4399 |
|        1 |        483 |          1537.00 |      1535.91 |      1593.15 |                 29.60 |                    5.00 |    814 |    76.5055 |
|        1 |        484 |          1537.00 |      1535.91 |      1616.39 |                 21.20 |                    5.00 |    814 |    76.5687 |
|        1 |        485 |          1537.00 |      1535.91 |      1586.40 |                 14.54 |                   12.24 |    814 |    76.7010 |
|        1 |        486 |          1537.00 |      1535.91 |      1580.92 |                 10.07 |                   11.22 |    814 |    76.8364 |
|        1 |        487 |          1537.00 |      1535.91 |      1607.60 |                  7.20 |                   11.73 |    816 |    76.9387 |
|        1 |        488 |          1537.00 |      1535.91 |      1605.80 |                  5.00 |                    7.36 |    816 |    77.0391 |
|        1 |        489 |          1537.00 |      1535.91 |      1582.06 |                 10.76 |                    5.00 |    816 |    77.2434 |
|        1 |        490 |          1537.00 |      1535.91 |      1587.78 |                 17.69 |                    5.00 |    816 |    77.2920 |
|        1 |        491 |          1537.00 |      1535.91 |      1592.08 |                 44.19 |                    5.00 |    817 |    77.3678 |
|        1 |        492 |          1537.00 |      1535.91 |      1613.85 |                 75.63 |                    6.67 |    817 |    77.4146 |
|        1 |        493 |          1537.00 |      1535.91 |      1612.70 |                 58.07 |                    5.00 |    818 |    77.4994 |
|        1 |        494 |          1537.00 |      1535.91 |      1589.16 |                 41.90 |                    5.00 |    818 |    77.6144 |
|        1 |        495 |          1537.00 |      1535.91 |      1657.80 |                 22.69 |                    5.00 |    821 |    77.6752 |
|        1 |        496 |          1537.00 |      1535.91 |      1581.20 |                 20.01 |                    5.00 |    821 |    77.7766 |
|        1 |        497 |          1537.00 |      1535.91 |      1581.20 |                 13.23 |                    5.00 |    821 |    77.8442 |
|        1 |        498 |          1537.00 |      1535.91 |      1593.60 |                  5.00 |                    5.00 |    821 |    78.0117 |
|        1 |        499 |          1537.00 |      1535.91 |      1566.51 |                 12.24 |                    7.44 |    823 |    78.1000 |
|        1 |        500 |          1537.00 |      1535.91 |      1581.84 |                 19.91 |                    7.63 |    823 |    78.1686 |
------------------------------------------------------------------------------------------------------------------------------------------------
Version identifier: 22.1.2.0 | 2024-11-26 | 0edbb82fd
CPXPARAM_MIP_Tolerances_UpperCutoff              1537.100000000235
Tried aggregator 1 time.
MIP Presolve eliminated 7 rows and 83 columns.
MIP Presolve modified 368 coefficients.
Reduced MIP has 94 rows, 740 columns, and 4161 nonzeros.
Reduced MIP has 740 binaries, 0 generals, 0 SOSs, and 0 indicators.
Presolve time = 0.00 sec. (4.94 ticks)
Probing fixed 8 vars, tightened 0 bounds.
Probing time = 0.01 sec. (6.54 ticks)
Tried aggregator 1 time.
Detecting symmetries...
MIP Presolve eliminated 3 rows and 15 columns.
Reduced MIP has 91 rows, 725 columns, and 4030 nonzeros.
Reduced MIP has 725 binaries, 0 generals, 0 SOSs, and 0 indicators.
Presolve time = 0.00 sec. (3.44 ticks)
Probing time = 0.00 sec. (2.40 ticks)
Clique table members: 875.
MIP emphasis: balance optimality and feasibility.
MIP search method: dynamic search.
Parallel mode: deterministic, using up to 8 threads.
Root relaxation solution time = 0.00 sec. (3.08 ticks)

        Nodes                                         Cuts/
   Node  Left     Objective  IInf  Best Integer    Best Bound    ItCnt     Gap

      0     0     1533.1667    14                   1533.1667      225         
*     0+    0                         1534.4000     1533.1667             0.08%
      0     0        cutoff           1534.4000     1534.4000      235    0.00%
Elapsed time = 0.02 sec. (26.65 ticks, tree = 0.01 MB, solutions = 1)
objective_value(sp) = 1534.3999999999999
 81.504733 seconds (6.92 M allocations: 345.972 MiB, 0.10% gc time, 4.56% compilation time)
#1: 0 (0.0) {3.0} -> 90 (6.0) {86.0} [86.0, 116.0] -> 0 (6.0) {100.2} [0.0, 240.0]
#2: 0 (0.0) {21.0} -> 61 (9.0) {66.0} [66.0, 96.0] -> 81 (19.0) {86.0} [86.0, 116.0] -> 0 (19.0) {108.0} [0.0, 240.0]
#3: 0 (0.0) {19.0} -> 39 (10.0) {55.0} [37.0, 67.0] -> 36 (50.0) {72.0} [43.0, 73.0] -> 40 (80.0) {87.0} [85.0, 115.0] -> 43 (100.0) {128.0} [128.0, 158.0] -> 35 (120.0) {150.0} [139.0, 169.0] -> 37 (130.0) {163.6} [0.0, 189.0] -> 72 (138.0) {190.7} [0.0, 202.0] -> 0 (138.0) {228.1} [0.0, 240.0]
#4: 0 (0.0) {15.0} -> 85 (2.0) {50.4} [0.0, 194.0] -> 63 (8.0) {64.0} [39.0, 69.0] -> 76 (39.0) {83.4} [75.0, 105.0] -> 51 (58.0) {102.8} [83.0, 113.0] -> 84 (76.0) {122.0} [96.0, 126.0] -> 56 (95.0) {141.2} [130.0, 160.0] -> 0 (95.0) {169.2} [0.0, 240.0]
#5: 0 (0.0) {21.0} -> 62 (3.0) {52.0} [52.0, 82.0] -> 67 (12.0) {70.0} [70.0, 100.0] -> 71 (26.0) {93.0} [65.0, 95.0] -> 93 (29.0) {178.0} [178.0, 208.0] -> 94 (52.0) {193.6} [0.0, 212.0] -> 80 (65.0) {213.6} [192.0, 222.0] -> 0 (65.0) {231.2} [0.0, 240.0]
#6: 0 (0.0) {10.0} -> 28 (10.0) {65.7} [62.0, 92.0] -> 27 (30.0) {81.5} [62.0, 92.0] -> 29 (40.0) {96.5} [67.0, 97.0] -> 31 (60.0) {108.5} [0.0, 179.0] -> 34 (90.0) {121.5} [0.0, 182.0] -> 50 (120.0) {144.5} [0.0, 194.0] -> 95 (126.0) {170.6} [0.0, 209.0] -> 91 (139.0) {189.2} [0.0, 217.0] -> 0 (139.0) {211.2} [0.0, 240.0]
#7: 0 (0.0) {21.0} -> 33 (10.0) {72.4} [51.0, 81.0] -> 30 (20.0) {88.2} [74.0, 104.0] -> 26 (50.0) {105.2} [0.0, 171.0] -> 32 (60.0) {131.0} [131.0, 161.0] -> 89 (85.0) {173.0} [144.0, 174.0] -> 0 (85.0) {235.4} [0.0, 240.0]
#8: 0 (0.0) {22.0} -> 42 (10.0) {55.5} [33.0, 63.0] -> 44 (20.0) {67.5} [64.0, 94.0] -> 38 (50.0) {84.7} [75.0, 105.0] -> 41 (70.0) {101.1} [92.0, 122.0] -> 54 (86.0) {139.0} [139.0, 169.0] -> 96 (112.0) {155.0} [0.0, 214.0] -> 0 (112.0) {180.5} [0.0, 240.0]
#9: 0 (0.0) {23.0} -> 14 (10.0) {58.3} [35.0, 65.0] -> 47 (20.0) {71.3} [45.0, 75.0] -> 15 (40.0) {86.3} [58.0, 88.0] -> 16 (60.0) {98.3} [72.0, 102.0] -> 9 (80.0) {119.4} [91.0, 121.0] -> 10 (110.0) {134.4} [119.0, 149.0] -> 13 (120.0) {151.4} [142.0, 172.0] -> 17 (140.0) {172.5} [149.0, 179.0] -> 12 (160.0) {190.5} [0.0, 197.0] -> 0 (160.0) {232.8} [0.0, 240.0]
#10: 0 (0.0) {23.0} -> 65 (16.0) {34.1} [11.0, 41.0] -> 99 (31.0) {77.0} [77.0, 107.0] -> 57 (54.0) {97.7} [96.0, 126.0] -> 86 (82.0) {116.7} [87.0, 117.0] -> 74 (90.0) {141.0} [141.0, 171.0] -> 77 (97.0) {168.2} [150.0, 180.0] -> 0 (97.0) {228.1} [0.0, 240.0]
#11: 0 (0.0) {23.0} -> 82 (9.0) {37.7} [0.0, 215.0] -> 11 (49.0) {66.9} [59.0, 89.0] -> 87 (62.0) {93.3} [90.0, 120.0] -> 59 (81.0) {107.7} [0.0, 187.0] -> 97 (116.0) {124.0} [120.0, 150.0] -> 75 (132.0) {147.0} [0.0, 172.0] -> 58 (152.0) {168.1} [152.0, 182.0] -> 52 (155.0) {200.4} [0.0, 205.0] -> 0 (155.0) {235.4} [0.0, 240.0]
#12: 0 (0.0) {23.0} -> 92 (14.0) {37.7} [14.0, 44.0] -> 64 (31.0) {62.9} [53.0, 83.0] -> 22 (71.0) {92.0} [92.0, 122.0] -> 49 (81.0) {105.6} [104.0, 134.0] -> 20 (91.0) {122.0} [122.0, 152.0] -> 66 (107.0) {154.0} [133.0, 163.0] -> 0 (107.0) {177.0} [0.0, 240.0]
#13: 0 (0.0) {8.0} -> 69 (27.0) {41.0} [41.0, 71.0] -> 88 (46.0) {67.0} [67.0, 97.0] -> 53 (51.0) {91.0} [91.0, 121.0] -> 55 (67.0) {140.0} [140.0, 170.0] -> 68 (88.0) {160.0} [144.0, 174.0] -> 0 (88.0) {180.0} [0.0, 240.0]
#14: 0 (0.0) {23.0} -> 19 (40.0) {72.0} [72.0, 102.0] -> 23 (70.0) {88.4} [65.0, 95.0] -> 18 (90.0) {104.4} [87.0, 117.0] -> 48 (100.0) {116.4} [0.0, 184.0] -> 21 (110.0) {128.4} [0.0, 185.0] -> 25 (130.0) {154.0} [154.0, 184.0] -> 24 (140.0) {174.4} [148.0, 178.0] -> 83 (154.0) {200.4} [0.0, 210.0] -> 0 (154.0) {229.6} [0.0, 240.0]
#15: 0 (0.0) {22.0} -> 98 (9.0) {36.1} [0.0, 215.0] -> 73 (14.0) {77.0} [77.0, 107.0] -> 79 (44.0) {95.9} [89.0, 119.0] -> 78 (71.0) {118.0} [90.0, 120.0] -> 60 (88.0) {155.0} [155.0, 185.0] -> 100 (91.0) {182.4} [180.0, 210.0] -> 70 (114.0) {196.8} [180.0, 210.0] -> 0 (114.0) {226.4} [0.0, 240.0]
#16: 0 (0.0) {23.0} -> 45 (10.0) {60.7} [37.0, 67.0] -> 5 (30.0) {73.7} [0.0, 189.0] -> 8 (40.0) {91.0} [91.0, 121.0] -> 7 (60.0) {106.0} [0.0, 194.0] -> 6 (80.0) {119.0} [95.0, 125.0] -> 46 (90.0) {134.0} [113.0, 143.0] -> 4 (130.0) {146.0} [141.0, 171.0] -> 3 (140.0) {161.3} [0.0, 190.0] -> 1 (160.0) {174.3} [0.0, 191.0] -> 2 (190.0) {194.7} [0.0, 199.0] -> 0 (190.0) {235.5} [0.0, 240.0]

Dist: 1534.3999999999999. Cost: 1534.3999999999999

Root node processing (before b&c):
  Real time             =    0.02 sec. (26.68 ticks)
Parallel b&c, 8 threads:
  Real time             =    0.00 sec. (0.00 ticks)
  Sync time (average)   =    0.00 sec.
  Wait time (average)   =    0.00 sec.
                          ------------
Total (root+branch&cut) =    0.02 sec. (26.68 ticks)
