Solving instance /mnt/c/Users/bruno.mattos/OneDrive - americanas s.a/Documentos/GitHub/GenericILS/TWRD/100/RC207_100_025.vrptwrd...
------------------------------------------------------------------------------------------------------------------------------------------------
|  Restart |  Iteration |  Best Feas. Cost |    Best Cost |   Curr. Cost |   Penalty Custom Res. |   Penalty Standard Res. |   Pool |   Time (s) |
------------------------------------------------------------------------------------------------------------------------------------------------
|        1 |          0 |          1143.70 |      1143.70 |      1143.70 |                  5.00 |                    5.00 |     15 |     0.3689 |
|        1 |          0 |          1092.10 |      1092.10 |      1092.10 |                  5.00 |                    5.00 |     18 |     1.3372 |
|        1 |          0 |          1086.40 |      1086.40 |      1086.40 |                  5.00 |                    5.00 |     24 |     1.5073 |
|        1 |          1 |          1086.40 |      1086.40 |      1086.40 |                  5.00 |                    5.47 |     25 |     1.5751 |
|        1 |          0 |          1085.90 |      1085.90 |      1085.90 |                  5.00 |                    5.00 |     27 |     1.6710 |
|        1 |          1 |          1085.90 |      1055.26 |      1055.26 |                  5.00 |                   12.00 |     30 |     1.7992 |
|        1 |          2 |          1085.90 |      1055.26 |      1055.26 |                  5.00 |                    8.11 |     30 |     1.8398 |
|        1 |          3 |          1085.90 |      1055.26 |      1055.47 |                  5.00 |                   14.29 |     30 |     1.8944 |
|        1 |          4 |          1085.90 |      1055.26 |      1056.04 |                  5.00 |                   22.12 |     30 |     1.9484 |
|        1 |          0 |          1045.00 |      1045.00 |      1045.00 |                  5.00 |                   13.34 |     34 |     2.0453 |
|        1 |          1 |          1045.00 |      1045.00 |      1045.00 |                  5.00 |                    6.28 |     34 |     2.1135 |
|        1 |          0 |          1026.20 |      1026.20 |      1026.20 |                  5.00 |                    5.00 |     37 |     2.2307 |
|        1 |          0 |          1025.20 |      1025.20 |      1025.20 |                  5.00 |                    5.00 |     40 |     2.3479 |
|        1 |          0 |          1009.80 |      1009.80 |      1009.80 |                  5.00 |                    5.00 |     41 |     2.3997 |
|        1 |          1 |          1009.80 |      1009.80 |      1009.80 |                  5.00 |                    5.00 |     41 |     2.4922 |
|        1 |          2 |          1009.80 |      1009.80 |      1014.70 |                  5.00 |                    5.00 |     44 |     2.5340 |
|        1 |          0 |          1002.20 |      1002.20 |      1002.20 |                  5.00 |                    5.00 |     48 |     2.6474 |
|        1 |          0 |           990.40 |       990.40 |       990.40 |                  5.00 |                    5.00 |     51 |     2.7320 |
|        1 |          1 |           990.40 |       990.40 |       990.40 |                  5.00 |                    5.00 |     51 |     2.7720 |
|        1 |          2 |           990.40 |       984.40 |       984.40 |                  5.00 |                    6.27 |     51 |     2.8581 |
|        1 |          3 |           990.40 |       984.40 |       987.20 |                  5.00 |                    7.72 |     52 |     2.8997 |
|        1 |          4 |           990.40 |       984.40 |       984.40 |                  5.00 |                    8.85 |     52 |     2.9489 |
|        1 |          5 |           990.40 |       984.40 |      1009.40 |                  5.00 |                    5.86 |     53 |     3.0294 |
|        1 |          6 |           990.40 |       984.40 |      1002.60 |                  5.00 |                    6.79 |     56 |     3.0817 |
|        1 |          7 |           990.40 |       984.40 |      1018.30 |                  5.00 |                    5.00 |     58 |     3.1736 |
|        1 |          8 |           990.40 |       984.40 |      1001.20 |                  5.00 |                    7.88 |     62 |     3.2749 |
|        1 |          9 |           990.40 |       984.40 |      1001.70 |                  5.00 |                    8.30 |     63 |     3.3895 |
|        1 |         10 |           990.40 |       984.40 |      1002.00 |                  5.00 |                    9.32 |     65 |     3.4360 |
|        1 |         11 |           990.40 |       984.40 |      1016.50 |                  5.00 |                    5.00 |     69 |     3.4872 |
|        1 |         12 |           990.40 |       984.40 |      1016.50 |                  5.00 |                    5.00 |     70 |     3.5306 |
|        1 |         13 |           990.40 |       984.40 |      1016.50 |                  5.00 |                    5.00 |     70 |     3.5706 |
|        1 |         14 |           990.40 |       984.40 |      1015.40 |                  5.00 |                    5.00 |     71 |     3.6321 |
|        1 |         15 |           990.40 |       984.40 |      1014.70 |                  5.00 |                    5.00 |     73 |     3.7558 |
|        1 |         16 |           990.40 |       984.40 |      1000.90 |                  5.00 |                    5.97 |     73 |     3.8286 |
|        1 |         17 |           990.40 |       984.40 |      1000.90 |                  5.00 |                    6.64 |     73 |     3.8767 |
|        1 |         18 |           990.40 |       984.40 |       992.90 |                  5.00 |                    7.30 |     77 |     3.9545 |
|        1 |         19 |           990.40 |       984.40 |       991.10 |                  5.00 |                    7.35 |     77 |     4.0085 |
|        1 |         20 |           990.40 |       984.40 |       985.30 |                  5.00 |                    8.15 |     78 |     4.0996 |
|        1 |         21 |           990.40 |       984.40 |       999.60 |                  5.00 |                    8.71 |     80 |     4.1497 |
|        1 |         22 |           990.40 |       984.40 |      1024.90 |                  5.00 |                    7.55 |     84 |     4.1904 |
|        1 |         23 |           990.40 |       984.40 |       998.40 |                  5.00 |                    7.99 |     84 |     4.2523 |
|        1 |         24 |           990.40 |       984.40 |       998.40 |                  5.00 |                    8.29 |     84 |     4.3048 |
|        1 |         25 |           990.40 |       984.40 |      1001.00 |                  5.00 |                    8.94 |     86 |     4.3571 |
|        1 |         26 |           990.40 |       984.40 |      1004.50 |                  5.00 |                    8.72 |     87 |     4.4269 |
|        1 |         27 |           990.40 |       984.40 |      1001.70 |                  5.00 |                    7.55 |     87 |     4.5065 |
|        1 |         28 |           990.40 |       984.40 |      1001.70 |                  5.00 |                    8.48 |     87 |     4.5523 |
|        1 |         29 |           990.40 |       984.40 |      1001.70 |                  5.00 |                    8.72 |     87 |     4.5961 |
|        1 |         30 |           990.40 |       984.40 |      1001.70 |                  5.00 |                    8.52 |     87 |     4.6411 |
|        1 |         31 |           990.40 |       984.40 |      1001.70 |                  5.00 |                    8.57 |     87 |     4.6882 |
|        1 |         32 |           990.40 |       984.40 |      1001.70 |                  5.00 |                    7.50 |     87 |     4.7415 |
|        1 |         33 |           990.40 |       984.40 |      1007.10 |                  5.00 |                    5.00 |     90 |     4.9000 |
|        1 |         34 |           990.40 |       984.40 |      1005.50 |                  5.00 |                    5.29 |     90 |     4.9791 |
|        1 |         35 |           990.40 |       984.40 |      1005.50 |                  5.00 |                    5.50 |     90 |     5.0120 |
|        1 |         36 |           990.40 |       984.40 |      1005.50 |                  5.00 |                    6.17 |     90 |     5.0752 |
|        1 |         37 |           990.40 |       984.40 |      1021.80 |                  5.00 |                    7.44 |     91 |     5.1128 |
|        1 |         38 |           990.40 |       984.40 |       999.00 |                  5.00 |                    7.74 |     95 |     5.2629 |
|        1 |         39 |           990.40 |       984.40 |       998.90 |                  5.00 |                    8.88 |     97 |     5.3090 |
|        1 |         40 |           990.40 |       984.40 |       998.90 |                  5.00 |                    9.03 |     97 |     5.3542 |
|        1 |         41 |           990.40 |       984.40 |      1017.40 |                  5.00 |                    5.00 |     99 |     5.4119 |
|        1 |         42 |           990.40 |       984.40 |       998.90 |                  5.00 |                    5.86 |     99 |     5.4757 |
|        1 |         43 |           990.40 |       984.40 |      1018.80 |                  5.00 |                    5.89 |    102 |     5.5500 |
|        1 |         44 |           990.40 |       984.40 |      1018.80 |                  5.00 |                    6.96 |    102 |     5.6057 |
|        1 |         45 |           990.40 |       984.40 |      1018.80 |                  5.00 |                    7.00 |    102 |     5.6713 |
|        1 |         46 |           990.40 |       984.40 |      1014.60 |                  5.00 |                    6.49 |    103 |     5.7771 |
|        1 |         47 |           990.40 |       984.40 |      1022.50 |                  5.00 |                    5.00 |    106 |     5.8635 |
|        1 |         48 |           990.40 |       984.40 |      1022.50 |                  5.00 |                    5.62 |    106 |     5.9194 |
|        1 |         49 |           990.40 |       984.40 |      1025.40 |                  5.00 |                    5.88 |    110 |     5.9914 |
|        1 |         50 |           990.40 |       984.40 |      1031.00 |                  5.00 |                    5.00 |    116 |     6.1329 |
|        1 |         51 |           990.40 |       984.40 |      1012.60 |                  5.00 |                    5.00 |    119 |     6.2412 |
|        1 |         52 |           990.40 |       984.40 |      1017.00 |                  5.00 |                    5.26 |    122 |     6.2994 |
|        1 |         53 |           990.40 |       984.40 |      1017.00 |                  5.00 |                    5.00 |    122 |     6.3676 |
|        1 |         54 |           990.40 |       984.40 |      1017.00 |                  5.00 |                    5.00 |    122 |     6.4256 |
|        1 |         55 |           990.40 |       984.40 |      1017.00 |                  5.00 |                    5.00 |    122 |     6.4750 |
|        1 |         56 |           990.40 |       984.40 |      1009.20 |                  5.00 |                    5.00 |    126 |     6.5389 |
|        1 |         57 |           990.40 |       984.40 |      1003.40 |                  5.00 |                    5.00 |    126 |     6.6236 |
|        1 |         58 |           990.40 |       984.40 |      1000.80 |                  5.00 |                    5.00 |    130 |     6.7060 |
|        1 |         59 |           990.40 |       984.40 |      1000.80 |                  5.00 |                    6.94 |    130 |     6.7563 |
|        1 |         60 |           990.40 |       984.40 |       997.10 |                  5.00 |                    5.00 |    132 |     6.8367 |
|        1 |         61 |           990.40 |       984.40 |       997.10 |                  5.00 |                    5.00 |    132 |     6.8876 |
|        1 |         62 |           990.40 |       984.40 |       997.50 |                  5.00 |                    5.00 |    132 |     6.9400 |
|        1 |         63 |           990.40 |       984.40 |       997.50 |                  5.00 |                    5.00 |    132 |     6.9964 |
|        1 |         64 |           990.40 |       984.40 |       997.10 |                  5.00 |                    5.00 |    132 |     7.0777 |
|        1 |         65 |           990.40 |       984.40 |       997.10 |                  5.00 |                    5.00 |    132 |     7.1250 |
|        1 |         66 |           990.40 |       984.40 |       997.10 |                  5.00 |                    5.00 |    132 |     7.1692 |
|        1 |         67 |           990.40 |       984.40 |       997.10 |                  5.00 |                    5.00 |    132 |     7.2302 |
|        1 |         68 |           990.40 |       984.40 |       997.10 |                  5.00 |                    5.00 |    132 |     7.2800 |
|        1 |         69 |           990.40 |       984.40 |       997.10 |                  5.00 |                    5.00 |    132 |     7.3334 |
|        1 |         70 |           990.40 |       984.40 |       997.60 |                  5.00 |                    5.00 |    134 |     7.4018 |
|        1 |         71 |           990.40 |       984.40 |       996.90 |                  5.00 |                    5.00 |    134 |     7.4929 |
|        1 |         72 |           990.40 |       984.40 |       996.90 |                  5.00 |                    5.00 |    134 |     7.5596 |
|        1 |         73 |           990.40 |       984.40 |       996.90 |                  5.00 |                    5.00 |    134 |     7.5994 |
|        1 |         74 |           990.40 |       984.40 |       996.90 |                  5.00 |                    5.00 |    134 |     7.6510 |
|        1 |         75 |           990.40 |       984.40 |       996.90 |                  5.00 |                    5.00 |    134 |     7.7060 |
|        1 |         76 |           990.40 |       984.40 |       996.90 |                  5.00 |                    5.00 |    134 |     7.7533 |
|        1 |         77 |           990.40 |       984.40 |       996.90 |                  5.00 |                    5.00 |    134 |     7.8074 |
|        1 |         78 |           990.40 |       984.40 |       996.90 |                  5.00 |                    5.00 |    134 |     7.8472 |
|        1 |         79 |           990.40 |       984.40 |       996.90 |                  5.00 |                    5.00 |    134 |     7.8803 |
|        1 |         80 |           990.40 |       984.40 |      1003.20 |                  5.00 |                    5.00 |    135 |     7.9393 |
|        1 |         81 |           990.40 |       984.40 |      1003.20 |                  5.00 |                    5.00 |    135 |     7.9884 |
|        1 |         82 |           990.40 |       984.40 |       996.90 |                  5.00 |                    5.00 |    135 |     8.0552 |
|        1 |         83 |           990.40 |       984.40 |       996.90 |                  5.00 |                    5.00 |    135 |     8.1600 |
|        1 |         84 |           990.40 |       984.40 |       996.90 |                  5.00 |                    5.00 |    135 |     8.2382 |
|        1 |         85 |           990.40 |       984.40 |       996.90 |                  5.00 |                    5.00 |    135 |     8.2803 |
|        1 |         86 |           990.40 |       984.40 |       996.90 |                  5.00 |                    5.00 |    135 |     8.3244 |
|        1 |         87 |           990.40 |       984.40 |       996.90 |                  5.00 |                    5.00 |    135 |     8.3879 |
|        1 |         88 |           990.40 |       984.40 |       996.90 |                  5.00 |                    5.00 |    135 |     8.4305 |
|        1 |         89 |           990.40 |       984.40 |      1001.10 |                  5.00 |                    5.00 |    138 |     8.5026 |
|        1 |         90 |           990.40 |       984.40 |      1001.10 |                  5.00 |                    5.00 |    138 |     8.5582 |
|        1 |         91 |           990.40 |       984.40 |      1001.10 |                  5.00 |                    5.00 |    138 |     8.6245 |
|        1 |         92 |           990.40 |       984.40 |       996.90 |                  5.00 |                    5.36 |    138 |     8.7128 |
|        1 |         93 |           990.40 |       984.40 |       997.80 |                  5.00 |                    5.00 |    138 |     8.7646 |
|        1 |         94 |           990.40 |       984.40 |       997.80 |                  5.00 |                    5.00 |    138 |     8.8065 |
|        1 |         95 |           990.40 |       984.40 |       997.80 |                  5.00 |                    5.10 |    138 |     8.8600 |
|        1 |         96 |           990.40 |       984.40 |       997.60 |                  5.00 |                    5.00 |    139 |     8.9055 |
|        1 |         97 |           990.40 |       984.40 |       996.90 |                  5.00 |                    5.00 |    139 |     8.9755 |
|        1 |         98 |           990.40 |       984.40 |      1030.70 |                  5.00 |                    5.00 |    145 |     9.1674 |
|        1 |         99 |           990.40 |       984.40 |      1030.70 |                  5.00 |                    5.00 |    145 |     9.2121 |
|        1 |        100 |           990.40 |       984.40 |      1030.70 |                  5.00 |                    5.00 |    145 |     9.2545 |
|        1 |        101 |           990.40 |       984.40 |      1030.70 |                  5.00 |                    5.00 |    145 |     9.3269 |
|        1 |        102 |           990.40 |       984.40 |      1030.70 |                  5.00 |                    5.00 |    145 |     9.3698 |
|        1 |        103 |           990.40 |       984.40 |      1030.70 |                  5.00 |                    5.00 |    145 |     9.4627 |
|        1 |        104 |           990.40 |       984.40 |      1030.70 |                  5.00 |                    7.29 |    145 |     9.5127 |
|        1 |        105 |           990.40 |       984.40 |      1030.70 |                  5.00 |                    5.00 |    145 |     9.5561 |
|        1 |        106 |           990.40 |       984.40 |      1034.20 |                  5.00 |                    5.00 |    146 |     9.6065 |
|        1 |        107 |           990.40 |       984.40 |      1034.20 |                  5.00 |                    5.00 |    146 |     9.6558 |
|        1 |        108 |           990.40 |       984.40 |      1034.20 |                  5.00 |                    5.00 |    146 |     9.7408 |
|        1 |        109 |           990.40 |       984.40 |      1030.60 |                  5.00 |                    5.00 |    147 |     9.8083 |
|        1 |        110 |           990.40 |       984.40 |      1027.10 |                  5.00 |                    5.00 |    147 |     9.8873 |
|        1 |        111 |           990.40 |       984.40 |      1027.10 |                  5.00 |                    5.00 |    147 |     9.9340 |
|        1 |        112 |           990.40 |       984.40 |      1027.10 |                  5.00 |                    5.00 |    147 |    10.0107 |
|        1 |        113 |           990.40 |       984.40 |       991.10 |                  5.00 |                    5.00 |    149 |    10.1018 |
|        1 |        114 |           990.40 |       984.40 |       991.10 |                  5.00 |                    5.00 |    149 |    10.1519 |
|        1 |        115 |           990.40 |       984.40 |       991.10 |                  5.00 |                    5.00 |    149 |    10.2139 |
|        1 |          0 |           983.60 |       983.60 |       983.60 |                  5.00 |                    5.00 |    152 |    10.2969 |
|        1 |          0 |           979.40 |       979.40 |       979.40 |                  5.00 |                    5.00 |    152 |    10.3318 |
|        1 |          0 |           973.40 |       973.40 |       973.40 |                  5.00 |                    5.00 |    154 |    10.4052 |
|        1 |          1 |           973.40 |       973.40 |       973.40 |                  5.00 |                    5.00 |    154 |    10.4621 |
|        1 |          2 |           973.40 |       973.40 |       979.10 |                  5.00 |                    5.00 |    155 |    10.5084 |
|        1 |          3 |           973.40 |       973.40 |       976.40 |                  5.00 |                    5.00 |    155 |    10.5694 |
|        1 |          4 |           973.40 |       973.40 |       974.00 |                  5.00 |                    5.00 |    159 |    10.6502 |
|        1 |          5 |           973.40 |       973.40 |       976.80 |                  5.00 |                    5.00 |    161 |    10.7053 |
|        1 |          6 |           973.40 |       973.40 |       976.80 |                  5.00 |                    5.00 |    161 |    10.7590 |
|        1 |          7 |           973.40 |       973.40 |       987.70 |                  5.00 |                    5.00 |    162 |    10.8228 |
|        1 |          8 |           973.40 |       973.40 |       989.50 |                  5.00 |                    5.00 |    165 |    10.8717 |
|        1 |          9 |           973.40 |       973.40 |       983.00 |                  5.00 |                    5.00 |    169 |    10.9761 |
|        1 |         10 |           973.40 |       973.40 |       983.00 |                  5.00 |                    5.00 |    169 |    11.0377 |
|        1 |          0 |           970.30 |       970.30 |       970.30 |                  5.00 |                    5.00 |    170 |    11.1493 |
|        1 |          1 |           970.30 |       970.30 |      1027.40 |                  5.00 |                    5.00 |    173 |    11.1978 |
|        1 |          2 |           970.30 |       970.30 |      1005.50 |                  5.00 |                    5.00 |    177 |    11.2922 |
|        1 |          3 |           970.30 |       970.30 |      1005.50 |                  5.00 |                    5.00 |    177 |    11.3564 |
|        1 |          4 |           970.30 |       970.30 |      1018.10 |                  5.00 |                    5.00 |    180 |    11.3992 |
|        1 |          5 |           970.30 |       970.30 |      1001.90 |                  5.00 |                    5.00 |    184 |    11.4733 |
|        1 |          6 |           970.30 |       970.30 |      1009.80 |                  5.00 |                    5.00 |    186 |    11.6035 |
|        1 |          7 |           970.30 |       970.30 |      1009.80 |                  5.00 |                    5.00 |    186 |    11.6707 |
|        1 |          8 |           970.30 |       970.30 |      1009.80 |                  5.00 |                    5.00 |    186 |    11.7270 |
|        1 |          9 |           970.30 |       970.30 |      1010.20 |                  5.00 |                    5.00 |    186 |    11.8440 |
|        1 |         10 |           970.30 |       970.30 |      1009.50 |                  5.00 |                    5.00 |    186 |    11.9022 |
|        1 |         11 |           970.30 |       970.30 |      1009.60 |                  5.00 |                    5.00 |    186 |    11.9507 |
|        1 |         12 |           970.30 |       970.30 |      1009.60 |                  5.00 |                    5.00 |    186 |    11.9938 |
|        1 |         13 |           970.30 |       970.30 |      1009.60 |                  5.00 |                    5.00 |    186 |    12.0354 |
|        1 |         14 |           970.30 |       970.30 |      1009.40 |                  5.00 |                    5.00 |    187 |    12.0686 |
|        1 |         15 |           970.30 |       970.30 |      1009.40 |                  5.00 |                    5.00 |    187 |    12.1402 |
|        1 |         16 |           970.30 |       970.30 |      1009.40 |                  5.00 |                    5.00 |    187 |    12.1895 |
|        1 |         17 |           970.30 |       970.30 |      1009.40 |                  5.00 |                    5.00 |    187 |    12.2381 |
|        1 |         18 |           970.30 |       970.30 |      1009.40 |                  5.00 |                    5.00 |    187 |    12.2875 |
|        1 |         19 |           970.30 |       970.30 |      1014.30 |                  5.00 |                    5.00 |    187 |    12.3515 |
|        1 |         20 |           970.30 |       970.30 |      1009.40 |                  5.00 |                    5.00 |    187 |    12.4124 |
|        1 |         21 |           970.30 |       970.30 |      1009.40 |                  5.00 |                    5.00 |    187 |    12.4646 |
|        1 |         22 |           970.30 |       970.30 |      1009.40 |                  5.00 |                    5.00 |    187 |    12.5276 |
|        1 |         23 |           970.30 |       970.30 |      1009.40 |                  5.00 |                    5.00 |    187 |    12.6170 |
|        1 |         24 |           970.30 |       970.30 |      1014.30 |                  5.00 |                    5.00 |    187 |    12.6758 |
|        1 |         25 |           970.30 |       970.30 |      1009.30 |                  5.00 |                    5.00 |    187 |    12.7765 |
|        1 |         26 |           970.30 |       970.30 |      1009.30 |                  5.00 |                    5.00 |    187 |    12.8421 |
|        1 |         27 |           970.30 |       970.30 |      1009.30 |                  5.00 |                    5.00 |    187 |    12.8972 |
|        1 |         28 |           970.30 |       970.30 |      1010.30 |                  5.00 |                    5.00 |    187 |    12.9641 |
|        1 |         29 |           970.30 |       970.30 |      1009.70 |                  5.00 |                    5.00 |    190 |    13.0867 |
|        1 |         30 |           970.30 |       970.30 |      1009.70 |                  5.00 |                    5.00 |    190 |    13.1468 |
|        1 |         31 |           970.30 |       970.30 |      1003.60 |                  5.00 |                    5.00 |    191 |    13.2000 |
|        1 |         32 |           970.30 |       970.30 |      1009.20 |                  5.00 |                    5.00 |    192 |    13.2526 |
|        1 |         33 |           970.30 |       970.30 |      1007.60 |                  5.00 |                    5.00 |    192 |    13.3537 |
|        1 |         34 |           970.30 |       970.30 |       995.90 |                  5.00 |                    5.00 |    192 |    13.4120 |
|        1 |         35 |           970.30 |       970.30 |       995.90 |                  5.00 |                    5.00 |    192 |    13.4535 |
|        1 |         36 |           970.30 |       970.30 |       995.90 |                  5.00 |                    5.00 |    192 |    13.4994 |
|        1 |         37 |           970.30 |       970.30 |      1016.90 |                  5.00 |                    5.00 |    195 |    13.5889 |
|        1 |         38 |           970.30 |       970.30 |      1007.30 |                  5.00 |                    5.00 |    195 |    13.7109 |
|        1 |         39 |           970.30 |       970.30 |      1007.30 |                  5.00 |                    5.00 |    195 |    13.7587 |
|        1 |         40 |           970.30 |       970.30 |      1007.30 |                  5.00 |                    5.00 |    195 |    13.8195 |
|        1 |         41 |           970.30 |       970.30 |      1008.00 |                  5.00 |                    5.00 |    195 |    13.8725 |
|        1 |         42 |           970.30 |       970.30 |      1007.30 |                  5.00 |                    5.00 |    195 |    13.9499 |
|        1 |         43 |           970.30 |       970.30 |      1007.30 |                  5.00 |                    5.00 |    195 |    14.0114 |
|        1 |         44 |           970.30 |       970.30 |      1007.30 |                  5.00 |                    5.00 |    195 |    14.0592 |
|        1 |         45 |           970.30 |       970.30 |      1023.00 |                  5.00 |                    5.00 |    195 |    14.1011 |
|        1 |         46 |           970.30 |       970.30 |      1023.00 |                  5.00 |                    5.00 |    195 |    14.1765 |
|        1 |         47 |           970.30 |       970.30 |      1023.00 |                  5.00 |                    5.00 |    195 |    14.2406 |
|        1 |         48 |           970.30 |       970.30 |      1023.00 |                  5.00 |                    5.00 |    195 |    14.2908 |
|        1 |         49 |           970.30 |       970.30 |      1028.70 |                  5.00 |                    6.09 |    199 |    14.3627 |
|        1 |         50 |           970.30 |       970.30 |      1028.70 |                  5.00 |                    7.04 |    199 |    14.4336 |
|        1 |         51 |           970.30 |       970.30 |      1028.70 |                  5.00 |                    5.00 |    199 |    14.4879 |
|        1 |         52 |           970.30 |       970.30 |      1028.70 |                  5.00 |                    6.09 |    199 |    14.5292 |
|        1 |         53 |           970.30 |       970.30 |      1028.70 |                  5.00 |                    7.27 |    199 |    14.5577 |
|        1 |         54 |           970.30 |       970.30 |      1038.30 |                  5.00 |                    5.90 |    204 |    14.6772 |
|        1 |         55 |           970.30 |       970.30 |      1029.00 |                  5.00 |                    5.00 |    210 |    14.7935 |
|        1 |         56 |           970.30 |       970.30 |      1025.20 |                  5.00 |                    5.00 |    212 |    14.8540 |
|        1 |         57 |           970.30 |       970.30 |      1024.30 |                  5.00 |                    5.00 |    213 |    14.9196 |
|        1 |         58 |           970.30 |       970.30 |      1019.00 |                  5.00 |                    5.41 |    214 |    14.9972 |
|        1 |         59 |           970.30 |       970.30 |      1019.00 |                  5.00 |                    5.00 |    214 |    15.0509 |
|        1 |         60 |           970.30 |       970.30 |      1019.00 |                  5.00 |                    5.00 |    214 |    15.0955 |
|        1 |         61 |           970.30 |       970.30 |      1019.00 |                  5.00 |                    5.00 |    214 |    15.1607 |
|        1 |         62 |           970.30 |       970.30 |      1064.00 |                  5.00 |                    5.00 |    215 |    15.2171 |
|        1 |         63 |           970.30 |       970.30 |      1063.10 |                  5.00 |                    5.00 |    221 |    15.2892 |
|        1 |         64 |           970.30 |       970.30 |      1052.20 |                  5.00 |                    5.00 |    224 |    15.3809 |
|        1 |         65 |           970.30 |       970.30 |      1029.80 |                  5.00 |                    6.33 |    230 |    15.5343 |
|        1 |         66 |           970.30 |       970.30 |      1029.80 |                  5.00 |                    6.89 |    230 |    15.5994 |
|        1 |         67 |           970.30 |       970.30 |      1032.10 |                  5.00 |                    6.72 |    231 |    15.6805 |
|        1 |         68 |           970.30 |       970.30 |      1029.80 |                  5.00 |                    7.25 |    231 |    15.7265 |
|        1 |         69 |           970.30 |       970.30 |      1029.80 |                  5.00 |                    5.62 |    231 |    15.7934 |
|        1 |         70 |           970.30 |       970.30 |      1031.50 |                  5.00 |                    5.74 |    233 |    15.8489 |
|        1 |         71 |           970.30 |       970.30 |      1033.60 |                  5.00 |                    5.26 |    234 |    15.9167 |
|        1 |         72 |           970.30 |       970.30 |      1051.20 |                  5.00 |                    5.80 |    236 |    15.9731 |
|        1 |         73 |           970.30 |       970.30 |      1033.00 |                  5.00 |                    6.78 |    240 |    16.0221 |
|        1 |         74 |           970.30 |       970.30 |      1023.20 |                  5.00 |                    5.00 |    244 |    16.1187 |
|        1 |         75 |           970.30 |       970.30 |      1023.20 |                  5.00 |                    5.00 |    244 |    16.1633 |
|        1 |         76 |           970.30 |       970.30 |      1063.40 |                  5.00 |                    5.00 |    251 |    16.2294 |
|        1 |         77 |           970.30 |       970.30 |      1063.40 |                  5.00 |                    5.00 |    251 |    16.2695 |
|        1 |         78 |           970.30 |       970.30 |      1036.10 |                  5.00 |                    5.00 |    255 |    16.3659 |
|        1 |         79 |           970.30 |       970.30 |      1036.10 |                  5.00 |                    5.00 |    255 |    16.4299 |
|        1 |         80 |           970.30 |       970.30 |      1034.00 |                  5.00 |                    5.00 |    255 |    16.4842 |
|        1 |         81 |           970.30 |       970.30 |      1034.00 |                  5.00 |                    5.00 |    255 |    16.5449 |
|        1 |         82 |           970.30 |       970.30 |      1034.00 |                  5.00 |                    5.00 |    255 |    16.6014 |
|        1 |         83 |           970.30 |       970.30 |      1035.30 |                  5.00 |                    5.00 |    258 |    16.6563 |
|        1 |         84 |           970.30 |       970.30 |      1043.10 |                  5.00 |                    5.00 |    260 |    16.7377 |
|        1 |         85 |           970.30 |       970.30 |      1043.10 |                  5.00 |                    5.00 |    260 |    16.7856 |
|        1 |         86 |           970.30 |       970.30 |      1048.70 |                  5.00 |                    5.00 |    265 |    16.8949 |
|        1 |         87 |           970.30 |       970.30 |      1048.50 |                  5.00 |                    5.00 |    266 |    16.9540 |
|        1 |         88 |           970.30 |       970.30 |      1041.60 |                  5.00 |                    5.00 |    266 |    17.0366 |
|        1 |         89 |           970.30 |       970.30 |      1034.90 |                  5.00 |                    5.00 |    266 |    17.1370 |
|        1 |         90 |           970.30 |       970.30 |      1053.10 |                  5.00 |                    5.00 |    269 |    17.2164 |
|        1 |         91 |           970.30 |       970.30 |      1053.10 |                  5.00 |                    5.00 |    269 |    17.2817 |
|        1 |         92 |           970.30 |       970.30 |      1047.00 |                  5.00 |                    5.00 |    273 |    17.4060 |
|        1 |         93 |           970.30 |       970.30 |      1042.90 |                  5.00 |                    5.00 |    274 |    17.5246 |
|        1 |         94 |           970.30 |       970.30 |      1053.10 |                  5.00 |                    5.00 |    274 |    17.5953 |
|        1 |         95 |           970.30 |       970.30 |      1057.00 |                  5.00 |                    5.00 |    275 |    17.6816 |
|        1 |         96 |           970.30 |       970.30 |      1057.90 |                  5.00 |                    5.00 |    275 |    17.7469 |
|        1 |         97 |           970.30 |       970.30 |      1057.90 |                  5.00 |                    5.00 |    275 |    17.8047 |
|        1 |         98 |           970.30 |       970.30 |      1057.90 |                  5.00 |                    5.00 |    275 |    17.8533 |
|        1 |         99 |           970.30 |       970.30 |      1057.70 |                  5.00 |                    5.00 |    275 |    17.9051 |
|        1 |        100 |           970.30 |       970.30 |      1057.00 |                  5.00 |                    5.00 |    276 |    17.9706 |
|        1 |        101 |           970.30 |       970.30 |      1057.00 |                  5.00 |                    5.00 |    276 |    18.0571 |
|        1 |        102 |           970.30 |       970.30 |      1057.00 |                  5.00 |                    5.00 |    276 |    18.1089 |
|        1 |        103 |           970.30 |       970.30 |      1057.00 |                  5.00 |                    5.00 |    276 |    18.1790 |
|        1 |        104 |           970.30 |       970.30 |      1057.00 |                  5.00 |                    5.00 |    276 |    18.2310 |
|        1 |        105 |           970.30 |       970.30 |      1057.00 |                  5.00 |                    5.00 |    276 |    18.2890 |
|        1 |        106 |           970.30 |       970.30 |      1057.00 |                  5.00 |                    5.00 |    276 |    18.3547 |
|        1 |        107 |           970.30 |       970.30 |      1057.00 |                  5.00 |                    5.00 |    276 |    18.3972 |
|        1 |        108 |           970.30 |       970.30 |      1055.20 |                  5.00 |                    5.00 |    276 |    18.5027 |
|        1 |        109 |           970.30 |       970.30 |      1062.40 |                  5.00 |                    5.00 |    276 |    18.5641 |
|        1 |        110 |           970.30 |       970.30 |      1060.20 |                  5.00 |                    5.00 |    277 |    18.6172 |
|        1 |        111 |           970.30 |       970.30 |      1060.00 |                  5.00 |                    5.00 |    277 |    18.6788 |
|        1 |        112 |           970.30 |       970.30 |      1062.10 |                  5.00 |                    5.00 |    279 |    18.7285 |
|        1 |        113 |           970.30 |       970.30 |      1062.10 |                  5.00 |                    5.00 |    279 |    18.7766 |
|        1 |        114 |           970.30 |       970.30 |      1059.60 |                  5.00 |                    5.47 |    279 |    18.8249 |
|        1 |        115 |           970.30 |       970.30 |      1053.80 |                  5.00 |                    5.00 |    279 |    18.8820 |
|        1 |        116 |           970.30 |       970.30 |      1079.90 |                  5.00 |                    5.00 |    281 |    18.9358 |
|        1 |        117 |           970.30 |       970.30 |      1080.60 |                  5.00 |                    5.00 |    281 |    18.9872 |
|        1 |        118 |           970.30 |       970.30 |      1063.20 |                  5.00 |                    5.00 |    282 |    19.0579 |
|        1 |        119 |           970.30 |       970.30 |      1057.20 |                  5.00 |                    5.00 |    282 |    19.1607 |
|        1 |        120 |           970.30 |       970.30 |      1064.70 |                  5.00 |                    5.00 |    283 |    19.2224 |
|        1 |        121 |           970.30 |       970.30 |      1064.70 |                  5.00 |                    5.00 |    283 |    19.2675 |
|        1 |        122 |           970.30 |       970.30 |      1064.70 |                  5.00 |                    5.98 |    283 |    19.3379 |
|        1 |        123 |           970.30 |       970.30 |      1023.80 |                  5.00 |                    5.00 |    284 |    19.4619 |
|        1 |        124 |           970.30 |       970.30 |      1019.70 |                  5.00 |                    5.00 |    287 |    19.5676 |
|        1 |        125 |           970.30 |       970.30 |      1019.70 |                  5.00 |                    5.00 |    287 |    19.6317 |
|        1 |        126 |           970.30 |       970.30 |      1019.70 |                  5.00 |                    5.00 |    287 |    19.7005 |
|        1 |        127 |           970.30 |       970.30 |      1019.70 |                  5.00 |                    5.00 |    287 |    19.8118 |
|        1 |        128 |           970.30 |       970.30 |      1019.70 |                  5.00 |                    7.51 |    287 |    19.8903 |
|        1 |        129 |           970.30 |       970.30 |      1020.00 |                  5.00 |                    5.00 |    288 |    19.9586 |
------------------------------------------------------------------------------------------------------------------------------------------------
|  Restart |  Iteration |  Best Feas. Cost |    Best Cost |   Curr. Cost |   Penalty Custom Res. |   Penalty Standard Res. |   Pool |   Time (s) |
------------------------------------------------------------------------------------------------------------------------------------------------
|        1 |        130 |           970.30 |       970.30 |      1025.40 |                  5.00 |                    5.00 |    289 |    20.0306 |
|        1 |        131 |           970.30 |       970.30 |      1025.10 |                  5.00 |                    5.00 |    290 |    20.1493 |
|        1 |        132 |           970.30 |       970.30 |      1019.20 |                  5.00 |                    5.00 |    290 |    20.2186 |
|        1 |        133 |           970.30 |       970.30 |      1024.90 |                  5.00 |                    5.00 |    291 |    20.2697 |
|        1 |        134 |           970.30 |       970.30 |      1019.20 |                  5.00 |                    5.00 |    291 |    20.3651 |
|        1 |        135 |           970.30 |       970.30 |      1019.20 |                  5.00 |                    5.00 |    291 |    20.4185 |
|        1 |        136 |           970.30 |       970.30 |      1019.20 |                  5.00 |                    5.00 |    291 |    20.4935 |
|        1 |        137 |           970.30 |       970.30 |      1019.20 |                  5.00 |                    5.00 |    291 |    20.5559 |
|        1 |        138 |           970.30 |       970.30 |      1019.20 |                  5.00 |                    5.00 |    291 |    20.6013 |
|        1 |        139 |           970.30 |       970.30 |      1040.30 |                  5.00 |                    5.00 |    295 |    20.6711 |
|        1 |        140 |           970.30 |       970.30 |      1040.30 |                  5.00 |                    5.00 |    295 |    20.7337 |
|        1 |        141 |           970.30 |       970.30 |      1040.30 |                  5.00 |                    5.00 |    295 |    20.7966 |
|        1 |        142 |           970.30 |       970.30 |      1040.30 |                  5.00 |                    5.00 |    295 |    20.8602 |
|        1 |        143 |           970.30 |       970.30 |      1011.80 |                  5.00 |                    5.00 |    297 |    20.9447 |
|        1 |        144 |           970.30 |       970.30 |      1011.80 |                  5.00 |                    5.00 |    297 |    21.0239 |
|        1 |        145 |           970.30 |       970.30 |      1039.00 |                  5.00 |                    5.00 |    299 |    21.1375 |
|        1 |        146 |           970.30 |       970.30 |      1003.20 |                  5.00 |                    5.00 |    301 |    21.2419 |
|        1 |        147 |           970.30 |       970.30 |      1003.20 |                  5.00 |                    5.00 |    301 |    21.3164 |
|        1 |        148 |           970.30 |       970.30 |      1003.20 |                  5.00 |                    5.00 |    301 |    21.4113 |
|        1 |        149 |           970.30 |       970.30 |      1003.20 |                  5.00 |                    5.00 |    301 |    21.4809 |
|        1 |        150 |           970.30 |       970.30 |      1001.90 |                  5.00 |                    5.00 |    301 |    21.6013 |
|        1 |        151 |           970.30 |       970.30 |      1001.90 |                  5.00 |                    5.00 |    301 |    21.6801 |
|        1 |        152 |           970.30 |       970.30 |      1018.90 |                  5.00 |                    5.00 |    301 |    21.7601 |
|        1 |        153 |           970.30 |       970.30 |      1018.90 |                  5.00 |                    5.00 |    301 |    21.8459 |
|        1 |        154 |           970.30 |       970.30 |      1018.90 |                  5.00 |                    5.00 |    301 |    21.9161 |
|        1 |        155 |           970.30 |       970.30 |      1018.90 |                  5.00 |                    5.00 |    301 |    22.0331 |
|        1 |        156 |           970.30 |       970.30 |      1018.90 |                  5.00 |                    5.00 |    301 |    22.1014 |
|        1 |        157 |           970.30 |       970.30 |      1018.90 |                  5.00 |                    5.00 |    301 |    22.1753 |
|        1 |        158 |           970.30 |       970.30 |      1025.90 |                  5.00 |                    5.00 |    302 |    22.3158 |
|        1 |        159 |           970.30 |       970.30 |      1019.40 |                  5.00 |                    5.00 |    302 |    22.4640 |
|        1 |        160 |           970.30 |       970.30 |      1016.80 |                  5.00 |                    5.00 |    304 |    22.5368 |
|        1 |        161 |           970.30 |       970.30 |      1025.10 |                  5.00 |                    5.00 |    305 |    22.5985 |
|        1 |        162 |           970.30 |       970.30 |      1018.80 |                  5.00 |                    5.00 |    305 |    22.7221 |
|        1 |        163 |           970.30 |       970.30 |      1018.80 |                  5.00 |                    5.00 |    305 |    22.7827 |
|        1 |        164 |           970.30 |       970.30 |      1018.70 |                  5.00 |                    5.00 |    305 |    22.8603 |
|        1 |        165 |           970.30 |       970.30 |      1019.40 |                  5.00 |                    5.79 |    306 |    22.9196 |
|        1 |        166 |           970.30 |       970.30 |      1020.40 |                  5.00 |                    5.00 |    306 |    23.0266 |
|        1 |        167 |           970.30 |       970.30 |      1020.40 |                  5.00 |                    5.69 |    306 |    23.0731 |
|        1 |        168 |           970.30 |       970.30 |      1020.60 |                  5.00 |                    5.00 |    308 |    23.2088 |
|        1 |        169 |           970.30 |       970.30 |      1020.60 |                  5.00 |                    5.00 |    308 |    23.2576 |
|        1 |        170 |           970.30 |       970.30 |      1028.90 |                  5.00 |                    5.00 |    308 |    23.3035 |
|        1 |        171 |           970.30 |       970.30 |      1019.90 |                  5.00 |                    5.00 |    308 |    23.3734 |
|        1 |        172 |           970.30 |       970.30 |      1011.00 |                  5.00 |                    5.26 |    308 |    23.4333 |
|        1 |        173 |           970.30 |       970.30 |      1011.00 |                  5.00 |                    6.14 |    308 |    23.4840 |
|        1 |        174 |           970.30 |       970.30 |      1016.20 |                  5.00 |                    5.00 |    308 |    23.5478 |
|        1 |        175 |           970.30 |       970.30 |      1017.50 |                  5.00 |                    5.00 |    308 |    23.5925 |
|        1 |        176 |           970.30 |       970.30 |      1016.10 |                  5.00 |                    5.80 |    308 |    23.6476 |
|        1 |        177 |           970.30 |       970.30 |      1016.20 |                  5.00 |                    7.12 |    308 |    23.7128 |
|        1 |        178 |           970.30 |       970.30 |      1016.70 |                  5.00 |                    7.85 |    309 |    23.7631 |
|        1 |        179 |           970.30 |       970.30 |      1016.10 |                  5.00 |                    8.70 |    309 |    23.8683 |
|        1 |        180 |           970.30 |       970.30 |      1016.10 |                  5.00 |                    8.59 |    309 |    23.9239 |
|        1 |        181 |           970.30 |       970.30 |      1025.60 |                  5.00 |                    5.67 |    310 |    24.0104 |
|        1 |        182 |           970.30 |       970.30 |      1024.80 |                  5.00 |                    6.57 |    311 |    24.0568 |
|        1 |        183 |           970.30 |       970.30 |      1033.70 |                  5.00 |                    5.00 |    312 |    24.1736 |
|        1 |        184 |           970.30 |       970.30 |      1023.00 |                  5.00 |                    5.00 |    312 |    24.2677 |
|        1 |        185 |           970.30 |       970.30 |      1021.40 |                  5.00 |                    5.00 |    312 |    24.3307 |
|        1 |        186 |           970.30 |       970.30 |      1022.10 |                  5.00 |                    5.00 |    312 |    24.3679 |
|        1 |        187 |           970.30 |       970.30 |      1021.40 |                  5.00 |                    5.00 |    312 |    24.4257 |
|        1 |        188 |           970.30 |       970.30 |      1013.80 |                  5.00 |                    5.35 |    312 |    24.5083 |
|        1 |        189 |           970.30 |       970.30 |      1015.00 |                  5.00 |                    5.00 |    313 |    24.6066 |
|        1 |        190 |           970.30 |       970.30 |      1011.10 |                  5.00 |                    5.00 |    315 |    24.7974 |
|        1 |        191 |           970.30 |       970.30 |      1005.30 |                  5.00 |                    5.00 |    315 |    24.9284 |
|        1 |        192 |           970.30 |       970.30 |      1005.30 |                  5.00 |                    5.00 |    315 |    24.9709 |
|        1 |        193 |           970.30 |       970.30 |      1014.20 |                  5.00 |                    5.00 |    316 |    25.1505 |
|        1 |        194 |           970.30 |       970.30 |      1010.80 |                  5.00 |                    5.00 |    317 |    25.2624 |
|        1 |        195 |           970.30 |       970.30 |      1020.70 |                  5.00 |                    5.00 |    318 |    25.3108 |
|        1 |        196 |           970.30 |       970.30 |      1016.80 |                  5.00 |                    5.51 |    318 |    25.4109 |
|        1 |        197 |           970.30 |       970.30 |      1006.90 |                  5.00 |                    6.38 |    318 |    25.4797 |
|        1 |        198 |           970.30 |       970.30 |      1015.80 |                  5.00 |                    5.00 |    318 |    25.6004 |
|        1 |        199 |           970.30 |       970.30 |      1015.80 |                  5.00 |                    5.00 |    318 |    25.7004 |
|        1 |        200 |           970.30 |       970.30 |      1015.80 |                  5.00 |                    5.00 |    318 |    25.7897 |
|        1 |        201 |           970.30 |       970.30 |      1015.80 |                  5.00 |                    5.00 |    318 |    25.9008 |
|        1 |        202 |           970.30 |       970.30 |      1015.60 |                  5.00 |                    5.00 |    318 |    25.9881 |
|        1 |        203 |           970.30 |       970.30 |      1015.60 |                  5.00 |                    5.00 |    318 |    26.0611 |
|        1 |        204 |           970.30 |       970.30 |      1015.60 |                  5.00 |                    5.00 |    318 |    26.1126 |
|        1 |        205 |           970.30 |       970.30 |      1015.60 |                  5.00 |                    5.00 |    318 |    26.1873 |
|        1 |        206 |           970.30 |       970.30 |      1015.60 |                  5.00 |                    5.00 |    318 |    26.2450 |
|        1 |        207 |           970.30 |       970.30 |      1015.60 |                  5.00 |                    5.00 |    318 |    26.3065 |
|        1 |        208 |           970.30 |       970.30 |      1004.90 |                  5.00 |                    6.57 |    319 |    26.4523 |
|        1 |        209 |           970.30 |       970.30 |      1034.70 |                  5.00 |                    6.61 |    319 |    26.5182 |
|        1 |        210 |           970.30 |       970.30 |      1034.70 |                  5.00 |                    5.00 |    319 |    26.5977 |
|        1 |        211 |           970.30 |       970.30 |      1015.40 |                  5.00 |                    5.00 |    319 |    26.7133 |
|        1 |        212 |           970.30 |       970.30 |      1015.40 |                  5.00 |                    5.00 |    319 |    26.7823 |
|        1 |        213 |           970.30 |       970.30 |      1015.50 |                  5.00 |                    5.00 |    320 |    26.8456 |
|        1 |        214 |           970.30 |       970.30 |      1015.50 |                  5.00 |                    5.00 |    320 |    26.9035 |
|        1 |        215 |           970.30 |       970.30 |      1015.50 |                  5.00 |                    5.00 |    320 |    26.9532 |
|        1 |        216 |           970.30 |       970.30 |      1019.50 |                  5.00 |                    5.00 |    320 |    27.0214 |
|        1 |        217 |           970.30 |       970.30 |      1019.70 |                  5.00 |                    5.00 |    320 |    27.0825 |
|        1 |        218 |           970.30 |       970.30 |      1019.70 |                  5.00 |                    5.00 |    320 |    27.1253 |
|        1 |        219 |           970.30 |       970.30 |      1011.00 |                  5.00 |                    5.26 |    320 |    27.2327 |
|        1 |        220 |           970.30 |       970.30 |      1077.90 |                  5.00 |                    5.00 |    324 |    27.3044 |
|        1 |        221 |           970.30 |       970.30 |      1057.60 |                  5.00 |                    5.00 |    327 |    27.3816 |
|        1 |        222 |           970.30 |       970.30 |      1053.10 |                  5.00 |                    5.00 |    330 |    27.4617 |
|        1 |        223 |           970.30 |       970.30 |      1053.10 |                  5.00 |                    5.00 |    330 |    27.4947 |
|        1 |        224 |           970.30 |       970.30 |      1067.30 |                  5.00 |                    5.00 |    333 |    27.5657 |
|        1 |        225 |           970.30 |       970.30 |      1042.10 |                  5.00 |                    5.00 |    335 |    27.7274 |
|        1 |        226 |           970.30 |       970.30 |      1041.00 |                  5.00 |                    5.00 |    338 |    27.8477 |
|        1 |        227 |           970.30 |       970.30 |      1041.20 |                  5.00 |                    5.00 |    338 |    27.9078 |
|        1 |        228 |           970.30 |       970.30 |      1041.20 |                  5.00 |                    5.00 |    338 |    27.9662 |
|        1 |        229 |           970.30 |       970.30 |      1041.20 |                  5.00 |                    5.00 |    338 |    28.0059 |
|        1 |        230 |           970.30 |       970.30 |      1063.60 |                  5.00 |                    5.00 |    340 |    28.1011 |
|        1 |        231 |           970.30 |       970.30 |      1061.50 |                  5.00 |                    5.00 |    343 |    28.1708 |
|        1 |        232 |           970.30 |       970.30 |      1060.80 |                  5.00 |                    5.00 |    343 |    28.2477 |
|        1 |        233 |           970.30 |       970.30 |      1052.60 |                  5.00 |                    5.00 |    343 |    28.3310 |
|        1 |        234 |           970.30 |       970.30 |      1042.10 |                  5.00 |                    5.00 |    347 |    28.4527 |
|        1 |        235 |           970.30 |       970.30 |      1042.10 |                  5.00 |                    5.00 |    347 |    28.5348 |
|        1 |        236 |           970.30 |       970.30 |      1042.10 |                  5.00 |                    5.00 |    347 |    28.5878 |
|        1 |        237 |           970.30 |       970.30 |      1088.80 |                  5.00 |                    5.00 |    348 |    28.6828 |
|        1 |        238 |           970.30 |       970.30 |      1088.80 |                  5.00 |                    5.00 |    348 |    28.7672 |
|        1 |        239 |           970.30 |       970.30 |      1086.80 |                  5.00 |                    5.00 |    350 |    28.9643 |
|        1 |        240 |           970.30 |       970.30 |      1086.80 |                  5.00 |                    5.00 |    350 |    29.0612 |
|        1 |        241 |           970.30 |       970.30 |      1086.80 |                  5.00 |                    5.00 |    350 |    29.1715 |
|        1 |        242 |           970.30 |       970.30 |      1043.70 |                  5.00 |                    5.00 |    354 |    29.4502 |
|        1 |        243 |           970.30 |       970.30 |      1034.90 |                  5.00 |                    5.00 |    357 |    29.5413 |
|        1 |        244 |           970.30 |       970.30 |      1037.80 |                  5.00 |                    5.00 |    359 |    29.6177 |
|        1 |        245 |           970.30 |       970.30 |      1037.70 |                  5.00 |                    5.00 |    359 |    29.7355 |
|        1 |        246 |           970.30 |       970.30 |      1029.70 |                  5.00 |                    5.00 |    360 |    29.8415 |
|        1 |        247 |           970.30 |       970.30 |      1024.90 |                  5.00 |                    5.00 |    361 |    29.9563 |
|        1 |        248 |           970.30 |       970.30 |      1050.90 |                  5.00 |                    5.00 |    361 |    30.0462 |
|        1 |        249 |           970.30 |       970.30 |      1048.80 |                  5.00 |                    5.00 |    362 |    30.1496 |
|        1 |        250 |           970.30 |       970.30 |      1048.80 |                  5.00 |                    5.00 |    362 |    30.2071 |
|        1 |        251 |           970.30 |       970.30 |      1048.80 |                  5.00 |                    5.00 |    362 |    30.2855 |
|        1 |        252 |           970.30 |       970.30 |      1048.80 |                  5.00 |                    5.00 |    362 |    30.3809 |
|        1 |        253 |           970.30 |       970.30 |      1054.00 |                  5.00 |                    5.00 |    362 |    30.4556 |
|        1 |        254 |           970.30 |       970.30 |      1032.60 |                  5.00 |                    5.00 |    363 |    30.6107 |
|        1 |        255 |           970.30 |       970.30 |      1032.60 |                  5.00 |                    5.00 |    363 |    30.7293 |
|        1 |        256 |           970.30 |       970.30 |      1032.60 |                  5.00 |                    5.00 |    363 |    30.8301 |
|        1 |        257 |           970.30 |       970.30 |      1032.60 |                  5.00 |                    5.00 |    363 |    30.9115 |
|        1 |        258 |           970.30 |       970.30 |      1032.60 |                  5.00 |                    5.00 |    363 |    30.9843 |
|        1 |        259 |           970.30 |       970.30 |      1014.60 |                  5.00 |                    5.00 |    365 |    31.1026 |
|        1 |        260 |           970.30 |       970.30 |      1014.60 |                  5.00 |                    6.67 |    365 |    31.1849 |
|        1 |        261 |           970.30 |       970.30 |      1014.60 |                  5.00 |                    5.00 |    365 |    31.2605 |
|        1 |        262 |           970.30 |       970.30 |      1027.20 |                  5.00 |                    5.00 |    369 |    31.3657 |
|        1 |        263 |           970.30 |       970.30 |      1014.60 |                  5.00 |                    5.00 |    369 |    31.4603 |
|        1 |        264 |           970.30 |       970.30 |      1014.60 |                  5.00 |                    5.00 |    369 |    31.5409 |
|        1 |        265 |           970.30 |       970.30 |      1014.60 |                  5.00 |                    5.00 |    369 |    31.5872 |
|        1 |        266 |           970.30 |       970.30 |      1014.60 |                  5.00 |                    5.00 |    370 |    31.6491 |
|        1 |        267 |           970.30 |       970.30 |      1014.60 |                  5.00 |                    5.00 |    370 |    31.6994 |
|        1 |        268 |           970.30 |       970.30 |      1013.20 |                  5.00 |                    5.00 |    373 |    31.7932 |
|        1 |        269 |           970.30 |       970.30 |      1019.50 |                  5.00 |                    5.00 |    374 |    31.8539 |
|        1 |        270 |           970.30 |       970.30 |      1019.50 |                  5.00 |                    5.00 |    374 |    31.9125 |
|        1 |        271 |           970.30 |       970.30 |      1018.00 |                  5.00 |                    5.00 |    374 |    31.9698 |
|        1 |        272 |           970.30 |       970.30 |      1014.70 |                  5.00 |                    5.00 |    374 |    32.0724 |
|        1 |        273 |           970.30 |       970.30 |      1014.70 |                  5.00 |                    5.00 |    374 |    32.1190 |
|        1 |        274 |           970.30 |       970.30 |      1016.30 |                  5.00 |                    5.00 |    375 |    32.1676 |
|        1 |        275 |           970.30 |       970.30 |      1014.40 |                  5.00 |                    5.00 |    375 |    32.2427 |
|        1 |        276 |           970.30 |       970.30 |      1013.20 |                  5.00 |                    5.00 |    375 |    32.3427 |
|        1 |        277 |           970.30 |       970.30 |      1013.60 |                  5.00 |                    5.00 |    376 |    32.4065 |
|        1 |        278 |           970.30 |       970.30 |      1013.60 |                  5.00 |                    5.00 |    376 |    32.4719 |
|        1 |        279 |           970.30 |       970.30 |      1013.60 |                  5.00 |                    5.00 |    376 |    32.5286 |
|        1 |        280 |           970.30 |       970.30 |      1013.20 |                  5.00 |                    5.00 |    376 |    32.5742 |
|        1 |        281 |           970.30 |       970.30 |      1023.30 |                  5.00 |                    5.00 |    380 |    32.6661 |
|        1 |        282 |           970.30 |       970.30 |      1023.30 |                  5.00 |                    5.00 |    380 |    32.7134 |
|        1 |        283 |           970.30 |       970.30 |      1013.20 |                  5.00 |                    5.00 |    380 |    32.7832 |
|        1 |        284 |           970.30 |       970.30 |      1013.20 |                  5.00 |                    5.00 |    380 |    32.8421 |
|        1 |        285 |           970.30 |       970.30 |      1013.20 |                  5.00 |                    5.00 |    380 |    32.8860 |
|        1 |        286 |           970.30 |       970.30 |      1046.80 |                  5.00 |                    5.00 |    383 |    32.9382 |
|        1 |        287 |           970.30 |       970.30 |      1020.80 |                  5.00 |                    5.00 |    384 |    33.0268 |
|        1 |        288 |           970.30 |       970.30 |      1018.50 |                  5.00 |                    5.00 |    384 |    33.0956 |
|        1 |        289 |           970.30 |       970.30 |      1018.50 |                  5.00 |                    5.00 |    384 |    33.1526 |
|        1 |        290 |           970.30 |       970.30 |      1020.20 |                  5.00 |                    5.00 |    386 |    33.2213 |
|        1 |        291 |           970.30 |       970.30 |      1024.20 |                  5.00 |                    5.00 |    386 |    33.2737 |
|        1 |        292 |           970.30 |       970.30 |      1022.30 |                  5.00 |                    5.00 |    386 |    33.3390 |
|        1 |        293 |           970.30 |       970.30 |      1022.30 |                  5.00 |                    5.00 |    386 |    33.3985 |
|        1 |        294 |           970.30 |       970.30 |      1026.20 |                  5.00 |                    5.00 |    388 |    33.4536 |
|        1 |        295 |           970.30 |       970.30 |      1023.90 |                  5.00 |                    5.00 |    389 |    33.5115 |
|        1 |        296 |           970.30 |       970.30 |      1017.90 |                  5.00 |                    5.00 |    390 |    33.5906 |
|        1 |        297 |           970.30 |       970.30 |      1017.50 |                  5.00 |                    5.00 |    390 |    33.6413 |
|        1 |        298 |           970.30 |       970.30 |      1021.00 |                  5.00 |                    5.00 |    390 |    33.7707 |
|        1 |        299 |           970.30 |       970.30 |      1021.00 |                  5.00 |                    5.00 |    390 |    33.8167 |
|        1 |        300 |           970.30 |       970.30 |      1021.00 |                  5.00 |                    5.00 |    390 |    33.8732 |
|        1 |        301 |           970.30 |       970.30 |      1021.00 |                  5.00 |                    5.00 |    390 |    33.9350 |
|        1 |        302 |           970.30 |       970.30 |      1021.00 |                  5.00 |                    5.00 |    390 |    33.9800 |
|        1 |        303 |           970.30 |       970.30 |      1021.00 |                  5.00 |                    5.00 |    390 |    34.0507 |
|        1 |        304 |           970.30 |       970.30 |      1018.80 |                  5.00 |                    5.00 |    390 |    34.1097 |
|        1 |        305 |           970.30 |       970.30 |      1015.30 |                  5.00 |                    5.00 |    390 |    34.1733 |
|        1 |        306 |           970.30 |       970.30 |      1015.30 |                  5.00 |                    5.00 |    390 |    34.2247 |
|        1 |        307 |           970.30 |       970.30 |      1015.30 |                  5.00 |                    5.00 |    390 |    34.2642 |
|        1 |        308 |           970.30 |       970.30 |      1015.30 |                  5.00 |                    5.00 |    390 |    34.3317 |
|        1 |        309 |           970.30 |       970.30 |      1015.30 |                  5.00 |                    5.26 |    390 |    34.4096 |
|        1 |        310 |           970.30 |       970.30 |      1029.70 |                  5.00 |                    5.00 |    391 |    34.4586 |
|        1 |        311 |           970.30 |       970.30 |      1013.20 |                  5.00 |                    5.00 |    391 |    34.5115 |
|        1 |        312 |           970.30 |       970.30 |      1013.20 |                  5.00 |                    5.00 |    391 |    34.5634 |
|        1 |        313 |           970.30 |       970.30 |      1013.50 |                  5.00 |                    5.00 |    393 |    34.6746 |
|        1 |        314 |           970.30 |       970.30 |      1013.50 |                  5.00 |                    5.00 |    393 |    34.7314 |
|        1 |        315 |           970.30 |       970.30 |      1013.50 |                  5.00 |                    5.00 |    393 |    34.7851 |
|        1 |        316 |           970.30 |       970.30 |      1013.50 |                  5.00 |                    5.00 |    393 |    34.8382 |
|        1 |        317 |           970.30 |       970.30 |      1013.50 |                  5.00 |                    5.00 |    393 |    34.8830 |
|        1 |        318 |           970.30 |       970.30 |      1013.50 |                  5.00 |                    5.00 |    393 |    34.9383 |
|        1 |        319 |           970.30 |       970.30 |      1013.50 |                  5.00 |                    5.00 |    393 |    34.9890 |
|        1 |        320 |           970.30 |       970.30 |      1013.50 |                  5.00 |                    5.00 |    393 |    35.0313 |
|        1 |        321 |           970.30 |       970.30 |      1013.50 |                  5.00 |                    5.00 |    393 |    35.0914 |
|        1 |        322 |           970.30 |       970.30 |      1019.10 |                  5.00 |                    5.00 |    393 |    35.1400 |
|        1 |        323 |           970.30 |       970.30 |      1019.60 |                  5.00 |                    5.00 |    395 |    35.2262 |
|        1 |        324 |           970.30 |       970.30 |      1041.31 |                  5.00 |                    5.78 |    397 |    35.3049 |
|        1 |        325 |           970.30 |       970.30 |      1041.33 |                  5.00 |                    7.18 |    397 |    35.3621 |
|        1 |        326 |           970.30 |       970.30 |      1052.43 |                  5.00 |                    9.17 |    401 |    35.4444 |
|        1 |        327 |           970.30 |       970.30 |      1036.80 |                  5.00 |                   13.34 |    404 |    35.5213 |
|        1 |        328 |           970.30 |       970.30 |      1051.40 |                  5.00 |                    9.18 |    406 |    35.6027 |
|        1 |        329 |           970.30 |       970.30 |      1050.68 |                  5.00 |                    7.25 |    406 |    35.7026 |
|        1 |        330 |           970.30 |       970.30 |      1050.60 |                  5.00 |                    8.55 |    406 |    35.7818 |
|        1 |        331 |           970.30 |       970.30 |      1050.69 |                  5.00 |                   12.18 |    406 |    35.8776 |
|        1 |        332 |           970.30 |       970.30 |      1074.78 |                  5.00 |                   10.04 |    411 |    35.9377 |
|        1 |        333 |           970.30 |       970.30 |      1055.61 |                  5.00 |                    7.85 |    413 |    36.0340 |
|        1 |        334 |           970.30 |       970.30 |      1042.57 |                  5.00 |                    7.89 |    415 |    36.1129 |
|        1 |        335 |           970.30 |       970.30 |      1019.20 |                  5.00 |                    5.00 |    417 |    36.1957 |
|        1 |        336 |           970.30 |       970.30 |      1019.20 |                  5.00 |                    5.00 |    417 |    36.2595 |
|        1 |        337 |           970.30 |       970.30 |      1019.20 |                  5.00 |                    5.00 |    417 |    36.3214 |
|        1 |        338 |           970.30 |       970.30 |      1024.80 |                  5.00 |                    5.00 |    418 |    36.3834 |
|        1 |        339 |           970.30 |       970.30 |      1024.80 |                  5.00 |                    5.00 |    419 |    36.4199 |
|        1 |        340 |           970.30 |       970.30 |      1024.80 |                  5.00 |                    5.00 |    419 |    36.4705 |
|        1 |        341 |           970.30 |       970.30 |      1024.80 |                  5.00 |                    5.00 |    419 |    36.5176 |
|        1 |        342 |           970.30 |       970.30 |      1061.60 |                  5.00 |                    5.00 |    421 |    36.5604 |
|        1 |        343 |           970.30 |       970.30 |      1037.90 |                  5.00 |                    5.00 |    424 |    36.6612 |
|        1 |        344 |           970.30 |       970.30 |      1037.20 |                  5.00 |                    5.00 |    426 |    36.7654 |
|        1 |        345 |           970.30 |       970.30 |      1039.10 |                  5.00 |                    5.00 |    426 |    36.8091 |
|        1 |        346 |           970.30 |       970.30 |      1039.10 |                  5.00 |                    5.00 |    426 |    36.8516 |
|        1 |        347 |           970.30 |       970.30 |      1031.00 |                  5.00 |                    5.00 |    427 |    36.9267 |
|        1 |        348 |           970.30 |       970.30 |      1031.00 |                  5.00 |                    5.00 |    427 |    36.9880 |
|        1 |        349 |           970.30 |       970.30 |      1031.00 |                  5.00 |                    5.00 |    427 |    37.0329 |
|        1 |        350 |           970.30 |       970.30 |      1042.80 |                  5.00 |                    5.00 |    430 |    37.0801 |
|        1 |        351 |           970.30 |       970.30 |      1042.80 |                  5.00 |                    5.00 |    430 |    37.1028 |
|        1 |        352 |           970.30 |       970.30 |      1046.10 |                  5.00 |                    5.00 |    430 |    37.1487 |
|        1 |        353 |           970.30 |       970.30 |      1046.10 |                  5.00 |                    5.00 |    430 |    37.1966 |
|        1 |        354 |           970.30 |       970.30 |      1049.60 |                  5.00 |                    5.00 |    436 |    37.3005 |
|        1 |        355 |           970.30 |       970.30 |      1101.30 |                  5.00 |                    5.00 |    438 |    37.3423 |
|        1 |        356 |           970.30 |       970.30 |      1071.80 |                  5.00 |                    5.00 |    443 |    37.5110 |
|        1 |        357 |           970.30 |       970.30 |      1057.30 |                  5.00 |                    5.00 |    443 |    37.5910 |
|        1 |        358 |           970.30 |       970.30 |      1052.40 |                  5.00 |                    5.00 |    445 |    37.6709 |
|        1 |        359 |           970.30 |       970.30 |      1046.30 |                  5.00 |                    5.00 |    446 |    37.7224 |
|        1 |        360 |           970.30 |       970.30 |      1046.30 |                  5.00 |                    5.00 |    447 |    37.7769 |
|        1 |        361 |           970.30 |       970.30 |      1042.20 |                  5.00 |                    5.00 |    449 |    37.8547 |
|        1 |        362 |           970.30 |       970.30 |      1049.10 |                  5.00 |                    5.00 |    451 |    37.9074 |
|        1 |        363 |           970.30 |       970.30 |      1048.26 |                  5.00 |                    9.08 |    453 |    38.0465 |
|        1 |        364 |           970.30 |       970.30 |      1050.70 |                  5.00 |                    5.32 |    456 |    38.1609 |
|        1 |        365 |           970.30 |       970.30 |      1053.02 |                  5.00 |                    9.75 |    458 |    38.2369 |
|        1 |        366 |           970.30 |       970.30 |      1054.10 |                  5.00 |                   10.00 |    458 |    38.3116 |
|        1 |        367 |           970.30 |       970.30 |      1058.54 |                  5.00 |                   13.85 |    461 |    38.3824 |
|        1 |        368 |           970.30 |       970.30 |      1060.48 |                  5.00 |                   13.53 |    462 |    38.4508 |
|        1 |        369 |           970.30 |       970.30 |      1040.80 |                  5.00 |                    9.30 |    466 |    38.5904 |
|        1 |        370 |           970.30 |       970.30 |      1023.30 |                  5.00 |                    5.00 |    466 |    38.7589 |
|        1 |        371 |           970.30 |       970.30 |      1028.70 |                  5.00 |                    5.00 |    467 |    38.9031 |
|        1 |        372 |           970.30 |       970.30 |      1028.70 |                  5.00 |                    5.00 |    467 |    38.9544 |
|        1 |        373 |           970.30 |       970.30 |      1028.70 |                  5.00 |                    5.00 |    467 |    39.0033 |
|        1 |        374 |           970.30 |       970.30 |      1023.30 |                  5.00 |                    5.00 |    467 |    39.0653 |
|        1 |        375 |           970.30 |       970.30 |      1023.30 |                  5.00 |                    5.00 |    467 |    39.1084 |
|        1 |        376 |           970.30 |       970.30 |      1023.30 |                  5.00 |                    5.00 |    467 |    39.1586 |
|        1 |        377 |           970.30 |       970.30 |      1029.30 |                  5.00 |                    5.00 |    468 |    39.2153 |
|        1 |        378 |           970.30 |       970.30 |      1023.00 |                  5.00 |                    5.00 |    468 |    39.3836 |
|        1 |        379 |           970.30 |       970.30 |      1022.90 |                  5.00 |                    5.00 |    468 |    39.4465 |
|        1 |        380 |           970.30 |       970.30 |      1022.90 |                  5.00 |                    5.00 |    468 |    39.5005 |
|        1 |        381 |           970.30 |       970.30 |      1023.00 |                  5.00 |                    5.00 |    468 |    39.5463 |
|        1 |        382 |           970.30 |       970.30 |      1022.90 |                  5.00 |                    5.00 |    468 |    39.6052 |
|        1 |        383 |           970.30 |       970.30 |      1052.50 |                  5.00 |                    5.00 |    471 |    39.6505 |
|        1 |        384 |           970.30 |       970.30 |      1028.70 |                  5.00 |                    5.00 |    472 |    39.7204 |
|        1 |        385 |           970.30 |       970.30 |      1028.40 |                  5.00 |                    5.00 |    472 |    39.8677 |
|        1 |        386 |           970.30 |       970.30 |      1023.70 |                  5.00 |                    5.00 |    472 |    39.9308 |
------------------------------------------------------------------------------------------------------------------------------------------------
|  Restart |  Iteration |  Best Feas. Cost |    Best Cost |   Curr. Cost |   Penalty Custom Res. |   Penalty Standard Res. |   Pool |   Time (s) |
------------------------------------------------------------------------------------------------------------------------------------------------
|        1 |        387 |           970.30 |       970.30 |      1023.70 |                  5.00 |                    5.00 |    472 |    40.0152 |
|        1 |        388 |           970.30 |       970.30 |      1022.90 |                  5.00 |                    5.00 |    472 |    40.0714 |
|        1 |        389 |           970.30 |       970.30 |      1021.30 |                  5.00 |                    5.00 |    472 |    40.2071 |
|        1 |        390 |           970.30 |       970.30 |      1013.10 |                  5.00 |                    6.41 |    475 |    40.2995 |
|        1 |        391 |           970.30 |       970.30 |      1011.50 |                  5.00 |                    5.00 |    476 |    40.3860 |
|        1 |        392 |           970.30 |       970.30 |      1012.20 |                  5.00 |                    5.00 |    477 |    40.4399 |
|        1 |        393 |           970.30 |       970.30 |      1019.80 |                  5.00 |                    5.00 |    477 |    40.4994 |
|        1 |        394 |           970.30 |       970.30 |      1014.20 |                  5.00 |                    5.00 |    477 |    40.5929 |
|        1 |        395 |           970.30 |       970.30 |      1014.20 |                  5.00 |                    5.00 |    477 |    40.6417 |
|        1 |        396 |           970.30 |       970.30 |      1011.20 |                  5.00 |                    5.00 |    477 |    40.7404 |
|        1 |        397 |           970.30 |       970.30 |      1011.30 |                  5.00 |                    5.00 |    477 |    40.8041 |
|        1 |        398 |           970.30 |       970.30 |      1011.30 |                  5.00 |                    5.00 |    477 |    40.8452 |
|        1 |        399 |           970.30 |       970.30 |      1011.20 |                  5.00 |                    5.00 |    477 |    40.9275 |
|        1 |        400 |           970.30 |       970.30 |      1011.00 |                  5.00 |                    5.00 |    478 |    40.9857 |
|        1 |        401 |           970.30 |       970.30 |      1011.10 |                  5.00 |                    5.00 |    478 |    41.0340 |
|        1 |        402 |           970.30 |       970.30 |      1011.00 |                  5.00 |                    5.00 |    478 |    41.0735 |
|        1 |        403 |           970.30 |       970.30 |      1054.40 |                  5.00 |                    5.00 |    480 |    41.1236 |
|        1 |        404 |           970.30 |       970.30 |      1049.30 |                  5.00 |                    5.00 |    483 |    41.2344 |
|        1 |        405 |           970.30 |       970.30 |      1049.70 |                  5.00 |                    5.00 |    483 |    41.2918 |
|        1 |        406 |           970.30 |       970.30 |      1074.50 |                  5.00 |                    5.00 |    486 |    41.3433 |
|        1 |        407 |           970.30 |       970.30 |      1064.00 |                  5.00 |                    5.00 |    487 |    41.3926 |
|        1 |        408 |           970.30 |       970.30 |      1064.00 |                  5.00 |                    5.31 |    487 |    41.4394 |
|        1 |        409 |           970.30 |       970.30 |      1067.30 |                  5.00 |                    5.00 |    489 |    41.4876 |
|        1 |        410 |           970.30 |       970.30 |      1038.50 |                  5.00 |                    5.00 |    494 |    41.5592 |
|        1 |        411 |           970.30 |       970.30 |      1073.90 |                  5.00 |                    5.00 |    497 |    41.6956 |
|        1 |        412 |           970.30 |       970.30 |      1044.50 |                  5.00 |                    5.00 |    502 |    41.8246 |
|        1 |        413 |           970.30 |       970.30 |      1045.70 |                  5.00 |                    5.00 |    506 |    41.8912 |
|        1 |        414 |           970.30 |       970.30 |      1026.30 |                  5.00 |                    5.00 |    509 |    41.9760 |
|        1 |        415 |           970.30 |       970.30 |      1020.60 |                  5.00 |                    5.00 |    509 |    42.0330 |
|        1 |        416 |           970.30 |       970.30 |      1026.30 |                  5.00 |                    5.00 |    509 |    42.0773 |
|        1 |        417 |           970.30 |       970.30 |      1050.70 |                  5.00 |                    8.47 |    513 |    42.1291 |
|        1 |        418 |           970.30 |       970.30 |      1064.60 |                  5.00 |                    5.00 |    517 |    42.2203 |
|        1 |        419 |           970.30 |       970.30 |      1040.20 |                  5.00 |                    5.00 |    519 |    42.2830 |
|        1 |        420 |           970.30 |       970.30 |      1025.20 |                  5.00 |                    5.00 |    520 |    42.3361 |
|        1 |        421 |           970.30 |       970.30 |      1025.20 |                  5.00 |                    5.00 |    520 |    42.3688 |
|        1 |        422 |           970.30 |       970.30 |      1025.20 |                  5.00 |                    5.00 |    520 |    42.4134 |
|        1 |        423 |           970.30 |       970.30 |      1025.20 |                  5.00 |                    5.00 |    520 |    42.4668 |
|        1 |        424 |           970.30 |       970.30 |      1025.20 |                  5.00 |                    5.00 |    520 |    42.5046 |
|        1 |        425 |           970.30 |       970.30 |      1025.20 |                  5.00 |                    5.00 |    520 |    42.5658 |
|        1 |        426 |           970.30 |       970.30 |      1025.20 |                  5.00 |                    5.00 |    520 |    42.6012 |
|        1 |        427 |           970.30 |       970.30 |      1018.50 |                  5.00 |                    5.00 |    520 |    42.6370 |
|        1 |        428 |           970.30 |       970.30 |      1020.50 |                  5.00 |                    6.87 |    521 |    42.6890 |
|        1 |        429 |           970.30 |       970.30 |      1018.90 |                  5.00 |                    5.00 |    521 |    42.7282 |
|        1 |        430 |           970.30 |       970.30 |      1010.50 |                  5.00 |                    5.00 |    521 |    42.8002 |
|        1 |        431 |           970.30 |       970.30 |      1011.20 |                  5.00 |                    5.00 |    522 |    42.8386 |
|        1 |        432 |           970.30 |       970.30 |      1009.10 |                  5.00 |                    5.00 |    523 |    42.8882 |
|        1 |        433 |           970.30 |       970.30 |      1009.00 |                  5.00 |                    5.00 |    524 |    42.9417 |
|        1 |        434 |           970.30 |       970.30 |      1009.00 |                  5.00 |                    5.00 |    524 |    42.9755 |
|        1 |        435 |           970.30 |       970.30 |      1008.80 |                  5.00 |                    5.00 |    525 |    43.0459 |
|        1 |        436 |           970.30 |       970.30 |      1004.90 |                  5.00 |                    5.00 |    526 |    43.1175 |
|        1 |        437 |           970.30 |       970.30 |      1004.90 |                  5.00 |                    5.00 |    526 |    43.1585 |
|        1 |        438 |           970.30 |       970.30 |      1004.20 |                  5.00 |                    5.00 |    526 |    43.2191 |
|        1 |        439 |           970.30 |       970.30 |      1004.20 |                  5.00 |                    5.00 |    526 |    43.2519 |
|        1 |        440 |           970.30 |       970.30 |      1004.20 |                  5.00 |                    5.00 |    526 |    43.2923 |
|        1 |        441 |           970.30 |       970.30 |      1005.00 |                  5.00 |                    7.52 |    527 |    43.3377 |
|        1 |        442 |           970.30 |       970.30 |      1005.00 |                  5.00 |                    5.00 |    527 |    43.3732 |
|        1 |        443 |           970.30 |       970.30 |      1005.00 |                  5.00 |                    5.00 |    527 |    43.4241 |
|        1 |        444 |           970.30 |       970.30 |      1010.70 |                  5.00 |                    5.00 |    528 |    43.4673 |
|        1 |        445 |           970.30 |       970.30 |      1004.20 |                  5.00 |                    5.00 |    531 |    43.5468 |
|        1 |        446 |           970.30 |       970.30 |      1002.80 |                  5.00 |                    5.00 |    531 |    43.6055 |
|        1 |        447 |           970.30 |       970.30 |      1002.80 |                  5.00 |                    5.00 |    531 |    43.6619 |
|        1 |        448 |           970.30 |       970.30 |      1002.80 |                  5.00 |                    5.00 |    531 |    43.7163 |
|        1 |        449 |           970.30 |       970.30 |      1002.60 |                  5.00 |                    5.00 |    531 |    43.7552 |
|        1 |        450 |           970.30 |       970.30 |      1002.60 |                  5.00 |                    5.00 |    531 |    43.7975 |
|        1 |        451 |           970.30 |       970.30 |      1002.60 |                  5.00 |                    5.00 |    531 |    43.8422 |
|        1 |        452 |           970.30 |       970.30 |      1008.30 |                  5.00 |                    5.00 |    531 |    43.9137 |
|        1 |        453 |           970.30 |       970.30 |       999.40 |                  5.00 |                    5.00 |    534 |    43.9827 |
|        1 |        454 |           970.30 |       970.30 |       999.40 |                  5.00 |                    5.00 |    534 |    44.0386 |
|        1 |        455 |           970.30 |       970.30 |       999.40 |                  5.00 |                    5.00 |    534 |    44.0773 |
|        1 |        456 |           970.30 |       970.30 |      1025.10 |                  5.00 |                    5.00 |    537 |    44.1200 |
|        1 |        457 |           970.30 |       970.30 |      1022.60 |                  5.00 |                    5.00 |    538 |    44.1737 |
|        1 |        458 |           970.30 |       970.30 |      1020.30 |                  5.00 |                    5.00 |    539 |    44.2272 |
|        1 |        459 |           970.30 |       970.30 |      1015.00 |                  5.00 |                    5.00 |    540 |    44.3013 |
|        1 |        460 |           970.30 |       970.30 |      1015.00 |                  5.00 |                    5.00 |    540 |    44.3403 |
|        1 |        461 |           970.30 |       970.30 |      1015.00 |                  5.00 |                    6.59 |    541 |    44.4600 |
|        1 |        462 |           970.30 |       970.30 |      1015.00 |                  5.00 |                    5.00 |    541 |    44.5086 |
|        1 |        463 |           970.30 |       970.30 |      1013.20 |                  5.00 |                    5.00 |    542 |    44.5785 |
|        1 |        464 |           970.30 |       970.30 |      1012.30 |                  5.00 |                    5.00 |    542 |    44.6380 |
|        1 |        465 |           970.30 |       970.30 |      1017.90 |                  5.00 |                    5.00 |    543 |    44.6933 |
|        1 |        466 |           970.30 |       970.30 |      1017.90 |                  5.00 |                    5.00 |    543 |    44.7448 |
|        1 |        467 |           970.30 |       970.30 |      1017.70 |                  5.00 |                    5.00 |    543 |    44.7909 |
|        1 |        468 |           970.30 |       970.30 |      1034.70 |                  5.00 |                    5.00 |    545 |    44.8434 |
|        1 |        469 |           970.30 |       970.30 |      1034.70 |                  5.00 |                    5.00 |    545 |    44.8947 |
|        1 |        470 |           970.30 |       970.30 |      1035.00 |                  5.00 |                    5.00 |    546 |    44.9561 |
|        1 |        471 |           970.30 |       970.30 |      1035.00 |                  5.00 |                    5.00 |    546 |    45.0119 |
|        1 |        472 |           970.30 |       970.30 |      1034.70 |                  5.00 |                    5.00 |    546 |    45.0533 |
|        1 |        473 |           970.30 |       970.30 |      1034.70 |                  5.00 |                    5.00 |    546 |    45.1157 |
|        1 |        474 |           970.30 |       970.30 |      1034.70 |                  5.00 |                    5.00 |    546 |    45.1652 |
|        1 |        475 |           970.30 |       970.30 |      1034.70 |                  5.00 |                    5.00 |    546 |    45.2026 |
|        1 |        476 |           970.30 |       970.30 |      1035.90 |                  5.00 |                    5.69 |    547 |    45.2619 |
|        1 |        477 |           970.30 |       970.30 |      1035.90 |                  5.00 |                    5.00 |    547 |    45.3234 |
|        1 |        478 |           970.30 |       970.30 |      1035.90 |                  5.00 |                    5.00 |    547 |    45.3779 |
|        1 |        479 |           970.30 |       970.30 |      1034.50 |                  5.00 |                    5.00 |    547 |    45.4644 |
|        1 |        480 |           970.30 |       970.30 |      1034.20 |                  5.00 |                    5.00 |    548 |    45.5945 |
|        1 |        481 |           970.30 |       970.30 |      1034.50 |                  5.00 |                    5.00 |    549 |    45.6439 |
|        1 |        482 |           970.30 |       970.30 |      1048.10 |                  5.00 |                    5.00 |    553 |    45.6956 |
|        1 |        483 |           970.30 |       970.30 |      1055.00 |                  5.00 |                    5.00 |    555 |    45.7863 |
|        1 |        484 |           970.30 |       970.30 |      1055.00 |                  5.00 |                    5.00 |    555 |    45.8465 |
|        1 |        485 |           970.30 |       970.30 |      1055.00 |                  5.00 |                    5.00 |    555 |    45.8811 |
|        1 |        486 |           970.30 |       970.30 |      1055.00 |                  5.00 |                    5.00 |    555 |    45.9346 |
|        1 |        487 |           970.30 |       970.30 |      1055.00 |                  5.00 |                    5.00 |    555 |    45.9914 |
|        1 |        488 |           970.30 |       970.30 |      1055.20 |                  5.00 |                    5.00 |    557 |    46.0522 |
|        1 |        489 |           970.30 |       970.30 |      1046.90 |                  5.00 |                    5.00 |    558 |    46.1068 |
|        1 |        490 |           970.30 |       970.30 |      1049.20 |                  5.00 |                    5.00 |    559 |    46.1539 |
|        1 |        491 |           970.30 |       970.30 |      1049.70 |                  5.00 |                    5.00 |    560 |    46.1998 |
|        1 |        492 |           970.30 |       970.30 |      1049.70 |                  5.00 |                    5.00 |    560 |    46.2702 |
|        1 |        493 |           970.30 |       970.30 |      1049.70 |                  5.00 |                    5.00 |    560 |    46.3141 |
|        1 |        494 |           970.30 |       970.30 |      1049.70 |                  5.00 |                    5.58 |    560 |    46.3689 |
|        1 |        495 |           970.30 |       970.30 |      1049.70 |                  5.00 |                    7.66 |    560 |    46.4309 |
|        1 |        496 |           970.30 |       970.30 |      1049.70 |                  5.00 |                    5.00 |    560 |    46.4746 |
|        1 |        497 |           970.30 |       970.30 |      1050.00 |                  5.00 |                    5.00 |    562 |    46.5280 |
|        1 |        498 |           970.30 |       970.30 |      1050.00 |                  5.00 |                    5.00 |    562 |    46.5758 |
|        1 |        499 |           970.30 |       970.30 |      1055.70 |                  5.00 |                    5.00 |    562 |    46.6354 |
|        1 |        500 |           970.30 |       970.30 |      1038.20 |                  5.00 |                    5.00 |    562 |    46.7034 |
------------------------------------------------------------------------------------------------------------------------------------------------
Version identifier: 22.1.2.0 | 2024-11-26 | 0edbb82fd
CPXPARAM_MIP_Tolerances_UpperCutoff              970.39999999998349
Tried aggregator 1 time.
MIP Presolve eliminated 27 rows and 147 columns.
MIP Presolve modified 134 coefficients.
Reduced MIP has 74 rows, 415 columns, and 4124 nonzeros.
Reduced MIP has 415 binaries, 0 generals, 0 SOSs, and 0 indicators.
Presolve time = 0.00 sec. (3.94 ticks)
Probing fixed 2 vars, tightened 0 bounds.
Probing time = 0.00 sec. (5.70 ticks)
Tried aggregator 1 time.
Detecting symmetries...
MIP Presolve eliminated 0 rows and 4 columns.
Reduced MIP has 74 rows, 411 columns, and 4092 nonzeros.
Reduced MIP has 411 binaries, 0 generals, 0 SOSs, and 0 indicators.
Presolve time = 0.00 sec. (2.81 ticks)
Probing time = 0.00 sec. (2.42 ticks)
Clique table members: 566.
MIP emphasis: balance optimality and feasibility.
MIP search method: dynamic search.
Parallel mode: deterministic, using up to 8 threads.
Root relaxation solution time = 0.00 sec. (1.94 ticks)

        Nodes                                         Cuts/
   Node  Left     Objective  IInf  Best Integer    Best Bound    ItCnt     Gap

*     0     0      integral     0      967.3000      967.3000      109    0.00%
Elapsed time = 0.02 sec. (20.98 ticks, tree = 0.00 MB, solutions = 1)
objective_value(sp) = 967.2999999999998
 50.586239 seconds (6.89 M allocations: 344.520 MiB, 0.18% gc time, 9.21% compilation time)
#1: 0 (0.0) {72.0} -> 88 (19.0) {100.0} [100.0, 539.0] -> 78 (46.0) {195.0} [195.0, 654.0] -> 73 (51.0) {255.0} [255.0, 436.0] -> 79 (81.0) {273.9} [258.0, 565.0] -> 7 (101.0) {295.3} [281.0, 438.0] -> 6 (121.0) {308.3} [249.0, 646.0] -> 2 (151.0) {322.3} [73.0, 350.0] -> 8 (161.0) {340.9} [272.0, 581.0] -> 5 (181.0) {357.9} [40.0, 390.0] -> 3 (191.0) {473.0} [473.0, 588.0] -> 1 (211.0) {591.0} [591.0, 874.0] -> 45 (221.0) {606.8} [37.0, 677.0] -> 46 (231.0) {619.6} [435.0, 662.0] -> 4 (271.0) {631.6} [418.0, 913.0] -> 100 (274.0) {658.6} [262.0, 930.0] -> 70 (297.0) {673.0} [211.0, 930.0] -> 68 (318.0) {693.2} [441.0, 902.0] -> 0 (318.0) {713.2} [0.0, 960.0]
#2: 0 (0.0) {72.0} -> 69 (27.0) {81.2} [9.0, 532.0] -> 98 (36.0) {109.0} [109.0, 354.0] -> 53 (41.0) {284.0} [284.0, 585.0] -> 12 (61.0) {307.0} [166.0, 399.0] -> 14 (71.0) {320.0} [35.0, 457.0] -> 47 (81.0) {333.0} [38.0, 366.0] -> 17 (101.0) {359.0} [359.0, 909.0] -> 16 (121.0) {374.0} [214.0, 415.0] -> 15 (141.0) {386.0} [39.0, 538.0] -> 11 (181.0) {402.0} [33.0, 510.0] -> 9 (201.0) {417.3} [236.0, 625.0] -> 87 (214.0) {438.4} [365.0, 472.0] -> 59 (233.0) {452.8} [42.0, 466.0] -> 97 (268.0) {546.0} [546.0, 667.0] -> 13 (278.0) {573.0} [359.0, 911.0] -> 10 (308.0) {590.0} [470.0, 687.0] -> 60 (325.0) {620.6} [613.0, 894.0] -> 55 (341.0) {645.6} [421.0, 896.0] -> 0 (341.0) {669.7} [0.0, 960.0]
#3: 0 (0.0) {70.0} -> 61 (9.0) {230.0} [230.0, 405.0] -> 72 (17.0) {258.0} [27.0, 382.0] -> 71 (31.0) {278.1} [201.0, 400.0] -> 93 (34.0) {298.0} [298.0, 928.0] -> 94 (57.0) {385.0} [385.0, 518.0] -> 81 (67.0) {407.8} [369.0, 460.0] -> 42 (77.0) {440.6} [33.0, 624.0] -> 44 (87.0) {452.6} [62.0, 491.0] -> 40 (117.0) {468.4} [233.0, 544.0] -> 39 (127.0) {483.4} [36.0, 800.0] -> 38 (157.0) {495.4} [131.0, 544.0] -> 37 (167.0) {530.0} [530.0, 703.0] -> 35 (187.0) {543.6} [396.0, 905.0] -> 36 (227.0) {555.6} [43.0, 712.0] -> 43 (247.0) {575.6} [549.0, 718.0] -> 41 (267.0) {596.0} [207.0, 664.0] -> 54 (283.0) {621.2} [568.0, 753.0] -> 96 (309.0) {637.2} [538.0, 705.0] -> 0 (309.0) {662.7} [0.0, 960.0]
#4: 0 (0.0) {69.0} -> 65 (16.0) {80.1} [11.0, 570.0] -> 83 (30.0) {99.3} [19.0, 326.0] -> 64 (47.0) {117.3} [20.0, 497.0] -> 84 (65.0) {304.0} [304.0, 605.0] -> 85 (67.0) {322.4} [318.0, 489.0] -> 63 (73.0) {336.0} [39.0, 353.0] -> 76 (104.0) {355.4} [162.0, 493.0] -> 51 (123.0) {374.8} [281.0, 490.0] -> 49 (133.0) {423.0} [423.0, 576.0] -> 18 (153.0) {440.2} [338.0, 451.0] -> 48 (163.0) {636.0} [636.0, 904.0] -> 20 (173.0) {656.0} [511.0, 682.0] -> 24 (183.0) {670.0} [598.0, 883.0] -> 66 (199.0) {702.2} [423.0, 828.0] -> 0 (199.0) {725.2} [0.0, 960.0]
#5: 0 (0.0) {73.0} -> 82 (9.0) {87.7} [85.0, 338.0] -> 99 (24.0) {170.0} [170.0, 565.0] -> 52 (27.0) {185.0} [109.0, 360.0] -> 22 (67.0) {263.0} [263.0, 606.0] -> 19 (107.0) {278.3} [205.0, 422.0] -> 21 (117.0) {293.6} [158.0, 391.0] -> 23 (147.0) {305.6} [45.0, 522.0] -> 25 (167.0) {348.0} [348.0, 904.0] -> 77 (174.0) {370.1} [360.0, 900.0] -> 75 (190.0) {398.2} [183.0, 400.0] -> 58 (210.0) {419.3} [380.0, 902.0] -> 74 (218.0) {440.4} [427.0, 913.0] -> 86 (246.0) {454.5} [332.0, 485.0] -> 57 (269.0) {473.5} [347.0, 566.0] -> 90 (275.0) {506.5} [324.0, 513.0] -> 0 (275.0) {520.7} [0.0, 960.0]
#6: 0 (0.0) {72.0} -> 92 (14.0) {86.7} [14.0, 669.0] -> 95 (20.0) {103.4} [20.0, 299.0] -> 67 (29.0) {122.8} [112.0, 543.0] -> 62 (32.0) {139.8} [29.0, 587.0] -> 33 (42.0) {172.1} [51.0, 673.0] -> 30 (52.0) {187.9} [114.0, 497.0] -> 31 (72.0) {202.9} [102.0, 347.0] -> 29 (82.0) {214.9} [131.0, 376.0] -> 27 (102.0) {229.9} [57.0, 664.0] -> 28 (112.0) {245.7} [68.0, 349.0] -> 26 (142.0) {509.0} [509.0, 668.0] -> 32 (152.0) {564.0} [564.0, 797.0] -> 34 (182.0) {579.3} [462.0, 631.0] -> 50 (212.0) {602.3} [471.0, 662.0] -> 89 (237.0) {642.7} [565.0, 897.0] -> 56 (256.0) {687.1} [404.0, 829.0] -> 91 (269.0) {704.1} [651.0, 906.0] -> 80 (282.0) {719.4} [426.0, 942.0] -> 0 (282.0) {737.0} [0.0, 960.0]

Dist: 967.2999999999998. Cost: 967.2999999999998

Root node processing (before b&c):
  Real time             =    0.02 sec. (20.99 ticks)
Parallel b&c, 8 threads:
  Real time             =    0.00 sec. (0.00 ticks)
  Sync time (average)   =    0.00 sec.
  Wait time (average)   =    0.00 sec.
                          ------------
Total (root+branch&cut) =    0.02 sec. (20.99 ticks)
