Solving instance /mnt/c/Users/bruno.mattos/OneDrive - americanas s.a/Documentos/GitHub/GenericILS/TWRD/100/RC208_100_025.vrptwrd...
------------------------------------------------------------------------------------------------------------------------------------------------
|  Restart |  Iteration |  Best Feas. Cost |    Best Cost |   Curr. Cost |   Penalty Custom Res. |   Penalty Standard Res. |   Pool |   Time (s) |
------------------------------------------------------------------------------------------------------------------------------------------------
|        1 |          1 |           862.20 |       862.20 |       862.20 |                  5.00 |                    5.00 |      7 |     0.2525 |
|        1 |          2 |           862.20 |       862.20 |       864.30 |                  5.00 |                    5.00 |      8 |     0.8032 |
|        1 |          0 |           862.00 |       862.00 |       862.00 |                  5.00 |                    5.00 |     11 |     0.8630 |
|        1 |          1 |           862.00 |       862.00 |       866.60 |                  5.00 |                    5.00 |     14 |     0.9020 |
|        1 |          2 |           862.00 |       862.00 |       864.90 |                  5.00 |                    5.00 |     17 |     0.9779 |
|        1 |          0 |           861.90 |       861.90 |       861.90 |                  5.00 |                    5.00 |     20 |     1.0654 |
|        1 |          0 |           857.70 |       857.70 |       857.70 |                  5.00 |                    5.00 |     20 |     1.1192 |
|        1 |          0 |           851.80 |       851.80 |       851.80 |                  5.00 |                    5.10 |     24 |     1.2174 |
|        1 |          1 |           851.80 |       851.80 |       851.80 |                  5.00 |                    5.00 |     24 |     1.2647 |
|        1 |          2 |           851.80 |       851.80 |       853.70 |                  5.00 |                    5.00 |     27 |     1.3397 |
|        1 |          3 |           851.80 |       851.80 |       855.10 |                  5.00 |                    5.00 |     27 |     1.3893 |
|        1 |          4 |           851.80 |       851.80 |       859.10 |                  5.00 |                    5.00 |     29 |     1.4660 |
|        1 |          5 |           851.80 |       851.80 |       853.10 |                  5.00 |                    5.00 |     29 |     1.5258 |
|        1 |          6 |           851.80 |       851.80 |       852.80 |                  5.00 |                    5.00 |     29 |     1.5802 |
|        1 |          0 |           849.50 |       849.50 |       849.50 |                  5.00 |                    5.00 |     31 |     1.6329 |
|        1 |          0 |           846.70 |       846.70 |       846.70 |                  5.00 |                    5.00 |     32 |     1.6925 |
|        1 |          1 |           846.70 |       846.70 |       846.70 |                  5.00 |                    5.00 |     32 |     1.7342 |
|        1 |          0 |           816.50 |       816.50 |       816.50 |                  5.00 |                    5.00 |     34 |     1.8192 |
|        1 |          0 |           812.80 |       812.80 |       812.80 |                  5.00 |                    5.00 |     36 |     1.8696 |
|        1 |          1 |           812.80 |       812.80 |       812.80 |                  5.00 |                    5.00 |     36 |     1.9341 |
|        1 |          2 |           812.80 |       812.80 |       820.00 |                  5.00 |                    5.00 |     36 |     1.9734 |
|        1 |          3 |           812.80 |       812.80 |       820.00 |                  5.00 |                    5.00 |     36 |     2.0058 |
|        1 |          4 |           812.80 |       812.80 |       820.00 |                  5.00 |                    5.00 |     36 |     2.0383 |
|        1 |          5 |           812.80 |       812.80 |       820.00 |                  5.00 |                    5.00 |     36 |     2.0743 |
|        1 |          6 |           812.80 |       812.80 |       820.00 |                  5.00 |                    5.00 |     36 |     2.1053 |
|        1 |          7 |           812.80 |       812.80 |       819.50 |                  5.00 |                    5.00 |     38 |     2.1409 |
|        1 |          8 |           812.80 |       812.80 |       818.10 |                  5.00 |                    5.00 |     42 |     2.2071 |
|        1 |          9 |           812.80 |       812.80 |       816.80 |                  5.00 |                    5.00 |     45 |     2.2651 |
|        1 |         10 |           812.80 |       812.80 |       816.80 |                  5.00 |                    5.00 |     45 |     2.3176 |
|        1 |         11 |           812.80 |       812.80 |       816.80 |                  5.00 |                    5.00 |     45 |     2.3505 |
|        1 |         12 |           812.80 |       812.80 |       816.80 |                  5.00 |                    5.00 |     48 |     2.4017 |
|        1 |         13 |           812.80 |       812.80 |       816.80 |                  5.00 |                    5.00 |     48 |     2.4557 |
|        1 |         14 |           812.80 |       812.80 |       816.80 |                  5.00 |                    5.00 |     48 |     2.5011 |
|        1 |          0 |           804.10 |       804.10 |       804.10 |                  5.00 |                    5.00 |     51 |     2.6450 |
|        1 |          1 |           804.10 |       804.10 |       818.90 |                  5.00 |                    5.00 |     52 |     2.6901 |
|        1 |          2 |           804.10 |       804.10 |       818.90 |                  5.00 |                    5.00 |     52 |     2.7273 |
|        1 |          3 |           804.10 |       804.10 |       809.60 |                  5.00 |                    5.00 |     52 |     2.7875 |
|        1 |          4 |           804.10 |       804.10 |       809.60 |                  5.00 |                    5.00 |     52 |     2.8449 |
|        1 |          5 |           804.10 |       804.10 |       814.70 |                  5.00 |                    5.00 |     53 |     2.9978 |
|        1 |          6 |           804.10 |       804.10 |       814.70 |                  5.00 |                    5.00 |     53 |     3.0388 |
|        1 |          7 |           804.10 |       804.10 |       814.70 |                  5.00 |                    5.00 |     53 |     3.0677 |
|        1 |          8 |           804.10 |       804.10 |       814.70 |                  5.00 |                    5.00 |     53 |     3.1225 |
|        1 |          9 |           804.10 |       804.10 |       837.30 |                  5.00 |                    5.00 |     55 |     3.2119 |
|        1 |         10 |           804.10 |       804.10 |       837.30 |                  5.00 |                    5.00 |     55 |     3.2491 |
|        1 |         11 |           804.10 |       804.10 |       808.80 |                  5.00 |                    5.00 |     55 |     3.3005 |
|        1 |         12 |           804.10 |       804.10 |       808.80 |                  5.00 |                    5.00 |     55 |     3.3480 |
|        1 |         13 |           804.10 |       804.10 |       808.80 |                  5.00 |                    5.00 |     55 |     3.4079 |
|        1 |         14 |           804.10 |       804.10 |       808.80 |                  5.00 |                    5.00 |     55 |     3.4461 |
|        1 |         15 |           804.10 |       804.10 |       838.30 |                  5.00 |                    5.00 |     58 |     3.4912 |
|        1 |         16 |           804.10 |       804.10 |       838.30 |                  5.00 |                    5.00 |     58 |     3.5354 |
|        1 |         17 |           804.10 |       804.10 |       812.80 |                  5.00 |                    5.00 |     59 |     3.6058 |
|        1 |         18 |           804.10 |       804.10 |       806.00 |                  5.00 |                    5.00 |     61 |     3.6925 |
|        1 |         19 |           804.10 |       804.10 |       806.00 |                  5.00 |                    5.00 |     61 |     3.7350 |
|        1 |         20 |           804.10 |       804.10 |       806.00 |                  5.00 |                    5.00 |     61 |     3.7727 |
|        1 |         21 |           804.10 |       804.10 |       806.00 |                  5.00 |                    5.00 |     61 |     3.8124 |
|        1 |         22 |           804.10 |       804.10 |       806.00 |                  5.00 |                    5.00 |     61 |     3.8557 |
|        1 |         23 |           804.10 |       804.10 |       806.00 |                  5.00 |                    5.00 |     61 |     3.9005 |
|        1 |         24 |           804.10 |       804.10 |       806.00 |                  5.00 |                    5.00 |     61 |     3.9440 |
|        1 |         25 |           804.10 |       804.10 |       806.00 |                  5.00 |                    5.00 |     61 |     3.9732 |
|        1 |         26 |           804.10 |       804.10 |       806.00 |                  5.00 |                    5.00 |     61 |     4.0189 |
|        1 |         27 |           804.10 |       804.10 |       806.00 |                  5.00 |                    5.00 |     61 |     4.0704 |
|        1 |         28 |           804.10 |       804.10 |       806.00 |                  5.00 |                    5.00 |     61 |     4.1141 |
|        1 |         29 |           804.10 |       804.10 |       806.00 |                  5.00 |                    5.00 |     61 |     4.1580 |
|        1 |         30 |           804.10 |       804.10 |       806.00 |                  5.00 |                    5.00 |     61 |     4.1975 |
|        1 |          0 |           794.40 |       794.40 |       794.40 |                  5.00 |                    5.00 |     63 |     4.2478 |
|        1 |          1 |           794.40 |       794.40 |       794.40 |                  5.00 |                    5.00 |     63 |     4.2800 |
|        1 |          2 |           794.40 |       794.40 |       794.40 |                  5.00 |                    5.00 |     63 |     4.3165 |
|        1 |          3 |           794.40 |       794.40 |       794.40 |                  5.00 |                    5.00 |     63 |     4.3623 |
|        1 |          4 |           794.40 |       794.40 |       829.60 |                  5.00 |                    5.00 |     65 |     4.3975 |
|        1 |          5 |           794.40 |       794.40 |       829.60 |                  5.00 |                    5.00 |     65 |     4.4298 |
|        1 |          6 |           794.40 |       794.40 |       829.60 |                  5.00 |                    5.00 |     65 |     4.4591 |
|        1 |          7 |           794.40 |       794.40 |       829.60 |                  5.00 |                    5.00 |     65 |     4.4962 |
|        1 |          8 |           794.40 |       794.40 |       829.60 |                  5.00 |                    5.00 |     65 |     4.5298 |
|        1 |          9 |           794.40 |       794.40 |       829.60 |                  5.00 |                    5.00 |     65 |     4.5670 |
|        1 |         10 |           794.40 |       794.40 |       828.40 |                  5.00 |                    5.00 |     66 |     4.6399 |
|        1 |         11 |           794.40 |       794.40 |       828.40 |                  5.00 |                    5.00 |     66 |     4.6933 |
|        1 |         12 |           794.40 |       794.40 |       828.40 |                  5.00 |                    5.00 |     66 |     4.7291 |
|        1 |         13 |           794.40 |       794.40 |       804.80 |                  5.00 |                    5.00 |     66 |     4.7993 |
|        1 |         14 |           794.40 |       794.40 |       804.80 |                  5.00 |                    5.00 |     66 |     4.8314 |
|        1 |         15 |           794.40 |       794.40 |       857.00 |                  5.00 |                    5.00 |     69 |     4.8918 |
|        1 |         16 |           794.40 |       794.40 |       838.90 |                  5.00 |                    5.00 |     72 |     4.9628 |
|        1 |         17 |           794.40 |       794.40 |       822.80 |                  5.00 |                    5.00 |     75 |     5.0420 |
|        1 |         18 |           794.40 |       794.40 |       837.70 |                  5.00 |                    5.00 |     76 |     5.0784 |
|        1 |         19 |           794.40 |       794.40 |       837.70 |                  5.00 |                    5.00 |     76 |     5.1158 |
|        1 |         20 |           794.40 |       794.40 |       837.70 |                  5.00 |                    5.00 |     76 |     5.1520 |
|        1 |         21 |           794.40 |       794.40 |       837.70 |                  5.00 |                    5.00 |     76 |     5.2102 |
|        1 |         22 |           794.40 |       794.40 |       837.70 |                  5.00 |                    5.00 |     78 |     5.2479 |
|        1 |         23 |           794.40 |       794.40 |       837.70 |                  5.00 |                    5.00 |     78 |     5.2873 |
|        1 |         24 |           794.40 |       794.40 |       837.70 |                  5.00 |                    5.00 |     78 |     5.3185 |
|        1 |         25 |           794.40 |       794.40 |       837.60 |                  5.00 |                    5.00 |     79 |     5.3781 |
|        1 |         26 |           794.40 |       794.40 |       837.60 |                  5.00 |                    5.00 |     79 |     5.4146 |
|        1 |         27 |           794.40 |       794.40 |       837.60 |                  5.00 |                    5.00 |     79 |     5.4604 |
|        1 |         28 |           794.40 |       794.40 |       837.60 |                  5.00 |                    5.00 |     79 |     5.5036 |
|        1 |         29 |           794.40 |       794.40 |       837.60 |                  5.00 |                    5.00 |     79 |     5.5502 |
|        1 |         30 |           794.40 |       794.40 |       837.60 |                  5.00 |                    5.00 |     79 |     5.5982 |
|        1 |         31 |           794.40 |       794.40 |       837.60 |                  5.00 |                    5.00 |     79 |     5.6378 |
|        1 |         32 |           794.40 |       794.40 |       822.80 |                  5.00 |                    5.00 |     80 |     5.7080 |
|        1 |         33 |           794.40 |       794.40 |       822.80 |                  5.00 |                    5.00 |     80 |     5.7466 |
|        1 |         34 |           794.40 |       794.40 |       837.70 |                  5.00 |                    5.00 |     81 |     5.7856 |
|        1 |         35 |           794.40 |       794.40 |       837.70 |                  5.00 |                    5.00 |     81 |     5.8098 |
|        1 |         36 |           794.40 |       794.40 |       822.80 |                  5.00 |                    5.00 |     81 |     5.8868 |
|        1 |         37 |           794.40 |       794.40 |       822.80 |                  5.00 |                    5.00 |     81 |     5.9463 |
|        1 |         38 |           794.40 |       794.40 |       822.80 |                  5.00 |                    5.00 |     81 |     5.9943 |
|        1 |         39 |           794.40 |       794.40 |       822.80 |                  5.00 |                    5.00 |     81 |     6.0272 |
|        1 |         40 |           794.40 |       794.40 |       830.70 |                  5.00 |                    5.00 |     83 |     6.0565 |
|        1 |         41 |           794.40 |       794.40 |       823.10 |                  5.00 |                    5.00 |     84 |     6.1173 |
|        1 |         42 |           794.40 |       794.40 |       823.10 |                  5.00 |                    5.00 |     84 |     6.1616 |
|        1 |         43 |           794.40 |       794.40 |       823.10 |                  5.00 |                    5.00 |     84 |     6.1904 |
|        1 |         44 |           794.40 |       794.40 |       823.10 |                  5.00 |                    5.00 |     84 |     6.2412 |
|        1 |         45 |           794.40 |       794.40 |       823.10 |                  5.00 |                    5.00 |     84 |     6.2922 |
|        1 |         46 |           794.40 |       794.40 |       823.10 |                  5.00 |                    5.00 |     84 |     6.3350 |
|        1 |         47 |           794.40 |       794.40 |       823.10 |                  5.00 |                    5.00 |     84 |     6.3665 |
|        1 |         48 |           794.40 |       794.40 |       823.10 |                  5.00 |                    5.00 |     84 |     6.4108 |
|        1 |         49 |           794.40 |       794.40 |       823.10 |                  5.00 |                    5.00 |     84 |     6.4363 |
|        1 |         50 |           794.40 |       794.40 |       823.10 |                  5.00 |                    5.00 |     84 |     6.4741 |
|        1 |         51 |           794.40 |       794.40 |       809.80 |                  5.00 |                    5.00 |     88 |     6.5254 |
|        1 |         52 |           794.40 |       794.40 |       809.80 |                  5.00 |                    5.00 |     88 |     6.5636 |
|        1 |         53 |           794.40 |       794.40 |       799.10 |                  5.00 |                    5.00 |     90 |     6.6608 |
|        1 |         54 |           794.40 |       794.40 |       799.10 |                  5.00 |                    5.00 |     90 |     6.7212 |
|        1 |         55 |           794.40 |       794.40 |       822.70 |                  5.00 |                    5.00 |     93 |     6.7780 |
|        1 |         56 |           794.40 |       794.40 |       813.90 |                  5.00 |                    5.00 |     96 |     6.8965 |
|        1 |         57 |           794.40 |       794.40 |       810.10 |                  5.00 |                    5.00 |     97 |     6.9529 |
|        1 |         58 |           794.40 |       794.40 |       806.60 |                  5.00 |                    5.00 |    100 |     7.0086 |
|        1 |         59 |           794.40 |       794.40 |       806.60 |                  5.00 |                    5.00 |    100 |     7.0528 |
|        1 |         60 |           794.40 |       794.40 |       814.90 |                  5.00 |                    5.00 |    104 |     7.1350 |
|        1 |         61 |           794.40 |       794.40 |       813.00 |                  5.00 |                    5.00 |    105 |     7.2202 |
|        1 |         62 |           794.40 |       794.40 |       813.00 |                  5.00 |                    5.00 |    105 |     7.2614 |
|        1 |         63 |           794.40 |       794.40 |       813.00 |                  5.00 |                    5.00 |    105 |     7.3116 |
|        1 |         64 |           794.40 |       794.40 |       815.60 |                  5.00 |                    5.00 |    106 |     7.3511 |
|        1 |         65 |           794.40 |       794.40 |       816.70 |                  5.00 |                    5.00 |    107 |     7.4001 |
|        1 |         66 |           794.40 |       794.40 |       816.70 |                  5.00 |                    5.00 |    107 |     7.4572 |
|        1 |         67 |           794.40 |       794.40 |       816.70 |                  5.00 |                    5.00 |    107 |     7.5062 |
|        1 |         68 |           794.40 |       794.40 |       815.60 |                  5.00 |                    5.00 |    107 |     7.5530 |
|        1 |         69 |           794.40 |       794.40 |       809.00 |                  5.00 |                    5.00 |    108 |     7.5889 |
|        1 |         70 |           794.40 |       794.40 |       809.00 |                  5.00 |                    5.00 |    109 |     7.6529 |
|        1 |         71 |           794.40 |       794.40 |       859.60 |                  5.00 |                    5.00 |    113 |     7.7312 |
|        1 |         72 |           794.40 |       794.40 |       859.60 |                  5.00 |                    5.00 |    113 |     7.7617 |
|        1 |         73 |           794.40 |       794.40 |       860.80 |                  5.00 |                    5.00 |    116 |     7.8061 |
|        1 |         74 |           794.40 |       794.40 |       860.80 |                  5.00 |                    5.00 |    116 |     7.8562 |
|        1 |         75 |           794.40 |       794.40 |       860.80 |                  5.00 |                    5.00 |    116 |     7.9077 |
|        1 |         76 |           794.40 |       794.40 |       856.30 |                  5.00 |                    5.00 |    120 |     7.9805 |
|        1 |         77 |           794.40 |       794.40 |       849.10 |                  5.00 |                    5.00 |    124 |     8.0470 |
|        1 |         78 |           794.40 |       794.40 |       830.50 |                  5.00 |                    5.00 |    127 |     8.1238 |
|        1 |         79 |           794.40 |       794.40 |       818.20 |                  5.00 |                    5.00 |    130 |     8.2426 |
|        1 |         80 |           794.40 |       794.40 |       818.20 |                  5.00 |                    5.00 |    130 |     8.2920 |
|        1 |         81 |           794.40 |       794.40 |       818.30 |                  5.00 |                    5.00 |    132 |     8.4367 |
|        1 |         82 |           794.40 |       794.40 |       815.70 |                  5.00 |                    5.00 |    136 |     8.5195 |
|        1 |         83 |           794.40 |       794.40 |       815.40 |                  5.00 |                    5.00 |    139 |     8.5949 |
|        1 |         84 |           794.40 |       794.40 |       815.40 |                  5.00 |                    5.00 |    139 |     8.6598 |
|        1 |         85 |           794.40 |       794.40 |       815.40 |                  5.00 |                    5.00 |    139 |     8.6992 |
|        1 |         86 |           794.40 |       794.40 |       815.40 |                  5.00 |                    5.00 |    139 |     8.7534 |
|        1 |         87 |           794.40 |       794.40 |       815.40 |                  5.00 |                    5.00 |    139 |     8.8081 |
|        1 |         88 |           794.40 |       794.40 |       815.40 |                  5.00 |                    5.00 |    139 |     8.8639 |
|        1 |         89 |           794.40 |       794.40 |       815.40 |                  5.00 |                    5.00 |    139 |     8.9025 |
|        1 |         90 |           794.40 |       794.40 |       815.40 |                  5.00 |                    5.00 |    139 |     8.9666 |
|        1 |         91 |           794.40 |       794.40 |       815.40 |                  5.00 |                    5.00 |    139 |     9.0152 |
|        1 |         92 |           794.40 |       794.40 |       815.40 |                  5.00 |                    5.00 |    139 |     9.0904 |
|        1 |         93 |           794.40 |       794.40 |       819.80 |                  5.00 |                    5.00 |    141 |     9.1231 |
|        1 |         94 |           794.40 |       794.40 |       844.90 |                  5.00 |                    5.00 |    145 |     9.2318 |
|        1 |         95 |           794.40 |       794.40 |       850.00 |                  5.00 |                    5.00 |    147 |     9.2909 |
|        1 |         96 |           794.40 |       794.40 |       850.00 |                  5.00 |                    5.00 |    147 |     9.3246 |
|        1 |         97 |           794.40 |       794.40 |       850.00 |                  5.00 |                    5.00 |    147 |     9.3856 |
|        1 |         98 |           794.40 |       794.40 |       850.00 |                  5.00 |                    5.00 |    147 |     9.4423 |
|        1 |         99 |           794.40 |       794.40 |       850.00 |                  5.00 |                    5.00 |    147 |     9.4903 |
|        1 |        100 |           794.40 |       794.40 |       843.90 |                  5.00 |                    5.00 |    150 |     9.6071 |
|        1 |        101 |           794.40 |       794.40 |       830.40 |                  5.00 |                    5.00 |    154 |     9.6502 |
|        1 |        102 |           794.40 |       794.40 |       830.40 |                  5.00 |                    5.00 |    154 |     9.6980 |
|        1 |        103 |           794.40 |       794.40 |       832.10 |                  5.00 |                    5.00 |    157 |     9.8092 |
|        1 |        104 |           794.40 |       794.40 |       827.50 |                  5.00 |                    5.00 |    159 |     9.8607 |
|        1 |        105 |           794.40 |       794.40 |       818.50 |                  5.00 |                    5.00 |    161 |     9.9297 |
|        1 |        106 |           794.40 |       794.40 |       854.40 |                  5.00 |                    5.00 |    167 |    10.0067 |
|        1 |        107 |           794.40 |       794.40 |       815.40 |                  5.00 |                    5.00 |    172 |    10.1073 |
|        1 |        108 |           794.40 |       794.40 |       811.80 |                  5.00 |                    5.00 |    174 |    10.1721 |
|        1 |        109 |           794.40 |       794.40 |       811.80 |                  5.00 |                    5.00 |    174 |    10.2748 |
|        1 |        110 |           794.40 |       794.40 |       811.80 |                  5.00 |                    5.00 |    174 |    10.3131 |
|        1 |        111 |           794.40 |       794.40 |       811.80 |                  5.00 |                    5.00 |    174 |    10.3735 |
|        1 |        112 |           794.40 |       794.40 |       804.10 |                  5.00 |                    5.00 |    175 |    10.4249 |
|        1 |        113 |           794.40 |       794.40 |       803.70 |                  5.00 |                    5.00 |    177 |    10.4900 |
|        1 |        114 |           794.40 |       794.40 |       803.60 |                  5.00 |                    5.00 |    177 |    10.5260 |
|        1 |        115 |           794.40 |       794.40 |       803.60 |                  5.00 |                    5.00 |    177 |    10.5523 |
|        1 |        116 |           794.40 |       794.40 |       803.60 |                  5.00 |                    5.00 |    177 |    10.6120 |
|        1 |        117 |           794.40 |       794.40 |       803.60 |                  5.00 |                    5.00 |    177 |    10.6528 |
|        1 |        118 |           794.40 |       794.40 |       803.60 |                  5.00 |                    5.00 |    177 |    10.7040 |
|        1 |        119 |           794.40 |       794.40 |       805.50 |                  5.00 |                    5.00 |    178 |    10.7385 |
|        1 |        120 |           794.40 |       794.40 |       802.60 |                  5.00 |                    5.00 |    179 |    10.7887 |
|        1 |        121 |           794.40 |       794.40 |       807.20 |                  5.00 |                    5.00 |    180 |    10.8232 |
|        1 |        122 |           794.40 |       794.40 |       809.10 |                  5.00 |                    5.00 |    181 |    10.9064 |
|        1 |        123 |           794.40 |       794.40 |       809.10 |                  5.00 |                    5.00 |    181 |    10.9292 |
|        1 |        124 |           794.40 |       794.40 |       809.10 |                  5.00 |                    5.00 |    181 |    10.9779 |
|        1 |        125 |           794.40 |       794.40 |       815.40 |                  5.00 |                    5.00 |    182 |    11.0265 |
|        1 |        126 |           794.40 |       794.40 |       808.80 |                  5.00 |                    5.00 |    183 |    11.0903 |
|        1 |        127 |           794.40 |       794.40 |       809.30 |                  5.00 |                    5.00 |    184 |    11.1436 |
|        1 |        128 |           794.40 |       794.40 |       809.30 |                  5.00 |                    5.00 |    184 |    11.1888 |
|        1 |        129 |           794.40 |       794.40 |       813.30 |                  5.00 |                    5.00 |    185 |    11.2721 |
|        1 |        130 |           794.40 |       794.40 |       809.30 |                  5.00 |                    5.00 |    185 |    11.3320 |
|        1 |        131 |           794.40 |       794.40 |       847.20 |                  5.00 |                    5.00 |    189 |    11.4045 |
|        1 |        132 |           794.40 |       794.40 |       840.80 |                  5.00 |                    5.00 |    190 |    11.4563 |
|        1 |        133 |           794.40 |       794.40 |       801.60 |                  5.00 |                    5.00 |    190 |    11.5523 |
|        1 |        134 |           794.40 |       794.40 |       801.30 |                  5.00 |                    5.00 |    190 |    11.6265 |
|        1 |        135 |           794.40 |       794.40 |       804.90 |                  5.00 |                    5.00 |    192 |    11.6802 |
|        1 |        136 |           794.40 |       794.40 |       804.90 |                  5.00 |                    5.00 |    192 |    11.7267 |
|        1 |        137 |           794.40 |       794.40 |       800.80 |                  5.00 |                    5.00 |    194 |    11.7881 |
|        1 |        138 |           794.40 |       794.40 |       800.80 |                  5.00 |                    5.00 |    194 |    11.8377 |
|        1 |        139 |           794.40 |       794.40 |       800.80 |                  5.00 |                    5.00 |    194 |    11.8818 |
|        1 |        140 |           794.40 |       794.40 |       798.60 |                  5.00 |                    5.00 |    196 |    11.9631 |
|        1 |        141 |           794.40 |       794.40 |       798.60 |                  5.00 |                    5.00 |    196 |    12.0128 |
|        1 |        142 |           794.40 |       794.40 |       797.20 |                  5.00 |                    5.00 |    196 |    12.0652 |
|        1 |        143 |           794.40 |       794.40 |       797.20 |                  5.00 |                    5.00 |    196 |    12.1254 |
|        1 |        144 |           794.40 |       794.40 |       820.40 |                  5.00 |                    5.00 |    199 |    12.1904 |
|        1 |        145 |           794.40 |       794.40 |       820.40 |                  5.00 |                    5.00 |    199 |    12.2460 |
|        1 |          0 |           791.10 |       791.10 |       791.10 |                  5.00 |                    5.00 |    201 |    12.3829 |
|        1 |          1 |           791.10 |       791.10 |       808.00 |                  5.00 |                    5.00 |    203 |    12.4277 |
|        1 |          2 |           791.10 |       791.10 |       808.00 |                  5.00 |                    5.00 |    203 |    12.4732 |
|        1 |          3 |           791.10 |       791.10 |       808.00 |                  5.00 |                    5.00 |    203 |    12.5329 |
|        1 |          4 |           791.10 |       791.10 |       814.70 |                  5.00 |                    5.00 |    204 |    12.5776 |
|        1 |          5 |           791.10 |       791.10 |       808.00 |                  5.00 |                    5.00 |    204 |    12.6653 |
|        1 |          6 |           791.10 |       791.10 |       808.00 |                  5.00 |                    5.00 |    204 |    12.7044 |
|        1 |          7 |           791.10 |       791.10 |       815.20 |                  5.00 |                    5.00 |    207 |    12.7510 |
|        1 |          8 |           791.10 |       791.10 |       811.80 |                  5.00 |                    5.00 |    208 |    12.7966 |
|        1 |          9 |           791.10 |       791.10 |       809.60 |                  5.00 |                    5.00 |    209 |    12.8707 |
|        1 |         10 |           791.10 |       791.10 |       793.30 |                  5.00 |                    5.00 |    210 |    12.9623 |
|        1 |         11 |           791.10 |       791.10 |       794.50 |                  5.00 |                    5.00 |    210 |    13.0048 |
|        1 |         12 |           791.10 |       791.10 |       794.50 |                  5.00 |                    5.00 |    210 |    13.0710 |
|        1 |         13 |           791.10 |       791.10 |       792.30 |                  5.00 |                    5.00 |    210 |    13.1236 |
|        1 |         14 |           791.10 |       791.10 |       806.90 |                  5.00 |                    5.00 |    211 |    13.1634 |
|        1 |         15 |           791.10 |       791.10 |       806.90 |                  5.00 |                    5.00 |    211 |    13.2059 |
|        1 |         16 |           791.10 |       791.10 |       815.70 |                  5.00 |                    5.00 |    213 |    13.2639 |
|        1 |         17 |           791.10 |       791.10 |       806.90 |                  5.00 |                    5.00 |    213 |    13.3223 |
|        1 |         18 |           791.10 |       791.10 |       806.90 |                  5.00 |                    5.00 |    213 |    13.3835 |
|        1 |         19 |           791.10 |       791.10 |       806.90 |                  5.00 |                    5.00 |    213 |    13.4296 |
|        1 |         20 |           791.10 |       791.10 |       806.90 |                  5.00 |                    5.00 |    213 |    13.4856 |
|        1 |         21 |           791.10 |       791.10 |       815.40 |                  5.00 |                    5.00 |    214 |    13.5278 |
|        1 |         22 |           791.10 |       791.10 |       815.40 |                  5.00 |                    5.00 |    214 |    13.5750 |
|        1 |         23 |           791.10 |       791.10 |       831.90 |                  5.00 |                    5.00 |    215 |    13.6290 |
|        1 |         24 |           791.10 |       791.10 |       832.20 |                  5.00 |                    5.00 |    215 |    13.6694 |
|        1 |         25 |           791.10 |       791.10 |       819.20 |                  5.00 |                    5.00 |    217 |    13.8028 |
|        1 |         26 |           791.10 |       791.10 |       819.20 |                  5.00 |                    5.00 |    217 |    13.8547 |
|        1 |         27 |           791.10 |       791.10 |       819.20 |                  5.00 |                    5.00 |    217 |    13.9014 |
|        1 |         28 |           791.10 |       791.10 |       816.00 |                  5.00 |                    5.00 |    221 |    13.9333 |
|        1 |         29 |           791.10 |       791.10 |       816.00 |                  5.00 |                    5.00 |    221 |    13.9630 |
|        1 |         30 |           791.10 |       791.10 |       816.00 |                  5.00 |                    5.00 |    221 |    14.0102 |
|        1 |         31 |           791.10 |       791.10 |       816.00 |                  5.00 |                    5.00 |    221 |    14.0538 |
|        1 |         32 |           791.10 |       791.10 |       814.50 |                  5.00 |                    5.00 |    223 |    14.1132 |
|        1 |         33 |           791.10 |       791.10 |       814.50 |                  5.00 |                    5.00 |    223 |    14.1576 |
|        1 |         34 |           791.10 |       791.10 |       862.80 |                  5.00 |                    5.00 |    227 |    14.2176 |
|        1 |         35 |           791.10 |       791.10 |       859.70 |                  5.00 |                    5.00 |    231 |    14.3016 |
|        1 |         36 |           791.10 |       791.10 |       859.70 |                  5.00 |                    5.00 |    231 |    14.4086 |
|        1 |         37 |           791.10 |       791.10 |       855.90 |                  5.00 |                    5.00 |    234 |    14.4588 |
|        1 |         38 |           791.10 |       791.10 |       843.00 |                  5.00 |                    5.00 |    236 |    14.5057 |
|        1 |         39 |           791.10 |       791.10 |       843.00 |                  5.00 |                    5.00 |    236 |    14.5630 |
|        1 |         40 |           791.10 |       791.10 |       843.00 |                  5.00 |                    5.00 |    236 |    14.5922 |
|        1 |         41 |           791.10 |       791.10 |       859.70 |                  5.00 |                    5.00 |    237 |    14.6778 |
|        1 |         42 |           791.10 |       791.10 |       831.50 |                  5.00 |                    5.00 |    240 |    14.7895 |
|        1 |         43 |           791.10 |       791.10 |       838.40 |                  5.00 |                    5.00 |    242 |    14.8512 |
|        1 |         44 |           791.10 |       791.10 |       868.10 |                  5.00 |                    5.00 |    246 |    14.9555 |
|        1 |         45 |           791.10 |       791.10 |       871.30 |                  5.00 |                    5.00 |    249 |    15.0251 |
|        1 |         46 |           791.10 |       791.10 |       868.90 |                  5.00 |                    5.00 |    249 |    15.1119 |
|        1 |         47 |           791.10 |       791.10 |       862.70 |                  5.00 |                    5.00 |    251 |    15.2266 |
|        1 |         48 |           791.10 |       791.10 |       872.10 |                  5.00 |                    5.00 |    253 |    15.3309 |
|        1 |         49 |           791.10 |       791.10 |       867.90 |                  5.00 |                    5.00 |    255 |    15.4054 |
|        1 |         50 |           791.10 |       791.10 |       849.60 |                  5.00 |                    5.00 |    255 |    15.4566 |
|        1 |         51 |           791.10 |       791.10 |       847.50 |                  5.00 |                    5.00 |    258 |    15.5316 |
|        1 |         52 |           791.10 |       791.10 |       844.70 |                  5.00 |                    5.00 |    259 |    15.5959 |
|        1 |         53 |           791.10 |       791.10 |       844.70 |                  5.00 |                    5.00 |    259 |    15.6588 |
|        1 |         54 |           791.10 |       791.10 |       812.80 |                  5.00 |                    5.00 |    262 |    15.8480 |
|        1 |         55 |           791.10 |       791.10 |       805.40 |                  5.00 |                    5.00 |    264 |    15.9135 |
|        1 |         56 |           791.10 |       791.10 |       802.20 |                  5.00 |                    5.00 |    265 |    15.9880 |
|        1 |         57 |           791.10 |       791.10 |       822.40 |                  5.00 |                    5.00 |    266 |    16.0344 |
|        1 |         58 |           791.10 |       791.10 |       822.40 |                  5.00 |                    5.00 |    267 |    16.0966 |
|        1 |         59 |           791.10 |       791.10 |       825.50 |                  5.00 |                    5.00 |    267 |    16.1560 |
|        1 |         60 |           791.10 |       791.10 |       822.30 |                  5.00 |                    5.00 |    267 |    16.2303 |
|        1 |         61 |           791.10 |       791.10 |       817.60 |                  5.00 |                    5.00 |    267 |    16.3125 |
|        1 |         62 |           791.10 |       791.10 |       817.60 |                  5.00 |                    7.08 |    267 |    16.3805 |
|        1 |         63 |           791.10 |       791.10 |       799.10 |                  5.00 |                    5.00 |    268 |    16.4841 |
|        1 |         64 |           791.10 |       791.10 |       799.10 |                  5.00 |                    5.00 |    268 |    16.5304 |
|        1 |         65 |           791.10 |       791.10 |       811.30 |                  5.00 |                    5.00 |    270 |    16.5845 |
|        1 |         66 |           791.10 |       791.10 |       811.30 |                  5.00 |                    5.00 |    270 |    16.6482 |
|        1 |         67 |           791.10 |       791.10 |       802.30 |                  5.00 |                    5.00 |    272 |    16.7208 |
|        1 |         68 |           791.10 |       791.10 |       799.10 |                  5.00 |                    5.00 |    272 |    16.8355 |
|        1 |         69 |           791.10 |       791.10 |       799.10 |                  5.00 |                    5.00 |    272 |    16.8805 |
|        1 |         70 |           791.10 |       791.10 |       797.70 |                  5.00 |                    5.00 |    273 |    17.0120 |
|        1 |         71 |           791.10 |       791.10 |       800.90 |                  5.00 |                    5.00 |    273 |    17.0655 |
|        1 |         72 |           791.10 |       791.10 |       800.90 |                  5.00 |                    5.00 |    273 |    17.0928 |
|        1 |         73 |           791.10 |       791.10 |       797.70 |                  5.00 |                    5.00 |    273 |    17.1410 |
|        1 |         74 |           791.10 |       791.10 |       797.70 |                  5.00 |                    5.00 |    273 |    17.1768 |
|        1 |         75 |           791.10 |       791.10 |       856.20 |                  5.00 |                    5.00 |    275 |    17.2311 |
|        1 |         76 |           791.10 |       791.10 |       805.30 |                  5.00 |                    5.00 |    275 |    17.3132 |
|        1 |         77 |           791.10 |       791.10 |       805.30 |                  5.00 |                    5.00 |    275 |    17.4162 |
|        1 |         78 |           791.10 |       791.10 |       805.30 |                  5.00 |                    5.00 |    275 |    17.4631 |
|        1 |         79 |           791.10 |       791.10 |       805.00 |                  5.00 |                    5.00 |    276 |    17.5539 |
|        1 |         80 |           791.10 |       791.10 |       805.00 |                  5.00 |                    5.00 |    276 |    17.6188 |
|        1 |         81 |           791.10 |       791.10 |       802.60 |                  5.00 |                    5.00 |    276 |    17.6658 |
|        1 |         82 |           791.10 |       791.10 |       802.60 |                  5.00 |                    5.00 |    276 |    17.7196 |
|        1 |         83 |           791.10 |       791.10 |       802.60 |                  5.00 |                    5.00 |    276 |    17.7748 |
|        1 |         84 |           791.10 |       791.10 |       802.60 |                  5.00 |                    5.00 |    276 |    17.8420 |
|        1 |         85 |           791.10 |       791.10 |       797.40 |                  5.00 |                    5.00 |    276 |    17.8994 |
|        1 |         86 |           791.10 |       791.10 |       800.60 |                  5.00 |                    5.00 |    276 |    17.9377 |
|        1 |         87 |           791.10 |       791.10 |       800.60 |                  5.00 |                    5.00 |    276 |    17.9792 |
|        1 |         88 |           791.10 |       791.10 |       811.70 |                  5.00 |                    5.00 |    277 |    18.0288 |
|        1 |         89 |           791.10 |       791.10 |       800.60 |                  5.00 |                    5.00 |    277 |    18.1266 |
|        1 |         90 |           791.10 |       791.10 |       797.40 |                  5.00 |                    5.00 |    277 |    18.2244 |
|        1 |         91 |           791.10 |       791.10 |       797.40 |                  5.00 |                    5.00 |    277 |    18.2681 |
|        1 |         92 |           791.10 |       791.10 |       818.80 |                  5.00 |                    5.00 |    281 |    18.4006 |
|        1 |         93 |           791.10 |       791.10 |       817.50 |                  5.00 |                    5.00 |    284 |    18.4931 |
|        1 |         94 |           791.10 |       791.10 |       848.40 |                  5.00 |                    5.00 |    287 |    18.5847 |
|        1 |         95 |           791.10 |       791.10 |       848.40 |                  5.00 |                    5.00 |    287 |    18.6283 |
|        1 |         96 |           791.10 |       791.10 |       836.90 |                  5.00 |                    5.00 |    288 |    18.7276 |
|        1 |         97 |           791.10 |       791.10 |       836.90 |                  5.00 |                    5.00 |    288 |    18.7732 |
|        1 |         98 |           791.10 |       791.10 |       826.40 |                  5.00 |                    5.00 |    288 |    18.9135 |
|        1 |         99 |           791.10 |       791.10 |       803.90 |                  5.00 |                    5.00 |    289 |    18.9877 |
|        1 |        100 |           791.10 |       791.10 |       803.90 |                  5.00 |                    5.00 |    289 |    19.0655 |
|        1 |        101 |           791.10 |       791.10 |       796.30 |                  5.00 |                    5.00 |    291 |    19.2059 |
|        1 |        102 |           791.10 |       791.10 |       822.70 |                  5.00 |                    5.00 |    292 |    19.2755 |
|        1 |        103 |           791.10 |       791.10 |       822.70 |                  5.00 |                    5.00 |    292 |    19.3260 |
|        1 |        104 |           791.10 |       791.10 |       822.70 |                  5.00 |                    5.00 |    292 |    19.4064 |
|        1 |        105 |           791.10 |       791.10 |       824.40 |                  5.00 |                    5.00 |    294 |    19.5498 |
|        1 |        106 |           791.10 |       791.10 |       827.20 |                  5.00 |                    5.00 |    296 |    19.6522 |
|        1 |        107 |           791.10 |       791.10 |       822.10 |                  5.00 |                    5.00 |    297 |    19.7574 |
|        1 |        108 |           791.10 |       791.10 |       830.10 |                  5.00 |                    5.00 |    298 |    19.8931 |
------------------------------------------------------------------------------------------------------------------------------------------------
|  Restart |  Iteration |  Best Feas. Cost |    Best Cost |   Curr. Cost |   Penalty Custom Res. |   Penalty Standard Res. |   Pool |   Time (s) |
------------------------------------------------------------------------------------------------------------------------------------------------
|        1 |        109 |           791.10 |       791.10 |       809.48 |                  5.00 |                    5.52 |    300 |    20.0834 |
|        1 |        110 |           791.10 |       791.10 |       792.10 |                  5.00 |                    5.00 |    302 |    20.2677 |
|        1 |          0 |           788.90 |       788.90 |       788.90 |                  5.00 |                    5.00 |    302 |    20.3448 |
|        1 |          1 |           788.90 |       788.90 |       788.90 |                  5.00 |                    5.00 |    302 |    20.4080 |
|        1 |          2 |           788.90 |       788.90 |       794.30 |                  5.00 |                    5.00 |    304 |    20.4648 |
|        1 |          3 |           788.90 |       788.90 |       815.40 |                  5.00 |                    5.00 |    306 |    20.5403 |
|        1 |          4 |           788.90 |       788.90 |       815.40 |                  5.00 |                    5.00 |    306 |    20.5963 |
|        1 |          5 |           788.90 |       788.90 |       799.10 |                  5.00 |                    7.13 |    307 |    20.7088 |
|        1 |          6 |           788.90 |       788.90 |       798.94 |                  5.00 |                    6.68 |    307 |    20.7762 |
|        1 |          7 |           788.90 |       788.90 |       796.56 |                  5.00 |                    5.00 |    307 |    20.8556 |
|        1 |          8 |           788.90 |       788.90 |       802.03 |                  5.00 |                    5.00 |    308 |    20.9067 |
|        1 |          9 |           788.90 |       788.90 |       802.06 |                  5.00 |                    7.59 |    308 |    20.9427 |
|        1 |         10 |           788.90 |       788.90 |       798.80 |                  5.00 |                    5.00 |    309 |    21.0104 |
|        1 |         11 |           788.90 |       788.90 |       793.10 |                  5.00 |                    5.00 |    309 |    21.0685 |
|        1 |         12 |           788.90 |       788.90 |       793.10 |                  5.00 |                    5.00 |    309 |    21.1602 |
|        1 |         13 |           788.90 |       788.90 |       793.10 |                  5.00 |                    5.00 |    309 |    21.2064 |
|        1 |         14 |           788.90 |       788.90 |       793.40 |                  5.00 |                    5.00 |    310 |    21.2487 |
|        1 |         15 |           788.90 |       788.90 |       850.22 |                  5.00 |                    6.59 |    314 |    21.3040 |
|        1 |         16 |           788.90 |       788.90 |       850.56 |                  5.00 |                    7.87 |    314 |    21.3410 |
|        1 |         17 |           788.90 |       788.90 |       848.80 |                  5.00 |                    6.54 |    317 |    21.4152 |
|        1 |         18 |           788.90 |       788.90 |       852.10 |                  5.00 |                    5.00 |    320 |    21.4664 |
|        1 |         19 |           788.90 |       788.90 |       837.20 |                  5.00 |                    5.00 |    324 |    21.5792 |
|        1 |         20 |           788.90 |       788.90 |       837.20 |                  5.00 |                    5.00 |    324 |    21.6402 |
|        1 |         21 |           788.90 |       788.90 |       837.20 |                  5.00 |                    5.00 |    324 |    21.6822 |
|        1 |         22 |           788.90 |       788.90 |       837.20 |                  5.00 |                    5.00 |    324 |    21.7343 |
|        1 |         23 |           788.90 |       788.90 |       837.20 |                  5.00 |                    5.00 |    327 |    21.8015 |
|        1 |         24 |           788.90 |       788.90 |       837.20 |                  5.00 |                    5.00 |    327 |    21.8329 |
|        1 |         25 |           788.90 |       788.90 |       832.20 |                  5.00 |                    5.00 |    332 |    21.9421 |
|        1 |         26 |           788.90 |       788.90 |       832.20 |                  5.00 |                    5.00 |    332 |    21.9692 |
|        1 |         27 |           788.90 |       788.90 |       841.60 |                  5.00 |                    6.80 |    334 |    22.0336 |
|        1 |         28 |           788.90 |       788.90 |       841.60 |                  5.00 |                    6.84 |    334 |    22.0934 |
|        1 |         29 |           788.90 |       788.90 |       839.60 |                  5.00 |                    5.00 |    336 |    22.2230 |
|        1 |         30 |           788.90 |       788.90 |       839.60 |                  5.00 |                    5.00 |    336 |    22.2711 |
|        1 |         31 |           788.90 |       788.90 |       857.10 |                  5.00 |                    5.00 |    338 |    22.3048 |
|        1 |         32 |           788.90 |       788.90 |       831.80 |                  5.00 |                    5.00 |    338 |    22.3581 |
|        1 |         33 |           788.90 |       788.90 |       831.80 |                  5.00 |                    5.00 |    338 |    22.4070 |
|        1 |         34 |           788.90 |       788.90 |       831.80 |                  5.00 |                    5.00 |    338 |    22.4439 |
|        1 |         35 |           788.90 |       788.90 |       831.80 |                  5.00 |                    5.00 |    338 |    22.4763 |
|        1 |         36 |           788.90 |       788.90 |       831.20 |                  5.00 |                    5.00 |    339 |    22.5358 |
|        1 |         37 |           788.90 |       788.90 |       832.50 |                  5.00 |                    5.00 |    341 |    22.5862 |
|        1 |         38 |           788.90 |       788.90 |       832.70 |                  5.00 |                    5.00 |    342 |    22.6356 |
|        1 |         39 |           788.90 |       788.90 |       831.20 |                  5.00 |                    5.00 |    342 |    22.6824 |
|        1 |         40 |           788.90 |       788.90 |       831.20 |                  5.00 |                    5.00 |    342 |    22.7269 |
|        1 |         41 |           788.90 |       788.90 |       840.00 |                  5.00 |                    5.41 |    344 |    22.7799 |
|        1 |         42 |           788.90 |       788.90 |       837.40 |                  5.00 |                    5.00 |    347 |    22.8459 |
|        1 |         43 |           788.90 |       788.90 |       846.30 |                  5.00 |                    5.00 |    351 |    22.8941 |
|        1 |         44 |           788.90 |       788.90 |       837.60 |                  5.00 |                    5.00 |    353 |    23.0001 |
|        1 |         45 |           788.90 |       788.90 |       830.00 |                  5.00 |                    5.00 |    354 |    23.0553 |
|        1 |         46 |           788.90 |       788.90 |       830.00 |                  5.00 |                    5.00 |    354 |    23.0987 |
|        1 |         47 |           788.90 |       788.90 |       830.00 |                  5.00 |                    5.00 |    354 |    23.1333 |
|        1 |         48 |           788.90 |       788.90 |       819.49 |                  5.00 |                    6.40 |    354 |    23.2020 |
|        1 |         49 |           788.90 |       788.90 |       819.78 |                  5.00 |                    5.00 |    354 |    23.2470 |
|        1 |         50 |           788.90 |       788.90 |       845.46 |                  5.00 |                    7.21 |    357 |    23.2944 |
|        1 |         51 |           788.90 |       788.90 |       845.90 |                  5.00 |                    8.85 |    357 |    23.3574 |
|        1 |         52 |           788.90 |       788.90 |       845.90 |                  5.00 |                   11.19 |    357 |    23.4329 |
|        1 |         53 |           788.90 |       788.90 |       850.30 |                  5.00 |                    6.37 |    358 |    23.4856 |
|        1 |         54 |           788.90 |       788.90 |       845.73 |                  5.00 |                    7.59 |    358 |    23.5521 |
|        1 |         55 |           788.90 |       788.90 |       823.30 |                  5.00 |                    8.95 |    359 |    23.6155 |
|        1 |         56 |           788.90 |       788.90 |       824.60 |                  5.00 |                    5.08 |    359 |    23.6987 |
|        1 |         57 |           788.90 |       788.90 |       824.60 |                  5.00 |                    6.54 |    359 |    23.7299 |
|        1 |         58 |           788.90 |       788.90 |       826.10 |                  5.00 |                    7.62 |    361 |    23.8405 |
|        1 |         59 |           788.90 |       788.90 |       838.30 |                  5.00 |                    7.89 |    362 |    23.9021 |
|        1 |         60 |           788.90 |       788.90 |       834.70 |                  5.00 |                    6.54 |    363 |    23.9765 |
|        1 |         61 |           788.90 |       788.90 |       834.70 |                  5.00 |                    5.41 |    363 |    24.0202 |
|        1 |         62 |           788.90 |       788.90 |       834.70 |                  5.00 |                    5.52 |    363 |    24.0707 |
|        1 |         63 |           788.90 |       788.90 |       843.40 |                  5.00 |                    6.61 |    365 |    24.1340 |
|        1 |         64 |           788.90 |       788.90 |       842.30 |                  5.00 |                    7.16 |    367 |    24.2545 |
|        1 |         65 |           788.90 |       788.90 |       848.62 |                  5.00 |                    7.78 |    369 |    24.3605 |
|        1 |         66 |           788.90 |       788.90 |       848.60 |                  5.00 |                    7.73 |    369 |    24.4432 |
|        1 |         67 |           788.90 |       788.90 |       855.10 |                  5.00 |                    7.14 |    371 |    24.5663 |
|        1 |         68 |           788.90 |       788.90 |       847.40 |                  5.00 |                    9.69 |    374 |    24.6269 |
|        1 |         69 |           788.90 |       788.90 |       865.70 |                  5.00 |                   10.13 |    375 |    24.6919 |
|        1 |         70 |           788.90 |       788.90 |       862.60 |                  5.00 |                    8.66 |    378 |    24.7904 |
|        1 |         71 |           788.90 |       788.90 |       862.60 |                  5.00 |                    7.28 |    378 |    24.8398 |
|        1 |         72 |           788.90 |       788.90 |       862.60 |                  5.00 |                    7.56 |    378 |    24.8726 |
|        1 |         73 |           788.90 |       788.90 |       831.20 |                  5.00 |                    5.00 |    378 |    25.0482 |
|        1 |         74 |           788.90 |       788.90 |       831.20 |                  5.00 |                    5.00 |    378 |    25.1185 |
|        1 |         75 |           788.90 |       788.90 |       831.20 |                  5.00 |                    5.00 |    378 |    25.1678 |
|        1 |         76 |           788.90 |       788.90 |       831.20 |                  5.00 |                    5.00 |    378 |    25.2106 |
|        1 |         77 |           788.90 |       788.90 |       831.20 |                  5.00 |                    5.00 |    378 |    25.2563 |
|        1 |         78 |           788.90 |       788.90 |       832.70 |                  5.00 |                    5.00 |    378 |    25.3230 |
|        1 |         79 |           788.90 |       788.90 |       831.40 |                  5.00 |                    5.00 |    379 |    25.4342 |
|        1 |         80 |           788.90 |       788.90 |       852.60 |                  5.00 |                    5.00 |    382 |    25.4810 |
|        1 |         81 |           788.90 |       788.90 |       865.50 |                  5.00 |                    5.00 |    383 |    25.5359 |
|        1 |         82 |           788.90 |       788.90 |       865.50 |                  5.00 |                    5.00 |    383 |    25.5827 |
|        1 |         83 |           788.90 |       788.90 |       869.50 |                  5.00 |                    5.00 |    383 |    25.6179 |
|        1 |         84 |           788.90 |       788.90 |       840.30 |                  5.00 |                    5.00 |    385 |    25.7190 |
|        1 |         85 |           788.90 |       788.90 |       840.30 |                  5.00 |                    5.00 |    385 |    25.7540 |
|        1 |         86 |           788.90 |       788.90 |       839.60 |                  5.00 |                    5.00 |    387 |    25.8230 |
|        1 |         87 |           788.90 |       788.90 |       839.60 |                  5.00 |                    5.00 |    387 |    25.8688 |
|        1 |         88 |           788.90 |       788.90 |       833.30 |                  5.00 |                    5.00 |    387 |    25.9249 |
|        1 |         89 |           788.90 |       788.90 |       833.30 |                  5.00 |                    5.00 |    387 |    25.9566 |
|        1 |         90 |           788.90 |       788.90 |       833.30 |                  5.00 |                    5.00 |    387 |    25.9860 |
|        1 |         91 |           788.90 |       788.90 |       831.60 |                  5.00 |                    5.00 |    387 |    26.0513 |
|        1 |         92 |           788.90 |       788.90 |       831.80 |                  5.00 |                    5.00 |    388 |    26.1292 |
|        1 |         93 |           788.90 |       788.90 |       831.80 |                  5.00 |                    5.00 |    388 |    26.1759 |
|        1 |         94 |           788.90 |       788.90 |       831.80 |                  5.00 |                    5.00 |    388 |    26.2186 |
|        1 |         95 |           788.90 |       788.90 |       836.50 |                  5.00 |                    5.00 |    389 |    26.2830 |
|        1 |         96 |           788.90 |       788.90 |       836.50 |                  5.00 |                    5.00 |    389 |    26.3198 |
|        1 |         97 |           788.90 |       788.90 |       839.70 |                  5.00 |                    5.00 |    390 |    26.3561 |
|        1 |         98 |           788.90 |       788.90 |       839.70 |                  5.00 |                    5.00 |    390 |    26.3779 |
|        1 |         99 |           788.90 |       788.90 |       827.30 |                  5.00 |                    7.21 |    390 |    26.4416 |
|        1 |        100 |           788.90 |       788.90 |       827.60 |                  5.00 |                    7.40 |    390 |    26.4942 |
|        1 |        101 |           788.90 |       788.90 |       827.53 |                  5.00 |                    8.31 |    392 |    26.5536 |
|        1 |        102 |           788.90 |       788.90 |       822.70 |                  5.00 |                    6.43 |    393 |    26.6190 |
|        1 |        103 |           788.90 |       788.90 |       839.13 |                  5.00 |                    5.00 |    395 |    26.6814 |
|        1 |        104 |           788.90 |       788.90 |       835.38 |                  5.00 |                    7.65 |    396 |    26.7498 |
|        1 |        105 |           788.90 |       788.90 |       835.40 |                  5.00 |                    7.31 |    396 |    26.8180 |
|        1 |        106 |           788.90 |       788.90 |       835.38 |                  5.00 |                    5.00 |    396 |    26.8798 |
|        1 |        107 |           788.90 |       788.90 |       851.45 |                  5.00 |                    8.30 |    397 |    26.9215 |
|        1 |        108 |           788.90 |       788.90 |       833.12 |                  5.00 |                    7.76 |    399 |    27.0158 |
|        1 |        109 |           788.90 |       788.90 |       830.50 |                  5.00 |                    7.06 |    400 |    27.0768 |
|        1 |        110 |           788.90 |       788.90 |       830.36 |                  5.00 |                    8.34 |    400 |    27.1227 |
|        1 |        111 |           788.90 |       788.90 |       830.70 |                  5.00 |                    7.60 |    401 |    27.1669 |
|        1 |        112 |           788.90 |       788.90 |       829.20 |                  5.00 |                    7.63 |    402 |    27.2438 |
|        1 |        113 |           788.90 |       788.90 |       829.20 |                  5.00 |                    7.53 |    402 |    27.2964 |
|        1 |        114 |           788.90 |       788.90 |       825.20 |                  5.00 |                    7.49 |    403 |    27.3655 |
|        1 |        115 |           788.90 |       788.90 |       825.00 |                  5.00 |                    6.42 |    403 |    27.4210 |
|        1 |        116 |           788.90 |       788.90 |       825.00 |                  5.00 |                    7.74 |    403 |    27.4526 |
|        1 |        117 |           788.90 |       788.90 |       829.09 |                  5.00 |                    7.77 |    403 |    27.5547 |
|        1 |        118 |           788.90 |       788.90 |       829.40 |                  5.00 |                    5.09 |    403 |    27.5953 |
|        1 |        119 |           788.90 |       788.90 |       828.70 |                  5.00 |                    6.15 |    403 |    27.6346 |
|        1 |        120 |           788.90 |       788.90 |       828.94 |                  5.00 |                    7.56 |    403 |    27.6804 |
|        1 |        121 |           788.90 |       788.90 |       829.20 |                  5.00 |                    7.92 |    404 |    27.7340 |
|        1 |        122 |           788.90 |       788.90 |       825.20 |                  5.00 |                    7.78 |    404 |    27.8282 |
|        1 |        123 |           788.90 |       788.90 |       829.20 |                  5.00 |                    7.58 |    404 |    27.8947 |
|        1 |        124 |           788.90 |       788.90 |       824.50 |                  5.00 |                    7.39 |    405 |    27.9577 |
|        1 |        125 |           788.90 |       788.90 |       824.43 |                  5.00 |                    8.13 |    405 |    28.0222 |
|        1 |        126 |           788.90 |       788.90 |       824.50 |                  5.00 |                    7.10 |    405 |    28.0856 |
|        1 |        127 |           788.90 |       788.90 |       824.49 |                  5.00 |                    6.03 |    405 |    28.1418 |
|        1 |        128 |           788.90 |       788.90 |       830.00 |                  5.00 |                    5.00 |    405 |    28.1899 |
|        1 |        129 |           788.90 |       788.90 |       863.70 |                  5.00 |                    5.00 |    408 |    28.2438 |
|        1 |        130 |           788.90 |       788.90 |       859.30 |                  5.00 |                    5.00 |    409 |    28.2999 |
|        1 |        131 |           788.90 |       788.90 |       834.50 |                  5.00 |                    5.00 |    409 |    28.4048 |
|        1 |        132 |           788.90 |       788.90 |       834.50 |                  5.00 |                    5.00 |    409 |    28.4411 |
|        1 |        133 |           788.90 |       788.90 |       834.50 |                  5.00 |                    5.00 |    409 |    28.5034 |
|        1 |        134 |           788.90 |       788.90 |       837.00 |                  5.00 |                    5.00 |    409 |    28.5499 |
|        1 |        135 |           788.90 |       788.90 |       828.20 |                  5.00 |                    5.00 |    410 |    28.6035 |
|        1 |        136 |           788.90 |       788.90 |       836.40 |                  5.00 |                    5.00 |    412 |    28.6462 |
|        1 |        137 |           788.90 |       788.90 |       836.40 |                  5.00 |                    5.00 |    412 |    28.6901 |
|        1 |        138 |           788.90 |       788.90 |       836.40 |                  5.00 |                    5.00 |    412 |    28.7222 |
|        1 |        139 |           788.90 |       788.90 |       836.40 |                  5.00 |                    5.00 |    412 |    28.7614 |
|        1 |        140 |           788.90 |       788.90 |       857.50 |                  5.00 |                    5.00 |    416 |    28.8803 |
|        1 |        141 |           788.90 |       788.90 |       859.30 |                  5.00 |                    5.00 |    418 |    28.9386 |
|        1 |        142 |           788.90 |       788.90 |       859.30 |                  5.00 |                    5.00 |    418 |    28.9733 |
|        1 |        143 |           788.90 |       788.90 |       852.10 |                  5.00 |                    5.00 |    419 |    29.0261 |
|        1 |        144 |           788.90 |       788.90 |       852.10 |                  5.00 |                    5.00 |    419 |    29.0773 |
|        1 |        145 |           788.90 |       788.90 |       852.10 |                  5.00 |                    5.00 |    419 |    29.1048 |
|        1 |        146 |           788.90 |       788.90 |       851.20 |                  5.00 |                    5.00 |    419 |    29.1500 |
|        1 |        147 |           788.90 |       788.90 |       841.50 |                  5.00 |                    5.00 |    422 |    29.2969 |
|        1 |        148 |           788.90 |       788.90 |       841.50 |                  5.00 |                    5.00 |    422 |    29.3394 |
|        1 |        149 |           788.90 |       788.90 |       833.25 |                  5.00 |                    7.43 |    422 |    29.4232 |
|        1 |        150 |           788.90 |       788.90 |       833.40 |                  5.00 |                    7.62 |    422 |    29.4836 |
|        1 |        151 |           788.90 |       788.90 |       832.90 |                  5.00 |                    7.50 |    424 |    29.5698 |
|        1 |        152 |           788.90 |       788.90 |       846.00 |                  5.00 |                    7.70 |    427 |    29.6299 |
|        1 |        153 |           788.90 |       788.90 |       845.65 |                  5.00 |                    7.58 |    427 |    29.6931 |
|        1 |        154 |           788.90 |       788.90 |       832.00 |                  5.00 |                    6.95 |    428 |    29.7945 |
|        1 |        155 |           788.90 |       788.90 |       832.00 |                  5.00 |                    7.59 |    428 |    29.8299 |
|        1 |        156 |           788.90 |       788.90 |       843.00 |                  5.00 |                    6.98 |    429 |    29.8748 |
|        1 |        157 |           788.90 |       788.90 |       843.00 |                  5.00 |                    5.70 |    429 |    29.9199 |
|        1 |        158 |           788.90 |       788.90 |       831.87 |                  5.00 |                    7.57 |    429 |    29.9987 |
|        1 |        159 |           788.90 |       788.90 |       832.20 |                  5.00 |                    7.47 |    429 |    30.0416 |
|        1 |        160 |           788.90 |       788.90 |       838.29 |                  5.00 |                    5.00 |    430 |    30.1088 |
|        1 |        161 |           788.90 |       788.90 |       837.90 |                  5.00 |                    5.00 |    430 |    30.1652 |
|        1 |        162 |           788.90 |       788.90 |       837.90 |                  5.00 |                    6.02 |    430 |    30.2168 |
|        1 |        163 |           788.90 |       788.90 |       838.23 |                  5.00 |                    5.38 |    430 |    30.2650 |
|        1 |        164 |           788.90 |       788.90 |       833.00 |                  5.00 |                    7.22 |    431 |    30.3332 |
|        1 |        165 |           788.90 |       788.90 |       837.36 |                  5.00 |                    5.71 |    431 |    30.4040 |
|        1 |        166 |           788.90 |       788.90 |       838.24 |                  5.00 |                    6.62 |    431 |    30.4440 |
|        1 |        167 |           788.90 |       788.90 |       834.00 |                  5.00 |                    7.42 |    431 |    30.5259 |
|        1 |        168 |           788.90 |       788.90 |       828.10 |                  5.00 |                    9.67 |    433 |    30.5977 |
|        1 |        169 |           788.90 |       788.90 |       828.10 |                  5.00 |                    9.45 |    433 |    30.6561 |
|        1 |        170 |           788.90 |       788.90 |       822.90 |                  5.00 |                    6.05 |    434 |    30.7689 |
|        1 |        171 |           788.90 |       788.90 |       822.73 |                  5.00 |                    7.43 |    434 |    30.8302 |
|        1 |        172 |           788.90 |       788.90 |       822.80 |                  5.00 |                    7.11 |    434 |    30.8908 |
|        1 |        173 |           788.90 |       788.90 |       822.90 |                  5.00 |                    7.99 |    434 |    30.9676 |
|        1 |        174 |           788.90 |       788.90 |       830.90 |                  5.00 |                    8.43 |    436 |    31.0729 |
|        1 |        175 |           788.90 |       788.90 |       831.00 |                  5.00 |                    7.59 |    436 |    31.1599 |
|        1 |        176 |           788.90 |       788.90 |       822.80 |                  5.00 |                    5.27 |    436 |    31.2269 |
|        1 |        177 |           788.90 |       788.90 |       822.90 |                  5.00 |                    7.22 |    437 |    31.2997 |
|        1 |        178 |           788.90 |       788.90 |       823.40 |                  5.00 |                    7.79 |    437 |    31.3769 |
|        1 |        179 |           788.90 |       788.90 |       820.30 |                  5.00 |                   11.75 |    439 |    31.5163 |
|        1 |        180 |           788.90 |       788.90 |       820.30 |                  5.00 |                   10.89 |    439 |    31.6388 |
|        1 |        181 |           788.90 |       788.90 |       816.70 |                  5.00 |                    6.78 |    441 |    31.7089 |
|        1 |        182 |           788.90 |       788.90 |       816.70 |                  5.00 |                    5.00 |    441 |    31.7615 |
|        1 |        183 |           788.90 |       788.90 |       821.00 |                  5.00 |                    5.00 |    441 |    31.8366 |
|        1 |        184 |           788.90 |       788.90 |       823.96 |                  5.00 |                    7.28 |    442 |    31.9346 |
|        1 |        185 |           788.90 |       788.90 |       824.40 |                  5.00 |                    6.00 |    442 |    31.9788 |
|        1 |        186 |           788.90 |       788.90 |       824.13 |                  5.00 |                    6.10 |    442 |    32.0357 |
|        1 |        187 |           788.90 |       788.90 |       820.27 |                  5.00 |                    6.08 |    442 |    32.0786 |
|        1 |        188 |           788.90 |       788.90 |       814.30 |                  5.00 |                    5.00 |    443 |    32.1573 |
|        1 |        189 |           788.90 |       788.90 |       814.30 |                  5.00 |                    5.00 |    443 |    32.1969 |
|        1 |        190 |           788.90 |       788.90 |       814.30 |                  5.00 |                    5.00 |    443 |    32.2528 |
|        1 |        191 |           788.90 |       788.90 |       814.30 |                  5.00 |                    5.00 |    443 |    32.3066 |
|        1 |        192 |           788.90 |       788.90 |       814.30 |                  5.00 |                    5.00 |    443 |    32.3580 |
|        1 |        193 |           788.90 |       788.90 |       814.60 |                  5.00 |                    5.00 |    443 |    32.4214 |
|        1 |        194 |           788.90 |       788.90 |       823.60 |                  5.00 |                    5.00 |    443 |    32.4858 |
|        1 |        195 |           788.90 |       788.90 |       824.70 |                  5.00 |                    5.00 |    445 |    32.5331 |
|        1 |        196 |           788.90 |       788.90 |       828.90 |                  5.00 |                    5.00 |    448 |    32.6110 |
|        1 |        197 |           788.90 |       788.90 |       828.20 |                  5.00 |                    5.00 |    449 |    32.6705 |
|        1 |        198 |           788.90 |       788.90 |       828.20 |                  5.00 |                    5.00 |    449 |    32.6995 |
|        1 |        199 |           788.90 |       788.90 |       829.50 |                  5.00 |                    5.00 |    454 |    32.8196 |
|        1 |        200 |           788.90 |       788.90 |       830.30 |                  5.00 |                    5.00 |    456 |    32.9198 |
|        1 |        201 |           788.90 |       788.90 |       849.00 |                  5.00 |                    5.00 |    459 |    33.0339 |
|        1 |        202 |           788.90 |       788.90 |       849.00 |                  5.00 |                    5.00 |    459 |    33.1163 |
|        1 |        203 |           788.90 |       788.90 |       849.00 |                  5.00 |                    6.22 |    459 |    33.1657 |
|        1 |        204 |           788.90 |       788.90 |       849.00 |                  5.00 |                    5.00 |    459 |    33.2158 |
|        1 |        205 |           788.90 |       788.90 |       836.90 |                  5.00 |                    5.00 |    463 |    33.3019 |
|        1 |        206 |           788.90 |       788.90 |       836.90 |                  5.00 |                    5.00 |    463 |    33.3425 |
|        1 |        207 |           788.90 |       788.90 |       835.20 |                  5.00 |                    5.00 |    467 |    33.4301 |
|        1 |        208 |           788.90 |       788.90 |       839.10 |                  5.00 |                    5.00 |    470 |    33.4791 |
|        1 |        209 |           788.90 |       788.90 |       831.45 |                  5.00 |                    8.30 |    470 |    33.5463 |
|        1 |        210 |           788.90 |       788.90 |       835.60 |                  5.00 |                    6.91 |    472 |    33.6019 |
|        1 |        211 |           788.90 |       788.90 |       821.70 |                  5.00 |                    5.00 |    476 |    33.7604 |
|        1 |        212 |           788.90 |       788.90 |       818.40 |                  5.00 |                    5.47 |    478 |    33.8446 |
|        1 |        213 |           788.90 |       788.90 |       818.90 |                  5.00 |                    5.00 |    482 |    33.9064 |
|        1 |        214 |           788.90 |       788.90 |       813.90 |                  5.00 |                    5.00 |    484 |    33.9569 |
|        1 |        215 |           788.90 |       788.90 |       815.60 |                  5.00 |                    5.00 |    484 |    34.0279 |
|        1 |        216 |           788.90 |       788.90 |       832.40 |                  5.00 |                    5.00 |    487 |    34.0790 |
|        1 |        217 |           788.90 |       788.90 |       832.40 |                  5.00 |                    5.86 |    487 |    34.1224 |
|        1 |        218 |           788.90 |       788.90 |       832.40 |                  5.00 |                    5.00 |    487 |    34.1597 |
|        1 |        219 |           788.90 |       788.90 |       855.70 |                  5.00 |                    5.69 |    489 |    34.2075 |
|        1 |        220 |           788.90 |       788.90 |       855.70 |                  5.00 |                    5.00 |    489 |    34.2614 |
|        1 |        221 |           788.90 |       788.90 |       841.30 |                  5.00 |                    8.28 |    491 |    34.3790 |
|        1 |        222 |           788.90 |       788.90 |       851.20 |                  5.00 |                    7.51 |    495 |    34.4777 |
|        1 |        223 |           788.90 |       788.90 |       851.20 |                  5.00 |                    6.90 |    495 |    34.5367 |
|        1 |        224 |           788.90 |       788.90 |       851.20 |                  5.00 |                    7.59 |    495 |    34.5999 |
|        1 |        225 |           788.90 |       788.90 |       851.20 |                  5.00 |                    7.34 |    495 |    34.6592 |
|        1 |        226 |           788.90 |       788.90 |       833.30 |                  5.00 |                    7.18 |    497 |    34.8049 |
|        1 |        227 |           788.90 |       788.90 |       833.30 |                  5.00 |                    6.73 |    497 |    34.8760 |
|        1 |        228 |           788.90 |       788.90 |       845.90 |                  5.00 |                    7.32 |    500 |    34.9539 |
|        1 |        229 |           788.90 |       788.90 |       839.30 |                  5.00 |                    7.61 |    502 |    35.0982 |
|        1 |        230 |           788.90 |       788.90 |       839.30 |                  5.00 |                    7.90 |    502 |    35.1307 |
|        1 |        231 |           788.90 |       788.90 |       827.30 |                  5.00 |                    5.00 |    503 |    35.1989 |
|        1 |        232 |           788.90 |       788.90 |       823.65 |                  5.00 |                    5.00 |    503 |    35.2870 |
|        1 |        233 |           788.90 |       788.90 |       835.74 |                  5.00 |                    5.97 |    504 |    35.3285 |
|        1 |        234 |           788.90 |       788.90 |       835.85 |                  5.00 |                    7.95 |    504 |    35.3821 |
|        1 |        235 |           788.90 |       788.90 |       836.20 |                  5.00 |                    7.24 |    505 |    35.4510 |
|        1 |        236 |           788.90 |       788.90 |       836.30 |                  5.00 |                    7.87 |    506 |    35.5299 |
|        1 |        237 |           788.90 |       788.90 |       836.20 |                  5.00 |                    5.41 |    506 |    35.5996 |
|        1 |        238 |           788.90 |       788.90 |       836.09 |                  5.00 |                    7.34 |    506 |    35.6812 |
|        1 |        239 |           788.90 |       788.90 |       836.19 |                  5.00 |                    9.36 |    506 |    35.7784 |
|        1 |        240 |           788.90 |       788.90 |       836.20 |                  5.00 |                    7.97 |    506 |    35.9300 |
|        1 |        241 |           788.90 |       788.90 |       836.20 |                  5.00 |                    9.14 |    506 |    35.9787 |
|        1 |        242 |           788.90 |       788.90 |       836.20 |                  5.00 |                    8.64 |    506 |    36.0533 |
|        1 |        243 |           788.90 |       788.90 |       836.20 |                  5.00 |                    8.17 |    506 |    36.1330 |
|        1 |        244 |           788.90 |       788.90 |       839.40 |                  5.00 |                    9.79 |    506 |    36.2543 |
|        1 |        245 |           788.90 |       788.90 |       831.10 |                  5.00 |                    5.92 |    510 |    36.3127 |
|        1 |        246 |           788.90 |       788.90 |       831.10 |                  5.00 |                    5.00 |    510 |    36.3811 |
|        1 |        247 |           788.90 |       788.90 |       831.10 |                  5.00 |                    5.00 |    510 |    36.4612 |
|        1 |        248 |           788.90 |       788.90 |       831.10 |                  5.00 |                    5.00 |    510 |    36.5322 |
|        1 |        249 |           788.90 |       788.90 |       829.60 |                  5.00 |                    5.00 |    511 |    36.6102 |
|        1 |        250 |           788.90 |       788.90 |       827.90 |                  5.00 |                    5.00 |    511 |    36.7067 |
|        1 |        251 |           788.90 |       788.90 |       827.90 |                  5.00 |                    7.52 |    511 |    36.7500 |
|        1 |        252 |           788.90 |       788.90 |       829.60 |                  5.00 |                    5.00 |    511 |    36.8108 |
|        1 |        253 |           788.90 |       788.90 |       829.20 |                  5.00 |                    5.00 |    512 |    36.8739 |
|        1 |        254 |           788.90 |       788.90 |       829.20 |                  5.00 |                    5.00 |    512 |    36.9261 |
|        1 |        255 |           788.90 |       788.90 |       827.90 |                  5.00 |                    5.00 |    512 |    36.9978 |
|        1 |        256 |           788.90 |       788.90 |       831.60 |                  5.00 |                    5.00 |    513 |    37.0392 |
|        1 |        257 |           788.90 |       788.90 |       835.20 |                  5.00 |                    5.00 |    515 |    37.0953 |
|        1 |        258 |           788.90 |       788.90 |       825.91 |                  5.00 |                    7.51 |    516 |    37.2114 |
|        1 |        259 |           788.90 |       788.90 |       848.90 |                  5.00 |                    7.26 |    518 |    37.2830 |
|        1 |        260 |           788.90 |       788.90 |       848.93 |                  5.00 |                    6.28 |    518 |    37.3720 |
|        1 |        261 |           788.90 |       788.90 |       845.46 |                  5.00 |                    9.72 |    520 |    37.4680 |
|        1 |        262 |           788.90 |       788.90 |       845.50 |                  5.00 |                   12.55 |    520 |    37.5770 |
|        1 |        263 |           788.90 |       788.90 |       845.60 |                  5.00 |                    6.58 |    521 |    37.6955 |
|        1 |        264 |           788.90 |       788.90 |       826.40 |                  5.00 |                    7.23 |    521 |    37.8280 |
|        1 |        265 |           788.90 |       788.90 |       826.40 |                  5.00 |                    7.64 |    521 |    37.9272 |
|        1 |        266 |           788.90 |       788.90 |       830.70 |                  5.00 |                    8.00 |    522 |    38.0136 |
|        1 |        267 |           788.90 |       788.90 |       835.60 |                  5.00 |                    7.41 |    525 |    38.1261 |
|        1 |        268 |           788.90 |       788.90 |       835.53 |                  5.00 |                    7.53 |    525 |    38.2114 |
|        1 |        269 |           788.90 |       788.90 |       831.80 |                  5.00 |                    5.00 |    527 |    38.3348 |
|        1 |        270 |           788.90 |       788.90 |       830.54 |                  5.00 |                    7.81 |    528 |    38.4012 |
|        1 |        271 |           788.90 |       788.90 |       831.00 |                  5.00 |                    8.60 |    528 |    38.4707 |
|        1 |        272 |           788.90 |       788.90 |       828.00 |                  5.00 |                   11.50 |    530 |    38.6317 |
|        1 |        273 |           788.90 |       788.90 |       833.80 |                  5.00 |                    7.45 |    532 |    38.7050 |
|        1 |        274 |           788.90 |       788.90 |       828.00 |                  5.00 |                    7.76 |    532 |    38.9013 |
|        1 |        275 |           788.90 |       788.90 |       825.33 |                  5.00 |                    7.58 |    533 |    39.2357 |
|        1 |        276 |           788.90 |       788.90 |       825.60 |                  5.00 |                    7.86 |    533 |    39.3073 |
|        1 |        277 |           788.90 |       788.90 |       825.60 |                  5.00 |                    8.39 |    533 |    39.3839 |
|        1 |        278 |           788.90 |       788.90 |       825.60 |                  5.00 |                    9.06 |    533 |    39.4485 |
|        1 |        279 |           788.90 |       788.90 |       825.60 |                  5.00 |                    8.00 |    533 |    39.5720 |
|        1 |        280 |           788.90 |       788.90 |       825.60 |                  5.00 |                    7.43 |    533 |    39.6450 |
|        1 |        281 |           788.90 |       788.90 |       825.35 |                  5.00 |                    7.54 |    533 |    39.7359 |
|        1 |        282 |           788.90 |       788.90 |       830.80 |                  5.00 |                    5.39 |    534 |    39.8216 |
|        1 |        283 |           788.90 |       788.90 |       830.25 |                  5.00 |                    7.63 |    534 |    39.8769 |
|        1 |        284 |           788.90 |       788.90 |       823.00 |                  5.00 |                    9.28 |    536 |    39.9923 |
------------------------------------------------------------------------------------------------------------------------------------------------
|  Restart |  Iteration |  Best Feas. Cost |    Best Cost |   Curr. Cost |   Penalty Custom Res. |   Penalty Standard Res. |   Pool |   Time (s) |
------------------------------------------------------------------------------------------------------------------------------------------------
|        1 |        285 |           788.90 |       788.90 |       823.00 |                  5.00 |                    5.00 |    536 |    40.1098 |
|        1 |        286 |           788.90 |       788.90 |       822.56 |                  5.00 |                    7.73 |    536 |    40.2101 |
|        1 |        287 |           788.90 |       788.90 |       823.00 |                  5.00 |                    9.86 |    536 |    40.3268 |
|        1 |        288 |           788.90 |       788.90 |       823.00 |                  5.00 |                   10.94 |    536 |    40.4272 |
|        1 |        289 |           788.90 |       788.90 |       817.90 |                  5.00 |                   12.90 |    536 |    40.5221 |
|        1 |        290 |           788.90 |       788.90 |       818.00 |                  5.00 |                    7.27 |    536 |    40.5840 |
|        1 |        291 |           788.90 |       788.90 |       818.09 |                  5.00 |                    7.67 |    537 |    40.6774 |
|        1 |        292 |           788.90 |       788.90 |       818.09 |                  5.00 |                    9.43 |    537 |    40.7347 |
|        1 |        293 |           788.90 |       788.90 |       818.20 |                  5.00 |                   11.13 |    537 |    40.7927 |
|        1 |        294 |           788.90 |       788.90 |       818.10 |                  5.00 |                   11.29 |    537 |    40.8935 |
|        1 |        295 |           788.90 |       788.90 |       823.20 |                  5.00 |                    7.46 |    537 |    40.9586 |
|        1 |        296 |           788.90 |       788.90 |       818.10 |                  5.00 |                    7.73 |    537 |    41.0328 |
|        1 |        297 |           788.90 |       788.90 |       818.09 |                  5.00 |                    8.14 |    537 |    41.1420 |
|        1 |        298 |           788.90 |       788.90 |       818.10 |                  5.00 |                   10.51 |    537 |    41.2015 |
|        1 |        299 |           788.90 |       788.90 |       825.00 |                  5.00 |                    5.00 |    539 |    41.2670 |
|        1 |        300 |           788.90 |       788.90 |       824.60 |                  5.00 |                    5.00 |    540 |    41.3402 |
|        1 |        301 |           788.90 |       788.90 |       824.60 |                  5.00 |                    5.00 |    540 |    41.3848 |
|        1 |        302 |           788.90 |       788.90 |       824.60 |                  5.00 |                    5.00 |    540 |    41.4302 |
|        1 |        303 |           788.90 |       788.90 |       863.80 |                  5.00 |                    5.00 |    543 |    41.4816 |
|        1 |        304 |           788.90 |       788.90 |       863.80 |                  5.00 |                    5.00 |    543 |    41.5229 |
|        1 |        305 |           788.90 |       788.90 |       834.53 |                  5.00 |                    7.66 |    545 |    41.6485 |
|        1 |        306 |           788.90 |       788.90 |       835.20 |                  5.00 |                    8.18 |    546 |    41.6964 |
|        1 |        307 |           788.90 |       788.90 |       837.80 |                  5.00 |                    5.00 |    551 |    41.7614 |
|        1 |        308 |           788.90 |       788.90 |       837.80 |                  5.00 |                    5.00 |    551 |    41.7975 |
|        1 |        309 |           788.90 |       788.90 |       837.80 |                  5.00 |                    6.22 |    551 |    41.8353 |
|        1 |        310 |           788.90 |       788.90 |       845.00 |                  5.00 |                    5.00 |    553 |    41.8988 |
|        1 |        311 |           788.90 |       788.90 |       844.70 |                  5.00 |                    5.00 |    553 |    41.9614 |
|        1 |        312 |           788.90 |       788.90 |       844.70 |                  5.00 |                    5.00 |    553 |    42.0596 |
|        1 |        313 |           788.90 |       788.90 |       845.00 |                  5.00 |                    5.00 |    553 |    42.1020 |
|        1 |        314 |           788.90 |       788.90 |       847.40 |                  5.00 |                    5.00 |    554 |    42.1739 |
|        1 |        315 |           788.90 |       788.90 |       843.70 |                  5.00 |                    5.00 |    556 |    42.2609 |
|        1 |        316 |           788.90 |       788.90 |       843.70 |                  5.00 |                    5.00 |    556 |    42.2898 |
|        1 |        317 |           788.90 |       788.90 |       844.10 |                  5.00 |                    5.00 |    558 |    42.3391 |
|        1 |        318 |           788.90 |       788.90 |       859.60 |                  5.00 |                    5.00 |    563 |    42.4649 |
|        1 |        319 |           788.90 |       788.90 |       855.60 |                  5.00 |                    5.00 |    567 |    42.5251 |
|        1 |        320 |           788.90 |       788.90 |       845.40 |                  5.00 |                    5.00 |    569 |    42.5654 |
|        1 |        321 |           788.90 |       788.90 |       844.50 |                  5.00 |                    5.00 |    571 |    42.6092 |
|        1 |        322 |           788.90 |       788.90 |       844.50 |                  5.00 |                    5.00 |    571 |    42.6520 |
|        1 |        323 |           788.90 |       788.90 |       843.30 |                  5.00 |                    5.00 |    572 |    42.7095 |
|        1 |        324 |           788.90 |       788.90 |       843.50 |                  5.00 |                    5.00 |    573 |    42.7553 |
|        1 |        325 |           788.90 |       788.90 |       843.50 |                  5.00 |                    5.00 |    573 |    42.8165 |
|        1 |        326 |           788.90 |       788.90 |       836.40 |                  5.00 |                    5.00 |    575 |    42.8917 |
|        1 |        327 |           788.90 |       788.90 |       834.80 |                  5.00 |                    5.00 |    576 |    42.9338 |
|        1 |        328 |           788.90 |       788.90 |       837.60 |                  5.00 |                    5.00 |    579 |    42.9691 |
|        1 |        329 |           788.90 |       788.90 |       841.40 |                  5.00 |                    5.00 |    580 |    43.0030 |
|        1 |        330 |           788.90 |       788.90 |       879.20 |                  5.00 |                    5.00 |    584 |    43.1026 |
|        1 |        331 |           788.90 |       788.90 |       879.20 |                  5.00 |                    5.00 |    584 |    43.1418 |
|        1 |        332 |           788.90 |       788.90 |       879.10 |                  5.00 |                    5.00 |    587 |    43.1965 |
|        1 |        333 |           788.90 |       788.90 |       841.20 |                  5.00 |                    5.00 |    590 |    43.3618 |
|        1 |        334 |           788.90 |       788.90 |       838.70 |                  5.00 |                    5.00 |    592 |    43.4582 |
|        1 |        335 |           788.90 |       788.90 |       838.70 |                  5.00 |                    5.00 |    592 |    43.5340 |
|        1 |        336 |           788.90 |       788.90 |       838.70 |                  5.00 |                    5.00 |    592 |    43.6647 |
|        1 |        337 |           788.90 |       788.90 |       838.40 |                  5.00 |                    5.00 |    592 |    43.7455 |
|        1 |        338 |           788.90 |       788.90 |       838.40 |                  5.00 |                    5.00 |    592 |    43.7998 |
|        1 |        339 |           788.90 |       788.90 |       841.40 |                  5.00 |                    5.00 |    593 |    43.8612 |
|        1 |        340 |           788.90 |       788.90 |       840.40 |                  5.00 |                    5.00 |    593 |    43.9569 |
|        1 |        341 |           788.90 |       788.90 |       840.10 |                  5.00 |                    5.00 |    593 |    44.0267 |
|        1 |        342 |           788.90 |       788.90 |       840.80 |                  5.00 |                    5.00 |    593 |    44.0799 |
|        1 |        343 |           788.90 |       788.90 |       840.80 |                  5.00 |                    5.00 |    593 |    44.1478 |
|        1 |        344 |           788.90 |       788.90 |       840.10 |                  5.00 |                    5.00 |    594 |    44.3168 |
|        1 |        345 |           788.90 |       788.90 |       839.80 |                  5.00 |                    5.00 |    594 |    44.4037 |
|        1 |        346 |           788.90 |       788.90 |       839.80 |                  5.00 |                    5.00 |    594 |    44.4580 |
|        1 |        347 |           788.90 |       788.90 |       887.90 |                  5.00 |                    5.00 |    597 |    44.5028 |
|        1 |        348 |           788.90 |       788.90 |       846.00 |                  5.00 |                    5.00 |    599 |    44.6107 |
|        1 |        349 |           788.90 |       788.90 |       846.00 |                  5.00 |                    5.00 |    599 |    44.6658 |
|        1 |        350 |           788.90 |       788.90 |       841.70 |                  5.00 |                    5.00 |    599 |    44.8605 |
|        1 |        351 |           788.90 |       788.90 |       834.80 |                  5.00 |                    5.00 |    603 |    44.9612 |
|        1 |        352 |           788.90 |       788.90 |       833.20 |                  5.00 |                    5.00 |    605 |    45.0660 |
|        1 |        353 |           788.90 |       788.90 |       833.40 |                  5.00 |                    5.00 |    606 |    45.1545 |
|        1 |        354 |           788.90 |       788.90 |       833.10 |                  5.00 |                    5.00 |    608 |    45.2671 |
|        1 |        355 |           788.90 |       788.90 |       833.10 |                  5.00 |                    5.00 |    608 |    45.3070 |
|        1 |        356 |           788.90 |       788.90 |       832.90 |                  5.00 |                    5.00 |    608 |    45.3881 |
|        1 |        357 |           788.90 |       788.90 |       829.90 |                  5.00 |                    5.00 |    608 |    45.4992 |
|        1 |        358 |           788.90 |       788.90 |       829.90 |                  5.00 |                    5.00 |    608 |    45.5452 |
|        1 |        359 |           788.90 |       788.90 |       837.60 |                  5.00 |                    5.00 |    609 |    45.5955 |
|        1 |        360 |           788.90 |       788.90 |       837.60 |                  5.00 |                    5.00 |    609 |    45.6401 |
|        1 |        361 |           788.90 |       788.90 |       837.60 |                  5.00 |                    5.00 |    609 |    45.7048 |
|        1 |        362 |           788.90 |       788.90 |       838.90 |                  5.00 |                    5.80 |    609 |    45.7836 |
|        1 |        363 |           788.90 |       788.90 |       838.90 |                  5.00 |                    5.00 |    609 |    45.8204 |
|        1 |        364 |           788.90 |       788.90 |       844.40 |                  5.00 |                    5.00 |    611 |    45.9182 |
|        1 |        365 |           788.90 |       788.90 |       839.10 |                  5.00 |                    5.00 |    611 |    46.0585 |
|        1 |        366 |           788.90 |       788.90 |       839.10 |                  5.00 |                    5.00 |    611 |    46.1217 |
|        1 |        367 |           788.90 |       788.90 |       837.80 |                  5.00 |                    5.00 |    611 |    46.1800 |
|        1 |        368 |           788.90 |       788.90 |       837.80 |                  5.00 |                    5.00 |    611 |    46.2512 |
|        1 |        369 |           788.90 |       788.90 |       837.80 |                  5.00 |                    5.00 |    611 |    46.2934 |
|        1 |        370 |           788.90 |       788.90 |       837.80 |                  5.00 |                    5.00 |    611 |    46.3397 |
|        1 |        371 |           788.90 |       788.90 |       837.80 |                  5.00 |                    5.00 |    611 |    46.3991 |
|        1 |        372 |           788.90 |       788.90 |       837.80 |                  5.00 |                    5.00 |    611 |    46.4453 |
|        1 |        373 |           788.90 |       788.90 |       837.60 |                  5.00 |                    5.00 |    611 |    46.5054 |
|        1 |        374 |           788.90 |       788.90 |       853.05 |                  5.00 |                    6.27 |    615 |    46.6338 |
|        1 |        375 |           788.90 |       788.90 |       831.20 |                  5.00 |                    8.36 |    616 |    46.6812 |
|        1 |        376 |           788.90 |       788.90 |       853.30 |                  5.00 |                    5.00 |    619 |    46.7254 |
|        1 |        377 |           788.90 |       788.90 |       853.10 |                  5.00 |                    5.00 |    619 |    46.7698 |
|        1 |        378 |           788.90 |       788.90 |       827.41 |                  5.00 |                    7.90 |    619 |    46.8295 |
|        1 |        379 |           788.90 |       788.90 |       827.90 |                  5.00 |                    9.42 |    619 |    46.8729 |
|        1 |        380 |           788.90 |       788.90 |       827.90 |                  5.00 |                    8.31 |    619 |    46.9482 |
|        1 |        381 |           788.90 |       788.90 |       835.50 |                  5.00 |                   11.16 |    621 |    47.0084 |
|        1 |        382 |           788.90 |       788.90 |       835.60 |                  5.00 |                    7.23 |    621 |    47.0651 |
|        1 |        383 |           788.90 |       788.90 |       835.70 |                  5.00 |                    9.53 |    622 |    47.1149 |
|        1 |        384 |           788.90 |       788.90 |       835.70 |                  5.00 |                    9.21 |    622 |    47.1773 |
|        1 |        385 |           788.90 |       788.90 |       829.00 |                  5.00 |                   11.07 |    622 |    47.2534 |
|        1 |        386 |           788.90 |       788.90 |       829.30 |                  5.00 |                   10.45 |    623 |    47.3522 |
|        1 |        387 |           788.90 |       788.90 |       829.30 |                  5.00 |                   11.16 |    623 |    47.4196 |
|        1 |        388 |           788.90 |       788.90 |       824.50 |                  5.00 |                    6.46 |    624 |    47.5036 |
|        1 |        389 |           788.90 |       788.90 |       821.28 |                  5.00 |                    8.86 |    624 |    47.5532 |
|        1 |        390 |           788.90 |       788.90 |       821.40 |                  5.00 |                    8.39 |    624 |    47.6319 |
|        1 |        391 |           788.90 |       788.90 |       821.40 |                  5.00 |                    9.41 |    624 |    47.6976 |
|        1 |        392 |           788.90 |       788.90 |       829.00 |                  5.00 |                   11.10 |    625 |    47.7503 |
|        1 |        393 |           788.90 |       788.90 |       825.60 |                  5.00 |                   16.49 |    626 |    47.8046 |
|        1 |        394 |           788.90 |       788.90 |       825.60 |                  5.00 |                   16.53 |    626 |    47.9031 |
|        1 |        395 |           788.90 |       788.90 |       831.40 |                  5.00 |                    8.78 |    626 |    47.9463 |
|        1 |        396 |           788.90 |       788.90 |       825.60 |                  5.00 |                   10.36 |    626 |    47.9983 |
|        1 |        397 |           788.90 |       788.90 |       825.60 |                  5.00 |                   11.63 |    626 |    48.0586 |
|        1 |        398 |           788.90 |       788.90 |       831.70 |                  5.00 |                    5.00 |    627 |    48.3122 |
|        1 |        399 |           788.90 |       788.90 |       830.00 |                  5.00 |                    5.00 |    627 |    48.3736 |
|        1 |        400 |           788.90 |       788.90 |       830.00 |                  5.00 |                    5.00 |    627 |    48.4296 |
|        1 |        401 |           788.90 |       788.90 |       827.70 |                  5.00 |                    6.81 |    629 |    48.5000 |
|        1 |        402 |           788.90 |       788.90 |       826.85 |                  5.00 |                    7.42 |    629 |    48.5571 |
|        1 |        403 |           788.90 |       788.90 |       821.40 |                  5.00 |                    7.51 |    629 |    48.6615 |
|        1 |        404 |           788.90 |       788.90 |       821.50 |                  5.00 |                    5.00 |    629 |    48.7189 |
|        1 |        405 |           788.90 |       788.90 |       820.90 |                  5.00 |                    7.43 |    629 |    48.7710 |
|        1 |        406 |           788.90 |       788.90 |       821.40 |                  5.00 |                    8.51 |    629 |    48.8429 |
|        1 |        407 |           788.90 |       788.90 |       821.40 |                  5.00 |                    7.66 |    629 |    48.9157 |
|        1 |        408 |           788.90 |       788.90 |       821.40 |                  5.00 |                    7.93 |    629 |    48.9723 |
|        1 |        409 |           788.90 |       788.90 |       821.40 |                  5.00 |                    5.00 |    629 |    49.0483 |
|        1 |        410 |           788.90 |       788.90 |       820.90 |                  5.00 |                    8.30 |    629 |    49.1107 |
|        1 |        411 |           788.90 |       788.90 |       821.40 |                  5.00 |                    6.76 |    629 |    49.1993 |
|        1 |        412 |           788.90 |       788.90 |       821.25 |                  5.00 |                    8.13 |    629 |    49.2866 |
|        1 |        413 |           788.90 |       788.90 |       813.70 |                  5.00 |                    9.63 |    629 |    49.4211 |
|        1 |        414 |           788.90 |       788.90 |       813.70 |                  5.00 |                    8.94 |    629 |    49.4862 |
|        1 |        415 |           788.90 |       788.90 |       817.90 |                  5.00 |                   10.44 |    630 |    49.5557 |
|        1 |        416 |           788.90 |       788.90 |       824.70 |                  5.00 |                    5.77 |    631 |    49.5948 |
|        1 |        417 |           788.90 |       788.90 |       826.80 |                  5.00 |                    5.00 |    631 |    49.6279 |
|        1 |        418 |           788.90 |       788.90 |       826.00 |                  5.00 |                    5.00 |    632 |    49.6805 |
|        1 |        419 |           788.90 |       788.90 |       826.00 |                  5.00 |                    5.00 |    632 |    49.7229 |
|        1 |        420 |           788.90 |       788.90 |       823.90 |                  5.00 |                    5.00 |    632 |    49.7658 |
|        1 |        421 |           788.90 |       788.90 |       818.54 |                  5.00 |                    5.73 |    633 |    49.8211 |
|        1 |        422 |           788.90 |       788.90 |       818.54 |                  5.00 |                    8.26 |    633 |    49.8754 |
|        1 |        423 |           788.90 |       788.90 |       818.90 |                  5.00 |                    8.38 |    633 |    49.9505 |
|        1 |        424 |           788.90 |       788.90 |       818.90 |                  5.00 |                    5.48 |    633 |    50.0007 |
|        1 |        425 |           788.90 |       788.90 |       818.71 |                  5.00 |                    7.90 |    633 |    50.0593 |
|        1 |        426 |           788.90 |       788.90 |       824.50 |                  5.00 |                    7.56 |    634 |    50.1121 |
|        1 |        427 |           788.90 |       788.90 |       824.90 |                  5.00 |                    5.00 |    634 |    50.1483 |
|        1 |        428 |           788.90 |       788.90 |       854.90 |                  5.00 |                    5.00 |    635 |    50.2322 |
|        1 |        429 |           788.90 |       788.90 |       854.66 |                  5.00 |                    8.30 |    636 |    50.2862 |
|        1 |        430 |           788.90 |       788.90 |       822.90 |                  5.00 |                    6.04 |    638 |    50.3609 |
|        1 |        431 |           788.90 |       788.90 |       833.00 |                  5.00 |                    7.85 |    638 |    50.4599 |
|        1 |        432 |           788.90 |       788.90 |       833.00 |                  5.00 |                    7.43 |    638 |    50.5240 |
|        1 |        433 |           788.90 |       788.90 |       833.00 |                  5.00 |                    7.71 |    638 |    50.5672 |
|        1 |        434 |           788.90 |       788.90 |       823.20 |                  5.00 |                   10.29 |    639 |    50.7057 |
|        1 |        435 |           788.90 |       788.90 |       823.20 |                  5.00 |                    7.51 |    639 |    50.7704 |
|        1 |        436 |           788.90 |       788.90 |       823.20 |                  5.00 |                    6.78 |    639 |    50.8045 |
|        1 |        437 |           788.90 |       788.90 |       823.20 |                  5.00 |                    8.59 |    639 |    50.8312 |
|        1 |        438 |           788.90 |       788.90 |       823.20 |                  5.00 |                    7.44 |    639 |    50.8800 |
|        1 |        439 |           788.90 |       788.90 |       823.20 |                  5.00 |                    6.31 |    639 |    50.9389 |
|        1 |        440 |           788.90 |       788.90 |       823.04 |                  5.00 |                    7.53 |    639 |    50.9821 |
|        1 |        441 |           788.90 |       788.90 |       820.20 |                  5.00 |                    6.83 |    639 |    51.0818 |
|        1 |        442 |           788.90 |       788.90 |       820.07 |                  5.00 |                    8.22 |    639 |    51.1372 |
|        1 |        443 |           788.90 |       788.90 |       825.75 |                  5.00 |                    7.25 |    639 |    51.2216 |
|        1 |        444 |           788.90 |       788.90 |       825.80 |                  5.00 |                    6.03 |    639 |    51.2676 |
|        1 |        445 |           788.90 |       788.90 |       819.89 |                  5.00 |                    7.64 |    639 |    51.3219 |
|        1 |        446 |           788.90 |       788.90 |       820.20 |                  5.00 |                    7.85 |    639 |    51.3676 |
|        1 |        447 |           788.90 |       788.90 |       820.20 |                  5.00 |                    8.89 |    639 |    51.4348 |
|        1 |        448 |           788.90 |       788.90 |       825.20 |                  5.00 |                    5.69 |    640 |    51.4824 |
|        1 |        449 |           788.90 |       788.90 |       825.20 |                  5.00 |                    5.00 |    640 |    51.5150 |
|        1 |        450 |           788.90 |       788.90 |       825.20 |                  5.00 |                    5.00 |    640 |    51.5610 |
|        1 |        451 |           788.90 |       788.90 |       819.70 |                  5.00 |                    6.53 |    640 |    51.6131 |
|        1 |        452 |           788.90 |       788.90 |       819.99 |                  5.00 |                    7.85 |    640 |    51.6802 |
|        1 |        453 |           788.90 |       788.90 |       820.20 |                  5.00 |                    8.38 |    640 |    51.7482 |
|        1 |        454 |           788.90 |       788.90 |       820.20 |                  5.00 |                    8.25 |    640 |    51.8159 |
|        1 |        455 |           788.90 |       788.90 |       820.20 |                  5.00 |                    9.54 |    640 |    51.8627 |
|        1 |        456 |           788.90 |       788.90 |       820.30 |                  5.00 |                    9.04 |    640 |    51.9221 |
|        1 |        457 |           788.90 |       788.90 |       825.80 |                  5.00 |                    5.40 |    640 |    51.9759 |
|        1 |        458 |           788.90 |       788.90 |       825.36 |                  5.00 |                    7.35 |    640 |    52.0154 |
|        1 |        459 |           788.90 |       788.90 |       825.67 |                  5.00 |                    7.53 |    640 |    52.0816 |
|        1 |        460 |           788.90 |       788.90 |       825.80 |                  5.00 |                    7.57 |    640 |    52.1456 |
|        1 |        461 |           788.90 |       788.90 |       825.73 |                  5.00 |                    5.00 |    640 |    52.2129 |
|        1 |        462 |           788.90 |       788.90 |       825.30 |                  5.00 |                    7.81 |    640 |    52.2600 |
|        1 |        463 |           788.90 |       788.90 |       831.30 |                  5.00 |                    6.91 |    641 |    52.2983 |
|        1 |        464 |           788.90 |       788.90 |       831.30 |                  5.00 |                    5.00 |    641 |    52.3417 |
|        1 |        465 |           788.90 |       788.90 |       831.30 |                  5.00 |                    5.00 |    641 |    52.3811 |
|        1 |        466 |           788.90 |       788.90 |       831.30 |                  5.00 |                    5.00 |    641 |    52.4187 |
|        1 |        467 |           788.90 |       788.90 |       831.30 |                  5.00 |                    5.00 |    641 |    52.4539 |
|        1 |        468 |           788.90 |       788.90 |       829.20 |                  5.00 |                    5.52 |    641 |    52.5193 |
|        1 |        469 |           788.90 |       788.90 |       827.09 |                  5.00 |                    6.79 |    641 |    52.6026 |
|        1 |        470 |           788.90 |       788.90 |       827.46 |                  5.00 |                    5.37 |    641 |    52.6586 |
|        1 |        471 |           788.90 |       788.90 |       843.50 |                  5.00 |                    5.00 |    641 |    52.7362 |
|        1 |        472 |           788.90 |       788.90 |       843.50 |                  5.00 |                    5.00 |    641 |    52.7754 |
|        1 |        473 |           788.90 |       788.90 |       843.50 |                  5.00 |                    5.00 |    641 |    52.8296 |
|        1 |        474 |           788.90 |       788.90 |       843.50 |                  5.00 |                    5.00 |    641 |    52.8932 |
|        1 |        475 |           788.90 |       788.90 |       843.50 |                  5.00 |                    5.00 |    641 |    52.9595 |
|        1 |        476 |           788.90 |       788.90 |       843.50 |                  5.00 |                    5.00 |    641 |    52.9960 |
|        1 |        477 |           788.90 |       788.90 |       843.50 |                  5.00 |                    5.00 |    641 |    53.0349 |
|        1 |        478 |           788.90 |       788.90 |       843.50 |                  5.00 |                    5.00 |    641 |    53.0677 |
|        1 |        479 |           788.90 |       788.90 |       843.50 |                  5.00 |                    5.00 |    641 |    53.1411 |
|        1 |        480 |           788.90 |       788.90 |       843.50 |                  5.00 |                    5.00 |    641 |    53.1961 |
|        1 |        481 |           788.90 |       788.90 |       843.10 |                  5.00 |                    5.00 |    641 |    53.2765 |
|        1 |        482 |           788.90 |       788.90 |       823.10 |                  5.00 |                    5.47 |    641 |    53.3348 |
|        1 |        483 |           788.90 |       788.90 |       823.10 |                  5.00 |                    5.00 |    641 |    53.3910 |
|        1 |        484 |           788.90 |       788.90 |       819.20 |                  5.00 |                    5.00 |    641 |    53.4495 |
|        1 |        485 |           788.90 |       788.90 |       819.20 |                  5.00 |                    5.00 |    641 |    53.4944 |
|        1 |        486 |           788.90 |       788.90 |       819.20 |                  5.00 |                    5.00 |    641 |    53.5293 |
|        1 |        487 |           788.90 |       788.90 |       819.00 |                  5.00 |                    5.00 |    642 |    53.5972 |
|        1 |        488 |           788.90 |       788.90 |       819.00 |                  5.00 |                    5.00 |    642 |    53.6380 |
|        1 |        489 |           788.90 |       788.90 |       819.00 |                  5.00 |                    5.00 |    642 |    53.6800 |
|        1 |        490 |           788.90 |       788.90 |       826.70 |                  5.00 |                    5.98 |    642 |    53.7692 |
|        1 |        491 |           788.90 |       788.90 |       826.70 |                  5.00 |                    5.00 |    642 |    53.8295 |
|        1 |        492 |           788.90 |       788.90 |       822.70 |                  5.00 |                    5.00 |    643 |    53.9039 |
|        1 |        493 |           788.90 |       788.90 |       822.70 |                  5.00 |                    5.00 |    643 |    53.9437 |
|        1 |        494 |           788.90 |       788.90 |       826.98 |                  5.00 |                    5.00 |    643 |    53.9781 |
|        1 |        495 |           788.90 |       788.90 |       826.90 |                  5.00 |                    6.86 |    643 |    54.0246 |
|        1 |        496 |           788.90 |       788.90 |       827.40 |                  5.00 |                    7.86 |    643 |    54.0793 |
|        1 |        497 |           788.90 |       788.90 |       827.40 |                  5.00 |                    9.46 |    643 |    54.1341 |
|        1 |        498 |           788.90 |       788.90 |       831.80 |                  5.00 |                    5.00 |    643 |    54.1780 |
|        1 |        499 |           788.90 |       788.90 |       831.80 |                  5.00 |                    5.00 |    643 |    54.2234 |
|        1 |        500 |           788.90 |       788.90 |       827.01 |                  5.00 |                    6.21 |    643 |    54.2843 |
------------------------------------------------------------------------------------------------------------------------------------------------
Version identifier: 22.1.2.0 | 2024-11-26 | 0edbb82fd
CPXPARAM_MIP_Tolerances_UpperCutoff              788.99999999987506
Tried aggregator 1 time.
MIP Presolve eliminated 48 rows and 234 columns.
MIP Presolve modified 305 coefficients.
Reduced MIP has 53 rows, 409 columns, and 3819 nonzeros.
Reduced MIP has 409 binaries, 0 generals, 0 SOSs, and 0 indicators.
Presolve time = 0.01 sec. (4.23 ticks)
Probing time = 0.00 sec. (5.95 ticks)
Tried aggregator 1 time.
Detecting symmetries...
MIP Presolve eliminated 1 rows and 5 columns.
Reduced MIP has 52 rows, 404 columns, and 3781 nonzeros.
Reduced MIP has 404 binaries, 0 generals, 0 SOSs, and 0 indicators.
Presolve time = 0.00 sec. (2.78 ticks)
Probing time = 0.00 sec. (2.49 ticks)
Clique table members: 522.
MIP emphasis: balance optimality and feasibility.
MIP search method: dynamic search.
Parallel mode: deterministic, using up to 8 threads.
Root relaxation solution time = 0.00 sec. (1.63 ticks)

        Nodes                                         Cuts/
   Node  Left     Objective  IInf  Best Integer    Best Bound    ItCnt     Gap

      0     0      782.3500    10                    782.3500      108         
*     0     0      integral     0      782.4000       Cuts: 6      111    0.00%
      0     0        cutoff            782.4000      782.4000      111    0.00%
Elapsed time = 0.05 sec. (24.63 ticks, tree = 0.01 MB, solutions = 1)
objective_value(sp) = 782.4000000000001
 58.095359 seconds (6.91 M allocations: 346.392 MiB, 0.15% gc time, 7.34% compilation time)
#1: 0 (0.0) {100.0} -> 90 (6.0) {204.0} [204.0, 633.0] -> 82 (15.0) {224.7} [14.0, 506.0] -> 99 (30.0) {242.7} [149.0, 586.0] -> 52 (33.0) {257.7} [25.0, 516.0] -> 9 (53.0) {283.5} [213.0, 648.0] -> 10 (83.0) {404.0} [404.0, 753.0] -> 11 (123.0) {416.0} [33.0, 511.0] -> 13 (133.0) {431.8} [395.0, 911.0] -> 15 (153.0) {447.6} [39.0, 528.0] -> 16 (173.0) {459.6} [94.0, 535.0] -> 17 (193.0) {474.6} [394.0, 909.0] -> 47 (203.0) {486.6} [38.0, 606.0] -> 14 (213.0) {499.6} [35.0, 697.0] -> 12 (233.0) {512.6} [46.0, 519.0] -> 53 (238.0) {535.6} [239.0, 630.0] -> 0 (238.0) {565.6} [0.0, 960.0]
#2: 0 (0.0) {98.0} -> 61 (9.0) {113.8} [110.0, 525.0] -> 81 (19.0) {249.0} [249.0, 580.0] -> 94 (42.0) {271.8} [265.0, 638.0] -> 93 (45.0) {373.0} [373.0, 928.0] -> 71 (59.0) {388.0} [81.0, 520.0] -> 72 (67.0) {408.1} [27.0, 622.0] -> 41 (87.0) {429.2} [201.0, 670.0] -> 42 (97.0) {445.0} [33.0, 568.0] -> 44 (107.0) {457.0} [49.0, 504.0] -> 43 (127.0) {470.0} [429.0, 838.0] -> 40 (157.0) {485.0} [191.0, 586.0] -> 36 (197.0) {500.0} [43.0, 617.0] -> 35 (217.0) {512.0} [410.0, 905.0] -> 37 (227.0) {525.6} [410.0, 823.0] -> 38 (257.0) {539.2} [114.0, 561.0] -> 39 (267.0) {551.2} [36.0, 658.0] -> 54 (283.0) {581.8} [448.0, 873.0] -> 96 (309.0) {597.8} [418.0, 825.0] -> 0 (309.0) {623.3} [0.0, 960.0]
#3: 0 (0.0) {101.0} -> 65 (16.0) {112.1} [11.0, 530.0] -> 83 (30.0) {131.3} [19.0, 566.0] -> 64 (47.0) {149.3} [20.0, 498.0] -> 49 (57.0) {341.0} [341.0, 658.0] -> 19 (97.0) {353.0} [85.0, 542.0] -> 18 (117.0) {368.3} [218.0, 571.0] -> 48 (127.0) {396.0} [396.0, 904.0] -> 21 (137.0) {408.0} [45.0, 517.0] -> 23 (167.0) {420.0} [45.0, 523.0] -> 25 (187.0) {433.0} [386.0, 904.0] -> 77 (194.0) {455.1} [390.0, 900.0] -> 58 (214.0) {475.7} [401.0, 902.0] -> 75 (230.0) {496.8} [63.0, 520.0] -> 97 (265.0) {519.8} [426.0, 787.0] -> 59 (284.0) {536.1} [42.0, 706.0] -> 87 (297.0) {550.5} [272.0, 565.0] -> 74 (305.0) {569.4} [430.0, 913.0] -> 86 (333.0) {583.5} [212.0, 605.0] -> 57 (356.0) {602.5} [227.0, 686.0] -> 24 (366.0) {625.3} [389.0, 914.0] -> 22 (406.0) {637.3} [229.0, 640.0] -> 20 (416.0) {649.3} [391.0, 802.0] -> 66 (432.0) {681.3} [404.0, 847.0] -> 0 (432.0) {704.3} [0.0, 960.0]
#4: 0 (0.0) {101.0} -> 69 (27.0) {110.2} [9.0, 510.0] -> 98 (36.0) {125.2} [14.0, 499.0] -> 88 (55.0) {141.5} [90.0, 549.0] -> 60 (72.0) {401.0} [401.0, 923.0] -> 78 (99.0) {419.0} [190.0, 659.0] -> 73 (104.0) {436.2} [135.0, 556.0] -> 79 (134.0) {455.1} [215.0, 608.0] -> 7 (154.0) {476.5} [161.0, 558.0] -> 6 (174.0) {489.5} [228.0, 667.0] -> 2 (204.0) {503.5} [30.0, 546.0] -> 4 (244.0) {518.8} [425.0, 913.0] -> 46 (254.0) {530.8} [315.0, 782.0] -> 8 (264.0) {543.8} [229.0, 624.0] -> 45 (274.0) {559.1} [37.0, 597.0] -> 5 (294.0) {572.1} [40.0, 630.0] -> 3 (304.0) {584.1} [353.0, 708.0] -> 1 (324.0) {597.1} [388.0, 911.0] -> 70 (347.0) {625.9} [330.0, 930.0] -> 100 (350.0) {640.3} [356.0, 930.0] -> 55 (366.0) {657.3} [420.0, 897.0] -> 68 (387.0) {677.3} [436.0, 907.0] -> 0 (387.0) {697.3} [0.0, 960.0]
#5: 0 (0.0) {101.0} -> 92 (14.0) {115.7} [14.0, 581.0] -> 95 (20.0) {132.4} [20.0, 539.0] -> 67 (29.0) {151.8} [100.0, 555.0] -> 62 (32.0) {168.8} [29.0, 548.0] -> 50 (62.0) {351.0} [351.0, 782.0] -> 34 (92.0) {374.0} [342.0, 751.0] -> 31 (112.0) {387.0} [50.0, 534.0] -> 29 (122.0) {399.0} [52.0, 536.0] -> 27 (142.0) {414.0} [57.0, 600.0] -> 26 (172.0) {429.0} [389.0, 788.0] -> 28 (182.0) {442.0} [55.0, 575.0] -> 30 (192.0) {456.0} [90.0, 521.0] -> 32 (202.0) {467.0} [425.0, 898.0] -> 33 (212.0) {482.3} [51.0, 602.0] -> 76 (243.0) {520.4} [125.0, 530.0] -> 89 (268.0) {540.2} [325.0, 897.0] -> 63 (274.0) {565.3} [39.0, 593.0] -> 85 (276.0) {578.9} [198.0, 609.0] -> 51 (295.0) {597.4} [161.0, 610.0] -> 84 (313.0) {616.6} [259.0, 650.0] -> 56 (332.0) {635.8} [390.0, 843.0] -> 91 (345.0) {652.8} [442.0, 937.0] -> 80 (358.0) {668.1} [444.0, 942.0] -> 0 (358.0) {685.7} [0.0, 960.0]

Dist: 782.4000000000001. Cost: 782.4000000000001

Clique cuts applied:  1
Zero-half cuts applied:  2
Lift and project cuts applied:  1
Gomory fractional cuts applied:  2

Root node processing (before b&c):
  Real time             =    0.06 sec. (24.65 ticks)
Parallel b&c, 8 threads:
  Real time             =    0.00 sec. (0.00 ticks)
  Sync time (average)   =    0.00 sec.
  Wait time (average)   =    0.00 sec.
                          ------------
Total (root+branch&cut) =    0.06 sec. (24.65 ticks)
