Solving...
------------------------------------------------------------------------------------------------------------------------------------------------
|  Restart |  Iteration |  Best Feas. Cost |    Best Cost |   Curr. Cost |   Penalty Custom Res. |   Penalty Standard Res. |   Pool |   Time (s) |
------------------------------------------------------------------------------------------------------------------------------------------------
|        1 |          1 |              Inf |       984.45 |      1054.30 |                  7.92 |                    0.45 |     53 |     0.1962 |
|        1 |          2 |              Inf |       984.45 |      1155.04 |                 15.43 |                    0.28 |     53 |     0.6443 |
|        1 |          3 |              Inf |       984.45 |      1373.66 |                 37.78 |                    0.13 |     58 |     0.7175 |
|        1 |          4 |              Inf |       984.45 |      1561.68 |                 72.86 |                    0.10 |     65 |     0.7706 |
|        1 |          0 |          1614.10 |       984.45 |      1614.10 |                 32.04 |                    0.10 |     85 |     0.9589 |
|        1 |          0 |          1584.90 |       984.45 |      1584.90 |                 28.58 |                    0.10 |     87 |     1.0261 |
|        1 |          1 |          1584.90 |       984.45 |      1497.67 |                 31.34 |                    0.10 |     93 |     1.1532 |
|        1 |          0 |          1507.70 |       984.45 |      1507.70 |                 19.68 |                    0.10 |     98 |     1.2404 |
|        1 |          1 |          1507.70 |       984.45 |      1446.26 |                 39.27 |                    0.10 |    101 |     1.3858 |
|        1 |          2 |          1507.70 |       984.45 |      1542.89 |                 72.67 |                    0.10 |    104 |     1.4532 |
|        1 |          3 |          1507.70 |       984.45 |      1573.78 |                 49.46 |                    0.10 |    110 |     1.5305 |
|        1 |          4 |          1507.70 |       984.45 |      1586.67 |                 55.47 |                    0.10 |    113 |     1.6138 |
|        1 |          5 |          1507.70 |       984.45 |      1551.00 |                 74.60 |                    0.10 |    116 |     1.6720 |
|        1 |          6 |          1507.70 |       984.45 |      1549.30 |                 41.62 |                    0.10 |    119 |     1.7290 |
|        1 |          7 |          1507.70 |       984.45 |      1568.60 |                 55.92 |                    0.10 |    126 |     1.8032 |
|        1 |          0 |          1504.50 |       984.45 |      1504.50 |                 20.02 |                    0.10 |    132 |     1.9200 |
|        1 |          1 |          1504.50 |       984.45 |      1470.49 |                 37.78 |                    0.10 |    134 |     1.9932 |
|        1 |          2 |          1504.50 |       984.45 |      1487.42 |                101.18 |                    0.10 |    136 |     2.0737 |
|        1 |          3 |          1504.50 |       984.45 |      1539.18 |                 91.20 |                    0.10 |    136 |     2.1310 |
|        1 |          4 |          1504.50 |       984.45 |      1538.78 |                 53.47 |                    0.10 |    138 |     2.1908 |
|        1 |          5 |          1504.50 |       984.45 |      1509.70 |                100.08 |                    0.10 |    140 |     2.2401 |
|        1 |          0 |          1491.40 |       984.45 |      1491.40 |                 62.81 |                    0.10 |    146 |     2.3253 |
|        1 |          1 |          1491.40 |       984.45 |      1491.40 |                 69.89 |                    0.10 |    146 |     2.3741 |
|        1 |          2 |          1491.40 |       984.45 |      1491.40 |                 37.43 |                    0.10 |    146 |     2.4464 |
|        1 |          0 |          1489.80 |       984.45 |      1489.80 |                 21.86 |                    0.10 |    148 |     2.5665 |
|        1 |          1 |          1489.80 |       984.45 |      1476.20 |                 19.59 |                    0.10 |    152 |     2.7281 |
|        1 |          2 |          1489.80 |       984.45 |      1463.23 |                 54.05 |                    0.10 |    160 |     2.8080 |
|        1 |          3 |          1489.80 |       984.45 |      1495.98 |                 48.71 |                    0.10 |    160 |     2.8751 |
|        1 |          4 |          1489.80 |       984.45 |      1491.35 |                 93.01 |                    0.10 |    160 |     2.9237 |
|        1 |          5 |          1489.80 |       984.45 |      1506.70 |                 57.32 |                    0.10 |    163 |     2.9844 |
|        1 |          6 |          1489.80 |       984.45 |      1513.00 |                 31.01 |                    0.10 |    164 |     3.0476 |
|        1 |          7 |          1489.80 |       984.45 |      1512.80 |                 30.52 |                    0.10 |    169 |     3.1458 |
|        1 |          8 |          1489.80 |       984.45 |      1512.80 |                 34.95 |                    0.10 |    169 |     3.2133 |
|        1 |          9 |          1489.80 |       984.45 |      1520.80 |                 35.14 |                    0.10 |    172 |     3.2904 |
|        1 |         10 |          1489.80 |       984.45 |      1520.80 |                 34.64 |                    0.10 |    172 |     3.3615 |
|        1 |         11 |          1489.80 |       984.45 |      1464.11 |                 22.79 |                    0.10 |    176 |     3.4877 |
|        1 |         12 |          1489.80 |       984.45 |      1460.77 |                 40.94 |                    0.10 |    177 |     3.5524 |
|        1 |         13 |          1489.80 |       984.45 |      1497.86 |                 27.33 |                    0.10 |    178 |     3.6149 |
|        1 |          0 |          1463.90 |       984.45 |      1463.90 |                 39.31 |                    0.10 |    178 |     3.7139 |
|        1 |          1 |          1463.90 |       984.45 |      1463.90 |                 20.04 |                    0.10 |    178 |     3.7692 |
|        1 |          2 |          1463.90 |       984.45 |      1440.91 |                 44.86 |                    0.10 |    178 |     3.8291 |
|        1 |          0 |          1450.90 |       984.45 |      1450.90 |                 54.96 |                    0.10 |    178 |     3.9369 |
|        1 |          1 |          1450.90 |       984.45 |      1512.70 |                 26.33 |                    0.10 |    184 |     4.0286 |
|        1 |          2 |          1450.90 |       984.45 |      1532.20 |                 18.79 |                    0.11 |    188 |     4.1387 |
|        1 |          3 |          1450.90 |       984.45 |      1498.95 |                 36.54 |                    0.10 |    189 |     4.2170 |
|        1 |          4 |          1450.90 |       984.45 |      1497.80 |                 30.04 |                    0.10 |    189 |     4.3117 |
|        1 |          5 |          1450.90 |       984.45 |      1497.80 |                 23.31 |                    0.10 |    189 |     4.3671 |
|        1 |          6 |          1450.90 |       984.45 |      1465.43 |                 27.42 |                    0.10 |    190 |     4.4859 |
|        1 |          7 |          1450.90 |       984.45 |      1487.24 |                 54.40 |                    0.10 |    191 |     4.5612 |
|        1 |          8 |          1450.90 |       984.45 |      1541.00 |                 33.47 |                    0.10 |    194 |     4.6500 |
|        1 |          9 |          1450.90 |       984.45 |      1446.21 |                 34.87 |                    0.10 |    194 |     4.7905 |
|        1 |         10 |          1450.90 |       984.45 |      1558.20 |                 19.05 |                    0.10 |    199 |     4.8633 |
|        1 |         11 |          1450.90 |       984.45 |      1556.60 |                 22.04 |                    0.10 |    200 |     4.9214 |
|        1 |         12 |          1450.90 |       984.45 |      1558.60 |                 14.43 |                    0.10 |    201 |     4.9766 |
|        1 |         13 |          1450.90 |       984.45 |      1438.48 |                 35.30 |                    0.10 |    202 |     5.0621 |
|        1 |         14 |          1450.90 |       984.45 |      1472.41 |                 68.08 |                    0.10 |    202 |     5.1147 |
|        1 |         15 |          1450.90 |       984.45 |      1493.26 |                 60.74 |                    0.10 |    202 |     5.1763 |
|        1 |         16 |          1450.90 |       984.45 |      1486.78 |                 55.32 |                    0.10 |    202 |     5.2309 |
|        1 |         17 |          1450.90 |       984.45 |      1479.60 |                 56.19 |                    0.10 |    204 |     5.2960 |
|        1 |         18 |          1450.90 |       984.45 |      1480.06 |                 31.63 |                    0.10 |    204 |     5.3648 |
|        1 |         19 |          1450.90 |       984.45 |      1455.48 |                 48.92 |                    0.10 |    205 |     5.4293 |
|        1 |         20 |          1450.90 |       984.45 |      1514.90 |                 96.24 |                    0.10 |    207 |     5.4843 |
|        1 |         21 |          1450.90 |       984.45 |      1534.40 |                 48.54 |                    0.10 |    209 |     5.5565 |
|        1 |         22 |          1450.90 |       984.45 |      1527.89 |                 76.55 |                    0.10 |    209 |     5.6230 |
|        1 |         23 |          1450.90 |       984.45 |      1556.50 |                 49.60 |                    0.10 |    211 |     5.6824 |
|        1 |         24 |          1450.90 |       984.45 |      1556.50 |                 27.92 |                    0.10 |    211 |     5.7534 |
|        1 |         25 |          1450.90 |       984.45 |      1516.11 |                 37.04 |                    0.10 |    213 |     5.8810 |
|        1 |         26 |          1450.90 |       984.45 |      1567.09 |                 39.16 |                    0.10 |    219 |     5.9498 |
|        1 |         27 |          1450.90 |       984.45 |      1513.10 |                 14.57 |                    0.10 |    221 |     6.0861 |
|        1 |         28 |          1450.90 |       984.45 |      1506.30 |                 10.31 |                    0.10 |    224 |     6.1752 |
|        1 |         29 |          1450.90 |       984.45 |      1465.06 |                 26.53 |                    0.10 |    228 |     6.2528 |
|        1 |         30 |          1450.90 |       984.45 |      1500.99 |                 25.04 |                    0.10 |    229 |     6.3792 |
|        1 |         31 |          1450.90 |       984.45 |      1496.80 |                 18.28 |                    0.10 |    229 |     6.4440 |
|        1 |         32 |          1450.90 |       984.45 |      1478.10 |                 38.06 |                    0.10 |    229 |     6.5398 |
|        1 |         33 |          1450.90 |       984.45 |      1478.10 |                 31.98 |                    0.10 |    229 |     6.6035 |
|        1 |         34 |          1450.90 |       984.45 |      1478.10 |                 22.39 |                    0.10 |    229 |     6.7067 |
|        1 |         35 |          1450.90 |       984.45 |      1507.60 |                 15.69 |                    0.10 |    230 |     6.7921 |
|        1 |         36 |          1450.90 |       984.45 |      1473.55 |                 26.78 |                    0.10 |    230 |     6.8768 |
|        1 |         37 |          1450.90 |       984.45 |      1501.23 |                 52.67 |                    0.10 |    230 |     6.9326 |
|        1 |         38 |          1450.90 |       984.45 |      1539.86 |                 73.63 |                    0.10 |    231 |     7.0134 |
|        1 |         39 |          1450.90 |       984.45 |      1572.30 |                 51.59 |                    0.10 |    235 |     7.1068 |
|        1 |         40 |          1450.90 |       984.45 |      1534.90 |                 31.37 |                    0.10 |    239 |     7.2229 |
|        1 |         41 |          1450.90 |       984.45 |      1471.34 |                 36.84 |                    0.10 |    240 |     7.3634 |
|        1 |         42 |          1450.90 |       984.45 |      1492.10 |                 28.29 |                    0.10 |    240 |     7.4298 |
|        1 |         43 |          1450.90 |       984.45 |      1467.40 |                 46.79 |                    0.10 |    240 |     7.5377 |
|        1 |         44 |          1450.90 |       984.45 |      1524.01 |                 42.57 |                    0.10 |    241 |     7.6067 |
|        1 |         45 |          1450.90 |       984.45 |      1511.11 |                 57.19 |                    0.10 |    244 |     7.6801 |
|        1 |         46 |          1450.90 |       984.45 |      1575.30 |                 36.35 |                    0.10 |    249 |     7.7359 |
|        1 |         47 |          1450.90 |       984.45 |      1483.38 |                 13.55 |                    0.10 |    249 |     7.9899 |
|        1 |         48 |          1450.90 |       984.45 |      1546.22 |                 22.49 |                    0.15 |    250 |     8.0420 |
|        1 |         49 |          1450.90 |       984.45 |      1493.10 |                 16.41 |                    0.10 |    253 |     8.1212 |
|        1 |         50 |          1450.90 |       984.45 |      1493.10 |                 13.94 |                    0.10 |    253 |     8.1731 |
|        1 |          0 |          1446.70 |       984.45 |      1446.70 |                 16.35 |                    0.10 |    253 |     8.3263 |
|        1 |          1 |          1446.70 |       984.45 |      1446.70 |                 19.10 |                    0.10 |    253 |     8.3908 |
|        1 |          2 |          1446.70 |       984.45 |      1462.38 |                 32.62 |                    0.10 |    254 |     8.4699 |
|        1 |          3 |          1446.70 |       984.45 |      1487.11 |                 31.82 |                    0.10 |    255 |     8.5438 |
|        1 |          4 |          1446.70 |       984.45 |      1488.50 |                 21.67 |                    0.10 |    257 |     8.6071 |
|        1 |          5 |          1446.70 |       984.45 |      1479.96 |                 21.11 |                    0.10 |    257 |     8.6941 |
|        1 |          6 |          1446.70 |       984.45 |      1480.71 |                 21.66 |                    0.10 |    257 |     8.7634 |
|        1 |          7 |          1446.70 |       984.45 |      1482.82 |                 48.01 |                    0.10 |    257 |     8.8275 |
|        1 |          8 |          1446.70 |       984.45 |      1508.57 |                 33.01 |                    0.10 |    257 |     8.8919 |
|        1 |          9 |          1446.70 |       984.45 |      1492.61 |                 37.85 |                    0.10 |    257 |     8.9429 |
|        1 |         10 |          1446.70 |       984.45 |      1530.18 |                 60.31 |                    0.10 |    258 |     9.0071 |
|        1 |         11 |          1446.70 |       984.45 |      1531.90 |                 42.19 |                    0.10 |    259 |     9.1184 |
|        1 |         12 |          1446.70 |       984.45 |      1544.00 |                 36.73 |                    0.10 |    262 |     9.2438 |
|        1 |         13 |          1446.70 |       984.45 |      1551.51 |                 64.65 |                    0.10 |    262 |     9.3193 |
|        1 |         14 |          1446.70 |       984.45 |      1635.88 |                 61.27 |                    0.10 |    264 |     9.3790 |
|        1 |         15 |          1446.70 |       984.45 |      1589.60 |                 56.15 |                    0.10 |    268 |     9.4889 |
|        1 |         16 |          1446.70 |       984.45 |      1495.79 |                 49.27 |                    0.10 |    269 |     9.6538 |
|        1 |         17 |          1446.70 |       984.45 |      1555.90 |                 27.20 |                    0.10 |    270 |     9.7146 |
|        1 |         18 |          1446.70 |       984.45 |      1527.90 |                 25.51 |                    0.10 |    270 |     9.7840 |
|        1 |         19 |          1446.70 |       984.45 |      1464.99 |                 30.02 |                    0.10 |    270 |     9.8994 |
|        1 |         20 |          1446.70 |       984.45 |      1491.68 |                 29.02 |                    0.10 |    270 |     9.9625 |
|        1 |         21 |          1446.70 |       984.45 |      1487.24 |                 61.82 |                    0.10 |    270 |    10.0254 |
|        1 |         22 |          1446.70 |       984.45 |      1529.02 |                 55.13 |                    0.10 |    271 |    10.0963 |
|        1 |         23 |          1446.70 |       984.45 |      1512.60 |                 34.25 |                    0.10 |    274 |    10.1867 |
|        1 |         24 |          1446.70 |       984.45 |      1510.60 |                 31.44 |                    0.10 |    276 |    10.2687 |
|        1 |         25 |          1446.70 |       984.45 |      1510.60 |                 17.70 |                    0.10 |    276 |    10.3317 |
|        1 |         26 |          1446.70 |       984.45 |      1483.00 |                 20.40 |                    0.10 |    279 |    10.4546 |
|        1 |         27 |          1446.70 |       984.45 |      1493.03 |                 41.77 |                    0.10 |    279 |    10.5113 |
|        1 |         28 |          1446.70 |       984.45 |      1542.00 |                 46.68 |                    0.10 |    281 |    10.6447 |
|        1 |         29 |          1446.70 |       984.45 |      1522.10 |                 24.64 |                    0.10 |    284 |    10.7823 |
|        1 |         30 |          1446.70 |       984.45 |      1509.17 |                 25.98 |                    0.10 |    286 |    10.8954 |
|        1 |         31 |          1446.70 |       984.45 |      1553.00 |                 61.74 |                    0.10 |    290 |    10.9699 |
|        1 |         32 |          1446.70 |       984.45 |      1629.99 |                 35.83 |                    0.10 |    292 |    11.0376 |
|        1 |         33 |          1446.70 |       984.45 |      1541.95 |                 73.30 |                    0.10 |    295 |    11.2485 |
|        1 |         34 |          1446.70 |       984.45 |      1536.00 |                 37.70 |                    0.10 |    298 |    11.3275 |
|        1 |         35 |          1446.70 |       984.45 |      1536.00 |                 26.98 |                    0.10 |    298 |    11.3946 |
|        1 |         36 |          1446.70 |       984.45 |      1486.84 |                 61.58 |                    0.10 |    298 |    11.4726 |
|        1 |         37 |          1446.70 |       984.45 |      1526.52 |                 43.61 |                    0.10 |    298 |    11.5465 |
|        1 |         38 |          1446.70 |       984.45 |      1549.67 |                 34.48 |                    0.10 |    301 |    11.6265 |
|        1 |         39 |          1446.70 |       984.45 |      1533.02 |                 60.70 |                    0.10 |    301 |    11.6942 |
|        1 |         40 |          1446.70 |       984.45 |      1577.50 |                 43.88 |                    0.10 |    302 |    11.7652 |
|        1 |         41 |          1446.70 |       984.45 |      1577.50 |                 67.81 |                    0.10 |    302 |    11.8387 |
|        1 |         42 |          1446.70 |       984.45 |      1584.20 |                 50.00 |                    0.10 |    306 |    11.9096 |
|        1 |         43 |          1446.70 |       984.45 |      1565.27 |                 42.83 |                    0.10 |    309 |    12.1408 |
|        1 |         44 |          1446.70 |       984.45 |      1514.80 |                 47.31 |                    0.10 |    312 |    12.3078 |
|        1 |         45 |          1446.70 |       984.45 |      1514.80 |                 31.90 |                    0.10 |    312 |    12.3706 |
|        1 |         46 |          1446.70 |       984.45 |      1510.67 |                 54.44 |                    0.10 |    316 |    12.4523 |
|        1 |         47 |          1446.70 |       984.45 |      1515.50 |                 45.04 |                    0.10 |    321 |    12.5962 |
|        1 |         48 |          1446.70 |       984.45 |      1516.40 |                 22.00 |                    0.10 |    323 |    12.7067 |
|        1 |         49 |          1446.70 |       984.45 |      1483.50 |                 23.68 |                    0.10 |    325 |    12.8050 |
|        1 |         50 |          1446.70 |       984.45 |      1480.10 |                 13.19 |                    0.10 |    325 |    12.8826 |
|        1 |         51 |          1446.70 |       984.45 |      1443.24 |                 28.09 |                    0.10 |    325 |    12.9479 |
|        1 |         52 |          1446.70 |       984.45 |      1490.63 |                 61.64 |                    0.10 |    327 |    13.0074 |
|        1 |         53 |          1446.70 |       984.45 |      1508.50 |                 37.49 |                    0.10 |    332 |    13.1163 |
|        1 |         54 |          1446.70 |       984.45 |      1475.22 |                 22.16 |                    0.10 |    333 |    13.2011 |
|        1 |         55 |          1446.70 |       984.45 |      1471.44 |                 61.16 |                    0.10 |    333 |    13.2765 |
|        1 |         56 |          1446.70 |       984.45 |      1510.48 |                 60.91 |                    0.10 |    335 |    13.3417 |
|        1 |         57 |          1446.70 |       984.45 |      1489.70 |                 27.97 |                    0.10 |    335 |    13.4684 |
|        1 |         58 |          1446.70 |       984.45 |      1489.70 |                 19.03 |                    0.10 |    335 |    13.5444 |
|        1 |         59 |          1446.70 |       984.45 |      1489.70 |                 10.51 |                    0.10 |    335 |    13.5971 |
|        1 |         60 |          1446.70 |       984.45 |      1412.53 |                 24.46 |                    0.11 |    335 |    13.6781 |
|        1 |         61 |          1446.70 |       984.45 |      1478.48 |                 47.18 |                    0.10 |    335 |    13.7297 |
|        1 |         62 |          1446.70 |       984.45 |      1499.40 |                 67.99 |                    0.10 |    335 |    13.8037 |
|        1 |         63 |          1446.70 |       984.45 |      1536.20 |                 20.92 |                    0.10 |    338 |    13.9349 |
|        1 |         64 |          1446.70 |       984.45 |      1459.38 |                 18.76 |                    0.10 |    339 |    14.0740 |
|        1 |         65 |          1446.70 |       984.45 |      1465.73 |                 25.72 |                    0.10 |    339 |    14.1424 |
|        1 |         66 |          1446.70 |       984.45 |      1477.74 |                 24.40 |                    0.10 |    339 |    14.1867 |
|        1 |         67 |          1446.70 |       984.45 |      1502.69 |                 53.01 |                    0.10 |    339 |    14.2476 |
|        1 |         68 |          1446.70 |       984.45 |      1604.28 |                 50.24 |                    0.10 |    342 |    14.3071 |
|        1 |         69 |          1446.70 |       984.45 |      1559.90 |                 87.96 |                    0.10 |    343 |    14.4618 |
|        1 |         70 |          1446.70 |       984.45 |      1559.20 |                 26.28 |                    0.10 |    347 |    14.5834 |
|        1 |         71 |          1446.70 |       984.45 |      1523.86 |                 45.30 |                    0.10 |    349 |    14.6794 |
|        1 |         72 |          1446.70 |       984.45 |      1578.20 |                 28.93 |                    0.10 |    354 |    14.8136 |
|        1 |         73 |          1446.70 |       984.45 |      1554.20 |                 55.65 |                    0.10 |    354 |    14.9053 |
|        1 |         74 |          1446.70 |       984.45 |      1554.10 |                 27.51 |                    0.10 |    354 |    14.9839 |
|        1 |         75 |          1446.70 |       984.45 |      1560.20 |                 23.09 |                    0.10 |    356 |    15.0620 |
|        1 |         76 |          1446.70 |       984.45 |      1501.36 |                 36.36 |                    0.10 |    356 |    15.1720 |
|        1 |         77 |          1446.70 |       984.45 |      1521.82 |                 84.71 |                    0.10 |    356 |    15.2405 |
|        1 |         78 |          1446.70 |       984.45 |      1554.80 |                 41.07 |                    0.10 |    356 |    15.3105 |
|        1 |         79 |          1446.70 |       984.45 |      1538.90 |                 16.55 |                    0.10 |    357 |    15.4506 |
|        1 |         80 |          1446.70 |       984.45 |      1488.01 |                 44.70 |                    0.10 |    358 |    15.5489 |
|        1 |         81 |          1446.70 |       984.45 |      1571.00 |                 52.54 |                    0.10 |    360 |    15.6799 |
|        1 |         82 |          1446.70 |       984.45 |      1519.40 |                 14.50 |                    0.10 |    360 |    15.7914 |
|        1 |         83 |          1446.70 |       984.45 |      1458.69 |                 29.65 |                    0.10 |    360 |    15.8629 |
|        1 |         84 |          1446.70 |       984.45 |      1522.20 |                 80.06 |                    0.10 |    361 |    15.9639 |
|        1 |         85 |          1446.70 |       984.45 |      1562.76 |                151.36 |                    0.10 |    361 |    16.0154 |
|        1 |         86 |          1446.70 |       984.45 |      1542.80 |                 51.55 |                    0.10 |    361 |    16.1287 |
|        1 |         87 |          1446.70 |       984.45 |      1542.80 |                 32.13 |                    0.10 |    361 |    16.1746 |
|        1 |         88 |          1446.70 |       984.45 |      1513.16 |                 43.93 |                    0.10 |    361 |    16.2943 |
|        1 |         89 |          1446.70 |       984.45 |      1555.97 |                 54.38 |                    0.10 |    364 |    16.4005 |
|        1 |         90 |          1446.70 |       984.45 |      1539.40 |                 40.49 |                    0.10 |    368 |    16.4731 |
|        1 |         91 |          1446.70 |       984.45 |      1546.26 |                 43.99 |                    0.10 |    372 |    16.5869 |
|        1 |         92 |          1446.70 |       984.45 |      1559.13 |                 30.56 |                    0.10 |    372 |    16.6521 |
|        1 |         93 |          1446.70 |       984.45 |      1541.04 |                 58.83 |                    0.10 |    375 |    16.7340 |
|        1 |         94 |          1446.70 |       984.45 |      1577.90 |                 59.72 |                    0.10 |    379 |    16.8186 |
|        1 |         95 |          1446.70 |       984.45 |      1512.70 |                 29.95 |                    0.10 |    380 |    16.9763 |
|        1 |         96 |          1446.70 |       984.45 |      1446.24 |                 31.23 |                    0.10 |    380 |    17.1125 |
|        1 |         97 |          1446.70 |       984.45 |      1480.56 |                 49.23 |                    0.10 |    380 |    17.1958 |
|        1 |         98 |          1446.70 |       984.45 |      1502.32 |                 53.68 |                    0.10 |    380 |    17.2519 |
|        1 |         99 |          1446.70 |       984.45 |      1556.79 |                 51.34 |                    0.10 |    380 |    17.3180 |
|        1 |        100 |          1446.70 |       984.45 |      1526.70 |                 27.99 |                    0.10 |    381 |    17.4157 |
|        1 |        101 |          1446.70 |       984.45 |      1446.80 |                 43.19 |                    0.10 |    381 |    17.5121 |
|        1 |        102 |          1446.70 |       984.45 |      1471.31 |                 59.78 |                    0.10 |    381 |    17.5887 |
|        1 |        103 |          1446.70 |       984.45 |      1496.20 |                 32.36 |                    0.10 |    381 |    17.6481 |
|        1 |        104 |          1446.70 |       984.45 |      1458.67 |                 53.12 |                    0.10 |    381 |    17.7119 |
|        1 |        105 |          1446.70 |       984.45 |      1479.35 |                 69.29 |                    0.10 |    381 |    17.7735 |
|        1 |        106 |          1446.70 |       984.45 |      1496.90 |                 35.68 |                    0.10 |    381 |    17.8272 |
|        1 |        107 |          1446.70 |       984.45 |      1496.90 |                 19.50 |                    0.10 |    381 |    17.8872 |
|        1 |        108 |          1446.70 |       984.45 |      1459.60 |                 31.63 |                    0.10 |    381 |    17.9812 |
|        1 |        109 |          1446.70 |       984.45 |      1517.10 |                 30.28 |                    0.10 |    381 |    18.0389 |
|        1 |        110 |          1446.70 |       984.45 |      1530.88 |                 69.15 |                    0.10 |    381 |    18.1053 |
|        1 |        111 |          1446.70 |       984.45 |      1552.20 |                 65.94 |                    0.10 |    384 |    18.2311 |
|        1 |        112 |          1446.70 |       984.45 |      1552.20 |                 42.76 |                    0.10 |    384 |    18.2743 |
|        1 |        113 |          1446.70 |       984.45 |      1418.67 |                 31.56 |                    0.10 |    384 |    18.4899 |
|        1 |        114 |          1446.70 |       984.45 |      1511.85 |                 63.96 |                    0.10 |    384 |    18.5455 |
|        1 |        115 |          1446.70 |       984.45 |      1542.78 |                136.26 |                    0.10 |    385 |    18.6053 |
|        1 |        116 |          1446.70 |       984.45 |      1624.90 |                 71.52 |                    0.10 |    385 |    18.6735 |
|        1 |        117 |          1446.70 |       984.45 |      1596.60 |                 25.86 |                    0.10 |    389 |    18.7902 |
|        1 |        118 |          1446.70 |       984.45 |      1511.68 |                 18.16 |                    0.10 |    389 |    18.9953 |
|        1 |        119 |          1446.70 |       984.45 |      1482.22 |                 34.68 |                    0.10 |    389 |    19.0489 |
|        1 |        120 |          1446.70 |       984.45 |      1537.58 |                 72.42 |                    0.10 |    391 |    19.1074 |
|        1 |        121 |          1446.70 |       984.45 |      1564.10 |                 42.87 |                    0.10 |    391 |    19.1705 |
|        1 |        122 |          1446.70 |       984.45 |      1564.10 |                 30.97 |                    0.10 |    391 |    19.2472 |
|        1 |        123 |          1446.70 |       984.45 |      1563.73 |                 29.03 |                    0.10 |    391 |    19.3145 |
|        1 |        124 |          1446.70 |       984.45 |      1557.40 |                 59.32 |                    0.10 |    394 |    19.3986 |
|        1 |        125 |          1446.70 |       984.45 |      1606.20 |                 50.78 |                    0.10 |    397 |    19.4905 |
|        1 |        126 |          1446.70 |       984.45 |      1517.88 |                 50.64 |                    0.10 |    398 |    19.6871 |
|        1 |        127 |          1446.70 |       984.45 |      1571.80 |                 26.32 |                    0.10 |    399 |    19.7544 |
|        1 |        128 |          1446.70 |       984.45 |      1527.03 |                 26.48 |                    0.10 |    400 |    19.8224 |
|        1 |        129 |          1446.70 |       984.45 |      1521.56 |                 30.32 |                    0.10 |    400 |    19.8917 |
|        1 |        130 |          1446.70 |       984.45 |      1532.22 |                 57.89 |                    0.10 |    400 |    19.9431 |
------------------------------------------------------------------------------------------------------------------------------------------------
|  Restart |  Iteration |  Best Feas. Cost |    Best Cost |   Curr. Cost |   Penalty Custom Res. |   Penalty Standard Res. |   Pool |   Time (s) |
------------------------------------------------------------------------------------------------------------------------------------------------
|        1 |        131 |          1446.70 |       984.45 |      1557.47 |                132.22 |                    0.10 |    401 |    20.0226 |
|        1 |        132 |          1446.70 |       984.45 |      1531.20 |                 58.51 |                    0.10 |    403 |    20.1029 |
|        1 |        133 |          1446.70 |       984.45 |      1557.60 |                 34.29 |                    0.10 |    404 |    20.1655 |
|        1 |        134 |          1446.70 |       984.45 |      1531.20 |                 17.29 |                    0.10 |    404 |    20.2485 |
|        1 |        135 |          1446.70 |       984.45 |      1477.59 |                 29.23 |                    0.10 |    404 |    20.3250 |
|        1 |        136 |          1446.70 |       984.45 |      1520.87 |                 70.16 |                    0.10 |    404 |    20.3896 |
|        1 |        137 |          1446.70 |       984.45 |      1591.29 |                 50.74 |                    0.10 |    405 |    20.4616 |
|        1 |        138 |          1446.70 |       984.45 |      1522.31 |                 56.54 |                    0.10 |    406 |    20.6571 |
|        1 |        139 |          1446.70 |       984.45 |      1535.90 |                 39.20 |                    0.10 |    406 |    20.7544 |
|        1 |        140 |          1446.70 |       984.45 |      1572.50 |                 34.97 |                    0.10 |    406 |    20.8242 |
|        1 |        141 |          1446.70 |       984.45 |      1546.90 |                 26.57 |                    0.10 |    409 |    20.9044 |
|        1 |        142 |          1446.70 |       984.45 |      1578.58 |                 44.93 |                    0.10 |    410 |    20.9798 |
|        1 |        143 |          1446.70 |       984.45 |      1600.34 |                 96.68 |                    0.10 |    410 |    21.0795 |
|        1 |        144 |          1446.70 |       984.45 |      1629.80 |                 64.39 |                    0.10 |    413 |    21.2032 |
|        1 |        145 |          1446.70 |       984.45 |      1598.96 |                 38.18 |                    0.10 |    417 |    21.4417 |
|        1 |        146 |          1446.70 |       984.45 |      1584.20 |                 60.68 |                    0.10 |    422 |    21.5667 |
|        1 |        147 |          1446.70 |       984.45 |      1603.90 |                 67.33 |                    0.10 |    426 |    21.6775 |
|        1 |        148 |          1446.70 |       984.45 |      1599.10 |                 30.42 |                    0.10 |    427 |    21.7819 |
|        1 |        149 |          1446.70 |       984.45 |      1473.58 |                 63.62 |                    0.10 |    427 |    22.0026 |
|        1 |        150 |          1446.70 |       984.45 |      1517.20 |                 48.33 |                    0.10 |    427 |    22.0835 |
|        1 |        151 |          1446.70 |       984.45 |      1517.20 |                 33.57 |                    0.10 |    427 |    22.1533 |
|        1 |        152 |          1446.70 |       984.45 |      1517.20 |                 35.88 |                    0.10 |    427 |    22.2091 |
|        1 |        153 |          1446.70 |       984.45 |      1535.90 |                 31.08 |                    0.10 |    427 |    22.2683 |
|        1 |        154 |          1446.70 |       984.45 |      1529.60 |                 31.47 |                    0.10 |    428 |    22.3911 |
|        1 |        155 |          1446.70 |       984.45 |      1536.05 |                 61.16 |                    0.10 |    428 |    22.4746 |
|        1 |        156 |          1446.70 |       984.45 |      1542.52 |                 36.71 |                    0.10 |    428 |    22.6311 |
|        1 |        157 |          1446.70 |       984.45 |      1513.78 |                 62.59 |                    0.10 |    428 |    22.7370 |
|        1 |        158 |          1446.70 |       984.45 |      1556.30 |                 27.44 |                    0.10 |    428 |    22.8101 |
|        1 |        159 |          1446.70 |       984.45 |      1471.17 |                 41.27 |                    0.10 |    429 |    23.0096 |
|        1 |        160 |          1446.70 |       984.45 |      1493.70 |                 22.66 |                    0.10 |    431 |    23.1547 |
|        1 |        161 |          1446.70 |       984.45 |      1484.20 |                 28.10 |                    0.10 |    431 |    23.2319 |
|        1 |        162 |          1446.70 |       984.45 |      1484.20 |                 16.49 |                    0.10 |    431 |    23.2833 |
|        1 |        163 |          1446.70 |       984.45 |      1432.80 |                 28.64 |                    0.10 |    431 |    23.4065 |
|        1 |        164 |          1446.70 |       984.45 |      1472.70 |                 57.42 |                    0.10 |    432 |    23.4755 |
|        1 |        165 |          1446.70 |       984.45 |      1499.26 |                 39.86 |                    0.10 |    432 |    23.5562 |
|        1 |        166 |          1446.70 |       984.45 |      1564.47 |                 36.66 |                    0.10 |    434 |    23.6135 |
|        1 |        167 |          1446.70 |       984.45 |      1506.03 |                 50.32 |                    0.10 |    434 |    23.6674 |
|        1 |        168 |          1446.70 |       984.45 |      1521.36 |                 35.25 |                    0.10 |    434 |    23.7565 |
|        1 |        169 |          1446.70 |       984.45 |      1493.13 |                 64.33 |                    0.10 |    434 |    23.9031 |
|        1 |        170 |          1446.70 |       984.45 |      1558.70 |                 23.48 |                    0.10 |    434 |    24.0232 |
|        1 |        171 |          1446.70 |       984.45 |      1461.29 |                 27.06 |                    0.14 |    434 |    24.1482 |
|        1 |        172 |          1446.70 |       984.45 |      1482.89 |                 35.29 |                    0.10 |    435 |    24.2193 |
|        1 |        173 |          1446.70 |       984.45 |      1490.19 |                 46.50 |                    0.10 |    436 |    24.2802 |
|        1 |        174 |          1446.70 |       984.45 |      1502.47 |                 28.10 |                    0.10 |    436 |    24.3367 |
|        1 |        175 |          1446.70 |       984.45 |      1480.47 |                 48.10 |                    0.10 |    437 |    24.3787 |
|        1 |        176 |          1446.70 |       984.45 |      1499.96 |                 60.23 |                    0.10 |    437 |    24.4568 |
|        1 |        177 |          1446.70 |       984.45 |      1502.90 |                 21.11 |                    0.10 |    437 |    24.5931 |
|        1 |        178 |          1446.70 |       984.45 |      1492.59 |                 32.57 |                    0.10 |    437 |    24.6962 |
|        1 |        179 |          1446.70 |       984.45 |      1537.83 |                 72.91 |                    0.10 |    437 |    24.7626 |
|        1 |        180 |          1446.70 |       984.45 |      1570.90 |                 48.64 |                    0.10 |    439 |    24.8432 |
|        1 |        181 |          1446.70 |       984.45 |      1558.30 |                 35.52 |                    0.10 |    441 |    24.9068 |
|        1 |        182 |          1446.70 |       984.45 |      1581.10 |                 20.40 |                    0.10 |    444 |    24.9805 |
|        1 |        183 |          1446.70 |       984.45 |      1558.80 |                 26.63 |                    0.10 |    444 |    25.0360 |
|        1 |        184 |          1446.70 |       984.45 |      1533.80 |                 28.01 |                    0.10 |    444 |    25.1837 |
|        1 |        185 |          1446.70 |       984.45 |      1523.68 |                 35.82 |                    0.10 |    445 |    25.2456 |
|        1 |        186 |          1446.70 |       984.45 |      1533.44 |                 53.24 |                    0.10 |    445 |    25.3054 |
|        1 |        187 |          1446.70 |       984.45 |      1592.20 |                 50.30 |                    0.10 |    448 |    25.4089 |
|        1 |        188 |          1446.70 |       984.45 |      1509.70 |                 37.22 |                    0.10 |    448 |    25.5845 |
|        1 |        189 |          1446.70 |       984.45 |      1509.70 |                 21.60 |                    0.10 |    448 |    25.6635 |
|        1 |        190 |          1446.70 |       984.45 |      1531.00 |                 39.18 |                    0.10 |    451 |    25.7483 |
|        1 |        191 |          1446.70 |       984.45 |      1573.79 |                 81.01 |                    0.10 |    452 |    25.8203 |
|        1 |        192 |          1446.70 |       984.45 |      1505.40 |                 63.87 |                    0.10 |    454 |    25.9505 |
|        1 |        193 |          1446.70 |       984.45 |      1493.30 |                 26.89 |                    0.10 |    455 |    26.0481 |
|        1 |        194 |          1446.70 |       984.45 |      1493.30 |                 21.29 |                    0.10 |    455 |    26.1193 |
|        1 |        195 |          1446.70 |       984.45 |      1489.50 |                 26.13 |                    0.10 |    455 |    26.2283 |
|        1 |        196 |          1446.70 |       984.45 |      1505.90 |                 15.62 |                    0.10 |    455 |    26.3129 |
|        1 |        197 |          1446.70 |       984.45 |      1552.32 |                 29.53 |                    0.10 |    456 |    26.3711 |
|        1 |        198 |          1446.70 |       984.45 |      1528.34 |                 44.25 |                    0.10 |    456 |    26.4684 |
|        1 |        199 |          1446.70 |       984.45 |      1530.83 |                 36.77 |                    0.10 |    456 |    26.5578 |
|        1 |        200 |          1446.70 |       984.45 |      1509.91 |                 62.84 |                    0.10 |    456 |    26.6239 |
|        1 |        201 |          1446.70 |       984.45 |      1530.64 |                131.22 |                    0.10 |    456 |    26.6851 |
|        1 |        202 |          1446.70 |       984.45 |      1526.50 |                 51.99 |                    0.10 |    456 |    26.7813 |
|        1 |        203 |          1446.70 |       984.45 |      1545.90 |                 67.82 |                    0.10 |    456 |    26.8531 |
|        1 |        204 |          1446.70 |       984.45 |      1548.10 |                 30.03 |                    0.10 |    456 |    26.9209 |
|        1 |        205 |          1446.70 |       984.45 |      1506.27 |                 10.28 |                    0.10 |    456 |    27.1090 |
|        1 |        206 |          1446.70 |       984.45 |      1482.59 |                 28.07 |                    0.13 |    457 |    27.1972 |
|        1 |        207 |          1446.70 |       984.45 |      1543.46 |                 34.83 |                    0.10 |    457 |    27.2637 |
|        1 |        208 |          1446.70 |       984.45 |      1623.27 |                 69.20 |                    0.13 |    459 |    27.3178 |
|        1 |        209 |          1446.70 |       984.45 |      1567.90 |                 28.24 |                    0.10 |    461 |    27.4147 |
|        1 |        210 |          1446.70 |       984.45 |      1479.60 |                 23.97 |                    0.10 |    462 |    27.4727 |
|        1 |        211 |          1446.70 |       984.45 |      1500.74 |                 51.05 |                    0.10 |    463 |    27.5341 |
|        1 |        212 |          1446.70 |       984.45 |      1479.60 |                 31.79 |                    0.10 |    463 |    27.5944 |
|        1 |        213 |          1446.70 |       984.45 |      1479.60 |                 36.41 |                    0.10 |    463 |    27.6652 |
|        1 |        214 |          1446.70 |       984.45 |      1479.00 |                 46.82 |                    0.10 |    463 |    27.7908 |
|        1 |        215 |          1446.70 |       984.45 |      1479.00 |                 70.24 |                    0.10 |    463 |    27.8570 |
|        1 |        216 |          1446.70 |       984.45 |      1486.70 |                 35.07 |                    0.10 |    463 |    27.9254 |
|        1 |        217 |          1446.70 |       984.45 |      1510.60 |                 34.86 |                    0.10 |    463 |    28.0172 |
|        1 |        218 |          1446.70 |       984.45 |      1495.10 |                 27.02 |                    0.10 |    463 |    28.0956 |
|        1 |        219 |          1446.70 |       984.45 |      1467.66 |                 42.18 |                    0.10 |    463 |    28.1657 |
|        1 |        220 |          1446.70 |       984.45 |      1513.20 |                 31.09 |                    0.10 |    467 |    28.2410 |
|        1 |        221 |          1446.70 |       984.45 |      1579.40 |                 44.84 |                    0.10 |    470 |    28.3041 |
|        1 |        222 |          1446.70 |       984.45 |      1558.00 |                 15.26 |                    0.10 |    472 |    28.4145 |
|        1 |        223 |          1446.70 |       984.45 |      1487.78 |                 41.22 |                    0.10 |    473 |    28.5212 |
|        1 |        224 |          1446.70 |       984.45 |      1553.00 |                 30.57 |                    0.10 |    473 |    28.6656 |
|        1 |        225 |          1446.70 |       984.45 |      1543.70 |                 15.08 |                    0.10 |    477 |    28.7731 |
|        1 |        226 |          1446.70 |       984.45 |      1472.48 |                 30.53 |                    0.10 |    478 |    28.8535 |
|        1 |        227 |          1446.70 |       984.45 |      1592.20 |                 64.39 |                    0.10 |    481 |    28.9144 |
|        1 |        228 |          1446.70 |       984.45 |      1714.90 |                 40.82 |                    0.10 |    487 |    29.0310 |
|        1 |        229 |          1446.70 |       984.45 |      1651.20 |                 25.82 |                    0.10 |    489 |    29.1983 |
|        1 |        230 |          1446.70 |       984.45 |      1612.89 |                 59.53 |                    0.10 |    489 |    29.2835 |
|        1 |        231 |          1446.70 |       984.45 |      1643.65 |                 55.82 |                    0.10 |    489 |    29.3585 |
|        1 |        232 |          1446.70 |       984.45 |      1552.33 |                 68.43 |                    0.10 |    489 |    29.6356 |
|        1 |        233 |          1446.70 |       984.45 |      1593.40 |                 43.38 |                    0.10 |    491 |    29.7328 |
|        1 |        234 |          1446.70 |       984.45 |      1516.60 |                 25.16 |                    0.10 |    491 |    29.8087 |
|        1 |        235 |          1446.70 |       984.45 |      1516.60 |                 18.39 |                    0.10 |    491 |    29.8682 |
|        1 |        236 |          1446.70 |       984.45 |      1516.60 |                 13.40 |                    0.12 |    491 |    29.9751 |
|        1 |        237 |          1446.70 |       984.45 |      1509.20 |                 22.06 |                    0.10 |    492 |    30.1673 |
|        1 |        238 |          1446.70 |       984.45 |      1516.11 |                 40.65 |                    0.14 |    493 |    30.3170 |
|        1 |        239 |          1446.70 |       984.45 |      1543.35 |                 52.20 |                    0.10 |    496 |    30.4884 |
|        1 |        240 |          1446.70 |       984.45 |      1518.50 |                 47.45 |                    0.10 |    498 |    30.5788 |
|        1 |        241 |          1446.70 |       984.45 |      1518.50 |                 44.50 |                    0.10 |    498 |    30.6582 |
|        1 |        242 |          1446.70 |       984.45 |      1518.50 |                 25.82 |                    0.10 |    498 |    30.7287 |
|        1 |        243 |          1446.70 |       984.45 |      1518.50 |                 15.73 |                    0.10 |    498 |    30.8173 |
|        1 |        244 |          1446.70 |       984.45 |      1464.65 |                 46.92 |                    0.10 |    498 |    30.9484 |
|        1 |        245 |          1446.70 |       984.45 |      1539.30 |                 43.59 |                    0.10 |    498 |    31.0118 |
|        1 |        246 |          1446.70 |       984.45 |      1527.87 |                 92.85 |                    0.10 |    498 |    31.1018 |
|        1 |          0 |          1446.00 |       984.45 |      1446.00 |                 13.91 |                    0.10 |    498 |    31.4245 |
|        1 |          1 |          1446.00 |       984.45 |      1407.81 |                 27.63 |                    0.10 |    498 |    31.4916 |
|        1 |          2 |          1446.00 |       984.45 |      1481.34 |                 43.62 |                    0.10 |    499 |    31.5500 |
|        1 |          3 |          1446.00 |       984.45 |      1486.00 |                 27.81 |                    0.10 |    499 |    31.7109 |
|        1 |          4 |          1446.00 |       984.45 |      1481.60 |                 23.61 |                    0.10 |    499 |    31.7739 |
|        1 |          5 |          1446.00 |       984.45 |      1486.38 |                 41.19 |                    0.10 |    499 |    31.8293 |
|        1 |          6 |          1446.00 |       984.45 |      1487.50 |                 50.53 |                    0.10 |    499 |    31.9217 |
|        1 |          7 |          1446.00 |       984.45 |      1520.70 |                 26.00 |                    0.10 |    499 |    32.0155 |
|        1 |          8 |          1446.00 |       984.45 |      1520.70 |                 15.38 |                    0.10 |    499 |    32.1119 |
|        1 |          9 |          1446.00 |       984.45 |      1485.12 |                 17.25 |                    0.10 |    500 |    32.2215 |
|        1 |         10 |          1446.00 |       984.45 |      1498.61 |                 38.24 |                    0.10 |    503 |    32.3086 |
|        1 |         11 |          1446.00 |       984.45 |      1543.01 |                 35.51 |                    0.10 |    506 |    32.3785 |
|        1 |         12 |          1446.00 |       984.45 |      1548.59 |                 49.15 |                    0.10 |    508 |    32.4728 |
|        1 |         13 |          1446.00 |       984.45 |      1587.30 |                 51.95 |                    0.10 |    509 |    32.5487 |
|        1 |         14 |          1446.00 |       984.45 |      1538.20 |                 28.48 |                    0.10 |    510 |    32.7413 |
|        1 |         15 |          1446.00 |       984.45 |      1536.54 |                 30.69 |                    0.10 |    510 |    32.8254 |
|        1 |         16 |          1446.00 |       984.45 |      1540.02 |                 46.47 |                    0.10 |    510 |    32.9127 |
|        1 |         17 |          1446.00 |       984.45 |      1544.10 |                 38.66 |                    0.10 |    510 |    32.9830 |
|        1 |         18 |          1446.00 |       984.45 |      1472.46 |                 33.92 |                    0.10 |    511 |    33.1626 |
|        1 |         19 |          1446.00 |       984.45 |      1509.00 |                 18.10 |                    0.10 |    511 |    33.2986 |
|        1 |         20 |          1446.00 |       984.45 |      1484.48 |                 27.29 |                    0.10 |    511 |    33.4516 |
|        1 |         21 |          1446.00 |       984.45 |      1516.34 |                 70.95 |                    0.10 |    511 |    33.5309 |
|        1 |         22 |          1446.00 |       984.45 |      1601.46 |                 69.98 |                    0.10 |    512 |    33.5880 |
|        1 |         23 |          1446.00 |       984.45 |      1607.00 |                 40.60 |                    0.10 |    513 |    33.6630 |
|        1 |         24 |          1446.00 |       984.45 |      1554.10 |                 25.67 |                    0.10 |    514 |    33.7937 |
|        1 |         25 |          1446.00 |       984.45 |      1552.25 |                 31.80 |                    0.10 |    518 |    33.9056 |
|        1 |         26 |          1446.00 |       984.45 |      1550.87 |                 33.15 |                    0.10 |    518 |    34.0540 |
|        1 |         27 |          1446.00 |       984.45 |      1555.79 |                 37.23 |                    0.10 |    518 |    34.1192 |
|        1 |         28 |          1446.00 |       984.45 |      1559.73 |                 69.68 |                    0.10 |    518 |    34.1692 |
|        1 |         29 |          1446.00 |       984.45 |      1648.09 |                 94.68 |                    0.10 |    520 |    34.2262 |
|        1 |         30 |          1446.00 |       984.45 |      1590.30 |                 47.24 |                    0.10 |    522 |    34.3093 |
|        1 |         31 |          1446.00 |       984.45 |      1590.30 |                 29.42 |                    0.10 |    522 |    34.3692 |
|        1 |         32 |          1446.00 |       984.45 |      1527.40 |                 22.81 |                    0.10 |    523 |    34.4347 |
|        1 |         33 |          1446.00 |       984.45 |      1513.80 |                 29.19 |                    0.10 |    523 |    34.4867 |
|        1 |         34 |          1446.00 |       984.45 |      1480.08 |                 42.73 |                    0.10 |    523 |    34.6202 |
|        1 |         35 |          1446.00 |       984.45 |      1503.53 |                 31.83 |                    0.10 |    523 |    34.6866 |
|        1 |         36 |          1446.00 |       984.45 |      1491.90 |                 23.43 |                    0.10 |    523 |    34.7854 |
|        1 |         37 |          1446.00 |       984.45 |      1534.20 |                 50.23 |                    0.10 |    526 |    34.8995 |
|        1 |         38 |          1446.00 |       984.45 |      1594.00 |                 32.72 |                    0.10 |    530 |    35.0323 |
|        1 |         39 |          1446.00 |       984.45 |      1515.96 |                 26.29 |                    0.10 |    530 |    35.1706 |
|        1 |         40 |          1446.00 |       984.45 |      1487.73 |                 27.48 |                    0.10 |    530 |    35.2700 |
|        1 |         41 |          1446.00 |       984.45 |      1484.63 |                 27.65 |                    0.10 |    530 |    35.3339 |
|        1 |         42 |          1446.00 |       984.45 |      1510.11 |                 57.17 |                    0.10 |    531 |    35.3951 |
|        1 |         43 |          1446.00 |       984.45 |      1508.30 |                 35.55 |                    0.10 |    532 |    35.4796 |
|        1 |         44 |          1446.00 |       984.45 |      1508.30 |                 33.63 |                    0.10 |    532 |    35.5569 |
|        1 |         45 |          1446.00 |       984.45 |      1448.40 |                 32.18 |                    0.10 |    532 |    35.6214 |
|        1 |         46 |          1446.00 |       984.45 |      1451.15 |                 65.21 |                    0.10 |    532 |    35.6817 |
|        1 |         47 |          1446.00 |       984.45 |      1480.50 |                 38.57 |                    0.10 |    532 |    35.7517 |
|        1 |         48 |          1446.00 |       984.45 |      1465.40 |                 17.92 |                    0.10 |    532 |    35.8529 |
|        1 |          0 |          1444.50 |       984.45 |      1444.50 |                 14.91 |                    0.10 |    532 |    35.9195 |
|        1 |          1 |          1444.50 |       984.45 |      1429.74 |                 34.36 |                    0.10 |    532 |    35.9988 |
|        1 |          2 |          1444.50 |       984.45 |      1467.30 |                 26.64 |                    0.10 |    532 |    36.0634 |
|        1 |          3 |          1444.50 |       984.45 |      1450.48 |                 39.57 |                    0.10 |    532 |    36.1280 |
|        1 |          4 |          1444.50 |       984.45 |      1476.35 |                 45.79 |                    0.10 |    532 |    36.1900 |
|        1 |          5 |          1444.50 |       984.45 |      1446.00 |                 34.81 |                    0.10 |    532 |    36.2526 |
|        1 |          6 |          1444.50 |       984.45 |      1465.50 |                 35.01 |                    0.10 |    532 |    36.3208 |
|        1 |          7 |          1444.50 |       984.45 |      1465.50 |                 35.57 |                    0.10 |    532 |    36.3807 |
|        1 |          8 |          1444.50 |       984.45 |      1465.50 |                 17.25 |                    0.10 |    532 |    36.4379 |
|        1 |          9 |          1444.50 |       984.45 |      1408.65 |                 30.91 |                    0.10 |    532 |    36.5373 |
|        1 |         10 |          1444.50 |       984.45 |      1464.43 |                 68.46 |                    0.10 |    533 |    36.6076 |
|        1 |         11 |          1444.50 |       984.45 |      1522.20 |                 35.23 |                    0.10 |    533 |    36.6745 |
|        1 |         12 |          1444.50 |       984.45 |      1475.70 |                 37.49 |                    0.10 |    533 |    36.7924 |
|        1 |         13 |          1444.50 |       984.45 |      1527.40 |                 19.84 |                    0.10 |    533 |    36.8889 |
|        1 |         14 |          1444.50 |       984.45 |      1527.40 |                 11.41 |                    0.10 |    533 |    36.9382 |
|        1 |         15 |          1444.50 |       984.45 |      1506.03 |                 28.45 |                    0.10 |    534 |    37.0305 |
|        1 |         16 |          1444.50 |       984.45 |      1540.23 |                 58.83 |                    0.10 |    534 |    37.0886 |
|        1 |         17 |          1444.50 |       984.45 |      1535.90 |                 34.80 |                    0.10 |    534 |    37.1666 |
|        1 |         18 |          1444.50 |       984.45 |      1501.40 |                 34.01 |                    0.10 |    534 |    37.3579 |
|        1 |         19 |          1444.50 |       984.45 |      1483.40 |                 54.51 |                    0.10 |    534 |    37.4917 |
|        1 |         20 |          1444.50 |       984.45 |      1515.80 |                 43.56 |                    0.10 |    535 |    37.5583 |
|        1 |         21 |          1444.50 |       984.45 |      1500.26 |                 40.13 |                    0.10 |    535 |    37.7447 |
|        1 |         22 |          1444.50 |       984.45 |      1526.19 |                 47.38 |                    0.10 |    535 |    37.8126 |
|        1 |         23 |          1444.50 |       984.45 |      1513.00 |                 25.10 |                    0.10 |    536 |    37.9016 |
|        1 |         24 |          1444.50 |       984.45 |      1459.91 |                 32.30 |                    0.10 |    536 |    38.0387 |
|        1 |         25 |          1444.50 |       984.45 |      1500.86 |                 27.95 |                    0.10 |    536 |    38.1260 |
|        1 |         26 |          1444.50 |       984.45 |      1492.33 |                 56.08 |                    0.10 |    536 |    38.1912 |
|        1 |         27 |          1444.50 |       984.45 |      1546.28 |                 43.94 |                    0.10 |    536 |    38.2639 |
|        1 |         28 |          1444.50 |       984.45 |      1529.05 |                 57.95 |                    0.10 |    536 |    38.3245 |
|        1 |         29 |          1444.50 |       984.45 |      1516.00 |                 32.65 |                    0.10 |    536 |    38.4361 |
|        1 |         30 |          1444.50 |       984.45 |      1516.00 |                 19.14 |                    0.10 |    536 |    38.5468 |
|        1 |         31 |          1444.50 |       984.45 |      1461.16 |                 29.51 |                    0.10 |    536 |    38.7013 |
|        1 |         32 |          1444.50 |       984.45 |      1495.41 |                 19.31 |                    0.10 |    536 |    38.7684 |
|        1 |         33 |          1444.50 |       984.45 |      1475.40 |                 48.71 |                    0.10 |    536 |    38.8465 |
|        1 |         34 |          1444.50 |       984.45 |      1511.50 |                 30.90 |                    0.10 |    536 |    38.9402 |
|        1 |         35 |          1444.50 |       984.45 |      1502.20 |                 35.59 |                    0.10 |    536 |    39.0930 |
|        1 |         36 |          1444.50 |       984.45 |      1500.70 |                 24.45 |                    0.10 |    536 |    39.1876 |
|        1 |         37 |          1444.50 |       984.45 |      1529.15 |                 26.35 |                    0.10 |    537 |    39.2717 |
|        1 |         38 |          1444.50 |       984.45 |      1532.62 |                 52.88 |                    0.10 |    538 |    39.3320 |
|        1 |         39 |          1444.50 |       984.45 |      1523.70 |                 52.33 |                    0.10 |    542 |    39.5136 |
|        1 |         40 |          1444.50 |       984.45 |      1564.90 |                 17.97 |                    0.10 |    542 |    39.6787 |
|        1 |         41 |          1444.50 |       984.45 |      1564.85 |                 26.19 |                    0.10 |    543 |    39.7455 |
|        1 |         42 |          1444.50 |       984.45 |      1586.23 |                 37.01 |                    0.10 |    544 |    39.8184 |
|        1 |         43 |          1444.50 |       984.45 |      1571.50 |                 61.18 |                    0.10 |    550 |    39.9544 |
------------------------------------------------------------------------------------------------------------------------------------------------
|  Restart |  Iteration |  Best Feas. Cost |    Best Cost |   Curr. Cost |   Penalty Custom Res. |   Penalty Standard Res. |   Pool |   Time (s) |
------------------------------------------------------------------------------------------------------------------------------------------------
|        1 |         44 |          1444.50 |       984.45 |      1517.20 |                 13.23 |                    0.10 |    550 |    40.1473 |
|        1 |         45 |          1444.50 |       984.45 |      1459.34 |                 22.83 |                    0.10 |    550 |    40.2335 |
|        1 |         46 |          1444.50 |       984.45 |      1487.93 |                 16.51 |                    0.10 |    551 |    40.3107 |
|        1 |         47 |          1444.50 |       984.45 |      1417.84 |                 35.53 |                    0.10 |    551 |    40.3796 |
|        1 |         48 |          1444.50 |       984.45 |      1504.11 |                 74.19 |                    0.10 |    552 |    40.4491 |
|        1 |         49 |          1444.50 |       984.45 |      1507.70 |                 64.13 |                    0.10 |    552 |    40.5895 |
|        1 |         50 |          1444.50 |       984.45 |      1493.70 |                 28.68 |                    0.10 |    552 |    40.6699 |
|        1 |         51 |          1444.50 |       984.45 |      1474.90 |                 51.97 |                    0.10 |    552 |    40.7673 |
|        1 |         52 |          1444.50 |       984.45 |      1476.90 |                 31.08 |                    0.10 |    552 |    40.8364 |
|        1 |         53 |          1444.50 |       984.45 |      1494.01 |                 42.11 |                    0.10 |    552 |    40.9448 |
|        1 |         54 |          1444.50 |       984.45 |      1508.90 |                 22.77 |                    0.10 |    552 |    41.0223 |
|        1 |         55 |          1444.50 |       984.45 |      1504.90 |                 37.72 |                    0.10 |    553 |    41.1154 |
|        1 |         56 |          1444.50 |       984.45 |      1504.90 |                 47.74 |                    0.10 |    553 |    41.1881 |
|        1 |         57 |          1444.50 |       984.45 |      1504.90 |                 25.34 |                    0.10 |    553 |    41.2519 |
|        1 |         58 |          1444.50 |       984.45 |      1504.90 |                 16.93 |                    0.10 |    553 |    41.3057 |
|        1 |         59 |          1444.50 |       984.45 |      1491.77 |                 27.80 |                    0.10 |    554 |    41.3846 |
|        1 |         60 |          1444.50 |       984.45 |      1473.40 |                 19.70 |                    0.10 |    554 |    41.4831 |
|        1 |         61 |          1444.50 |       984.45 |      1473.40 |                 18.27 |                    0.10 |    554 |    41.6069 |
|        1 |         62 |          1444.50 |       984.45 |      1473.40 |                 23.83 |                    0.10 |    554 |    41.6833 |
|        1 |         63 |          1444.50 |       984.45 |      1473.40 |                 38.34 |                    0.13 |    554 |    41.7660 |
|        1 |         64 |          1444.50 |       984.45 |      1473.40 |                 25.07 |                    0.10 |    554 |    41.8674 |
|        1 |         65 |          1444.50 |       984.45 |      1472.70 |                 22.61 |                    0.10 |    554 |    41.9279 |
|        1 |         66 |          1444.50 |       984.45 |      1472.70 |                 26.17 |                    0.10 |    554 |    42.0060 |
|        1 |         67 |          1444.50 |       984.45 |      1490.20 |                 40.46 |                    0.10 |    554 |    42.0928 |
|        1 |         68 |          1444.50 |       984.45 |      1486.25 |                 40.90 |                    0.22 |    556 |    42.2597 |
|        1 |         69 |          1444.50 |       984.45 |      1566.90 |                 44.01 |                    0.10 |    557 |    42.3696 |
|        1 |         70 |          1444.50 |       984.45 |      1546.56 |                 75.23 |                    0.10 |    557 |    42.4351 |
|        1 |         71 |          1444.50 |       984.45 |      1581.50 |                 24.84 |                    0.10 |    557 |    42.5690 |
|        1 |         72 |          1444.50 |       984.45 |      1518.97 |                 49.69 |                    0.10 |    557 |    42.6820 |
|        1 |         73 |          1444.50 |       984.45 |      1542.95 |                 59.81 |                    0.10 |    557 |    42.7554 |
|        1 |         74 |          1444.50 |       984.45 |      1525.28 |                 46.68 |                    0.10 |    558 |    42.8906 |
|        1 |         75 |          1444.50 |       984.45 |      1543.56 |                 45.55 |                    0.10 |    558 |    42.9741 |
|        1 |         76 |          1444.50 |       984.45 |      1597.59 |                 53.21 |                    0.10 |    558 |    43.0523 |
|        1 |         77 |          1444.50 |       984.45 |      1638.08 |                 82.35 |                    0.10 |    561 |    43.1174 |
|        1 |         78 |          1444.50 |       984.45 |      1581.00 |                 23.96 |                    0.10 |    563 |    43.3799 |
|        1 |         79 |          1444.50 |       984.45 |      1550.20 |                 38.09 |                    0.10 |    563 |    43.4762 |
|        1 |         80 |          1444.50 |       984.45 |      1558.90 |                 55.47 |                    0.10 |    564 |    43.5378 |
|        1 |         81 |          1444.50 |       984.45 |      1558.90 |                 33.84 |                    0.10 |    564 |    43.6097 |
|        1 |         82 |          1444.50 |       984.45 |      1540.40 |                 40.67 |                    0.10 |    565 |    43.7112 |
|        1 |         83 |          1444.50 |       984.45 |      1550.90 |                 37.36 |                    0.10 |    565 |    43.7865 |
|        1 |         84 |          1444.50 |       984.45 |      1550.90 |                 28.43 |                    0.10 |    565 |    43.8361 |
|        1 |         85 |          1444.50 |       984.45 |      1550.90 |                 19.17 |                    0.10 |    565 |    43.9014 |
|        1 |         86 |          1444.50 |       984.45 |      1452.36 |                 36.08 |                    0.10 |    565 |    44.0269 |
|        1 |         87 |          1444.50 |       984.45 |      1574.37 |                 89.24 |                    0.10 |    566 |    44.1068 |
|        1 |         88 |          1444.50 |       984.45 |      1648.70 |                 45.40 |                    0.10 |    571 |    44.2062 |
|        1 |         89 |          1444.50 |       984.45 |      1597.90 |                 38.79 |                    0.10 |    574 |    44.3345 |
|        1 |         90 |          1444.50 |       984.45 |      1452.15 |                 18.24 |                    0.10 |    574 |    44.6051 |
|        1 |         91 |          1444.50 |       984.45 |      1473.06 |                 38.47 |                    0.10 |    574 |    44.6672 |
|        1 |         92 |          1444.50 |       984.45 |      1517.07 |                 52.69 |                    0.10 |    574 |    44.7547 |
|        1 |         93 |          1444.50 |       984.45 |      1552.80 |                 26.80 |                    0.10 |    575 |    44.8556 |
|        1 |         94 |          1444.50 |       984.45 |      1500.98 |                 36.49 |                    0.10 |    575 |    45.0955 |
|        1 |         95 |          1444.50 |       984.45 |      1530.71 |                 26.65 |                    0.10 |    575 |    45.1657 |
|        1 |         96 |          1444.50 |       984.45 |      1566.43 |                 55.66 |                    0.10 |    576 |    45.2576 |
|        1 |         97 |          1444.50 |       984.45 |      1554.10 |                 40.57 |                    0.10 |    577 |    45.3768 |
|        1 |         98 |          1444.50 |       984.45 |      1541.40 |                 32.63 |                    0.10 |    577 |    45.5106 |
|        1 |         99 |          1444.50 |       984.45 |      1528.53 |                 32.51 |                    0.10 |    577 |    45.5744 |
|        1 |        100 |          1444.50 |       984.45 |      1524.07 |                 23.05 |                    0.10 |    577 |    45.6391 |
|        1 |        101 |          1444.50 |       984.45 |      1530.54 |                 46.72 |                    0.10 |    578 |    45.7003 |
|        1 |        102 |          1444.50 |       984.45 |      1587.70 |                 33.40 |                    0.10 |    579 |    45.8138 |
|        1 |        103 |          1444.50 |       984.45 |      1544.28 |                 39.34 |                    0.10 |    579 |    45.9251 |
|        1 |        104 |          1444.50 |       984.45 |      1542.43 |                 38.73 |                    0.10 |    581 |    46.0201 |
|        1 |        105 |          1444.50 |       984.45 |      1540.99 |                 33.51 |                    0.10 |    582 |    46.1003 |
|        1 |        106 |          1444.50 |       984.45 |      1588.32 |                 74.29 |                    0.10 |    584 |    46.1890 |
|        1 |        107 |          1444.50 |       984.45 |      1628.13 |                 38.24 |                    0.10 |    584 |    46.2642 |
|        1 |        108 |          1444.50 |       984.45 |      1580.53 |                 33.41 |                    0.10 |    585 |    46.3454 |
|        1 |        109 |          1444.50 |       984.45 |      1569.70 |                 49.88 |                    0.10 |    585 |    46.5029 |
|        1 |        110 |          1444.50 |       984.45 |      1567.50 |                 33.30 |                    0.10 |    585 |    46.5691 |
|        1 |        111 |          1444.50 |       984.45 |      1526.69 |                 57.42 |                    0.10 |    587 |    46.6531 |
|        1 |        112 |          1444.50 |       984.45 |      1530.20 |                 21.33 |                    0.10 |    587 |    46.8249 |
|        1 |        113 |          1444.50 |       984.45 |      1530.20 |                 21.47 |                    0.10 |    587 |    46.8873 |
|        1 |        114 |          1444.50 |       984.45 |      1520.58 |                 15.97 |                    0.10 |    589 |    46.9930 |
|        1 |        115 |          1444.50 |       984.45 |      1530.45 |                 25.19 |                    0.10 |    589 |    47.0759 |
|        1 |        116 |          1444.50 |       984.45 |      1550.22 |                 59.28 |                    0.10 |    589 |    47.1457 |
|        1 |        117 |          1444.50 |       984.45 |      1572.00 |                 46.81 |                    0.10 |    591 |    47.2484 |
|        1 |        118 |          1444.50 |       984.45 |      1581.20 |                 25.79 |                    0.10 |    592 |    47.3488 |
|        1 |        119 |          1444.50 |       984.45 |      1485.50 |                 16.68 |                    0.10 |    592 |    47.4431 |
|        1 |        120 |          1444.50 |       984.45 |      1429.23 |                 32.25 |                    0.10 |    592 |    47.6332 |
|        1 |        121 |          1444.50 |       984.45 |      1527.19 |                 64.07 |                    0.10 |    592 |    47.6969 |
|        1 |        122 |          1444.50 |       984.45 |      1538.80 |                 35.32 |                    0.10 |    592 |    47.7869 |
|        1 |        123 |          1444.50 |       984.45 |      1532.96 |                 23.32 |                    0.10 |    592 |    47.8761 |
|        1 |        124 |          1444.50 |       984.45 |      1528.17 |                 43.98 |                    0.10 |    592 |    47.9657 |
|        1 |        125 |          1444.50 |       984.45 |      1542.96 |                 60.89 |                    0.10 |    592 |    48.0375 |
|        1 |        126 |          1444.50 |       984.45 |      1560.84 |                 45.39 |                    0.10 |    592 |    48.1020 |
|        1 |        127 |          1444.50 |       984.45 |      1600.50 |                 92.92 |                    0.10 |    594 |    48.1622 |
|        1 |        128 |          1444.50 |       984.45 |      1636.40 |                 54.95 |                    0.10 |    595 |    48.2437 |
|        1 |        129 |          1444.50 |       984.45 |      1555.72 |                 53.46 |                    0.10 |    597 |    48.3578 |
|        1 |        130 |          1444.50 |       984.45 |      1575.88 |                 34.31 |                    0.10 |    597 |    48.4161 |
|        1 |        131 |          1444.50 |       984.45 |      1557.95 |                 77.58 |                    0.10 |    597 |    48.4828 |
|        1 |        132 |          1444.50 |       984.45 |      1583.60 |                 33.33 |                    0.10 |    599 |    48.5587 |
|        1 |        133 |          1444.50 |       984.45 |      1564.69 |                 38.50 |                    0.10 |    601 |    48.6504 |
|        1 |        134 |          1444.50 |       984.45 |      1556.60 |                 60.58 |                    0.10 |    601 |    48.7595 |
|        1 |        135 |          1444.50 |       984.45 |      1542.62 |                 28.71 |                    0.10 |    601 |    48.8681 |
|        1 |        136 |          1444.50 |       984.45 |      1534.08 |                 26.12 |                    0.10 |    601 |    48.9460 |
|        1 |        137 |          1444.50 |       984.45 |      1531.15 |                 54.55 |                    0.10 |    601 |    49.0199 |
|        1 |        138 |          1444.50 |       984.45 |      1496.20 |                 36.68 |                    0.10 |    601 |    49.1307 |
|        1 |        139 |          1444.50 |       984.45 |      1502.40 |                 22.82 |                    0.10 |    601 |    49.2390 |
|        1 |        140 |          1444.50 |       984.45 |      1502.40 |                 16.33 |                    0.10 |    601 |    49.3107 |
|        1 |        141 |          1444.50 |       984.45 |      1435.77 |                 30.18 |                    0.10 |    602 |    49.4059 |
|        1 |        142 |          1444.50 |       984.45 |      1477.67 |                 73.90 |                    0.10 |    602 |    49.4796 |
|        1 |        143 |          1444.50 |       984.45 |      1645.04 |                100.46 |                    0.10 |    604 |    49.5270 |
|        1 |        144 |          1444.50 |       984.45 |      1658.30 |                 80.90 |                    0.10 |    609 |    49.6616 |
|        1 |        145 |          1444.50 |       984.45 |      1649.30 |                 51.79 |                    0.10 |    613 |    49.7597 |
|        1 |        146 |          1444.50 |       984.45 |      1634.60 |                 59.25 |                    0.10 |    613 |    49.8531 |
|        1 |        147 |          1444.50 |       984.45 |      1472.36 |                 13.86 |                    0.10 |    613 |    50.0549 |
|        1 |        148 |          1444.50 |       984.45 |      1469.84 |                 32.29 |                    0.10 |    613 |    50.1209 |
|        1 |        149 |          1444.50 |       984.45 |      1512.30 |                 20.47 |                    0.10 |    613 |    50.2172 |
|        1 |        150 |          1444.50 |       984.45 |      1512.30 |                 22.75 |                    0.10 |    613 |    50.2907 |
|        1 |        151 |          1444.50 |       984.45 |      1505.30 |                 32.73 |                    0.10 |    613 |    50.3982 |
|        1 |        152 |          1444.50 |       984.45 |      1492.60 |                 23.21 |                    0.10 |    614 |    50.4629 |
|        1 |        153 |          1444.50 |       984.45 |      1484.81 |                 44.23 |                    0.10 |    614 |    50.5782 |
|        1 |        154 |          1444.50 |       984.45 |      1524.45 |                 84.31 |                    0.10 |    615 |    50.6543 |
|        1 |        155 |          1444.50 |       984.45 |      1540.70 |                 48.51 |                    0.10 |    617 |    50.7009 |
|        1 |        156 |          1444.50 |       984.45 |      1478.50 |                 37.18 |                    0.10 |    617 |    50.7981 |
|        1 |        157 |          1444.50 |       984.45 |      1493.83 |                 50.73 |                    0.10 |    618 |    50.9526 |
|        1 |        158 |          1444.50 |       984.45 |      1534.35 |                 49.01 |                    0.10 |    619 |    51.0271 |
|        1 |        159 |          1444.50 |       984.45 |      1532.42 |                101.32 |                    0.10 |    619 |    51.0919 |
|        1 |        160 |          1444.50 |       984.45 |      1565.90 |                 40.94 |                    0.10 |    621 |    51.2722 |
|        1 |        161 |          1444.50 |       984.45 |      1565.90 |                 50.86 |                    0.10 |    621 |    51.3329 |
|        1 |        162 |          1444.50 |       984.45 |      1553.65 |                 59.14 |                    0.10 |    623 |    51.4904 |
|        1 |        163 |          1444.50 |       984.45 |      1561.40 |                 45.26 |                    0.10 |    624 |    51.6280 |
|        1 |        164 |          1444.50 |       984.45 |      1546.80 |                 41.05 |                    0.10 |    624 |    51.7961 |
|        1 |        165 |          1444.50 |       984.45 |      1542.30 |                 31.76 |                    0.10 |    624 |    51.9015 |
|        1 |        166 |          1444.50 |       984.45 |      1542.30 |                 31.31 |                    0.10 |    624 |    51.9739 |
|        1 |        167 |          1444.50 |       984.45 |      1547.50 |                 37.70 |                    0.10 |    625 |    52.0525 |
|        1 |        168 |          1444.50 |       984.45 |      1547.50 |                 39.07 |                    0.10 |    625 |    52.1242 |
|        1 |        169 |          1444.50 |       984.45 |      1547.50 |                 23.35 |                    0.10 |    625 |    52.2074 |
|        1 |        170 |          1444.50 |       984.45 |      1513.15 |                 52.23 |                    0.10 |    625 |    52.2859 |
|        1 |        171 |          1444.50 |       984.45 |      1594.86 |                115.72 |                    0.10 |    627 |    52.3737 |
|        1 |        172 |          1444.50 |       984.45 |      1667.47 |                241.66 |                    0.10 |    630 |    52.4379 |
|        1 |        173 |          1444.50 |       984.45 |      1636.90 |                165.98 |                    0.10 |    632 |    52.5321 |
|        1 |        174 |          1444.50 |       984.45 |      1636.90 |                 76.51 |                    0.10 |    632 |    52.6052 |
|        1 |        175 |          1444.50 |       984.45 |      1559.02 |                 32.38 |                    0.10 |    632 |    52.7804 |
|        1 |        176 |          1444.50 |       984.45 |      1507.60 |                 26.03 |                    0.10 |    633 |    52.9561 |
|        1 |        177 |          1444.50 |       984.45 |      1504.40 |                 14.08 |                    0.10 |    634 |    53.0353 |
|        1 |        178 |          1444.50 |       984.45 |      1457.50 |                 26.57 |                    0.10 |    634 |    53.1140 |
|        1 |        179 |          1444.50 |       984.45 |      1485.75 |                 56.61 |                    0.10 |    634 |    53.1765 |
|        1 |        180 |          1444.50 |       984.45 |      1544.74 |                 47.08 |                    0.10 |    635 |    53.2471 |
|        1 |        181 |          1444.50 |       984.45 |      1509.40 |                 28.53 |                    0.10 |    635 |    53.4427 |
|        1 |        182 |          1444.50 |       984.45 |      1503.90 |                 30.15 |                    0.10 |    635 |    53.5316 |
|        1 |        183 |          1444.50 |       984.45 |      1455.61 |                 22.87 |                    0.10 |    635 |    53.8220 |
|        1 |        184 |          1444.50 |       984.45 |      1483.66 |                 31.66 |                    0.10 |    636 |    53.8929 |
|        1 |        185 |          1444.50 |       984.45 |      1484.60 |                 35.89 |                    0.10 |    636 |    53.9705 |
|        1 |        186 |          1444.50 |       984.45 |      1506.00 |                 14.94 |                    0.10 |    636 |    54.0709 |
|        1 |        187 |          1444.50 |       984.45 |      1504.01 |                 21.74 |                    0.10 |    636 |    54.1499 |
|        1 |        188 |          1444.50 |       984.45 |      1505.00 |                 22.29 |                    0.10 |    636 |    54.2317 |
|        1 |        189 |          1444.50 |       984.45 |      1495.40 |                 36.22 |                    0.15 |    636 |    54.3108 |
|        1 |        190 |          1444.50 |       984.45 |      1494.54 |                 52.07 |                    0.10 |    637 |    54.4160 |
|        1 |        191 |          1444.50 |       984.45 |      1539.00 |                 69.97 |                    0.10 |    637 |    54.4866 |
|        1 |        192 |          1444.50 |       984.45 |      1509.23 |                 42.12 |                    0.10 |    637 |    54.6033 |
|        1 |        193 |          1444.50 |       984.45 |      1527.51 |                 64.50 |                    0.10 |    637 |    54.6666 |
|        1 |        194 |          1444.50 |       984.45 |      1542.10 |                 40.95 |                    0.10 |    637 |    54.7394 |
|        1 |        195 |          1444.50 |       984.45 |      1502.93 |                 54.49 |                    0.10 |    637 |    54.8082 |
|        1 |        196 |          1444.50 |       984.45 |      1535.20 |                 26.13 |                    0.10 |    637 |    54.8802 |
|        1 |        197 |          1444.50 |       984.45 |      1467.76 |                 25.97 |                    0.10 |    637 |    54.9809 |
|        1 |        198 |          1444.50 |       984.45 |      1475.58 |                 51.60 |                    0.10 |    637 |    55.0369 |
|        1 |        199 |          1444.50 |       984.45 |      1497.80 |                 40.77 |                    0.10 |    637 |    55.1232 |
|        1 |        200 |          1444.50 |       984.45 |      1497.80 |                 42.72 |                    0.10 |    637 |    55.1707 |
|        1 |        201 |          1444.50 |       984.45 |      1519.10 |                 27.99 |                    0.10 |    638 |    55.2171 |
|        1 |        202 |          1444.50 |       984.45 |      1463.80 |                 34.15 |                    0.10 |    639 |    55.3891 |
|        1 |        203 |          1444.50 |       984.45 |      1435.80 |                 27.36 |                    0.10 |    639 |    55.5606 |
|        1 |        204 |          1444.50 |       984.45 |      1500.38 |                 26.72 |                    0.10 |    639 |    55.6219 |
|        1 |        205 |          1444.50 |       984.45 |      1521.96 |                 62.87 |                    0.10 |    639 |    55.6917 |
|        1 |        206 |          1444.50 |       984.45 |      1568.30 |                 36.14 |                    0.10 |    639 |    55.7494 |
|        1 |        207 |          1444.50 |       984.45 |      1533.20 |                 60.83 |                    0.10 |    639 |    55.8918 |
|        1 |        208 |          1444.50 |       984.45 |      1561.68 |                 48.65 |                    0.10 |    639 |    55.9439 |
|        1 |        209 |          1444.50 |       984.45 |      1555.44 |                 91.91 |                    0.10 |    639 |    56.0009 |
|        1 |        210 |          1444.50 |       984.45 |      1596.05 |                205.45 |                    0.10 |    640 |    56.0927 |
|        1 |        211 |          1444.50 |       984.45 |      1705.85 |                376.98 |                    0.10 |    640 |    56.1419 |
|        1 |        212 |          1444.50 |       984.45 |      1542.90 |                 95.06 |                    0.10 |    641 |    56.2639 |
|        1 |        213 |          1444.50 |       984.45 |      1560.30 |                 39.62 |                    0.10 |    643 |    56.3437 |
|        1 |        214 |          1444.50 |       984.45 |      1613.68 |                 19.55 |                    0.10 |    645 |    56.4495 |
|        1 |        215 |          1444.50 |       984.45 |      1559.73 |                 42.42 |                    0.10 |    645 |    56.5452 |
|        1 |        216 |          1444.50 |       984.45 |      1628.98 |                 45.31 |                    0.10 |    647 |    56.6081 |
|        1 |        217 |          1444.50 |       984.45 |      1633.20 |                 78.98 |                    0.10 |    648 |    56.6739 |
|        1 |        218 |          1444.50 |       984.45 |      1673.20 |                 79.87 |                    0.10 |    650 |    56.8100 |
|        1 |        219 |          1444.50 |       984.45 |      1543.91 |                 46.96 |                    0.10 |    651 |    56.9785 |
|        1 |        220 |          1444.50 |       984.45 |      1554.62 |                 74.08 |                    0.10 |    651 |    57.0473 |
|        1 |        221 |          1444.50 |       984.45 |      1542.50 |                 41.69 |                    0.10 |    651 |    57.1215 |
|        1 |        222 |          1444.50 |       984.45 |      1507.30 |                 34.55 |                    0.10 |    651 |    57.2392 |
|        1 |        223 |          1444.50 |       984.45 |      1509.80 |                 16.91 |                    0.10 |    651 |    57.3089 |
|        1 |        224 |          1444.50 |       984.45 |      1478.46 |                 17.69 |                    0.10 |    651 |    57.3897 |
|        1 |        225 |          1444.50 |       984.45 |      1472.29 |                 25.21 |                    0.10 |    652 |    57.4754 |
|        1 |        226 |          1444.50 |       984.45 |      1483.56 |                 43.53 |                    0.10 |    652 |    57.5330 |
|        1 |        227 |          1444.50 |       984.45 |      1555.01 |                 49.87 |                    0.10 |    653 |    57.5983 |
|        1 |        228 |          1444.50 |       984.45 |      1589.38 |                 78.52 |                    0.10 |    654 |    57.6926 |
|        1 |        229 |          1444.50 |       984.45 |      1596.70 |                 33.41 |                    0.10 |    655 |    57.7633 |
|        1 |        230 |          1444.50 |       984.45 |      1596.70 |                 50.65 |                    0.10 |    655 |    57.8279 |
|        1 |        231 |          1444.50 |       984.45 |      1491.71 |                 31.52 |                    0.10 |    656 |    58.0529 |
|        1 |        232 |          1444.50 |       984.45 |      1510.66 |                 71.28 |                    0.10 |    656 |    58.1195 |
|        1 |        233 |          1444.50 |       984.45 |      1548.48 |                144.48 |                    0.10 |    656 |    58.1750 |
|        1 |        234 |          1444.50 |       984.45 |      1542.50 |                 54.31 |                    0.10 |    658 |    58.3043 |
|        1 |        235 |          1444.50 |       984.45 |      1617.70 |                 61.01 |                    0.10 |    660 |    58.3668 |
|        1 |        236 |          1444.50 |       984.45 |      1643.96 |                145.00 |                    0.10 |    660 |    58.4381 |
|        1 |        237 |          1444.50 |       984.45 |      1564.20 |                 28.42 |                    0.10 |    664 |    58.5829 |
|        1 |        238 |          1444.50 |       984.45 |      1539.37 |                 34.91 |                    0.10 |    664 |    58.6531 |
|        1 |        239 |          1444.50 |       984.45 |      1583.63 |                 39.96 |                    0.10 |    664 |    58.7228 |
|        1 |        240 |          1444.50 |       984.45 |      1590.14 |                 44.45 |                    0.10 |    664 |    58.7797 |
|        1 |        241 |          1444.50 |       984.45 |      1593.09 |                 88.31 |                    0.10 |    664 |    58.8367 |
|        1 |        242 |          1444.50 |       984.45 |      1582.60 |                 31.60 |                    0.10 |    667 |    58.9634 |
|        1 |        243 |          1444.50 |       984.45 |      1533.02 |                 40.52 |                    0.10 |    668 |    59.1381 |
|        1 |        244 |          1444.50 |       984.45 |      1556.61 |                 41.56 |                    0.10 |    668 |    59.2114 |
|        1 |        245 |          1444.50 |       984.45 |      1562.43 |                 69.64 |                    0.10 |    668 |    59.2668 |
|        1 |        246 |          1444.50 |       984.45 |      1545.00 |                 41.51 |                    0.10 |    668 |    59.3792 |
|        1 |        247 |          1444.50 |       984.45 |      1510.40 |                 44.76 |                    0.10 |    668 |    59.4516 |
|        1 |        248 |          1444.50 |       984.45 |      1468.38 |                 50.54 |                    0.10 |    668 |    59.5844 |
|        1 |        249 |          1444.50 |       984.45 |      1522.11 |                 37.66 |                    0.10 |    668 |    59.6509 |
|        1 |        250 |          1444.50 |       984.45 |      1474.90 |                 29.93 |                    0.10 |    668 |    59.8071 |
|        1 |        251 |          1444.50 |       984.45 |      1508.95 |                 57.71 |                    0.10 |    668 |    59.8604 |
|        1 |        252 |          1444.50 |       984.45 |      1543.06 |                 92.90 |                    0.10 |    668 |    59.9223 |
------------------------------------------------------------------------------------------------------------------------------------------------
|  Restart |  Iteration |  Best Feas. Cost |    Best Cost |   Curr. Cost |   Penalty Custom Res. |   Penalty Standard Res. |   Pool |   Time (s) |
------------------------------------------------------------------------------------------------------------------------------------------------
|        1 |        253 |          1444.50 |       984.45 |      1529.30 |                 49.14 |                    0.10 |    668 |    60.0207 |
|        1 |        254 |          1444.50 |       984.45 |      1499.30 |                 43.64 |                    0.10 |    668 |    60.1512 |
|        1 |        255 |          1444.50 |       984.45 |      1517.61 |                 40.90 |                    0.10 |    668 |    60.2285 |
|        1 |        256 |          1444.50 |       984.45 |      1516.87 |                 65.19 |                    0.10 |    668 |    60.2868 |
|        1 |        257 |          1444.50 |       984.45 |      1600.22 |                145.96 |                    0.10 |    669 |    60.3829 |
|        1 |        258 |          1444.50 |       984.45 |      1629.50 |                 61.87 |                    0.10 |    672 |    60.5117 |
|        1 |        259 |          1444.50 |       984.45 |      1572.15 |                 69.92 |                    0.10 |    672 |    60.6337 |
|        1 |        260 |          1444.50 |       984.45 |      1599.70 |                 58.11 |                    0.10 |    673 |    60.7087 |
|        1 |        261 |          1444.50 |       984.45 |      1514.50 |                 20.01 |                    0.10 |    673 |    60.8016 |
|        1 |        262 |          1444.50 |       984.45 |      1454.73 |                 35.81 |                    0.10 |    673 |    60.9293 |
|        1 |        263 |          1444.50 |       984.45 |      1514.39 |                 30.70 |                    0.10 |    673 |    60.9914 |
|        1 |        264 |          1444.50 |       984.45 |      1496.49 |                 27.35 |                    0.10 |    673 |    61.0754 |
|        1 |        265 |          1444.50 |       984.45 |      1485.68 |                 63.10 |                    0.10 |    673 |    61.1420 |
|        1 |        266 |          1444.50 |       984.45 |      1619.82 |                 69.48 |                    0.10 |    674 |    61.1992 |
|        1 |        267 |          1444.50 |       984.45 |      1580.90 |                 33.13 |                    0.10 |    674 |    61.3551 |
|        1 |        268 |          1444.50 |       984.45 |      1568.93 |                 57.50 |                    0.10 |    676 |    61.4889 |
|        1 |        269 |          1444.50 |       984.45 |      1523.80 |                 20.98 |                    0.10 |    678 |    61.6093 |
|        1 |        270 |          1444.50 |       984.45 |      1511.60 |                 24.02 |                    0.10 |    679 |    61.6867 |
|        1 |        271 |          1444.50 |       984.45 |      1501.90 |                 28.61 |                    0.10 |    679 |    61.7652 |
|        1 |        272 |          1444.50 |       984.45 |      1518.50 |                 14.88 |                    0.10 |    679 |    61.8209 |
|        1 |        273 |          1444.50 |       984.45 |      1462.24 |                 53.71 |                    0.10 |    679 |    61.9187 |
|        1 |        274 |          1444.50 |       984.45 |      1533.69 |                 45.12 |                    0.10 |    679 |    61.9846 |
|        1 |        275 |          1444.50 |       984.45 |      1526.18 |                 28.07 |                    0.10 |    679 |    62.0594 |
|        1 |        276 |          1444.50 |       984.45 |      1507.01 |                 51.50 |                    0.10 |    679 |    62.1111 |
|        1 |        277 |          1444.50 |       984.45 |      1534.13 |                 38.34 |                    0.10 |    679 |    62.1925 |
|        1 |        278 |          1444.50 |       984.45 |      1516.91 |                 80.06 |                    0.10 |    679 |    62.2554 |
|        1 |        279 |          1444.50 |       984.45 |      1564.70 |                 49.28 |                    0.10 |    680 |    62.3390 |
|        1 |        280 |          1444.50 |       984.45 |      1525.50 |                 13.18 |                    0.10 |    681 |    62.4821 |
|        1 |        281 |          1444.50 |       984.45 |      1462.93 |                 26.11 |                    0.10 |    681 |    62.5749 |
|        1 |        282 |          1444.50 |       984.45 |      1478.17 |                 34.78 |                    0.10 |    681 |    62.6249 |
|        1 |        283 |          1444.50 |       984.45 |      1513.75 |                 52.74 |                    0.10 |    681 |    62.6833 |
|        1 |        284 |          1444.50 |       984.45 |      1483.77 |                 31.25 |                    0.10 |    682 |    62.8864 |
|        1 |        285 |          1444.50 |       984.45 |      1547.05 |                 45.09 |                    0.10 |    683 |    62.9387 |
|        1 |        286 |          1444.50 |       984.45 |      1592.82 |                119.57 |                    0.10 |    684 |    63.0147 |
|        1 |        287 |          1444.50 |       984.45 |      1675.80 |                 81.64 |                    0.10 |    688 |    63.1902 |
|        1 |        288 |          1444.50 |       984.45 |      1524.18 |                 28.39 |                    0.10 |    688 |    63.4528 |
|        1 |        289 |          1444.50 |       984.45 |      1555.90 |                 22.85 |                    0.10 |    688 |    63.5585 |
|        1 |        290 |          1444.50 |       984.45 |      1532.22 |                 15.21 |                    0.10 |    688 |    63.6708 |
|        1 |        291 |          1444.50 |       984.45 |      1507.61 |                 34.74 |                    0.10 |    688 |    63.7359 |
|        1 |        292 |          1444.50 |       984.45 |      1506.87 |                 41.38 |                    0.10 |    688 |    63.8113 |
|        1 |        293 |          1444.50 |       984.45 |      1526.17 |                 92.66 |                    0.10 |    688 |    63.8787 |
|        1 |        294 |          1444.50 |       984.45 |      1571.40 |                 54.15 |                    0.10 |    688 |    63.9890 |
|        1 |        295 |          1444.50 |       984.45 |      1571.40 |                 29.60 |                    0.10 |    688 |    64.0477 |
|        1 |        296 |          1444.50 |       984.45 |      1530.60 |                 21.80 |                    0.10 |    688 |    64.1395 |
|        1 |        297 |          1444.50 |       984.45 |      1452.67 |                 34.32 |                    0.10 |    688 |    64.2318 |
|        1 |        298 |          1444.50 |       984.45 |      1487.66 |                 22.47 |                    0.10 |    688 |    64.2894 |
|        1 |        299 |          1444.50 |       984.45 |      1541.60 |                 33.55 |                    0.10 |    690 |    64.4283 |
|        1 |        300 |          1444.50 |       984.45 |      1548.78 |                 41.49 |                    0.10 |    690 |    64.5390 |
|        1 |        301 |          1444.50 |       984.45 |      1535.24 |                 34.15 |                    0.10 |    690 |    64.6072 |
|        1 |        302 |          1444.50 |       984.45 |      1538.20 |                 57.16 |                    0.10 |    691 |    64.6905 |
|        1 |        303 |          1444.50 |       984.45 |      1538.20 |                 41.33 |                    0.10 |    691 |    64.7587 |
|        1 |        304 |          1444.50 |       984.45 |      1579.30 |                 21.92 |                    0.10 |    692 |    64.8274 |
|        1 |        305 |          1444.50 |       984.45 |      1551.30 |                 11.98 |                    0.10 |    692 |    64.8889 |
|        1 |        306 |          1444.50 |       984.45 |      1515.46 |                 35.09 |                    0.10 |    695 |    64.9778 |
|        1 |        307 |          1444.50 |       984.45 |      1580.60 |                 35.13 |                    0.10 |    697 |    65.1179 |
|        1 |        308 |          1444.50 |       984.45 |      1529.18 |                 40.47 |                    0.10 |    698 |    65.2486 |
|        1 |        309 |          1444.50 |       984.45 |      1549.59 |                 36.08 |                    0.10 |    698 |    65.3257 |
|        1 |        310 |          1444.50 |       984.45 |      1534.30 |                 23.82 |                    0.10 |    698 |    65.4049 |
|        1 |        311 |          1444.50 |       984.45 |      1484.40 |                 17.95 |                    0.10 |    698 |    65.6145 |
|        1 |        312 |          1444.50 |       984.45 |      1480.37 |                 42.23 |                    0.10 |    698 |    65.6813 |
|        1 |        313 |          1444.50 |       984.45 |      1497.29 |                 52.24 |                    0.10 |    698 |    65.7942 |
|        1 |        314 |          1444.50 |       984.45 |      1530.30 |                 46.81 |                    0.10 |    698 |    65.9463 |
|        1 |        315 |          1444.50 |       984.45 |      1530.30 |                 25.60 |                    0.10 |    698 |    66.0002 |
|        1 |        316 |          1444.50 |       984.45 |      1530.30 |                 16.92 |                    0.10 |    698 |    66.0675 |
|        1 |        317 |          1444.50 |       984.45 |      1503.50 |                 39.41 |                    0.10 |    698 |    66.1365 |
|        1 |        318 |          1444.50 |       984.45 |      1550.52 |                 75.70 |                    0.10 |    699 |    66.2497 |
|        1 |        319 |          1444.50 |       984.45 |      1601.50 |                 85.37 |                    0.10 |    700 |    66.3925 |
|        1 |        320 |          1444.50 |       984.45 |      1515.50 |                 36.88 |                    0.10 |    700 |    66.5346 |
|        1 |        321 |          1444.50 |       984.45 |      1519.14 |                 32.45 |                    0.10 |    701 |    66.6638 |
|        1 |        322 |          1444.50 |       984.45 |      1550.91 |                 58.95 |                    0.10 |    701 |    66.7122 |
|        1 |        323 |          1444.50 |       984.45 |      1572.60 |                 23.50 |                    0.10 |    704 |    66.8588 |
|        1 |        324 |          1444.50 |       984.45 |      1552.00 |                 17.10 |                    0.10 |    704 |    66.9845 |
|        1 |        325 |          1444.50 |       984.45 |      1503.59 |                 27.38 |                    0.10 |    704 |    67.1240 |
|        1 |        326 |          1444.50 |       984.45 |      1527.00 |                 24.37 |                    0.10 |    704 |    67.2193 |
|        1 |        327 |          1444.50 |       984.45 |      1499.06 |                 32.12 |                    0.10 |    704 |    67.2855 |
|        1 |        328 |          1444.50 |       984.45 |      1490.94 |                 67.02 |                    0.10 |    704 |    67.3583 |
|        1 |        329 |          1444.50 |       984.45 |      1520.00 |                 35.53 |                    0.10 |    704 |    67.4307 |
|        1 |        330 |          1444.50 |       984.45 |      1577.14 |                 31.03 |                    0.10 |    704 |    67.5108 |
|        1 |        331 |          1444.50 |       984.45 |      1491.38 |                 51.68 |                    0.10 |    706 |    67.6588 |
|        1 |        332 |          1444.50 |       984.45 |      1536.90 |                 33.17 |                    0.10 |    706 |    67.7170 |
|        1 |        333 |          1444.50 |       984.45 |      1547.20 |                 32.38 |                    0.10 |    706 |    67.7811 |
|        1 |        334 |          1444.50 |       984.45 |      1541.50 |                 18.74 |                    0.10 |    706 |    67.8899 |
|        1 |        335 |          1444.50 |       984.45 |      1518.33 |                 32.55 |                    0.10 |    707 |    68.0108 |
|        1 |        336 |          1444.50 |       984.45 |      1530.57 |                 35.14 |                    0.10 |    707 |    68.0671 |
|        1 |        337 |          1444.50 |       984.45 |      1534.14 |                 58.85 |                    0.10 |    707 |    68.1400 |
|        1 |        338 |          1444.50 |       984.45 |      1585.30 |                 31.86 |                    0.10 |    709 |    68.2006 |
|        1 |        339 |          1444.50 |       984.45 |      1568.71 |                 31.91 |                    0.10 |    710 |    68.3297 |
|        1 |        340 |          1444.50 |       984.45 |      1556.60 |                 37.41 |                    0.10 |    710 |    68.5005 |
|        1 |        341 |          1444.50 |       984.45 |      1556.60 |                 29.58 |                    0.10 |    710 |    68.5729 |
|        1 |        342 |          1444.50 |       984.45 |      1565.44 |                 74.34 |                    0.10 |    713 |    68.7040 |
|        1 |        343 |          1444.50 |       984.45 |      1595.90 |                 71.63 |                    0.10 |    718 |    68.8166 |
|        1 |        344 |          1444.50 |       984.45 |      1559.40 |                 52.22 |                    0.10 |    720 |    68.9171 |
|        1 |        345 |          1444.50 |       984.45 |      1559.40 |                 25.80 |                    0.10 |    720 |    68.9921 |
|        1 |        346 |          1444.50 |       984.45 |      1526.35 |                 29.69 |                    0.10 |    720 |    69.1462 |
|        1 |        347 |          1444.50 |       984.45 |      1550.07 |                 46.37 |                    0.10 |    720 |    69.2120 |
|        1 |        348 |          1444.50 |       984.45 |      1559.30 |                 16.24 |                    0.10 |    721 |    69.3573 |
|        1 |        349 |          1444.50 |       984.45 |      1495.40 |                 37.04 |                    0.10 |    721 |    69.5859 |
|        1 |        350 |          1444.50 |       984.45 |      1505.90 |                 26.45 |                    0.10 |    721 |    69.6870 |
|        1 |        351 |          1444.50 |       984.45 |      1502.39 |                 21.46 |                    0.10 |    721 |    69.8220 |
|        1 |        352 |          1444.50 |       984.45 |      1447.10 |                 19.83 |                    0.10 |    722 |    69.9540 |
|        1 |        353 |          1444.50 |       984.45 |      1447.10 |                 11.86 |                    0.10 |    722 |    70.0180 |
|        1 |        354 |          1444.50 |       984.45 |      1405.36 |                 27.60 |                    0.10 |    722 |    70.1021 |
|        1 |        355 |          1444.50 |       984.45 |      1457.46 |                 34.60 |                    0.10 |    722 |    70.1659 |
|        1 |        356 |          1444.50 |       984.45 |      1468.68 |                 60.93 |                    0.10 |    722 |    70.2303 |
|        1 |        357 |          1444.50 |       984.45 |      1493.98 |                 42.30 |                    0.10 |    722 |    70.3075 |
|        1 |        358 |          1444.50 |       984.45 |      1472.45 |                 49.46 |                    0.10 |    722 |    70.3643 |
|        1 |        359 |          1444.50 |       984.45 |      1539.68 |                 45.92 |                    0.10 |    723 |    70.4284 |
|        1 |        360 |          1444.50 |       984.45 |      1484.22 |                 53.64 |                    0.10 |    723 |    70.5008 |
|        1 |        361 |          1444.50 |       984.45 |      1515.30 |                 21.67 |                    0.10 |    723 |    70.6006 |
|        1 |        362 |          1444.50 |       984.45 |      1483.73 |                 32.13 |                    0.10 |    723 |    70.6983 |
|        1 |        363 |          1444.50 |       984.45 |      1509.30 |                 21.84 |                    0.10 |    726 |    70.7925 |
|        1 |        364 |          1444.50 |       984.45 |      1509.30 |                 32.41 |                    0.10 |    726 |    70.8755 |
|        1 |        365 |          1444.50 |       984.45 |      1440.38 |                 36.22 |                    0.10 |    726 |    71.0093 |
|        1 |        366 |          1444.50 |       984.45 |      1481.00 |                 39.75 |                    0.10 |    726 |    71.1177 |
|        1 |        367 |          1444.50 |       984.45 |      1476.07 |                 15.73 |                    0.10 |    726 |    71.2295 |
|        1 |        368 |          1444.50 |       984.45 |      1442.57 |                 58.34 |                    0.10 |    726 |    71.3708 |
|        1 |        369 |          1444.50 |       984.45 |      1500.84 |                 51.55 |                    0.10 |    726 |    71.4319 |
|        1 |        370 |          1444.50 |       984.45 |      1541.27 |                 47.81 |                    0.10 |    728 |    71.5131 |
|        1 |        371 |          1444.50 |       984.45 |      1543.77 |                 43.52 |                    0.10 |    730 |    71.5787 |
|        1 |        372 |          1444.50 |       984.45 |      1553.12 |                100.38 |                    0.10 |    731 |    71.6454 |
|        1 |        373 |          1444.50 |       984.45 |      1561.60 |                 37.72 |                    0.10 |    731 |    71.7756 |
|        1 |        374 |          1444.50 |       984.45 |      1566.70 |                 27.55 |                    0.10 |    731 |    71.8482 |
|        1 |        375 |          1444.50 |       984.45 |      1559.24 |                 46.05 |                    0.10 |    732 |    71.9489 |
|        1 |        376 |          1444.50 |       984.45 |      1562.63 |                 36.52 |                    0.10 |    735 |    72.1334 |
|        1 |        377 |          1444.50 |       984.45 |      1563.00 |                 38.58 |                    0.10 |    735 |    72.2103 |
|        1 |        378 |          1444.50 |       984.45 |      1551.30 |                 55.01 |                    0.10 |    737 |    72.2963 |
|        1 |        379 |          1444.50 |       984.45 |      1547.00 |                 30.08 |                    0.10 |    738 |    72.5237 |
|        1 |        380 |          1444.50 |       984.45 |      1607.08 |                 49.90 |                    0.10 |    738 |    72.5861 |
|        1 |        381 |          1444.50 |       984.45 |      1554.07 |                 33.51 |                    0.10 |    740 |    72.7146 |
|        1 |        382 |          1444.50 |       984.45 |      1502.21 |                 49.67 |                    0.10 |    740 |    72.8253 |
|        1 |        383 |          1444.50 |       984.45 |      1559.50 |                 39.65 |                    0.10 |    741 |    72.9103 |
|        1 |        384 |          1444.50 |       984.45 |      1593.85 |                 39.47 |                    0.10 |    741 |    72.9796 |
|        1 |        385 |          1444.50 |       984.45 |      1568.60 |                 36.60 |                    0.10 |    742 |    73.0628 |
|        1 |        386 |          1444.50 |       984.45 |      1492.00 |                 35.22 |                    0.10 |    742 |    73.1958 |
|        1 |        387 |          1444.50 |       984.45 |      1539.92 |                 76.53 |                    0.10 |    742 |    73.2595 |
|        1 |        388 |          1444.50 |       984.45 |      1632.44 |                146.13 |                    0.10 |    742 |    73.3126 |
|        1 |        389 |          1444.50 |       984.45 |      1573.50 |                 99.12 |                    0.10 |    742 |    73.4336 |
|        1 |        390 |          1444.50 |       984.45 |      1576.00 |                 45.11 |                    0.10 |    742 |    73.5407 |
|        1 |        391 |          1444.50 |       984.45 |      1532.69 |                 45.17 |                    0.10 |    742 |    73.6781 |
|        1 |        392 |          1444.50 |       984.45 |      1563.01 |                 34.33 |                    0.10 |    744 |    73.7454 |
|        1 |        393 |          1444.50 |       984.45 |      1551.80 |                 18.19 |                    0.10 |    745 |    73.8311 |
|        1 |        394 |          1444.50 |       984.45 |      1498.70 |                 20.60 |                    0.10 |    745 |    73.9136 |
|        1 |        395 |          1444.50 |       984.45 |      1501.57 |                 27.15 |                    0.10 |    745 |    73.9686 |
|        1 |        396 |          1444.50 |       984.45 |      1507.49 |                 51.80 |                    0.10 |    746 |    74.0320 |
|        1 |        397 |          1444.50 |       984.45 |      1586.91 |                106.03 |                    0.10 |    746 |    74.0842 |
|        1 |        398 |          1444.50 |       984.45 |      1617.60 |                 72.21 |                    0.10 |    746 |    74.1494 |
|        1 |        399 |          1444.50 |       984.45 |      1620.30 |                 37.15 |                    0.10 |    748 |    74.2188 |
|        1 |        400 |          1444.50 |       984.45 |      1581.45 |                 41.69 |                    0.10 |    748 |    74.2941 |
|        1 |        401 |          1444.50 |       984.45 |      1595.39 |                 83.66 |                    0.10 |    748 |    74.3499 |
|        1 |        402 |          1444.50 |       984.45 |      1684.60 |                144.41 |                    0.10 |    750 |    74.4102 |
|        1 |        403 |          1444.50 |       984.45 |      1664.30 |                 67.86 |                    0.10 |    751 |    74.4961 |
|        1 |        404 |          1444.50 |       984.45 |      1536.20 |                 38.24 |                    0.10 |    751 |    74.7045 |
|        1 |        405 |          1444.50 |       984.45 |      1565.20 |                 37.86 |                    0.10 |    751 |    74.8598 |
|        1 |        406 |          1444.50 |       984.45 |      1505.60 |                 40.40 |                    0.10 |    751 |    74.9443 |
|        1 |        407 |          1444.50 |       984.45 |      1559.87 |                 39.73 |                    0.10 |    754 |    75.0578 |
|        1 |        408 |          1444.50 |       984.45 |      1518.00 |                 48.47 |                    0.10 |    756 |    75.2429 |
|        1 |        409 |          1444.50 |       984.45 |      1548.04 |                 38.73 |                    0.10 |    756 |    75.3100 |
|        1 |        410 |          1444.50 |       984.45 |      1554.01 |                 67.43 |                    0.10 |    756 |    75.3882 |
|        1 |        411 |          1444.50 |       984.45 |      1555.10 |                 33.27 |                    0.10 |    758 |    75.4840 |
|        1 |        412 |          1444.50 |       984.45 |      1577.97 |                 60.45 |                    0.10 |    759 |    75.5332 |
|        1 |        413 |          1444.50 |       984.45 |      1639.80 |                 62.61 |                    0.10 |    760 |    75.6070 |
|        1 |        414 |          1444.50 |       984.45 |      1639.80 |                 31.57 |                    0.10 |    760 |    75.6767 |
|        1 |        415 |          1444.50 |       984.45 |      1505.94 |                 44.22 |                    0.10 |    762 |    75.8842 |
|        1 |        416 |          1444.50 |       984.45 |      1552.53 |                 42.70 |                    0.10 |    762 |    75.9626 |
|        1 |        417 |          1444.50 |       984.45 |      1604.00 |                 34.44 |                    0.10 |    763 |    76.0396 |
|        1 |        418 |          1444.50 |       984.45 |      1587.90 |                 52.18 |                    0.10 |    763 |    76.1058 |
|        1 |        419 |          1444.50 |       984.45 |      1524.70 |                 43.30 |                    0.10 |    763 |    76.2172 |
|        1 |        420 |          1444.50 |       984.45 |      1521.26 |                 59.23 |                    0.10 |    764 |    76.3228 |
|        1 |        421 |          1444.50 |       984.45 |      1519.40 |                 22.76 |                    0.10 |    764 |    76.4207 |
|        1 |        422 |          1444.50 |       984.45 |      1531.78 |                 58.54 |                    0.10 |    764 |    76.5068 |
|        1 |        423 |          1444.50 |       984.45 |      1549.10 |                 60.91 |                    0.10 |    764 |    76.6671 |
|        1 |        424 |          1444.50 |       984.45 |      1534.30 |                 32.55 |                    0.10 |    764 |    76.7659 |
|        1 |        425 |          1444.50 |       984.45 |      1544.10 |                 43.77 |                    0.10 |    764 |    76.8276 |
|        1 |        426 |          1444.50 |       984.45 |      1529.40 |                 22.39 |                    0.10 |    764 |    76.9854 |
|        1 |        427 |          1444.50 |       984.45 |      1529.40 |                 13.27 |                    0.10 |    764 |    77.0365 |
|        1 |        428 |          1444.50 |       984.45 |      1529.40 |                 18.01 |                    0.10 |    764 |    77.1046 |
|        1 |        429 |          1444.50 |       984.45 |      1472.80 |                 31.70 |                    0.10 |    764 |    77.1775 |
|        1 |        430 |          1444.50 |       984.45 |      1488.86 |                 34.58 |                    0.10 |    764 |    77.2250 |
|        1 |        431 |          1444.50 |       984.45 |      1491.82 |                 57.89 |                    0.10 |    764 |    77.2960 |
|        1 |        432 |          1444.50 |       984.45 |      1527.40 |                 24.86 |                    0.10 |    764 |    77.3730 |
|        1 |        433 |          1444.50 |       984.45 |      1527.40 |                 14.72 |                    0.10 |    764 |    77.4398 |
|        1 |        434 |          1444.50 |       984.45 |      1472.43 |                 34.12 |                    0.10 |    764 |    77.6007 |
|        1 |        435 |          1444.50 |       984.45 |      1481.55 |                 20.86 |                    0.10 |    764 |    77.7849 |
|        1 |        436 |          1444.50 |       984.45 |      1499.50 |                 20.97 |                    0.10 |    764 |    77.8611 |
|        1 |        437 |          1444.50 |       984.45 |      1507.56 |                 38.09 |                    0.10 |    765 |    77.9157 |
|        1 |        438 |          1444.50 |       984.45 |      1535.45 |                 44.09 |                    0.10 |    765 |    77.9737 |
|        1 |        439 |          1444.50 |       984.45 |      1540.10 |                 59.14 |                    0.10 |    768 |    78.0687 |
|        1 |        440 |          1444.50 |       984.45 |      1518.70 |                 35.61 |                    0.10 |    768 |    78.1833 |
|        1 |        441 |          1444.50 |       984.45 |      1518.55 |                 74.27 |                    0.10 |    768 |    78.2556 |
|        1 |        442 |          1444.50 |       984.45 |      1514.00 |                 46.00 |                    0.10 |    768 |    78.3923 |
|        1 |        443 |          1444.50 |       984.45 |      1506.80 |                 17.66 |                    0.10 |    769 |    78.5057 |
|        1 |        444 |          1444.50 |       984.45 |      1479.01 |                 45.31 |                    0.10 |    769 |    78.6238 |
|        1 |        445 |          1444.50 |       984.45 |      1580.36 |                 47.44 |                    0.10 |    770 |    78.6892 |
|        1 |        446 |          1444.50 |       984.45 |      1574.62 |                 51.15 |                    0.10 |    770 |    78.7687 |
|        1 |        447 |          1444.50 |       984.45 |      1578.36 |                 42.57 |                    0.10 |    770 |    78.8250 |
|        1 |        448 |          1444.50 |       984.45 |      1572.34 |                 88.02 |                    0.10 |    770 |    78.8815 |
|        1 |        449 |          1444.50 |       984.45 |      1595.80 |                 44.84 |                    0.10 |    771 |    78.9472 |
|        1 |        450 |          1444.50 |       984.45 |      1640.15 |                 32.73 |                    0.10 |    773 |    79.0220 |
|        1 |        451 |          1444.50 |       984.45 |      1571.83 |                 41.30 |                    0.10 |    773 |    79.1359 |
|        1 |        452 |          1444.50 |       984.45 |      1608.51 |                 32.68 |                    0.10 |    775 |    79.1974 |
|        1 |        453 |          1444.50 |       984.45 |      1596.38 |                 64.29 |                    0.10 |    775 |    79.2504 |
|        1 |        454 |          1444.50 |       984.45 |      1632.74 |                103.43 |                    0.10 |    776 |    79.3163 |
|        1 |        455 |          1444.50 |       984.45 |      1664.50 |                 78.57 |                    0.10 |    776 |    79.3950 |
|        1 |        456 |          1444.50 |       984.45 |      1648.90 |                 19.35 |                    0.10 |    776 |    79.5731 |
|        1 |        457 |          1444.50 |       984.45 |      1552.62 |                 30.44 |                    0.10 |    776 |    79.6833 |
|        1 |        458 |          1444.50 |       984.45 |      1621.57 |                 69.51 |                    0.10 |    776 |    79.7522 |
|        1 |        459 |          1444.50 |       984.45 |      1584.80 |                 39.42 |                    0.10 |    776 |    79.8640 |
|        1 |        460 |          1444.50 |       984.45 |      1561.86 |                 36.17 |                    0.10 |    777 |    79.9528 |
------------------------------------------------------------------------------------------------------------------------------------------------
|  Restart |  Iteration |  Best Feas. Cost |    Best Cost |   Curr. Cost |   Penalty Custom Res. |   Penalty Standard Res. |   Pool |   Time (s) |
------------------------------------------------------------------------------------------------------------------------------------------------
|        1 |        461 |          1444.50 |       984.45 |      1565.80 |                 20.57 |                    0.10 |    777 |    80.0264 |
|        1 |        462 |          1444.50 |       984.45 |      1547.73 |                 32.45 |                    0.10 |    777 |    80.0891 |
|        1 |        463 |          1444.50 |       984.45 |      1525.83 |                 41.94 |                    0.10 |    779 |    80.1420 |
|        1 |        464 |          1444.50 |       984.45 |      1532.64 |                 84.16 |                    0.10 |    779 |    80.1965 |
|        1 |        465 |          1444.50 |       984.45 |      1543.20 |                 42.45 |                    0.10 |    779 |    80.2681 |
|        1 |        466 |          1444.50 |       984.45 |      1548.10 |                 46.67 |                    0.10 |    779 |    80.3443 |
|        1 |        467 |          1444.50 |       984.45 |      1548.10 |                 27.35 |                    0.11 |    779 |    80.4104 |
|        1 |        468 |          1444.50 |       984.45 |      1548.10 |                 16.69 |                    0.10 |    779 |    80.4746 |
|        1 |        469 |          1444.50 |       984.45 |      1533.85 |                 18.92 |                    0.10 |    779 |    80.5464 |
|        1 |        470 |          1444.50 |       984.45 |      1531.39 |                 39.90 |                    0.10 |    779 |    80.6052 |
|        1 |        471 |          1444.50 |       984.45 |      1499.80 |                 11.73 |                    0.10 |    779 |    80.8235 |
|        1 |        472 |          1444.50 |       984.45 |      1477.30 |                 22.57 |                    0.10 |    779 |    80.9060 |
|        1 |        473 |          1444.50 |       984.45 |      1521.20 |                 26.07 |                    0.10 |    779 |    80.9888 |
|        1 |        474 |          1444.50 |       984.45 |      1497.71 |                 37.20 |                    0.10 |    779 |    81.0661 |
|        1 |        475 |          1444.50 |       984.45 |      1513.60 |                 35.96 |                    0.10 |    779 |    81.1288 |
|        1 |        476 |          1444.50 |       984.45 |      1517.73 |                 36.48 |                    0.10 |    779 |    81.2164 |
|        1 |        477 |          1444.50 |       984.45 |      1554.49 |                 22.03 |                    0.10 |    779 |    81.2794 |
|        1 |        478 |          1444.50 |       984.45 |      1486.42 |                 30.44 |                    0.10 |    780 |    81.3795 |
|        1 |        479 |          1444.50 |       984.45 |      1481.43 |                 66.14 |                    0.10 |    780 |    81.4403 |
|        1 |        480 |          1444.50 |       984.45 |      1514.94 |                125.04 |                    0.10 |    780 |    81.4946 |
|        1 |        481 |          1444.50 |       984.45 |      1515.60 |                 58.18 |                    0.10 |    781 |    81.5719 |
|        1 |        482 |          1444.50 |       984.45 |      1511.20 |                 32.43 |                    0.10 |    781 |    81.6398 |
|        1 |        483 |          1444.50 |       984.45 |      1510.00 |                 53.79 |                    0.10 |    781 |    81.7017 |
|        1 |        484 |          1444.50 |       984.45 |      1510.00 |                 28.24 |                    0.10 |    781 |    81.7727 |
|        1 |        485 |          1444.50 |       984.45 |      1489.90 |                 25.90 |                    0.10 |    781 |    81.8745 |
|        1 |        486 |          1444.50 |       984.45 |      1489.90 |                 21.56 |                    0.10 |    781 |    81.9271 |
|        1 |        487 |          1444.50 |       984.45 |      1457.99 |                 27.21 |                    0.10 |    781 |    82.0355 |
|        1 |        488 |          1444.50 |       984.45 |      1487.48 |                 53.54 |                    0.10 |    781 |    82.0904 |
|        1 |        489 |          1444.50 |       984.45 |      1522.26 |                 45.41 |                    0.10 |    781 |    82.1661 |
|        1 |        490 |          1444.50 |       984.45 |      1470.61 |                 28.90 |                    0.10 |    781 |    82.3479 |
|        1 |        491 |          1444.50 |       984.45 |      1523.90 |                 16.77 |                    0.10 |    782 |    82.4192 |
|        1 |        492 |          1444.50 |       984.45 |      1520.59 |                 17.37 |                    0.10 |    782 |    82.4895 |
|        1 |        493 |          1444.50 |       984.45 |      1472.62 |                 77.19 |                    0.10 |    782 |    82.6280 |
|        1 |        494 |          1444.50 |       984.45 |      1553.60 |                 43.05 |                    0.10 |    784 |    82.6906 |
|        1 |        495 |          1444.50 |       984.45 |      1505.50 |                 23.86 |                    0.10 |    786 |    82.8445 |
|        1 |        496 |          1444.50 |       984.45 |      1488.88 |                 17.58 |                    0.10 |    786 |    82.9223 |
|        1 |        497 |          1444.50 |       984.45 |      1479.64 |                 37.08 |                    0.10 |    786 |    82.9814 |
|        1 |        498 |          1444.50 |       984.45 |      1517.85 |                 75.05 |                    0.10 |    787 |    83.0614 |
|        1 |        499 |          1444.50 |       984.45 |      1507.80 |                 59.98 |                    0.10 |    787 |    83.1256 |
|        1 |        500 |          1444.50 |       984.45 |      1574.50 |                 35.12 |                    0.10 |    787 |    83.2056 |
------------------------------------------------------------------------------------------------------------------------------------------------
Version identifier: 22.1.2.0 | 2024-11-26 | 0edbb82fd
CPXPARAM_MIP_Tolerances_UpperCutoff              1444.6000000007186
Tried aggregator 1 time.
MIP Presolve eliminated 0 rows and 18 columns.
MIP Presolve modified 324 coefficients.
Reduced MIP has 101 rows, 769 columns, and 3723 nonzeros.
Reduced MIP has 769 binaries, 0 generals, 0 SOSs, and 0 indicators.
Presolve time = 0.00 sec. (3.36 ticks)
Probing time = 0.00 sec. (4.63 ticks)
Tried aggregator 1 time.
Detecting symmetries...
MIP Presolve eliminated 2 rows and 4 columns.
Reduced MIP has 99 rows, 765 columns, and 3675 nonzeros.
Reduced MIP has 765 binaries, 0 generals, 0 SOSs, and 0 indicators.
Presolve time = 0.00 sec. (3.11 ticks)
Probing time = 0.00 sec. (2.30 ticks)
Clique table members: 865.
MIP emphasis: balance optimality and feasibility.
MIP search method: dynamic search.
Parallel mode: deterministic, using up to 8 threads.
Root relaxation solution time = 0.00 sec. (2.74 ticks)

        Nodes                                         Cuts/
   Node  Left     Objective  IInf  Best Integer    Best Bound    ItCnt     Gap

      0     0     1435.5250    40                   1435.5250      225         
      0     0     1442.1500     8                    Cuts: 13      249         
*     0+    0                         1444.2000     1442.1500             0.14%
*     0+    0                         1443.0000     1442.1500             0.06%
      0     0        cutoff           1443.0000                    250    0.00%
Elapsed time = 0.04 sec. (28.63 ticks, tree = 0.01 MB, solutions = 2)
objective_value(sp) = 1443.0
 86.603441 seconds (6.90 M allocations: 344.069 MiB, 0.09% gc time, 4.36% compilation time)
#1: 0 (0.0) {54.9} -> 5 (10.0) {70.0} [15.0, 120.0] -> 3 (20.0) {161.0} [25.0, 186.0] -> 7 (40.0) {253.0} [142.0, 253.0] -> 8 (60.0) {345.8} [220.0, 359.0] -> 0 (60.0) {453.9} [0.0, 1236.0]
#2: 0 (0.0) {640.4} -> 48 (10.0) {663.7} [601.0, 724.0] -> 51 (20.0) {756.7} [695.0, 816.0] -> 50 (30.0) {848.9} [783.0, 912.0] -> 52 (40.0) {942.0} [883.0, 998.0] -> 49 (50.0) {1035.0} [969.0, 1098.0] -> 47 (60.0) {1127.0} [982.0, 1127.0] -> 0 (60.0) {1235.0} [0.0, 1236.0]
#3: 0 (0.0) {512.8000000000001} -> 84 (20.0) {543.8} [425.0, 556.0] -> 85 (50.0) {636.6} [527.0, 640.0] -> 88 (80.0) {729.6} [614.0, 739.0] -> 89 (90.0) {822.4} [705.0, 834.0] -> 91 (100.0) {916.0} [809.0, 916.0] -> 0 (100.0) {1028.3} [0.0, 1236.0]
#4: 0 (0.0) {49.4} -> 90 (10.0) {70.0} [20.0, 148.0] -> 87 (30.0) {165.0} [56.0, 173.0] -> 86 (40.0) {256.0} [141.0, 270.0] -> 83 (50.0) {352.0} [228.0, 375.0] -> 82 (70.0) {445.0} [344.0, 445.0] -> 0 (70.0) {570.3} [0.0, 1236.0]
#5: 0 (0.0) {42.900000000000006} -> 98 (20.0) {73.7} [30.0, 139.0] -> 96 (30.0) {169.0} [64.0, 187.0] -> 95 (60.0) {261.0} [174.0, 261.0] -> 94 (70.0) {354.6} [260.0, 361.0] -> 0 (70.0) {485.2} [0.0, 1236.0]
#6: 0 (0.0) {43.2} -> 13 (30.0) {74.0} [30.0, 155.0] -> 17 (50.0) {168.0} [75.0, 172.0] -> 18 (70.0) {261.0} [142.0, 291.0] -> 19 (80.0) {356.0} [244.0, 379.0] -> 15 (120.0) {451.0} [362.0, 451.0] -> 0 (120.0) {577.0} [0.0, 1236.0]
#7: 0 (0.0) {46.8} -> 67 (10.0) {59.0} [12.0, 143.0] -> 65 (20.0) {150.0} [50.0, 155.0] -> 63 (70.0) {242.0} [147.0, 242.0] -> 0 (70.0) {346.1} [0.0, 1236.0]
#8: 0 (0.0) {403.8} -> 92 (20.0) {448.0} [331.0, 478.0] -> 93 (60.0) {540.0} [453.0, 540.0] -> 97 (90.0) {635.0} [531.0, 652.0] -> 100 (110.0) {730.0} [608.0, 765.0] -> 99 (120.0) {825.0} [705.0, 858.0] -> 0 (120.0) {948.5} [0.0, 1236.0]
#9: 0 (0.0) {412.8} -> 37 (20.0) {452.0} [357.0, 460.0] -> 38 (50.0) {544.0} [457.0, 544.0] -> 39 (70.0) {639.0} [538.0, 653.0] -> 36 (80.0) {734.0} [639.0, 742.0] -> 34 (100.0) {827.0} [719.0, 848.0] -> 0 (100.0) {949.3} [0.0, 1236.0]
#10: 0 (0.0) {2.900000000000013} -> 32 (30.0) {34.5} [31.0, 170.0] -> 33 (70.0) {126.5} [52.0, 193.0] -> 31 (90.0) {221.8} [181.0, 256.0] -> 35 (100.0) {316.8} [252.0, 375.0] -> 29 (110.0) {428.0} [335.0, 428.0] -> 0 (110.0) {538.0} [0.0, 1236.0]
#11: 0 (0.0) {332.40000000000003} -> 10 (10.0) {349.1} [331.0, 436.0] -> 11 (20.0) {442.1} [420.0, 533.0] -> 16 (60.0) {554.0} [448.0, 555.0] -> 14 (70.0) {646.0} [541.0, 646.0] -> 12 (90.0) {739.0} [617.0, 756.0] -> 0 (90.0) {867.0} [0.0, 1236.0]
#12: 0 (0.0) {55.6} -> 81 (30.0) {103.0} [47.0, 201.0] -> 78 (50.0) {196.0} [78.0, 201.0] -> 76 (60.0) {288.0} [175.0, 288.0] -> 71 (80.0) {383.0} [260.0, 393.0] -> 70 (110.0) {478.0} [353.0, 490.0] -> 0 (110.0) {626.5} [0.0, 1236.0]
#13: 0 (0.0) {67.5} -> 43 (10.0) {84.0} [16.0, 144.0] -> 42 (30.0) {177.0} [27.0, 190.0] -> 41 (40.0) {269.0} [132.0, 269.0] -> 44 (50.0) {362.6} [332.0, 439.0] -> 46 (80.0) {455.4} [417.0, 540.0] -> 45 (90.0) {547.4} [512.0, 629.0] -> 0 (90.0) {659.7} [0.0, 1236.0]
#14: 0 (0.0) {594.9999999999999} -> 9 (10.0) {615.0} [499.0, 640.0] -> 6 (30.0) {707.2} [580.0, 743.0] -> 4 (40.0) {799.4} [699.0, 810.0] -> 2 (70.0) {893.0} [802.0, 893.0] -> 1 (80.0) {985.0} [885.0, 994.0] -> 75 (100.0) {1078.0} [962.0, 1103.0] -> 0 (100.0) {1183.8} [0.0, 1236.0]
#15: 0 (0.0) {50.69999999999999} -> 57 (40.0) {85.7} [35.0, 140.0] -> 55 (50.0) {177.7} [63.0, 190.0] -> 54 (90.0) {272.7} [150.0, 293.0] -> 53 (110.0) {368.0} [255.0, 378.0] -> 56 (140.0) {462.0} [359.0, 462.0] -> 0 (140.0) {597.0} [0.0, 1236.0]
#16: 0 (0.0) {691.2} -> 26 (10.0) {707.0} [582.0, 741.0] -> 23 (20.0) {800.0} [709.0, 800.0] -> 22 (40.0) {893.0} [776.0, 919.0] -> 21 (60.0) {985.0} [888.0, 991.0] -> 0 (60.0) {1085.1} [0.0, 1236.0]
#17: 0 (0.0) {54.0} -> 20 (10.0) {64.0} [10.0, 137.0] -> 24 (20.0) {159.0} [25.0, 184.0] -> 25 (60.0) {251.0} [142.0, 251.0] -> 27 (70.0) {343.0} [234.0, 343.0] -> 30 (80.0) {437.2} [422.0, 531.0] -> 28 (100.0) {530.2} [523.0, 616.0] -> 0 (100.0) {637.9} [0.0, 1236.0]
#18: 0 (0.0) {418.2} -> 74 (50.0) {438.0} [323.0, 442.0] -> 72 (60.0) {533.0} [422.0, 533.0] -> 61 (70.0) {626.0} [491.0, 650.0] -> 64 (80.0) {718.0} [601.0, 724.0] -> 66 (90.0) {813.0} [802.0, 899.0] -> 69 (100.0) {905.0} [889.0, 996.0] -> 0 (100.0) {1010.8} [0.0, 1236.0]
#19: 0 (0.0) {328.4} -> 40 (10.0) {349.0} [236.0, 349.0] -> 58 (40.0) {464.1} [439.0, 566.0] -> 60 (60.0) {557.1} [529.0, 662.0] -> 59 (70.0) {657.5} [607.0, 784.0] -> 68 (80.0) {764.0} [712.0, 799.0] -> 0 (80.0) {874.6} [0.0, 1236.0]
#20: 0 (0.0) {326.0} -> 62 (20.0) {344.0} [235.0, 344.0] -> 73 (30.0) {476.2} [442.0, 587.0] -> 77 (40.0) {570.2} [539.0, 678.0] -> 79 (50.0) {661.2} [636.0, 763.0] -> 80 (60.0) {756.5} [744.0, 845.0] -> 0 (60.0) {897.9} [0.0, 1236.0]

Dist: 1443.0. Cost: 1443.0

Clique cuts applied:  4
Cover cuts applied:  1
Zero-half cuts applied:  3
Lift and project cuts applied:  2
Gomory fractional cuts applied:  3

Root node processing (before b&c):
  Real time             =    0.04 sec. (28.66 ticks)
Parallel b&c, 8 threads:
  Real time             =    0.00 sec. (0.00 ticks)
  Sync time (average)   =    0.00 sec.
  Wait time (average)   =    0.00 sec.
                          ------------
Total (root+branch&cut) =    0.04 sec. (28.66 ticks)
