Solving...
------------------------------------------------------------------------------------------------------------------------------------------------
|  Restart |  Iteration |  Best Feas. Cost |    Best Cost |   Curr. Cost |   Penalty Custom Res. |   Penalty Standard Res. |   Pool |   Time (s) |
------------------------------------------------------------------------------------------------------------------------------------------------
|        1 |          1 |              Inf |       985.55 |      1088.30 |                  5.94 |                    0.31 |     51 |     0.1706 |
|        1 |          2 |              Inf |       985.55 |      1233.01 |                 12.52 |                    0.19 |     51 |     0.6228 |
|        1 |          3 |              Inf |       985.55 |      1527.17 |                 22.30 |                    0.19 |     52 |     0.6706 |
|        1 |          4 |              Inf |       985.55 |      1839.16 |                 61.98 |                    0.10 |     72 |     0.7867 |
|        1 |          5 |              Inf |       985.55 |      1871.83 |                 35.25 |                    0.10 |     75 |     0.8586 |
|        1 |          6 |              Inf |       985.55 |      1846.91 |                 64.54 |                    0.10 |     77 |     0.9442 |
|        1 |          7 |              Inf |       985.55 |      1862.12 |                 53.08 |                    0.10 |     87 |     1.0279 |
|        1 |          0 |          1889.60 |       985.55 |      1889.60 |                 41.15 |                    0.10 |     93 |     1.1007 |
|        1 |          1 |          1889.60 |       985.55 |      1913.10 |                 31.25 |                    0.10 |     99 |     1.1767 |
|        1 |          2 |          1889.60 |       985.55 |      1842.92 |                 44.48 |                    0.10 |    111 |     1.2895 |
|        1 |          3 |          1889.60 |       985.55 |      1845.59 |                 77.54 |                    0.10 |    114 |     1.3559 |
|        1 |          4 |          1889.60 |       985.55 |      1873.75 |                 63.78 |                    0.10 |    118 |     1.4359 |
|        1 |          5 |          1889.60 |       985.55 |      1852.50 |                 53.04 |                    0.10 |    119 |     1.5060 |
|        1 |          6 |          1889.60 |       985.55 |      1878.07 |                 50.21 |                    0.10 |    123 |     1.5800 |
|        1 |          7 |          1889.60 |       985.55 |      1872.77 |                 69.54 |                    0.10 |    130 |     1.6455 |
|        1 |          8 |          1889.60 |       985.55 |      1887.81 |                 69.89 |                    0.10 |    137 |     1.7224 |
|        1 |          9 |          1889.60 |       985.55 |      1860.30 |                 75.76 |                    0.10 |    143 |     1.8739 |
|        1 |         10 |          1889.60 |       985.55 |      1841.28 |                 55.05 |                    0.10 |    150 |     2.0190 |
|        1 |         11 |          1889.60 |       985.55 |      1860.90 |                 46.24 |                    0.10 |    155 |     2.0933 |
|        1 |         12 |          1889.60 |       985.55 |      1850.90 |                 64.62 |                    0.10 |    158 |     2.1741 |
|        1 |          0 |          1851.80 |       985.55 |      1851.80 |                 34.78 |                    0.10 |    164 |     2.3204 |
|        1 |          1 |          1851.80 |       985.55 |      1853.80 |                 34.94 |                    0.10 |    165 |     2.4015 |
|        1 |          2 |          1851.80 |       985.55 |      1852.85 |                 29.92 |                    0.10 |    167 |     2.4816 |
|        1 |          3 |          1851.80 |       985.55 |      1852.99 |                 41.41 |                    0.10 |    167 |     2.5548 |
|        1 |          4 |          1851.80 |       985.55 |      1851.80 |                 29.00 |                    0.10 |    170 |     2.6457 |
|        1 |          5 |          1851.80 |       985.55 |      1829.78 |                 43.75 |                    0.10 |    174 |     3.0137 |
|        1 |          6 |          1851.80 |       985.55 |      1832.78 |                 63.73 |                    0.10 |    175 |     3.2602 |
|        1 |          7 |          1851.80 |       985.55 |      1859.90 |                 36.54 |                    0.10 |    180 |     3.8108 |
|        1 |          0 |          1829.10 |       985.55 |      1829.10 |                 48.60 |                    0.10 |    181 |     4.1762 |
|        1 |          1 |          1829.10 |       985.55 |      1854.40 |                 22.86 |                    0.10 |    183 |     4.4653 |
|        1 |          2 |          1829.10 |       985.55 |      1854.40 |                 35.33 |                    0.10 |    183 |     4.7280 |
|        1 |          3 |          1829.10 |       985.55 |      1879.00 |                 20.29 |                    0.10 |    184 |     4.8412 |
|        1 |          4 |          1829.10 |       985.55 |      1842.60 |                 31.76 |                    0.10 |    188 |     5.1114 |
|        1 |          5 |          1829.10 |       985.55 |      1841.10 |                 17.80 |                    0.10 |    189 |     5.2669 |
|        1 |          6 |          1829.10 |       985.55 |      1845.34 |                 29.76 |                    0.10 |    191 |     5.3815 |
|        1 |          7 |          1829.10 |       985.55 |      1846.70 |                 24.52 |                    0.10 |    195 |     5.4391 |
|        1 |          8 |          1829.10 |       985.55 |      1836.53 |                 42.36 |                    0.10 |    196 |     5.4962 |
|        1 |          9 |          1829.10 |       985.55 |      1875.50 |                 37.32 |                    0.10 |    201 |     5.6043 |
|        1 |         10 |          1829.10 |       985.55 |      1822.47 |                 28.88 |                    0.10 |    204 |     5.7035 |
|        1 |         11 |          1829.10 |       985.55 |      1820.03 |                 64.66 |                    0.10 |    204 |     5.7657 |
|        1 |         12 |          1829.10 |       985.55 |      1856.32 |                 69.06 |                    0.10 |    206 |     5.8271 |
|        1 |         13 |          1829.10 |       985.55 |      1893.11 |                 69.40 |                    0.10 |    207 |     5.9021 |
|        1 |         14 |          1829.10 |       985.55 |      1843.10 |                 47.50 |                    0.10 |    212 |     6.0367 |
|        1 |         15 |          1829.10 |       985.55 |      1824.59 |                 65.83 |                    0.10 |    212 |     6.0974 |
|        1 |         16 |          1829.10 |       985.55 |      1843.10 |                 57.57 |                    0.10 |    213 |     6.1605 |
|        1 |         17 |          1829.10 |       985.55 |      1838.02 |                 40.79 |                    0.10 |    216 |     6.2315 |
|        1 |         18 |          1829.10 |       985.55 |      1824.47 |                 51.63 |                    0.10 |    216 |     6.2988 |
|        1 |         19 |          1829.10 |       985.55 |      1848.09 |                 72.20 |                    0.10 |    220 |     6.3697 |
|        1 |         20 |          1829.10 |       985.55 |      1832.55 |                 50.41 |                    0.10 |    222 |     6.5130 |
|        1 |         21 |          1829.10 |       985.55 |      1833.50 |                 46.20 |                    0.10 |    224 |     6.6246 |
|        1 |         22 |          1829.10 |       985.55 |      1817.36 |                 54.02 |                    0.10 |    224 |     6.6799 |
|        1 |         23 |          1829.10 |       985.55 |      1826.92 |                106.20 |                    0.10 |    224 |     6.7429 |
|        1 |         24 |          1829.10 |       985.55 |      1834.33 |                 61.38 |                    0.10 |    228 |     6.8653 |
|        1 |         25 |          1829.10 |       985.55 |      1869.39 |                 48.33 |                    0.10 |    232 |     7.0079 |
|        1 |         26 |          1829.10 |       985.55 |      1841.33 |                 61.94 |                    0.10 |    235 |     7.1939 |
|        1 |         27 |          1829.10 |       985.55 |      1852.00 |                 67.22 |                    0.10 |    243 |     7.3238 |
|        1 |         28 |          1829.10 |       985.55 |      1852.00 |                 29.46 |                    0.10 |    243 |     7.4026 |
|        1 |         29 |          1829.10 |       985.55 |      1851.31 |                 47.87 |                    0.10 |    245 |     7.4689 |
|        1 |         30 |          1829.10 |       985.55 |      1847.65 |                 64.47 |                    0.10 |    251 |     7.6515 |
|        1 |         31 |          1829.10 |       985.55 |      1858.79 |                 44.32 |                    0.10 |    251 |     7.7259 |
|        1 |         32 |          1829.10 |       985.55 |      1842.95 |                 33.33 |                    0.10 |    251 |     7.8037 |
|        1 |         33 |          1829.10 |       985.55 |      1813.28 |                 68.16 |                    0.10 |    252 |     7.8759 |
|        1 |         34 |          1829.10 |       985.55 |      1840.40 |                 71.37 |                    0.10 |    254 |     7.9391 |
|        1 |          0 |          1820.90 |       985.55 |      1820.90 |                 61.64 |                    0.10 |    257 |     8.0381 |
|        1 |          1 |          1820.90 |       985.55 |      1836.01 |                 69.14 |                    0.10 |    259 |     8.1147 |
|        1 |          2 |          1820.90 |       985.55 |      1847.15 |                 64.78 |                    0.10 |    260 |     8.1953 |
|        1 |          3 |          1820.90 |       985.55 |      1825.30 |                 32.50 |                    0.10 |    263 |     8.3417 |
|        1 |          4 |          1820.90 |       985.55 |      1786.06 |                 65.13 |                    0.10 |    264 |     8.4172 |
|        1 |          5 |          1820.90 |       985.55 |      1810.00 |                 36.30 |                    0.10 |    264 |     8.4915 |
|        1 |          6 |          1820.90 |       985.55 |      1826.73 |                 54.46 |                    0.10 |    266 |     8.5578 |
|        1 |          7 |          1820.90 |       985.55 |      1847.01 |                 35.93 |                    0.10 |    266 |     8.6443 |
|        1 |          8 |          1820.90 |       985.55 |      1827.34 |                 78.85 |                    0.10 |    266 |     8.7030 |
|        1 |          9 |          1820.90 |       985.55 |      1854.60 |                 29.73 |                    0.10 |    267 |     8.7894 |
|        1 |         10 |          1820.90 |       985.55 |      1884.74 |                 33.40 |                    0.10 |    268 |     8.8457 |
|        1 |         11 |          1820.90 |       985.55 |      1863.00 |                 51.08 |                    0.10 |    273 |     8.9255 |
|        1 |         12 |          1820.90 |       985.55 |      1866.30 |                 54.32 |                    0.14 |    274 |     9.0569 |
|        1 |         13 |          1820.90 |       985.55 |      1866.30 |                 35.16 |                    0.10 |    274 |     9.1347 |
|        1 |         14 |          1820.90 |       985.55 |      1866.30 |                 20.40 |                    0.10 |    274 |     9.1988 |
|        1 |         15 |          1820.90 |       985.55 |      1843.10 |                 37.35 |                    0.10 |    275 |     9.2902 |
|        1 |         16 |          1820.90 |       985.55 |      1837.90 |                 61.72 |                    0.10 |    277 |     9.4099 |
|        1 |         17 |          1820.90 |       985.55 |      1854.34 |                122.63 |                    0.10 |    277 |     9.4658 |
|        1 |         18 |          1820.90 |       985.55 |      1853.80 |                 67.51 |                    0.10 |    277 |     9.5685 |
|        1 |         19 |          1820.90 |       985.55 |      1829.50 |                 66.50 |                    0.10 |    278 |     9.6472 |
|        1 |          0 |          1814.30 |       985.55 |      1814.30 |                 67.28 |                    0.10 |    279 |     9.7864 |
|        1 |          1 |          1814.30 |       985.55 |      1814.17 |                 61.21 |                    0.10 |    279 |     9.8584 |
|        1 |          2 |          1814.30 |       985.55 |      1828.02 |                 65.71 |                    0.10 |    282 |    10.0006 |
|        1 |          3 |          1814.30 |       985.55 |      1855.65 |                 61.03 |                    0.10 |    284 |    10.0556 |
|        1 |          4 |          1814.30 |       985.55 |      1850.05 |                 32.68 |                    0.10 |    284 |    10.1255 |
|        1 |          5 |          1814.30 |       985.55 |      1819.24 |                 80.02 |                    0.10 |    284 |    10.1930 |
|        1 |          6 |          1814.30 |       985.55 |      1865.92 |                 61.43 |                    0.10 |    284 |    10.2625 |
|        1 |          7 |          1814.30 |       985.55 |      1851.76 |                 89.46 |                    0.10 |    284 |    10.3389 |
|        1 |          8 |          1814.30 |       985.55 |      1824.10 |                 64.01 |                    0.10 |    284 |    10.4354 |
|        1 |          9 |          1814.30 |       985.55 |      1810.89 |                 57.11 |                    0.10 |    284 |    10.5263 |
|        1 |         10 |          1814.30 |       985.55 |      1813.06 |                 78.21 |                    0.10 |    284 |    10.6661 |
|        1 |         11 |          1814.30 |       985.55 |      1844.18 |                 52.35 |                    0.10 |    288 |    11.0157 |
|        1 |         12 |          1814.30 |       985.55 |      1852.64 |                 57.99 |                    0.10 |    289 |    11.2295 |
|        1 |          0 |          1811.00 |       985.55 |      1811.00 |                 42.69 |                    0.10 |    289 |    11.3446 |
|        1 |          1 |          1811.00 |       985.55 |      1790.72 |                 65.34 |                    0.10 |    289 |    11.4218 |
|        1 |          2 |          1811.00 |       985.55 |      1829.75 |                 84.27 |                    0.10 |    290 |    11.5135 |
|        1 |          3 |          1811.00 |       985.55 |      1831.10 |                 50.32 |                    0.10 |    290 |    11.6097 |
|        1 |          4 |          1811.00 |       985.55 |      1820.66 |                 40.58 |                    0.10 |    290 |    11.6880 |
|        1 |          5 |          1811.00 |       985.55 |      1809.29 |                 77.47 |                    0.10 |    290 |    11.7475 |
|        1 |          6 |          1811.00 |       985.55 |      1879.40 |                 51.19 |                    0.10 |    293 |    11.8153 |
|        1 |          7 |          1811.00 |       985.55 |      1870.13 |                 59.77 |                    0.10 |    296 |    11.8919 |
|        1 |          8 |          1811.00 |       985.55 |      1889.70 |                 38.72 |                    0.10 |    297 |    11.9541 |
|        1 |          9 |          1811.00 |       985.55 |      1871.04 |                 35.79 |                    0.10 |    302 |    12.0832 |
|        1 |         10 |          1811.00 |       985.55 |      1861.99 |                 68.34 |                    0.10 |    302 |    12.1301 |
|        1 |         11 |          1811.00 |       985.55 |      1887.00 |                 61.49 |                    0.10 |    302 |    12.2182 |
|        1 |         12 |          1811.00 |       985.55 |      1887.00 |                 78.64 |                    0.10 |    302 |    12.2799 |
|        1 |         13 |          1811.00 |       985.55 |      1889.40 |                 50.47 |                    0.10 |    302 |    12.3363 |
|        1 |         14 |          1811.00 |       985.55 |      1871.87 |                 65.56 |                    0.10 |    305 |    12.4629 |
|        1 |         15 |          1811.00 |       985.55 |      1905.41 |                 43.30 |                    0.10 |    306 |    12.5349 |
|        1 |         16 |          1811.00 |       985.55 |      1882.18 |                 63.05 |                    0.10 |    306 |    12.6008 |
|        1 |         17 |          1811.00 |       985.55 |      1901.05 |                 42.50 |                    0.10 |    306 |    12.6697 |
|        1 |         18 |          1811.00 |       985.55 |      1882.23 |                 77.15 |                    0.10 |    306 |    12.7447 |
|        1 |         19 |          1811.00 |       985.55 |      1896.50 |                 62.84 |                    0.10 |    307 |    12.8316 |
|        1 |         20 |          1811.00 |       985.55 |      1877.13 |                 73.34 |                    0.11 |    307 |    12.9268 |
|        1 |         21 |          1811.00 |       985.55 |      1889.03 |                 63.41 |                    0.10 |    311 |    13.0150 |
|        1 |         22 |          1811.00 |       985.55 |      1834.60 |                 82.72 |                    0.10 |    312 |    13.2412 |
|        1 |         23 |          1811.00 |       985.55 |      1834.60 |                 54.16 |                    0.10 |    312 |    13.3006 |
|        1 |         24 |          1811.00 |       985.55 |      1845.86 |                 78.60 |                    0.10 |    312 |    13.4147 |
|        1 |         25 |          1811.00 |       985.55 |      1857.88 |                 99.03 |                    0.10 |    316 |    13.5513 |
|        1 |         26 |          1811.00 |       985.55 |      1824.00 |                 50.43 |                    0.10 |    317 |    13.6279 |
|        1 |         27 |          1811.00 |       985.55 |      1818.59 |                 85.29 |                    0.10 |    317 |    13.6948 |
|        1 |         28 |          1811.00 |       985.55 |      1824.00 |                 47.11 |                    0.10 |    317 |    13.7527 |
|        1 |         29 |          1811.00 |       985.55 |      1810.18 |                 62.64 |                    0.10 |    319 |    13.8387 |
|        1 |         30 |          1811.00 |       985.55 |      1850.70 |                 72.30 |                    0.10 |    319 |    13.9582 |
|        1 |         31 |          1811.00 |       985.55 |      1850.70 |                 38.31 |                    0.10 |    319 |    14.0533 |
|        1 |         32 |          1811.00 |       985.55 |      1805.49 |                 56.32 |                    0.10 |    319 |    14.1354 |
|        1 |         33 |          1811.00 |       985.55 |      1827.59 |                 84.56 |                    0.10 |    319 |    14.1991 |
|        1 |         34 |          1811.00 |       985.55 |      1837.00 |                 48.09 |                    0.10 |    319 |    14.2718 |
|        1 |         35 |          1811.00 |       985.55 |      1797.31 |                 62.64 |                    0.10 |    320 |    14.3733 |
|        1 |         36 |          1811.00 |       985.55 |      1828.48 |                 42.65 |                    0.10 |    320 |    14.4446 |
|        1 |         37 |          1811.00 |       985.55 |      1812.94 |                 62.03 |                    0.10 |    321 |    14.5263 |
|        1 |         38 |          1811.00 |       985.55 |      1826.20 |                 68.91 |                    0.10 |    322 |    14.6081 |
|        1 |         39 |          1811.00 |       985.55 |      1826.20 |                 59.63 |                    0.10 |    322 |    14.6833 |
|        1 |         40 |          1811.00 |       985.55 |      1836.60 |                 65.96 |                    0.10 |    322 |    14.8274 |
|        1 |         41 |          1811.00 |       985.55 |      1841.19 |                 38.93 |                    0.10 |    323 |    14.9345 |
|        1 |         42 |          1811.00 |       985.55 |      1835.31 |                 63.90 |                    0.10 |    325 |    15.0065 |
|        1 |         43 |          1811.00 |       985.55 |      1867.30 |                 38.95 |                    0.10 |    327 |    15.0823 |
|        1 |         44 |          1811.00 |       985.55 |      1832.40 |                 56.44 |                    0.10 |    329 |    15.2250 |
|        1 |         45 |          1811.00 |       985.55 |      1858.94 |                 67.36 |                    0.10 |    329 |    15.2820 |
|        1 |         46 |          1811.00 |       985.55 |      1852.20 |                 39.26 |                    0.10 |    331 |    15.4319 |
|        1 |         47 |          1811.00 |       985.55 |      1852.20 |                 40.26 |                    0.10 |    331 |    15.5031 |
|        1 |         48 |          1811.00 |       985.55 |      1844.30 |                 37.68 |                    0.10 |    332 |    15.5986 |
|        1 |         49 |          1811.00 |       985.55 |      1844.92 |                 77.13 |                    0.10 |    332 |    15.6618 |
|        1 |         50 |          1811.00 |       985.55 |      1867.76 |                110.12 |                    0.10 |    333 |    15.7265 |
|        1 |         51 |          1811.00 |       985.55 |      1850.00 |                 55.49 |                    0.10 |    339 |    15.9682 |
|        1 |         52 |          1811.00 |       985.55 |      1859.10 |                 32.24 |                    0.10 |    340 |    16.0178 |
|        1 |         53 |          1811.00 |       985.55 |      1835.38 |                 34.87 |                    0.10 |    340 |    16.1972 |
|        1 |         54 |          1811.00 |       985.55 |      1860.84 |                 56.05 |                    0.10 |    344 |    16.2819 |
|        1 |         55 |          1811.00 |       985.55 |      1876.90 |                 49.86 |                    0.10 |    350 |    16.3938 |
|        1 |         56 |          1811.00 |       985.55 |      1854.71 |                 63.79 |                    0.10 |    355 |    16.4540 |
|        1 |         57 |          1811.00 |       985.55 |      1864.50 |                 52.40 |                    0.10 |    355 |    16.5485 |
|        1 |         58 |          1811.00 |       985.55 |      1827.79 |                 80.89 |                    0.10 |    357 |    16.6416 |
|        1 |         59 |          1811.00 |       985.55 |      1842.50 |                 45.97 |                    0.10 |    359 |    16.7222 |
|        1 |         60 |          1811.00 |       985.55 |      1815.39 |                 79.32 |                    0.10 |    359 |    16.7930 |
|        1 |         61 |          1811.00 |       985.55 |      1855.70 |                 53.99 |                    0.10 |    360 |    16.8679 |
|        1 |         62 |          1811.00 |       985.55 |      1823.56 |                 71.17 |                    0.10 |    360 |    16.9272 |
|        1 |         63 |          1811.00 |       985.55 |      1839.67 |                 56.86 |                    0.10 |    360 |    16.9996 |
|        1 |         64 |          1811.00 |       985.55 |      1848.26 |                 65.76 |                    0.10 |    361 |    17.0637 |
|        1 |         65 |          1811.00 |       985.55 |      1854.40 |                 35.89 |                    0.10 |    362 |    17.1511 |
|        1 |         66 |          1811.00 |       985.55 |      1812.13 |                 81.98 |                    0.10 |    362 |    17.2154 |
|        1 |         67 |          1811.00 |       985.55 |      1824.30 |                 51.35 |                    0.10 |    362 |    17.3341 |
|        1 |         68 |          1811.00 |       985.55 |      1810.42 |                 57.62 |                    0.10 |    362 |    17.4074 |
|        1 |         69 |          1811.00 |       985.55 |      1819.88 |                 57.38 |                    0.10 |    362 |    17.4747 |
|        1 |         70 |          1811.00 |       985.55 |      1822.46 |                 46.54 |                    0.10 |    362 |    17.6133 |
|        1 |         71 |          1811.00 |       985.55 |      1841.40 |                 72.54 |                    0.10 |    362 |    17.7134 |
|        1 |         72 |          1811.00 |       985.55 |      1872.04 |                 50.85 |                    0.10 |    366 |    17.7963 |
|        1 |         73 |          1811.00 |       985.55 |      1857.52 |                 64.96 |                    0.10 |    368 |    17.8754 |
|        1 |         74 |          1811.00 |       985.55 |      1847.84 |                 65.81 |                    0.10 |    370 |    17.9857 |
|        1 |         75 |          1811.00 |       985.55 |      1848.80 |                 48.52 |                    0.10 |    373 |    18.0634 |
|        1 |         76 |          1811.00 |       985.55 |      1843.50 |                 48.76 |                    0.10 |    375 |    18.1452 |
|        1 |         77 |          1811.00 |       985.55 |      1834.83 |                 56.99 |                    0.10 |    376 |    18.2105 |
|        1 |         78 |          1811.00 |       985.55 |      1846.71 |                 57.25 |                    0.10 |    376 |    18.2923 |
|        1 |         79 |          1811.00 |       985.55 |      1855.18 |                 56.38 |                    0.10 |    376 |    18.3762 |
|        1 |         80 |          1811.00 |       985.55 |      1841.13 |                 64.99 |                    0.10 |    377 |    18.5022 |
|        1 |         81 |          1811.00 |       985.55 |      1851.60 |                 69.39 |                    0.10 |    377 |    18.5790 |
|        1 |         82 |          1811.00 |       985.55 |      1881.24 |                 70.41 |                    0.10 |    378 |    18.6634 |
|        1 |         83 |          1811.00 |       985.55 |      1838.18 |                 60.97 |                    0.10 |    378 |    18.7233 |
|        1 |         84 |          1811.00 |       985.55 |      1862.68 |                 52.28 |                    0.10 |    379 |    18.7821 |
|        1 |         85 |          1811.00 |       985.55 |      1831.13 |                 63.38 |                    0.10 |    380 |    18.8993 |
|        1 |         86 |          1811.00 |       985.55 |      1834.48 |                 49.61 |                    0.10 |    382 |    18.9742 |
|        1 |         87 |          1811.00 |       985.55 |      1825.49 |                 50.36 |                    0.10 |    383 |    19.0499 |
|        1 |         88 |          1811.00 |       985.55 |      1862.88 |                 54.79 |                    0.10 |    383 |    19.1396 |
|        1 |         89 |          1811.00 |       985.55 |      1870.90 |                 35.10 |                    0.10 |    385 |    19.2231 |
|        1 |         90 |          1811.00 |       985.55 |      1864.51 |                 56.25 |                    0.10 |    386 |    19.3684 |
|        1 |         91 |          1811.00 |       985.55 |      1864.60 |                 30.44 |                    0.10 |    386 |    19.4307 |
|        1 |         92 |          1811.00 |       985.55 |      1795.05 |                 35.12 |                    0.10 |    386 |    19.5452 |
|        1 |         93 |          1811.00 |       985.55 |      1799.22 |                 64.41 |                    0.10 |    386 |    19.6017 |
|        1 |         94 |          1811.00 |       985.55 |      1856.16 |                 76.01 |                    0.10 |    387 |    19.6691 |
|        1 |         95 |          1811.00 |       985.55 |      1858.08 |                 47.65 |                    0.10 |    388 |    19.7732 |
|        1 |         96 |          1811.00 |       985.55 |      1819.99 |                 50.89 |                    0.10 |    391 |    19.8339 |
|        1 |         97 |          1811.00 |       985.55 |      1822.61 |                 66.45 |                    0.10 |    392 |    19.8844 |
|        1 |         98 |          1811.00 |       985.55 |      1853.75 |                 65.38 |                    0.10 |    393 |    19.9844 |
------------------------------------------------------------------------------------------------------------------------------------------------
|  Restart |  Iteration |  Best Feas. Cost |    Best Cost |   Curr. Cost |   Penalty Custom Res. |   Penalty Standard Res. |   Pool |   Time (s) |
------------------------------------------------------------------------------------------------------------------------------------------------
|        1 |         99 |          1811.00 |       985.55 |      1836.05 |                 66.94 |                    0.10 |    394 |    20.0864 |
|        1 |        100 |          1811.00 |       985.55 |      1838.57 |                 37.23 |                    0.10 |    396 |    20.1887 |
|        1 |        101 |          1811.00 |       985.55 |      1812.44 |                 67.54 |                    0.10 |    398 |    20.2605 |
|        1 |        102 |          1811.00 |       985.55 |      1824.00 |                 54.99 |                    0.10 |    398 |    20.3466 |
|        1 |        103 |          1811.00 |       985.55 |      1893.29 |                 64.26 |                    0.10 |    400 |    20.4102 |
|        1 |        104 |          1811.00 |       985.55 |      1875.69 |                126.41 |                    0.10 |    400 |    20.4642 |
|        1 |        105 |          1811.00 |       985.55 |      1839.60 |                 81.10 |                    0.10 |    403 |    20.5262 |
|        1 |        106 |          1811.00 |       985.55 |      1839.40 |                 31.76 |                    0.10 |    404 |    20.6563 |
|        1 |        107 |          1811.00 |       985.55 |      1846.69 |                 45.73 |                    0.10 |    405 |    20.7428 |
|        1 |        108 |          1811.00 |       985.55 |      1780.41 |                 45.77 |                    0.10 |    405 |    20.8824 |
|        1 |        109 |          1811.00 |       985.55 |      1810.56 |                 53.44 |                    0.10 |    406 |    20.9614 |
|        1 |        110 |          1811.00 |       985.55 |      1805.67 |                 66.96 |                    0.10 |    407 |    21.0309 |
|        1 |        111 |          1811.00 |       985.55 |      1823.61 |                168.93 |                    0.10 |    408 |    21.1077 |
|        1 |        112 |          1811.00 |       985.55 |      1923.43 |                316.20 |                    0.10 |    408 |    21.1575 |
|        1 |        113 |          1811.00 |       985.55 |      2080.14 |                647.29 |                    0.10 |    408 |    21.2131 |
|        1 |        114 |          1811.00 |       985.55 |      1846.50 |                313.77 |                    0.10 |    408 |    21.2789 |
|        1 |        115 |          1811.00 |       985.55 |      1837.50 |                181.88 |                    0.10 |    408 |    21.3587 |
|        1 |        116 |          1811.00 |       985.55 |      1824.50 |                 65.79 |                    0.10 |    408 |    21.4639 |
|        1 |        117 |          1811.00 |       985.55 |      1834.74 |                 64.03 |                    0.10 |    409 |    21.5728 |
|        1 |        118 |          1811.00 |       985.55 |      1844.07 |                 49.08 |                    0.10 |    410 |    21.6607 |
|        1 |        119 |          1811.00 |       985.55 |      1833.02 |                 69.36 |                    0.10 |    410 |    21.7243 |
|        1 |        120 |          1811.00 |       985.55 |      1848.80 |                 66.98 |                    0.10 |    410 |    21.8009 |
|        1 |        121 |          1811.00 |       985.55 |      1851.20 |                 41.21 |                    0.10 |    410 |    21.8920 |
|        1 |        122 |          1811.00 |       985.55 |      1827.40 |                 57.68 |                    0.10 |    410 |    21.9511 |
|        1 |        123 |          1811.00 |       985.55 |      1845.09 |                 67.17 |                    0.10 |    410 |    22.0723 |
|        1 |        124 |          1811.00 |       985.55 |      1847.40 |                 53.65 |                    0.10 |    410 |    22.1484 |
|        1 |        125 |          1811.00 |       985.55 |      1866.30 |                 33.63 |                    0.10 |    410 |    22.2515 |
|        1 |        126 |          1811.00 |       985.55 |      1840.62 |                 53.17 |                    0.10 |    410 |    22.4385 |
|        1 |        127 |          1811.00 |       985.55 |      1833.33 |                 52.95 |                    0.10 |    410 |    22.5004 |
|        1 |        128 |          1811.00 |       985.55 |      1831.86 |                 62.50 |                    0.10 |    410 |    22.5660 |
|        1 |        129 |          1811.00 |       985.55 |      1837.92 |                 57.91 |                    0.10 |    411 |    22.6669 |
|        1 |        130 |          1811.00 |       985.55 |      1841.76 |                 57.30 |                    0.10 |    411 |    22.8375 |
|        1 |        131 |          1811.00 |       985.55 |      1889.24 |                 67.56 |                    0.10 |    411 |    22.9190 |
|        1 |        132 |          1811.00 |       985.55 |      1827.07 |                 62.46 |                    0.10 |    413 |    23.2117 |
|        1 |        133 |          1811.00 |       985.55 |      1823.30 |                 60.94 |                    0.10 |    415 |    23.2840 |
|        1 |        134 |          1811.00 |       985.55 |      1819.79 |                 46.72 |                    0.10 |    415 |    23.3713 |
|        1 |        135 |          1811.00 |       985.55 |      1809.91 |                 83.95 |                    0.13 |    415 |    23.4324 |
|        1 |        136 |          1811.00 |       985.55 |      1830.90 |                 38.68 |                    0.10 |    415 |    23.5070 |
|        1 |        137 |          1811.00 |       985.55 |      1806.01 |                 63.53 |                    0.10 |    415 |    23.5677 |
|        1 |        138 |          1811.00 |       985.55 |      1835.98 |                 52.71 |                    0.10 |    416 |    23.6689 |
|        1 |        139 |          1811.00 |       985.55 |      1824.45 |                 67.83 |                    0.10 |    418 |    23.7836 |
|        1 |        140 |          1811.00 |       985.55 |      1821.40 |                 61.08 |                    0.10 |    421 |    23.8549 |
|        1 |        141 |          1811.00 |       985.55 |      1827.41 |                 57.28 |                    0.10 |    422 |    23.9233 |
|        1 |        142 |          1811.00 |       985.55 |      1822.95 |                 35.98 |                    0.10 |    422 |    23.9990 |
|        1 |        143 |          1811.00 |       985.55 |      1801.80 |                 39.60 |                    0.10 |    422 |    24.0652 |
|        1 |        144 |          1811.00 |       985.55 |      1805.49 |                 67.02 |                    0.10 |    422 |    24.1280 |
|        1 |        145 |          1811.00 |       985.55 |      1826.56 |                 57.40 |                    0.10 |    423 |    24.2006 |
|        1 |        146 |          1811.00 |       985.55 |      1825.64 |                 62.55 |                    0.10 |    423 |    24.2625 |
|        1 |        147 |          1811.00 |       985.55 |      1826.65 |                 55.29 |                    0.10 |    423 |    24.3159 |
|        1 |        148 |          1811.00 |       985.55 |      1822.79 |                 78.16 |                    0.10 |    423 |    24.3761 |
|        1 |        149 |          1811.00 |       985.55 |      1841.60 |                 76.92 |                    0.10 |    424 |    24.4696 |
|        1 |        150 |          1811.00 |       985.55 |      1841.60 |                 65.92 |                    0.10 |    424 |    24.5419 |
|        1 |        151 |          1811.00 |       985.55 |      1865.07 |                 42.45 |                    0.10 |    427 |    24.6998 |
|        1 |        152 |          1811.00 |       985.55 |      1833.73 |                 47.62 |                    0.10 |    429 |    24.7800 |
|        1 |        153 |          1811.00 |       985.55 |      1821.70 |                 75.19 |                    0.11 |    429 |    24.8333 |
|        1 |        154 |          1811.00 |       985.55 |      1839.00 |                 63.79 |                    0.10 |    430 |    24.9056 |
|        1 |        155 |          1811.00 |       985.55 |      1834.57 |                 42.99 |                    0.10 |    432 |    25.0036 |
|        1 |        156 |          1811.00 |       985.55 |      1827.20 |                 65.71 |                    0.10 |    432 |    25.1171 |
|        1 |        157 |          1811.00 |       985.55 |      1843.67 |                 51.48 |                    0.10 |    432 |    25.1935 |
|        1 |        158 |          1811.00 |       985.55 |      1829.29 |                 63.80 |                    0.10 |    432 |    25.3116 |
|        1 |        159 |          1811.00 |       985.55 |      1867.83 |                 62.11 |                    0.10 |    432 |    25.4723 |
|        1 |        160 |          1811.00 |       985.55 |      1873.20 |                 52.66 |                    0.10 |    432 |    25.6064 |
|        1 |        161 |          1811.00 |       985.55 |      1816.93 |                 58.89 |                    0.10 |    433 |    25.8475 |
|        1 |        162 |          1811.00 |       985.55 |      1805.37 |                 60.97 |                    0.10 |    434 |    25.9724 |
|        1 |        163 |          1811.00 |       985.55 |      1836.50 |                 81.16 |                    0.10 |    437 |    26.0605 |
|        1 |          0 |          1805.50 |       985.55 |      1805.50 |                 64.74 |                    0.10 |    437 |    26.1956 |
|        1 |          1 |          1805.50 |       985.55 |      1802.33 |                 49.11 |                    0.10 |    437 |    26.3355 |
|        1 |          2 |          1805.50 |       985.55 |      1812.90 |                 69.94 |                    0.10 |    438 |    26.4680 |
|        1 |          3 |          1805.50 |       985.55 |      1825.72 |                 64.86 |                    0.10 |    438 |    26.5695 |
|        1 |          4 |          1805.50 |       985.55 |      1883.50 |                 37.20 |                    0.10 |    439 |    26.6771 |
|        1 |          5 |          1805.50 |       985.55 |      1842.92 |                 79.09 |                    0.10 |    440 |    26.7778 |
|        1 |          6 |          1805.50 |       985.55 |      1879.05 |                 60.12 |                    0.10 |    441 |    26.8465 |
|        1 |          7 |          1805.50 |       985.55 |      1858.50 |                 86.64 |                    0.10 |    441 |    26.9270 |
|        1 |          8 |          1805.50 |       985.55 |      1849.48 |                 91.34 |                    0.10 |    441 |    27.0412 |
|        1 |          9 |          1805.50 |       985.55 |      1862.10 |                102.39 |                    0.10 |    442 |    27.1284 |
|        1 |         10 |          1805.50 |       985.55 |      1862.10 |                 63.72 |                    0.10 |    442 |    27.1947 |
|        1 |         11 |          1805.50 |       985.55 |      1857.58 |                 55.71 |                    0.10 |    445 |    27.2636 |
|        1 |         12 |          1805.50 |       985.55 |      1839.70 |                 65.42 |                    0.10 |    448 |    27.4359 |
|        1 |         13 |          1805.50 |       985.55 |      1877.94 |                 84.44 |                    0.10 |    448 |    27.5099 |
|        1 |         14 |          1805.50 |       985.55 |      1827.92 |                 64.29 |                    0.10 |    449 |    27.7020 |
|        1 |         15 |          1805.50 |       985.55 |      1818.70 |                 58.48 |                    0.10 |    449 |    27.7760 |
|        1 |         16 |          1805.50 |       985.55 |      1818.48 |                 64.28 |                    0.10 |    449 |    27.8619 |
|        1 |         17 |          1805.50 |       985.55 |      1805.81 |                 50.35 |                    0.10 |    451 |    27.9297 |
|        1 |         18 |          1805.50 |       985.55 |      1796.85 |                 50.67 |                    0.10 |    451 |    27.9928 |
|        1 |         19 |          1805.50 |       985.55 |      1814.32 |                 50.40 |                    0.10 |    451 |    28.0758 |
|        1 |         20 |          1805.50 |       985.55 |      1814.93 |                 87.82 |                    0.10 |    451 |    28.1452 |
|        1 |         21 |          1805.50 |       985.55 |      1853.17 |                 82.13 |                    0.10 |    451 |    28.2532 |
|        1 |         22 |          1805.50 |       985.55 |      1883.76 |                 43.74 |                    0.10 |    452 |    28.4080 |
|        1 |         23 |          1805.50 |       985.55 |      1864.44 |                 66.31 |                    0.10 |    452 |    28.4677 |
|        1 |         24 |          1805.50 |       985.55 |      1907.90 |                 65.80 |                    0.10 |    455 |    28.5894 |
|        1 |         25 |          1805.50 |       985.55 |      1852.57 |                 62.25 |                    0.10 |    455 |    28.6917 |
|        1 |         26 |          1805.50 |       985.55 |      1862.94 |                 64.45 |                    0.10 |    456 |    28.7859 |
|        1 |         27 |          1805.50 |       985.55 |      1863.89 |                 62.28 |                    0.10 |    456 |    28.8564 |
|        1 |         28 |          1805.50 |       985.55 |      1894.10 |                 44.73 |                    0.10 |    457 |    29.0473 |
|        1 |         29 |          1805.50 |       985.55 |      1904.00 |                 43.25 |                    0.10 |    457 |    29.1100 |
|        1 |         30 |          1805.50 |       985.55 |      1845.56 |                 61.10 |                    0.10 |    457 |    29.1831 |
|        1 |         31 |          1805.50 |       985.55 |      1865.25 |                 49.70 |                    0.10 |    457 |    29.2845 |
|        1 |         32 |          1805.50 |       985.55 |      1873.00 |                 61.42 |                    0.10 |    459 |    29.4135 |
|        1 |         33 |          1805.50 |       985.55 |      1960.60 |                 62.32 |                    0.10 |    462 |    29.5007 |
|        1 |         34 |          1805.50 |       985.55 |      1844.50 |                 31.48 |                    0.10 |    462 |    29.7106 |
|        1 |         35 |          1805.50 |       985.55 |      1835.87 |                 48.19 |                    0.10 |    462 |    29.7720 |
|        1 |         36 |          1805.50 |       985.55 |      1875.59 |                 63.46 |                    0.10 |    464 |    29.8738 |
|        1 |         37 |          1805.50 |       985.55 |      1879.10 |                 67.47 |                    0.10 |    466 |    30.0273 |
|        1 |         38 |          1805.50 |       985.55 |      1879.10 |                 74.25 |                    0.10 |    466 |    30.0973 |
|        1 |         39 |          1805.50 |       985.55 |      1852.85 |                 55.28 |                    0.10 |    466 |    30.2083 |
|        1 |         40 |          1805.50 |       985.55 |      1848.98 |                 63.35 |                    0.10 |    466 |    30.2807 |
|        1 |         41 |          1805.50 |       985.55 |      1833.00 |                 31.13 |                    0.10 |    468 |    30.4777 |
|        1 |         42 |          1805.50 |       985.55 |      1833.00 |                 45.37 |                    0.10 |    468 |    30.5375 |
|        1 |         43 |          1805.50 |       985.55 |      1833.00 |                 60.42 |                    0.10 |    468 |    30.6004 |
|        1 |         44 |          1805.50 |       985.55 |      1910.40 |                 41.98 |                    0.10 |    471 |    30.6790 |
|        1 |         45 |          1805.50 |       985.55 |      1874.64 |                 65.44 |                    0.10 |    473 |    30.7874 |
|        1 |         46 |          1805.50 |       985.55 |      1889.90 |                 43.59 |                    0.10 |    475 |    30.9029 |
|        1 |         47 |          1805.50 |       985.55 |      1842.71 |                 63.73 |                    0.10 |    477 |    31.0825 |
|        1 |         48 |          1805.50 |       985.55 |      1862.60 |                 63.48 |                    0.10 |    477 |    31.1565 |
|        1 |         49 |          1805.50 |       985.55 |      1841.74 |                 65.76 |                    0.10 |    478 |    31.2584 |
|        1 |         50 |          1805.50 |       985.55 |      1843.94 |                 38.51 |                    0.10 |    478 |    31.3702 |
|        1 |         51 |          1805.50 |       985.55 |      1819.99 |                 69.94 |                    0.10 |    478 |    31.4339 |
|        1 |         52 |          1805.50 |       985.55 |      1870.74 |                 61.15 |                    0.10 |    479 |    31.5346 |
|        1 |         53 |          1805.50 |       985.55 |      1863.10 |                 27.55 |                    0.10 |    481 |    31.6799 |
|        1 |         54 |          1805.50 |       985.55 |      1822.39 |                 56.92 |                    0.10 |    481 |    31.7727 |
|        1 |         55 |          1805.50 |       985.55 |      1854.32 |                 62.62 |                    0.10 |    481 |    31.9093 |
|        1 |         56 |          1805.50 |       985.55 |      1866.06 |                 51.58 |                    0.10 |    482 |    32.0090 |
|        1 |         57 |          1805.50 |       985.55 |      1872.53 |                 91.27 |                    0.10 |    483 |    32.1969 |
|        1 |         58 |          1805.50 |       985.55 |      1885.10 |                 63.38 |                    0.10 |    483 |    32.2805 |
|        1 |         59 |          1805.50 |       985.55 |      1890.97 |                 82.55 |                    0.10 |    484 |    32.3950 |
|        1 |         60 |          1805.50 |       985.55 |      1899.30 |                 79.70 |                    0.10 |    486 |    32.4908 |
|        1 |         61 |          1805.50 |       985.55 |      1878.17 |                 45.64 |                    0.10 |    486 |    32.6518 |
|        1 |         62 |          1805.50 |       985.55 |      1862.49 |                 33.32 |                    0.10 |    486 |    32.7375 |
|        1 |         63 |          1805.50 |       985.55 |      1848.32 |                 62.96 |                    0.10 |    486 |    32.8126 |
|        1 |         64 |          1805.50 |       985.55 |      1882.80 |                 33.05 |                    0.10 |    486 |    32.9046 |
|        1 |         65 |          1805.50 |       985.55 |      1851.23 |                 66.95 |                    0.10 |    486 |    32.9832 |
|        1 |         66 |          1805.50 |       985.55 |      1902.14 |                 38.64 |                    0.10 |    488 |    33.1605 |
|        1 |         67 |          1805.50 |       985.55 |      1880.70 |                 41.10 |                    0.10 |    488 |    33.3388 |
|        1 |         68 |          1805.50 |       985.55 |      1861.80 |                 58.62 |                    0.10 |    490 |    33.4215 |
|        1 |         69 |          1805.50 |       985.55 |      1873.40 |                 63.76 |                    0.10 |    491 |    33.5234 |
|        1 |         70 |          1805.50 |       985.55 |      1869.59 |                 39.98 |                    0.10 |    492 |    33.6392 |
|        1 |         71 |          1805.50 |       985.55 |      1851.37 |                 66.30 |                    0.10 |    492 |    33.7199 |
|        1 |         72 |          1805.50 |       985.55 |      1860.57 |                 51.76 |                    0.10 |    494 |    33.8483 |
|        1 |         73 |          1805.50 |       985.55 |      1833.90 |                 65.32 |                    0.10 |    495 |    33.9708 |
|        1 |         74 |          1805.50 |       985.55 |      1833.70 |                 43.54 |                    0.10 |    495 |    34.0670 |
|        1 |         75 |          1805.50 |       985.55 |      1819.56 |                 59.15 |                    0.10 |    495 |    34.1277 |
|        1 |         76 |          1805.50 |       985.55 |      1836.23 |                 47.70 |                    0.10 |    495 |    34.2158 |
|        1 |         77 |          1805.50 |       985.55 |      1827.73 |                106.67 |                    0.10 |    495 |    34.3005 |
|        1 |         78 |          1805.50 |       985.55 |      1849.94 |                 47.90 |                    0.10 |    495 |    34.4829 |
|        1 |         79 |          1805.50 |       985.55 |      1843.15 |                 71.12 |                    0.10 |    495 |    34.5669 |
|        1 |         80 |          1805.50 |       985.55 |      1898.00 |                 55.90 |                    0.10 |    498 |    34.7513 |
|        1 |         81 |          1805.50 |       985.55 |      1872.56 |                 64.43 |                    0.10 |    501 |    34.8816 |
|        1 |         82 |          1805.50 |       985.55 |      1863.10 |                 72.27 |                    0.10 |    502 |    34.9648 |
|        1 |         83 |          1805.50 |       985.55 |      1897.00 |                 55.53 |                    0.10 |    502 |    35.0305 |
|        1 |         84 |          1805.50 |       985.55 |      1897.00 |                 33.83 |                    0.10 |    502 |    35.1461 |
|        1 |         85 |          1805.50 |       985.55 |      1819.24 |                 53.74 |                    0.10 |    502 |    35.2613 |
|        1 |         86 |          1805.50 |       985.55 |      1846.73 |                 47.04 |                    0.10 |    502 |    35.3128 |
|        1 |         87 |          1805.50 |       985.55 |      1837.84 |                 65.82 |                    0.10 |    502 |    35.3936 |
|        1 |         88 |          1805.50 |       985.55 |      1841.00 |                 50.24 |                    0.10 |    504 |    35.5658 |
|        1 |         89 |          1805.50 |       985.55 |      1842.27 |                 64.23 |                    0.10 |    504 |    35.6647 |
|        1 |         90 |          1805.50 |       985.55 |      1904.45 |                 66.35 |                    0.10 |    505 |    35.7874 |
|        1 |         91 |          1805.50 |       985.55 |      1881.48 |                 63.69 |                    0.10 |    505 |    35.9731 |
|        1 |         92 |          1805.50 |       985.55 |      1855.49 |                 57.05 |                    0.10 |    505 |    36.1433 |
|        1 |         93 |          1805.50 |       985.55 |      1851.98 |                 65.84 |                    0.10 |    505 |    36.2549 |
|        1 |         94 |          1805.50 |       985.55 |      1850.35 |                 64.82 |                    0.10 |    505 |    36.3511 |
|        1 |         95 |          1805.50 |       985.55 |      1872.73 |                 65.11 |                    0.10 |    506 |    36.4439 |
|        1 |         96 |          1805.50 |       985.55 |      1861.57 |                 51.42 |                    0.10 |    506 |    36.5399 |
|        1 |         97 |          1805.50 |       985.55 |      1852.24 |                 44.96 |                    0.10 |    506 |    36.6087 |
|        1 |         98 |          1805.50 |       985.55 |      1850.90 |                 77.60 |                    0.10 |    506 |    36.6737 |
|        1 |         99 |          1805.50 |       985.55 |      1867.30 |                 65.14 |                    0.10 |    506 |    36.7525 |
|        1 |        100 |          1805.50 |       985.55 |      1862.77 |                 66.11 |                    0.10 |    506 |    36.8365 |
|        1 |        101 |          1805.50 |       985.55 |      1862.47 |                 63.23 |                    0.10 |    506 |    36.9086 |
|        1 |        102 |          1805.50 |       985.55 |      1893.90 |                 33.18 |                    0.10 |    507 |    36.9841 |
|        1 |        103 |          1805.50 |       985.55 |      1840.96 |                 66.83 |                    0.10 |    507 |    37.1431 |
|        1 |        104 |          1805.50 |       985.55 |      1878.85 |                 83.77 |                    0.10 |    510 |    37.2033 |
|        1 |        105 |          1805.50 |       985.55 |      1864.81 |                 65.52 |                    0.10 |    511 |    37.2832 |
|        1 |        106 |          1805.50 |       985.55 |      1885.87 |                 48.79 |                    0.10 |    512 |    37.3522 |
|        1 |        107 |          1805.50 |       985.55 |      1875.45 |                 67.33 |                    0.10 |    513 |    37.4765 |
|        1 |        108 |          1805.50 |       985.55 |      1895.79 |                 49.65 |                    0.10 |    514 |    37.5502 |
|        1 |        109 |          1805.50 |       985.55 |      1885.68 |                 67.32 |                    0.10 |    514 |    37.6327 |
|        1 |        110 |          1805.50 |       985.55 |      1884.30 |                 23.80 |                    0.10 |    514 |    37.7853 |
|        1 |        111 |          1805.50 |       985.55 |      1810.18 |                 59.94 |                    0.10 |    516 |    37.8880 |
|        1 |        112 |          1805.50 |       985.55 |      1832.83 |                 63.96 |                    0.10 |    516 |    37.9688 |
|        1 |        113 |          1805.50 |       985.55 |      1833.78 |                 63.65 |                    0.10 |    516 |    38.0445 |
|        1 |        114 |          1805.50 |       985.55 |      1834.23 |                 67.11 |                    0.10 |    516 |    38.1534 |
|        1 |        115 |          1805.50 |       985.55 |      1828.90 |                 67.46 |                    0.10 |    516 |    38.2316 |
|        1 |        116 |          1805.50 |       985.55 |      1861.00 |                 36.50 |                    0.10 |    516 |    38.2953 |
|        1 |        117 |          1805.50 |       985.55 |      1777.95 |                 65.44 |                    0.10 |    517 |    38.3950 |
|        1 |        118 |          1805.50 |       985.55 |      1816.72 |                 76.39 |                    0.10 |    517 |    38.4726 |
|        1 |        119 |          1805.50 |       985.55 |      1846.10 |                 38.91 |                    0.10 |    517 |    38.5424 |
|        1 |        120 |          1805.50 |       985.55 |      1778.00 |                 77.62 |                    0.10 |    517 |    38.6853 |
|        1 |        121 |          1805.50 |       985.55 |      1818.10 |                 63.30 |                    0.10 |    517 |    38.7457 |
|        1 |        122 |          1805.50 |       985.55 |      1827.41 |                 66.09 |                    0.10 |    517 |    38.8622 |
|        1 |        123 |          1805.50 |       985.55 |      1828.20 |                 65.77 |                    0.10 |    517 |    38.9427 |
|        1 |        124 |          1805.50 |       985.55 |      1863.20 |                 35.26 |                    0.10 |    518 |    38.9984 |
|        1 |        125 |          1805.50 |       985.55 |      1820.73 |                 76.25 |                    0.10 |    522 |    39.1438 |
|        1 |        126 |          1805.50 |       985.55 |      1861.50 |                102.21 |                    0.10 |    523 |    39.2506 |
|        1 |        127 |          1805.50 |       985.55 |      1814.90 |                 62.19 |                    0.10 |    523 |    39.3530 |
|        1 |        128 |          1805.50 |       985.55 |      1830.10 |                 80.31 |                    0.10 |    523 |    39.4234 |
|        1 |        129 |          1805.50 |       985.55 |      1862.60 |                 67.47 |                    0.10 |    526 |    39.4883 |
|        1 |        130 |          1805.50 |       985.55 |      1861.37 |                 44.57 |                    0.10 |    526 |    39.5574 |
|        1 |        131 |          1805.50 |       985.55 |      1864.54 |                119.36 |                    0.10 |    527 |    39.6337 |
|        1 |        132 |          1805.50 |       985.55 |      1838.90 |                 72.58 |                    0.10 |    528 |    39.7464 |
|        1 |        133 |          1805.50 |       985.55 |      1828.10 |                 36.71 |                    0.10 |    528 |    39.9438 |
------------------------------------------------------------------------------------------------------------------------------------------------
|  Restart |  Iteration |  Best Feas. Cost |    Best Cost |   Curr. Cost |   Penalty Custom Res. |   Penalty Standard Res. |   Pool |   Time (s) |
------------------------------------------------------------------------------------------------------------------------------------------------
|        1 |        134 |          1805.50 |       985.55 |      1849.30 |                 58.48 |                    0.10 |    528 |    40.0177 |
|        1 |        135 |          1805.50 |       985.55 |      1869.00 |                 59.97 |                    0.10 |    528 |    40.1031 |
|        1 |        136 |          1805.50 |       985.55 |      1869.00 |                 31.52 |                    0.10 |    528 |    40.1550 |
|        1 |        137 |          1805.50 |       985.55 |      1876.55 |                 61.96 |                    0.10 |    528 |    40.2254 |
|        1 |        138 |          1805.50 |       985.55 |      1915.60 |                 44.24 |                    0.10 |    530 |    40.3436 |
|        1 |        139 |          1805.50 |       985.55 |      1803.96 |                 70.14 |                    0.10 |    530 |    40.6814 |
|        1 |        140 |          1805.50 |       985.55 |      1848.19 |                 66.36 |                    0.10 |    532 |    40.7829 |
|        1 |        141 |          1805.50 |       985.55 |      1855.00 |                 46.47 |                    0.10 |    534 |    40.8909 |
|        1 |        142 |          1805.50 |       985.55 |      1866.40 |                 23.42 |                    0.10 |    535 |    40.9798 |
|        1 |        143 |          1805.50 |       985.55 |      1829.39 |                 48.87 |                    0.12 |    535 |    41.0501 |
|        1 |        144 |          1805.50 |       985.55 |      1881.32 |                100.05 |                    0.10 |    535 |    41.1219 |
|        1 |        145 |          1805.50 |       985.55 |      1881.90 |                 64.83 |                    0.10 |    535 |    41.1925 |
|        1 |        146 |          1805.50 |       985.55 |      1860.13 |                 40.97 |                    0.10 |    535 |    41.3389 |
|        1 |        147 |          1805.50 |       985.55 |      1885.55 |                 50.17 |                    0.10 |    536 |    41.4818 |
|        1 |        148 |          1805.50 |       985.55 |      1878.09 |                101.56 |                    0.10 |    536 |    41.5771 |
|        1 |        149 |          1805.50 |       985.55 |      1896.00 |                 58.33 |                    0.10 |    537 |    41.6594 |
|        1 |        150 |          1805.50 |       985.55 |      1832.70 |                 74.23 |                    0.10 |    538 |    41.8378 |
|        1 |        151 |          1805.50 |       985.55 |      1822.46 |                 89.35 |                    0.10 |    538 |    41.9311 |
|        1 |        152 |          1805.50 |       985.55 |      1840.00 |                 56.20 |                    0.10 |    538 |    41.9987 |
|        1 |        153 |          1805.50 |       985.55 |      1824.56 |                 74.75 |                    0.10 |    538 |    42.1325 |
|        1 |        154 |          1805.50 |       985.55 |      1844.25 |                 66.01 |                    0.10 |    538 |    42.2265 |
|        1 |        155 |          1805.50 |       985.55 |      1895.15 |                 43.13 |                    0.10 |    540 |    42.3359 |
|        1 |        156 |          1805.50 |       985.55 |      1878.48 |                 58.59 |                    0.10 |    540 |    42.4034 |
|        1 |        157 |          1805.50 |       985.55 |      1852.09 |                 69.13 |                    0.10 |    541 |    42.4871 |
|        1 |        158 |          1805.50 |       985.55 |      1851.40 |                 59.75 |                    0.10 |    541 |    42.5788 |
|        1 |        159 |          1805.50 |       985.55 |      1871.00 |                 71.92 |                    0.10 |    541 |    42.6534 |
|        1 |        160 |          1805.50 |       985.55 |      1849.99 |                 63.24 |                    0.10 |    541 |    42.8086 |
|        1 |        161 |          1805.50 |       985.55 |      1861.80 |                 41.77 |                    0.10 |    541 |    42.8862 |
|        1 |        162 |          1805.50 |       985.55 |      1842.59 |                 63.98 |                    0.10 |    541 |    42.9562 |
|        1 |        163 |          1805.50 |       985.55 |      1850.46 |                 81.68 |                    0.10 |    541 |    43.0528 |
|        1 |        164 |          1805.50 |       985.55 |      1865.00 |                116.61 |                    0.10 |    541 |    43.1253 |
|        1 |        165 |          1805.50 |       985.55 |      1860.60 |                 67.57 |                    0.10 |    544 |    43.2134 |
|        1 |        166 |          1805.50 |       985.55 |      1860.60 |                 41.20 |                    0.10 |    544 |    43.2890 |
|        1 |        167 |          1805.50 |       985.55 |      1862.34 |                 61.66 |                    0.10 |    545 |    43.4061 |
|        1 |        168 |          1805.50 |       985.55 |      1849.10 |                128.74 |                    0.10 |    546 |    43.6402 |
|        1 |        169 |          1805.50 |       985.55 |      1932.93 |                279.76 |                    0.10 |    546 |    43.7044 |
|        1 |        170 |          1805.50 |       985.55 |      1892.00 |                180.98 |                    0.10 |    547 |    43.7949 |
|        1 |        171 |          1805.50 |       985.55 |      1874.70 |                 80.75 |                    0.10 |    547 |    43.9096 |
|        1 |        172 |          1805.50 |       985.55 |      1882.28 |                117.60 |                    0.10 |    550 |    43.9810 |
|        1 |        173 |          1805.50 |       985.55 |      1848.60 |                 61.14 |                    0.10 |    550 |    44.0528 |
|        1 |        174 |          1805.50 |       985.55 |      1872.60 |                 62.73 |                    0.10 |    550 |    44.1285 |
|        1 |        175 |          1805.50 |       985.55 |      1872.80 |                 60.02 |                    0.10 |    551 |    44.2297 |
|        1 |        176 |          1805.50 |       985.55 |      1861.00 |                 26.81 |                    0.10 |    552 |    44.3329 |
|        1 |        177 |          1805.50 |       985.55 |      1856.25 |                 63.09 |                    0.14 |    552 |    44.4089 |
|        1 |        178 |          1805.50 |       985.55 |      1823.80 |                 37.29 |                    0.10 |    552 |    44.5217 |
|        1 |        179 |          1805.50 |       985.55 |      1823.80 |                 25.90 |                    0.10 |    552 |    44.5983 |
|        1 |        180 |          1805.50 |       985.55 |      1817.65 |                 30.82 |                    0.10 |    552 |    44.6930 |
|        1 |        181 |          1805.50 |       985.55 |      1819.63 |                 31.01 |                    0.10 |    552 |    44.7601 |
|        1 |        182 |          1805.50 |       985.55 |      1819.62 |                 34.83 |                    0.10 |    552 |    44.8296 |
|        1 |        183 |          1805.50 |       985.55 |      1807.98 |                 68.38 |                    0.10 |    553 |    44.9326 |
|        1 |        184 |          1805.50 |       985.55 |      1817.61 |                 69.28 |                    0.10 |    553 |    45.0818 |
|        1 |        185 |          1805.50 |       985.55 |      1827.21 |                 53.18 |                    0.10 |    554 |    45.1640 |
|        1 |        186 |          1805.50 |       985.55 |      1815.49 |                 42.07 |                    0.10 |    554 |    45.2322 |
|        1 |        187 |          1805.50 |       985.55 |      1794.01 |                 58.22 |                    0.10 |    554 |    45.3165 |
|        1 |        188 |          1805.50 |       985.55 |      1811.59 |                 74.38 |                    0.10 |    554 |    45.3934 |
|        1 |        189 |          1805.50 |       985.55 |      1841.64 |                 47.59 |                    0.10 |    554 |    45.5022 |
|        1 |        190 |          1805.50 |       985.55 |      1829.82 |                 63.91 |                    0.10 |    554 |    45.5785 |
|        1 |        191 |          1805.50 |       985.55 |      1846.30 |                 32.64 |                    0.10 |    555 |    45.7592 |
|        1 |        192 |          1805.50 |       985.55 |      1845.50 |                 34.80 |                    0.10 |    555 |    45.8563 |
|        1 |        193 |          1805.50 |       985.55 |      1845.50 |                 39.88 |                    0.10 |    555 |    45.9148 |
|        1 |        194 |          1805.50 |       985.55 |      1809.64 |                 49.38 |                    0.10 |    557 |    46.0088 |
|        1 |        195 |          1805.50 |       985.55 |      1859.92 |                 60.65 |                    0.10 |    558 |    46.0788 |
|        1 |        196 |          1805.50 |       985.55 |      1854.69 |                 43.75 |                    0.10 |    559 |    46.1807 |
|        1 |        197 |          1805.50 |       985.55 |      1856.91 |                 29.19 |                    0.10 |    560 |    46.2569 |
|        1 |        198 |          1805.50 |       985.55 |      1796.10 |                 62.11 |                    0.10 |    560 |    46.3556 |
|        1 |        199 |          1805.50 |       985.55 |      1854.23 |                 64.94 |                    0.10 |    561 |    46.4399 |
|        1 |        200 |          1805.50 |       985.55 |      1856.75 |                 70.72 |                    0.10 |    561 |    46.5118 |
|        1 |        201 |          1805.50 |       985.55 |      1850.00 |                 60.56 |                    0.10 |    562 |    46.5970 |
|        1 |        202 |          1805.50 |       985.55 |      1839.70 |                 39.98 |                    0.10 |    562 |    46.7175 |
|        1 |        203 |          1805.50 |       985.55 |      1839.70 |                 35.31 |                    0.10 |    562 |    46.8094 |
|        1 |        204 |          1805.50 |       985.55 |      1839.70 |                 35.86 |                    0.10 |    562 |    46.8852 |
|        1 |        205 |          1805.50 |       985.55 |      1839.70 |                 65.07 |                    0.11 |    562 |    46.9513 |
|        1 |        206 |          1805.50 |       985.55 |      1839.70 |                 32.17 |                    0.10 |    562 |    47.0310 |
|        1 |        207 |          1805.50 |       985.55 |      1811.88 |                 37.97 |                    0.10 |    562 |    47.1042 |
|        1 |        208 |          1805.50 |       985.55 |      1865.94 |                 41.28 |                    0.10 |    564 |    47.2223 |
|        1 |        209 |          1805.50 |       985.55 |      1820.93 |                 54.38 |                    0.10 |    564 |    47.2960 |
|        1 |        210 |          1805.50 |       985.55 |      1836.92 |                 69.52 |                    0.10 |    564 |    47.3650 |
|        1 |        211 |          1805.50 |       985.55 |      1845.50 |                 64.29 |                    0.10 |    564 |    47.4946 |
|        1 |        212 |          1805.50 |       985.55 |      1845.07 |                 65.99 |                    0.10 |    564 |    47.5578 |
|        1 |        213 |          1805.50 |       985.55 |      1863.69 |                 67.57 |                    0.10 |    564 |    47.6606 |
|        1 |        214 |          1805.50 |       985.55 |      1848.85 |                 39.48 |                    0.10 |    564 |    47.7734 |
|        1 |        215 |          1805.50 |       985.55 |      1827.17 |                 61.70 |                    0.10 |    564 |    47.8302 |
|        1 |        216 |          1805.50 |       985.55 |      1827.80 |                 67.77 |                    0.10 |    564 |    47.9859 |
|        1 |        217 |          1805.50 |       985.55 |      1832.80 |                 51.02 |                    0.10 |    564 |    48.0551 |
|        1 |        218 |          1805.50 |       985.55 |      1831.63 |                 62.66 |                    0.10 |    564 |    48.1275 |
|        1 |        219 |          1805.50 |       985.55 |      1836.02 |                 47.07 |                    0.10 |    564 |    48.2208 |
|        1 |        220 |          1805.50 |       985.55 |      1879.16 |                 48.33 |                    0.10 |    566 |    48.2871 |
|        1 |        221 |          1805.50 |       985.55 |      1866.20 |                 74.41 |                    0.10 |    568 |    48.4331 |
|        1 |        222 |          1805.50 |       985.55 |      1826.91 |                 46.94 |                    0.10 |    568 |    48.6193 |
|        1 |        223 |          1805.50 |       985.55 |      1812.48 |                 63.11 |                    0.10 |    568 |    48.6849 |
|        1 |        224 |          1805.50 |       985.55 |      1830.30 |                 66.36 |                    0.10 |    568 |    48.8894 |
|        1 |        225 |          1805.50 |       985.55 |      1853.20 |                 31.22 |                    0.10 |    568 |    48.9824 |
|        1 |        226 |          1805.50 |       985.55 |      1851.89 |                 67.80 |                    0.10 |    568 |    49.0809 |
|        1 |        227 |          1805.50 |       985.55 |      1833.50 |                 51.51 |                    0.10 |    568 |    49.1781 |
|        1 |        228 |          1805.50 |       985.55 |      1833.50 |                 26.78 |                    0.10 |    568 |    49.2473 |
|        1 |        229 |          1805.50 |       985.55 |      1828.30 |                 31.88 |                    0.10 |    568 |    49.3483 |
|        1 |        230 |          1805.50 |       985.55 |      1802.90 |                 31.03 |                    0.10 |    568 |    49.5168 |
|        1 |        231 |          1805.50 |       985.55 |      1844.42 |                 62.27 |                    0.10 |    568 |    49.5836 |
|        1 |        232 |          1805.50 |       985.55 |      1918.20 |                 62.63 |                    0.10 |    570 |    49.6701 |
|        1 |        233 |          1805.50 |       985.55 |      1901.20 |                 31.87 |                    0.10 |    572 |    49.7750 |
|        1 |        234 |          1805.50 |       985.55 |      1888.92 |                 47.77 |                    0.10 |    572 |    49.8820 |
|        1 |        235 |          1805.50 |       985.55 |      1834.30 |                 45.81 |                    0.10 |    573 |    50.0941 |
|        1 |        236 |          1805.50 |       985.55 |      1811.17 |                 87.44 |                    0.10 |    575 |    50.1547 |
|        1 |        237 |          1805.50 |       985.55 |      1870.60 |                 57.70 |                    0.10 |    575 |    50.2930 |
|        1 |        238 |          1805.50 |       985.55 |      1846.74 |                 63.53 |                    0.10 |    575 |    50.3612 |
|        1 |        239 |          1805.50 |       985.55 |      1860.86 |                 55.48 |                    0.10 |    575 |    50.4575 |
|        1 |        240 |          1805.50 |       985.55 |      1836.45 |                 62.25 |                    0.10 |    576 |    50.5421 |
|        1 |        241 |          1805.50 |       985.55 |      1821.31 |                 51.02 |                    0.10 |    576 |    50.7080 |
|        1 |        242 |          1805.50 |       985.55 |      1842.06 |                 39.19 |                    0.10 |    576 |    50.7767 |
|        1 |        243 |          1805.50 |       985.55 |      1854.60 |                 67.62 |                    0.10 |    576 |    50.8530 |
|        1 |        244 |          1805.50 |       985.55 |      1851.28 |                 60.25 |                    0.10 |    577 |    50.9512 |
|        1 |        245 |          1805.50 |       985.55 |      1855.64 |                 77.82 |                    0.10 |    578 |    51.0216 |
|        1 |        246 |          1805.50 |       985.55 |      1874.60 |                 39.87 |                    0.10 |    579 |    51.1656 |
|        1 |        247 |          1805.50 |       985.55 |      1863.73 |                 54.56 |                    0.10 |    580 |    51.2743 |
|        1 |        248 |          1805.50 |       985.55 |      1855.01 |                 41.52 |                    0.10 |    580 |    51.3286 |
|        1 |        249 |          1805.50 |       985.55 |      1862.72 |                 27.70 |                    0.10 |    581 |    51.4074 |
|        1 |        250 |          1805.50 |       985.55 |      1841.08 |                 56.70 |                    0.10 |    581 |    51.4721 |
|        1 |        251 |          1805.50 |       985.55 |      1881.30 |                 20.09 |                    0.10 |    581 |    51.6048 |
|        1 |        252 |          1805.50 |       985.55 |      1842.92 |                 31.67 |                    0.10 |    581 |    51.6815 |
|        1 |        253 |          1805.50 |       985.55 |      1863.99 |                 36.29 |                    0.10 |    581 |    51.7470 |
|        1 |        254 |          1805.50 |       985.55 |      1876.05 |                 34.84 |                    0.10 |    582 |    51.9131 |
|        1 |        255 |          1805.50 |       985.55 |      1893.80 |                 28.96 |                    0.10 |    583 |    51.9885 |
|        1 |        256 |          1805.50 |       985.55 |      1887.76 |                 35.94 |                    0.10 |    583 |    52.0539 |
|        1 |        257 |          1805.50 |       985.55 |      1807.02 |                 81.81 |                    0.10 |    584 |    52.1723 |
|        1 |        258 |          1805.50 |       985.55 |      1855.30 |                 34.04 |                    0.10 |    586 |    52.2761 |
|        1 |        259 |          1805.50 |       985.55 |      1832.36 |                 73.50 |                    0.10 |    586 |    52.6023 |
|        1 |        260 |          1805.50 |       985.55 |      1833.40 |                 45.26 |                    0.10 |    586 |    52.6811 |
|        1 |        261 |          1805.50 |       985.55 |      1813.60 |                 67.22 |                    0.10 |    586 |    52.7596 |
|        1 |        262 |          1805.50 |       985.55 |      1829.42 |                 41.75 |                    0.10 |    586 |    52.8562 |
|        1 |        263 |          1805.50 |       985.55 |      1824.41 |                 51.29 |                    0.10 |    587 |    52.9379 |
|        1 |        264 |          1805.50 |       985.55 |      1819.80 |                 65.55 |                    0.10 |    587 |    53.0055 |
|        1 |        265 |          1805.50 |       985.55 |      1835.81 |                 48.33 |                    0.10 |    587 |    53.0818 |
|        1 |        266 |          1805.50 |       985.55 |      1818.50 |                 65.58 |                    0.10 |    587 |    53.1548 |
|        1 |        267 |          1805.50 |       985.55 |      1837.40 |                 58.11 |                    0.10 |    590 |    53.3279 |
|        1 |        268 |          1805.50 |       985.55 |      1834.78 |                 43.31 |                    0.10 |    590 |    53.3886 |
|        1 |        269 |          1805.50 |       985.55 |      1813.81 |                 55.42 |                    0.10 |    590 |    53.4425 |
|        1 |        270 |          1805.50 |       985.55 |      1827.80 |                 76.60 |                    0.10 |    590 |    53.5354 |
|        1 |        271 |          1805.50 |       985.55 |      1827.51 |                 64.88 |                    0.10 |    590 |    53.6263 |
|        1 |        272 |          1805.50 |       985.55 |      1827.18 |                 44.19 |                    0.10 |    590 |    53.6886 |
|        1 |        273 |          1805.50 |       985.55 |      1811.03 |                 65.07 |                    0.10 |    590 |    53.7316 |
|        1 |        274 |          1805.50 |       985.55 |      1840.09 |                 59.69 |                    0.10 |    593 |    53.8342 |
|        1 |        275 |          1805.50 |       985.55 |      1842.40 |                 43.51 |                    0.10 |    593 |    53.9296 |
|        1 |        276 |          1805.50 |       985.55 |      1806.30 |                 43.29 |                    0.10 |    593 |    54.0089 |
|        1 |        277 |          1805.50 |       985.55 |      1819.17 |                 60.52 |                    0.10 |    594 |    54.0863 |
|        1 |        278 |          1805.50 |       985.55 |      1839.77 |                 57.87 |                    0.10 |    596 |    54.1662 |
|        1 |        279 |          1805.50 |       985.55 |      1811.96 |                 74.70 |                    0.10 |    596 |    54.2367 |
|        1 |        280 |          1805.50 |       985.55 |      1821.11 |                 60.28 |                    0.10 |    596 |    54.3031 |
|        1 |        281 |          1805.50 |       985.55 |      1838.60 |                 29.52 |                    0.10 |    597 |    54.3608 |
|        1 |        282 |          1805.50 |       985.55 |      1825.56 |                 45.10 |                    0.10 |    597 |    54.4561 |
|        1 |        283 |          1805.50 |       985.55 |      1807.08 |                 79.75 |                    0.10 |    598 |    54.6244 |
|        1 |        284 |          1805.50 |       985.55 |      1823.60 |                 77.35 |                    0.10 |    599 |    54.7878 |
|        1 |        285 |          1805.50 |       985.55 |      1811.97 |                 61.68 |                    0.10 |    599 |    54.8912 |
|        1 |        286 |          1805.50 |       985.55 |      1837.79 |                 64.60 |                    0.10 |    600 |    54.9505 |
|        1 |        287 |          1805.50 |       985.55 |      1843.56 |                 57.64 |                    0.10 |    600 |    55.0104 |
|        1 |        288 |          1805.50 |       985.55 |      1836.10 |                 83.12 |                    0.10 |    600 |    55.0719 |
|        1 |        289 |          1805.50 |       985.55 |      1848.50 |                 31.53 |                    0.10 |    600 |    55.2153 |
|        1 |        290 |          1805.50 |       985.55 |      1848.50 |                 49.23 |                    0.10 |    600 |    55.2808 |
|        1 |        291 |          1805.50 |       985.55 |      1907.90 |                 45.11 |                    0.10 |    600 |    55.3957 |
|        1 |        292 |          1805.50 |       985.55 |      1866.30 |                 32.05 |                    0.10 |    601 |    55.5907 |
|        1 |        293 |          1805.50 |       985.55 |      1890.32 |                 57.59 |                    0.10 |    604 |    55.6501 |
|        1 |        294 |          1805.50 |       985.55 |      1904.40 |                 34.08 |                    0.10 |    608 |    55.7196 |
|        1 |        295 |          1805.50 |       985.55 |      1805.88 |                 61.88 |                    0.10 |    609 |    55.7733 |
|        1 |        296 |          1805.50 |       985.55 |      1860.00 |                 40.85 |                    0.10 |    609 |    55.8564 |
|        1 |        297 |          1805.50 |       985.55 |      1814.18 |                 80.69 |                    0.10 |    609 |    56.0046 |
|        1 |        298 |          1805.50 |       985.55 |      1866.90 |                 67.15 |                    0.10 |    609 |    56.0631 |
|        1 |        299 |          1805.50 |       985.55 |      1832.84 |                101.66 |                    0.10 |    609 |    56.1468 |
|        1 |        300 |          1805.50 |       985.55 |      1848.30 |                 65.16 |                    0.10 |    610 |    56.2194 |
|        1 |        301 |          1805.50 |       985.55 |      1867.16 |                 68.11 |                    0.10 |    610 |    56.3084 |
|        1 |        302 |          1805.50 |       985.55 |      1868.60 |                 74.94 |                    0.10 |    610 |    56.3766 |
|        1 |        303 |          1805.50 |       985.55 |      1868.45 |                 35.22 |                    0.10 |    610 |    56.4569 |
|        1 |        304 |          1805.50 |       985.55 |      1840.82 |                 65.21 |                    0.10 |    610 |    56.5200 |
|        1 |        305 |          1805.50 |       985.55 |      1848.66 |                 33.73 |                    0.10 |    610 |    56.6678 |
|        1 |        306 |          1805.50 |       985.55 |      1822.95 |                 64.92 |                    0.10 |    610 |    56.7564 |
|        1 |        307 |          1805.50 |       985.55 |      1884.86 |                 84.74 |                    0.10 |    613 |    56.8135 |
|        1 |        308 |          1805.50 |       985.55 |      1853.84 |                 37.08 |                    0.10 |    613 |    56.9134 |
|        1 |        309 |          1805.50 |       985.55 |      1828.11 |                 63.41 |                    0.10 |    613 |    56.9692 |
|        1 |        310 |          1805.50 |       985.55 |      1881.00 |                 41.84 |                    0.10 |    615 |    57.0605 |
|        1 |        311 |          1805.50 |       985.55 |      1864.49 |                 55.58 |                    0.17 |    615 |    57.1599 |
|        1 |        312 |          1805.50 |       985.55 |      1878.70 |                 31.95 |                    0.10 |    616 |    57.2172 |
|        1 |        313 |          1805.50 |       985.55 |      1874.54 |                 33.30 |                    0.10 |    616 |    57.3480 |
|        1 |        314 |          1805.50 |       985.55 |      1835.20 |                 64.80 |                    0.10 |    616 |    57.4172 |
|        1 |        315 |          1805.50 |       985.55 |      1875.60 |                 45.29 |                    0.10 |    618 |    57.5450 |
|        1 |        316 |          1805.50 |       985.55 |      1844.61 |                 45.94 |                    0.10 |    618 |    57.6401 |
|        1 |        317 |          1805.50 |       985.55 |      1836.60 |                 47.61 |                    0.10 |    618 |    57.7065 |
|        1 |        318 |          1805.50 |       985.55 |      1874.29 |                 85.46 |                    0.10 |    619 |    57.7876 |
|        1 |        319 |          1805.50 |       985.55 |      1913.60 |                 34.14 |                    0.10 |    619 |    57.9082 |
|        1 |        320 |          1805.50 |       985.55 |      1827.66 |                 40.47 |                    0.10 |    619 |    58.0617 |
|        1 |        321 |          1805.50 |       985.55 |      1828.73 |                 47.31 |                    0.10 |    619 |    58.1251 |
|        1 |        322 |          1805.50 |       985.55 |      1821.34 |                 41.31 |                    0.10 |    619 |    58.2171 |
|        1 |        323 |          1805.50 |       985.55 |      1843.50 |                 64.96 |                    0.10 |    619 |    58.3329 |
|        1 |        324 |          1805.50 |       985.55 |      1869.70 |                 63.90 |                    0.10 |    620 |    58.4359 |
|        1 |        325 |          1805.50 |       985.55 |      1842.60 |                 65.05 |                    0.10 |    620 |    58.6206 |
|        1 |        326 |          1805.50 |       985.55 |      1841.64 |                 58.59 |                    0.10 |    620 |    58.6942 |
|        1 |        327 |          1805.50 |       985.55 |      1852.50 |                 41.80 |                    0.10 |    620 |    58.8102 |
|        1 |        328 |          1805.50 |       985.55 |      1831.92 |                 86.43 |                    0.10 |    620 |    58.8824 |
|        1 |        329 |          1805.50 |       985.55 |      1850.48 |                 62.24 |                    0.10 |    620 |    59.0198 |
|        1 |        330 |          1805.50 |       985.55 |      1907.30 |                 41.13 |                    0.10 |    623 |    59.0870 |
|        1 |        331 |          1805.50 |       985.55 |      1854.20 |                 41.71 |                    0.10 |    626 |    59.1800 |
|        1 |        332 |          1805.50 |       985.55 |      1803.57 |                 32.18 |                    0.10 |    626 |    59.3316 |
|        1 |        333 |          1805.50 |       985.55 |      1805.44 |                 36.47 |                    0.10 |    626 |    59.3981 |
|        1 |        334 |          1805.50 |       985.55 |      1809.32 |                 71.75 |                    0.10 |    626 |    59.4490 |
|        1 |        335 |          1805.50 |       985.55 |      1845.10 |                 42.49 |                    0.10 |    627 |    59.5068 |
|        1 |        336 |          1805.50 |       985.55 |      1829.00 |                 40.28 |                    0.10 |    627 |    59.5587 |
|        1 |        337 |          1805.50 |       985.55 |      1829.00 |                 43.92 |                    0.10 |    627 |    59.6157 |
|        1 |        338 |          1805.50 |       985.55 |      1829.00 |                 55.05 |                    0.10 |    627 |    59.6787 |
|        1 |        339 |          1805.50 |       985.55 |      1835.56 |                 54.58 |                    0.10 |    628 |    59.8141 |
|        1 |        340 |          1805.50 |       985.55 |      1848.70 |                 65.95 |                    0.10 |    629 |    59.9951 |
------------------------------------------------------------------------------------------------------------------------------------------------
|  Restart |  Iteration |  Best Feas. Cost |    Best Cost |   Curr. Cost |   Penalty Custom Res. |   Penalty Standard Res. |   Pool |   Time (s) |
------------------------------------------------------------------------------------------------------------------------------------------------
|        1 |        341 |          1805.50 |       985.55 |      1855.38 |                 57.99 |                    0.10 |    630 |    60.1213 |
|        1 |        342 |          1805.50 |       985.55 |      1854.43 |                147.77 |                    0.10 |    632 |    60.1952 |
|        1 |        343 |          1805.50 |       985.55 |      1892.94 |                276.59 |                    0.10 |    634 |    60.2455 |
|        1 |        344 |          1805.50 |       985.55 |      1818.20 |                143.59 |                    0.10 |    634 |    60.3337 |
|        1 |        345 |          1805.50 |       985.55 |      1817.20 |                 72.38 |                    0.10 |    634 |    60.4139 |
|        1 |        346 |          1805.50 |       985.55 |      1847.70 |                 40.36 |                    0.10 |    634 |    60.4782 |
|        1 |        347 |          1805.50 |       985.55 |      1800.02 |                 64.93 |                    0.10 |    634 |    60.5497 |
|        1 |        348 |          1805.50 |       985.55 |      1856.10 |                 35.73 |                    0.10 |    635 |    60.6668 |
|        1 |        349 |          1805.50 |       985.55 |      1856.10 |                 30.93 |                    0.10 |    635 |    60.7300 |
|        1 |        350 |          1805.50 |       985.55 |      1807.97 |                 63.80 |                    0.11 |    636 |    60.8243 |
|        1 |        351 |          1805.50 |       985.55 |      1846.24 |                 61.94 |                    0.10 |    636 |    60.9740 |
|        1 |        352 |          1805.50 |       985.55 |      1905.24 |                 42.79 |                    0.10 |    637 |    61.1256 |
|        1 |        353 |          1805.50 |       985.55 |      1889.33 |                 64.18 |                    0.10 |    637 |    61.2019 |
|        1 |        354 |          1805.50 |       985.55 |      1894.05 |                 69.54 |                    0.10 |    638 |    61.3517 |
|        1 |        355 |          1805.50 |       985.55 |      1904.00 |                 58.95 |                    0.10 |    638 |    61.4364 |
|        1 |        356 |          1805.50 |       985.55 |      1901.18 |                 86.64 |                    0.10 |    642 |    61.5206 |
|        1 |        357 |          1805.50 |       985.55 |      1879.06 |                 53.78 |                    0.10 |    644 |    61.6304 |
|        1 |        358 |          1805.50 |       985.55 |      1879.94 |                 63.10 |                    0.10 |    645 |    61.7996 |
|        1 |        359 |          1805.50 |       985.55 |      1885.49 |                 64.55 |                    0.10 |    645 |    61.9152 |
|        1 |        360 |          1805.50 |       985.55 |      1856.40 |                 32.81 |                    0.10 |    646 |    62.0224 |
|        1 |        361 |          1805.50 |       985.55 |      1808.55 |                 66.22 |                    0.10 |    647 |    62.1457 |
|        1 |        362 |          1805.50 |       985.55 |      1875.60 |                 67.90 |                    0.10 |    648 |    62.2251 |
|        1 |        363 |          1805.50 |       985.55 |      1866.40 |                 97.87 |                    0.10 |    648 |    62.2951 |
|        1 |        364 |          1805.50 |       985.55 |      1829.82 |                 55.44 |                    0.10 |    648 |    62.4256 |
|        1 |        365 |          1805.50 |       985.55 |      1815.41 |                 67.88 |                    0.10 |    648 |    62.5430 |
|        1 |        366 |          1805.50 |       985.55 |      1821.58 |                 58.77 |                    0.10 |    648 |    62.6050 |
|        1 |        367 |          1805.50 |       985.55 |      1813.65 |                 52.48 |                    0.10 |    648 |    62.6543 |
|        1 |        368 |          1805.50 |       985.55 |      1809.01 |                 67.77 |                    0.10 |    648 |    62.7251 |
|        1 |        369 |          1805.50 |       985.55 |      1855.44 |                 67.38 |                    0.10 |    650 |    62.8157 |
|        1 |        370 |          1805.50 |       985.55 |      1814.43 |                 60.95 |                    0.10 |    650 |    62.9963 |
|        1 |        371 |          1805.50 |       985.55 |      1813.55 |                 56.02 |                    0.10 |    650 |    63.0625 |
|        1 |        372 |          1805.50 |       985.55 |      1822.42 |                 66.72 |                    0.10 |    650 |    63.1474 |
|        1 |        373 |          1805.50 |       985.55 |      1829.20 |                 61.23 |                    0.10 |    650 |    63.2501 |
|        1 |        374 |          1805.50 |       985.55 |      1826.81 |                 67.27 |                    0.10 |    650 |    63.3385 |
|        1 |        375 |          1805.50 |       985.55 |      1816.70 |                 67.60 |                    0.10 |    651 |    63.4304 |
|        1 |        376 |          1805.50 |       985.55 |      1816.70 |                 67.96 |                    0.10 |    651 |    63.5047 |
|        1 |        377 |          1805.50 |       985.55 |      1813.28 |                 64.98 |                    0.10 |    651 |    63.5836 |
|        1 |        378 |          1805.50 |       985.55 |      1819.99 |                 66.05 |                    0.10 |    651 |    63.6420 |
|        1 |        379 |          1805.50 |       985.55 |      1815.90 |                 63.04 |                    0.10 |    651 |    63.7429 |
|        1 |        380 |          1805.50 |       985.55 |      1815.54 |                 50.37 |                    0.10 |    651 |    63.8475 |
|        1 |        381 |          1805.50 |       985.55 |      1839.88 |                 59.86 |                    0.10 |    651 |    64.1321 |
|        1 |        382 |          1805.50 |       985.55 |      1831.97 |                 40.77 |                    0.10 |    651 |    64.2476 |
|        1 |        383 |          1805.50 |       985.55 |      1797.71 |                 71.75 |                    0.10 |    651 |    64.3297 |
|        1 |        384 |          1805.50 |       985.55 |      1843.80 |                 38.00 |                    0.10 |    651 |    64.4274 |
|        1 |        385 |          1805.50 |       985.55 |      1843.80 |                 30.36 |                    0.10 |    651 |    64.4964 |
|        1 |        386 |          1805.50 |       985.55 |      1844.86 |                 52.91 |                    0.10 |    651 |    64.5585 |
|        1 |        387 |          1805.50 |       985.55 |      1856.60 |                 34.30 |                    0.10 |    651 |    64.6150 |
|        1 |        388 |          1805.50 |       985.55 |      1831.00 |                 37.72 |                    0.10 |    651 |    64.6908 |
|        1 |        389 |          1805.50 |       985.55 |      1786.28 |                 59.41 |                    0.10 |    651 |    64.7908 |
|        1 |        390 |          1805.50 |       985.55 |      1839.00 |                 35.53 |                    0.10 |    651 |    64.8627 |
|        1 |        391 |          1805.50 |       985.55 |      1825.87 |                 29.11 |                    0.10 |    651 |    65.0199 |
|        1 |        392 |          1805.50 |       985.55 |      1831.40 |                 27.80 |                    0.10 |    651 |    65.1810 |
|        1 |        393 |          1805.50 |       985.55 |      1819.44 |                 37.00 |                    0.10 |    652 |    65.2611 |
|        1 |        394 |          1805.50 |       985.55 |      1791.14 |                 75.65 |                    0.10 |    653 |    65.3626 |
|        1 |        395 |          1805.50 |       985.55 |      1833.81 |                 62.17 |                    0.10 |    653 |    65.4679 |
|        1 |        396 |          1805.50 |       985.55 |      1822.49 |                 83.44 |                    0.10 |    653 |    65.5870 |
|        1 |        397 |          1805.50 |       985.55 |      1834.54 |                 52.96 |                    0.10 |    653 |    65.6626 |
|        1 |        398 |          1805.50 |       985.55 |      1809.02 |                 65.72 |                    0.10 |    653 |    65.7348 |
|        1 |        399 |          1805.50 |       985.55 |      1818.14 |                 38.50 |                    0.10 |    653 |    65.8096 |
|        1 |        400 |          1805.50 |       985.55 |      1793.63 |                 73.45 |                    0.10 |    653 |    65.9144 |
|        1 |        401 |          1805.50 |       985.55 |      1834.45 |                 58.65 |                    0.10 |    653 |    65.9972 |
|        1 |        402 |          1805.50 |       985.55 |      1838.32 |                 72.00 |                    0.10 |    654 |    66.0807 |
|        1 |        403 |          1805.50 |       985.55 |      1857.54 |                 68.74 |                    0.10 |    655 |    66.1906 |
|        1 |        404 |          1805.50 |       985.55 |      1822.86 |                 66.04 |                    0.10 |    656 |    66.3690 |
|        1 |        405 |          1805.50 |       985.55 |      1837.00 |                 42.33 |                    0.10 |    656 |    66.4503 |
|        1 |        406 |          1805.50 |       985.55 |      1837.98 |                 40.70 |                    0.10 |    659 |    66.6060 |
|        1 |        407 |          1805.50 |       985.55 |      1860.91 |                 88.42 |                    0.10 |    659 |    66.6732 |
|        1 |        408 |          1805.50 |       985.55 |      1894.40 |                 52.33 |                    0.10 |    659 |    66.7484 |
|        1 |        409 |          1805.50 |       985.55 |      1894.40 |                 43.99 |                    0.10 |    659 |    66.8208 |
|        1 |        410 |          1805.50 |       985.55 |      1859.44 |                 63.66 |                    0.10 |    659 |    67.0007 |
|        1 |        411 |          1805.50 |       985.55 |      1849.14 |                 65.13 |                    0.10 |    659 |    67.1181 |
|        1 |        412 |          1805.50 |       985.55 |      1887.40 |                 79.67 |                    0.10 |    661 |    67.2676 |
|        1 |        413 |          1805.50 |       985.55 |      1895.60 |                 66.81 |                    0.10 |    663 |    67.3696 |
|        1 |        414 |          1805.50 |       985.55 |      1850.43 |                 59.90 |                    0.10 |    664 |    67.5241 |
|        1 |        415 |          1805.50 |       985.55 |      1902.00 |                 42.90 |                    0.10 |    664 |    67.5898 |
|        1 |        416 |          1805.50 |       985.55 |      1894.50 |                 40.98 |                    0.10 |    664 |    67.6879 |
|        1 |        417 |          1805.50 |       985.55 |      1894.50 |                 42.48 |                    0.10 |    664 |    67.7587 |
|        1 |        418 |          1805.50 |       985.55 |      1928.89 |                 92.97 |                    0.10 |    665 |    67.8734 |
|        1 |        419 |          1805.50 |       985.55 |      1889.00 |                 65.13 |                    0.10 |    666 |    67.9741 |
|        1 |        420 |          1805.50 |       985.55 |      1875.44 |                 61.67 |                    0.10 |    666 |    68.0487 |
|        1 |        421 |          1805.50 |       985.55 |      1876.08 |                 59.59 |                    0.10 |    666 |    68.1188 |
|        1 |        422 |          1805.50 |       985.55 |      1849.49 |                 81.77 |                    0.10 |    666 |    68.1780 |
|        1 |        423 |          1805.50 |       985.55 |      1872.35 |                 78.33 |                    0.10 |    666 |    68.2694 |
|        1 |        424 |          1805.50 |       985.55 |      1854.96 |                 42.69 |                    0.10 |    666 |    68.3811 |
|        1 |        425 |          1805.50 |       985.55 |      1841.68 |                 69.41 |                    0.10 |    666 |    68.4465 |
|        1 |        426 |          1805.50 |       985.55 |      1903.70 |                 67.74 |                    0.10 |    667 |    68.5188 |
|        1 |        427 |          1805.50 |       985.55 |      1894.00 |                 59.54 |                    0.10 |    667 |    68.6738 |
|        1 |        428 |          1805.50 |       985.55 |      1883.39 |                126.58 |                    0.10 |    668 |    68.7650 |
|        1 |        429 |          1805.50 |       985.55 |      1911.70 |                127.28 |                    0.10 |    668 |    68.8363 |
|        1 |        430 |          1805.50 |       985.55 |      1869.04 |                 60.81 |                    0.10 |    670 |    68.9847 |
|        1 |        431 |          1805.50 |       985.55 |      1888.03 |                 92.10 |                    0.10 |    670 |    69.0787 |
|        1 |        432 |          1805.50 |       985.55 |      1888.80 |                 57.92 |                    0.10 |    670 |    69.1444 |
|        1 |        433 |          1805.50 |       985.55 |      1884.90 |                 45.36 |                    0.10 |    670 |    69.2210 |
|        1 |        434 |          1805.50 |       985.55 |      1861.83 |                 61.63 |                    0.10 |    670 |    69.2802 |
|        1 |        435 |          1805.50 |       985.55 |      1891.40 |                 42.40 |                    0.10 |    671 |    69.3466 |
|        1 |        436 |          1805.50 |       985.55 |      1907.38 |                 69.34 |                    0.10 |    673 |    69.4769 |
|        1 |        437 |          1805.50 |       985.55 |      1892.90 |                 30.87 |                    0.10 |    673 |    69.6548 |
|        1 |        438 |          1805.50 |       985.55 |      1892.90 |                 17.39 |                    0.10 |    673 |    69.7218 |
|        1 |        439 |          1805.50 |       985.55 |      1862.62 |                 37.21 |                    0.10 |    674 |    69.9138 |
|        1 |        440 |          1805.50 |       985.55 |      1836.30 |                 31.39 |                    0.10 |    675 |    70.0794 |
|        1 |        441 |          1805.50 |       985.55 |      1839.45 |                 31.54 |                    0.10 |    676 |    70.1651 |
|        1 |        442 |          1805.50 |       985.55 |      1821.21 |                 33.60 |                    0.10 |    676 |    70.2763 |
|        1 |        443 |          1805.50 |       985.55 |      1821.20 |                 31.82 |                    0.10 |    677 |    70.3467 |
|        1 |        444 |          1805.50 |       985.55 |      1819.82 |                 31.31 |                    0.10 |    678 |    70.4538 |
|        1 |        445 |          1805.50 |       985.55 |      1807.69 |                 25.55 |                    0.10 |    678 |    70.5177 |
|        1 |        446 |          1805.50 |       985.55 |      1811.07 |                 41.54 |                    0.10 |    678 |    70.5841 |
|        1 |        447 |          1805.50 |       985.55 |      1831.40 |                 30.83 |                    0.10 |    678 |    70.7316 |
|        1 |        448 |          1805.50 |       985.55 |      1857.49 |                 30.66 |                    0.10 |    679 |    70.8244 |
|        1 |        449 |          1805.50 |       985.55 |      1820.40 |                 61.46 |                    0.10 |    679 |    70.9075 |
|        1 |        450 |          1805.50 |       985.55 |      1836.70 |                 32.60 |                    0.10 |    679 |    70.9773 |
|        1 |        451 |          1805.50 |       985.55 |      1909.46 |                 40.81 |                    0.10 |    680 |    71.0639 |
|        1 |        452 |          1805.50 |       985.55 |      1920.26 |                 42.69 |                    0.10 |    680 |    71.1487 |
|        1 |        453 |          1805.50 |       985.55 |      1915.47 |                 72.27 |                    0.10 |    680 |    71.2090 |
|        1 |        454 |          1805.50 |       985.55 |      1846.95 |                 82.79 |                    0.10 |    681 |    71.4777 |
|        1 |        455 |          1805.50 |       985.55 |      1876.19 |                 96.68 |                    0.10 |    683 |    71.5732 |
|        1 |        456 |          1805.50 |       985.55 |      1824.90 |                 57.18 |                    0.10 |    684 |    71.6630 |
|        1 |        457 |          1805.50 |       985.55 |      1850.20 |                 48.49 |                    0.10 |    684 |    71.7489 |
|        1 |        458 |          1805.50 |       985.55 |      1834.40 |                 55.48 |                    0.10 |    684 |    71.8377 |
|        1 |        459 |          1805.50 |       985.55 |      1834.40 |                 46.16 |                    0.10 |    684 |    71.9029 |
|        1 |        460 |          1805.50 |       985.55 |      1794.25 |                 76.61 |                    0.10 |    686 |    72.1330 |
|        1 |        461 |          1805.50 |       985.55 |      1833.81 |                 76.34 |                    0.10 |    686 |    72.1987 |
|        1 |        462 |          1805.50 |       985.55 |      1833.03 |                 80.75 |                    0.10 |    686 |    72.2646 |
|        1 |        463 |          1805.50 |       985.55 |      1828.39 |                 41.37 |                    0.10 |    686 |    72.4135 |
|        1 |        464 |          1805.50 |       985.55 |      1827.18 |                 62.64 |                    0.10 |    687 |    72.5006 |
|        1 |        465 |          1805.50 |       985.55 |      1840.60 |                 68.61 |                    0.10 |    688 |    72.6647 |
|        1 |        466 |          1805.50 |       985.55 |      1927.39 |                 76.95 |                    0.10 |    691 |    72.7509 |
|        1 |        467 |          1805.50 |       985.55 |      1847.87 |                 34.98 |                    0.10 |    692 |    72.8941 |
|        1 |        468 |          1805.50 |       985.55 |      1813.13 |                 58.61 |                    0.10 |    692 |    72.9628 |
|        1 |        469 |          1805.50 |       985.55 |      1840.64 |                 77.29 |                    0.10 |    692 |    73.0195 |
|        1 |        470 |          1805.50 |       985.55 |      1835.90 |                 55.32 |                    0.10 |    692 |    73.0935 |
|        1 |        471 |          1805.50 |       985.55 |      1830.19 |                 48.84 |                    0.10 |    692 |    73.1680 |
|        1 |        472 |          1805.50 |       985.55 |      1826.75 |                 57.11 |                    0.10 |    692 |    73.2250 |
|        1 |        473 |          1805.50 |       985.55 |      1833.74 |                 38.89 |                    0.10 |    692 |    73.2856 |
|        1 |        474 |          1805.50 |       985.55 |      1814.78 |                 58.34 |                    0.10 |    693 |    73.3566 |
|        1 |        475 |          1805.50 |       985.55 |      1847.47 |                 65.42 |                    0.10 |    695 |    73.4414 |
|        1 |        476 |          1805.50 |       985.55 |      1876.20 |                 64.48 |                    0.10 |    695 |    73.5106 |
|        1 |        477 |          1805.50 |       985.55 |      1879.16 |                 63.60 |                    0.10 |    695 |    73.5727 |
|        1 |        478 |          1805.50 |       985.55 |      1884.40 |                 41.56 |                    0.10 |    695 |    73.6560 |
|        1 |        479 |          1805.50 |       985.55 |      1860.95 |                 82.58 |                    0.10 |    695 |    73.7147 |
|        1 |        480 |          1805.50 |       985.55 |      1882.66 |                 57.24 |                    0.10 |    697 |    73.8170 |
|        1 |        481 |          1805.50 |       985.55 |      1891.46 |                 65.50 |                    0.10 |    699 |    73.9006 |
|        1 |        482 |          1805.50 |       985.55 |      1877.90 |                 49.44 |                    0.10 |    699 |    74.0878 |
|        1 |        483 |          1805.50 |       985.55 |      1859.60 |                 40.98 |                    0.10 |    701 |    74.2126 |
|        1 |        484 |          1805.50 |       985.55 |      1805.27 |                 69.60 |                    0.10 |    701 |    74.3715 |
|        1 |        485 |          1805.50 |       985.55 |      1851.11 |                 60.17 |                    0.10 |    701 |    74.4558 |
|        1 |        486 |          1805.50 |       985.55 |      1855.81 |                 71.70 |                    0.10 |    701 |    74.5298 |
|        1 |        487 |          1805.50 |       985.55 |      1829.00 |                 40.37 |                    0.10 |    701 |    74.5955 |
|        1 |        488 |          1805.50 |       985.55 |      1829.00 |                 34.59 |                    0.10 |    701 |    74.6659 |
|        1 |        489 |          1805.50 |       985.55 |      1826.34 |                 45.96 |                    0.10 |    701 |    74.7550 |
|        1 |        490 |          1805.50 |       985.55 |      1821.40 |                 98.78 |                    0.10 |    701 |    74.8306 |
|        1 |        491 |          1805.50 |       985.55 |      1821.40 |                 49.83 |                    0.10 |    701 |    74.8933 |
|        1 |        492 |          1805.50 |       985.55 |      1821.40 |                 33.60 |                    0.10 |    701 |    74.9579 |
|        1 |        493 |          1805.50 |       985.55 |      1848.40 |                 35.83 |                    0.10 |    701 |    75.0481 |
|        1 |        494 |          1805.50 |       985.55 |      1853.10 |                 57.71 |                    0.10 |    701 |    75.1071 |
|        1 |        495 |          1805.50 |       985.55 |      1853.10 |                 69.53 |                    0.10 |    701 |    75.1636 |
|        1 |        496 |          1805.50 |       985.55 |      1812.03 |                 54.03 |                    0.10 |    704 |    75.3502 |
|        1 |        497 |          1805.50 |       985.55 |      1935.12 |                101.05 |                    0.10 |    706 |    75.4145 |
|        1 |        498 |          1805.50 |       985.55 |      1938.10 |                 53.64 |                    0.10 |    708 |    75.4665 |
|        1 |        499 |          1805.50 |       985.55 |      1891.64 |                 65.73 |                    0.10 |    709 |    75.5708 |
|        1 |        500 |          1805.50 |       985.55 |      1870.10 |                 43.65 |                    0.10 |    709 |    75.7261 |
------------------------------------------------------------------------------------------------------------------------------------------------
Version identifier: 22.1.2.0 | 2024-11-26 | 0edbb82fd
CPXPARAM_MIP_Tolerances_UpperCutoff              1805.6000000004251
Tried aggregator 1 time.
MIP Presolve eliminated 1 rows and 19 columns.
MIP Presolve modified 302 coefficients.
Reduced MIP has 100 rows, 690 columns, and 2782 nonzeros.
Reduced MIP has 690 binaries, 0 generals, 0 SOSs, and 0 indicators.
Presolve time = 0.00 sec. (2.69 ticks)
Probing time = 0.00 sec. (3.08 ticks)
Tried aggregator 1 time.
Detecting symmetries...
MIP Presolve eliminated 0 rows and 1 columns.
Reduced MIP has 100 rows, 689 columns, and 2782 nonzeros.
Reduced MIP has 689 binaries, 0 generals, 0 SOSs, and 0 indicators.
Presolve time = 0.00 sec. (1.82 ticks)
Probing time = 0.00 sec. (2.23 ticks)
Clique table members: 1016.
MIP emphasis: balance optimality and feasibility.
MIP search method: dynamic search.
Parallel mode: deterministic, using up to 8 threads.
Root relaxation solution time = 0.00 sec. (2.08 ticks)

        Nodes                                         Cuts/
   Node  Left     Objective  IInf  Best Integer    Best Bound    ItCnt     Gap

      0     0     1723.0000    37                   1723.0000      194         
      0     0     1768.4250    50                    Cuts: 43      259         
      0     0     1778.7571    39                    Cuts: 42      334         
*     0+    0                         1800.3000     1778.7571             1.20%
      0     0     1782.3000    41     1800.3000      Cuts: 17      393    1.00%
      0     0     1783.0167    39     1800.3000      Cuts: 11      418    0.96%
      0     0     1783.5315    42     1800.3000       Cuts: 9      453    0.93%
Detecting symmetries...
      0     0     1783.6885    48     1800.3000       Cuts: 9      463    0.92%
*     0+    0                         1784.4000     1783.6885             0.04%
      0     0        cutoff           1784.4000                    495    0.00%
Elapsed time = 0.16 sec. (97.38 ticks, tree = 0.01 MB, solutions = 2)
objective_value(sp) = 1784.4
 79.418751 seconds (6.89 M allocations: 342.755 MiB, 0.15% gc time, 4.96% compilation time)
#1: 0 (0.0) {55.5} -> 43 (10.0) {72.0} [16.0, 144.0] -> 42 (30.0) {165.0} [27.0, 190.0] -> 41 (40.0) {257.0} [132.0, 269.0] -> 40 (50.0) {349.0} [236.0, 349.0] -> 0 (50.0) {459.6} [0.0, 1236.0]
#2: 0 (0.0) {419.3} -> 10 (10.0) {436.0} [331.0, 436.0] -> 11 (20.0) {529.0} [420.0, 533.0] -> 9 (30.0) {622.1} [499.0, 640.0] -> 6 (50.0) {714.3} [580.0, 743.0] -> 0 (50.0) {823.3} [0.0, 1236.0]
#3: 0 (0.0) {54.9} -> 5 (10.0) {70.0} [15.0, 120.0] -> 3 (20.0) {161.0} [25.0, 186.0] -> 7 (40.0) {253.0} [142.0, 253.0] -> 8 (60.0) {345.8} [220.0, 359.0] -> 0 (60.0) {453.9} [0.0, 1236.0]
#4: 0 (0.0) {781.3} -> 4 (10.0) {799.4} [699.0, 810.0] -> 2 (40.0) {893.0} [802.0, 893.0] -> 1 (50.0) {985.0} [885.0, 994.0] -> 75 (70.0) {1078.0} [962.0, 1103.0] -> 0 (70.0) {1183.8} [0.0, 1236.0]
#5: 0 (0.0) {46.8} -> 67 (10.0) {59.0} [12.0, 143.0] -> 65 (20.0) {150.0} [50.0, 155.0] -> 63 (70.0) {242.0} [147.0, 242.0] -> 62 (90.0) {337.0} [235.0, 344.0] -> 0 (90.0) {445.0} [0.0, 1236.0]
#6: 0 (0.0) {54.0} -> 20 (10.0) {64.0} [10.0, 137.0] -> 24 (20.0) {159.0} [25.0, 184.0] -> 25 (60.0) {251.0} [142.0, 251.0] -> 27 (70.0) {343.0} [234.0, 343.0] -> 0 (70.0) {450.1} [0.0, 1236.0]
#7: 0 (0.0) {509.00000000000006} -> 73 (10.0) {564.7} [442.0, 587.0] -> 77 (20.0) {658.7} [539.0, 678.0] -> 79 (30.0) {749.7} [636.0, 763.0] -> 80 (40.0) {845.0} [744.0, 845.0] -> 0 (40.0) {986.4} [0.0, 1236.0]
#8: 0 (0.0) {418.2} -> 74 (50.0) {438.0} [323.0, 442.0] -> 72 (60.0) {533.0} [422.0, 533.0] -> 61 (70.0) {626.0} [491.0, 650.0] -> 64 (80.0) {718.0} [601.0, 724.0] -> 0 (80.0) {829.5} [0.0, 1236.0]
#9: 0 (0.0) {47.2} -> 13 (30.0) {78.0} [30.0, 155.0] -> 17 (50.0) {172.0} [75.0, 172.0] -> 18 (70.0) {265.0} [142.0, 291.0] -> 19 (80.0) {360.0} [244.0, 379.0] -> 0 (80.0) {489.0} [0.0, 1236.0]
#10: 0 (0.0) {415.0} -> 15 (40.0) {451.0} [362.0, 451.0] -> 16 (80.0) {546.0} [448.0, 555.0] -> 14 (90.0) {638.0} [541.0, 646.0] -> 12 (110.0) {731.0} [617.0, 756.0] -> 0 (110.0) {859.0} [0.0, 1236.0]
#11: 0 (0.0) {606.9} -> 85 (30.0) {636.6} [527.0, 640.0] -> 88 (60.0) {729.6} [614.0, 739.0] -> 89 (70.0) {822.4} [705.0, 834.0] -> 91 (80.0) {916.0} [809.0, 916.0] -> 0 (80.0) {1028.3} [0.0, 1236.0]
#12: 0 (0.0) {60.69999999999999} -> 57 (40.0) {95.7} [35.0, 140.0] -> 55 (50.0) {187.7} [63.0, 190.0] -> 54 (90.0) {282.7} [150.0, 293.0] -> 53 (110.0) {378.0} [255.0, 378.0] -> 0 (110.0) {513.1} [0.0, 1236.0]
#13: 0 (0.0) {417.0} -> 56 (30.0) {462.0} [359.0, 462.0] -> 58 (60.0) {554.0} [439.0, 566.0] -> 60 (80.0) {647.0} [529.0, 662.0] -> 59 (90.0) {747.4} [607.0, 784.0] -> 0 (90.0) {872.4} [0.0, 1236.0]
#14: 0 (0.0) {497.0} -> 93 (40.0) {540.0} [453.0, 540.0] -> 97 (70.0) {635.0} [531.0, 652.0] -> 100 (90.0) {730.0} [608.0, 765.0] -> 99 (100.0) {825.0} [705.0, 858.0] -> 0 (100.0) {948.5} [0.0, 1236.0]
#15: 0 (0.0) {37.09999999999999} -> 32 (30.0) {68.7} [31.0, 170.0] -> 33 (70.0) {160.7} [52.0, 193.0] -> 31 (90.0) {256.0} [181.0, 256.0] -> 29 (100.0) {364.0} [335.0, 428.0] -> 0 (100.0) {474.0} [0.0, 1236.0]
#16: 0 (0.0) {55.6} -> 81 (30.0) {103.0} [47.0, 201.0] -> 78 (50.0) {196.0} [78.0, 201.0] -> 76 (60.0) {288.0} [175.0, 288.0] -> 70 (90.0) {385.0} [353.0, 490.0] -> 0 (90.0) {533.5} [0.0, 1236.0]
#17: 0 (0.0) {318.2} -> 35 (10.0) {356.2} [252.0, 375.0] -> 37 (30.0) {452.0} [357.0, 460.0] -> 38 (60.0) {544.0} [457.0, 544.0] -> 39 (80.0) {639.0} [538.0, 653.0] -> 0 (80.0) {769.3} [0.0, 1236.0]
#18: 0 (0.0) {597.3} -> 28 (20.0) {615.0} [523.0, 616.0] -> 26 (30.0) {707.0} [582.0, 741.0] -> 23 (40.0) {800.0} [709.0, 800.0] -> 21 (60.0) {893.6} [888.0, 991.0] -> 0 (60.0) {993.7} [0.0, 1236.0]
#19: 0 (0.0) {510.4} -> 30 (10.0) {531.0} [422.0, 531.0] -> 36 (20.0) {639.0} [639.0, 742.0] -> 34 (40.0) {732.0} [719.0, 848.0] -> 22 (60.0) {843.1} [776.0, 919.0] -> 0 (60.0) {945.2} [0.0, 1236.0]
#20: 0 (0.0) {57.4} -> 90 (10.0) {78.0} [20.0, 148.0] -> 87 (30.0) {173.0} [56.0, 173.0] -> 86 (40.0) {264.0} [141.0, 270.0] -> 71 (60.0) {389.2} [260.0, 393.0] -> 0 (60.0) {536.2} [0.0, 1236.0]
#21: 0 (0.0) {787.6999999999999} -> 51 (10.0) {812.7} [695.0, 816.0] -> 50 (20.0) {904.9} [783.0, 912.0] -> 52 (30.0) {998.0} [883.0, 998.0] -> 49 (40.0) {1091.0} [969.0, 1098.0] -> 0 (40.0) {1200.2} [0.0, 1236.0]
#22: 0 (0.0) {778.4} -> 68 (10.0) {799.0} [712.0, 799.0] -> 66 (20.0) {894.3} [802.0, 899.0] -> 69 (30.0) {986.3} [889.0, 996.0] -> 47 (40.0) {1091.3} [982.0, 1127.0] -> 0 (40.0) {1199.3} [0.0, 1236.0]
#23: 0 (0.0) {133.0} -> 96 (10.0) {169.0} [64.0, 187.0] -> 95 (40.0) {261.0} [174.0, 261.0] -> 94 (50.0) {354.6} [260.0, 361.0] -> 92 (70.0) {448.2} [331.0, 478.0] -> 0 (70.0) {582.4} [0.0, 1236.0]
#24: 0 (0.0) {417.5} -> 44 (10.0) {439.0} [332.0, 439.0] -> 46 (40.0) {531.8} [417.0, 540.0] -> 45 (50.0) {623.8} [512.0, 629.0] -> 48 (60.0) {715.8} [601.0, 724.0] -> 0 (60.0) {829.1} [0.0, 1236.0]
#25: 0 (0.0) {108.2} -> 98 (20.0) {139.0} [30.0, 139.0] -> 83 (30.0) {253.4} [228.0, 375.0] -> 82 (50.0) {346.4} [344.0, 445.0] -> 84 (70.0) {442.2} [425.0, 556.0] -> 0 (70.0) {563.2} [0.0, 1236.0]

Dist: 1784.4. Cost: 1784.4

Clique cuts applied:  31
Cover cuts applied:  1
Zero-half cuts applied:  17
Lift and project cuts applied:  7
Gomory fractional cuts applied:  10

Root node processing (before b&c):
  Real time             =    0.16 sec. (97.40 ticks)
Parallel b&c, 8 threads:
  Real time             =    0.00 sec. (0.00 ticks)
  Sync time (average)   =    0.00 sec.
  Wait time (average)   =    0.00 sec.
                          ------------
Total (root+branch&cut) =    0.16 sec. (97.40 ticks)
