Solving...
------------------------------------------------------------------------------------------------------------------------------------------------
|  Restart |  Iteration |  Best Feas. Cost |    Best Cost |   Curr. Cost |   Penalty Custom Res. |   Penalty Standard Res. |   Pool |   Time (s) |
------------------------------------------------------------------------------------------------------------------------------------------------
|        1 |          1 |              Inf |      1038.23 |      1092.72 |                  7.61 |                    0.43 |     55 |     0.1855 |
|        1 |          2 |              Inf |      1038.23 |      1203.60 |                 15.43 |                    0.21 |     56 |     0.6444 |
|        1 |          3 |              Inf |      1038.23 |      1363.02 |                 31.27 |                    0.11 |     63 |     0.7005 |
|        1 |          0 |          1412.30 |      1038.23 |      1412.30 |                  8.16 |                    0.10 |     81 |     0.8942 |
|        1 |          1 |          1412.30 |      1038.23 |      1375.02 |                 16.66 |                    0.10 |     86 |     0.9872 |
|        1 |          0 |          1401.80 |      1038.23 |      1401.80 |                 23.04 |                    0.10 |     94 |     1.0812 |
|        1 |          1 |          1401.80 |      1038.23 |      1429.60 |                 15.67 |                    0.10 |     98 |     1.1638 |
|        1 |          2 |          1401.80 |      1038.23 |      1406.50 |                 15.42 |                    0.10 |    103 |     1.2509 |
|        1 |          3 |          1401.80 |      1038.23 |      1379.00 |                  9.95 |                    0.10 |    109 |     1.3852 |
|        1 |          4 |          1401.80 |      1038.23 |      1378.14 |                 21.39 |                    0.10 |    111 |     1.4480 |
|        1 |          5 |          1401.80 |      1038.23 |      1412.33 |                 27.57 |                    0.10 |    112 |     1.5377 |
|        1 |          6 |          1401.80 |      1038.23 |      1428.28 |                 28.84 |                    0.10 |    116 |     1.6162 |
|        1 |          7 |          1401.80 |      1038.23 |      1432.28 |                 49.68 |                    0.10 |    121 |     1.7122 |
|        1 |          8 |          1401.80 |      1038.23 |      1438.30 |                 34.80 |                    0.10 |    125 |     1.8053 |
|        1 |          9 |          1401.80 |      1038.23 |      1411.80 |                 21.37 |                    0.10 |    129 |     1.9157 |
|        1 |         10 |          1401.80 |      1038.23 |      1408.00 |                 10.45 |                    0.10 |    131 |     2.0015 |
|        1 |         11 |          1401.80 |      1038.23 |      1416.73 |                 20.07 |                    0.10 |    136 |     2.1127 |
|        1 |         12 |          1401.80 |      1038.23 |      1417.00 |                 17.90 |                    0.10 |    140 |     2.1751 |
|        1 |         13 |          1401.80 |      1038.23 |      1414.39 |                 25.77 |                    0.10 |    142 |     2.2571 |
|        1 |         14 |          1401.80 |      1038.23 |      1429.20 |                 29.22 |                    0.10 |    147 |     2.3266 |
|        1 |         15 |          1401.80 |      1038.23 |      1418.00 |                 25.26 |                    0.10 |    151 |     2.4103 |
|        1 |         16 |          1401.80 |      1038.23 |      1424.85 |                 25.04 |                    0.10 |    157 |     2.5425 |
|        1 |         17 |          1401.80 |      1038.23 |      1437.86 |                 31.06 |                    0.10 |    161 |     2.6143 |
|        1 |         18 |          1401.80 |      1038.23 |      1428.20 |                 36.56 |                    0.10 |    169 |     2.7181 |
|        1 |         19 |          1401.80 |      1038.23 |      1445.20 |                 55.27 |                    0.10 |    177 |     2.8156 |
|        1 |         20 |          1401.80 |      1038.23 |      1416.70 |                  9.74 |                    0.10 |    191 |     3.0513 |
|        1 |         21 |          1401.80 |      1038.23 |      1417.00 |                 18.20 |                    0.10 |    195 |     3.1276 |
|        1 |         22 |          1401.80 |      1038.23 |      1394.68 |                 17.69 |                    0.10 |    202 |     3.2563 |
|        1 |         23 |          1401.80 |      1038.23 |      1411.39 |                 35.44 |                    0.10 |    205 |     3.3450 |
|        1 |         24 |          1401.80 |      1038.23 |      1436.69 |                 23.64 |                    0.10 |    209 |     3.4148 |
|        1 |         25 |          1401.80 |      1038.23 |      1400.62 |                 31.74 |                    0.10 |    217 |     3.4979 |
|        1 |         26 |          1401.80 |      1038.23 |      1406.30 |                 19.51 |                    0.10 |    217 |     3.5985 |
|        1 |         27 |          1401.80 |      1038.23 |      1363.79 |                 20.11 |                    0.10 |    218 |     3.7531 |
|        1 |         28 |          1401.80 |      1038.23 |      1392.77 |                 15.11 |                    0.10 |    221 |     3.8331 |
|        1 |         29 |          1401.80 |      1038.23 |      1390.96 |                 39.29 |                    0.10 |    223 |     3.9064 |
|        1 |         30 |          1401.80 |      1038.23 |      1431.56 |                 18.46 |                    0.10 |    228 |     3.9889 |
|        1 |         31 |          1401.80 |      1038.23 |      1421.80 |                 35.55 |                    0.10 |    232 |     4.0570 |
|        1 |         32 |          1401.80 |      1038.23 |      1408.00 |                 11.26 |                    0.10 |    235 |     4.1943 |
|        1 |         33 |          1401.80 |      1038.23 |      1408.00 |                 17.39 |                    0.10 |    235 |     4.2724 |
|        1 |         34 |          1401.80 |      1038.23 |      1405.90 |                  8.09 |                    0.10 |    237 |     4.3583 |
|        1 |         35 |          1401.80 |      1038.23 |      1365.76 |                 21.22 |                    0.16 |    238 |     4.4495 |
|        1 |         36 |          1401.80 |      1038.23 |      1389.01 |                 20.50 |                    0.10 |    238 |     4.5234 |
|        1 |          0 |          1401.60 |      1038.23 |      1401.60 |                 10.87 |                    0.10 |    238 |     4.5931 |
|        1 |          1 |          1401.60 |      1038.23 |      1328.85 |                 14.13 |                    0.10 |    240 |     4.7313 |
|        1 |          2 |          1401.60 |      1038.23 |      1372.46 |                 26.71 |                    0.10 |    240 |     4.7863 |
|        1 |          3 |          1401.60 |      1038.23 |      1451.15 |                 48.52 |                    0.11 |    240 |     4.8302 |
|        1 |          4 |          1401.60 |      1038.23 |      1413.60 |                  9.30 |                    0.10 |    242 |     5.0147 |
|        1 |          5 |          1401.60 |      1038.23 |      1405.26 |                  7.13 |                    0.10 |    242 |     5.1113 |
|        1 |          6 |          1401.60 |      1038.23 |      1363.63 |                 19.10 |                    0.10 |    245 |     5.1895 |
|        1 |          7 |          1401.60 |      1038.23 |      1394.36 |                 15.11 |                    0.10 |    249 |     5.2708 |
|        1 |          8 |          1401.60 |      1038.23 |      1373.26 |                 32.75 |                    0.10 |    249 |     5.3661 |
|        1 |          9 |          1401.60 |      1038.23 |      1404.40 |                 17.55 |                    0.10 |    249 |     5.4284 |
|        1 |         10 |          1401.60 |      1038.23 |      1438.90 |                  8.25 |                    0.10 |    254 |     5.5230 |
|        1 |         11 |          1401.60 |      1038.23 |      1407.93 |                 12.86 |                    0.10 |    256 |     5.6466 |
|        1 |         12 |          1401.60 |      1038.23 |      1408.80 |                 12.36 |                    0.10 |    256 |     5.8011 |
|        1 |         13 |          1401.60 |      1038.23 |      1415.15 |                 23.41 |                    0.10 |    266 |     6.0031 |
|        1 |         14 |          1401.60 |      1038.23 |      1427.12 |                 13.05 |                    0.10 |    266 |     6.1045 |
|        1 |         15 |          1401.60 |      1038.23 |      1403.99 |                 28.35 |                    0.10 |    266 |     6.1731 |
|        1 |         16 |          1401.60 |      1038.23 |      1422.79 |                 38.40 |                    0.10 |    272 |     6.4554 |
|        1 |         17 |          1401.60 |      1038.23 |      1454.80 |                 22.95 |                    0.10 |    276 |     6.5473 |
|        1 |         18 |          1401.60 |      1038.23 |      1403.60 |                 18.91 |                    0.10 |    278 |     6.7673 |
|        1 |         19 |          1401.60 |      1038.23 |      1408.90 |                 15.23 |                    0.10 |    281 |     6.8845 |
|        1 |         20 |          1401.60 |      1038.23 |      1408.90 |                  8.00 |                    0.10 |    281 |     6.9711 |
|        1 |         21 |          1401.60 |      1038.23 |      1365.28 |                 17.87 |                    0.10 |    282 |     7.1032 |
|        1 |         22 |          1401.60 |      1038.23 |      1408.99 |                 12.92 |                    0.10 |    284 |     7.1817 |
|        1 |         23 |          1401.60 |      1038.23 |      1390.80 |                 27.24 |                    0.10 |    286 |     7.2433 |
|        1 |         24 |          1401.60 |      1038.23 |      1415.90 |                 15.74 |                    0.10 |    290 |     7.3912 |
|        1 |         25 |          1401.60 |      1038.23 |      1363.16 |                 13.03 |                    0.10 |    291 |     7.5389 |
|        1 |         26 |          1401.60 |      1038.23 |      1393.79 |                 18.23 |                    0.10 |    294 |     7.6142 |
|        1 |         27 |          1401.60 |      1038.23 |      1401.75 |                 19.44 |                    0.10 |    295 |     7.7087 |
|        1 |         28 |          1401.60 |      1038.23 |      1405.15 |                 22.91 |                    0.10 |    295 |     7.7982 |
|        1 |         29 |          1401.60 |      1038.23 |      1444.74 |                 12.88 |                    0.10 |    298 |     7.8952 |
|        1 |         30 |          1401.60 |      1038.23 |      1417.00 |                 11.23 |                    0.10 |    299 |     8.0145 |
|        1 |         31 |          1401.60 |      1038.23 |      1396.98 |                 21.32 |                    0.10 |    301 |     8.1591 |
|        1 |         32 |          1401.60 |      1038.23 |      1432.37 |                 45.88 |                    0.10 |    304 |     8.2171 |
|        1 |         33 |          1401.60 |      1038.23 |      1412.75 |                 21.61 |                    0.10 |    307 |     8.5905 |
|        1 |         34 |          1401.60 |      1038.23 |      1382.30 |                 41.78 |                    0.10 |    309 |     8.7846 |
|        1 |         35 |          1401.60 |      1038.23 |      1416.50 |                 24.94 |                    0.10 |    313 |     8.9124 |
|        1 |         36 |          1401.60 |      1038.23 |      1419.50 |                 31.22 |                    0.10 |    316 |     9.0060 |
|        1 |         37 |          1401.60 |      1038.23 |      1426.70 |                 40.23 |                    0.10 |    320 |     9.1225 |
|        1 |         38 |          1401.60 |      1038.23 |      1407.10 |                 29.01 |                    0.12 |    321 |     9.3874 |
|        1 |         39 |          1401.60 |      1038.23 |      1407.10 |                 24.59 |                    0.10 |    321 |     9.4722 |
|        1 |         40 |          1401.60 |      1038.23 |      1410.00 |                 16.06 |                    0.10 |    321 |     9.5626 |
|        1 |         41 |          1401.60 |      1038.23 |      1370.49 |                 25.45 |                    0.10 |    324 |     9.7139 |
|        1 |         42 |          1401.60 |      1038.23 |      1412.22 |                 32.55 |                    0.10 |    324 |     9.7841 |
|        1 |         43 |          1401.60 |      1038.23 |      1435.41 |                 34.77 |                    0.10 |    324 |     9.8482 |
|        1 |         44 |          1401.60 |      1038.23 |      1419.60 |                 31.00 |                    0.10 |    327 |     9.9206 |
|        1 |          0 |          1401.00 |      1038.23 |      1401.00 |                  7.97 |                    0.10 |    329 |    10.0430 |
|        1 |          1 |          1401.00 |      1038.23 |      1398.00 |                 18.00 |                    0.10 |    329 |    10.1250 |
|        1 |          2 |          1401.00 |      1038.23 |      1387.57 |                 40.82 |                    0.10 |    333 |    10.2879 |
|        1 |          3 |          1401.00 |      1038.23 |      1399.26 |                 17.34 |                    0.10 |    336 |    10.5362 |
|        1 |          4 |          1401.00 |      1038.23 |      1408.04 |                 40.80 |                    0.10 |    336 |    10.6022 |
|        1 |          5 |          1401.00 |      1038.23 |      1402.30 |                 17.45 |                    0.10 |    337 |    10.7478 |
|        1 |          6 |          1401.00 |      1038.23 |      1405.20 |                 10.50 |                    0.10 |    342 |    10.8655 |
|        1 |          7 |          1401.00 |      1038.23 |      1413.46 |                 26.24 |                    0.10 |    344 |    10.9412 |
|        1 |          8 |          1401.00 |      1038.23 |      1429.93 |                 21.59 |                    0.10 |    345 |    11.0271 |
|        1 |          9 |          1401.00 |      1038.23 |      1415.90 |                 20.63 |                    0.10 |    347 |    11.1035 |
|        1 |         10 |          1401.00 |      1038.23 |      1407.90 |                 27.64 |                    0.10 |    349 |    11.2159 |
|        1 |         11 |          1401.00 |      1038.23 |      1407.90 |                 12.74 |                    0.10 |    349 |    11.2842 |
|        1 |         12 |          1401.00 |      1038.23 |      1396.27 |                 26.06 |                    0.10 |    350 |    11.3484 |
|        1 |         13 |          1401.00 |      1038.23 |      1423.10 |                 11.88 |                    0.10 |    352 |    11.4340 |
|        1 |         14 |          1401.00 |      1038.23 |      1429.61 |                 21.73 |                    0.10 |    355 |    11.5212 |
|        1 |         15 |          1401.00 |      1038.23 |      1441.63 |                 43.61 |                    0.10 |    355 |    11.5754 |
|        1 |         16 |          1401.00 |      1038.23 |      1417.70 |                 14.05 |                    0.10 |    357 |    11.8079 |
|        1 |         17 |          1401.00 |      1038.23 |      1421.86 |                 20.04 |                    0.10 |    357 |    11.9182 |
|        1 |          0 |          1396.70 |      1038.23 |      1396.70 |                  9.35 |                    0.10 |    358 |    12.1522 |
|        1 |          1 |          1396.70 |      1038.23 |      1400.22 |                 21.14 |                    0.10 |    360 |    12.2159 |
|        1 |          2 |          1396.70 |      1038.23 |      1399.60 |                  8.52 |                    0.10 |    361 |    12.3445 |
|        1 |          3 |          1396.70 |      1038.23 |      1375.32 |                 15.74 |                    0.10 |    361 |    12.4454 |
|        1 |          4 |          1396.70 |      1038.23 |      1400.60 |                 13.06 |                    0.10 |    361 |    12.5520 |
|        1 |          5 |          1396.70 |      1038.23 |      1400.60 |                 18.09 |                    0.10 |    362 |    12.6144 |
|        1 |          6 |          1396.70 |      1038.23 |      1400.60 |                 26.03 |                    0.10 |    362 |    12.7061 |
|        1 |          7 |          1396.70 |      1038.23 |      1402.30 |                 12.80 |                    0.10 |    362 |    12.8546 |
|        1 |          8 |          1396.70 |      1038.23 |      1404.00 |                  7.65 |                    0.10 |    362 |    12.9254 |
|        1 |          9 |          1396.70 |      1038.23 |      1383.57 |                 17.75 |                    0.13 |    365 |    13.0555 |
|        1 |         10 |          1396.70 |      1038.23 |      1429.30 |                 37.07 |                    0.12 |    368 |    13.1183 |
|        1 |         11 |          1396.70 |      1038.23 |      1483.40 |                 17.92 |                    0.10 |    375 |    13.2256 |
|        1 |         12 |          1396.70 |      1038.23 |      1411.07 |                 10.02 |                    0.10 |    376 |    13.3974 |
|        1 |         13 |          1396.70 |      1038.23 |      1415.99 |                 25.77 |                    0.10 |    379 |    13.4720 |
|        1 |         14 |          1396.70 |      1038.23 |      1391.28 |                 22.36 |                    0.10 |    379 |    13.6545 |
|        1 |         15 |          1396.70 |      1038.23 |      1415.57 |                 45.77 |                    0.10 |    382 |    13.7189 |
|        1 |         16 |          1396.70 |      1038.23 |      1423.84 |                 31.25 |                    0.10 |    385 |    13.8898 |
|        1 |         17 |          1396.70 |      1038.23 |      1448.77 |                 19.26 |                    0.10 |    390 |    13.9501 |
|        1 |         18 |          1396.70 |      1038.23 |      1411.89 |                 30.78 |                    0.10 |    393 |    14.1108 |
|        1 |         19 |          1396.70 |      1038.23 |      1387.64 |                 29.48 |                    0.10 |    394 |    14.3011 |
|        1 |         20 |          1396.70 |      1038.23 |      1358.61 |                 18.08 |                    0.10 |    396 |    14.5866 |
|        1 |         21 |          1396.70 |      1038.23 |      1390.81 |                 22.42 |                    0.10 |    396 |    14.6600 |
|        1 |         22 |          1396.70 |      1038.23 |      1402.46 |                 43.24 |                    0.10 |    397 |    14.7123 |
|        1 |         23 |          1396.70 |      1038.23 |      1408.70 |                 31.84 |                    0.10 |    397 |    14.8009 |
|        1 |         24 |          1396.70 |      1038.23 |      1408.70 |                 47.30 |                    0.10 |    397 |    14.8680 |
|        1 |         25 |          1396.70 |      1038.23 |      1410.00 |                 16.20 |                    0.10 |    398 |    15.0408 |
|        1 |         26 |          1396.70 |      1038.23 |      1408.40 |                 10.14 |                    0.10 |    398 |    15.1995 |
|        1 |         27 |          1396.70 |      1038.23 |      1404.31 |                 21.55 |                    0.10 |    398 |    15.3116 |
|        1 |         28 |          1396.70 |      1038.23 |      1406.70 |                 46.24 |                    0.10 |    401 |    15.4196 |
|        1 |         29 |          1396.70 |      1038.23 |      1416.20 |                 11.64 |                    0.10 |    404 |    15.5734 |
|        1 |         30 |          1396.70 |      1038.23 |      1388.05 |                 23.19 |                    0.10 |    404 |    15.7684 |
|        1 |         31 |          1396.70 |      1038.23 |      1412.60 |                  9.57 |                    0.10 |    404 |    15.8629 |
|        1 |         32 |          1396.70 |      1038.23 |      1436.11 |                 27.71 |                    0.10 |    405 |    15.9944 |
|        1 |         33 |          1396.70 |      1038.23 |      1421.10 |                 13.48 |                    0.10 |    407 |    16.1695 |
|        1 |         34 |          1396.70 |      1038.23 |      1433.50 |                 18.09 |                    0.11 |    408 |    16.2732 |
|        1 |         35 |          1396.70 |      1038.23 |      1418.60 |                  9.12 |                    0.10 |    409 |    16.4034 |
|        1 |         36 |          1396.70 |      1038.23 |      1416.70 |                 16.87 |                    0.10 |    409 |    16.4824 |
|        1 |         37 |          1396.70 |      1038.23 |      1414.00 |                 12.66 |                    0.10 |    410 |    16.6380 |
|        1 |         38 |          1396.70 |      1038.23 |      1412.58 |                 21.42 |                    0.10 |    410 |    16.7332 |
|        1 |         39 |          1396.70 |      1038.23 |      1413.64 |                 26.34 |                    0.10 |    410 |    16.8264 |
|        1 |         40 |          1396.70 |      1038.23 |      1404.60 |                 27.49 |                    0.10 |    410 |    16.9705 |
|        1 |         41 |          1396.70 |      1038.23 |      1405.40 |                 13.46 |                    0.10 |    410 |    17.1061 |
|        1 |         42 |          1396.70 |      1038.23 |      1408.40 |                  6.02 |                    0.10 |    410 |    17.1954 |
|        1 |         43 |          1396.70 |      1038.23 |      1382.05 |                  9.68 |                    0.12 |    410 |    17.2787 |
|        1 |         44 |          1396.70 |      1038.23 |      1379.64 |                 17.36 |                    0.10 |    410 |    17.4111 |
|        1 |         45 |          1396.70 |      1038.23 |      1384.03 |                 20.70 |                    0.10 |    412 |    17.5344 |
|        1 |         46 |          1396.70 |      1038.23 |      1390.76 |                 32.30 |                    0.10 |    412 |    17.6619 |
|        1 |         47 |          1396.70 |      1038.23 |      1418.78 |                 24.85 |                    0.10 |    413 |    17.9194 |
|        1 |         48 |          1396.70 |      1038.23 |      1404.30 |                 24.41 |                    0.10 |    414 |    18.0760 |
|        1 |         49 |          1396.70 |      1038.23 |      1402.60 |                 15.39 |                    0.10 |    414 |    18.2825 |
|        1 |         50 |          1396.70 |      1038.23 |      1394.35 |                 19.03 |                    0.10 |    418 |    18.4326 |
|        1 |         51 |          1396.70 |      1038.23 |      1413.25 |                 31.89 |                    0.10 |    418 |    18.4891 |
|        1 |         52 |          1396.70 |      1038.23 |      1432.69 |                 49.29 |                    0.10 |    419 |    18.5640 |
|        1 |         53 |          1396.70 |      1038.23 |      1398.50 |                 14.91 |                    0.10 |    419 |    18.8272 |
|        1 |         54 |          1396.70 |      1038.23 |      1397.80 |                 30.50 |                    0.10 |    419 |    18.9183 |
|        1 |         55 |          1396.70 |      1038.23 |      1404.00 |                 15.22 |                    0.10 |    424 |    19.0493 |
|        1 |         56 |          1396.70 |      1038.23 |      1408.40 |                 21.50 |                    0.10 |    426 |    19.1275 |
|        1 |         57 |          1396.70 |      1038.23 |      1436.40 |                  8.09 |                    0.10 |    430 |    19.2476 |
|        1 |         58 |          1396.70 |      1038.23 |      1433.10 |                 14.33 |                    0.10 |    432 |    19.3891 |
|        1 |         59 |          1396.70 |      1038.23 |      1419.20 |                 17.03 |                    0.10 |    437 |    19.5164 |
|        1 |         60 |          1396.70 |      1038.23 |      1371.70 |                 13.64 |                    0.10 |    437 |    19.8819 |
|        1 |         61 |          1396.70 |      1038.23 |      1397.40 |                 10.78 |                    0.10 |    437 |    19.9760 |
------------------------------------------------------------------------------------------------------------------------------------------------
|  Restart |  Iteration |  Best Feas. Cost |    Best Cost |   Curr. Cost |   Penalty Custom Res. |   Penalty Standard Res. |   Pool |   Time (s) |
------------------------------------------------------------------------------------------------------------------------------------------------
|        1 |         62 |          1396.70 |      1038.23 |      1390.57 |                 26.66 |                    0.10 |    438 |    20.0540 |
|        1 |         63 |          1396.70 |      1038.23 |      1431.70 |                 20.02 |                    0.10 |    443 |    20.1655 |
|        1 |         64 |          1396.70 |      1038.23 |      1415.00 |                 34.81 |                    0.10 |    444 |    20.2829 |
|        1 |         65 |          1396.70 |      1038.23 |      1414.00 |                 36.31 |                    0.10 |    444 |    20.4150 |
|        1 |         66 |          1396.70 |      1038.23 |      1415.70 |                 15.14 |                    0.10 |    444 |    20.4941 |
|        1 |         67 |          1396.70 |      1038.23 |      1415.70 |                  7.87 |                    0.10 |    444 |    20.5581 |
|        1 |         68 |          1396.70 |      1038.23 |      1397.76 |                 16.23 |                    0.10 |    446 |    20.8244 |
|        1 |         69 |          1396.70 |      1038.23 |      1416.79 |                 33.57 |                    0.10 |    448 |    20.8858 |
|        1 |         70 |          1396.70 |      1038.23 |      1390.84 |                 16.38 |                    0.10 |    450 |    21.1594 |
|        1 |         71 |          1396.70 |      1038.23 |      1397.07 |                 41.73 |                    0.10 |    451 |    21.2335 |
|        1 |         72 |          1396.70 |      1038.23 |      1414.10 |                 30.50 |                    0.10 |    453 |    21.4342 |
|        1 |         73 |          1396.70 |      1038.23 |      1409.60 |                 24.71 |                    0.10 |    453 |    21.5891 |
|        1 |         74 |          1396.70 |      1038.23 |      1408.00 |                 30.87 |                    0.10 |    455 |    21.7082 |
|        1 |         75 |          1396.70 |      1038.23 |      1404.58 |                 15.27 |                    0.13 |    456 |    21.9253 |
|        1 |         76 |          1396.70 |      1038.23 |      1413.00 |                 36.79 |                    0.10 |    459 |    22.0895 |
|        1 |         77 |          1396.70 |      1038.23 |      1400.90 |                 20.12 |                    0.10 |    459 |    22.2890 |
|        1 |         78 |          1396.70 |      1038.23 |      1413.40 |                 16.71 |                    0.10 |    461 |    22.3785 |
|        1 |         79 |          1396.70 |      1038.23 |      1405.50 |                  9.85 |                    0.10 |    461 |    22.5012 |
|        1 |         80 |          1396.70 |      1038.23 |      1402.55 |                 41.10 |                    0.10 |    467 |    22.6800 |
|        1 |         81 |          1396.70 |      1038.23 |      1459.90 |                 32.74 |                    0.10 |    471 |    22.7918 |
|        1 |         82 |          1396.70 |      1038.23 |      1445.10 |                 43.99 |                    0.10 |    474 |    22.8618 |
|        1 |         83 |          1396.70 |      1038.23 |      1441.70 |                 32.37 |                    0.10 |    477 |    22.9586 |
|        1 |         84 |          1396.70 |      1038.23 |      1445.00 |                 26.86 |                    0.10 |    479 |    23.0574 |
|        1 |         85 |          1396.70 |      1038.23 |      1433.80 |                 13.23 |                    0.10 |    483 |    23.1824 |
|        1 |         86 |          1396.70 |      1038.23 |      1410.18 |                 32.97 |                    0.10 |    484 |    23.2860 |
|        1 |         87 |          1396.70 |      1038.23 |      1404.40 |                 43.80 |                    0.10 |    484 |    23.3798 |
|        1 |         88 |          1396.70 |      1038.23 |      1412.30 |                 13.01 |                    0.10 |    484 |    23.5966 |
|        1 |         89 |          1396.70 |      1038.23 |      1408.90 |                 15.48 |                    0.10 |    485 |    23.6929 |
|        1 |         90 |          1396.70 |      1038.23 |      1409.80 |                 18.77 |                    0.10 |    486 |    23.8023 |
|        1 |         91 |          1396.70 |      1038.23 |      1410.30 |                 26.51 |                    0.10 |    486 |    23.8830 |
|        1 |         92 |          1396.70 |      1038.23 |      1402.20 |                 11.92 |                    0.10 |    486 |    24.0184 |
|        1 |         93 |          1396.70 |      1038.23 |      1403.30 |                 12.11 |                    0.10 |    487 |    24.0986 |
|        1 |         94 |          1396.70 |      1038.23 |      1400.10 |                 21.06 |                    0.10 |    487 |    24.1926 |
|        1 |         95 |          1396.70 |      1038.23 |      1403.60 |                 11.84 |                    0.10 |    487 |    24.2738 |
|        1 |         96 |          1396.70 |      1038.23 |      1403.60 |                  7.59 |                    0.10 |    487 |    24.3519 |
|        1 |         97 |          1396.70 |      1038.23 |      1433.01 |                 12.07 |                    0.14 |    490 |    24.4445 |
|        1 |         98 |          1396.70 |      1038.23 |      1492.47 |                 26.24 |                    0.10 |    494 |    24.5069 |
|        1 |         99 |          1396.70 |      1038.23 |      1405.10 |                 10.67 |                    0.10 |    494 |    24.6562 |
|        1 |        100 |          1396.70 |      1038.23 |      1378.41 |                 15.82 |                    0.10 |    494 |    24.7570 |
|        1 |        101 |          1396.70 |      1038.23 |      1408.50 |                 14.24 |                    0.10 |    494 |    24.8255 |
|        1 |        102 |          1396.70 |      1038.23 |      1408.50 |                 11.17 |                    0.10 |    494 |    24.8761 |
|        1 |        103 |          1396.70 |      1038.23 |      1406.60 |                 22.83 |                    0.10 |    494 |    24.9572 |
|        1 |        104 |          1396.70 |      1038.23 |      1404.00 |                 15.06 |                    0.10 |    494 |    25.0392 |
|        1 |        105 |          1396.70 |      1038.23 |      1406.10 |                 27.31 |                    0.10 |    494 |    25.1081 |
|        1 |        106 |          1396.70 |      1038.23 |      1406.10 |                 16.85 |                    0.10 |    494 |    25.1540 |
|        1 |        107 |          1396.70 |      1038.23 |      1403.56 |                 31.34 |                    0.10 |    494 |    25.2933 |
|        1 |        108 |          1396.70 |      1038.23 |      1414.00 |                 21.04 |                    0.10 |    497 |    25.4183 |
|        1 |        109 |          1396.70 |      1038.23 |      1403.40 |                 33.00 |                    0.10 |    502 |    25.5629 |
|        1 |        110 |          1396.70 |      1038.23 |      1406.70 |                  6.96 |                    0.10 |    502 |    25.7917 |
|        1 |        111 |          1396.70 |      1038.23 |      1375.86 |                 10.14 |                    0.10 |    502 |    25.8710 |
|        1 |        112 |          1396.70 |      1038.23 |      1397.76 |                 25.58 |                    0.10 |    502 |    25.9432 |
|        1 |        113 |          1396.70 |      1038.23 |      1404.50 |                 23.52 |                    0.10 |    502 |    26.0184 |
|        1 |        114 |          1396.70 |      1038.23 |      1404.50 |                 11.38 |                    0.10 |    502 |    26.1013 |
|        1 |        115 |          1396.70 |      1038.23 |      1378.33 |                 23.76 |                    0.21 |    502 |    26.1685 |
|        1 |        116 |          1396.70 |      1038.23 |      1404.50 |                 27.20 |                    0.10 |    502 |    26.2504 |
|        1 |        117 |          1396.70 |      1038.23 |      1404.50 |                 16.40 |                    0.10 |    502 |    26.3411 |
|        1 |        118 |          1396.70 |      1038.23 |      1404.50 |                  9.69 |                    0.10 |    502 |    26.5199 |
|        1 |        119 |          1396.70 |      1038.23 |      1371.33 |                 15.56 |                    0.10 |    505 |    26.6189 |
|        1 |        120 |          1396.70 |      1038.23 |      1413.05 |                 13.75 |                    0.10 |    505 |    26.6801 |
|        1 |        121 |          1396.70 |      1038.23 |      1397.35 |                 15.13 |                    0.10 |    505 |    26.7489 |
|        1 |        122 |          1396.70 |      1038.23 |      1407.98 |                 33.19 |                    0.10 |    505 |    26.8918 |
|        1 |        123 |          1396.70 |      1038.23 |      1405.10 |                 14.25 |                    0.10 |    505 |    26.9838 |
|        1 |        124 |          1396.70 |      1038.23 |      1406.90 |                 16.48 |                    0.10 |    505 |    27.0715 |
|        1 |        125 |          1396.70 |      1038.23 |      1407.10 |                 22.50 |                    0.10 |    505 |    27.2030 |
|        1 |        126 |          1396.70 |      1038.23 |      1407.10 |                 37.69 |                    0.10 |    505 |    27.2696 |
|        1 |        127 |          1396.70 |      1038.23 |      1407.10 |                 16.98 |                    0.10 |    505 |    27.3788 |
|        1 |        128 |          1396.70 |      1038.23 |      1407.10 |                 34.69 |                    0.10 |    505 |    27.4817 |
|        1 |        129 |          1396.70 |      1038.23 |      1399.10 |                 11.81 |                    0.10 |    505 |    27.6127 |
|        1 |        130 |          1396.70 |      1038.23 |      1382.29 |                 36.72 |                    0.10 |    507 |    27.7015 |
|        1 |        131 |          1396.70 |      1038.23 |      1405.40 |                 30.39 |                    0.10 |    507 |    27.8518 |
|        1 |        132 |          1396.70 |      1038.23 |      1399.80 |                 16.62 |                    0.10 |    507 |    27.9134 |
|        1 |        133 |          1396.70 |      1038.23 |      1406.30 |                 15.58 |                    0.10 |    509 |    27.9888 |
|        1 |        134 |          1396.70 |      1038.23 |      1414.19 |                 32.86 |                    0.10 |    509 |    28.0520 |
|        1 |        135 |          1396.70 |      1038.23 |      1401.50 |                 20.85 |                    0.10 |    509 |    28.3139 |
|        1 |        136 |          1396.70 |      1038.23 |      1409.48 |                 23.05 |                    0.10 |    510 |    28.4876 |
|        1 |        137 |          1396.70 |      1038.23 |      1411.59 |                 34.57 |                    0.10 |    511 |    28.5889 |
|        1 |        138 |          1396.70 |      1038.23 |      1421.74 |                 33.02 |                    0.10 |    515 |    28.6768 |
|        1 |        139 |          1396.70 |      1038.23 |      1411.90 |                 34.45 |                    0.10 |    517 |    28.8033 |
|        1 |        140 |          1396.70 |      1038.23 |      1412.11 |                 16.12 |                    0.10 |    518 |    28.9585 |
|        1 |        141 |          1396.70 |      1038.23 |      1408.72 |                 35.71 |                    0.10 |    518 |    29.0364 |
|        1 |        142 |          1396.70 |      1038.23 |      1413.60 |                 40.46 |                    0.10 |    519 |    29.1224 |
|        1 |        143 |          1396.70 |      1038.23 |      1401.40 |                 30.74 |                    0.10 |    519 |    29.1966 |
|        1 |        144 |          1396.70 |      1038.23 |      1401.40 |                 14.03 |                    0.10 |    519 |    29.2722 |
|        1 |        145 |          1396.70 |      1038.23 |      1401.40 |                 24.45 |                    0.10 |    519 |    29.3447 |
|        1 |        146 |          1396.70 |      1038.23 |      1422.74 |                 39.13 |                    0.10 |    522 |    29.5010 |
|        1 |        147 |          1396.70 |      1038.23 |      1404.80 |                 17.65 |                    0.10 |    522 |    29.6056 |
|        1 |        148 |          1396.70 |      1038.23 |      1379.03 |                 22.93 |                    0.17 |    522 |    29.7442 |
|        1 |        149 |          1396.70 |      1038.23 |      1406.40 |                 26.23 |                    0.10 |    522 |    29.8389 |
|        1 |        150 |          1396.70 |      1038.23 |      1402.10 |                 15.08 |                    0.10 |    522 |    29.9021 |
|        1 |        151 |          1396.70 |      1038.23 |      1406.48 |                 22.57 |                    0.10 |    522 |    30.0133 |
|        1 |        152 |          1396.70 |      1038.23 |      1433.38 |                 33.50 |                    0.10 |    525 |    30.0905 |
|        1 |        153 |          1396.70 |      1038.23 |      1438.20 |                 34.92 |                    0.10 |    526 |    30.2372 |
|        1 |        154 |          1396.70 |      1038.23 |      1434.00 |                 13.82 |                    0.10 |    527 |    30.3530 |
|        1 |        155 |          1396.70 |      1038.23 |      1416.07 |                 20.32 |                    0.10 |    527 |    30.4281 |
|        1 |        156 |          1396.70 |      1038.23 |      1426.00 |                 21.23 |                    0.10 |    530 |    30.5224 |
|        1 |        157 |          1396.70 |      1038.23 |      1435.80 |                 10.37 |                    0.10 |    530 |    30.6283 |
|        1 |        158 |          1396.70 |      1038.23 |      1416.42 |                 26.68 |                    0.10 |    532 |    30.7114 |
|        1 |        159 |          1396.70 |      1038.23 |      1425.90 |                 30.49 |                    0.10 |    536 |    30.8182 |
|        1 |        160 |          1396.70 |      1038.23 |      1424.10 |                 17.61 |                    0.10 |    539 |    30.9472 |
|        1 |        161 |          1396.70 |      1038.23 |      1421.20 |                 20.36 |                    0.10 |    539 |    31.0229 |
|        1 |        162 |          1396.70 |      1038.23 |      1413.14 |                 17.40 |                    0.10 |    540 |    31.1235 |
|        1 |        163 |          1396.70 |      1038.23 |      1413.50 |                 16.27 |                    0.10 |    540 |    31.2317 |
|        1 |        164 |          1396.70 |      1038.23 |      1404.70 |                 19.92 |                    0.11 |    541 |    31.3540 |
|        1 |        165 |          1396.70 |      1038.23 |      1404.70 |                 16.88 |                    0.10 |    541 |    31.4290 |
|        1 |        166 |          1396.70 |      1038.23 |      1414.98 |                 44.75 |                    0.10 |    541 |    31.5095 |
|        1 |        167 |          1396.70 |      1038.23 |      1417.80 |                 20.41 |                    0.10 |    541 |    31.5826 |
|        1 |        168 |          1396.70 |      1038.23 |      1367.53 |                 13.95 |                    0.10 |    541 |    31.7507 |
|        1 |        169 |          1396.70 |      1038.23 |      1417.60 |                 18.93 |                    0.10 |    543 |    31.8284 |
|        1 |        170 |          1396.70 |      1038.23 |      1426.52 |                 38.26 |                    0.10 |    546 |    31.9462 |
|        1 |        171 |          1396.70 |      1038.23 |      1414.10 |                 14.26 |                    0.10 |    546 |    32.0757 |
|        1 |        172 |          1396.70 |      1038.23 |      1392.90 |                 24.47 |                    0.10 |    547 |    32.2365 |
|        1 |        173 |          1396.70 |      1038.23 |      1402.00 |                 26.31 |                    0.10 |    547 |    32.3715 |
|        1 |        174 |          1396.70 |      1038.23 |      1403.40 |                 54.17 |                    0.10 |    548 |    32.4966 |
|        1 |        175 |          1396.70 |      1038.23 |      1403.40 |                 34.07 |                    0.10 |    548 |    32.5613 |
|        1 |        176 |          1396.70 |      1038.23 |      1407.10 |                 22.24 |                    0.10 |    548 |    32.6587 |
|        1 |        177 |          1396.70 |      1038.23 |      1422.62 |                 15.43 |                    0.10 |    549 |    32.7774 |
|        1 |        178 |          1396.70 |      1038.23 |      1405.80 |                 16.15 |                    0.10 |    549 |    32.8517 |
|        1 |        179 |          1396.70 |      1038.23 |      1403.80 |                 18.28 |                    0.10 |    549 |    32.9611 |
|        1 |        180 |          1396.70 |      1038.23 |      1339.67 |                 15.71 |                    0.10 |    550 |    33.1386 |
|        1 |        181 |          1396.70 |      1038.23 |      1400.58 |                 36.98 |                    0.10 |    551 |    33.2067 |
|        1 |        182 |          1396.70 |      1038.23 |      1426.70 |                 19.77 |                    0.10 |    555 |    33.2986 |
|        1 |        183 |          1396.70 |      1038.23 |      1408.00 |                  8.30 |                    0.10 |    556 |    33.4337 |
|        1 |        184 |          1396.70 |      1038.23 |      1346.71 |                 17.09 |                    0.10 |    557 |    33.5544 |
|        1 |        185 |          1396.70 |      1038.23 |      1391.52 |                 41.02 |                    0.10 |    557 |    33.6282 |
|        1 |        186 |          1396.70 |      1038.23 |      1470.30 |                 16.53 |                    0.10 |    564 |    33.7728 |
|        1 |        187 |          1396.70 |      1038.23 |      1427.05 |                 65.66 |                    0.10 |    567 |    33.9424 |
|        1 |        188 |          1396.70 |      1038.23 |      1369.66 |                  8.52 |                    0.10 |    568 |    34.3240 |
|        1 |        189 |          1396.70 |      1038.23 |      1379.48 |                 19.85 |                    0.10 |    570 |    34.3927 |
|        1 |        190 |          1396.70 |      1038.23 |      1404.40 |                 17.45 |                    0.10 |    570 |    34.5436 |
|        1 |        191 |          1396.70 |      1038.23 |      1404.40 |                 22.78 |                    0.10 |    570 |    34.6032 |
|        1 |        192 |          1396.70 |      1038.23 |      1407.00 |                 10.81 |                    0.10 |    570 |    34.6852 |
|        1 |        193 |          1396.70 |      1038.23 |      1400.52 |                 16.86 |                    0.10 |    570 |    34.7779 |
|        1 |        194 |          1396.70 |      1038.23 |      1397.57 |                 13.33 |                    0.10 |    571 |    34.8564 |
|        1 |        195 |          1396.70 |      1038.23 |      1389.88 |                 14.96 |                    0.10 |    572 |    34.9310 |
|        1 |        196 |          1396.70 |      1038.23 |      1378.93 |                 32.52 |                    0.10 |    572 |    34.9943 |
|        1 |        197 |          1396.70 |      1038.23 |      1411.50 |                 13.68 |                    0.10 |    572 |    35.0956 |
|        1 |        198 |          1396.70 |      1038.23 |      1370.51 |                  6.93 |                    0.10 |    572 |    35.3057 |
|        1 |        199 |          1396.70 |      1038.23 |      1370.50 |                 15.53 |                    0.10 |    574 |    35.3766 |
|        1 |        200 |          1396.70 |      1038.23 |      1455.20 |                  8.40 |                    0.10 |    577 |    35.4390 |
|        1 |        201 |          1396.70 |      1038.23 |      1381.53 |                 17.32 |                    0.10 |    581 |    35.5465 |
|        1 |        202 |          1396.70 |      1038.23 |      1410.97 |                 27.85 |                    0.10 |    581 |    35.6268 |
|        1 |        203 |          1396.70 |      1038.23 |      1398.87 |                 19.03 |                    0.10 |    585 |    35.9650 |
|        1 |        204 |          1396.70 |      1038.23 |      1433.20 |                 43.46 |                    0.10 |    587 |    36.0343 |
|        1 |        205 |          1396.70 |      1038.23 |      1412.60 |                 28.25 |                    0.10 |    587 |    36.2101 |
|        1 |        206 |          1396.70 |      1038.23 |      1406.70 |                 26.69 |                    0.10 |    587 |    36.3253 |
|        1 |        207 |          1396.70 |      1038.23 |      1406.70 |                 14.86 |                    0.10 |    587 |    36.4169 |
|        1 |        208 |          1396.70 |      1038.23 |      1403.40 |                 16.66 |                    0.16 |    587 |    36.4999 |
|        1 |        209 |          1396.70 |      1038.23 |      1380.39 |                 17.57 |                    0.15 |    587 |    36.6099 |
|        1 |        210 |          1396.70 |      1038.23 |      1402.30 |                 23.96 |                    0.10 |    589 |    36.7622 |
|        1 |        211 |          1396.70 |      1038.23 |      1402.30 |                 26.92 |                    0.10 |    589 |    36.8204 |
|        1 |        212 |          1396.70 |      1038.23 |      1402.30 |                 25.23 |                    0.10 |    589 |    36.8940 |
|        1 |        213 |          1396.70 |      1038.23 |      1406.90 |                 23.89 |                    0.10 |    590 |    36.9601 |
|        1 |        214 |          1396.70 |      1038.23 |      1403.10 |                 14.11 |                    0.10 |    590 |    37.0566 |
|        1 |        215 |          1396.70 |      1038.23 |      1402.40 |                 21.10 |                    0.10 |    590 |    37.1722 |
|        1 |        216 |          1396.70 |      1038.23 |      1393.28 |                 15.46 |                    0.10 |    592 |    37.3497 |
|        1 |        217 |          1396.70 |      1038.23 |      1409.92 |                 13.50 |                    0.10 |    592 |    37.4466 |
|        1 |        218 |          1396.70 |      1038.23 |      1373.08 |                 40.33 |                    0.10 |    593 |    37.5334 |
|        1 |        219 |          1396.70 |      1038.23 |      1426.36 |                 46.19 |                    0.10 |    594 |    37.7618 |
|        1 |        220 |          1396.70 |      1038.23 |      1409.30 |                 19.71 |                    0.10 |    594 |    37.9334 |
|        1 |        221 |          1396.70 |      1038.23 |      1415.90 |                  9.74 |                    0.10 |    595 |    38.0015 |
|        1 |        222 |          1396.70 |      1038.23 |      1364.22 |                 19.37 |                    0.10 |    596 |    38.1949 |
|        1 |        223 |          1396.70 |      1038.23 |      1395.13 |                 36.95 |                    0.10 |    596 |    38.2604 |
|        1 |        224 |          1396.70 |      1038.23 |      1408.20 |                 18.25 |                    0.10 |    596 |    38.3381 |
|        1 |        225 |          1396.70 |      1038.23 |      1414.80 |                 15.78 |                    0.10 |    598 |    38.4207 |
|        1 |        226 |          1396.70 |      1038.23 |      1409.70 |                 10.54 |                    0.10 |    598 |    38.4794 |
|        1 |        227 |          1396.70 |      1038.23 |      1378.14 |                 19.98 |                    0.10 |    599 |    38.6301 |
|        1 |        228 |          1396.70 |      1038.23 |      1415.13 |                 38.09 |                    0.10 |    599 |    38.7015 |
|        1 |        229 |          1396.70 |      1038.23 |      1406.40 |                 12.72 |                    0.10 |    599 |    38.7949 |
|        1 |        230 |          1396.70 |      1038.23 |      1345.76 |                 23.49 |                    0.10 |    599 |    38.8992 |
|        1 |        231 |          1396.70 |      1038.23 |      1402.86 |                 18.19 |                    0.10 |    599 |    38.9872 |
|        1 |        232 |          1396.70 |      1038.23 |      1399.55 |                 11.90 |                    0.10 |    603 |    39.0568 |
|        1 |        233 |          1396.70 |      1038.23 |      1364.86 |                 25.36 |                    0.10 |    603 |    39.1156 |
|        1 |        234 |          1396.70 |      1038.23 |      1405.00 |                 12.80 |                    0.10 |    603 |    39.3127 |
|        1 |        235 |          1396.70 |      1038.23 |      1407.40 |                  9.16 |                    0.10 |    603 |    39.3790 |
|        1 |        236 |          1396.70 |      1038.23 |      1405.00 |                 17.44 |                    0.10 |    603 |    39.4673 |
|        1 |        237 |          1396.70 |      1038.23 |      1405.00 |                 25.36 |                    0.10 |    603 |    39.5526 |
|        1 |        238 |          1396.70 |      1038.23 |      1403.60 |                 22.13 |                    0.10 |    603 |    39.6377 |
|        1 |        239 |          1396.70 |      1038.23 |      1403.60 |                 22.72 |                    0.10 |    603 |    39.7025 |
|        1 |        240 |          1396.70 |      1038.23 |      1403.10 |                 10.33 |                    0.10 |    603 |    39.8327 |
|        1 |        241 |          1396.70 |      1038.23 |      1403.01 |                 22.67 |                    0.10 |    603 |    39.8993 |
|        1 |        242 |          1396.70 |      1038.23 |      1419.30 |                 28.92 |                    0.10 |    604 |    39.9960 |
------------------------------------------------------------------------------------------------------------------------------------------------
|  Restart |  Iteration |  Best Feas. Cost |    Best Cost |   Curr. Cost |   Penalty Custom Res. |   Penalty Standard Res. |   Pool |   Time (s) |
------------------------------------------------------------------------------------------------------------------------------------------------
|        1 |        243 |          1396.70 |      1038.23 |      1371.47 |                 21.14 |                    0.10 |    605 |    40.1884 |
|        1 |        244 |          1396.70 |      1038.23 |      1395.87 |                 21.03 |                    0.10 |    605 |    40.2643 |
|        1 |        245 |          1396.70 |      1038.23 |      1409.90 |                 35.82 |                    0.10 |    605 |    40.3743 |
|        1 |        246 |          1396.70 |      1038.23 |      1407.30 |                 14.20 |                    0.10 |    605 |    40.4512 |
|        1 |        247 |          1396.70 |      1038.23 |      1402.80 |                 19.86 |                    0.10 |    605 |    40.5224 |
|        1 |        248 |          1396.70 |      1038.23 |      1402.80 |                 20.35 |                    0.10 |    605 |    40.6063 |
|        1 |        249 |          1396.70 |      1038.23 |      1402.80 |                 31.80 |                    0.10 |    605 |    40.6640 |
|        1 |        250 |          1396.70 |      1038.23 |      1403.60 |                 14.81 |                    0.10 |    605 |    40.7268 |
|        1 |        251 |          1396.70 |      1038.23 |      1375.24 |                 20.67 |                    0.22 |    605 |    40.8279 |
|        1 |        252 |          1396.70 |      1038.23 |      1403.30 |                 12.86 |                    0.11 |    605 |    40.8927 |
|        1 |        253 |          1396.70 |      1038.23 |      1403.20 |                 13.07 |                    0.10 |    605 |    40.9544 |
|        1 |        254 |          1396.70 |      1038.23 |      1403.20 |                 21.01 |                    0.10 |    605 |    41.0381 |
|        1 |        255 |          1396.70 |      1038.23 |      1402.10 |                 15.93 |                    0.10 |    605 |    41.1342 |
|        1 |        256 |          1396.70 |      1038.23 |      1400.70 |                 12.98 |                    0.10 |    605 |    41.2312 |
|        1 |        257 |          1396.70 |      1038.23 |      1408.30 |                 20.47 |                    0.10 |    606 |    41.3013 |
|        1 |        258 |          1396.70 |      1038.23 |      1399.90 |                 14.60 |                    0.10 |    606 |    41.4150 |
|        1 |        259 |          1396.70 |      1038.23 |      1365.20 |                 22.94 |                    0.10 |    606 |    41.5436 |
|        1 |        260 |          1396.70 |      1038.23 |      1413.70 |                 12.51 |                    0.10 |    606 |    41.6403 |
|        1 |        261 |          1396.70 |      1038.23 |      1415.05 |                 30.02 |                    0.10 |    606 |    41.7074 |
|        1 |        262 |          1396.70 |      1038.23 |      1432.53 |                 31.12 |                    0.10 |    606 |    41.7695 |
|        1 |        263 |          1396.70 |      1038.23 |      1405.20 |                 18.40 |                    0.10 |    606 |    41.8533 |
|        1 |        264 |          1396.70 |      1038.23 |      1404.29 |                 36.47 |                    0.10 |    608 |    41.9383 |
|        1 |        265 |          1396.70 |      1038.23 |      1366.82 |                 23.14 |                    0.10 |    608 |    42.1603 |
|        1 |        266 |          1396.70 |      1038.23 |      1404.40 |                 29.87 |                    0.10 |    608 |    42.2245 |
|        1 |        267 |          1396.70 |      1038.23 |      1424.19 |                 18.94 |                    0.10 |    608 |    42.3099 |
|        1 |        268 |          1396.70 |      1038.23 |      1411.90 |                 42.70 |                    0.10 |    609 |    42.4145 |
|        1 |        269 |          1396.70 |      1038.23 |      1409.00 |                 15.24 |                    0.10 |    610 |    42.5647 |
|        1 |        270 |          1396.70 |      1038.23 |      1409.00 |                 12.06 |                    0.10 |    610 |    42.6358 |
|        1 |        271 |          1396.70 |      1038.23 |      1366.75 |                 13.22 |                    0.10 |    610 |    42.7620 |
|        1 |        272 |          1396.70 |      1038.23 |      1393.27 |                 17.07 |                    0.10 |    610 |    42.8283 |
|        1 |        273 |          1396.70 |      1038.23 |      1400.70 |                 18.03 |                    0.10 |    610 |    42.9020 |
|        1 |        274 |          1396.70 |      1038.23 |      1400.20 |                 19.08 |                    0.10 |    610 |    42.9630 |
|        1 |        275 |          1396.70 |      1038.23 |      1398.40 |                  9.72 |                    0.10 |    610 |    43.0287 |
|        1 |        276 |          1396.70 |      1038.23 |      1398.40 |                 14.02 |                    0.10 |    610 |    43.0921 |
|        1 |        277 |          1396.70 |      1038.23 |      1373.58 |                 10.22 |                    0.10 |    610 |    43.1875 |
|        1 |        278 |          1396.70 |      1038.23 |      1366.50 |                 22.65 |                    0.19 |    610 |    43.2520 |
|        1 |        279 |          1396.70 |      1038.23 |      1417.40 |                 26.12 |                    0.10 |    611 |    43.3585 |
|        1 |        280 |          1396.70 |      1038.23 |      1417.40 |                 15.95 |                    0.10 |    611 |    43.4166 |
|        1 |        281 |          1396.70 |      1038.23 |      1400.00 |                 11.66 |                    0.10 |    611 |    43.4789 |
|        1 |        282 |          1396.70 |      1038.23 |      1398.80 |                  8.07 |                    0.10 |    611 |    43.5927 |
|        1 |        283 |          1396.70 |      1038.23 |      1332.33 |                  8.87 |                    0.10 |    611 |    43.6763 |
|        1 |        284 |          1396.70 |      1038.23 |      1337.60 |                 24.23 |                    0.10 |    612 |    43.7507 |
|        1 |        285 |          1396.70 |      1038.23 |      1413.00 |                 25.60 |                    0.10 |    612 |    43.8308 |
|        1 |        286 |          1396.70 |      1038.23 |      1409.80 |                 13.42 |                    0.10 |    612 |    43.9099 |
|        1 |        287 |          1396.70 |      1038.23 |      1375.39 |                 15.79 |                    0.14 |    612 |    44.0253 |
|        1 |        288 |          1396.70 |      1038.23 |      1402.96 |                  8.04 |                    0.10 |    614 |    44.0948 |
|        1 |        289 |          1396.70 |      1038.23 |      1340.43 |                 18.55 |                    0.15 |    618 |    44.1557 |
|        1 |        290 |          1396.70 |      1038.23 |      1409.20 |                  9.73 |                    0.10 |    618 |    44.2372 |
|        1 |        291 |          1396.70 |      1038.23 |      1351.08 |                 22.38 |                    0.10 |    618 |    44.3363 |
|        1 |        292 |          1396.70 |      1038.23 |      1436.36 |                 56.46 |                    0.10 |    622 |    44.4039 |
|        1 |        293 |          1396.70 |      1038.23 |      1434.30 |                 36.54 |                    0.10 |    624 |    44.4802 |
|        1 |        294 |          1396.70 |      1038.23 |      1440.30 |                 37.47 |                    0.10 |    624 |    44.5547 |
|        1 |        295 |          1396.70 |      1038.23 |      1440.30 |                 15.01 |                    0.10 |    624 |    44.6323 |
|        1 |        296 |          1396.70 |      1038.23 |      1413.55 |                 32.28 |                    0.10 |    624 |    44.6997 |
|        1 |        297 |          1396.70 |      1038.23 |      1431.66 |                 35.89 |                    0.10 |    624 |    44.7629 |
|        1 |        298 |          1396.70 |      1038.23 |      1434.29 |                 39.88 |                    0.10 |    624 |    44.8326 |
|        1 |        299 |          1396.70 |      1038.23 |      1441.00 |                 27.96 |                    0.10 |    624 |    44.9154 |
|        1 |        300 |          1396.70 |      1038.23 |      1429.88 |                 14.66 |                    0.10 |    624 |    45.0023 |
|        1 |        301 |          1396.70 |      1038.23 |      1409.96 |                 36.99 |                    0.10 |    624 |    45.0743 |
|        1 |        302 |          1396.70 |      1038.23 |      1397.40 |                  8.30 |                    0.10 |    624 |    45.2775 |
|        1 |        303 |          1396.70 |      1038.23 |      1396.24 |                  7.79 |                    0.10 |    624 |    45.3430 |
|        1 |        304 |          1396.70 |      1038.23 |      1395.89 |                 19.26 |                    0.10 |    624 |    45.4157 |
|        1 |          0 |          1396.50 |      1038.23 |      1396.50 |                 13.10 |                    0.10 |    624 |    45.4842 |
|        1 |          1 |          1396.50 |      1038.23 |      1397.40 |                 13.70 |                    0.10 |    624 |    45.5661 |
|        1 |          2 |          1396.50 |      1038.23 |      1397.40 |                  8.70 |                    0.10 |    624 |    45.6409 |
|        1 |          3 |          1396.50 |      1038.23 |      1365.61 |                 19.86 |                    0.10 |    626 |    45.7134 |
|        1 |          4 |          1396.50 |      1038.23 |      1395.70 |                 22.08 |                    0.10 |    627 |    45.7862 |
|        1 |          5 |          1396.50 |      1038.23 |      1406.90 |                 20.46 |                    0.10 |    627 |    45.8733 |
|        1 |          6 |          1396.50 |      1038.23 |      1405.70 |                  9.43 |                    0.10 |    627 |    45.9319 |
|        1 |          7 |          1396.50 |      1038.23 |      1374.74 |                 19.60 |                    0.10 |    629 |    46.0704 |
|        1 |          8 |          1396.50 |      1038.23 |      1403.20 |                 37.38 |                    0.10 |    629 |    46.2851 |
|        1 |          9 |          1396.50 |      1038.23 |      1403.20 |                 20.41 |                    0.10 |    629 |    46.3520 |
|        1 |         10 |          1396.50 |      1038.23 |      1403.20 |                  9.51 |                    0.10 |    629 |    46.4067 |
|        1 |         11 |          1396.50 |      1038.23 |      1335.18 |                 26.74 |                    0.10 |    629 |    46.4939 |
|        1 |         12 |          1396.50 |      1038.23 |      1404.10 |                 27.90 |                    0.10 |    629 |    46.6018 |
|        1 |         13 |          1396.50 |      1038.23 |      1402.50 |                 18.78 |                    0.10 |    629 |    46.6884 |
|        1 |         14 |          1396.50 |      1038.23 |      1412.40 |                 14.73 |                    0.10 |    630 |    46.8826 |
|        1 |         15 |          1396.50 |      1038.23 |      1413.19 |                 37.43 |                    0.10 |    630 |    46.9879 |
|        1 |         16 |          1396.50 |      1038.23 |      1435.79 |                 34.75 |                    0.10 |    630 |    47.0544 |
|        1 |         17 |          1396.50 |      1038.23 |      1408.20 |                 30.03 |                    0.10 |    630 |    47.3068 |
|        1 |         18 |          1396.50 |      1038.23 |      1403.40 |                 22.13 |                    0.10 |    630 |    47.3835 |
|        1 |         19 |          1396.50 |      1038.23 |      1412.70 |                 21.55 |                    0.10 |    632 |    47.4841 |
|        1 |         20 |          1396.50 |      1038.23 |      1415.30 |                 25.19 |                    0.10 |    632 |    47.5411 |
|        1 |         21 |          1396.50 |      1038.23 |      1402.89 |                 23.41 |                    0.10 |    633 |    47.7528 |
|        1 |         22 |          1396.50 |      1038.23 |      1417.30 |                 34.25 |                    0.10 |    633 |    47.8895 |
|        1 |         23 |          1396.50 |      1038.23 |      1423.90 |                 30.77 |                    0.10 |    634 |    48.0026 |
|        1 |         24 |          1396.50 |      1038.23 |      1423.50 |                 34.47 |                    0.10 |    634 |    48.1011 |
|        1 |         25 |          1396.50 |      1038.23 |      1421.80 |                 18.24 |                    0.10 |    634 |    48.1949 |
|        1 |         26 |          1396.50 |      1038.23 |      1409.06 |                 18.29 |                    0.10 |    634 |    48.3143 |
|        1 |         27 |          1396.50 |      1038.23 |      1405.00 |                 11.44 |                    0.10 |    634 |    48.4484 |
|        1 |         28 |          1396.50 |      1038.23 |      1397.45 |                  5.58 |                    0.10 |    634 |    48.5790 |
|        1 |         29 |          1396.50 |      1038.23 |      1349.06 |                 14.21 |                    0.10 |    635 |    48.6580 |
|        1 |         30 |          1396.50 |      1038.23 |      1392.14 |                 31.51 |                    0.10 |    636 |    48.7255 |
|        1 |         31 |          1396.50 |      1038.23 |      1441.03 |                 25.37 |                    0.10 |    638 |    48.8319 |
|        1 |         32 |          1396.50 |      1038.23 |      1405.50 |                 18.29 |                    0.10 |    638 |    48.9503 |
|        1 |         33 |          1396.50 |      1038.23 |      1406.60 |                  8.17 |                    0.10 |    638 |    49.0416 |
|        1 |         34 |          1396.50 |      1038.23 |      1414.53 |                 18.28 |                    0.10 |    640 |    49.1089 |
|        1 |         35 |          1396.50 |      1038.23 |      1436.12 |                 24.52 |                    0.10 |    640 |    49.2025 |
|        1 |         36 |          1396.50 |      1038.23 |      1406.60 |                 14.90 |                    0.10 |    640 |    49.3191 |
|        1 |         37 |          1396.50 |      1038.23 |      1397.90 |                  8.30 |                    0.10 |    640 |    49.3943 |
|        1 |         38 |          1396.50 |      1038.23 |      1342.60 |                 14.30 |                    0.10 |    640 |    49.4907 |
|        1 |         39 |          1396.50 |      1038.23 |      1394.32 |                 25.47 |                    0.10 |    640 |    49.5361 |
|        1 |         40 |          1396.50 |      1038.23 |      1404.70 |                 13.64 |                    0.10 |    640 |    49.5982 |
|        1 |         41 |          1396.50 |      1038.23 |      1402.20 |                 28.16 |                    0.10 |    640 |    49.6794 |
|        1 |         42 |          1396.50 |      1038.23 |      1432.63 |                 29.08 |                    0.10 |    640 |    49.7898 |
|        1 |         43 |          1396.50 |      1038.23 |      1440.70 |                 35.65 |                    0.10 |    641 |    49.8866 |
|        1 |         44 |          1396.50 |      1038.23 |      1439.60 |                 16.78 |                    0.10 |    641 |    49.9473 |
|        1 |         45 |          1396.50 |      1038.23 |      1407.20 |                 28.02 |                    0.10 |    641 |    50.0484 |
|        1 |         46 |          1396.50 |      1038.23 |      1405.07 |                 14.85 |                    0.10 |    645 |    50.2766 |
|        1 |         47 |          1396.50 |      1038.23 |      1393.95 |                 37.45 |                    0.10 |    645 |    50.3501 |
|        1 |         48 |          1396.50 |      1038.23 |      1449.10 |                 16.88 |                    0.10 |    647 |    50.4522 |
|        1 |         49 |          1396.50 |      1038.23 |      1459.17 |                 25.77 |                    0.10 |    649 |    50.5594 |
|        1 |         50 |          1396.50 |      1038.23 |      1444.20 |                 37.57 |                    0.10 |    649 |    50.7615 |
|        1 |         51 |          1396.50 |      1038.23 |      1440.40 |                 28.20 |                    0.10 |    649 |    50.8630 |
|        1 |         52 |          1396.50 |      1038.23 |      1440.40 |                 43.60 |                    0.10 |    649 |    50.9310 |
|        1 |         53 |          1396.50 |      1038.23 |      1466.30 |                 17.28 |                    0.10 |    652 |    51.0159 |
|        1 |         54 |          1396.50 |      1038.23 |      1437.50 |                  8.44 |                    0.10 |    652 |    51.1236 |
|        1 |         55 |          1396.50 |      1038.23 |      1377.36 |                 20.83 |                    0.10 |    655 |    51.2238 |
|        1 |         56 |          1396.50 |      1038.23 |      1395.65 |                 15.04 |                    0.10 |    657 |    51.3124 |
|        1 |         57 |          1396.50 |      1038.23 |      1406.99 |                 34.26 |                    0.10 |    657 |    51.4149 |
|        1 |         58 |          1396.50 |      1038.23 |      1410.20 |                 14.81 |                    0.10 |    657 |    51.5437 |
|        1 |         59 |          1396.50 |      1038.23 |      1405.00 |                  7.23 |                    0.10 |    657 |    51.6398 |
|        1 |         60 |          1396.50 |      1038.23 |      1361.63 |                 25.58 |                    0.10 |    657 |    51.7539 |
|        1 |         61 |          1396.50 |      1038.23 |      1409.30 |                 50.20 |                    0.10 |    658 |    51.8471 |
|        1 |         62 |          1396.50 |      1038.23 |      1433.90 |                 46.92 |                    0.10 |    660 |    51.9655 |
|        1 |         63 |          1396.50 |      1038.23 |      1437.20 |                 16.96 |                    0.10 |    664 |    52.0753 |
|        1 |         64 |          1396.50 |      1038.23 |      1429.60 |                 21.79 |                    0.10 |    666 |    52.2198 |
|        1 |         65 |          1396.50 |      1038.23 |      1424.30 |                 17.03 |                    0.10 |    666 |    52.3129 |
|        1 |         66 |          1396.50 |      1038.23 |      1424.30 |                 14.43 |                    0.10 |    666 |    52.3997 |
|        1 |         67 |          1396.50 |      1038.23 |      1429.20 |                 21.23 |                    0.10 |    666 |    52.4549 |
|        1 |         68 |          1396.50 |      1038.23 |      1429.22 |                 20.17 |                    0.10 |    668 |    52.6258 |
|        1 |         69 |          1396.50 |      1038.23 |      1433.00 |                  9.20 |                    0.10 |    669 |    52.7107 |
|        1 |         70 |          1396.50 |      1038.23 |      1412.68 |                  9.60 |                    0.10 |    669 |    52.8118 |
|        1 |         71 |          1396.50 |      1038.23 |      1435.69 |                 22.60 |                    0.10 |    669 |    52.8732 |
|        1 |         72 |          1396.50 |      1038.23 |      1462.70 |                 28.03 |                    0.10 |    673 |    53.0815 |
|        1 |         73 |          1396.50 |      1038.23 |      1481.50 |                 13.04 |                    0.10 |    673 |    53.1632 |
|        1 |         74 |          1396.50 |      1038.23 |      1414.10 |                  8.00 |                    0.10 |    673 |    53.2899 |
|        1 |         75 |          1396.50 |      1038.23 |      1331.14 |                 33.46 |                    0.10 |    673 |    53.4355 |
|        1 |         76 |          1396.50 |      1038.23 |      1418.28 |                 12.92 |                    0.10 |    674 |    53.6040 |
|        1 |         77 |          1396.50 |      1038.23 |      1414.28 |                 29.52 |                    0.10 |    675 |    53.6693 |
|        1 |         78 |          1396.50 |      1038.23 |      1431.42 |                 49.93 |                    0.10 |    675 |    53.7350 |
|        1 |         79 |          1396.50 |      1038.23 |      1423.70 |                 21.67 |                    0.10 |    675 |    53.8039 |
|        1 |         80 |          1396.50 |      1038.23 |      1423.70 |                 11.72 |                    0.10 |    675 |    53.8879 |
|        1 |         81 |          1396.50 |      1038.23 |      1390.86 |                 20.08 |                    0.10 |    677 |    54.0642 |
|        1 |         82 |          1396.50 |      1038.23 |      1414.23 |                 42.35 |                    0.10 |    677 |    54.1229 |
|        1 |         83 |          1396.50 |      1038.23 |      1418.00 |                 19.30 |                    0.10 |    677 |    54.3568 |
|        1 |         84 |          1396.50 |      1038.23 |      1417.56 |                 18.00 |                    0.10 |    678 |    54.5047 |
|        1 |         85 |          1396.50 |      1038.23 |      1443.20 |                 13.12 |                    0.10 |    678 |    54.6051 |
|        1 |         86 |          1396.50 |      1038.23 |      1404.03 |                 21.86 |                    0.10 |    678 |    54.7460 |
|        1 |         87 |          1396.50 |      1038.23 |      1423.70 |                 12.76 |                    0.10 |    684 |    54.8677 |
|        1 |         88 |          1396.50 |      1038.23 |      1437.82 |                 30.03 |                    0.10 |    687 |    54.9331 |
|        1 |         89 |          1396.50 |      1038.23 |      1449.53 |                 17.92 |                    0.10 |    690 |    55.0329 |
|        1 |         90 |          1396.50 |      1038.23 |      1431.00 |                 18.02 |                    0.10 |    690 |    55.1011 |
|        1 |         91 |          1396.50 |      1038.23 |      1441.78 |                 32.98 |                    0.10 |    692 |    55.1817 |
|        1 |         92 |          1396.50 |      1038.23 |      1452.78 |                 30.63 |                    0.10 |    692 |    55.2657 |
|        1 |         93 |          1396.50 |      1038.23 |      1450.43 |                 55.03 |                    0.10 |    692 |    55.3304 |
|        1 |         94 |          1396.50 |      1038.23 |      1418.90 |                 21.46 |                    0.10 |    693 |    55.5102 |
|        1 |         95 |          1396.50 |      1038.23 |      1416.80 |                 33.06 |                    0.10 |    694 |    55.6288 |
|        1 |         96 |          1396.50 |      1038.23 |      1416.80 |                 37.09 |                    0.10 |    694 |    55.7048 |
|        1 |         97 |          1396.50 |      1038.23 |      1411.80 |                 20.25 |                    0.10 |    694 |    55.7822 |
|        1 |         98 |          1396.50 |      1038.23 |      1411.20 |                 18.04 |                    0.10 |    694 |    55.8633 |
|        1 |         99 |          1396.50 |      1038.23 |      1407.00 |                 16.91 |                    0.10 |    694 |    55.9305 |
|        1 |        100 |          1396.50 |      1038.23 |      1411.00 |                  9.81 |                    0.10 |    694 |    55.9977 |
|        1 |        101 |          1396.50 |      1038.23 |      1360.02 |                 21.18 |                    0.10 |    694 |    56.1577 |
|        1 |        102 |          1396.50 |      1038.23 |      1399.25 |                 18.53 |                    0.10 |    695 |    56.2186 |
|        1 |        103 |          1396.50 |      1038.23 |      1391.39 |                 18.63 |                    0.10 |    695 |    56.2848 |
|        1 |        104 |          1396.50 |      1038.23 |      1392.93 |                 25.00 |                    0.10 |    696 |    56.3683 |
|        1 |        105 |          1396.50 |      1038.23 |      1372.46 |                 17.84 |                    0.10 |    696 |    56.6302 |
|        1 |        106 |          1396.50 |      1038.23 |      1425.32 |                 14.28 |                    0.10 |    697 |    56.8268 |
|        1 |        107 |          1396.50 |      1038.23 |      1393.11 |                 20.89 |                    0.10 |    697 |    56.9678 |
|        1 |        108 |          1396.50 |      1038.23 |      1430.30 |                 16.94 |                    0.10 |    697 |    57.1026 |
|        1 |        109 |          1396.50 |      1038.23 |      1421.18 |                 31.65 |                    0.10 |    697 |    57.1845 |
|        1 |        110 |          1396.50 |      1038.23 |      1380.42 |                 19.45 |                    0.10 |    698 |    57.4492 |
|        1 |        111 |          1396.50 |      1038.23 |      1401.43 |                 41.43 |                    0.10 |    698 |    57.5076 |
|        1 |        112 |          1396.50 |      1038.23 |      1441.70 |                 30.80 |                    0.10 |    700 |    57.6076 |
|        1 |        113 |          1396.50 |      1038.23 |      1408.10 |                 48.07 |                    0.10 |    700 |    57.6811 |
|        1 |        114 |          1396.50 |      1038.23 |      1405.20 |                 15.39 |                    0.10 |    702 |    57.8174 |
|        1 |        115 |          1396.50 |      1038.23 |      1414.80 |                 26.51 |                    0.10 |    704 |    57.9179 |
|        1 |        116 |          1396.50 |      1038.23 |      1410.70 |                 15.53 |                    0.10 |    704 |    57.9836 |
|        1 |        117 |          1396.50 |      1038.23 |      1410.70 |                 16.91 |                    0.13 |    704 |    58.0518 |
|        1 |        118 |          1396.50 |      1038.23 |      1411.40 |                  7.34 |                    0.10 |    704 |    58.1226 |
|        1 |        119 |          1396.50 |      1038.23 |      1407.17 |                 13.87 |                    0.10 |    704 |    58.1859 |
|        1 |        120 |          1396.50 |      1038.23 |      1405.70 |                 20.71 |                    0.10 |    704 |    58.3239 |
|        1 |        121 |          1396.50 |      1038.23 |      1402.50 |                 36.73 |                    0.10 |    704 |    58.4201 |
|        1 |        122 |          1396.50 |      1038.23 |      1402.30 |                 23.76 |                    0.10 |    704 |    58.5030 |
|        1 |        123 |          1396.50 |      1038.23 |      1402.90 |                 13.10 |                    0.10 |    704 |    58.5854 |
|        1 |        124 |          1396.50 |      1038.23 |      1383.82 |                 15.73 |                    0.10 |    706 |    58.6904 |
|        1 |        125 |          1396.50 |      1038.23 |      1408.30 |                 15.87 |                    0.10 |    706 |    58.8574 |
|        1 |        126 |          1396.50 |      1038.23 |      1406.40 |                  7.46 |                    0.10 |    706 |    58.9261 |
|        1 |        127 |          1396.50 |      1038.23 |      1363.10 |                 15.10 |                    0.10 |    706 |    59.0155 |
|        1 |        128 |          1396.50 |      1038.23 |      1411.05 |                 17.80 |                    0.10 |    707 |    59.1000 |
|        1 |        129 |          1396.50 |      1038.23 |      1406.90 |                  6.83 |                    0.10 |    709 |    59.2236 |
|        1 |        130 |          1396.50 |      1038.23 |      1356.75 |                 12.36 |                    0.10 |    709 |    59.3168 |
|        1 |        131 |          1396.50 |      1038.23 |      1376.85 |                  8.41 |                    0.10 |    709 |    59.3809 |
|        1 |        132 |          1396.50 |      1038.23 |      1360.79 |                 17.73 |                    0.10 |    709 |    59.4476 |
|        1 |        133 |          1396.50 |      1038.23 |      1396.37 |                 42.99 |                    0.10 |    709 |    59.5144 |
|        1 |        134 |          1396.50 |      1038.23 |      1400.20 |                 21.23 |                    0.10 |    709 |    59.5920 |
|        1 |        135 |          1396.50 |      1038.23 |      1380.82 |                 19.20 |                    0.10 |    713 |    59.7465 |
|        1 |        136 |          1396.50 |      1038.23 |      1404.71 |                 17.27 |                    0.10 |    713 |    59.8382 |
|        1 |        137 |          1396.50 |      1038.23 |      1402.79 |                 15.38 |                    0.10 |    714 |    59.9220 |
------------------------------------------------------------------------------------------------------------------------------------------------
|  Restart |  Iteration |  Best Feas. Cost |    Best Cost |   Curr. Cost |   Penalty Custom Res. |   Penalty Standard Res. |   Pool |   Time (s) |
------------------------------------------------------------------------------------------------------------------------------------------------
|        1 |        138 |          1396.50 |      1038.23 |      1388.44 |                 27.31 |                    0.10 |    717 |    60.0095 |
|        1 |        139 |          1396.50 |      1038.23 |      1379.39 |                 16.51 |                    0.10 |    717 |    60.2175 |
|        1 |        140 |          1396.50 |      1038.23 |      1412.80 |                  8.41 |                    0.10 |    717 |    60.2954 |
|        1 |        141 |          1396.50 |      1038.23 |      1370.90 |                 21.85 |                    0.10 |    717 |    60.3693 |
|        1 |        142 |          1396.50 |      1038.23 |      1397.62 |                 16.42 |                    0.10 |    719 |    60.4542 |
|        1 |        143 |          1396.50 |      1038.23 |      1399.88 |                 16.51 |                    0.10 |    719 |    60.5240 |
|        1 |        144 |          1396.50 |      1038.23 |      1410.13 |                 35.88 |                    0.10 |    721 |    60.5862 |
|        1 |        145 |          1396.50 |      1038.23 |      1432.04 |                 25.94 |                    0.10 |    723 |    60.6533 |
|        1 |        146 |          1396.50 |      1038.23 |      1408.50 |                 13.39 |                    0.10 |    723 |    60.8285 |
|        1 |        147 |          1396.50 |      1038.23 |      1382.06 |                 12.87 |                    0.10 |    724 |    60.9555 |
|        1 |        148 |          1396.50 |      1038.23 |      1391.09 |                 15.05 |                    0.10 |    724 |    61.0121 |
|        1 |        149 |          1396.50 |      1038.23 |      1408.30 |                  9.46 |                    0.10 |    724 |    61.0730 |
|        1 |        150 |          1396.50 |      1038.23 |      1386.66 |                 14.12 |                    0.10 |    724 |    61.2344 |
|        1 |        151 |          1396.50 |      1038.23 |      1396.50 |                 16.95 |                    0.10 |    724 |    61.5013 |
|        1 |        152 |          1396.50 |      1038.23 |      1387.88 |                 32.99 |                    0.10 |    724 |    61.5663 |
|        1 |        153 |          1396.50 |      1038.23 |      1440.60 |                 20.84 |                    0.10 |    724 |    61.7110 |
|        1 |        154 |          1396.50 |      1038.23 |      1406.80 |                  8.01 |                    0.10 |    724 |    61.8107 |
|        1 |        155 |          1396.50 |      1038.23 |      1361.01 |                 11.83 |                    0.10 |    724 |    61.9514 |
|        1 |        156 |          1396.50 |      1038.23 |      1390.64 |                 10.24 |                    0.10 |    724 |    62.0155 |
|        1 |        157 |          1396.50 |      1038.23 |      1383.10 |                  9.42 |                    0.10 |    724 |    62.0748 |
|        1 |        158 |          1396.50 |      1038.23 |      1374.13 |                 13.30 |                    0.10 |    724 |    62.1563 |
|        1 |        159 |          1396.50 |      1038.23 |      1386.36 |                 25.60 |                    0.10 |    724 |    62.2349 |
|        1 |        160 |          1396.50 |      1038.23 |      1398.60 |                 10.03 |                    0.10 |    724 |    62.3380 |
|        1 |        161 |          1396.50 |      1038.23 |      1398.60 |                 15.80 |                    0.10 |    724 |    62.4113 |
|        1 |        162 |          1396.50 |      1038.23 |      1397.70 |                 16.05 |                    0.10 |    724 |    62.4795 |
|        1 |        163 |          1396.50 |      1038.23 |      1406.80 |                  9.80 |                    0.10 |    724 |    62.5380 |
|        1 |        164 |          1396.50 |      1038.23 |      1379.25 |                 15.10 |                    0.10 |    724 |    62.6525 |
|        1 |        165 |          1396.50 |      1038.23 |      1406.60 |                 20.09 |                    0.10 |    724 |    62.8775 |
|        1 |        166 |          1396.50 |      1038.23 |      1406.60 |                 15.89 |                    0.10 |    724 |    62.9432 |
|        1 |        167 |          1396.50 |      1038.23 |      1405.90 |                 10.60 |                    0.10 |    724 |    63.0229 |
|        1 |        168 |          1396.50 |      1038.23 |      1367.40 |                 18.79 |                    0.10 |    724 |    63.1333 |
|        1 |        169 |          1396.50 |      1038.23 |      1396.94 |                 45.10 |                    0.10 |    724 |    63.2027 |
|        1 |        170 |          1396.50 |      1038.23 |      1428.90 |                 25.57 |                    0.10 |    725 |    63.3283 |
|        1 |        171 |          1396.50 |      1038.23 |      1406.30 |                 14.10 |                    0.10 |    725 |    63.4172 |
|        1 |        172 |          1396.50 |      1038.23 |      1406.30 |                 10.71 |                    0.10 |    725 |    63.4958 |
|        1 |        173 |          1396.50 |      1038.23 |      1374.27 |                 10.00 |                    0.10 |    725 |    63.6228 |
|        1 |        174 |          1396.50 |      1038.23 |      1382.09 |                  8.65 |                    0.10 |    725 |    63.6978 |
|        1 |        175 |          1396.50 |      1038.23 |      1383.01 |                 15.40 |                    0.10 |    725 |    63.7548 |
|        1 |        176 |          1396.50 |      1038.23 |      1410.10 |                 19.14 |                    0.10 |    726 |    63.9579 |
|        1 |        177 |          1396.50 |      1038.23 |      1401.30 |                  6.45 |                    0.10 |    726 |    64.0670 |
|        1 |        178 |          1396.50 |      1038.23 |      1394.49 |                  9.98 |                    0.10 |    726 |    64.1294 |
|        1 |        179 |          1396.50 |      1038.23 |      1379.74 |                 20.95 |                    0.10 |    729 |    64.2616 |
|        1 |        180 |          1396.50 |      1038.23 |      1446.90 |                 44.18 |                    0.10 |    732 |    64.3189 |
|        1 |        181 |          1396.50 |      1038.23 |      1452.10 |                 18.51 |                    0.10 |    735 |    64.4637 |
|        1 |        182 |          1396.50 |      1038.23 |      1400.87 |                  9.48 |                    0.10 |    737 |    64.5998 |
|        1 |        183 |          1396.50 |      1038.23 |      1401.26 |                 18.65 |                    0.10 |    738 |    64.6516 |
|        1 |        184 |          1396.50 |      1038.23 |      1411.00 |                 43.02 |                    0.10 |    738 |    64.7178 |
|        1 |        185 |          1396.50 |      1038.23 |      1398.90 |                 23.50 |                    0.10 |    738 |    64.7912 |
|        1 |        186 |          1396.50 |      1038.23 |      1398.10 |                 14.14 |                    0.10 |    738 |    64.9019 |
|        1 |        187 |          1396.50 |      1038.23 |      1403.04 |                 30.42 |                    0.10 |    738 |    64.9656 |
|        1 |        188 |          1396.50 |      1038.23 |      1417.20 |                 14.27 |                    0.10 |    739 |    65.0718 |
|        1 |        189 |          1396.50 |      1038.23 |      1417.10 |                 17.32 |                    0.10 |    739 |    65.1642 |
|        1 |        190 |          1396.50 |      1038.23 |      1415.60 |                  7.75 |                    0.10 |    739 |    65.2312 |
|        1 |        191 |          1396.50 |      1038.23 |      1379.36 |                 11.70 |                    0.10 |    740 |    65.3502 |
|        1 |        192 |          1396.50 |      1038.23 |      1387.55 |                 28.92 |                    0.10 |    742 |    65.4170 |
|        1 |        193 |          1396.50 |      1038.23 |      1420.00 |                 11.78 |                    0.10 |    743 |    65.5485 |
|        1 |        194 |          1396.50 |      1038.23 |      1419.33 |                 28.23 |                    0.10 |    743 |    65.6335 |
|        1 |        195 |          1396.50 |      1038.23 |      1452.10 |                 17.98 |                    0.10 |    743 |    65.8002 |
|        1 |        196 |          1396.50 |      1038.23 |      1456.80 |                 20.16 |                    0.10 |    743 |    65.8833 |
|        1 |        197 |          1396.50 |      1038.23 |      1455.40 |                 19.40 |                    0.10 |    745 |    66.0086 |
|        1 |        198 |          1396.50 |      1038.23 |      1438.00 |                 13.44 |                    0.10 |    745 |    66.1166 |
|        1 |        199 |          1396.50 |      1038.23 |      1404.90 |                  5.24 |                    0.10 |    745 |    66.3044 |
|        1 |        200 |          1396.50 |      1038.23 |      1267.52 |                 10.91 |                    0.10 |    746 |    66.3937 |
|        1 |        201 |          1396.50 |      1038.23 |      1317.04 |                 23.02 |                    0.10 |    748 |    66.4532 |
|        1 |        202 |          1396.50 |      1038.23 |      1416.00 |                 18.62 |                    0.10 |    748 |    66.6314 |
|        1 |        203 |          1396.50 |      1038.23 |      1410.83 |                 22.34 |                    0.10 |    748 |    66.7558 |
|        1 |        204 |          1396.50 |      1038.23 |      1425.10 |                 34.14 |                    0.10 |    751 |    66.8406 |
|        1 |        205 |          1396.50 |      1038.23 |      1445.20 |                 12.12 |                    0.10 |    751 |    66.9314 |
|        1 |        206 |          1396.50 |      1038.23 |      1435.91 |                 22.13 |                    0.10 |    752 |    67.0458 |
|        1 |        207 |          1396.50 |      1038.23 |      1419.10 |                 14.37 |                    0.10 |    752 |    67.2166 |
|        1 |        208 |          1396.50 |      1038.23 |      1391.99 |                 20.64 |                    0.10 |    752 |    67.3349 |
|        1 |        209 |          1396.50 |      1038.23 |      1406.10 |                 25.28 |                    0.10 |    753 |    67.4443 |
|        1 |        210 |          1396.50 |      1038.23 |      1404.00 |                 14.34 |                    0.10 |    753 |    67.5447 |
|        1 |        211 |          1396.50 |      1038.23 |      1400.20 |                 10.57 |                    0.10 |    753 |    67.6251 |
|        1 |        212 |          1396.50 |      1038.23 |      1390.96 |                 20.65 |                    0.10 |    755 |    67.7862 |
|        1 |        213 |          1396.50 |      1038.23 |      1442.30 |                 20.50 |                    0.10 |    758 |    68.0451 |
|        1 |        214 |          1396.50 |      1038.23 |      1454.40 |                 34.63 |                    0.10 |    763 |    68.1285 |
|        1 |        215 |          1396.50 |      1038.23 |      1462.49 |                 73.69 |                    0.10 |    765 |    68.2010 |
|        1 |        216 |          1396.50 |      1038.23 |      1429.20 |                 23.03 |                    0.10 |    767 |    68.4029 |
|        1 |        217 |          1396.50 |      1038.23 |      1426.90 |                 19.70 |                    0.10 |    768 |    68.4930 |
|        1 |        218 |          1396.50 |      1038.23 |      1425.70 |                 12.11 |                    0.10 |    768 |    68.5769 |
|        1 |        219 |          1396.50 |      1038.23 |      1426.60 |                 23.11 |                    0.10 |    768 |    68.6414 |
|        1 |        220 |          1396.50 |      1038.23 |      1421.11 |                 12.22 |                    0.10 |    768 |    68.7466 |
|        1 |        221 |          1396.50 |      1038.23 |      1401.50 |                 10.14 |                    0.10 |    768 |    68.8518 |
|        1 |        222 |          1396.50 |      1038.23 |      1363.91 |                 24.81 |                    0.10 |    768 |    68.9404 |
|        1 |        223 |          1396.50 |      1038.23 |      1408.83 |                 17.76 |                    0.10 |    768 |    69.0095 |
|        1 |        224 |          1396.50 |      1038.23 |      1401.00 |                 12.21 |                    0.10 |    768 |    69.0815 |
|        1 |        225 |          1396.50 |      1038.23 |      1407.80 |                  6.54 |                    0.10 |    769 |    69.1530 |
|        1 |        226 |          1396.50 |      1038.23 |      1338.25 |                 24.06 |                    0.21 |    769 |    69.2635 |
|        1 |        227 |          1396.50 |      1038.23 |      1396.49 |                 16.19 |                    0.10 |    769 |    69.3516 |
|        1 |        228 |          1396.50 |      1038.23 |      1390.31 |                 32.44 |                    0.10 |    770 |    69.4272 |
|        1 |        229 |          1396.50 |      1038.23 |      1410.60 |                 18.23 |                    0.10 |    770 |    69.5284 |
|        1 |        230 |          1396.50 |      1038.23 |      1369.11 |                 17.32 |                    0.10 |    770 |    69.6958 |
|        1 |        231 |          1396.50 |      1038.23 |      1401.25 |                 25.22 |                    0.10 |    770 |    69.7594 |
|        1 |        232 |          1396.50 |      1038.23 |      1409.70 |                 17.86 |                    0.10 |    770 |    69.8393 |
|        1 |        233 |          1396.50 |      1038.23 |      1437.80 |                 44.84 |                    0.10 |    771 |    69.9818 |
|        1 |        234 |          1396.50 |      1038.23 |      1411.60 |                 28.40 |                    0.10 |    773 |    70.0881 |
|        1 |        235 |          1396.50 |      1038.23 |      1413.80 |                 21.59 |                    0.10 |    773 |    70.1453 |
|        1 |        236 |          1396.50 |      1038.23 |      1363.07 |                 18.78 |                    0.10 |    773 |    70.2897 |
|        1 |        237 |          1396.50 |      1038.23 |      1380.65 |                 19.65 |                    0.10 |    773 |    70.3597 |
|        1 |        238 |          1396.50 |      1038.23 |      1380.30 |                 21.40 |                    0.10 |    773 |    70.4327 |
|        1 |        239 |          1396.50 |      1038.23 |      1385.27 |                 50.36 |                    0.10 |    773 |    70.5001 |
|        1 |        240 |          1396.50 |      1038.23 |      1455.57 |                 35.65 |                    0.10 |    775 |    70.5942 |
|        1 |        241 |          1396.50 |      1038.23 |      1405.50 |                 23.27 |                    0.10 |    777 |    70.6974 |
|        1 |        242 |          1396.50 |      1038.23 |      1408.00 |                 14.17 |                    0.10 |    777 |    70.7910 |
|        1 |        243 |          1396.50 |      1038.23 |      1380.27 |                 22.20 |                    0.10 |    778 |    70.9580 |
|        1 |        244 |          1396.50 |      1038.23 |      1403.80 |                 18.59 |                    0.10 |    778 |    71.0732 |
|        1 |        245 |          1396.50 |      1038.23 |      1398.90 |                  8.49 |                    0.10 |    778 |    71.1374 |
|        1 |        246 |          1396.50 |      1038.23 |      1414.78 |                 21.20 |                    0.10 |    779 |    71.2108 |
|        1 |        247 |          1396.50 |      1038.23 |      1403.40 |                 20.30 |                    0.10 |    779 |    71.2593 |
|        1 |        248 |          1396.50 |      1038.23 |      1404.60 |                 13.27 |                    0.10 |    779 |    71.3370 |
|        1 |        249 |          1396.50 |      1038.23 |      1403.04 |                 19.63 |                    0.10 |    779 |    71.4614 |
|        1 |        250 |          1396.50 |      1038.23 |      1406.40 |                 29.75 |                    0.10 |    779 |    71.5246 |
|        1 |        251 |          1396.50 |      1038.23 |      1399.20 |                 21.04 |                    0.10 |    779 |    71.6150 |
|        1 |        252 |          1396.50 |      1038.23 |      1399.20 |                 13.88 |                    0.10 |    779 |    71.6984 |
|        1 |        253 |          1396.50 |      1038.23 |      1399.20 |                 14.97 |                    0.10 |    779 |    71.7671 |
|        1 |        254 |          1396.50 |      1038.23 |      1400.40 |                 18.39 |                    0.10 |    779 |    71.8492 |
|        1 |        255 |          1396.50 |      1038.23 |      1396.82 |                 26.99 |                    0.13 |    781 |    71.9441 |
|        1 |        256 |          1396.50 |      1038.23 |      1407.30 |                 34.50 |                    0.10 |    783 |    72.0107 |
|        1 |        257 |          1396.50 |      1038.23 |      1407.30 |                 15.13 |                    0.10 |    783 |    72.0810 |
|        1 |        258 |          1396.50 |      1038.23 |      1383.18 |                 36.95 |                    0.10 |    785 |    72.1859 |
|        1 |        259 |          1396.50 |      1038.23 |      1435.50 |                 13.78 |                    0.10 |    786 |    72.2752 |
|        1 |        260 |          1396.50 |      1038.23 |      1344.72 |                 23.74 |                    0.10 |    786 |    72.3690 |
|        1 |        261 |          1396.50 |      1038.23 |      1397.42 |                 14.33 |                    0.10 |    787 |    72.4383 |
|        1 |        262 |          1396.50 |      1038.23 |      1374.41 |                 30.52 |                    0.10 |    787 |    72.4940 |
|        1 |        263 |          1396.50 |      1038.23 |      1407.90 |                 20.17 |                    0.10 |    788 |    72.5617 |
|        1 |        264 |          1396.50 |      1038.23 |      1416.80 |                 24.27 |                    0.10 |    788 |    72.6366 |
|        1 |        265 |          1396.50 |      1038.23 |      1417.20 |                 26.87 |                    0.10 |    790 |    72.7704 |
|        1 |        266 |          1396.50 |      1038.23 |      1417.20 |                 35.71 |                    0.10 |    790 |    72.8440 |
|        1 |        267 |          1396.50 |      1038.23 |      1412.50 |                 19.14 |                    0.10 |    792 |    72.9009 |
|        1 |        268 |          1396.50 |      1038.23 |      1413.70 |                 22.13 |                    0.10 |    792 |    72.9706 |
|        1 |        269 |          1396.50 |      1038.23 |      1406.30 |                 25.06 |                    0.10 |    792 |    73.0554 |
|        1 |        270 |          1396.50 |      1038.23 |      1405.10 |                 14.69 |                    0.10 |    792 |    73.1162 |
|        1 |        271 |          1396.50 |      1038.23 |      1439.26 |                 33.75 |                    0.10 |    793 |    73.2358 |
|        1 |        272 |          1396.50 |      1038.23 |      1426.88 |                 11.44 |                    0.10 |    796 |    73.4194 |
|        1 |        273 |          1396.50 |      1038.23 |      1391.35 |                 31.53 |                    0.10 |    796 |    73.5142 |
|        1 |        274 |          1396.50 |      1038.23 |      1413.60 |                 17.04 |                    0.10 |    798 |    73.5919 |
|        1 |        275 |          1396.50 |      1038.23 |      1413.60 |                 20.31 |                    0.10 |    798 |    73.6577 |
|        1 |        276 |          1396.50 |      1038.23 |      1396.52 |                 20.63 |                    0.10 |    800 |    73.8896 |
|        1 |        277 |          1396.50 |      1038.23 |      1407.80 |                 16.97 |                    0.10 |    800 |    73.9669 |
|        1 |        278 |          1396.50 |      1038.23 |      1405.80 |                  8.38 |                    0.10 |    800 |    74.0553 |
|        1 |        279 |          1396.50 |      1038.23 |      1404.40 |                  7.92 |                    0.10 |    800 |    74.1493 |
|        1 |        280 |          1396.50 |      1038.23 |      1370.39 |                 18.21 |                    0.10 |    801 |    74.2625 |
|        1 |        281 |          1396.50 |      1038.23 |      1441.43 |                 26.99 |                    0.10 |    802 |    74.3584 |
|        1 |        282 |          1396.50 |      1038.23 |      1430.50 |                 17.74 |                    0.10 |    803 |    74.5182 |
|        1 |        283 |          1396.50 |      1038.23 |      1414.40 |                 16.64 |                    0.10 |    803 |    74.5788 |
|        1 |        284 |          1396.50 |      1038.23 |      1377.38 |                  9.22 |                    0.10 |    803 |    74.7448 |
|        1 |        285 |          1396.50 |      1038.23 |      1411.90 |                 10.72 |                    0.10 |    803 |    74.8839 |
|        1 |        286 |          1396.50 |      1038.23 |      1409.20 |                 24.11 |                    0.10 |    803 |    75.0285 |
|        1 |        287 |          1396.50 |      1038.23 |      1409.20 |                 12.41 |                    0.10 |    803 |    75.0857 |
|        1 |        288 |          1396.50 |      1038.23 |      1412.20 |                  7.42 |                    0.10 |    803 |    75.1557 |
|        1 |        289 |          1396.50 |      1038.23 |      1406.01 |                  8.73 |                    0.10 |    804 |    75.2703 |
|        1 |        290 |          1396.50 |      1038.23 |      1401.05 |                 33.97 |                    0.10 |    805 |    75.4331 |
|        1 |        291 |          1396.50 |      1038.23 |      1432.22 |                 40.09 |                    0.10 |    805 |    75.4992 |
|        1 |        292 |          1396.50 |      1038.23 |      1410.50 |                 32.88 |                    0.10 |    805 |    75.6212 |
|        1 |        293 |          1396.50 |      1038.23 |      1401.50 |                 14.40 |                    0.10 |    805 |    75.7020 |
|        1 |        294 |          1396.50 |      1038.23 |      1398.80 |                 18.95 |                    0.10 |    805 |    75.7783 |
|        1 |        295 |          1396.50 |      1038.23 |      1401.50 |                 15.29 |                    0.10 |    805 |    75.8437 |
|        1 |        296 |          1396.50 |      1038.23 |      1400.20 |                  7.62 |                    0.10 |    805 |    75.9458 |
|        1 |        297 |          1396.50 |      1038.23 |      1320.00 |                 14.52 |                    0.10 |    805 |    76.0321 |
|        1 |        298 |          1396.50 |      1038.23 |      1381.21 |                 35.91 |                    0.10 |    805 |    76.1036 |
|        1 |        299 |          1396.50 |      1038.23 |      1415.70 |                 12.73 |                    0.10 |    806 |    76.2081 |
|        1 |        300 |          1396.50 |      1038.23 |      1368.96 |                 19.78 |                    0.10 |    806 |    76.3387 |
|        1 |        301 |          1396.50 |      1038.23 |      1404.20 |                  5.01 |                    0.10 |    806 |    76.5382 |
|        1 |        302 |          1396.50 |      1038.23 |      1358.51 |                 12.14 |                    0.16 |    806 |    76.6116 |
|        1 |        303 |          1396.50 |      1038.23 |      1400.41 |                  9.32 |                    0.10 |    807 |    76.6774 |
|        1 |        304 |          1396.50 |      1038.23 |      1380.03 |                 19.46 |                    0.10 |    808 |    76.7352 |
|        1 |        305 |          1396.50 |      1038.23 |      1410.82 |                 18.80 |                    0.10 |    808 |    76.8060 |
|        1 |        306 |          1396.50 |      1038.23 |      1416.70 |                 10.57 |                    0.10 |    808 |    76.8843 |
|        1 |        307 |          1396.50 |      1038.23 |      1360.80 |                 20.30 |                    0.10 |    808 |    77.0063 |
|        1 |        308 |          1396.50 |      1038.23 |      1399.79 |                 22.32 |                    0.10 |    808 |    77.0783 |
|        1 |        309 |          1396.50 |      1038.23 |      1408.00 |                 17.64 |                    0.10 |    808 |    77.1533 |
|        1 |        310 |          1396.50 |      1038.23 |      1404.60 |                 18.09 |                    0.10 |    808 |    77.2285 |
|        1 |        311 |          1396.50 |      1038.23 |      1404.60 |                  8.94 |                    0.10 |    808 |    77.2979 |
|        1 |        312 |          1396.50 |      1038.23 |      1405.15 |                 21.62 |                    0.10 |    808 |    77.4073 |
|        1 |        313 |          1396.50 |      1038.23 |      1400.10 |                 12.01 |                    0.10 |    810 |    77.5222 |
|        1 |        314 |          1396.50 |      1038.23 |      1414.80 |                 23.06 |                    0.10 |    811 |    77.6393 |
|        1 |        315 |          1396.50 |      1038.23 |      1417.70 |                 21.97 |                    0.10 |    812 |    77.7731 |
|        1 |        316 |          1396.50 |      1038.23 |      1447.90 |                 26.82 |                    0.10 |    814 |    77.9302 |
|        1 |        317 |          1396.50 |      1038.23 |      1448.50 |                 18.45 |                    0.10 |    814 |    77.9945 |
|        1 |        318 |          1396.50 |      1038.23 |      1444.20 |                 29.65 |                    0.10 |    814 |    78.0748 |
|        1 |        319 |          1396.50 |      1038.23 |      1445.50 |                 23.66 |                    0.10 |    816 |    78.1574 |
|        1 |        320 |          1396.50 |      1038.23 |      1404.45 |                 16.85 |                    0.21 |    816 |    78.3067 |
|        1 |        321 |          1396.50 |      1038.23 |      1408.20 |                 22.09 |                    0.10 |    816 |    78.4385 |
|        1 |        322 |          1396.50 |      1038.23 |      1404.50 |                 14.30 |                    0.10 |    816 |    78.5131 |
|        1 |        323 |          1396.50 |      1038.23 |      1402.80 |                  8.55 |                    0.10 |    816 |    78.5832 |
|        1 |        324 |          1396.50 |      1038.23 |      1381.07 |                 17.67 |                    0.21 |    816 |    78.6442 |
|        1 |        325 |          1396.50 |      1038.23 |      1402.40 |                 12.73 |                    0.11 |    816 |    78.7757 |
|        1 |        326 |          1396.50 |      1038.23 |      1398.08 |                 14.81 |                    0.10 |    816 |    78.9036 |
|        1 |        327 |          1396.50 |      1038.23 |      1398.40 |                 12.05 |                    0.10 |    816 |    78.9958 |
|        1 |        328 |          1396.50 |      1038.23 |      1398.40 |                  7.66 |                    0.10 |    816 |    79.0535 |
|        1 |        329 |          1396.50 |      1038.23 |      1401.13 |                 15.67 |                    0.10 |    816 |    79.1140 |
|        1 |        330 |          1396.50 |      1038.23 |      1412.34 |                 37.96 |                    0.10 |    816 |    79.1867 |
|        1 |        331 |          1396.50 |      1038.23 |      1427.60 |                 15.30 |                    0.10 |    820 |    79.3105 |
|        1 |        332 |          1396.50 |      1038.23 |      1399.40 |                 15.80 |                    0.10 |    820 |    79.4374 |
|        1 |        333 |          1396.50 |      1038.23 |      1401.20 |                 10.45 |                    0.10 |    820 |    79.4871 |
|        1 |        334 |          1396.50 |      1038.23 |      1370.56 |                 18.13 |                    0.10 |    822 |    79.6189 |
|        1 |        335 |          1396.50 |      1038.23 |      1405.70 |                 35.31 |                    0.10 |    823 |    79.6769 |
|        1 |        336 |          1396.50 |      1038.23 |      1405.50 |                 12.47 |                    0.10 |    823 |    79.8480 |
|        1 |        337 |          1396.50 |      1038.23 |      1405.50 |                  7.61 |                    0.10 |    823 |    79.9066 |
|        1 |        338 |          1396.50 |      1038.23 |      1375.17 |                 15.54 |                    0.10 |    823 |    79.9981 |
------------------------------------------------------------------------------------------------------------------------------------------------
|  Restart |  Iteration |  Best Feas. Cost |    Best Cost |   Curr. Cost |   Penalty Custom Res. |   Penalty Standard Res. |   Pool |   Time (s) |
------------------------------------------------------------------------------------------------------------------------------------------------
|        1 |        339 |          1396.50 |      1038.23 |      1380.72 |                  7.21 |                    0.10 |    824 |    80.1175 |
|        1 |        340 |          1396.50 |      1038.23 |      1363.21 |                 15.19 |                    0.10 |    824 |    80.1860 |
|        1 |        341 |          1396.50 |      1038.23 |      1379.82 |                 18.86 |                    0.10 |    824 |    80.2417 |
|        1 |        342 |          1396.50 |      1038.23 |      1387.19 |                 22.49 |                    0.10 |    824 |    80.2971 |
|        1 |        343 |          1396.50 |      1038.23 |      1405.90 |                 13.28 |                    0.10 |    824 |    80.3983 |
|        1 |        344 |          1396.50 |      1038.23 |      1406.80 |                  6.55 |                    0.10 |    824 |    80.4810 |
|        1 |        345 |          1396.50 |      1038.23 |      1361.44 |                 13.38 |                    0.16 |    824 |    80.5728 |
|        1 |        346 |          1396.50 |      1038.23 |      1420.04 |                 32.12 |                    0.12 |    824 |    80.6382 |
|        1 |        347 |          1396.50 |      1038.23 |      1401.30 |                  7.73 |                    0.10 |    824 |    80.8599 |
|        1 |        348 |          1396.50 |      1038.23 |      1379.08 |                 14.39 |                    0.10 |    824 |    80.9899 |
|        1 |        349 |          1396.50 |      1038.23 |      1376.53 |                 32.87 |                    0.10 |    824 |    81.0550 |
|        1 |        350 |          1396.50 |      1038.23 |      1435.60 |                 15.88 |                    0.10 |    825 |    81.1735 |
|        1 |        351 |          1396.50 |      1038.23 |      1423.80 |                 53.45 |                    0.10 |    825 |    81.2680 |
|        1 |        352 |          1396.50 |      1038.23 |      1411.30 |                 22.62 |                    0.10 |    825 |    81.4209 |
|        1 |        353 |          1396.50 |      1038.23 |      1407.40 |                 10.52 |                    0.10 |    825 |    81.5033 |
|        1 |        354 |          1396.50 |      1038.23 |      1385.53 |                 12.64 |                    0.10 |    825 |    81.5948 |
|        1 |        355 |          1396.50 |      1038.23 |      1400.47 |                 22.04 |                    0.10 |    827 |    81.6570 |
|        1 |        356 |          1396.50 |      1038.23 |      1434.32 |                 29.01 |                    0.10 |    828 |    81.7435 |
|        1 |        357 |          1396.50 |      1038.23 |      1463.30 |                 46.00 |                    0.10 |    831 |    81.8722 |
|        1 |        358 |          1396.50 |      1038.23 |      1424.39 |                 38.09 |                    0.10 |    831 |    82.0057 |
|        1 |        359 |          1396.50 |      1038.23 |      1423.10 |                 18.20 |                    0.10 |    835 |    82.1370 |
|        1 |          0 |          1395.40 |      1038.23 |      1395.40 |                  8.12 |                    0.10 |    835 |    82.2467 |
|        1 |          1 |          1395.40 |      1038.23 |      1395.40 |                 16.76 |                    0.10 |    835 |    82.3355 |
|        1 |          2 |          1395.40 |      1038.23 |      1395.40 |                  8.46 |                    0.10 |    835 |    82.4072 |
|        1 |          3 |          1395.40 |      1038.23 |      1401.78 |                 14.57 |                    0.10 |    835 |    82.5100 |
|        1 |          4 |          1395.40 |      1038.23 |      1412.78 |                 18.78 |                    0.10 |    835 |    82.6080 |
|        1 |          5 |          1395.40 |      1038.23 |      1388.80 |                 36.44 |                    0.10 |    835 |    82.7129 |
|        1 |          6 |          1395.40 |      1038.23 |      1414.60 |                 25.97 |                    0.10 |    835 |    82.8403 |
|        1 |          7 |          1395.40 |      1038.23 |      1400.90 |                 15.34 |                    0.10 |    835 |    82.9262 |
|        1 |          8 |          1395.40 |      1038.23 |      1402.10 |                  9.08 |                    0.10 |    835 |    82.9879 |
|        1 |          9 |          1395.40 |      1038.23 |      1377.40 |                 20.28 |                    0.10 |    836 |    83.0910 |
|        1 |         10 |          1395.40 |      1038.23 |      1415.10 |                 16.52 |                    0.10 |    838 |    83.3124 |
|        1 |         11 |          1395.40 |      1038.23 |      1416.70 |                 30.85 |                    0.10 |    838 |    83.3978 |
|        1 |         12 |          1395.40 |      1038.23 |      1407.80 |                 13.49 |                    0.13 |    838 |    83.5027 |
|        1 |         13 |          1395.40 |      1038.23 |      1411.59 |                 27.89 |                    0.10 |    839 |    83.5587 |
|        1 |         14 |          1395.40 |      1038.23 |      1409.40 |                 17.52 |                    0.10 |    839 |    83.6249 |
|        1 |         15 |          1395.40 |      1038.23 |      1399.20 |                  7.16 |                    0.10 |    839 |    83.7072 |
|        1 |         16 |          1395.40 |      1038.23 |      1374.50 |                 11.17 |                    0.10 |    839 |    83.7817 |
|        1 |         17 |          1395.40 |      1038.23 |      1388.61 |                 22.63 |                    0.10 |    839 |    83.8350 |
|        1 |         18 |          1395.40 |      1038.23 |      1439.10 |                 48.15 |                    0.10 |    840 |    83.9079 |
|        1 |         19 |          1395.40 |      1038.23 |      1426.10 |                 25.22 |                    0.10 |    840 |    84.0170 |
|        1 |         20 |          1395.40 |      1038.23 |      1403.30 |                 22.02 |                    0.10 |    840 |    84.1030 |
|        1 |         21 |          1395.40 |      1038.23 |      1401.20 |                  9.44 |                    0.10 |    840 |    84.2306 |
|        1 |         22 |          1395.40 |      1038.23 |      1372.95 |                 17.26 |                    0.10 |    840 |    84.3230 |
|        1 |         23 |          1395.40 |      1038.23 |      1354.45 |                 24.77 |                    0.17 |    840 |    84.4495 |
|        1 |         24 |          1395.40 |      1038.23 |      1409.90 |                 14.22 |                    0.10 |    840 |    84.5287 |
|        1 |         25 |          1395.40 |      1038.23 |      1412.90 |                 17.65 |                    0.10 |    840 |    84.5991 |
|        1 |         26 |          1395.40 |      1038.23 |      1388.46 |                 18.20 |                    0.10 |    842 |    84.7404 |
|        1 |         27 |          1395.40 |      1038.23 |      1419.30 |                 15.85 |                    0.10 |    845 |    84.8686 |
|        1 |         28 |          1395.40 |      1038.23 |      1391.10 |                 18.47 |                    0.10 |    847 |    84.9721 |
|        1 |         29 |          1395.40 |      1038.23 |      1420.20 |                 19.89 |                    0.15 |    848 |    85.0602 |
|        1 |         30 |          1395.40 |      1038.23 |      1417.60 |                 29.83 |                    0.10 |    849 |    85.1365 |
|        1 |         31 |          1395.40 |      1038.23 |      1417.60 |                 25.83 |                    0.10 |    849 |    85.1969 |
|        1 |         32 |          1395.40 |      1038.23 |      1416.70 |                  8.99 |                    0.10 |    849 |    85.2879 |
|        1 |         33 |          1395.40 |      1038.23 |      1396.65 |                  9.39 |                    0.10 |    850 |    85.3848 |
|        1 |         34 |          1395.40 |      1038.23 |      1392.40 |                 15.08 |                    0.10 |    851 |    85.4731 |
|        1 |         35 |          1395.40 |      1038.23 |      1396.76 |                 39.19 |                    0.10 |    851 |    85.5472 |
|        1 |         36 |          1395.40 |      1038.23 |      1415.30 |                 28.29 |                    0.10 |    851 |    85.7863 |
|        1 |         37 |          1395.40 |      1038.23 |      1403.80 |                 33.32 |                    0.10 |    851 |    85.8843 |
|        1 |         38 |          1395.40 |      1038.23 |      1403.20 |                 32.77 |                    0.10 |    851 |    85.9878 |
|        1 |         39 |          1395.40 |      1038.23 |      1401.00 |                  9.90 |                    0.10 |    851 |    86.0936 |
|        1 |         40 |          1395.40 |      1038.23 |      1359.41 |                 18.40 |                    0.10 |    852 |    86.2428 |
|        1 |         41 |          1395.40 |      1038.23 |      1394.45 |                 17.21 |                    0.10 |    852 |    86.3548 |
|        1 |         42 |          1395.40 |      1038.23 |      1379.81 |                 20.31 |                    0.10 |    852 |    86.4199 |
|        1 |         43 |          1395.40 |      1038.23 |      1385.28 |                 40.30 |                    0.10 |    852 |    86.4907 |
|        1 |         44 |          1395.40 |      1038.23 |      1398.60 |                 19.25 |                    0.12 |    852 |    86.6122 |
|        1 |         45 |          1395.40 |      1038.23 |      1398.60 |                 10.75 |                    0.10 |    852 |    86.6601 |
|        1 |         46 |          1395.40 |      1038.23 |      1373.01 |                 12.27 |                    0.10 |    852 |    86.7717 |
|        1 |         47 |          1395.40 |      1038.23 |      1405.51 |                 23.18 |                    0.10 |    852 |    86.8246 |
|        1 |         48 |          1395.40 |      1038.23 |      1422.48 |                 22.09 |                    0.10 |    853 |    86.9416 |
|        1 |         49 |          1395.40 |      1038.23 |      1421.54 |                 27.43 |                    0.10 |    853 |    86.9958 |
|        1 |         50 |          1395.40 |      1038.23 |      1435.50 |                 28.41 |                    0.10 |    854 |    87.0672 |
|        1 |         51 |          1395.40 |      1038.23 |      1398.50 |                 26.52 |                    0.10 |    854 |    87.1988 |
|        1 |         52 |          1395.40 |      1038.23 |      1398.50 |                 24.34 |                    0.10 |    854 |    87.2798 |
|        1 |         53 |          1395.40 |      1038.23 |      1398.50 |                 12.04 |                    0.10 |    854 |    87.3404 |
|        1 |         54 |          1395.40 |      1038.23 |      1398.50 |                 25.89 |                    0.10 |    854 |    87.4059 |
|        1 |         55 |          1395.40 |      1038.23 |      1398.30 |                 11.22 |                    0.10 |    854 |    87.4932 |
|        1 |         56 |          1395.40 |      1038.23 |      1385.99 |                 21.80 |                    0.10 |    855 |    87.5883 |
|        1 |         57 |          1395.40 |      1038.23 |      1343.07 |                 14.86 |                    0.11 |    857 |    87.7937 |
|        1 |         58 |          1395.40 |      1038.23 |      1407.85 |                 24.87 |                    0.10 |    857 |    87.8727 |
|        1 |         59 |          1395.40 |      1038.23 |      1404.60 |                 10.98 |                    0.10 |    857 |    87.9911 |
|        1 |         60 |          1395.40 |      1038.23 |      1405.24 |                 10.68 |                    0.10 |    858 |    88.0983 |
|        1 |         61 |          1395.40 |      1038.23 |      1383.25 |                 15.22 |                    0.10 |    858 |    88.1922 |
|        1 |         62 |          1395.40 |      1038.23 |      1412.88 |                 11.68 |                    0.10 |    858 |    88.2635 |
|        1 |         63 |          1395.40 |      1038.23 |      1403.21 |                 11.52 |                    0.10 |    858 |    88.3288 |
|        1 |         64 |          1395.40 |      1038.23 |      1404.30 |                 18.05 |                    0.10 |    858 |    88.4829 |
|        1 |         65 |          1395.40 |      1038.23 |      1408.20 |                 20.04 |                    0.10 |    858 |    88.5645 |
|        1 |         66 |          1395.40 |      1038.23 |      1317.31 |                 18.20 |                    0.10 |    858 |    88.8069 |
|        1 |         67 |          1395.40 |      1038.23 |      1412.51 |                 42.83 |                    0.10 |    858 |    88.8790 |
|        1 |         68 |          1395.40 |      1038.23 |      1456.60 |                 40.06 |                    0.10 |    860 |    88.9846 |
|        1 |         69 |          1395.40 |      1038.23 |      1431.60 |                 16.19 |                    0.10 |    861 |    89.0747 |
|        1 |         70 |          1395.40 |      1038.23 |      1417.99 |                 22.55 |                    0.10 |    862 |    89.2060 |
|        1 |         71 |          1395.40 |      1038.23 |      1416.30 |                 19.32 |                    0.10 |    862 |    89.4148 |
|        1 |         72 |          1395.40 |      1038.23 |      1419.30 |                 21.22 |                    0.10 |    862 |    89.5000 |
|        1 |         73 |          1395.40 |      1038.23 |      1412.20 |                 15.13 |                    0.10 |    862 |    89.6212 |
|        1 |         74 |          1395.40 |      1038.23 |      1413.20 |                  9.89 |                    0.10 |    862 |    89.7021 |
|        1 |         75 |          1395.40 |      1038.23 |      1405.80 |                 10.15 |                    0.10 |    862 |    89.7739 |
|        1 |         76 |          1395.40 |      1038.23 |      1413.60 |                 11.26 |                    0.10 |    862 |    89.8624 |
|        1 |         77 |          1395.40 |      1038.23 |      1366.24 |                 20.57 |                    0.10 |    862 |    89.9680 |
|        1 |         78 |          1395.40 |      1038.23 |      1405.39 |                 22.87 |                    0.10 |    862 |    90.0349 |
|        1 |         79 |          1395.40 |      1038.23 |      1412.70 |                  9.80 |                    0.10 |    864 |    90.1499 |
|        1 |         80 |          1395.40 |      1038.23 |      1368.65 |                 23.74 |                    0.10 |    864 |    90.2201 |
|        1 |         81 |          1395.40 |      1038.23 |      1367.67 |                 19.05 |                    0.12 |    864 |    90.3965 |
|        1 |         82 |          1395.40 |      1038.23 |      1421.91 |                 41.38 |                    0.10 |    867 |    90.4742 |
|        1 |         83 |          1395.40 |      1038.23 |      1417.60 |                 20.58 |                    0.10 |    867 |    90.6097 |
|        1 |         84 |          1395.40 |      1038.23 |      1417.60 |                 39.64 |                    0.10 |    867 |    90.6817 |
|        1 |         85 |          1395.40 |      1038.23 |      1418.40 |                 14.80 |                    0.10 |    867 |    90.7587 |
|        1 |         86 |          1395.40 |      1038.23 |      1408.60 |                  9.58 |                    0.10 |    868 |    90.8285 |
|        1 |         87 |          1395.40 |      1038.23 |      1407.40 |                 21.18 |                    0.10 |    868 |    90.9258 |
|        1 |         88 |          1395.40 |      1038.23 |      1406.20 |                 18.13 |                    0.10 |    868 |    91.0071 |
|        1 |         89 |          1395.40 |      1038.23 |      1405.80 |                  8.66 |                    0.10 |    868 |    91.1320 |
|        1 |         90 |          1395.40 |      1038.23 |      1385.26 |                 20.15 |                    0.18 |    869 |    91.2193 |
|        1 |         91 |          1395.40 |      1038.23 |      1428.56 |                 22.84 |                    0.10 |    869 |    91.2910 |
|        1 |         92 |          1395.40 |      1038.23 |      1447.50 |                 16.63 |                    0.10 |    870 |    91.4011 |
|        1 |         93 |          1395.40 |      1038.23 |      1404.00 |                 18.77 |                    0.10 |    870 |    91.5278 |
|        1 |         94 |          1395.40 |      1038.23 |      1357.74 |                 22.43 |                    0.10 |    870 |    91.7070 |
|        1 |         95 |          1395.40 |      1038.23 |      1421.76 |                 51.66 |                    0.10 |    870 |    91.8031 |
|        1 |         96 |          1395.40 |      1038.23 |      1400.30 |                  7.52 |                    0.10 |    870 |    92.0654 |
|        1 |         97 |          1395.40 |      1038.23 |      1371.46 |                 16.32 |                    0.10 |    870 |    92.1502 |
|        1 |         98 |          1395.40 |      1038.23 |      1398.21 |                 23.72 |                    0.10 |    870 |    92.3901 |
|        1 |         99 |          1395.40 |      1038.23 |      1409.20 |                 22.88 |                    0.10 |    870 |    92.4869 |
|        1 |        100 |          1395.40 |      1038.23 |      1409.20 |                 37.49 |                    0.10 |    870 |    92.5781 |
|        1 |        101 |          1395.40 |      1038.23 |      1409.20 |                 12.15 |                    0.10 |    870 |    92.6812 |
|        1 |        102 |          1395.40 |      1038.23 |      1421.70 |                 10.80 |                    0.10 |    871 |    92.7956 |
|        1 |        103 |          1395.40 |      1038.23 |      1404.39 |                 28.91 |                    0.10 |    871 |    92.8643 |
|        1 |        104 |          1395.40 |      1038.23 |      1445.97 |                 26.28 |                    0.10 |    873 |    92.9438 |
|        1 |        105 |          1395.40 |      1038.23 |      1437.99 |                 58.26 |                    0.10 |    874 |    93.0046 |
|        1 |        106 |          1395.40 |      1038.23 |      1422.70 |                 15.25 |                    0.10 |    874 |    93.1587 |
|        1 |        107 |          1395.40 |      1038.23 |      1415.20 |                 18.27 |                    0.10 |    874 |    93.3024 |
|        1 |        108 |          1395.40 |      1038.23 |      1411.30 |                 43.26 |                    0.10 |    874 |    93.4241 |
|        1 |        109 |          1395.40 |      1038.23 |      1415.70 |                 51.92 |                    0.10 |    875 |    93.5317 |
|        1 |        110 |          1395.40 |      1038.23 |      1416.98 |                 42.36 |                    0.10 |    878 |    93.7298 |
|        1 |        111 |          1395.40 |      1038.23 |      1458.00 |                 14.23 |                    0.10 |    880 |    93.8813 |
|        1 |        112 |          1395.40 |      1038.23 |      1439.95 |                 31.42 |                    0.10 |    880 |    94.0006 |
|        1 |        113 |          1395.40 |      1038.23 |      1386.80 |                 29.03 |                    0.10 |    880 |    94.2968 |
|        1 |        114 |          1395.40 |      1038.23 |      1412.80 |                 16.95 |                    0.10 |    880 |    94.4113 |
|        1 |        115 |          1395.40 |      1038.23 |      1412.40 |                  7.14 |                    0.10 |    880 |    94.4774 |
|        1 |        116 |          1395.40 |      1038.23 |      1412.30 |                 18.92 |                    0.10 |    880 |    94.5670 |
|        1 |        117 |          1395.40 |      1038.23 |      1412.30 |                 29.56 |                    0.10 |    880 |    94.6216 |
|        1 |        118 |          1395.40 |      1038.23 |      1412.90 |                 10.59 |                    0.10 |    880 |    94.7091 |
|        1 |        119 |          1395.40 |      1038.23 |      1411.60 |                 15.10 |                    0.10 |    880 |    94.7890 |
|        1 |        120 |          1395.40 |      1038.23 |      1411.60 |                 16.47 |                    0.10 |    880 |    94.8401 |
|        1 |        121 |          1395.40 |      1038.23 |      1411.40 |                  9.84 |                    0.10 |    880 |    94.9134 |
|        1 |        122 |          1395.40 |      1038.23 |      1408.54 |                 22.70 |                    0.10 |    880 |    94.9825 |
|        1 |        123 |          1395.40 |      1038.23 |      1415.45 |                 32.38 |                    0.10 |    880 |    95.0473 |
|        1 |        124 |          1395.40 |      1038.23 |      1426.64 |                 17.17 |                    0.10 |    880 |    95.2524 |
|        1 |        125 |          1395.40 |      1038.23 |      1446.99 |                 42.89 |                    0.10 |    881 |    95.3197 |
|        1 |        126 |          1395.40 |      1038.23 |      1401.70 |                  9.58 |                    0.10 |    881 |    95.4575 |
|        1 |        127 |          1395.40 |      1038.23 |      1401.70 |                  9.35 |                    0.10 |    881 |    95.5081 |
|        1 |        128 |          1395.40 |      1038.23 |      1365.73 |                 17.27 |                    0.10 |    882 |    95.6126 |
|        1 |        129 |          1395.40 |      1038.23 |      1426.58 |                 31.94 |                    0.10 |    883 |    95.6866 |
|        1 |        130 |          1395.40 |      1038.23 |      1398.00 |                 21.65 |                    0.10 |    883 |    95.8205 |
|        1 |        131 |          1395.40 |      1038.23 |      1397.80 |                 11.70 |                    0.10 |    883 |    95.9472 |
|        1 |        132 |          1395.40 |      1038.23 |      1397.80 |                 12.99 |                    0.10 |    883 |    96.0402 |
|        1 |        133 |          1395.40 |      1038.23 |      1381.21 |                 31.40 |                    0.10 |    884 |    96.2301 |
|        1 |        134 |          1395.40 |      1038.23 |      1396.50 |                 20.03 |                    0.10 |    884 |    96.3704 |
|        1 |        135 |          1395.40 |      1038.23 |      1409.51 |                 28.81 |                    0.10 |    885 |    96.4869 |
|        1 |        136 |          1395.40 |      1038.23 |      1402.50 |                 12.55 |                    0.18 |    885 |    96.6587 |
|        1 |        137 |          1395.40 |      1038.23 |      1400.30 |                  7.28 |                    0.10 |    885 |    96.7199 |
|        1 |        138 |          1395.40 |      1038.23 |      1366.86 |                 16.41 |                    0.10 |    885 |    96.8976 |
|        1 |        139 |          1395.40 |      1038.23 |      1390.50 |                 16.33 |                    0.10 |    888 |    96.9940 |
|        1 |        140 |          1395.40 |      1038.23 |      1405.78 |                 30.20 |                    0.10 |    889 |    97.0713 |
|        1 |        141 |          1395.40 |      1038.23 |      1460.97 |                 45.34 |                    0.10 |    891 |    97.1411 |
|        1 |        142 |          1395.40 |      1038.23 |      1482.00 |                 39.53 |                    0.10 |    893 |    97.2533 |
|        1 |        143 |          1395.40 |      1038.23 |      1434.50 |                 22.60 |                    0.10 |    893 |    97.3938 |
|        1 |        144 |          1395.40 |      1038.23 |      1406.01 |                  9.68 |                    0.10 |    893 |    97.7004 |
|        1 |        145 |          1395.40 |      1038.23 |      1392.24 |                 19.23 |                    0.12 |    893 |    97.7592 |
|        1 |        146 |          1395.40 |      1038.23 |      1402.50 |                 13.74 |                    0.10 |    893 |    97.8737 |
|        1 |        147 |          1395.40 |      1038.23 |      1410.78 |                 29.24 |                    0.10 |    894 |    97.9482 |
|        1 |        148 |          1395.40 |      1038.23 |      1401.70 |                 40.86 |                    0.10 |    895 |    98.0424 |
|        1 |        149 |          1395.40 |      1038.23 |      1410.00 |                 18.05 |                    0.10 |    895 |    98.1623 |
|        1 |        150 |          1395.40 |      1038.23 |      1336.56 |                 15.63 |                    0.10 |    895 |    98.3822 |
|        1 |        151 |          1395.40 |      1038.23 |      1400.72 |                 32.00 |                    0.10 |    896 |    98.4421 |
|        1 |        152 |          1395.40 |      1038.23 |      1405.60 |                 26.00 |                    0.10 |    896 |    98.5608 |
|        1 |        153 |          1395.40 |      1038.23 |      1405.60 |                 32.24 |                    0.10 |    896 |    98.6381 |
|        1 |        154 |          1395.40 |      1038.23 |      1413.90 |                 32.65 |                    0.10 |    897 |    98.7651 |
|        1 |        155 |          1395.40 |      1038.23 |      1412.50 |                 25.27 |                    0.10 |    897 |    98.9503 |
|        1 |        156 |          1395.40 |      1038.23 |      1408.10 |                 25.80 |                    0.10 |    897 |    99.0964 |
|        1 |        157 |          1395.40 |      1038.23 |      1409.80 |                 22.75 |                    0.10 |    897 |    99.1962 |
|        1 |        158 |          1395.40 |      1038.23 |      1402.50 |                 10.47 |                    0.10 |    897 |    99.3169 |
|        1 |        159 |          1395.40 |      1038.23 |      1375.99 |                 13.19 |                    0.10 |    897 |    99.4567 |
|        1 |        160 |          1395.40 |      1038.23 |      1401.67 |                 18.45 |                    0.10 |    897 |    99.5354 |
|        1 |        161 |          1395.40 |      1038.23 |      1421.15 |                 18.92 |                    0.10 |    897 |    99.6376 |
|        1 |        162 |          1395.40 |      1038.23 |      1422.90 |                 27.74 |                    0.10 |    898 |    99.7582 |
|        1 |        163 |          1395.40 |      1038.23 |      1408.40 |                  9.63 |                    0.10 |    898 |    99.8869 |
|        1 |        164 |          1395.40 |      1038.23 |      1393.76 |                 13.87 |                    0.10 |    898 |    99.9705 |
------------------------------------------------------------------------------------------------------------------------------------------------
|  Restart |  Iteration |  Best Feas. Cost |    Best Cost |   Curr. Cost |   Penalty Custom Res. |   Penalty Standard Res. |   Pool |   Time (s) |
------------------------------------------------------------------------------------------------------------------------------------------------
|        1 |        165 |          1395.40 |      1038.23 |      1401.64 |                 32.28 |                    0.10 |    898 |   100.0618 |
|        1 |        166 |          1395.40 |      1038.23 |      1413.90 |                 14.50 |                    0.10 |    900 |   100.2390 |
|        1 |        167 |          1395.40 |      1038.23 |      1399.63 |                 21.43 |                    0.10 |    902 |   100.3982 |
|        1 |        168 |          1395.40 |      1038.23 |      1446.07 |                 31.82 |                    0.10 |    902 |   100.4711 |
|        1 |        169 |          1395.40 |      1038.23 |      1408.50 |                 21.07 |                    0.10 |    902 |   100.6922 |
|        1 |        170 |          1395.40 |      1038.23 |      1409.60 |                 15.24 |                    0.10 |    902 |   100.7608 |
|        1 |        171 |          1395.40 |      1038.23 |      1416.00 |                 24.52 |                    0.10 |    902 |   100.8279 |
|        1 |        172 |          1395.40 |      1038.23 |      1408.90 |                 17.83 |                    0.10 |    902 |   100.9661 |
|        1 |        173 |          1395.40 |      1038.23 |      1404.70 |                 22.77 |                    0.10 |    902 |   101.0460 |
|        1 |        174 |          1395.40 |      1038.23 |      1404.70 |                 23.37 |                    0.10 |    902 |   101.1081 |
|        1 |        175 |          1395.40 |      1038.23 |      1409.60 |                 18.85 |                    0.10 |    902 |   101.1817 |
|        1 |        176 |          1395.40 |      1038.23 |      1327.16 |                 22.44 |                    0.10 |    904 |   101.4389 |
|        1 |        177 |          1395.40 |      1038.23 |      1442.26 |                 29.55 |                    0.10 |    904 |   101.5102 |
|        1 |        178 |          1395.40 |      1038.23 |      1469.67 |                 59.13 |                    0.10 |    907 |   101.6109 |
|        1 |        179 |          1395.40 |      1038.23 |      1480.70 |                 18.37 |                    0.10 |    912 |   101.7364 |
|        1 |        180 |          1395.40 |      1038.23 |      1406.60 |                 25.28 |                    0.10 |    912 |   101.9031 |
|        1 |        181 |          1395.40 |      1038.23 |      1424.50 |                 14.07 |                    0.10 |    913 |   101.9930 |
|        1 |        182 |          1395.40 |      1038.23 |      1405.60 |                 27.94 |                    0.10 |    913 |   102.0596 |
|        1 |        183 |          1395.40 |      1038.23 |      1402.60 |                 16.53 |                    0.10 |    913 |   102.1338 |
|        1 |        184 |          1395.40 |      1038.23 |      1402.60 |                 20.09 |                    0.10 |    913 |   102.2175 |
|        1 |        185 |          1395.40 |      1038.23 |      1402.10 |                  7.81 |                    0.10 |    913 |   102.2973 |
|        1 |        186 |          1395.40 |      1038.23 |      1386.40 |                 18.89 |                    0.10 |    913 |   102.3960 |
|        1 |        187 |          1395.40 |      1038.23 |      1417.70 |                 11.39 |                    0.10 |    913 |   102.6279 |
|        1 |        188 |          1395.40 |      1038.23 |      1405.69 |                 13.69 |                    0.10 |    913 |   102.7230 |
|        1 |        189 |          1395.40 |      1038.23 |      1410.63 |                 33.86 |                    0.10 |    914 |   102.7923 |
|        1 |        190 |          1395.40 |      1038.23 |      1404.70 |                 15.88 |                    0.10 |    914 |   102.9062 |
|        1 |        191 |          1395.40 |      1038.23 |      1403.60 |                 20.90 |                    0.10 |    914 |   102.9839 |
|        1 |        192 |          1395.40 |      1038.23 |      1404.20 |                 11.95 |                    0.10 |    914 |   103.1333 |
|        1 |        193 |          1395.40 |      1038.23 |      1407.20 |                  8.55 |                    0.10 |    914 |   103.2012 |
|        1 |        194 |          1395.40 |      1038.23 |      1389.19 |                 15.18 |                    0.10 |    914 |   103.2896 |
|        1 |        195 |          1395.40 |      1038.23 |      1406.42 |                 23.46 |                    0.10 |    914 |   103.3619 |
|        1 |        196 |          1395.40 |      1038.23 |      1422.91 |                 21.35 |                    0.10 |    914 |   103.4211 |
|        1 |        197 |          1395.40 |      1038.23 |      1404.00 |                 26.70 |                    0.10 |    914 |   103.6623 |
|        1 |        198 |          1395.40 |      1038.23 |      1409.70 |                 17.42 |                    0.10 |    914 |   103.7651 |
|        1 |        199 |          1395.40 |      1038.23 |      1407.40 |                 17.60 |                    0.10 |    914 |   103.9035 |
|        1 |        200 |          1395.40 |      1038.23 |      1407.40 |                  7.64 |                    0.10 |    914 |   103.9699 |
|        1 |        201 |          1395.40 |      1038.23 |      1389.05 |                 11.67 |                    0.10 |    914 |   104.0692 |
|        1 |        202 |          1395.40 |      1038.23 |      1399.47 |                 28.58 |                    0.10 |    915 |   104.1562 |
|        1 |        203 |          1395.40 |      1038.23 |      1408.80 |                 30.05 |                    0.10 |    915 |   104.3528 |
|        1 |        204 |          1395.40 |      1038.23 |      1410.70 |                 42.47 |                    0.10 |    915 |   104.4429 |
|        1 |        205 |          1395.40 |      1038.23 |      1410.90 |                 19.76 |                    0.10 |    915 |   104.5750 |
|        1 |        206 |          1395.40 |      1038.23 |      1409.70 |                 13.96 |                    0.10 |    915 |   104.7382 |
|        1 |        207 |          1395.40 |      1038.23 |      1408.50 |                 10.93 |                    0.10 |    915 |   104.8404 |
|        1 |        208 |          1395.40 |      1038.23 |      1402.31 |                 18.63 |                    0.10 |    916 |   104.9559 |
|        1 |        209 |          1395.40 |      1038.23 |      1421.51 |                 55.65 |                    0.10 |    916 |   105.0448 |
|        1 |        210 |          1395.40 |      1038.23 |      1414.30 |                 28.61 |                    0.10 |    916 |   105.1333 |
|        1 |        211 |          1395.40 |      1038.23 |      1414.30 |                 12.05 |                    0.10 |    916 |   105.2148 |
|        1 |        212 |          1395.40 |      1038.23 |      1405.23 |                 19.88 |                    0.10 |    916 |   105.3549 |
|        1 |        213 |          1395.40 |      1038.23 |      1411.49 |                 39.07 |                    0.10 |    917 |   105.4315 |
|        1 |        214 |          1395.40 |      1038.23 |      1431.05 |                 44.73 |                    0.10 |    917 |   105.5047 |
|        1 |        215 |          1395.40 |      1038.23 |      1437.81 |                 24.68 |                    0.10 |    917 |   105.5775 |
|        1 |        216 |          1395.40 |      1038.23 |      1420.42 |                 21.76 |                    0.10 |    917 |   105.6675 |
|        1 |        217 |          1395.40 |      1038.23 |      1403.85 |                 13.92 |                    0.10 |    917 |   105.9327 |
|        1 |        218 |          1395.40 |      1038.23 |      1370.66 |                 30.48 |                    0.10 |    917 |   106.0406 |
|        1 |        219 |          1395.40 |      1038.23 |      1412.30 |                 13.76 |                    0.10 |    918 |   106.1204 |
|        1 |        220 |          1395.40 |      1038.23 |      1373.10 |                 29.08 |                    0.10 |    920 |   106.3059 |
|        1 |        221 |          1395.40 |      1038.23 |      1451.30 |                 15.99 |                    0.10 |    922 |   106.4626 |
|        1 |        222 |          1395.40 |      1038.23 |      1452.40 |                 27.04 |                    0.10 |    922 |   106.5316 |
|        1 |        223 |          1395.40 |      1038.23 |      1402.54 |                 18.15 |                    0.10 |    922 |   106.8350 |
|        1 |        224 |          1395.40 |      1038.23 |      1403.14 |                 24.71 |                    0.10 |    922 |   107.0366 |
|        1 |        225 |          1395.40 |      1038.23 |      1417.56 |                 51.57 |                    0.10 |    922 |   107.1120 |
|        1 |        226 |          1395.40 |      1038.23 |      1435.20 |                 33.03 |                    0.10 |    923 |   107.2013 |
|        1 |        227 |          1395.40 |      1038.23 |      1408.30 |                 13.09 |                    0.10 |    923 |   107.2994 |
|        1 |        228 |          1395.40 |      1038.23 |      1406.48 |                 23.06 |                    0.10 |    926 |   107.3638 |
|        1 |        229 |          1395.40 |      1038.23 |      1438.16 |                 30.68 |                    0.10 |    926 |   107.4393 |
|        1 |        230 |          1395.40 |      1038.23 |      1426.16 |                 19.12 |                    0.10 |    927 |   107.6486 |
|        1 |        231 |          1395.40 |      1038.23 |      1425.82 |                 21.68 |                    0.10 |    927 |   107.7228 |
|        1 |        232 |          1395.40 |      1038.23 |      1427.00 |                 25.77 |                    0.10 |    927 |   107.8497 |
|        1 |        233 |          1395.40 |      1038.23 |      1419.55 |                 53.28 |                    0.10 |    927 |   107.9109 |
|        1 |        234 |          1395.40 |      1038.23 |      1391.76 |                  8.93 |                    0.10 |    928 |   108.2131 |
|        1 |        235 |          1395.40 |      1038.23 |      1376.38 |                 19.01 |                    0.10 |    928 |   108.2804 |
|        1 |        236 |          1395.40 |      1038.23 |      1407.80 |                 29.62 |                    0.10 |    929 |   108.4115 |
|        1 |        237 |          1395.40 |      1038.23 |      1418.44 |                 27.10 |                    0.10 |    932 |   108.5591 |
|        1 |        238 |          1395.40 |      1038.23 |      1429.91 |                 27.49 |                    0.10 |    933 |   108.6481 |
|        1 |        239 |          1395.40 |      1038.23 |      1411.60 |                 17.69 |                    0.10 |    935 |   108.8384 |
|        1 |        240 |          1395.40 |      1038.23 |      1406.00 |                 12.50 |                    0.10 |    935 |   108.9693 |
|        1 |        241 |          1395.40 |      1038.23 |      1409.41 |                 30.29 |                    0.10 |    936 |   109.0450 |
|        1 |        242 |          1395.40 |      1038.23 |      1461.56 |                 43.59 |                    0.10 |    937 |   109.1444 |
|        1 |        243 |          1395.40 |      1038.23 |      1420.30 |                 18.65 |                    0.10 |    937 |   109.2835 |
|        1 |        244 |          1395.40 |      1038.23 |      1381.73 |                 13.95 |                    0.10 |    939 |   109.4485 |
|        1 |        245 |          1395.40 |      1038.23 |      1400.80 |                 10.15 |                    0.10 |    939 |   109.5696 |
|        1 |        246 |          1395.40 |      1038.23 |      1398.10 |                  6.63 |                    0.10 |    939 |   109.6602 |
|        1 |        247 |          1395.40 |      1038.23 |      1360.22 |                 12.03 |                    0.10 |    939 |   109.7313 |
|        1 |        248 |          1395.40 |      1038.23 |      1388.78 |                 27.19 |                    0.10 |    939 |   109.8002 |
|        1 |        249 |          1395.40 |      1038.23 |      1440.10 |                 48.57 |                    0.10 |    940 |   109.9506 |
|        1 |        250 |          1395.40 |      1038.23 |      1452.56 |                 58.53 |                    0.10 |    940 |   110.0095 |
|        1 |        251 |          1395.40 |      1038.23 |      1407.20 |                 12.94 |                    0.10 |    940 |   110.1467 |
|        1 |        252 |          1395.40 |      1038.23 |      1402.77 |                 15.83 |                    0.10 |    940 |   110.2913 |
|        1 |        253 |          1395.40 |      1038.23 |      1418.50 |                 14.39 |                    0.10 |    941 |   110.3749 |
|        1 |        254 |          1395.40 |      1038.23 |      1402.00 |                 16.96 |                    0.10 |    941 |   110.4698 |
|        1 |        255 |          1395.40 |      1038.23 |      1407.10 |                 20.62 |                    0.10 |    941 |   110.5417 |
|        1 |        256 |          1395.40 |      1038.23 |      1407.10 |                 13.36 |                    0.10 |    941 |   110.6126 |
|        1 |        257 |          1395.40 |      1038.23 |      1405.00 |                 15.76 |                    0.10 |    941 |   110.6802 |
|        1 |        258 |          1395.40 |      1038.23 |      1379.78 |                 17.06 |                    0.10 |    942 |   110.8417 |
|        1 |        259 |          1395.40 |      1038.23 |      1415.08 |                 18.21 |                    0.10 |    942 |   110.9191 |
|        1 |        260 |          1395.40 |      1038.23 |      1416.60 |                  9.65 |                    0.10 |    942 |   110.9892 |
|        1 |        261 |          1395.40 |      1038.23 |      1438.47 |                 35.86 |                    0.10 |    942 |   111.1043 |
|        1 |        262 |          1395.40 |      1038.23 |      1470.20 |                 51.53 |                    0.10 |    944 |   111.2205 |
|        1 |        263 |          1395.40 |      1038.23 |      1434.50 |                 25.76 |                    0.10 |    944 |   111.4200 |
|        1 |        264 |          1395.40 |      1038.23 |      1453.30 |                 19.17 |                    0.10 |    944 |   111.4953 |
|        1 |        265 |          1395.40 |      1038.23 |      1435.80 |                  8.71 |                    0.10 |    946 |   111.6284 |
|        1 |        266 |          1395.40 |      1038.23 |      1359.69 |                 13.60 |                    0.12 |    946 |   111.7012 |
|        1 |        267 |          1395.40 |      1038.23 |      1397.68 |                 29.86 |                    0.15 |    948 |   111.7670 |
|        1 |        268 |          1395.40 |      1038.23 |      1450.74 |                 28.53 |                    0.10 |    949 |   111.8505 |
|        1 |        269 |          1395.40 |      1038.23 |      1416.39 |                 31.40 |                    0.10 |    951 |   112.0540 |
|        1 |        270 |          1395.40 |      1038.23 |      1426.20 |                 17.83 |                    0.10 |    953 |   112.1409 |
|        1 |        271 |          1395.40 |      1038.23 |      1400.80 |                  8.58 |                    0.10 |    953 |   112.3117 |
|        1 |        272 |          1395.40 |      1038.23 |      1340.07 |                 20.90 |                    0.10 |    953 |   112.4713 |
|        1 |        273 |          1395.40 |      1038.23 |      1416.28 |                 29.24 |                    0.10 |    954 |   112.5355 |
|        1 |        274 |          1395.40 |      1038.23 |      1407.00 |                 15.47 |                    0.10 |    954 |   112.6270 |
|        1 |        275 |          1395.40 |      1038.23 |      1414.10 |                 14.93 |                    0.10 |    954 |   112.7094 |
|        1 |        276 |          1395.40 |      1038.23 |      1382.74 |                 15.63 |                    0.10 |    957 |   112.9178 |
|        1 |        277 |          1395.40 |      1038.23 |      1411.96 |                 16.71 |                    0.10 |    957 |   112.9740 |
|        1 |        278 |          1395.40 |      1038.23 |      1405.20 |                 23.56 |                    0.10 |    959 |   113.0699 |
|        1 |        279 |          1395.40 |      1038.23 |      1407.20 |                 13.80 |                    0.10 |    959 |   113.1464 |
|        1 |        280 |          1395.40 |      1038.23 |      1407.20 |                 15.04 |                    0.10 |    959 |   113.2136 |
|        1 |        281 |          1395.40 |      1038.23 |      1410.20 |                  9.55 |                    0.10 |    959 |   113.3012 |
|        1 |        282 |          1395.40 |      1038.23 |      1382.13 |                  8.24 |                    0.10 |    959 |   113.4316 |
|        1 |        283 |          1395.40 |      1038.23 |      1381.84 |                 19.01 |                    0.10 |    959 |   113.5047 |
|        1 |        284 |          1395.40 |      1038.23 |      1400.20 |                 15.10 |                    0.10 |    959 |   113.6609 |
|        1 |        285 |          1395.40 |      1038.23 |      1372.79 |                  9.62 |                    0.10 |    960 |   113.8192 |
|        1 |        286 |          1395.40 |      1038.23 |      1365.18 |                 19.70 |                    0.14 |    961 |   113.8793 |
|        1 |        287 |          1395.40 |      1038.23 |      1432.10 |                 18.63 |                    0.10 |    963 |   113.9678 |
|        1 |        288 |          1395.40 |      1038.23 |      1400.60 |                  7.15 |                    0.10 |    963 |   114.0833 |
|        1 |        289 |          1395.40 |      1038.23 |      1368.52 |                 16.32 |                    0.15 |    963 |   114.1596 |
|        1 |        290 |          1395.40 |      1038.23 |      1412.30 |                 10.43 |                    0.10 |    963 |   114.2782 |
|        1 |        291 |          1395.40 |      1038.23 |      1414.24 |                 17.93 |                    0.10 |    964 |   114.4282 |
|        1 |        292 |          1395.40 |      1038.23 |      1411.50 |                 19.91 |                    0.10 |    964 |   114.5295 |
|        1 |        293 |          1395.40 |      1038.23 |      1401.20 |                 10.26 |                    0.10 |    964 |   114.7692 |
|        1 |        294 |          1395.40 |      1038.23 |      1373.82 |                 14.17 |                    0.10 |    964 |   114.8927 |
|        1 |        295 |          1395.40 |      1038.23 |      1391.39 |                 15.13 |                    0.10 |    964 |   114.9611 |
|        1 |        296 |          1395.40 |      1038.23 |      1392.07 |                 19.32 |                    0.10 |    964 |   115.0521 |
|        1 |        297 |          1395.40 |      1038.23 |      1413.13 |                 11.78 |                    0.10 |    964 |   115.1272 |
|        1 |        298 |          1395.40 |      1038.23 |      1383.14 |                 23.41 |                    0.10 |    964 |   115.1851 |
|        1 |        299 |          1395.40 |      1038.23 |      1415.20 |                 21.42 |                    0.10 |    965 |   115.3270 |
|        1 |        300 |          1395.40 |      1038.23 |      1432.10 |                  9.20 |                    0.10 |    967 |   115.4162 |
|        1 |        301 |          1395.40 |      1038.23 |      1403.16 |                 17.52 |                    0.10 |    967 |   115.4968 |
|        1 |        302 |          1395.40 |      1038.23 |      1429.24 |                 19.47 |                    0.10 |    967 |   115.5665 |
|        1 |        303 |          1395.40 |      1038.23 |      1372.15 |                 20.12 |                    0.10 |    967 |   115.8230 |
|        1 |        304 |          1395.40 |      1038.23 |      1402.10 |                 17.93 |                    0.10 |    967 |   115.9052 |
|        1 |        305 |          1395.40 |      1038.23 |      1404.50 |                  8.87 |                    0.10 |    967 |   115.9666 |
|        1 |        306 |          1395.40 |      1038.23 |      1411.60 |                 10.13 |                    0.10 |    968 |   116.0818 |
|        1 |        307 |          1395.40 |      1038.23 |      1396.85 |                  7.46 |                    0.10 |    968 |   116.1633 |
|        1 |        308 |          1395.40 |      1038.23 |      1392.01 |                  8.37 |                    0.10 |    968 |   116.2390 |
|        1 |        309 |          1395.40 |      1038.23 |      1390.18 |                 10.08 |                    0.10 |    969 |   116.3166 |
|        1 |        310 |          1395.40 |      1038.23 |      1393.13 |                 14.36 |                    0.10 |    969 |   116.4080 |
|        1 |        311 |          1395.40 |      1038.23 |      1392.56 |                 24.80 |                    0.10 |    970 |   116.6131 |
|        1 |        312 |          1395.40 |      1038.23 |      1448.98 |                 19.22 |                    0.10 |    971 |   116.6916 |
|        1 |        313 |          1395.40 |      1038.23 |      1427.89 |                 21.74 |                    0.10 |    973 |   116.7959 |
|        1 |        314 |          1395.40 |      1038.23 |      1422.98 |                 28.04 |                    0.10 |    973 |   116.8762 |
|        1 |        315 |          1395.40 |      1038.23 |      1454.10 |                 28.67 |                    0.10 |    975 |   116.9901 |
|        1 |        316 |          1395.40 |      1038.23 |      1406.40 |                  7.81 |                    0.10 |    975 |   117.1418 |
|        1 |        317 |          1395.40 |      1038.23 |      1423.35 |                 19.13 |                    0.10 |    977 |   117.2098 |
|        1 |        318 |          1395.40 |      1038.23 |      1409.30 |                  9.84 |                    0.10 |    977 |   117.2817 |
|        1 |        319 |          1395.40 |      1038.23 |      1409.30 |                 14.60 |                    0.10 |    977 |   117.3620 |
|        1 |        320 |          1395.40 |      1038.23 |      1402.42 |                 19.34 |                    0.10 |    977 |   117.4935 |
|        1 |        321 |          1395.40 |      1038.23 |      1422.22 |                 28.09 |                    0.10 |    980 |   117.5955 |
|        1 |        322 |          1395.40 |      1038.23 |      1424.09 |                 46.57 |                    0.10 |    984 |   117.6703 |
|        1 |        323 |          1395.40 |      1038.23 |      1393.09 |                 20.64 |                    0.13 |    984 |   117.8778 |
|        1 |        324 |          1395.40 |      1038.23 |      1415.50 |                 12.99 |                    0.10 |    985 |   118.0693 |
|        1 |        325 |          1395.40 |      1038.23 |      1398.62 |                 21.73 |                    0.10 |    985 |   118.1467 |
|        1 |        326 |          1395.40 |      1038.23 |      1433.74 |                 47.70 |                    0.10 |    985 |   118.2068 |
|        1 |        327 |          1395.40 |      1038.23 |      1414.90 |                 21.53 |                    0.10 |    985 |   118.2924 |
|        1 |        328 |          1395.40 |      1038.23 |      1411.10 |                 20.57 |                    0.10 |    985 |   118.3835 |
|        1 |        329 |          1395.40 |      1038.23 |      1408.40 |                 20.04 |                    0.10 |    985 |   118.4700 |
|        1 |        330 |          1395.40 |      1038.23 |      1414.10 |                  9.91 |                    0.10 |    985 |   118.5347 |
|        1 |        331 |          1395.40 |      1038.23 |      1414.00 |                  7.37 |                    0.10 |    985 |   118.6195 |
|        1 |        332 |          1395.40 |      1038.23 |      1408.40 |                 14.04 |                    0.11 |    985 |   118.7102 |
|        1 |        333 |          1395.40 |      1038.23 |      1379.63 |                 18.78 |                    0.13 |    985 |   118.8392 |
|        1 |        334 |          1395.40 |      1038.23 |      1434.70 |                 10.25 |                    0.10 |    985 |   119.0793 |
|        1 |        335 |          1395.40 |      1038.23 |      1388.89 |                 10.08 |                    0.10 |    985 |   119.1726 |
|        1 |        336 |          1395.40 |      1038.23 |      1393.96 |                 20.03 |                    0.10 |    985 |   119.2242 |
|        1 |        337 |          1395.40 |      1038.23 |      1417.25 |                 14.61 |                    0.10 |    985 |   119.3087 |
|        1 |        338 |          1395.40 |      1038.23 |      1405.10 |                 37.97 |                    0.10 |    985 |   119.3810 |
|        1 |        339 |          1395.40 |      1038.23 |      1423.60 |                 32.52 |                    0.10 |    986 |   119.4531 |
|        1 |        340 |          1395.40 |      1038.23 |      1408.40 |                  8.97 |                    0.10 |    986 |   119.5791 |
|        1 |        341 |          1395.40 |      1038.23 |      1414.47 |                 21.45 |                    0.11 |    988 |   119.6943 |
|        1 |        342 |          1395.40 |      1038.23 |      1471.87 |                 28.82 |                    0.10 |    989 |   119.7647 |
|        1 |        343 |          1395.40 |      1038.23 |      1402.80 |                 11.86 |                    0.10 |    989 |   119.8825 |
------------------------------------------------------------------------------------------------------------------------------------------------
|  Restart |  Iteration |  Best Feas. Cost |    Best Cost |   Curr. Cost |   Penalty Custom Res. |   Penalty Standard Res. |   Pool |   Time (s) |
------------------------------------------------------------------------------------------------------------------------------------------------
|        1 |        344 |          1395.40 |      1038.23 |      1406.60 |                 13.52 |                    0.10 |    989 |   120.0180 |
|        1 |        345 |          1395.40 |      1038.23 |      1404.11 |                 11.41 |                    0.10 |    989 |   120.1697 |
|        1 |        346 |          1395.40 |      1038.23 |      1404.40 |                 11.80 |                    0.10 |    989 |   120.2658 |
|        1 |        347 |          1395.40 |      1038.23 |      1404.36 |                 28.04 |                    0.10 |    989 |   120.3377 |
|        1 |        348 |          1395.40 |      1038.23 |      1421.36 |                 39.22 |                    0.10 |    989 |   120.4007 |
|        1 |        349 |          1395.40 |      1038.23 |      1410.00 |                 38.22 |                    0.10 |    989 |   120.4864 |
|        1 |        350 |          1395.40 |      1038.23 |      1437.70 |                 13.28 |                    0.10 |    990 |   120.5860 |
|        1 |        351 |          1395.40 |      1038.23 |      1397.63 |                 37.92 |                    0.10 |    990 |   120.7484 |
|        1 |        352 |          1395.40 |      1038.23 |      1438.50 |                 28.45 |                    0.10 |    991 |   120.8673 |
|        1 |        353 |          1395.40 |      1038.23 |      1467.00 |                 60.59 |                    0.10 |    992 |   120.9310 |
|        1 |        354 |          1395.40 |      1038.23 |      1436.00 |                 26.78 |                    0.10 |    992 |   121.0221 |
|        1 |        355 |          1395.40 |      1038.23 |      1451.22 |                 32.48 |                    0.10 |    992 |   121.1259 |
|        1 |        356 |          1395.40 |      1038.23 |      1436.40 |                 12.80 |                    0.10 |    996 |   121.2957 |
|        1 |        357 |          1395.40 |      1038.23 |      1415.75 |                 15.38 |                    0.10 |    996 |   121.3950 |
|        1 |        358 |          1395.40 |      1038.23 |      1432.10 |                 28.42 |                    0.10 |    996 |   121.4857 |
|        1 |        359 |          1395.40 |      1038.23 |      1432.10 |                 12.84 |                    0.10 |    996 |   121.5572 |
|        1 |        360 |          1395.40 |      1038.23 |      1441.66 |                 13.03 |                    0.10 |    997 |   121.6319 |
|        1 |        361 |          1395.40 |      1038.23 |      1441.86 |                 32.87 |                    0.10 |    997 |   121.7067 |
|        1 |        362 |          1395.40 |      1038.23 |      1457.73 |                 20.22 |                    0.10 |    997 |   121.8095 |
|        1 |        363 |          1395.40 |      1038.23 |      1409.64 |                 28.77 |                    0.10 |    997 |   121.9246 |
|        1 |        364 |          1395.40 |      1038.23 |      1422.40 |                 23.61 |                    0.10 |    997 |   122.0400 |
|        1 |        365 |          1395.40 |      1038.23 |      1411.60 |                 30.99 |                    0.10 |    997 |   122.1619 |
|        1 |        366 |          1395.40 |      1038.23 |      1409.50 |                 10.04 |                    0.10 |    997 |   122.2693 |
|        1 |        367 |          1395.40 |      1038.23 |      1403.44 |                 14.86 |                    0.10 |    997 |   122.4212 |
|        1 |        368 |          1395.40 |      1038.23 |      1415.36 |                 31.97 |                    0.10 |    998 |   122.4835 |
|        1 |        369 |          1395.40 |      1038.23 |      1411.20 |                 15.00 |                    0.10 |    998 |   122.5763 |
|        1 |        370 |          1395.40 |      1038.23 |      1407.00 |                 20.28 |                    0.10 |    998 |   122.6987 |
|        1 |        371 |          1395.40 |      1038.23 |      1407.00 |                 13.81 |                    0.10 |    998 |   122.7660 |
|        1 |        372 |          1395.40 |      1038.23 |      1400.61 |                 21.32 |                    0.10 |    998 |   122.8557 |
|        1 |        373 |          1395.40 |      1038.23 |      1404.10 |                 13.92 |                    0.10 |    998 |   122.9474 |
|        1 |        374 |          1395.40 |      1038.23 |      1371.33 |                 18.23 |                    0.10 |    998 |   123.0985 |
|        1 |        375 |          1395.40 |      1038.23 |      1436.84 |                 45.10 |                    0.10 |   1000 |   123.1650 |
|        1 |        376 |          1395.40 |      1038.23 |      1413.80 |                 28.23 |                    0.10 |   1002 |   123.2959 |
|        1 |        377 |          1395.40 |      1038.23 |      1404.20 |                 23.66 |                    0.10 |   1002 |   123.4022 |
|        1 |        378 |          1395.40 |      1038.23 |      1405.40 |                  8.48 |                    0.10 |   1002 |   123.4862 |
|        1 |        379 |          1395.40 |      1038.23 |      1360.00 |                 20.74 |                    0.10 |   1002 |   123.5703 |
|        1 |        380 |          1395.40 |      1038.23 |      1382.62 |                 21.92 |                    0.10 |   1002 |   123.6430 |
|        1 |        381 |          1395.40 |      1038.23 |      1385.01 |                 11.39 |                    0.10 |   1002 |   123.7160 |
|        1 |        382 |          1395.40 |      1038.23 |      1379.22 |                 28.98 |                    0.10 |   1002 |   123.8081 |
|        1 |        383 |          1395.40 |      1038.23 |      1405.38 |                 18.02 |                    0.10 |   1002 |   123.8820 |
|        1 |        384 |          1395.40 |      1038.23 |      1378.04 |                 12.39 |                    0.10 |   1002 |   123.9603 |
|        1 |        385 |          1395.40 |      1038.23 |      1366.78 |                 25.10 |                    0.10 |   1002 |   124.0267 |
|        1 |        386 |          1395.40 |      1038.23 |      1394.55 |                 22.36 |                    0.10 |   1002 |   124.1161 |
|        1 |        387 |          1395.40 |      1038.23 |      1404.70 |                 30.93 |                    0.10 |   1002 |   124.2110 |
|        1 |        388 |          1395.40 |      1038.23 |      1404.70 |                 15.44 |                    0.10 |   1002 |   124.2894 |
|        1 |        389 |          1395.40 |      1038.23 |      1390.98 |                 20.76 |                    0.10 |   1004 |   124.3605 |
|        1 |        390 |          1395.40 |      1038.23 |      1424.05 |                 17.61 |                    0.10 |   1005 |   124.4315 |
|        1 |        391 |          1395.40 |      1038.23 |      1419.92 |                 36.77 |                    0.10 |   1007 |   124.4883 |
|        1 |        392 |          1395.40 |      1038.23 |      1427.50 |                 33.41 |                    0.10 |   1008 |   124.5822 |
|        1 |        393 |          1395.40 |      1038.23 |      1405.10 |                 25.26 |                    0.10 |   1008 |   124.7447 |
|        1 |        394 |          1395.40 |      1038.23 |      1402.60 |                 10.09 |                    0.10 |   1008 |   124.8596 |
|        1 |        395 |          1395.40 |      1038.23 |      1365.67 |                 15.55 |                    0.14 |   1008 |   124.9651 |
|        1 |        396 |          1395.40 |      1038.23 |      1394.77 |                 16.64 |                    0.10 |   1008 |   125.1569 |
|        1 |        397 |          1395.40 |      1038.23 |      1446.08 |                 52.26 |                    0.10 |   1009 |   125.2391 |
|        1 |        398 |          1395.40 |      1038.23 |      1439.00 |                 35.78 |                    0.10 |   1011 |   125.3878 |
|        1 |        399 |          1395.40 |      1038.23 |      1433.20 |                 16.17 |                    0.10 |   1012 |   125.4521 |
|        1 |        400 |          1395.40 |      1038.23 |      1367.41 |                 20.41 |                    0.10 |   1012 |   125.5544 |
|        1 |        401 |          1395.40 |      1038.23 |      1380.93 |                 15.98 |                    0.10 |   1012 |   125.6281 |
|        1 |        402 |          1395.40 |      1038.23 |      1365.00 |                 25.70 |                    0.10 |   1013 |   125.6958 |
|        1 |        403 |          1395.40 |      1038.23 |      1400.70 |                 16.97 |                    0.10 |   1013 |   125.7815 |
|        1 |        404 |          1395.40 |      1038.23 |      1382.92 |                 39.14 |                    0.10 |   1014 |   125.8437 |
|        1 |        405 |          1395.40 |      1038.23 |      1400.00 |                 20.13 |                    0.10 |   1015 |   125.9119 |
|        1 |        406 |          1395.40 |      1038.23 |      1404.90 |                  7.66 |                    0.10 |   1015 |   125.9942 |
|        1 |        407 |          1395.40 |      1038.23 |      1330.29 |                 14.44 |                    0.17 |   1015 |   126.0893 |
|        1 |        408 |          1395.40 |      1038.23 |      1376.08 |                 23.94 |                    0.15 |   1015 |   126.1526 |
|        1 |        409 |          1395.40 |      1038.23 |      1408.20 |                 14.91 |                    0.10 |   1015 |   126.3578 |
|        1 |        410 |          1395.40 |      1038.23 |      1410.00 |                 16.07 |                    0.10 |   1015 |   126.4272 |
|        1 |        411 |          1395.40 |      1038.23 |      1377.90 |                 10.45 |                    0.10 |   1015 |   126.5735 |
|        1 |        412 |          1395.40 |      1038.23 |      1391.82 |                 15.37 |                    0.10 |   1016 |   126.6422 |
|        1 |        413 |          1395.40 |      1038.23 |      1407.50 |                 12.14 |                    0.10 |   1016 |   126.7365 |
|        1 |        414 |          1395.40 |      1038.23 |      1410.06 |                 13.84 |                    0.14 |   1019 |   126.8637 |
|        1 |        415 |          1395.40 |      1038.23 |      1440.20 |                 12.31 |                    0.10 |   1019 |   126.9812 |
|        1 |        416 |          1395.40 |      1038.23 |      1412.10 |                 18.08 |                    0.10 |   1019 |   127.0679 |
|        1 |        417 |          1395.40 |      1038.23 |      1432.76 |                 34.45 |                    0.10 |   1020 |   127.1443 |
|        1 |        418 |          1395.40 |      1038.23 |      1428.60 |                 17.83 |                    0.10 |   1021 |   127.2775 |
|        1 |        419 |          1395.40 |      1038.23 |      1376.67 |                 19.85 |                    0.10 |   1021 |   127.4730 |
|        1 |        420 |          1395.40 |      1038.23 |      1411.40 |                 11.52 |                    0.10 |   1021 |   127.5346 |
|        1 |        421 |          1395.40 |      1038.23 |      1375.68 |                 16.10 |                    0.10 |   1021 |   127.7585 |
|        1 |        422 |          1395.40 |      1038.23 |      1403.00 |                 15.67 |                    0.10 |   1021 |   127.8757 |
|        1 |        423 |          1395.40 |      1038.23 |      1399.63 |                 30.35 |                    0.10 |   1021 |   128.0033 |
|        1 |        424 |          1395.40 |      1038.23 |      1436.80 |                 33.02 |                    0.10 |   1021 |   128.0843 |
|        1 |        425 |          1395.40 |      1038.23 |      1409.20 |                 19.51 |                    0.10 |   1021 |   128.1791 |
|        1 |        426 |          1395.40 |      1038.23 |      1395.13 |                 40.03 |                    0.10 |   1023 |   128.3499 |
|        1 |        427 |          1395.40 |      1038.23 |      1405.10 |                 13.21 |                    0.10 |   1023 |   128.4854 |
|        1 |        428 |          1395.40 |      1038.23 |      1404.00 |                  5.39 |                    0.10 |   1023 |   128.5769 |
|        1 |        429 |          1395.40 |      1038.23 |      1361.41 |                 12.65 |                    0.10 |   1023 |   128.6868 |
|        1 |        430 |          1395.40 |      1038.23 |      1386.68 |                 16.67 |                    0.10 |   1023 |   128.7478 |
|        1 |        431 |          1395.40 |      1038.23 |      1399.50 |                 25.16 |                    0.10 |   1025 |   128.8725 |
|        1 |        432 |          1395.40 |      1038.23 |      1392.38 |                 20.09 |                    0.10 |   1025 |   128.9482 |
|        1 |        433 |          1395.40 |      1038.23 |      1385.81 |                 22.99 |                    0.10 |   1025 |   129.0257 |
|        1 |        434 |          1395.40 |      1038.23 |      1399.98 |                 51.71 |                    0.10 |   1025 |   129.1665 |
|        1 |        435 |          1395.40 |      1038.23 |      1419.40 |                 11.76 |                    0.10 |   1028 |   129.3277 |
|        1 |        436 |          1395.40 |      1038.23 |      1403.32 |                 26.33 |                    0.10 |   1028 |   129.3924 |
|        1 |        437 |          1395.40 |      1038.23 |      1387.22 |                 33.89 |                    0.10 |   1029 |   129.5046 |
|        1 |        438 |          1395.40 |      1038.23 |      1404.30 |                 10.61 |                    0.10 |   1029 |   129.6675 |
|        1 |        439 |          1395.40 |      1038.23 |      1402.50 |                 13.70 |                    0.10 |   1029 |   129.7421 |
|        1 |        440 |          1395.40 |      1038.23 |      1359.91 |                 17.05 |                    0.10 |   1031 |   129.9147 |
|        1 |        441 |          1395.40 |      1038.23 |      1414.27 |                 11.14 |                    0.10 |   1031 |   129.9931 |
|        1 |        442 |          1395.40 |      1038.23 |      1371.27 |                 13.12 |                    0.10 |   1031 |   130.0986 |
|        1 |        443 |          1395.40 |      1038.23 |      1394.89 |                 33.73 |                    0.10 |   1031 |   130.1829 |
|        1 |          0 |          1394.70 |      1038.23 |      1394.70 |                 15.99 |                    0.10 |   1031 |   130.2742 |
|        1 |          0 |          1393.90 |      1038.23 |      1393.90 |                 14.83 |                    0.10 |   1031 |   130.3550 |
|        1 |          1 |          1393.90 |      1038.23 |      1398.90 |                 17.45 |                    0.10 |   1031 |   130.4668 |
|        1 |          2 |          1393.90 |      1038.23 |      1398.90 |                 19.96 |                    0.10 |   1031 |   130.5472 |
|        1 |          3 |          1393.90 |      1038.23 |      1399.50 |                 13.82 |                    0.10 |   1031 |   130.6581 |
|        1 |          4 |          1393.90 |      1038.23 |      1397.30 |                  9.22 |                    0.10 |   1031 |   130.7276 |
|        1 |          5 |          1393.90 |      1038.23 |      1396.62 |                 13.68 |                    0.10 |   1031 |   130.8093 |
|        1 |          6 |          1393.90 |      1038.23 |      1397.30 |                  6.57 |                    0.10 |   1031 |   130.8666 |
|        1 |          7 |          1393.90 |      1038.23 |      1395.40 |                 13.71 |                    0.10 |   1031 |   130.9248 |
|        1 |          8 |          1393.90 |      1038.23 |      1367.82 |                 15.65 |                    0.21 |   1031 |   131.0400 |
|        1 |          9 |          1393.90 |      1038.23 |      1381.83 |                  8.60 |                    0.10 |   1031 |   131.1651 |
|        1 |         10 |          1393.90 |      1038.23 |      1396.59 |                 14.10 |                    0.10 |   1033 |   131.2531 |
|        1 |         11 |          1393.90 |      1038.23 |      1427.16 |                 15.37 |                    0.10 |   1033 |   131.3193 |
|        1 |         12 |          1393.90 |      1038.23 |      1325.42 |                 28.08 |                    0.10 |   1033 |   131.6041 |
|        1 |         13 |          1393.90 |      1038.23 |      1464.75 |                 29.06 |                    0.10 |   1036 |   131.6926 |
|        1 |         14 |          1393.90 |      1038.23 |      1473.80 |                 22.48 |                    0.10 |   1039 |   131.7965 |
|        1 |         15 |          1393.90 |      1038.23 |      1417.50 |                 16.21 |                    0.10 |   1039 |   132.0691 |
|        1 |         16 |          1393.90 |      1038.23 |      1402.30 |                 35.51 |                    0.10 |   1039 |   132.1525 |
|        1 |         17 |          1393.90 |      1038.23 |      1402.30 |                 15.41 |                    0.10 |   1039 |   132.2207 |
|        1 |         18 |          1393.90 |      1038.23 |      1402.30 |                 13.75 |                    0.10 |   1039 |   132.2845 |
|        1 |         19 |          1393.90 |      1038.23 |      1402.30 |                  8.72 |                    0.10 |   1039 |   132.3648 |
|        1 |         20 |          1393.90 |      1038.23 |      1400.75 |                  9.69 |                    0.10 |   1039 |   132.4293 |
|        1 |         21 |          1393.90 |      1038.23 |      1401.10 |                 10.76 |                    0.10 |   1039 |   132.5048 |
|        1 |         22 |          1393.90 |      1038.23 |      1402.30 |                 20.29 |                    0.10 |   1039 |   132.5889 |
|        1 |         23 |          1393.90 |      1038.23 |      1402.30 |                 22.10 |                    0.16 |   1039 |   132.6544 |
|        1 |         24 |          1393.90 |      1038.23 |      1398.66 |                 15.44 |                    0.10 |   1039 |   132.7856 |
|        1 |         25 |          1393.90 |      1038.23 |      1402.21 |                 30.64 |                    0.10 |   1039 |   132.8523 |
|        1 |         26 |          1393.90 |      1038.23 |      1420.03 |                 45.05 |                    0.10 |   1039 |   132.9202 |
|        1 |         27 |          1393.90 |      1038.23 |      1404.20 |                 14.29 |                    0.10 |   1039 |   133.0502 |
|        1 |         28 |          1393.90 |      1038.23 |      1364.84 |                 18.15 |                    0.10 |   1039 |   133.2132 |
|        1 |         29 |          1393.90 |      1038.23 |      1396.69 |                 21.62 |                    0.10 |   1040 |   133.2934 |
|        1 |         30 |          1393.90 |      1038.23 |      1406.40 |                 22.07 |                    0.10 |   1040 |   133.4357 |
|        1 |         31 |          1393.90 |      1038.23 |      1407.40 |                 20.38 |                    0.10 |   1040 |   133.5813 |
|        1 |         32 |          1393.90 |      1038.23 |      1407.40 |                  9.02 |                    0.10 |   1040 |   133.6612 |
|        1 |         33 |          1393.90 |      1038.23 |      1403.46 |                 12.08 |                    0.10 |   1042 |   133.7792 |
|        1 |         34 |          1393.90 |      1038.23 |      1407.88 |                 26.22 |                    0.10 |   1042 |   133.8615 |
|        1 |         35 |          1393.90 |      1038.23 |      1425.12 |                 27.12 |                    0.10 |   1042 |   133.9562 |
|        1 |         36 |          1393.90 |      1038.23 |      1447.20 |                 13.26 |                    0.10 |   1043 |   134.0471 |
|        1 |         37 |          1393.90 |      1038.23 |      1403.09 |                 20.01 |                    0.10 |   1043 |   134.1751 |
|        1 |         38 |          1393.90 |      1038.23 |      1404.18 |                 31.35 |                    0.10 |   1043 |   134.3440 |
|        1 |         39 |          1393.90 |      1038.23 |      1420.06 |                 29.99 |                    0.10 |   1043 |   134.4141 |
|        1 |         40 |          1393.90 |      1038.23 |      1425.43 |                 44.12 |                    0.10 |   1044 |   134.4947 |
|        1 |         41 |          1393.90 |      1038.23 |      1427.20 |                 33.85 |                    0.10 |   1044 |   134.5962 |
|        1 |         42 |          1393.90 |      1038.23 |      1407.50 |                 19.51 |                    0.10 |   1044 |   134.8252 |
|        1 |         43 |          1393.90 |      1038.23 |      1404.60 |                 18.98 |                    0.10 |   1044 |   134.9764 |
|        1 |         44 |          1393.90 |      1038.23 |      1404.60 |                 25.77 |                    0.10 |   1044 |   135.0578 |
|        1 |         45 |          1393.90 |      1038.23 |      1401.00 |                 12.86 |                    0.10 |   1044 |   135.1490 |
|        1 |         46 |          1393.90 |      1038.23 |      1336.71 |                 17.20 |                    0.10 |   1044 |   135.3283 |
|        1 |         47 |          1393.90 |      1038.23 |      1406.50 |                 40.47 |                    0.10 |   1047 |   135.4317 |
|        1 |         48 |          1393.90 |      1038.23 |      1413.40 |                 34.96 |                    0.10 |   1048 |   135.5560 |
|        1 |         49 |          1393.90 |      1038.23 |      1411.10 |                 14.29 |                    0.10 |   1048 |   135.6423 |
|        1 |         50 |          1393.90 |      1038.23 |      1416.06 |                 37.88 |                    0.10 |   1048 |   135.7243 |
|        1 |         51 |          1393.90 |      1038.23 |      1423.40 |                 18.08 |                    0.10 |   1050 |   135.8943 |
|        1 |         52 |          1393.90 |      1038.23 |      1435.50 |                 34.14 |                    0.10 |   1051 |   136.0821 |
|        1 |         53 |          1393.90 |      1038.23 |      1438.50 |                  9.49 |                    0.10 |   1051 |   137.0178 |
|        1 |         54 |          1393.90 |      1038.23 |      1433.13 |                 19.59 |                    0.10 |   1051 |   137.2454 |
|        1 |         55 |          1393.90 |      1038.23 |      1435.00 |                 17.10 |                    0.10 |   1051 |   137.4390 |
|        1 |         56 |          1393.90 |      1038.23 |      1392.43 |                 40.09 |                    0.10 |   1053 |   137.7319 |
|        1 |         57 |          1393.90 |      1038.23 |      1425.20 |                 15.11 |                    0.10 |   1055 |   138.1494 |
|        1 |         58 |          1393.90 |      1038.23 |      1425.20 |                 23.57 |                    0.10 |   1055 |   138.4592 |
|        1 |         59 |          1393.90 |      1038.23 |      1381.67 |                 19.66 |                    0.10 |   1056 |   138.8972 |
|        1 |         60 |          1393.90 |      1038.23 |      1443.76 |                 23.45 |                    0.10 |   1058 |   139.0757 |
|        1 |         61 |          1393.90 |      1038.23 |      1410.30 |                 14.06 |                    0.10 |   1058 |   139.4438 |
|        1 |         62 |          1393.90 |      1038.23 |      1412.52 |                 27.89 |                    0.10 |   1058 |   139.5881 |
|        1 |         63 |          1393.90 |      1038.23 |      1411.60 |                 53.54 |                    0.10 |   1059 |   139.8412 |
------------------------------------------------------------------------------------------------------------------------------------------------
|  Restart |  Iteration |  Best Feas. Cost |    Best Cost |   Curr. Cost |   Penalty Custom Res. |   Penalty Standard Res. |   Pool |   Time (s) |
------------------------------------------------------------------------------------------------------------------------------------------------
|        1 |         64 |          1393.90 |      1038.23 |      1441.70 |                 21.66 |                    0.10 |   1062 |   140.0657 |
|        1 |         65 |          1393.90 |      1038.23 |      1403.30 |                 10.37 |                    0.11 |   1062 |   140.2619 |
|        1 |         66 |          1393.90 |      1038.23 |      1370.83 |                 17.52 |                    0.11 |   1062 |   140.4373 |
|        1 |         67 |          1393.90 |      1038.23 |      1400.88 |                 23.59 |                    0.10 |   1062 |   140.7112 |
|        1 |         68 |          1393.90 |      1038.23 |      1380.87 |                 22.53 |                    0.10 |   1064 |   141.0220 |
|        1 |         69 |          1393.90 |      1038.23 |      1424.04 |                 26.05 |                    0.10 |   1064 |   141.1020 |
|        1 |         70 |          1393.90 |      1038.23 |      1405.90 |                 11.83 |                    0.10 |   1064 |   141.2807 |
|        1 |         71 |          1393.90 |      1038.23 |      1404.10 |                 16.90 |                    0.10 |   1064 |   141.3566 |
|        1 |         72 |          1393.90 |      1038.23 |      1411.00 |                 10.31 |                    0.10 |   1066 |   141.4455 |
|        1 |         73 |          1393.90 |      1038.23 |      1413.50 |                 28.12 |                    0.10 |   1066 |   141.5483 |
|        1 |         74 |          1393.90 |      1038.23 |      1411.70 |                 10.93 |                    0.10 |   1066 |   141.6307 |
|        1 |         75 |          1393.90 |      1038.23 |      1399.87 |                 25.86 |                    0.10 |   1066 |   141.8686 |
|        1 |         76 |          1393.90 |      1038.23 |      1402.60 |                 22.80 |                    0.10 |   1066 |   141.9965 |
|        1 |         77 |          1393.90 |      1038.23 |      1401.90 |                 10.08 |                    0.10 |   1066 |   142.1207 |
|        1 |         78 |          1393.90 |      1038.23 |      1368.99 |                 15.53 |                    0.10 |   1067 |   142.2694 |
|        1 |         79 |          1393.90 |      1038.23 |      1402.50 |                 17.19 |                    0.10 |   1067 |   142.4214 |
|        1 |         80 |          1393.90 |      1038.23 |      1402.30 |                 24.51 |                    0.10 |   1067 |   142.5083 |
|        1 |         81 |          1393.90 |      1038.23 |      1399.20 |                 27.74 |                    0.10 |   1067 |   142.6164 |
|        1 |         82 |          1393.90 |      1038.23 |      1399.20 |                 13.85 |                    0.10 |   1067 |   142.7122 |
|        1 |         83 |          1393.90 |      1038.23 |      1399.20 |                  9.33 |                    0.10 |   1067 |   142.8238 |
|        1 |         84 |          1393.90 |      1038.23 |      1399.20 |                 10.69 |                    0.10 |   1067 |   142.9132 |
|        1 |         85 |          1393.90 |      1038.23 |      1365.69 |                 14.18 |                    0.10 |   1067 |   143.0547 |
|        1 |         86 |          1393.90 |      1038.23 |      1415.78 |                 30.21 |                    0.10 |   1067 |   143.1245 |
|        1 |         87 |          1393.90 |      1038.23 |      1404.60 |                 27.98 |                    0.10 |   1068 |   143.4664 |
|        1 |         88 |          1393.90 |      1038.23 |      1406.76 |                 17.02 |                    0.10 |   1069 |   143.8209 |
|        1 |         89 |          1393.90 |      1038.23 |      1418.07 |                 35.12 |                    0.10 |   1070 |   143.9268 |
|        1 |         90 |          1393.90 |      1038.23 |      1477.68 |                 37.50 |                    0.10 |   1073 |   144.0073 |
|        1 |         91 |          1393.90 |      1038.23 |      1420.00 |                 15.79 |                    0.10 |   1075 |   144.1507 |
|        1 |         92 |          1393.90 |      1038.23 |      1431.50 |                  7.97 |                    0.10 |   1075 |   144.2987 |
|        1 |         93 |          1393.90 |      1038.23 |      1395.70 |                  9.58 |                    0.10 |   1076 |   144.4198 |
|        1 |         94 |          1393.90 |      1038.23 |      1409.29 |                 14.96 |                    0.10 |   1076 |   144.5100 |
|        1 |         95 |          1393.90 |      1038.23 |      1428.65 |                 13.35 |                    0.10 |   1076 |   144.5903 |
|        1 |         96 |          1393.90 |      1038.23 |      1417.47 |                 23.99 |                    0.15 |   1077 |   144.6599 |
|        1 |         97 |          1393.90 |      1038.23 |      1457.28 |                 35.29 |                    0.10 |   1078 |   144.7299 |
|        1 |         98 |          1393.90 |      1038.23 |      1424.90 |                 13.40 |                    0.10 |   1078 |   144.8707 |
|        1 |         99 |          1393.90 |      1038.23 |      1424.80 |                 15.98 |                    0.10 |   1078 |   144.9389 |
|        1 |        100 |          1393.90 |      1038.23 |      1424.80 |                 26.21 |                    0.10 |   1078 |   145.0234 |
|        1 |        101 |          1393.90 |      1038.23 |      1422.20 |                 13.88 |                    0.10 |   1078 |   145.1107 |
|        1 |        102 |          1393.90 |      1038.23 |      1422.20 |                  6.34 |                    0.10 |   1078 |   145.1878 |
|        1 |        103 |          1393.90 |      1038.23 |      1392.58 |                 13.90 |                    0.10 |   1078 |   145.2677 |
|        1 |        104 |          1393.90 |      1038.23 |      1431.79 |                 17.25 |                    0.10 |   1079 |   145.3365 |
|        1 |        105 |          1393.90 |      1038.23 |      1390.86 |                 18.93 |                    0.10 |   1079 |   145.6263 |
|        1 |        106 |          1393.90 |      1038.23 |      1422.62 |                 18.28 |                    0.10 |   1079 |   145.7064 |
|        1 |        107 |          1393.90 |      1038.23 |      1415.20 |                  9.21 |                    0.10 |   1079 |   145.7835 |
|        1 |        108 |          1393.90 |      1038.23 |      1414.70 |                  7.19 |                    0.10 |   1079 |   145.9106 |
|        1 |        109 |          1393.90 |      1038.23 |      1394.87 |                  8.57 |                    0.10 |   1079 |   145.9799 |
|        1 |        110 |          1393.90 |      1038.23 |      1395.51 |                 18.23 |                    0.10 |   1079 |   146.0912 |
|        1 |        111 |          1393.90 |      1038.23 |      1409.80 |                 18.01 |                    0.10 |   1080 |   146.3247 |
|        1 |        112 |          1393.90 |      1038.23 |      1409.80 |                 32.97 |                    0.10 |   1080 |   146.4287 |
|        1 |        113 |          1393.90 |      1038.23 |      1413.30 |                 17.58 |                    0.10 |   1082 |   146.5939 |
|        1 |        114 |          1393.90 |      1038.23 |      1406.10 |                 18.71 |                    0.10 |   1082 |   146.7367 |
|        1 |        115 |          1393.90 |      1038.23 |      1402.50 |                 19.15 |                    0.10 |   1082 |   146.8548 |
|        1 |        116 |          1393.90 |      1038.23 |      1402.20 |                 11.53 |                    0.10 |   1082 |   146.9900 |
|        1 |        117 |          1393.90 |      1038.23 |      1391.62 |                 31.49 |                    0.10 |   1082 |   147.0838 |
|        1 |        118 |          1393.90 |      1038.23 |      1400.80 |                 28.71 |                    0.10 |   1082 |   147.3086 |
|        1 |        119 |          1393.90 |      1038.23 |      1399.20 |                 32.15 |                    0.10 |   1082 |   147.4260 |
|        1 |        120 |          1393.90 |      1038.23 |      1399.20 |                 24.20 |                    0.10 |   1082 |   147.4941 |
|        1 |        121 |          1393.90 |      1038.23 |      1399.20 |                 11.16 |                    0.10 |   1082 |   147.5709 |
|        1 |        122 |          1393.90 |      1038.23 |      1364.52 |                 13.12 |                    0.10 |   1083 |   147.7019 |
|        1 |        123 |          1393.90 |      1038.23 |      1407.33 |                 11.01 |                    0.10 |   1083 |   147.7867 |
|        1 |        124 |          1393.90 |      1038.23 |      1401.12 |                 14.78 |                    0.10 |   1083 |   147.8672 |
|        1 |        125 |          1393.90 |      1038.23 |      1400.05 |                 37.67 |                    0.10 |   1083 |   147.9442 |
|        1 |        126 |          1393.90 |      1038.23 |      1412.30 |                 17.30 |                    0.10 |   1083 |   148.0714 |
|        1 |        127 |          1393.90 |      1038.23 |      1377.51 |                 16.30 |                    0.10 |   1083 |   148.2322 |
|        1 |        128 |          1393.90 |      1038.23 |      1404.40 |                 22.48 |                    0.10 |   1083 |   148.3615 |
|        1 |        129 |          1393.90 |      1038.23 |      1401.70 |                 22.56 |                    0.10 |   1083 |   148.4632 |
|        1 |        130 |          1393.90 |      1038.23 |      1404.30 |                 37.40 |                    0.10 |   1083 |   148.5331 |
|        1 |        131 |          1393.90 |      1038.23 |      1403.50 |                 19.44 |                    0.10 |   1083 |   148.5999 |
|        1 |        132 |          1393.90 |      1038.23 |      1415.70 |                 34.23 |                    0.10 |   1083 |   148.6806 |
|        1 |        133 |          1393.90 |      1038.23 |      1424.80 |                 17.25 |                    0.10 |   1085 |   148.7731 |
|        1 |        134 |          1393.90 |      1038.23 |      1388.52 |                 13.02 |                    0.10 |   1085 |   148.9793 |
|        1 |        135 |          1393.90 |      1038.23 |      1378.54 |                 26.65 |                    0.10 |   1085 |   149.0465 |
|        1 |        136 |          1393.90 |      1038.23 |      1418.10 |                 10.21 |                    0.10 |   1085 |   149.2050 |
|        1 |        137 |          1393.90 |      1038.23 |      1400.70 |                 29.27 |                    0.10 |   1085 |   149.3171 |
|        1 |        138 |          1393.90 |      1038.23 |      1401.80 |                 14.01 |                    0.10 |   1085 |   149.4285 |
|        1 |        139 |          1393.90 |      1038.23 |      1401.80 |                 24.19 |                    0.10 |   1085 |   149.4971 |
|        1 |        140 |          1393.90 |      1038.23 |      1400.50 |                 10.19 |                    0.10 |   1085 |   149.5896 |
|        1 |        141 |          1393.90 |      1038.23 |      1371.50 |                 18.09 |                    0.10 |   1085 |   149.6973 |
|        1 |        142 |          1393.90 |      1038.23 |      1410.71 |                 32.48 |                    0.10 |   1085 |   149.7873 |
|        1 |        143 |          1393.90 |      1038.23 |      1406.80 |                 16.01 |                    0.10 |   1085 |   149.9355 |
|        1 |        144 |          1393.90 |      1038.23 |      1407.30 |                  7.60 |                    0.10 |   1085 |   150.0235 |
|        1 |        145 |          1393.90 |      1038.23 |      1382.12 |                 23.09 |                    0.10 |   1089 |   150.1660 |
|        1 |        146 |          1393.90 |      1038.23 |      1424.90 |                 32.55 |                    0.10 |   1090 |   150.2806 |
|        1 |        147 |          1393.90 |      1038.23 |      1405.20 |                 12.25 |                    0.10 |   1090 |   150.4086 |
|        1 |        148 |          1393.90 |      1038.23 |      1403.66 |                 22.98 |                    0.10 |   1090 |   150.5891 |
|        1 |        149 |          1393.90 |      1038.23 |      1425.80 |                 34.83 |                    0.10 |   1090 |   150.6628 |
|        1 |        150 |          1393.90 |      1038.23 |      1415.00 |                 16.84 |                    0.10 |   1090 |   150.9316 |
|        1 |        151 |          1393.90 |      1038.23 |      1408.77 |                  7.98 |                    0.10 |   1090 |   151.0467 |
|        1 |        152 |          1393.90 |      1038.23 |      1403.14 |                 13.21 |                    0.10 |   1090 |   151.1338 |
|        1 |        153 |          1393.90 |      1038.23 |      1411.57 |                 33.99 |                    0.10 |   1091 |   151.2050 |
|        1 |        154 |          1393.90 |      1038.23 |      1412.90 |                 31.06 |                    0.10 |   1092 |   151.3708 |
|        1 |        155 |          1393.90 |      1038.23 |      1411.00 |                 13.20 |                    0.10 |   1092 |   151.4554 |
|        1 |        156 |          1393.90 |      1038.23 |      1427.16 |                 32.29 |                    0.10 |   1093 |   151.5416 |
|        1 |        157 |          1393.90 |      1038.23 |      1446.39 |                 52.53 |                    0.10 |   1093 |   151.5934 |
|        1 |        158 |          1393.90 |      1038.23 |      1467.16 |                 24.41 |                    0.10 |   1093 |   151.6974 |
|        1 |        159 |          1393.90 |      1038.23 |      1463.28 |                 24.48 |                    0.10 |   1094 |   151.8358 |
|        1 |        160 |          1393.90 |      1038.23 |      1419.46 |                 31.91 |                    0.10 |   1095 |   152.1051 |
|        1 |        161 |          1393.90 |      1038.23 |      1442.47 |                 35.38 |                    0.10 |   1096 |   152.2129 |
|        1 |        162 |          1393.90 |      1038.23 |      1447.60 |                 16.12 |                    0.10 |   1097 |   152.3162 |
|        1 |        163 |          1393.90 |      1038.23 |      1442.94 |                 37.56 |                    0.10 |   1100 |   152.3847 |
|        1 |        164 |          1393.90 |      1038.23 |      1414.10 |                 12.24 |                    0.10 |   1100 |   152.5608 |
|        1 |        165 |          1393.90 |      1038.23 |      1414.10 |                 18.36 |                    0.10 |   1100 |   152.6300 |
|        1 |        166 |          1393.90 |      1038.23 |      1418.02 |                 24.63 |                    0.10 |   1100 |   152.7198 |
|        1 |        167 |          1393.90 |      1038.23 |      1400.70 |                 14.17 |                    0.10 |   1100 |   152.9182 |
|        1 |        168 |          1393.90 |      1038.23 |      1378.50 |                 13.70 |                    0.10 |   1100 |   153.1299 |
|        1 |        169 |          1393.90 |      1038.23 |      1399.50 |                  6.65 |                    0.10 |   1100 |   153.3116 |
|        1 |        170 |          1393.90 |      1038.23 |      1399.05 |                 18.53 |                    0.10 |   1100 |   153.4019 |
|        1 |        171 |          1393.90 |      1038.23 |      1414.20 |                  8.67 |                    0.10 |   1101 |   153.5427 |
|        1 |        172 |          1393.90 |      1038.23 |      1403.88 |                 28.50 |                    0.10 |   1103 |   153.6948 |
|        1 |        173 |          1393.90 |      1038.23 |      1412.10 |                 16.19 |                    0.10 |   1103 |   153.7867 |
|        1 |        174 |          1393.90 |      1038.23 |      1408.54 |                 28.98 |                    0.10 |   1103 |   153.9055 |
|        1 |        175 |          1393.90 |      1038.23 |      1427.38 |                 42.18 |                    0.10 |   1103 |   153.9799 |
|        1 |        176 |          1393.90 |      1038.23 |      1407.90 |                 24.90 |                    0.10 |   1103 |   154.0842 |
|        1 |        177 |          1393.90 |      1038.23 |      1403.19 |                 19.57 |                    0.10 |   1103 |   154.2473 |
|        1 |        178 |          1393.90 |      1038.23 |      1415.07 |                 47.93 |                    0.10 |   1103 |   154.3145 |
|        1 |        179 |          1393.90 |      1038.23 |      1402.10 |                 10.69 |                    0.10 |   1103 |   154.4669 |
|        1 |        180 |          1393.90 |      1038.23 |      1373.81 |                 10.41 |                    0.10 |   1103 |   154.5807 |
|        1 |        181 |          1393.90 |      1038.23 |      1390.16 |                 15.00 |                    0.10 |   1103 |   154.6408 |
|        1 |        182 |          1393.90 |      1038.23 |      1405.90 |                 32.89 |                    0.10 |   1103 |   154.7196 |
|        1 |        183 |          1393.90 |      1038.23 |      1410.30 |                 37.58 |                    0.10 |   1103 |   154.8277 |
|        1 |        184 |          1393.90 |      1038.23 |      1420.50 |                 24.44 |                    0.10 |   1104 |   154.9743 |
|        1 |        185 |          1393.90 |      1038.23 |      1425.49 |                 29.42 |                    0.10 |   1104 |   155.0483 |
|        1 |        186 |          1393.90 |      1038.23 |      1432.02 |                 26.78 |                    0.10 |   1104 |   155.1117 |
|        1 |        187 |          1393.90 |      1038.23 |      1411.50 |                 11.33 |                    0.10 |   1104 |   155.2658 |
|        1 |        188 |          1393.90 |      1038.23 |      1411.50 |                 12.32 |                    0.10 |   1104 |   155.3589 |
|        1 |        189 |          1393.90 |      1038.23 |      1408.40 |                  9.88 |                    0.10 |   1104 |   155.5147 |
|        1 |        190 |          1393.90 |      1038.23 |      1413.88 |                 22.79 |                    0.10 |   1105 |   155.5808 |
|        1 |        191 |          1393.90 |      1038.23 |      1399.70 |                 32.10 |                    0.10 |   1105 |   155.6924 |
|        1 |        192 |          1393.90 |      1038.23 |      1401.80 |                 20.17 |                    0.10 |   1105 |   155.7666 |
|        1 |        193 |          1393.90 |      1038.23 |      1405.50 |                 19.09 |                    0.10 |   1105 |   155.8383 |
|        1 |        194 |          1393.90 |      1038.23 |      1419.60 |                 17.88 |                    0.10 |   1107 |   155.9219 |
|        1 |        195 |          1393.90 |      1038.23 |      1422.14 |                 12.04 |                    0.10 |   1107 |   156.0085 |
|        1 |        196 |          1393.90 |      1038.23 |      1427.43 |                 28.05 |                    0.10 |   1108 |   156.0718 |
|        1 |        197 |          1393.90 |      1038.23 |      1405.20 |                 29.90 |                    0.10 |   1108 |   156.1618 |
|        1 |        198 |          1393.90 |      1038.23 |      1405.20 |                 30.34 |                    0.10 |   1108 |   156.2451 |
|        1 |        199 |          1393.90 |      1038.23 |      1409.10 |                 27.86 |                    0.10 |   1108 |   156.3248 |
|        1 |        200 |          1393.90 |      1038.23 |      1403.40 |                  8.17 |                    0.10 |   1108 |   156.4382 |
|        1 |        201 |          1393.90 |      1038.23 |      1397.96 |                 17.73 |                    0.10 |   1108 |   156.5171 |
|        1 |        202 |          1393.90 |      1038.23 |      1413.03 |                 47.47 |                    0.10 |   1109 |   156.5891 |
|        1 |        203 |          1393.90 |      1038.23 |      1403.20 |                 27.17 |                    0.10 |   1109 |   156.7158 |
|        1 |        204 |          1393.90 |      1038.23 |      1401.10 |                 11.45 |                    0.10 |   1109 |   156.7869 |
|        1 |        205 |          1393.90 |      1038.23 |      1401.10 |                 10.61 |                    0.10 |   1109 |   156.8761 |
|        1 |        206 |          1393.90 |      1038.23 |      1361.28 |                 23.43 |                    0.10 |   1109 |   157.0077 |
|        1 |        207 |          1393.90 |      1038.23 |      1424.60 |                 36.20 |                    0.10 |   1109 |   157.0824 |
|        1 |        208 |          1393.90 |      1038.23 |      1472.39 |                 28.91 |                    0.10 |   1112 |   157.1611 |
|        1 |        209 |          1393.90 |      1038.23 |      1444.49 |                 23.71 |                    0.10 |   1113 |   157.4452 |
|        1 |        210 |          1393.90 |      1038.23 |      1410.12 |                 22.99 |                    0.10 |   1113 |   157.6094 |
|        1 |        211 |          1393.90 |      1038.23 |      1423.00 |                 25.99 |                    0.10 |   1113 |   157.7252 |
|        1 |        212 |          1393.90 |      1038.23 |      1423.00 |                 27.71 |                    0.10 |   1113 |   157.8124 |
|        1 |        213 |          1393.90 |      1038.23 |      1419.40 |                 14.08 |                    0.10 |   1113 |   157.9168 |
|        1 |        214 |          1393.90 |      1038.23 |      1417.20 |                 12.91 |                    0.10 |   1113 |   158.0185 |
|        1 |        215 |          1393.90 |      1038.23 |      1417.20 |                 19.37 |                    0.10 |   1113 |   158.0785 |
|        1 |        216 |          1393.90 |      1038.23 |      1415.30 |                 10.17 |                    0.10 |   1113 |   158.1493 |
|        1 |        217 |          1393.90 |      1038.23 |      1418.38 |                 34.24 |                    0.10 |   1114 |   158.2418 |
|        1 |        218 |          1393.90 |      1038.23 |      1408.00 |                 13.85 |                    0.10 |   1114 |   158.3258 |
|        1 |        219 |          1393.90 |      1038.23 |      1369.76 |                 11.01 |                    0.10 |   1114 |   158.4689 |
|        1 |        220 |          1393.90 |      1038.23 |      1389.11 |                 11.09 |                    0.10 |   1114 |   158.5159 |
|        1 |        221 |          1393.90 |      1038.23 |      1402.90 |                 15.61 |                    0.10 |   1114 |   158.6351 |
|        1 |        222 |          1393.90 |      1038.23 |      1366.85 |                 13.84 |                    0.10 |   1115 |   158.8072 |
|        1 |        223 |          1393.90 |      1038.23 |      1402.00 |                  8.51 |                    0.10 |   1115 |   158.8922 |
|        1 |        224 |          1393.90 |      1038.23 |      1374.97 |                 12.34 |                    0.10 |   1117 |   159.0294 |
|        1 |        225 |          1393.90 |      1038.23 |      1372.08 |                 29.03 |                    0.10 |   1117 |   159.0980 |
|        1 |        226 |          1393.90 |      1038.23 |      1377.67 |                 15.89 |                    0.10 |   1117 |   159.2964 |
|        1 |        227 |          1393.90 |      1038.23 |      1386.41 |                 16.29 |                    0.10 |   1117 |   159.3776 |
|        1 |        228 |          1393.90 |      1038.23 |      1390.37 |                 10.53 |                    0.10 |   1117 |   159.4668 |
|        1 |        229 |          1393.90 |      1038.23 |      1370.36 |                 14.29 |                    0.10 |   1117 |   159.5449 |
|        1 |        230 |          1393.90 |      1038.23 |      1380.15 |                 32.63 |                    0.10 |   1117 |   159.6068 |
|        1 |        231 |          1393.90 |      1038.23 |      1433.39 |                 31.45 |                    0.10 |   1117 |   159.7154 |
|        1 |        232 |          1393.90 |      1038.23 |      1409.30 |                 24.60 |                    0.10 |   1118 |   159.8000 |
------------------------------------------------------------------------------------------------------------------------------------------------
|  Restart |  Iteration |  Best Feas. Cost |    Best Cost |   Curr. Cost |   Penalty Custom Res. |   Penalty Standard Res. |   Pool |   Time (s) |
------------------------------------------------------------------------------------------------------------------------------------------------
|        1 |        233 |          1393.90 |      1038.23 |      1399.60 |                 19.10 |                    0.10 |   1118 |   160.0026 |
|        1 |        234 |          1393.90 |      1038.23 |      1405.20 |                 11.66 |                    0.10 |   1118 |   160.0604 |
|        1 |        235 |          1393.90 |      1038.23 |      1405.70 |                  5.59 |                    0.10 |   1118 |   160.1287 |
|        1 |        236 |          1393.90 |      1038.23 |      1374.51 |                 10.56 |                    0.12 |   1118 |   160.1969 |
|        1 |        237 |          1393.90 |      1038.23 |      1401.01 |                 17.83 |                    0.10 |   1119 |   160.2956 |
|        1 |        238 |          1393.90 |      1038.23 |      1404.90 |                  5.55 |                    0.10 |   1119 |   160.4100 |
|        1 |        239 |          1393.90 |      1038.23 |      1355.50 |                 19.82 |                    0.10 |   1120 |   160.5130 |
|        1 |        240 |          1393.90 |      1038.23 |      1407.00 |                 27.28 |                    0.10 |   1121 |   160.6980 |
|        1 |        241 |          1393.90 |      1038.23 |      1407.30 |                 14.02 |                    0.10 |   1121 |   160.7874 |
|        1 |        242 |          1393.90 |      1038.23 |      1406.10 |                  9.92 |                    0.10 |   1121 |   160.8674 |
|        1 |        243 |          1393.90 |      1038.23 |      1367.01 |                 11.88 |                    0.10 |   1121 |   161.0130 |
|        1 |        244 |          1393.90 |      1038.23 |      1394.32 |                 15.82 |                    0.13 |   1122 |   161.0699 |
|        1 |        245 |          1393.90 |      1038.23 |      1426.00 |                 30.78 |                    0.10 |   1124 |   161.1436 |
|        1 |        246 |          1393.90 |      1038.23 |      1405.70 |                 19.83 |                    0.10 |   1124 |   161.2986 |
|        1 |        247 |          1393.90 |      1038.23 |      1402.40 |                 21.38 |                    0.10 |   1124 |   161.3708 |
|        1 |        248 |          1393.90 |      1038.23 |      1402.40 |                 20.44 |                    0.10 |   1124 |   161.4452 |
|        1 |        249 |          1393.90 |      1038.23 |      1401.80 |                 24.11 |                    0.10 |   1124 |   161.5177 |
|        1 |        250 |          1393.90 |      1038.23 |      1371.04 |                 12.18 |                    0.11 |   1124 |   161.7100 |
|        1 |        251 |          1393.90 |      1038.23 |      1397.25 |                 27.00 |                    0.10 |   1124 |   161.7768 |
|        1 |        252 |          1393.90 |      1038.23 |      1411.90 |                 21.78 |                    0.10 |   1124 |   161.8568 |
|        1 |        253 |          1393.90 |      1038.23 |      1405.00 |                 10.95 |                    0.10 |   1124 |   161.9782 |
|        1 |        254 |          1393.90 |      1038.23 |      1405.00 |                 17.43 |                    0.10 |   1124 |   162.0551 |
|        1 |        255 |          1393.90 |      1038.23 |      1433.53 |                 28.93 |                    0.10 |   1125 |   162.1090 |
|        1 |        256 |          1393.90 |      1038.23 |      1426.21 |                 25.55 |                    0.10 |   1125 |   162.1749 |
|        1 |        257 |          1393.90 |      1038.23 |      1412.80 |                 43.02 |                    0.10 |   1125 |   162.3130 |
|        1 |        258 |          1393.90 |      1038.23 |      1416.90 |                 16.72 |                    0.10 |   1125 |   162.3933 |
|        1 |        259 |          1393.90 |      1038.23 |      1409.00 |                 23.78 |                    0.10 |   1125 |   162.5046 |
|        1 |        260 |          1393.90 |      1038.23 |      1409.00 |                 11.64 |                    0.10 |   1125 |   162.5752 |
|        1 |        261 |          1393.90 |      1038.23 |      1416.48 |                 49.77 |                    0.10 |   1125 |   162.6945 |
|        1 |        262 |          1393.90 |      1038.23 |      1414.80 |                 15.10 |                    0.10 |   1126 |   162.8855 |
|        1 |        263 |          1393.90 |      1038.23 |      1462.55 |                 23.80 |                    0.10 |   1128 |   162.9618 |
|        1 |        264 |          1393.90 |      1038.23 |      1405.91 |                 11.32 |                    0.10 |   1129 |   163.1606 |
|        1 |        265 |          1393.90 |      1038.23 |      1448.26 |                 26.89 |                    0.10 |   1131 |   163.2269 |
|        1 |        266 |          1393.90 |      1038.23 |      1404.40 |                 26.12 |                    0.10 |   1131 |   163.3719 |
|        1 |        267 |          1393.90 |      1038.23 |      1404.40 |                 22.38 |                    0.10 |   1131 |   163.4446 |
|        1 |        268 |          1393.90 |      1038.23 |      1398.10 |                  8.35 |                    0.10 |   1131 |   163.5418 |
|        1 |        269 |          1393.90 |      1038.23 |      1380.55 |                 14.99 |                    0.10 |   1131 |   163.6122 |
|        1 |        270 |          1393.90 |      1038.23 |      1405.99 |                 32.91 |                    0.10 |   1132 |   163.6738 |
|        1 |        271 |          1393.90 |      1038.23 |      1434.80 |                 29.94 |                    0.10 |   1132 |   163.7413 |
|        1 |        272 |          1393.90 |      1038.23 |      1442.10 |                 19.80 |                    0.10 |   1132 |   163.9457 |
|        1 |        273 |          1393.90 |      1038.23 |      1410.90 |                 14.72 |                    0.10 |   1132 |   164.0530 |
|        1 |        274 |          1393.90 |      1038.23 |      1410.90 |                  8.37 |                    0.10 |   1132 |   164.1360 |
|        1 |        275 |          1393.90 |      1038.23 |      1382.96 |                 19.12 |                    0.10 |   1132 |   164.2204 |
|        1 |        276 |          1393.90 |      1038.23 |      1412.10 |                 25.97 |                    0.10 |   1132 |   164.2961 |
|        1 |        277 |          1393.90 |      1038.23 |      1410.00 |                 10.28 |                    0.10 |   1132 |   164.4241 |
|        1 |        278 |          1393.90 |      1038.23 |      1387.99 |                 22.32 |                    0.10 |   1132 |   164.5103 |
|        1 |        279 |          1393.90 |      1038.23 |      1401.30 |                 25.63 |                    0.10 |   1132 |   164.7016 |
|        1 |        280 |          1393.90 |      1038.23 |      1400.10 |                 10.36 |                    0.10 |   1132 |   164.8078 |
|        1 |        281 |          1393.90 |      1038.23 |      1399.60 |                 14.48 |                    0.10 |   1132 |   164.8991 |
|        1 |        282 |          1393.90 |      1038.23 |      1409.20 |                 16.41 |                    0.10 |   1132 |   164.9830 |
|        1 |        283 |          1393.90 |      1038.23 |      1403.30 |                  7.24 |                    0.10 |   1132 |   165.1462 |
|        1 |        284 |          1393.90 |      1038.23 |      1365.90 |                 19.96 |                    0.10 |   1132 |   165.2345 |
|        1 |        285 |          1393.90 |      1038.23 |      1406.46 |                 20.08 |                    0.10 |   1132 |   165.3030 |
|        1 |        286 |          1393.90 |      1038.23 |      1401.76 |                 36.07 |                    0.10 |   1132 |   165.3774 |
|        1 |        287 |          1393.90 |      1038.23 |      1397.50 |                 14.30 |                    0.10 |   1132 |   165.4558 |
|        1 |        288 |          1393.90 |      1038.23 |      1397.70 |                  7.58 |                    0.10 |   1132 |   165.5286 |
|        1 |        289 |          1393.90 |      1038.23 |      1369.88 |                 21.51 |                    0.10 |   1132 |   165.6313 |
|        1 |        290 |          1393.90 |      1038.23 |      1411.00 |                 18.23 |                    0.10 |   1132 |   165.7164 |
|        1 |        291 |          1393.90 |      1038.23 |      1406.80 |                 27.07 |                    0.10 |   1132 |   165.7891 |
|        1 |        292 |          1393.90 |      1038.23 |      1403.50 |                 27.76 |                    0.10 |   1132 |   165.8674 |
|        1 |        293 |          1393.90 |      1038.23 |      1403.50 |                 14.88 |                    0.10 |   1132 |   165.9253 |
|        1 |        294 |          1393.90 |      1038.23 |      1402.60 |                  9.82 |                    0.10 |   1132 |   166.0065 |
|        1 |        295 |          1393.90 |      1038.23 |      1395.94 |                 19.68 |                    0.10 |   1132 |   166.0769 |
|        1 |        296 |          1393.90 |      1038.23 |      1400.30 |                 17.00 |                    0.10 |   1132 |   166.1721 |
|        1 |        297 |          1393.90 |      1038.23 |      1403.50 |                 55.47 |                    0.10 |   1134 |   166.3027 |
|        1 |        298 |          1393.90 |      1038.23 |      1397.20 |                 14.97 |                    0.10 |   1134 |   166.4671 |
|        1 |        299 |          1393.90 |      1038.23 |      1368.62 |                 15.73 |                    0.10 |   1134 |   166.6293 |
|        1 |        300 |          1393.90 |      1038.23 |      1378.02 |                 38.14 |                    0.10 |   1134 |   166.6955 |
|        1 |        301 |          1393.90 |      1038.23 |      1408.70 |                 17.67 |                    0.10 |   1135 |   166.8408 |
|        1 |        302 |          1393.90 |      1038.23 |      1421.42 |                 28.95 |                    0.10 |   1137 |   166.9374 |
|        1 |        303 |          1393.90 |      1038.23 |      1437.30 |                 15.80 |                    0.10 |   1137 |   167.0183 |
|        1 |        304 |          1393.90 |      1038.23 |      1405.30 |                 17.17 |                    0.10 |   1137 |   167.1234 |
|        1 |        305 |          1393.90 |      1038.23 |      1412.20 |                 27.57 |                    0.10 |   1137 |   167.2222 |
|        1 |        306 |          1393.90 |      1038.23 |      1421.46 |                 21.82 |                    0.10 |   1137 |   167.4354 |
|        1 |        307 |          1393.90 |      1038.23 |      1407.70 |                 29.23 |                    0.10 |   1137 |   167.5523 |
|        1 |        308 |          1393.90 |      1038.23 |      1340.92 |                 17.66 |                    0.10 |   1137 |   167.7600 |
|        1 |        309 |          1393.90 |      1038.23 |      1390.35 |                 38.77 |                    0.10 |   1137 |   167.8253 |
|        1 |        310 |          1393.90 |      1038.23 |      1408.50 |                 11.23 |                    0.10 |   1137 |   168.1146 |
|        1 |        311 |          1393.90 |      1038.23 |      1405.10 |                 16.15 |                    0.10 |   1137 |   168.2212 |
|        1 |        312 |          1393.90 |      1038.23 |      1404.70 |                  8.56 |                    0.10 |   1137 |   168.2963 |
|        1 |        313 |          1393.90 |      1038.23 |      1405.58 |                  5.70 |                    0.10 |   1138 |   168.3780 |
|        1 |        314 |          1393.90 |      1038.23 |      1338.46 |                 12.90 |                    0.10 |   1138 |   168.4466 |
|        1 |        315 |          1393.90 |      1038.23 |      1378.36 |                 14.77 |                    0.10 |   1139 |   168.5229 |
|        1 |        316 |          1393.90 |      1038.23 |      1396.48 |                 17.96 |                    0.10 |   1141 |   168.5885 |
|        1 |        317 |          1393.90 |      1038.23 |      1413.70 |                 15.24 |                    0.10 |   1142 |   168.6517 |
|        1 |        318 |          1393.90 |      1038.23 |      1416.60 |                 12.54 |                    0.10 |   1142 |   168.7287 |
|        1 |        319 |          1393.90 |      1038.23 |      1418.30 |                 15.41 |                    0.10 |   1142 |   168.7931 |
|        1 |        320 |          1393.90 |      1038.23 |      1418.30 |                 23.12 |                    0.10 |   1142 |   168.8544 |
|        1 |        321 |          1393.90 |      1038.23 |      1417.10 |                 26.68 |                    0.13 |   1142 |   168.9632 |
|        1 |        322 |          1393.90 |      1038.23 |      1417.10 |                 14.73 |                    0.10 |   1142 |   169.0225 |
|        1 |        323 |          1393.90 |      1038.23 |      1402.24 |                  9.58 |                    0.10 |   1142 |   169.1786 |
|        1 |        324 |          1393.90 |      1038.23 |      1405.70 |                 11.60 |                    0.10 |   1142 |   169.3111 |
|        1 |        325 |          1393.90 |      1038.23 |      1389.58 |                 10.26 |                    0.10 |   1142 |   169.5208 |
|        1 |        326 |          1393.90 |      1038.23 |      1392.28 |                 23.40 |                    0.10 |   1142 |   169.6117 |
|        1 |        327 |          1393.90 |      1038.23 |      1410.20 |                 13.25 |                    0.10 |   1142 |   169.7450 |
|        1 |        328 |          1393.90 |      1038.23 |      1406.07 |                 16.76 |                    0.10 |   1142 |   169.8245 |
|        1 |        329 |          1393.90 |      1038.23 |      1406.60 |                 19.10 |                    0.10 |   1142 |   169.9623 |
|        1 |        330 |          1393.90 |      1038.23 |      1410.00 |                 13.13 |                    0.10 |   1142 |   170.0341 |
|        1 |        331 |          1393.90 |      1038.23 |      1425.10 |                 28.43 |                    0.10 |   1142 |   170.1418 |
|        1 |        332 |          1393.90 |      1038.23 |      1412.50 |                 22.63 |                    0.10 |   1142 |   170.2744 |
|        1 |        333 |          1393.90 |      1038.23 |      1413.10 |                  9.49 |                    0.10 |   1142 |   170.4210 |
|        1 |        334 |          1393.90 |      1038.23 |      1405.21 |                 17.14 |                    0.17 |   1142 |   170.5442 |
|        1 |        335 |          1393.90 |      1038.23 |      1410.20 |                 17.31 |                    0.10 |   1142 |   170.7044 |
|        1 |        336 |          1393.90 |      1038.23 |      1411.91 |                 32.40 |                    0.10 |   1142 |   170.7505 |
|        1 |        337 |          1393.90 |      1038.23 |      1416.30 |                 12.36 |                    0.10 |   1142 |   170.9623 |
|        1 |        338 |          1393.90 |      1038.23 |      1411.06 |                 14.49 |                    0.14 |   1143 |   171.1164 |
|        1 |        339 |          1393.90 |      1038.23 |      1402.50 |                 12.15 |                    0.10 |   1143 |   171.2089 |
|        1 |        340 |          1393.90 |      1038.23 |      1394.00 |                  8.10 |                    0.10 |   1143 |   171.2949 |
|        1 |        341 |          1393.90 |      1038.23 |      1372.19 |                 21.05 |                    0.10 |   1143 |   171.3671 |
|        1 |        342 |          1393.90 |      1038.23 |      1376.03 |                 16.52 |                    0.10 |   1143 |   171.5493 |
|        1 |        343 |          1393.90 |      1038.23 |      1411.80 |                 20.43 |                    0.10 |   1143 |   171.6565 |
|        1 |        344 |          1393.90 |      1038.23 |      1411.80 |                 33.85 |                    0.10 |   1143 |   171.7320 |
|        1 |        345 |          1393.90 |      1038.23 |      1402.30 |                  9.98 |                    0.10 |   1143 |   171.9093 |
|        1 |        346 |          1393.90 |      1038.23 |      1406.39 |                 21.67 |                    0.10 |   1144 |   171.9846 |
|        1 |        347 |          1393.90 |      1038.23 |      1438.80 |                 11.26 |                    0.10 |   1144 |   172.0603 |
|        1 |        348 |          1393.90 |      1038.23 |      1414.48 |                 39.42 |                    0.10 |   1144 |   172.1675 |
|        1 |        349 |          1393.90 |      1038.23 |      1436.91 |                 23.76 |                    0.10 |   1145 |   172.2573 |
|        1 |        350 |          1393.90 |      1038.23 |      1407.10 |                 18.60 |                    0.10 |   1145 |   172.5036 |
|        1 |        351 |          1393.90 |      1038.23 |      1424.00 |                 17.60 |                    0.10 |   1146 |   172.5941 |
|        1 |        352 |          1393.90 |      1038.23 |      1404.20 |                 20.94 |                    0.10 |   1146 |   172.6961 |
|        1 |        353 |          1393.90 |      1038.23 |      1403.20 |                 43.24 |                    0.10 |   1146 |   172.7659 |
|        1 |        354 |          1393.90 |      1038.23 |      1403.20 |                 27.44 |                    0.10 |   1146 |   172.8398 |
|        1 |        355 |          1393.90 |      1038.23 |      1403.20 |                 14.12 |                    0.10 |   1146 |   172.9097 |
|        1 |        356 |          1393.90 |      1038.23 |      1408.70 |                 10.67 |                    0.10 |   1146 |   173.0566 |
|        1 |        357 |          1393.90 |      1038.23 |      1373.78 |                 23.87 |                    0.10 |   1147 |   173.1400 |
|        1 |        358 |          1393.90 |      1038.23 |      1430.59 |                 31.74 |                    0.10 |   1148 |   173.2226 |
|        1 |        359 |          1393.90 |      1038.23 |      1412.90 |                 41.22 |                    0.10 |   1148 |   173.3658 |
|        1 |        360 |          1393.90 |      1038.23 |      1411.60 |                 25.89 |                    0.10 |   1148 |   173.4419 |
|        1 |        361 |          1393.90 |      1038.23 |      1415.00 |                 27.64 |                    0.10 |   1148 |   173.5137 |
|        1 |        362 |          1393.90 |      1038.23 |      1419.30 |                 45.86 |                    0.10 |   1148 |   173.5714 |
|        1 |        363 |          1393.90 |      1038.23 |      1488.80 |                 45.59 |                    0.10 |   1150 |   173.6551 |
|        1 |        364 |          1393.90 |      1038.23 |      1408.70 |                 31.21 |                    0.10 |   1150 |   173.8014 |
|        1 |        365 |          1393.90 |      1038.23 |      1404.10 |                 18.43 |                    0.10 |   1150 |   173.9090 |
|        1 |        366 |          1393.90 |      1038.23 |      1404.10 |                 17.64 |                    0.10 |   1150 |   173.9773 |
|        1 |        367 |          1393.90 |      1038.23 |      1407.60 |                 21.02 |                    0.10 |   1150 |   174.0531 |
|        1 |        368 |          1393.90 |      1038.23 |      1410.60 |                 33.12 |                    0.10 |   1150 |   174.1348 |
|        1 |        369 |          1393.90 |      1038.23 |      1411.90 |                 15.57 |                    0.10 |   1150 |   174.2061 |
|        1 |        370 |          1393.90 |      1038.23 |      1409.40 |                  7.85 |                    0.10 |   1150 |   174.2677 |
|        1 |        371 |          1393.90 |      1038.23 |      1413.00 |                 14.08 |                    0.10 |   1150 |   174.3587 |
|        1 |        372 |          1393.90 |      1038.23 |      1377.96 |                 16.87 |                    0.10 |   1150 |   174.5087 |
|        1 |        373 |          1393.90 |      1038.23 |      1412.15 |                 15.81 |                    0.10 |   1150 |   174.5816 |
|        1 |        374 |          1393.90 |      1038.23 |      1407.25 |                 19.42 |                    0.10 |   1150 |   174.6615 |
|        1 |        375 |          1393.90 |      1038.23 |      1427.00 |                 17.77 |                    0.10 |   1151 |   174.8078 |
|        1 |        376 |          1393.90 |      1038.23 |      1409.60 |                  8.59 |                    0.10 |   1151 |   174.9198 |
|        1 |        377 |          1393.90 |      1038.23 |      1370.90 |                 20.15 |                    0.10 |   1151 |   175.0400 |
|        1 |        378 |          1393.90 |      1038.23 |      1450.30 |                 49.34 |                    0.10 |   1153 |   175.1097 |
|        1 |        379 |          1393.90 |      1038.23 |      1412.50 |                 18.95 |                    0.10 |   1153 |   175.2445 |
|        1 |        380 |          1393.90 |      1038.23 |      1387.23 |                 24.60 |                    0.10 |   1154 |   175.4768 |
|        1 |        381 |          1393.90 |      1038.23 |      1429.23 |                 33.39 |                    0.10 |   1154 |   175.5871 |
|        1 |        382 |          1393.90 |      1038.23 |      1442.82 |                 42.63 |                    0.10 |   1154 |   175.7479 |
|        1 |        383 |          1393.90 |      1038.23 |      1416.80 |                 30.38 |                    0.10 |   1154 |   175.9953 |
|        1 |        384 |          1393.90 |      1038.23 |      1423.40 |                 11.22 |                    0.10 |   1154 |   176.1359 |
|        1 |        385 |          1393.90 |      1038.23 |      1399.87 |                 10.00 |                    0.10 |   1155 |   176.3107 |
|        1 |        386 |          1393.90 |      1038.23 |      1406.42 |                 25.72 |                    0.10 |   1157 |   176.4730 |
|        1 |        387 |          1393.90 |      1038.23 |      1412.50 |                 17.26 |                    0.10 |   1157 |   176.9218 |
|        1 |        388 |          1393.90 |      1038.23 |      1405.30 |                 12.56 |                    0.10 |   1157 |   177.1728 |
|        1 |        389 |          1393.90 |      1038.23 |      1359.13 |                 15.88 |                    0.10 |   1157 |   177.3292 |
|        1 |        390 |          1393.90 |      1038.23 |      1369.60 |                 31.25 |                    0.10 |   1157 |   177.4154 |
|        1 |        391 |          1393.90 |      1038.23 |      1411.00 |                 32.02 |                    0.10 |   1157 |   177.5475 |
|        1 |        392 |          1393.90 |      1038.23 |      1393.43 |                 29.23 |                    0.10 |   1157 |   177.7777 |
|        1 |        393 |          1393.90 |      1038.23 |      1406.70 |                 27.39 |                    0.10 |   1157 |   178.0978 |
|        1 |        394 |          1393.90 |      1038.23 |      1380.33 |                 38.84 |                    0.10 |   1157 |   178.3729 |
|        1 |        395 |          1393.90 |      1038.23 |      1434.00 |                 16.44 |                    0.10 |   1159 |   178.5928 |
|        1 |        396 |          1393.90 |      1038.23 |      1414.36 |                 15.08 |                    0.10 |   1159 |   178.7265 |
|        1 |        397 |          1393.90 |      1038.23 |      1373.23 |                 10.92 |                    0.13 |   1159 |   178.9812 |
|        1 |        398 |          1393.90 |      1038.23 |      1373.59 |                 29.84 |                    0.10 |   1159 |   179.0739 |
|        1 |        399 |          1393.90 |      1038.23 |      1412.40 |                 14.10 |                    0.10 |   1160 |   179.2354 |
|        1 |        400 |          1393.90 |      1038.23 |      1387.03 |                 14.17 |                    0.14 |   1160 |   179.3180 |
|        1 |        401 |          1393.90 |      1038.23 |      1406.70 |                 14.62 |                    0.10 |   1160 |   179.4551 |
|        1 |        402 |          1393.90 |      1038.23 |      1406.51 |                 31.41 |                    0.10 |   1160 |   179.5388 |
|        1 |        403 |          1393.90 |      1038.23 |      1460.82 |                 35.61 |                    0.10 |   1162 |   179.6058 |
|        1 |        404 |          1393.90 |      1038.23 |      1447.00 |                 21.16 |                    0.10 |   1162 |   179.7875 |
|        1 |        405 |          1393.90 |      1038.23 |      1410.60 |                 10.22 |                    0.10 |   1162 |   179.9295 |
------------------------------------------------------------------------------------------------------------------------------------------------
|  Restart |  Iteration |  Best Feas. Cost |    Best Cost |   Curr. Cost |   Penalty Custom Res. |   Penalty Standard Res. |   Pool |   Time (s) |
------------------------------------------------------------------------------------------------------------------------------------------------
|        1 |        406 |          1393.90 |      1038.23 |      1413.10 |                 19.31 |                    0.10 |   1162 |   180.0058 |
|        1 |        407 |          1393.90 |      1038.23 |      1440.10 |                 16.49 |                    0.10 |   1162 |   180.1415 |
|        1 |        408 |          1393.90 |      1038.23 |      1410.86 |                 10.34 |                    0.10 |   1162 |   180.2708 |
|        1 |        409 |          1393.90 |      1038.23 |      1409.78 |                 23.85 |                    0.10 |   1162 |   180.3554 |
|        1 |        410 |          1393.90 |      1038.23 |      1405.70 |                  9.74 |                    0.10 |   1162 |   180.4529 |
|        1 |        411 |          1393.90 |      1038.23 |      1413.10 |                  6.00 |                    0.10 |   1162 |   180.5433 |
|        1 |        412 |          1393.90 |      1038.23 |      1406.28 |                  9.75 |                    0.10 |   1162 |   180.6443 |
|        1 |        413 |          1393.90 |      1038.23 |      1412.36 |                 21.82 |                    0.10 |   1162 |   180.7577 |
|        1 |        414 |          1393.90 |      1038.23 |      1415.00 |                 19.25 |                    0.12 |   1162 |   180.9401 |
|        1 |        415 |          1393.90 |      1038.23 |      1363.55 |                 38.38 |                    0.10 |   1162 |   181.3067 |
|        1 |        416 |          1393.90 |      1038.23 |      1415.10 |                  9.95 |                    0.10 |   1162 |   181.6881 |
|        1 |        417 |          1393.90 |      1038.23 |      1415.00 |                 21.82 |                    0.10 |   1162 |   182.0762 |
|        1 |        418 |          1393.90 |      1038.23 |      1405.50 |                 27.56 |                    0.10 |   1162 |   182.3796 |
|        1 |        419 |          1393.90 |      1038.23 |      1405.00 |                 11.37 |                    0.10 |   1162 |   182.5285 |
|        1 |        420 |          1393.90 |      1038.23 |      1403.90 |                  6.87 |                    0.10 |   1162 |   182.6337 |
|        1 |        421 |          1393.90 |      1038.23 |      1390.15 |                 16.60 |                    0.10 |   1162 |   182.8566 |
|        1 |        422 |          1393.90 |      1038.23 |      1393.96 |                 19.07 |                    0.10 |   1162 |   183.1787 |
|        1 |        423 |          1393.90 |      1038.23 |      1411.40 |                 39.76 |                    0.10 |   1162 |   183.2930 |
|        1 |        424 |          1393.90 |      1038.23 |      1415.59 |                 25.73 |                    0.10 |   1163 |   183.6164 |
|        1 |        425 |          1393.90 |      1038.23 |      1440.30 |                 16.06 |                    0.10 |   1164 |   183.8472 |
|        1 |        426 |          1393.90 |      1038.23 |      1440.30 |                 13.62 |                    0.10 |   1164 |   183.9688 |
|        1 |        427 |          1393.90 |      1038.23 |      1407.75 |                 25.82 |                    0.10 |   1164 |   184.2854 |
|        1 |        428 |          1393.90 |      1038.23 |      1412.80 |                 17.03 |                    0.10 |   1164 |   184.4699 |
|        1 |        429 |          1393.90 |      1038.23 |      1337.19 |                  8.81 |                    0.10 |   1164 |   184.6643 |
|        1 |        430 |          1393.90 |      1038.23 |      1336.20 |                 21.36 |                    0.10 |   1164 |   184.7628 |
|        1 |        431 |          1393.90 |      1038.23 |      1394.20 |                 17.94 |                    0.10 |   1164 |   184.8690 |
|        1 |        432 |          1393.90 |      1038.23 |      1404.83 |                 14.16 |                    0.10 |   1164 |   185.3070 |
|        1 |        433 |          1393.90 |      1038.23 |      1407.19 |                 31.39 |                    0.10 |   1164 |   185.4293 |
|        1 |        434 |          1393.90 |      1038.23 |      1424.10 |                 29.24 |                    0.10 |   1165 |   185.7043 |
|        1 |        435 |          1393.90 |      1038.23 |      1424.10 |                 28.51 |                    0.10 |   1165 |   185.8528 |
|        1 |        436 |          1393.90 |      1038.23 |      1445.60 |                 32.99 |                    0.10 |   1166 |   185.9746 |
|        1 |        437 |          1393.90 |      1038.23 |      1421.10 |                 30.50 |                    0.10 |   1166 |   186.2239 |
|        1 |        438 |          1393.90 |      1038.23 |      1420.80 |                 33.15 |                    0.10 |   1166 |   186.4204 |
|        1 |        439 |          1393.90 |      1038.23 |      1429.30 |                 50.61 |                    0.10 |   1166 |   186.6273 |
|        1 |        440 |          1393.90 |      1038.23 |      1438.60 |                 16.42 |                    0.10 |   1166 |   186.7695 |
|        1 |        441 |          1393.90 |      1038.23 |      1444.55 |                 44.85 |                    0.10 |   1167 |   186.8937 |
|        1 |        442 |          1393.90 |      1038.23 |      1408.80 |                 16.88 |                    0.10 |   1167 |   187.0973 |
|        1 |        443 |          1393.90 |      1038.23 |      1426.35 |                 44.71 |                    0.10 |   1168 |   187.2686 |
|        1 |        444 |          1393.90 |      1038.23 |      1401.40 |                 20.36 |                    0.10 |   1168 |   187.4360 |
|        1 |        445 |          1393.90 |      1038.23 |      1419.60 |                 42.07 |                    0.10 |   1168 |   187.5235 |
|        1 |        446 |          1393.90 |      1038.23 |      1419.60 |                 18.80 |                    0.10 |   1168 |   187.6339 |
|        1 |        447 |          1393.90 |      1038.23 |      1410.30 |                 26.57 |                    0.10 |   1168 |   187.8909 |
|        1 |        448 |          1393.90 |      1038.23 |      1405.96 |                 11.51 |                    0.10 |   1168 |   188.1585 |
|        1 |        449 |          1393.90 |      1038.23 |      1383.03 |                 27.64 |                    0.10 |   1168 |   188.2319 |
|        1 |        450 |          1393.90 |      1038.23 |      1429.90 |                 44.01 |                    0.10 |   1169 |   188.3124 |
|        1 |        451 |          1393.90 |      1038.23 |      1434.90 |                 24.00 |                    0.10 |   1170 |   188.4175 |
|        1 |        452 |          1393.90 |      1038.23 |      1441.66 |                 15.46 |                    0.10 |   1170 |   188.5720 |
|        1 |        453 |          1393.90 |      1038.23 |      1456.59 |                 15.55 |                    0.10 |   1173 |   188.6330 |
|        1 |        454 |          1393.90 |      1038.23 |      1441.30 |                 24.12 |                    0.10 |   1173 |   188.8449 |
|        1 |        455 |          1393.90 |      1038.23 |      1437.60 |                 10.13 |                    0.10 |   1173 |   188.9771 |
|        1 |        456 |          1393.90 |      1038.23 |      1425.98 |                  8.22 |                    0.10 |   1173 |   189.1401 |
|        1 |        457 |          1393.90 |      1038.23 |      1370.86 |                 33.42 |                    0.10 |   1173 |   189.2619 |
|        1 |        458 |          1393.90 |      1038.23 |      1448.70 |                 16.12 |                    0.10 |   1174 |   189.4023 |
|        1 |        459 |          1393.90 |      1038.23 |      1417.39 |                 49.15 |                    0.10 |   1175 |   189.5020 |
|        1 |        460 |          1393.90 |      1038.23 |      1429.70 |                 39.29 |                    0.10 |   1175 |   189.5623 |
|        1 |        461 |          1393.90 |      1038.23 |      1429.70 |                 14.97 |                    0.10 |   1175 |   189.6482 |
|        1 |        462 |          1393.90 |      1038.23 |      1439.20 |                 24.57 |                    0.10 |   1175 |   189.7260 |
|        1 |        463 |          1393.90 |      1038.23 |      1407.90 |                 10.04 |                    0.10 |   1175 |   190.0638 |
|        1 |        464 |          1393.90 |      1038.23 |      1395.34 |                  9.87 |                    0.10 |   1175 |   190.1997 |
|        1 |        465 |          1393.90 |      1038.23 |      1410.20 |                 26.42 |                    0.10 |   1175 |   190.2927 |
|        1 |        466 |          1393.90 |      1038.23 |      1410.90 |                 23.02 |                    0.10 |   1175 |   190.4385 |
|        1 |        467 |          1393.90 |      1038.23 |      1408.20 |                 12.70 |                    0.10 |   1175 |   190.5241 |
|        1 |        468 |          1393.90 |      1038.23 |      1359.34 |                 13.07 |                    0.15 |   1175 |   190.7095 |
|        1 |        469 |          1393.90 |      1038.23 |      1373.65 |                 19.99 |                    0.10 |   1175 |   190.7936 |
|        1 |        470 |          1393.90 |      1038.23 |      1399.91 |                 32.19 |                    0.10 |   1177 |   190.8626 |
|        1 |        471 |          1393.90 |      1038.23 |      1410.63 |                 24.67 |                    0.10 |   1177 |   190.9688 |
|        1 |        472 |          1393.90 |      1038.23 |      1402.53 |                 43.87 |                    0.10 |   1177 |   191.0490 |
|        1 |        473 |          1393.90 |      1038.23 |      1422.80 |                 29.25 |                    0.10 |   1177 |   191.1446 |
|        1 |        474 |          1393.90 |      1038.23 |      1401.50 |                 19.48 |                    0.10 |   1177 |   191.2538 |
|        1 |        475 |          1393.90 |      1038.23 |      1401.50 |                 12.74 |                    0.10 |   1177 |   191.3284 |
|        1 |        476 |          1393.90 |      1038.23 |      1410.40 |                 40.23 |                    0.10 |   1177 |   191.5071 |
|        1 |        477 |          1393.90 |      1038.23 |      1410.60 |                 15.78 |                    0.10 |   1177 |   191.6133 |
|        1 |        478 |          1393.90 |      1038.23 |      1440.20 |                  8.11 |                    0.10 |   1177 |   191.7097 |
|        1 |        479 |          1393.90 |      1038.23 |      1400.89 |                 18.89 |                    0.23 |   1180 |   191.7836 |
|        1 |        480 |          1393.90 |      1038.23 |      1437.13 |                 37.02 |                    0.10 |   1181 |   191.9012 |
|        1 |        481 |          1393.90 |      1038.23 |      1415.00 |                 13.76 |                    0.10 |   1181 |   192.0575 |
|        1 |        482 |          1393.90 |      1038.23 |      1415.00 |                 21.71 |                    0.10 |   1181 |   192.1339 |
|        1 |        483 |          1393.90 |      1038.23 |      1401.00 |                 21.98 |                    0.10 |   1181 |   192.2699 |
|        1 |        484 |          1393.90 |      1038.23 |      1399.80 |                  8.80 |                    0.10 |   1181 |   192.3730 |
|        1 |        485 |          1393.90 |      1038.23 |      1362.41 |                 26.24 |                    0.10 |   1181 |   192.4985 |
|        1 |        486 |          1393.90 |      1038.23 |      1393.82 |                 31.58 |                    0.10 |   1181 |   192.5838 |
|        1 |        487 |          1393.90 |      1038.23 |      1399.20 |                 26.69 |                    0.10 |   1181 |   192.7217 |
|        1 |        488 |          1393.90 |      1038.23 |      1415.60 |                 25.06 |                    0.10 |   1181 |   192.9566 |
|        1 |        489 |          1393.90 |      1038.23 |      1407.60 |                 11.32 |                    0.10 |   1181 |   193.0842 |
|        1 |        490 |          1393.90 |      1038.23 |      1374.83 |                 14.57 |                    0.10 |   1181 |   193.2902 |
|        1 |        491 |          1393.90 |      1038.23 |      1408.67 |                 22.07 |                    0.10 |   1181 |   193.3871 |
|        1 |        492 |          1393.90 |      1038.23 |      1406.40 |                 15.77 |                    0.10 |   1181 |   193.5473 |
|        1 |        493 |          1393.90 |      1038.23 |      1402.30 |                 11.60 |                    0.10 |   1181 |   193.7099 |
|        1 |        494 |          1393.90 |      1038.23 |      1350.99 |                 25.51 |                    0.10 |   1181 |   193.9616 |
|        1 |        495 |          1393.90 |      1038.23 |      1414.05 |                 41.48 |                    0.10 |   1181 |   194.0498 |
|        1 |        496 |          1393.90 |      1038.23 |      1436.20 |                 25.04 |                    0.10 |   1183 |   194.1443 |
|        1 |        497 |          1393.90 |      1038.23 |      1415.90 |                 11.59 |                    0.10 |   1183 |   194.3292 |
|        1 |        498 |          1393.90 |      1038.23 |      1413.80 |                  9.54 |                    0.10 |   1183 |   194.4191 |
|        1 |        499 |          1393.90 |      1038.23 |      1390.97 |                 26.44 |                    0.10 |   1183 |   194.6387 |
|        1 |        500 |          1393.90 |      1038.23 |      1407.04 |                 37.75 |                    0.10 |   1183 |   194.7181 |
------------------------------------------------------------------------------------------------------------------------------------------------
Version identifier: 22.1.2.0 | 2024-11-26 | 0edbb82fd
CPXPARAM_MIP_Tolerances_UpperCutoff              1394.0000000035839
Tried aggregator 1 time.
MIP Presolve eliminated 2 rows and 156 columns.
MIP Presolve modified 367 coefficients.
Reduced MIP has 99 rows, 1027 columns, and 5545 nonzeros.
Reduced MIP has 1027 binaries, 0 generals, 0 SOSs, and 0 indicators.
Presolve time = 0.01 sec. (5.53 ticks)
Probing time = 0.01 sec. (2.59 ticks)
Tried aggregator 1 time.
Detecting symmetries...
Reduced MIP has 99 rows, 1027 columns, and 5545 nonzeros.
Reduced MIP has 1027 binaries, 0 generals, 0 SOSs, and 0 indicators.
Presolve time = 0.00 sec. (4.11 ticks)
Probing time = 0.00 sec. (2.59 ticks)
Clique table members: 800.
MIP emphasis: balance optimality and feasibility.
MIP search method: dynamic search.
Parallel mode: deterministic, using up to 8 threads.
Root relaxation solution time = 0.01 sec. (3.82 ticks)

        Nodes                                         Cuts/
   Node  Left     Objective  IInf  Best Integer    Best Bound    ItCnt     Gap

      0     0     1337.6553    73                   1337.6553      268         
      0     0     1368.2705    59                    Cuts: 52      375         
      0     0     1376.6022    63                    Cuts: 28      488         
      0     0     1379.3316    90                    Cuts: 25      585         
      0     0     1381.3778    57                    Cuts: 26      651         
      0     0     1382.4279    88                    Cuts: 12      712         
Detecting symmetries...
      0     0     1383.2081    99                    Cuts: 20      785         
      0     0     1383.7984    89                    Cuts: 17      843         
      0     0     1384.6166    93                    Cuts: 21      905         
      0     0     1384.9623    87                     Cuts: 9      971         
      0     0     1385.3587    89                    Cuts: 10     1039         
Detecting symmetries...

Repeating presolve.
Tried aggregator 1 time.
MIP Presolve eliminated 1 rows and 281 columns.
MIP Presolve modified 95 coefficients.
Reduced MIP has 98 rows, 746 columns, and 3791 nonzeros.
Reduced MIP has 746 binaries, 0 generals, 0 SOSs, and 0 indicators.
Presolve time = 0.00 sec. (3.54 ticks)
Probing fixed 4 vars, tightened 0 bounds.
Probing time = 0.01 sec. (4.73 ticks)
Tried aggregator 1 time.
MIP Presolve eliminated 1 rows and 8 columns.
Reduced MIP has 97 rows, 738 columns, and 3753 nonzeros.
Reduced MIP has 738 binaries, 0 generals, 0 SOSs, and 0 indicators.
Presolve time = 0.00 sec. (2.66 ticks)
Probing time = 0.00 sec. (2.27 ticks)
Tried aggregator 1 time.
Detecting symmetries...
Reduced MIP has 97 rows, 738 columns, and 3753 nonzeros.
Reduced MIP has 738 binaries, 0 generals, 0 SOSs, and 0 indicators.
Presolve time = 0.00 sec. (2.83 ticks)
Represolve time = 0.04 sec. (27.03 ticks)
Probing time = 0.00 sec. (2.26 ticks)
Clique table members: 931.
MIP emphasis: balance optimality and feasibility.
MIP search method: dynamic search.
Parallel mode: deterministic, using up to 8 threads.
Root relaxation solution time = 0.03 sec. (24.55 ticks)

        Nodes                                         Cuts/
   Node  Left     Objective  IInf  Best Integer    Best Bound    ItCnt     Gap

      0     0     1385.3590    89                   1385.3590     1578         
      0     0     1385.7343   121                    Cuts: 38     1676         
      0     0     1386.4363   145                    Cuts: 44     1805         
      0     0     1386.7311   129                    Cuts: 19     1889         
      0     0     1386.9183   139                    Cuts: 12     1957         
      0     0     1387.0791   138                     Cuts: 4     2017         
      0     0     1387.1524   139                     Cuts: 4     2067         
      0     0     1387.1743   138                     Cuts: 8     2100         
*     0+    0                         1392.3000     1387.1743             0.37%
Detecting symmetries...
      0     2     1387.1883   128     1392.3000     1387.4567     2100    0.35%
Elapsed time = 1.05 sec. (446.25 ticks, tree = 0.02 MB, solutions = 1)
    277    72     1392.1091    31     1392.3000     1389.2116    21257    0.22%
objective_value(sp) = 1392.2999999999997
200.672287 seconds (6.97 M allocations: 349.167 MiB, 0.09% gc time, 2.36% compilation time)
#1: 0 (0.0) {452.0} -> 62 (20.0) {470.0} [110.0, 470.0] -> 74 (70.0) {563.0} [203.0, 563.0] -> 72 (80.0) {658.0} [298.0, 658.0] -> 61 (90.0) {751.0} [391.0, 751.0] -> 64 (100.0) {843.0} [483.0, 843.0] -> 68 (110.0) {936.0} [576.0, 936.0] -> 0 (110.0) {1046.6} [0.0, 1236.0]
#2: 0 (0.0) {85.9} -> 41 (10.0) {104.5} [21.0, 381.0] -> 40 (20.0) {196.5} [113.0, 473.0] -> 55 (30.0) {303.0} [35.0, 395.0] -> 57 (70.0) {395.0} [35.0, 395.0] -> 59 (80.0) {516.0} [516.0, 876.0] -> 0 (80.0) {641.0} [0.0, 1236.0]
#3: 0 (0.0) {361.7} -> 54 (40.0) {401.7} [42.0, 402.0] -> 53 (60.0) {497.0} [137.0, 497.0] -> 56 (90.0) {591.0} [231.0, 591.0] -> 58 (120.0) {683.0} [323.0, 683.0] -> 60 (140.0) {776.0} [416.0, 776.0] -> 0 (140.0) {911.2} [0.0, 1236.0]
#4: 0 (0.0) {359.2} -> 13 (30.0) {390.0} [30.0, 390.0] -> 15 (70.0) {485.3} [227.0, 587.0] -> 16 (110.0) {580.3} [322.0, 682.0] -> 14 (120.0) {672.3} [414.0, 774.0] -> 12 (140.0) {765.3} [507.0, 867.0] -> 0 (140.0) {893.3} [0.0, 1236.0]
#5: 0 (0.0) {549.8} -> 37 (20.0) {589.0} [229.0, 589.0] -> 38 (50.0) {681.0} [321.0, 681.0] -> 39 (70.0) {776.0} [416.0, 776.0] -> 36 (80.0) {871.0} [511.0, 871.0] -> 34 (100.0) {964.0} [604.0, 964.0] -> 0 (100.0) {1086.3} [0.0, 1236.0]
#6: 0 (0.0) {268.8} -> 67 (10.0) {281.0} [12.0, 372.0] -> 65 (20.0) {372.0} [12.0, 372.0] -> 66 (30.0) {671.0} [671.0, 1031.0] -> 69 (40.0) {763.0} [763.0, 1123.0] -> 0 (40.0) {868.8} [0.0, 1236.0]
#7: 0 (0.0) {640.4} -> 48 (10.0) {663.7} [483.0, 843.0] -> 51 (20.0) {756.7} [576.0, 936.0] -> 50 (30.0) {848.9} [668.0, 1028.0] -> 52 (40.0) {942.0} [761.0, 1121.0] -> 49 (50.0) {1035.0} [766.0, 1126.0] -> 47 (60.0) {1127.0} [767.0, 1127.0] -> 0 (60.0) {1235.0} [0.0, 1236.0]
#8: 0 (0.0) {269.8} -> 78 (20.0) {320.0} [50.0, 410.0] -> 76 (30.0) {412.0} [52.0, 412.0] -> 71 (50.0) {507.0} [147.0, 507.0] -> 70 (80.0) {602.0} [242.0, 602.0] -> 73 (90.0) {695.0} [335.0, 695.0] -> 0 (90.0) {840.7} [0.0, 1236.0]
#9: 0 (0.0) {362.0} -> 7 (20.0) {378.0} [18.0, 378.0] -> 9 (30.0) {472.4} [390.0, 750.0] -> 6 (50.0) {564.6} [482.0, 842.0] -> 4 (60.0) {656.8} [575.0, 935.0] -> 1 (70.0) {760.0} [760.0, 1120.0] -> 75 (90.0) {853.0} [770.0, 1130.0] -> 0 (90.0) {958.8} [0.0, 1236.0]
#10: 0 (0.0) {269.9} -> 98 (20.0) {300.7} [30.0, 390.0] -> 96 (30.0) {396.0} [36.0, 396.0] -> 100 (50.0) {507.0} [507.0, 867.0] -> 99 (60.0) {602.0} [602.0, 962.0] -> 2 (90.0) {706.1} [668.0, 1028.0] -> 0 (90.0) {816.7} [0.0, 1236.0]
#11: 0 (0.0) {360.2} -> 95 (30.0) {397.4} [38.0, 398.0] -> 94 (40.0) {491.0} [131.0, 491.0] -> 92 (60.0) {584.6} [225.0, 585.0] -> 93 (100.0) {676.6} [317.0, 677.0] -> 97 (130.0) {771.6} [412.0, 772.0] -> 0 (130.0) {901.9} [0.0, 1236.0]
#12: 0 (0.0) {179.4} -> 90 (10.0) {200.0} [20.0, 380.0] -> 87 (30.0) {295.0} [25.0, 385.0] -> 86 (40.0) {386.0} [26.0, 386.0] -> 88 (70.0) {497.0} [497.0, 857.0] -> 89 (80.0) {590.0} [590.0, 950.0] -> 0 (80.0) {704.3} [0.0, 1236.0]
#13: 0 (0.0) {449.7} -> 83 (10.0) {482.0} [122.0, 482.0] -> 82 (30.0) {575.0} [215.0, 575.0] -> 84 (50.0) {670.8} [311.0, 671.0] -> 85 (80.0) {763.6} [404.0, 764.0] -> 91 (90.0) {861.6} [683.0, 1043.0] -> 0 (90.0) {973.9} [0.0, 1236.0]
#14: 0 (0.0) {74.69999999999999} -> 31 (20.0) {108.2} [39.0, 399.0] -> 35 (30.0) {203.2} [134.0, 494.0] -> 33 (70.0) {299.0} [33.0, 393.0] -> 32 (100.0) {391.0} [31.0, 391.0] -> 29 (110.0) {495.1} [202.0, 562.0] -> 0 (110.0) {605.1} [0.0, 1236.0]
#15: 0 (0.0) {172.89999999999998} -> 17 (20.0) {206.2} [33.0, 393.0] -> 19 (30.0) {302.0} [132.0, 492.0] -> 18 (50.0) {397.0} [37.0, 397.0] -> 30 (60.0) {507.6} [297.0, 657.0] -> 28 (80.0) {600.6} [390.0, 750.0] -> 0 (80.0) {708.3} [0.0, 1236.0]
#16: 0 (0.0) {267.59999999999997} -> 63 (50.0) {281.7} [15.0, 375.0] -> 81 (80.0) {407.0} [47.0, 407.0] -> 77 (90.0) {502.8} [429.0, 789.0] -> 79 (100.0) {593.8} [520.0, 880.0] -> 80 (110.0) {689.1} [615.0, 975.0] -> 0 (110.0) {830.5} [0.0, 1236.0]
#17: 0 (0.0) {269.5} -> 43 (10.0) {286.0} [16.0, 376.0] -> 42 (30.0) {379.0} [19.0, 379.0] -> 44 (40.0) {471.2} [206.0, 566.0] -> 45 (50.0) {563.2} [391.0, 751.0] -> 46 (80.0) {655.2} [299.0, 659.0] -> 21 (100.0) {765.2} [760.0, 1120.0] -> 0 (100.0) {865.3} [0.0, 1236.0]
#18: 0 (0.0) {177.4} -> 5 (10.0) {192.5} [15.0, 375.0] -> 3 (20.0) {283.5} [16.0, 376.0] -> 8 (40.0) {377.9} [110.0, 470.0] -> 11 (50.0) {471.0} [297.0, 657.0] -> 10 (60.0) {564.0} [204.0, 564.0] -> 23 (70.0) {667.0} [575.0, 935.0] -> 0 (70.0) {770.0} [0.0, 1236.0]
#19: 0 (0.0) {180.0} -> 20 (10.0) {190.0} [10.0, 370.0] -> 24 (20.0) {285.0} [15.0, 375.0] -> 25 (60.0) {377.0} [17.0, 377.0] -> 27 (70.0) {469.0} [109.0, 469.0] -> 26 (80.0) {562.6} [482.0, 842.0] -> 22 (100.0) {668.0} [668.0, 1028.0] -> 0 (100.0) {770.1} [0.0, 1236.0]

Dist: 1392.2999999999997. Cost: 1392.2999999999997

Clique cuts applied:  92
Zero-half cuts applied:  37
Lift and project cuts applied:  49
Gomory fractional cuts applied:  7

Root node processing (before b&c):
  Real time             =    1.05 sec. (445.43 ticks)
Parallel b&c, 8 threads:
  Real time             =    0.57 sec. (325.01 ticks)
  Sync time (average)   =    0.14 sec.
  Wait time (average)   =    0.00 sec.
                          ------------
Total (root+branch&cut) =    1.62 sec. (770.44 ticks)
