Solving...
------------------------------------------------------------------------------------------------------------------------------------------------
|  Restart |  Iteration |  Best Feas. Cost |    Best Cost |   Curr. Cost |   Penalty Custom Res. |   Penalty Standard Res. |   Pool |   Time (s) |
------------------------------------------------------------------------------------------------------------------------------------------------
|        1 |          1 |              Inf |       991.09 |      1094.00 |                  8.00 |                    0.13 |     50 |     0.1917 |
|        1 |          2 |              Inf |       991.09 |      1354.36 |                 17.39 |                    0.10 |     54 |     0.6481 |
|        1 |          0 |          1568.70 |       991.09 |      1568.70 |                 19.39 |                    0.10 |     75 |     0.9772 |
|        1 |          1 |          1568.70 |       991.09 |      1549.54 |                 13.82 |                    0.10 |     87 |     1.1180 |
|        1 |          0 |          1548.40 |       991.09 |      1548.40 |                 22.32 |                    0.10 |    104 |     1.2881 |
|        1 |          1 |          1548.40 |       991.09 |      1554.70 |                 34.51 |                    0.10 |    107 |     1.3609 |
|        1 |          2 |          1548.40 |       991.09 |      1550.50 |                 30.13 |                    0.10 |    112 |     1.4441 |
|        1 |          3 |          1548.40 |       991.09 |      1574.36 |                 27.14 |                    0.10 |    118 |     1.5092 |
|        1 |          4 |          1548.40 |       991.09 |      1568.89 |                 66.33 |                    0.10 |    119 |     1.6108 |
|        1 |          5 |          1548.40 |       991.09 |      1598.00 |                 27.08 |                    0.10 |    129 |     1.7050 |
|        1 |          6 |          1548.40 |       991.09 |      1580.50 |                 12.97 |                    0.10 |    139 |     1.8014 |
|        1 |          7 |          1548.40 |       991.09 |      1539.44 |                 14.52 |                    0.10 |    146 |     1.9158 |
|        1 |          8 |          1548.40 |       991.09 |      1551.10 |                 24.27 |                    0.10 |    153 |     2.0199 |
|        1 |          9 |          1548.40 |       991.09 |      1551.10 |                 17.52 |                    0.10 |    153 |     2.1056 |
|        1 |         10 |          1548.40 |       991.09 |      1551.50 |                 15.60 |                    0.10 |    154 |     2.2138 |
|        1 |         11 |          1548.40 |       991.09 |      1538.33 |                 36.65 |                    0.10 |    158 |     2.2994 |
|        1 |          0 |          1545.40 |       991.09 |      1545.40 |                 29.27 |                    0.10 |    160 |     2.3754 |
|        1 |          1 |          1545.40 |       991.09 |      1545.40 |                 26.62 |                    0.10 |    160 |     2.4481 |
|        1 |          2 |          1545.40 |       991.09 |      1513.92 |                 32.39 |                    0.10 |    166 |     2.6695 |
|        1 |          3 |          1545.40 |       991.09 |      1555.10 |                 22.62 |                    0.10 |    176 |     2.8099 |
|        1 |          4 |          1545.40 |       991.09 |      1533.27 |                 24.32 |                    0.10 |    177 |     2.9255 |
|        1 |          5 |          1545.40 |       991.09 |      1527.13 |                 28.38 |                    0.10 |    178 |     3.0058 |
|        1 |          6 |          1545.40 |       991.09 |      1568.13 |                 16.78 |                    0.10 |    184 |     3.0832 |
|        1 |          0 |          1527.50 |       991.09 |      1527.50 |                 13.99 |                    0.10 |    189 |     3.2614 |
|        1 |          0 |          1526.80 |       991.09 |      1526.80 |                 20.37 |                    0.10 |    191 |     3.3330 |
|        1 |          1 |          1526.80 |       991.09 |      1562.49 |                 28.20 |                    0.12 |    194 |     3.4101 |
|        1 |          2 |          1526.80 |       991.09 |      1535.70 |                 43.12 |                    0.10 |    196 |     3.4958 |
|        1 |          3 |          1526.80 |       991.09 |      1540.90 |                 18.53 |                    0.10 |    196 |     3.5607 |
|        1 |          4 |          1526.80 |       991.09 |      1538.50 |                 10.64 |                    0.10 |    198 |     3.6367 |
|        1 |          5 |          1526.80 |       991.09 |      1529.19 |                 12.28 |                    0.10 |    205 |     3.7282 |
|        1 |          6 |          1526.80 |       991.09 |      1538.68 |                 34.23 |                    0.10 |    207 |     3.8164 |
|        1 |          7 |          1526.80 |       991.09 |      1540.79 |                 12.55 |                    0.10 |    211 |     4.0289 |
|        1 |          8 |          1526.80 |       991.09 |      1527.17 |                 31.34 |                    0.10 |    215 |     4.1580 |
|        1 |          9 |          1526.80 |       991.09 |      1573.07 |                 41.27 |                    0.10 |    216 |     4.2330 |
|        1 |         10 |          1526.80 |       991.09 |      1526.84 |                 42.39 |                    0.10 |    218 |     4.4475 |
|        1 |         11 |          1526.80 |       991.09 |      1535.30 |                 37.71 |                    0.10 |    220 |     4.5774 |
|        1 |         12 |          1526.80 |       991.09 |      1528.80 |                 43.53 |                    0.10 |    221 |     4.6873 |
|        1 |         13 |          1526.80 |       991.09 |      1530.30 |                 37.66 |                    0.10 |    222 |     4.7625 |
|        1 |         14 |          1526.80 |       991.09 |      1549.30 |                 23.62 |                    0.10 |    224 |     4.8882 |
|        1 |         15 |          1526.80 |       991.09 |      1537.70 |                 32.73 |                    0.10 |    225 |     4.9746 |
|        1 |         16 |          1526.80 |       991.09 |      1551.70 |                  9.88 |                    0.10 |    229 |     5.1115 |
|        1 |         17 |          1526.80 |       991.09 |      1559.48 |                 27.52 |                    0.19 |    236 |     5.2205 |
|        1 |         18 |          1526.80 |       991.09 |      1560.60 |                 10.62 |                    0.10 |    244 |     5.4225 |
|        1 |         19 |          1526.80 |       991.09 |      1543.03 |                 13.82 |                    0.10 |    250 |     5.5427 |
|        1 |         20 |          1526.80 |       991.09 |      1565.16 |                 17.15 |                    0.10 |    250 |     5.6135 |
|        1 |         21 |          1526.80 |       991.09 |      1573.58 |                 14.29 |                    0.10 |    254 |     5.8988 |
|        1 |         22 |          1526.80 |       991.09 |      1558.45 |                 21.46 |                    0.10 |    254 |     5.9616 |
|        1 |         23 |          1526.80 |       991.09 |      1563.50 |                 41.72 |                    0.10 |    254 |     6.0422 |
|        1 |         24 |          1526.80 |       991.09 |      1598.80 |                 26.88 |                    0.10 |    260 |     6.2161 |
|        1 |         25 |          1526.80 |       991.09 |      1554.50 |                 24.88 |                    0.10 |    265 |     6.3352 |
|        1 |         26 |          1526.80 |       991.09 |      1544.93 |                 30.49 |                    0.10 |    269 |     6.4441 |
|        1 |         27 |          1526.80 |       991.09 |      1555.50 |                 17.48 |                    0.10 |    271 |     6.5472 |
|        1 |         28 |          1526.80 |       991.09 |      1546.65 |                 23.37 |                    0.10 |    278 |     6.7118 |
|        1 |         29 |          1526.80 |       991.09 |      1560.83 |                 49.76 |                    0.10 |    282 |     6.7899 |
|        1 |         30 |          1526.80 |       991.09 |      1568.80 |                 38.40 |                    0.10 |    285 |     6.9344 |
|        1 |         31 |          1526.80 |       991.09 |      1623.20 |                 23.63 |                    0.10 |    291 |     7.0295 |
|        1 |         32 |          1526.80 |       991.09 |      1567.41 |                 34.60 |                    0.10 |    296 |     7.1687 |
|        1 |         33 |          1526.80 |       991.09 |      1569.63 |                 25.02 |                    0.10 |    304 |     7.4114 |
|        1 |         34 |          1526.80 |       991.09 |      1574.60 |                 53.84 |                    0.10 |    304 |     7.4757 |
|        1 |         35 |          1526.80 |       991.09 |      1563.10 |                 18.36 |                    0.10 |    309 |     7.5798 |
|        1 |         36 |          1526.80 |       991.09 |      1555.64 |                 10.84 |                    0.10 |    315 |     7.6858 |
|        1 |         37 |          1526.80 |       991.09 |      1544.12 |                 21.51 |                    0.10 |    315 |     7.7716 |
|        1 |         38 |          1526.80 |       991.09 |      1508.96 |                 25.98 |                    0.10 |    322 |     7.9483 |
|        1 |         39 |          1526.80 |       991.09 |      1558.90 |                 13.51 |                    0.10 |    327 |     8.0142 |
|        1 |         40 |          1526.80 |       991.09 |      1552.20 |                 16.25 |                    0.10 |    332 |     8.1048 |
|        1 |         41 |          1526.80 |       991.09 |      1546.93 |                 33.14 |                    0.10 |    338 |     8.2261 |
|        1 |         42 |          1526.80 |       991.09 |      1562.11 |                 27.57 |                    0.10 |    344 |     8.4564 |
|        1 |         43 |          1526.80 |       991.09 |      1572.10 |                 14.33 |                    0.10 |    346 |     8.5334 |
|        1 |         44 |          1526.80 |       991.09 |      1564.23 |                 13.54 |                    0.10 |    347 |     8.6403 |
|        1 |         45 |          1526.80 |       991.09 |      1576.10 |                 11.94 |                    0.10 |    352 |     8.7389 |
|        1 |         46 |          1526.80 |       991.09 |      1592.30 |                 28.67 |                    0.10 |    352 |     8.8152 |
|        1 |         47 |          1526.80 |       991.09 |      1595.80 |                 14.32 |                    0.10 |    353 |     8.8824 |
|        1 |         48 |          1526.80 |       991.09 |      1563.52 |                 29.81 |                    0.11 |    358 |     9.0172 |
|        1 |         49 |          1526.80 |       991.09 |      1588.10 |                 19.09 |                    0.10 |    361 |     9.1184 |
|        1 |         50 |          1526.80 |       991.09 |      1582.00 |                 21.37 |                    0.10 |    363 |     9.2398 |
|        1 |         51 |          1526.80 |       991.09 |      1563.71 |                 51.51 |                    0.10 |    371 |     9.4120 |
|        1 |         52 |          1526.80 |       991.09 |      1587.50 |                 18.60 |                    0.10 |    378 |     9.5523 |
|        1 |         53 |          1526.80 |       991.09 |      1562.94 |                 15.28 |                    0.10 |    380 |     9.6603 |
|        1 |         54 |          1526.80 |       991.09 |      1555.57 |                 20.06 |                    0.10 |    382 |     9.7881 |
|        1 |         55 |          1526.80 |       991.09 |      1542.36 |                 11.73 |                    0.10 |    385 |     9.8870 |
|        1 |         56 |          1526.80 |       991.09 |      1549.53 |                 18.86 |                    0.10 |    387 |     9.9794 |
|        1 |         57 |          1526.80 |       991.09 |      1569.64 |                 42.62 |                    0.10 |    393 |    10.0547 |
|        1 |         58 |          1526.80 |       991.09 |      1552.70 |                 18.68 |                    0.10 |    395 |    10.1548 |
|        1 |         59 |          1526.80 |       991.09 |      1542.60 |                  8.39 |                    0.10 |    396 |    10.3295 |
|        1 |         60 |          1526.80 |       991.09 |      1488.53 |                 23.15 |                    0.10 |    397 |    10.4193 |
|        1 |         61 |          1526.80 |       991.09 |      1589.53 |                 45.05 |                    0.10 |    401 |    10.4875 |
|        1 |         62 |          1526.80 |       991.09 |      1545.40 |                 17.77 |                    0.10 |    405 |    10.6618 |
|        1 |         63 |          1526.80 |       991.09 |      1512.21 |                 35.18 |                    0.10 |    406 |    10.7795 |
|        1 |         64 |          1526.80 |       991.09 |      1556.90 |                 23.37 |                    0.10 |    406 |    10.9484 |
|        1 |         65 |          1526.80 |       991.09 |      1566.00 |                 33.01 |                    0.10 |    409 |    11.0261 |
|        1 |         66 |          1526.80 |       991.09 |      1550.40 |                 20.52 |                    0.10 |    409 |    11.1178 |
|        1 |         67 |          1526.80 |       991.09 |      1542.89 |                 26.09 |                    0.10 |    417 |    11.2718 |
|        1 |         68 |          1526.80 |       991.09 |      1599.48 |                 64.52 |                    0.10 |    419 |    11.3499 |
|        1 |         69 |          1526.80 |       991.09 |      1575.20 |                 17.46 |                    0.10 |    426 |    11.4664 |
|        1 |         70 |          1526.80 |       991.09 |      1565.34 |                 12.09 |                    0.10 |    431 |    11.5861 |
|        1 |         71 |          1526.80 |       991.09 |      1563.30 |                 14.68 |                    0.11 |    431 |    11.6946 |
|        1 |         72 |          1526.80 |       991.09 |      1568.92 |                 12.70 |                    0.10 |    433 |    11.7930 |
|        1 |         73 |          1526.80 |       991.09 |      1572.63 |                 20.03 |                    0.10 |    435 |    11.8881 |
|        1 |         74 |          1526.80 |       991.09 |      1563.80 |                 13.38 |                    0.10 |    440 |    12.1290 |
|        1 |         75 |          1526.80 |       991.09 |      1541.14 |                 29.29 |                    0.10 |    445 |    12.2524 |
|        1 |         76 |          1526.80 |       991.09 |      1576.20 |                 42.00 |                    0.10 |    452 |    12.6525 |
|        1 |         77 |          1526.80 |       991.09 |      1569.33 |                 22.56 |                    0.10 |    458 |    12.8655 |
|        1 |         78 |          1526.80 |       991.09 |      1570.90 |                 12.93 |                    0.10 |    461 |    12.9793 |
|        1 |         79 |          1526.80 |       991.09 |      1538.20 |                 28.90 |                    0.10 |    461 |    13.0827 |
|        1 |         80 |          1526.80 |       991.09 |      1563.50 |                 22.99 |                    0.10 |    463 |    13.2424 |
|        1 |         81 |          1526.80 |       991.09 |      1514.62 |                 20.80 |                    0.10 |    464 |    13.4316 |
|        1 |         82 |          1526.80 |       991.09 |      1557.00 |                 16.25 |                    0.10 |    471 |    13.5714 |
|        1 |         83 |          1526.80 |       991.09 |      1531.60 |                 16.76 |                    0.10 |    471 |    13.7352 |
|        1 |         84 |          1526.80 |       991.09 |      1531.60 |                 21.01 |                    0.10 |    471 |    13.8052 |
|        1 |         85 |          1526.80 |       991.09 |      1531.60 |                 10.81 |                    0.10 |    471 |    13.8720 |
|        1 |         86 |          1526.80 |       991.09 |      1538.48 |                 23.50 |                    0.10 |    473 |    13.9402 |
|        1 |         87 |          1526.80 |       991.09 |      1615.44 |                 50.56 |                    0.10 |    478 |    14.0032 |
|        1 |         88 |          1526.80 |       991.09 |      1568.30 |                 21.37 |                    0.10 |    482 |    14.1912 |
|        1 |         89 |          1526.80 |       991.09 |      1568.30 |                 26.26 |                    0.10 |    482 |    14.2610 |
|        1 |         90 |          1526.80 |       991.09 |      1568.30 |                 15.37 |                    0.10 |    482 |    14.4018 |
|        1 |         91 |          1526.80 |       991.09 |      1559.80 |                 14.99 |                    0.10 |    482 |    14.4924 |
|        1 |         92 |          1526.80 |       991.09 |      1579.80 |                 19.93 |                    0.10 |    482 |    14.5920 |
|        1 |         93 |          1526.80 |       991.09 |      1566.97 |                 12.37 |                    0.10 |    485 |    14.7012 |
|        1 |         94 |          1526.80 |       991.09 |      1557.59 |                 34.12 |                    0.10 |    489 |    14.8006 |
|        1 |         95 |          1526.80 |       991.09 |      1578.10 |                 23.88 |                    0.10 |    497 |    14.9207 |
|        1 |         96 |          1526.80 |       991.09 |      1562.60 |                 30.43 |                    0.10 |    502 |    15.0445 |
|        1 |         97 |          1526.80 |       991.09 |      1574.00 |                 30.20 |                    0.10 |    502 |    15.1777 |
|        1 |         98 |          1526.80 |       991.09 |      1575.07 |                 47.28 |                    0.10 |    507 |    15.3690 |
|        1 |         99 |          1526.80 |       991.09 |      1596.10 |                 14.29 |                    0.10 |    508 |    15.4726 |
|        1 |        100 |          1526.80 |       991.09 |      1580.40 |                  9.50 |                    0.10 |    511 |    15.6031 |
|        1 |        101 |          1526.80 |       991.09 |      1556.00 |                 23.03 |                    0.10 |    513 |    15.6797 |
|        1 |        102 |          1526.80 |       991.09 |      1579.56 |                 28.58 |                    0.10 |    513 |    15.7485 |
|        1 |        103 |          1526.80 |       991.09 |      1567.30 |                 19.60 |                    0.10 |    518 |    15.8634 |
|        1 |        104 |          1526.80 |       991.09 |      1519.59 |                 14.79 |                    0.10 |    522 |    16.0455 |
|        1 |        105 |          1526.80 |       991.09 |      1539.12 |                 14.72 |                    0.10 |    522 |    16.1202 |
|        1 |        106 |          1526.80 |       991.09 |      1536.97 |                 33.28 |                    0.10 |    522 |    16.1905 |
|        1 |        107 |          1526.80 |       991.09 |      1523.66 |                 37.38 |                    0.10 |    524 |    16.4077 |
|        1 |        108 |          1526.80 |       991.09 |      1563.30 |                 18.98 |                    0.10 |    528 |    16.5284 |
|        1 |        109 |          1526.80 |       991.09 |      1556.02 |                 11.85 |                    0.10 |    532 |    16.7048 |
|        1 |        110 |          1526.80 |       991.09 |      1559.60 |                 12.93 |                    0.10 |    534 |    16.9041 |
|        1 |        111 |          1526.80 |       991.09 |      1552.50 |                 18.23 |                    0.10 |    535 |    17.0045 |
|        1 |        112 |          1526.80 |       991.09 |      1558.30 |                 25.42 |                    0.10 |    535 |    17.1329 |
|        1 |        113 |          1526.80 |       991.09 |      1559.60 |                 14.59 |                    0.10 |    535 |    17.2184 |
|        1 |        114 |          1526.80 |       991.09 |      1560.08 |                 17.46 |                    0.10 |    538 |    17.3800 |
|        1 |        115 |          1526.80 |       991.09 |      1557.60 |                 12.00 |                    0.10 |    538 |    17.4597 |
|        1 |        116 |          1526.80 |       991.09 |      1570.00 |                 21.08 |                    0.10 |    541 |    17.5602 |
|        1 |        117 |          1526.80 |       991.09 |      1569.20 |                 20.32 |                    0.10 |    544 |    17.6717 |
|        1 |        118 |          1526.80 |       991.09 |      1548.70 |                 12.00 |                    0.10 |    544 |    17.7744 |
|        1 |        119 |          1526.80 |       991.09 |      1529.40 |                 22.88 |                    0.10 |    544 |    17.8507 |
|        1 |        120 |          1526.80 |       991.09 |      1573.70 |                 21.23 |                    0.10 |    545 |    17.9258 |
|        1 |        121 |          1526.80 |       991.09 |      1533.19 |                 23.87 |                    0.10 |    546 |    18.1325 |
|        1 |        122 |          1526.80 |       991.09 |      1561.10 |                 32.93 |                    0.10 |    550 |    18.3054 |
|        1 |        123 |          1526.80 |       991.09 |      1559.70 |                 15.03 |                    0.10 |    551 |    18.3837 |
|        1 |        124 |          1526.80 |       991.09 |      1549.14 |                 34.63 |                    0.10 |    552 |    18.4709 |
|        1 |        125 |          1526.80 |       991.09 |      1562.80 |                 34.48 |                    0.10 |    552 |    18.5469 |
|        1 |        126 |          1526.80 |       991.09 |      1561.90 |                 18.25 |                    0.10 |    552 |    18.6491 |
|        1 |        127 |          1526.80 |       991.09 |      1562.83 |                 44.35 |                    0.10 |    560 |    18.8378 |
|        1 |        128 |          1526.80 |       991.09 |      1580.40 |                 29.52 |                    0.10 |    567 |    18.9520 |
|        1 |        129 |          1526.80 |       991.09 |      1566.10 |                 18.99 |                    0.10 |    570 |    19.1210 |
|        1 |        130 |          1526.80 |       991.09 |      1532.19 |                 30.80 |                    0.22 |    572 |    19.2304 |
|        1 |        131 |          1526.80 |       991.09 |      1567.00 |                 31.57 |                    0.13 |    573 |    19.3137 |
|        1 |        132 |          1526.80 |       991.09 |      1555.85 |                 38.77 |                    0.10 |    574 |    19.3874 |
|        1 |        133 |          1526.80 |       991.09 |      1563.40 |                 13.72 |                    0.10 |    577 |    19.5256 |
|        1 |        134 |          1526.80 |       991.09 |      1559.79 |                 11.73 |                    0.10 |    578 |    19.6368 |
|        1 |        135 |          1526.80 |       991.09 |      1554.50 |                 23.78 |                    0.10 |    580 |    19.6989 |
|        1 |        136 |          1526.80 |       991.09 |      1582.09 |                 19.19 |                    0.10 |    580 |    19.7671 |
|        1 |        137 |          1526.80 |       991.09 |      1556.40 |                 15.60 |                    0.10 |    580 |    19.8933 |
|        1 |        138 |          1526.80 |       991.09 |      1554.60 |                 12.84 |                    0.10 |    580 |    19.9731 |
------------------------------------------------------------------------------------------------------------------------------------------------
|  Restart |  Iteration |  Best Feas. Cost |    Best Cost |   Curr. Cost |   Penalty Custom Res. |   Penalty Standard Res. |   Pool |   Time (s) |
------------------------------------------------------------------------------------------------------------------------------------------------
|        1 |        139 |          1526.80 |       991.09 |      1533.16 |                 17.88 |                    0.10 |    584 |    20.1079 |
|        1 |        140 |          1526.80 |       991.09 |      1557.12 |                 37.34 |                    0.17 |    585 |    20.1616 |
|        1 |        141 |          1526.80 |       991.09 |      1579.10 |                 20.80 |                    0.10 |    588 |    20.2431 |
|        1 |        142 |          1526.80 |       991.09 |      1549.00 |                 15.03 |                    0.10 |    590 |    20.3203 |
|        1 |        143 |          1526.80 |       991.09 |      1532.75 |                  9.62 |                    0.10 |    590 |    20.4219 |
|        1 |        144 |          1526.80 |       991.09 |      1536.00 |                 18.73 |                    0.10 |    592 |    20.4783 |
|        1 |        145 |          1526.80 |       991.09 |      1591.42 |                 25.19 |                    0.10 |    592 |    20.5392 |
|        1 |        146 |          1526.80 |       991.09 |      1575.00 |                 18.35 |                    0.10 |    594 |    20.6496 |
|        1 |        147 |          1526.80 |       991.09 |      1545.91 |                 40.00 |                    0.10 |    596 |    20.8334 |
|        1 |        148 |          1526.80 |       991.09 |      1545.37 |                 26.49 |                    0.10 |    600 |    21.0273 |
|        1 |        149 |          1526.80 |       991.09 |      1589.90 |                 21.16 |                    0.10 |    603 |    21.1164 |
|        1 |        150 |          1526.80 |       991.09 |      1589.90 |                 18.12 |                    0.10 |    603 |    21.1989 |
|        1 |        151 |          1526.80 |       991.09 |      1546.20 |                 13.47 |                    0.10 |    603 |    21.3207 |
|        1 |        152 |          1526.80 |       991.09 |      1523.91 |                 13.56 |                    0.10 |    604 |    21.3778 |
|        1 |        153 |          1526.80 |       991.09 |      1525.05 |                 26.67 |                    0.10 |    604 |    21.4327 |
|        1 |        154 |          1526.80 |       991.09 |      1596.13 |                 17.43 |                    0.10 |    605 |    21.5234 |
|        1 |        155 |          1526.80 |       991.09 |      1551.70 |                 39.41 |                    0.10 |    605 |    21.6198 |
|        1 |        156 |          1526.80 |       991.09 |      1568.50 |                 25.22 |                    0.10 |    606 |    21.7576 |
|        1 |        157 |          1526.80 |       991.09 |      1568.50 |                 18.07 |                    0.10 |    606 |    21.8296 |
|        1 |        158 |          1526.80 |       991.09 |      1570.00 |                 11.02 |                    0.10 |    606 |    21.9151 |
|        1 |        159 |          1526.80 |       991.09 |      1550.82 |                  7.94 |                    0.10 |    606 |    22.0943 |
|        1 |        160 |          1526.80 |       991.09 |      1490.41 |                 19.07 |                    0.10 |    607 |    22.1985 |
|        1 |        161 |          1526.80 |       991.09 |      1554.80 |                 33.57 |                    0.11 |    608 |    22.2755 |
|        1 |        162 |          1526.80 |       991.09 |      1577.70 |                 19.61 |                    0.10 |    609 |    22.4066 |
|        1 |        163 |          1526.80 |       991.09 |      1512.93 |                 30.76 |                    0.25 |    610 |    22.5627 |
|        1 |        164 |          1526.80 |       991.09 |      1577.40 |                 22.34 |                    0.10 |    615 |    22.7317 |
|        1 |        165 |          1526.80 |       991.09 |      1576.50 |                 16.31 |                    0.10 |    615 |    22.8109 |
|        1 |        166 |          1526.80 |       991.09 |      1548.06 |                 28.37 |                    0.10 |    616 |    22.9254 |
|        1 |        167 |          1526.80 |       991.09 |      1594.70 |                 15.73 |                    0.10 |    620 |    23.1037 |
|        1 |        168 |          1526.80 |       991.09 |      1570.58 |                 48.81 |                    0.10 |    621 |    23.2529 |
|        1 |        169 |          1526.80 |       991.09 |      1575.50 |                 29.07 |                    0.10 |    625 |    23.3970 |
|        1 |        170 |          1526.80 |       991.09 |      1577.90 |                 17.88 |                    0.10 |    625 |    23.5091 |
|        1 |        171 |          1526.80 |       991.09 |      1584.18 |                 28.39 |                    0.10 |    626 |    23.6406 |
|        1 |        172 |          1526.80 |       991.09 |      1595.70 |                 13.55 |                    0.10 |    628 |    23.8019 |
|        1 |        173 |          1526.80 |       991.09 |      1567.20 |                 13.30 |                    0.10 |    628 |    23.9402 |
|        1 |        174 |          1526.80 |       991.09 |      1555.40 |                 28.34 |                    0.10 |    628 |    24.0073 |
|        1 |        175 |          1526.80 |       991.09 |      1558.97 |                 40.33 |                    0.10 |    629 |    24.1291 |
|        1 |        176 |          1526.80 |       991.09 |      1554.30 |                 24.00 |                    0.10 |    630 |    24.2873 |
|        1 |        177 |          1526.80 |       991.09 |      1574.33 |                 20.35 |                    0.10 |    634 |    24.3752 |
|        1 |        178 |          1526.80 |       991.09 |      1565.80 |                 38.75 |                    0.10 |    638 |    24.4733 |
|        1 |        179 |          1526.80 |       991.09 |      1559.60 |                 27.00 |                    0.10 |    640 |    24.6724 |
|        1 |        180 |          1526.80 |       991.09 |      1562.90 |                 27.12 |                    0.10 |    640 |    24.7586 |
|        1 |        181 |          1526.80 |       991.09 |      1562.30 |                 12.01 |                    0.10 |    640 |    24.8477 |
|        1 |        182 |          1526.80 |       991.09 |      1546.11 |                 18.87 |                    0.10 |    641 |    24.9875 |
|        1 |        183 |          1526.80 |       991.09 |      1575.30 |                 18.03 |                    0.10 |    641 |    25.0688 |
|        1 |        184 |          1526.80 |       991.09 |      1563.25 |                 46.41 |                    0.13 |    641 |    25.1507 |
|        1 |        185 |          1526.80 |       991.09 |      1571.66 |                 23.08 |                    0.10 |    646 |    25.4639 |
|        1 |        186 |          1526.80 |       991.09 |      1565.90 |                 14.35 |                    0.10 |    649 |    25.5628 |
|        1 |        187 |          1526.80 |       991.09 |      1545.37 |                 48.78 |                    0.10 |    649 |    25.6615 |
|        1 |        188 |          1526.80 |       991.09 |      1551.30 |                 28.56 |                    0.10 |    650 |    25.7495 |
|        1 |        189 |          1526.80 |       991.09 |      1564.10 |                 13.04 |                    0.10 |    653 |    25.8153 |
|        1 |        190 |          1526.80 |       991.09 |      1566.90 |                 12.33 |                    0.10 |    656 |    25.9040 |
|        1 |        191 |          1526.80 |       991.09 |      1543.89 |                 32.04 |                    0.10 |    656 |    25.9891 |
|        1 |        192 |          1526.80 |       991.09 |      1561.80 |                 25.21 |                    0.10 |    657 |    26.1453 |
|        1 |        193 |          1526.80 |       991.09 |      1561.20 |                 18.39 |                    0.10 |    658 |    26.2292 |
|        1 |        194 |          1526.80 |       991.09 |      1559.60 |                 16.33 |                    0.10 |    660 |    26.3681 |
|        1 |        195 |          1526.80 |       991.09 |      1541.60 |                 19.62 |                    0.10 |    661 |    26.4807 |
|        1 |        196 |          1526.80 |       991.09 |      1541.70 |                 18.19 |                    0.10 |    661 |    26.5683 |
|        1 |        197 |          1526.80 |       991.09 |      1541.70 |                 17.76 |                    0.10 |    661 |    26.6364 |
|        1 |        198 |          1526.80 |       991.09 |      1541.70 |                 10.08 |                    0.10 |    661 |    26.7393 |
|        1 |        199 |          1526.80 |       991.09 |      1499.41 |                 23.19 |                    0.10 |    664 |    26.8502 |
|        1 |        200 |          1526.80 |       991.09 |      1559.00 |                 13.00 |                    0.10 |    667 |    26.9798 |
|        1 |        201 |          1526.80 |       991.09 |      1550.42 |                 19.50 |                    0.10 |    668 |    27.0587 |
|        1 |        202 |          1526.80 |       991.09 |      1562.60 |                 23.40 |                    0.12 |    672 |    27.1805 |
|        1 |        203 |          1526.80 |       991.09 |      1546.60 |                 10.76 |                    0.10 |    673 |    27.2780 |
|        1 |        204 |          1526.80 |       991.09 |      1546.57 |                 23.62 |                    0.10 |    674 |    27.3438 |
|        1 |        205 |          1526.80 |       991.09 |      1572.40 |                 25.91 |                    0.10 |    675 |    27.4560 |
|        1 |        206 |          1526.80 |       991.09 |      1533.56 |                 24.37 |                    0.10 |    675 |    27.6350 |
|        1 |        207 |          1526.80 |       991.09 |      1542.90 |                 27.36 |                    0.10 |    675 |    27.7023 |
|        1 |        208 |          1526.80 |       991.09 |      1537.00 |                 10.18 |                    0.10 |    675 |    27.8278 |
|        1 |        209 |          1526.80 |       991.09 |      1534.20 |                 26.10 |                    0.10 |    675 |    27.9696 |
|        1 |        210 |          1526.80 |       991.09 |      1568.80 |                 12.28 |                    0.10 |    675 |    28.0346 |
|        1 |        211 |          1526.80 |       991.09 |      1580.40 |                 15.69 |                    0.10 |    676 |    28.1113 |
|        1 |        212 |          1526.80 |       991.09 |      1556.60 |                 28.12 |                    0.10 |    676 |    28.3679 |
|        1 |        213 |          1526.80 |       991.09 |      1555.10 |                 17.14 |                    0.10 |    676 |    28.4458 |
|        1 |        214 |          1526.80 |       991.09 |      1550.10 |                 17.05 |                    0.10 |    676 |    28.5297 |
|        1 |        215 |          1526.80 |       991.09 |      1555.40 |                 15.51 |                    0.10 |    676 |    28.6067 |
|        1 |        216 |          1526.80 |       991.09 |      1555.40 |                 14.83 |                    0.10 |    676 |    28.6776 |
|        1 |        217 |          1526.80 |       991.09 |      1538.35 |                 21.38 |                    0.10 |    676 |    28.7454 |
|        1 |        218 |          1526.80 |       991.09 |      1562.00 |                 29.02 |                    0.10 |    677 |    28.8197 |
|        1 |        219 |          1526.80 |       991.09 |      1584.47 |                 29.15 |                    0.10 |    679 |    28.9078 |
|        1 |        220 |          1526.80 |       991.09 |      1582.98 |                 62.72 |                    0.10 |    681 |    28.9689 |
|        1 |        221 |          1526.80 |       991.09 |      1568.50 |                 27.98 |                    0.10 |    683 |    29.0798 |
|        1 |        222 |          1526.80 |       991.09 |      1562.20 |                 33.34 |                    0.10 |    683 |    29.1479 |
|        1 |        223 |          1526.80 |       991.09 |      1570.70 |                 36.97 |                    0.10 |    683 |    29.2514 |
|        1 |        224 |          1526.80 |       991.09 |      1583.30 |                 37.84 |                    0.10 |    685 |    29.3573 |
|        1 |        225 |          1526.80 |       991.09 |      1569.10 |                 25.16 |                    0.10 |    685 |    29.4856 |
|        1 |        226 |          1526.80 |       991.09 |      1559.30 |                 41.19 |                    0.10 |    689 |    29.5973 |
|        1 |        227 |          1526.80 |       991.09 |      1567.60 |                 13.21 |                    0.10 |    690 |    29.7085 |
|        1 |        228 |          1526.80 |       991.09 |      1536.90 |                 32.27 |                    0.10 |    692 |    29.8129 |
|        1 |        229 |          1526.80 |       991.09 |      1542.20 |                 18.84 |                    0.10 |    695 |    30.0994 |
|        1 |        230 |          1526.80 |       991.09 |      1533.82 |                 37.80 |                    0.10 |    695 |    30.1601 |
|        1 |        231 |          1526.80 |       991.09 |      1553.00 |                 29.00 |                    0.10 |    698 |    30.2385 |
|        1 |        232 |          1526.80 |       991.09 |      1550.30 |                 15.21 |                    0.10 |    698 |    30.3224 |
|        1 |        233 |          1526.80 |       991.09 |      1516.49 |                 36.70 |                    0.10 |    701 |    30.4674 |
|        1 |        234 |          1526.80 |       991.09 |      1608.70 |                 26.95 |                    0.10 |    707 |    30.6026 |
|        1 |        235 |          1526.80 |       991.09 |      1609.80 |                 32.09 |                    0.10 |    707 |    30.6857 |
|        1 |        236 |          1526.80 |       991.09 |      1558.72 |                 17.71 |                    0.10 |    711 |    30.9151 |
|        1 |        237 |          1526.80 |       991.09 |      1564.47 |                 49.34 |                    0.10 |    711 |    30.9950 |
|        1 |        238 |          1526.80 |       991.09 |      1583.10 |                 23.60 |                    0.10 |    714 |    31.1127 |
|        1 |        239 |          1526.80 |       991.09 |      1576.80 |                 37.95 |                    0.10 |    717 |    31.1875 |
|        1 |        240 |          1526.80 |       991.09 |      1576.80 |                 16.96 |                    0.10 |    717 |    31.2649 |
|        1 |        241 |          1526.80 |       991.09 |      1576.80 |                 12.76 |                    0.10 |    717 |    31.3334 |
|        1 |        242 |          1526.80 |       991.09 |      1554.65 |                 30.29 |                    0.11 |    717 |    31.4189 |
|        1 |        243 |          1526.80 |       991.09 |      1547.50 |                 15.55 |                    0.10 |    719 |    31.5290 |
|        1 |        244 |          1526.80 |       991.09 |      1558.24 |                 15.45 |                    0.10 |    721 |    31.6355 |
|        1 |        245 |          1526.80 |       991.09 |      1471.47 |                 14.55 |                    0.10 |    721 |    31.7920 |
|        1 |        246 |          1526.80 |       991.09 |      1549.80 |                 29.20 |                    0.10 |    723 |    31.8463 |
|        1 |        247 |          1526.80 |       991.09 |      1555.90 |                 39.87 |                    0.10 |    725 |    31.9788 |
|        1 |        248 |          1526.80 |       991.09 |      1542.80 |                 32.31 |                    0.10 |    726 |    32.1360 |
|        1 |        249 |          1526.80 |       991.09 |      1527.81 |                 15.57 |                    0.10 |    726 |    32.2972 |
|        1 |        250 |          1526.80 |       991.09 |      1518.19 |                 25.24 |                    0.10 |    726 |    32.3954 |
|        1 |        251 |          1526.80 |       991.09 |      1525.54 |                 55.96 |                    0.10 |    726 |    32.4613 |
|        1 |        252 |          1526.80 |       991.09 |      1553.70 |                 25.79 |                    0.10 |    726 |    32.5380 |
|        1 |          0 |          1525.30 |       991.09 |      1525.30 |                 19.51 |                    0.10 |    726 |    32.6787 |
|        1 |          1 |          1525.30 |       991.09 |      1525.30 |                 11.08 |                    0.10 |    726 |    32.7658 |
|        1 |          2 |          1525.30 |       991.09 |      1518.14 |                 12.06 |                    0.10 |    726 |    32.8465 |
|        1 |          3 |          1525.30 |       991.09 |      1531.30 |                 14.92 |                    0.10 |    727 |    32.9618 |
|        1 |          4 |          1525.30 |       991.09 |      1533.34 |                 35.36 |                    0.23 |    727 |    33.0788 |
|        1 |          5 |          1525.30 |       991.09 |      1592.85 |                 82.38 |                    0.14 |    727 |    33.1387 |
|        1 |          6 |          1525.30 |       991.09 |      1542.40 |                 28.37 |                    0.10 |    727 |    33.2374 |
|        1 |          7 |          1525.30 |       991.09 |      1542.40 |                 20.28 |                    0.10 |    727 |    33.3228 |
|        1 |          8 |          1525.30 |       991.09 |      1523.72 |                 19.50 |                    0.10 |    727 |    33.4714 |
|        1 |          9 |          1525.30 |       991.09 |      1534.09 |                 17.92 |                    0.10 |    727 |    33.5444 |
|        1 |         10 |          1525.30 |       991.09 |      1532.83 |                 12.55 |                    0.10 |    727 |    33.6414 |
|        1 |         11 |          1525.30 |       991.09 |      1524.17 |                 36.36 |                    0.10 |    727 |    33.7382 |
|        1 |          0 |          1522.40 |       991.09 |      1522.40 |                 19.65 |                    0.10 |    727 |    33.8231 |
|        1 |          1 |          1522.40 |       991.09 |      1533.80 |                 22.29 |                    0.10 |    727 |    33.8955 |
|        1 |          2 |          1522.40 |       991.09 |      1529.11 |                 30.15 |                    0.10 |    729 |    34.0256 |
|        1 |          3 |          1522.40 |       991.09 |      1541.80 |                 15.42 |                    0.10 |    729 |    34.1855 |
|        1 |          4 |          1522.40 |       991.09 |      1542.80 |                 23.13 |                    0.10 |    729 |    34.2687 |
|        1 |          5 |          1522.40 |       991.09 |      1535.93 |                 42.30 |                    0.16 |    729 |    34.3744 |
|        1 |          6 |          1522.40 |       991.09 |      1574.60 |                 20.09 |                    0.10 |    731 |    34.4671 |
|        1 |          7 |          1522.40 |       991.09 |      1559.27 |                 19.16 |                    0.10 |    732 |    34.5969 |
|        1 |          8 |          1522.40 |       991.09 |      1540.04 |                  7.80 |                    0.10 |    734 |    34.7462 |
|        1 |          9 |          1522.40 |       991.09 |      1482.54 |                 28.99 |                    0.10 |    735 |    34.8585 |
|        1 |         10 |          1522.40 |       991.09 |      1536.95 |                 29.36 |                    0.10 |    737 |    35.1313 |
|        1 |         11 |          1522.40 |       991.09 |      1557.11 |                 32.29 |                    0.10 |    739 |    35.2034 |
|        1 |         12 |          1522.40 |       991.09 |      1542.10 |                 12.94 |                    0.10 |    739 |    35.2798 |
|        1 |         13 |          1522.40 |       991.09 |      1520.83 |                 50.02 |                    0.10 |    740 |    35.3968 |
|        1 |         14 |          1522.40 |       991.09 |      1537.80 |                 18.58 |                    0.10 |    741 |    35.5570 |
|        1 |         15 |          1522.40 |       991.09 |      1532.16 |                 34.67 |                    0.10 |    741 |    35.6648 |
|        1 |         16 |          1522.40 |       991.09 |      1545.50 |                 12.31 |                    0.10 |    741 |    35.7488 |
|        1 |         17 |          1522.40 |       991.09 |      1514.06 |                 11.76 |                    0.10 |    741 |    35.8331 |
|        1 |         18 |          1522.40 |       991.09 |      1531.35 |                 28.77 |                    0.14 |    742 |    35.9221 |
|        1 |         19 |          1522.40 |       991.09 |      1604.50 |                 13.75 |                    0.10 |    745 |    36.0448 |
|        1 |         20 |          1522.40 |       991.09 |      1536.33 |                 16.48 |                    0.10 |    748 |    36.1984 |
|        1 |         21 |          1522.40 |       991.09 |      1534.28 |                 30.74 |                    0.10 |    748 |    36.3061 |
|        1 |         22 |          1522.40 |       991.09 |      1566.32 |                 44.79 |                    0.10 |    748 |    36.3706 |
|        1 |         23 |          1522.40 |       991.09 |      1577.40 |                 13.64 |                    0.10 |    749 |    36.5175 |
|        1 |         24 |          1522.40 |       991.09 |      1579.30 |                 25.76 |                    0.10 |    749 |    36.5886 |
|        1 |         25 |          1522.40 |       991.09 |      1569.86 |                 52.11 |                    0.10 |    750 |    36.6798 |
|        1 |         26 |          1522.40 |       991.09 |      1570.50 |                 16.38 |                    0.10 |    751 |    36.8012 |
|        1 |         27 |          1522.40 |       991.09 |      1555.04 |                 21.47 |                    0.10 |    754 |    36.9354 |
|        1 |         28 |          1522.40 |       991.09 |      1578.10 |                  8.95 |                    0.10 |    754 |    37.0170 |
|        1 |         29 |          1522.40 |       991.09 |      1517.05 |                 18.43 |                    0.10 |    755 |    37.1402 |
|        1 |         30 |          1522.40 |       991.09 |      1571.57 |                 27.64 |                    0.10 |    757 |    37.2162 |
|        1 |         31 |          1522.40 |       991.09 |      1549.69 |                 21.76 |                    0.10 |    758 |    37.3633 |
|        1 |         32 |          1522.40 |       991.09 |      1568.02 |                 32.92 |                    0.10 |    760 |    37.4552 |
|        1 |         33 |          1522.40 |       991.09 |      1570.02 |                 39.26 |                    0.10 |    761 |    37.5119 |
|        1 |         34 |          1522.40 |       991.09 |      1568.70 |                 34.76 |                    0.10 |    764 |    37.6942 |
|        1 |         35 |          1522.40 |       991.09 |      1554.04 |                 41.94 |                    0.10 |    768 |    37.8859 |
|        1 |         36 |          1522.40 |       991.09 |      1573.59 |                 36.50 |                    0.10 |    773 |    38.0270 |
|        1 |         37 |          1522.40 |       991.09 |      1573.80 |                 24.29 |                    0.10 |    779 |    38.1370 |
|        1 |         38 |          1522.40 |       991.09 |      1545.51 |                 23.53 |                    0.10 |    781 |    38.3176 |
|        1 |         39 |          1522.40 |       991.09 |      1553.22 |                 21.05 |                    0.10 |    783 |    38.5041 |
|        1 |         40 |          1522.40 |       991.09 |      1561.80 |                 21.08 |                    0.10 |    790 |    38.7762 |
|        1 |         41 |          1522.40 |       991.09 |      1560.60 |                 32.55 |                    0.10 |    790 |    38.8591 |
|        1 |         42 |          1522.40 |       991.09 |      1566.60 |                 13.43 |                    0.10 |    790 |    38.9469 |
|        1 |         43 |          1522.40 |       991.09 |      1540.69 |                 32.07 |                    0.10 |    791 |    39.0884 |
|        1 |         44 |          1522.40 |       991.09 |      1580.48 |                 46.63 |                    0.10 |    792 |    39.1754 |
|        1 |         45 |          1522.40 |       991.09 |      1564.00 |                 24.70 |                    0.10 |    792 |    39.2650 |
|        1 |         46 |          1522.40 |       991.09 |      1558.60 |                 37.34 |                    0.10 |    793 |    39.3684 |
|        1 |         47 |          1522.40 |       991.09 |      1567.50 |                 14.37 |                    0.10 |    794 |    39.4483 |
|        1 |         48 |          1522.40 |       991.09 |      1555.00 |                 32.45 |                    0.10 |    795 |    39.5400 |
|        1 |         49 |          1522.40 |       991.09 |      1548.80 |                 12.48 |                    0.10 |    796 |    39.6299 |
|        1 |         50 |          1522.40 |       991.09 |      1548.80 |                  8.25 |                    0.10 |    796 |    39.6923 |
|        1 |         51 |          1522.40 |       991.09 |      1502.40 |                 20.39 |                    0.10 |    797 |    39.7713 |
|        1 |         52 |          1522.40 |       991.09 |      1545.60 |                 17.65 |                    0.10 |    800 |    39.9944 |
------------------------------------------------------------------------------------------------------------------------------------------------
|  Restart |  Iteration |  Best Feas. Cost |    Best Cost |   Curr. Cost |   Penalty Custom Res. |   Penalty Standard Res. |   Pool |   Time (s) |
------------------------------------------------------------------------------------------------------------------------------------------------
|        1 |         53 |          1522.40 |       991.09 |      1554.12 |                 15.87 |                    0.10 |    801 |    40.1002 |
|        1 |         54 |          1522.40 |       991.09 |      1560.80 |                 10.69 |                    0.10 |    801 |    40.1752 |
|        1 |         55 |          1522.40 |       991.09 |      1561.17 |                 18.82 |                    0.10 |    802 |    40.2484 |
|        1 |         56 |          1522.40 |       991.09 |      1561.30 |                 11.71 |                    0.10 |    802 |    40.3200 |
|        1 |         57 |          1522.40 |       991.09 |      1537.56 |                 21.79 |                    0.10 |    804 |    40.4625 |
|        1 |         58 |          1522.40 |       991.09 |      1551.20 |                 16.86 |                    0.10 |    806 |    40.5671 |
|        1 |         59 |          1522.40 |       991.09 |      1567.40 |                 19.06 |                    0.10 |    806 |    40.6817 |
|        1 |         60 |          1522.40 |       991.09 |      1578.54 |                 16.30 |                    0.10 |    806 |    40.7755 |
|        1 |         61 |          1522.40 |       991.09 |      1542.66 |                 33.59 |                    0.10 |    807 |    40.8784 |
|        1 |         62 |          1522.40 |       991.09 |      1554.76 |                 53.53 |                    0.10 |    807 |    40.9416 |
|        1 |         63 |          1522.40 |       991.09 |      1549.70 |                 20.57 |                    0.10 |    809 |    41.0392 |
|        1 |         64 |          1522.40 |       991.09 |      1533.59 |                 26.82 |                    0.10 |    809 |    41.1089 |
|        1 |         65 |          1522.40 |       991.09 |      1554.60 |                 12.24 |                    0.10 |    810 |    41.1817 |
|        1 |         66 |          1522.40 |       991.09 |      1517.54 |                 19.81 |                    0.10 |    812 |    41.3169 |
|        1 |         67 |          1522.40 |       991.09 |      1548.43 |                 24.11 |                    0.15 |    813 |    41.5330 |
|        1 |         68 |          1522.40 |       991.09 |      1561.41 |                 27.61 |                    0.10 |    814 |    41.6044 |
|        1 |         69 |          1522.40 |       991.09 |      1565.65 |                 19.95 |                    0.10 |    815 |    41.6870 |
|        1 |         70 |          1522.40 |       991.09 |      1588.68 |                 35.80 |                    0.10 |    816 |    41.7668 |
|        1 |         71 |          1522.40 |       991.09 |      1579.40 |                 15.52 |                    0.10 |    816 |    41.8536 |
|        1 |         72 |          1522.40 |       991.09 |      1550.30 |                 10.73 |                    0.10 |    818 |    41.9974 |
|        1 |         73 |          1522.40 |       991.09 |      1525.12 |                 28.45 |                    0.10 |    819 |    42.0726 |
|        1 |         74 |          1522.40 |       991.09 |      1557.00 |                 32.65 |                    0.10 |    820 |    42.2802 |
|        1 |         75 |          1522.40 |       991.09 |      1555.50 |                 12.52 |                    0.10 |    820 |    42.4205 |
|        1 |         76 |          1522.40 |       991.09 |      1553.90 |                 13.11 |                    0.10 |    820 |    42.4855 |
|        1 |         77 |          1522.40 |       991.09 |      1552.70 |                 16.75 |                    0.10 |    820 |    42.5699 |
|        1 |         78 |          1522.40 |       991.09 |      1533.16 |                 21.23 |                    0.10 |    820 |    42.7662 |
|        1 |         79 |          1522.40 |       991.09 |      1551.00 |                 14.52 |                    0.10 |    824 |    42.9188 |
|        1 |         80 |          1522.40 |       991.09 |      1541.70 |                 25.83 |                    0.10 |    827 |    42.9866 |
|        1 |         81 |          1522.40 |       991.09 |      1553.10 |                  9.15 |                    0.10 |    829 |    43.1243 |
|        1 |         82 |          1522.40 |       991.09 |      1485.01 |                 17.20 |                    0.10 |    830 |    43.2737 |
|        1 |         83 |          1522.40 |       991.09 |      1551.90 |                 31.80 |                    0.10 |    830 |    43.3631 |
|        1 |         84 |          1522.40 |       991.09 |      1579.50 |                 21.97 |                    0.10 |    833 |    43.5197 |
|        1 |         85 |          1522.40 |       991.09 |      1582.43 |                 27.94 |                    0.10 |    836 |    43.6683 |
|        1 |         86 |          1522.40 |       991.09 |      1560.09 |                 18.43 |                    0.10 |    836 |    43.7640 |
|        1 |         87 |          1522.40 |       991.09 |      1546.36 |                 18.14 |                    0.10 |    837 |    43.8511 |
|        1 |         88 |          1522.40 |       991.09 |      1569.39 |                 35.30 |                    0.10 |    837 |    43.9218 |
|        1 |         89 |          1522.40 |       991.09 |      1555.20 |                 19.06 |                    0.10 |    839 |    44.0178 |
|        1 |         90 |          1522.40 |       991.09 |      1569.98 |                 19.75 |                    0.10 |    839 |    44.0879 |
|        1 |         91 |          1522.40 |       991.09 |      1584.50 |                 23.03 |                    0.10 |    843 |    44.1895 |
|        1 |         92 |          1522.40 |       991.09 |      1582.60 |                 12.22 |                    0.10 |    845 |    44.2593 |
|        1 |         93 |          1522.40 |       991.09 |      1553.48 |                 13.69 |                    0.10 |    846 |    44.3458 |
|        1 |         94 |          1522.40 |       991.09 |      1565.80 |                  9.23 |                    0.10 |    846 |    44.4128 |
|        1 |         95 |          1522.40 |       991.09 |      1550.45 |                 18.16 |                    0.10 |    846 |    44.4715 |
|        1 |         96 |          1522.40 |       991.09 |      1560.20 |                 10.23 |                    0.10 |    847 |    44.5366 |
|        1 |         97 |          1522.40 |       991.09 |      1541.94 |                 19.49 |                    0.10 |    850 |    44.6173 |
|        1 |         98 |          1522.40 |       991.09 |      1554.53 |                 46.31 |                    0.10 |    850 |    44.6971 |
|        1 |         99 |          1522.40 |       991.09 |      1560.30 |                 21.76 |                    0.10 |    851 |    44.7781 |
|        1 |        100 |          1522.40 |       991.09 |      1572.40 |                 31.02 |                    0.10 |    852 |    44.8701 |
|        1 |        101 |          1522.40 |       991.09 |      1588.22 |                  8.70 |                    0.10 |    855 |    45.0364 |
|        1 |        102 |          1522.40 |       991.09 |      1545.82 |                 12.05 |                    0.10 |    855 |    45.1208 |
|        1 |        103 |          1522.40 |       991.09 |      1549.13 |                 34.24 |                    0.10 |    855 |    45.2044 |
|        1 |        104 |          1522.40 |       991.09 |      1596.64 |                 30.67 |                    0.10 |    855 |    45.3676 |
|        1 |        105 |          1522.40 |       991.09 |      1542.36 |                 40.09 |                    0.10 |    857 |    45.5537 |
|        1 |        106 |          1522.40 |       991.09 |      1606.90 |                 15.51 |                    0.10 |    857 |    45.7012 |
|        1 |        107 |          1522.40 |       991.09 |      1573.46 |                 19.36 |                    0.10 |    859 |    45.8281 |
|        1 |        108 |          1522.40 |       991.09 |      1589.17 |                 13.31 |                    0.10 |    863 |    45.9030 |
|        1 |        109 |          1522.40 |       991.09 |      1550.71 |                 29.47 |                    0.10 |    865 |    45.9871 |
|        1 |        110 |          1522.40 |       991.09 |      1583.30 |                 36.26 |                    0.10 |    870 |    46.1856 |
|        1 |        111 |          1522.40 |       991.09 |      1563.50 |                 27.71 |                    0.10 |    870 |    46.3252 |
|        1 |        112 |          1522.40 |       991.09 |      1574.13 |                 18.59 |                    0.10 |    872 |    46.4574 |
|        1 |        113 |          1522.40 |       991.09 |      1557.42 |                 23.20 |                    0.10 |    874 |    46.6055 |
|        1 |        114 |          1522.40 |       991.09 |      1569.97 |                 38.06 |                    0.10 |    875 |    46.6901 |
|        1 |        115 |          1522.40 |       991.09 |      1571.50 |                 15.75 |                    0.10 |    875 |    46.8763 |
|        1 |        116 |          1522.40 |       991.09 |      1562.93 |                 30.89 |                    0.10 |    875 |    46.9810 |
|        1 |        117 |          1522.40 |       991.09 |      1576.40 |                 13.26 |                    0.10 |    878 |    47.0700 |
|        1 |        118 |          1522.40 |       991.09 |      1586.79 |                 37.32 |                    0.10 |    880 |    47.1560 |
|        1 |        119 |          1522.40 |       991.09 |      1580.00 |                 20.01 |                    0.10 |    884 |    47.3705 |
|        1 |        120 |          1522.40 |       991.09 |      1570.08 |                 14.43 |                    0.10 |    885 |    47.4778 |
|        1 |        121 |          1522.40 |       991.09 |      1570.47 |                 32.13 |                    0.10 |    887 |    47.6201 |
|        1 |        122 |          1522.40 |       991.09 |      1543.34 |                 33.65 |                    0.10 |    888 |    47.8435 |
|        1 |        123 |          1522.40 |       991.09 |      1549.10 |                 19.68 |                    0.10 |    890 |    47.9373 |
|        1 |        124 |          1522.40 |       991.09 |      1548.80 |                  9.34 |                    0.10 |    891 |    48.0274 |
|        1 |        125 |          1522.40 |       991.09 |      1518.31 |                 19.43 |                    0.10 |    894 |    48.1493 |
|        1 |        126 |          1522.40 |       991.09 |      1544.50 |                  9.88 |                    0.10 |    897 |    48.2435 |
|        1 |        127 |          1522.40 |       991.09 |      1541.58 |                 11.32 |                    0.10 |    897 |    48.3090 |
|        1 |        128 |          1522.40 |       991.09 |      1539.30 |                  8.84 |                    0.10 |    897 |    48.4221 |
|        1 |        129 |          1522.40 |       991.09 |      1505.84 |                 18.07 |                    0.10 |    898 |    48.5002 |
|        1 |        130 |          1522.40 |       991.09 |      1553.25 |                 29.48 |                    0.10 |    899 |    48.6743 |
|        1 |        131 |          1522.40 |       991.09 |      1564.60 |                 11.98 |                    0.10 |    903 |    48.8289 |
|        1 |        132 |          1522.40 |       991.09 |      1546.73 |                 20.87 |                    0.11 |    904 |    48.9083 |
|        1 |        133 |          1522.40 |       991.09 |      1560.10 |                 13.37 |                    0.10 |    905 |    49.0029 |
|        1 |        134 |          1522.40 |       991.09 |      1553.67 |                 11.21 |                    0.10 |    905 |    49.0964 |
|        1 |        135 |          1522.40 |       991.09 |      1531.09 |                 33.82 |                    0.10 |    907 |    49.1784 |
|        1 |        136 |          1522.40 |       991.09 |      1571.30 |                 18.28 |                    0.10 |    909 |    49.2586 |
|        1 |        137 |          1522.40 |       991.09 |      1564.50 |                  7.69 |                    0.10 |    910 |    49.3650 |
|        1 |        138 |          1522.40 |       991.09 |      1561.22 |                 19.31 |                    0.10 |    910 |    49.5132 |
|        1 |        139 |          1522.40 |       991.09 |      1582.01 |                 37.86 |                    0.10 |    911 |    49.6161 |
|        1 |        140 |          1522.40 |       991.09 |      1554.97 |                  7.48 |                    0.10 |    912 |    49.8099 |
|        1 |        141 |          1522.40 |       991.09 |      1474.56 |                 18.67 |                    0.10 |    912 |    49.8902 |
|        1 |        142 |          1522.40 |       991.09 |      1556.80 |                 14.85 |                    0.10 |    912 |    50.0467 |
|        1 |        143 |          1522.40 |       991.09 |      1559.60 |                 10.53 |                    0.10 |    912 |    50.1079 |
|        1 |        144 |          1522.40 |       991.09 |      1545.11 |                 26.26 |                    0.10 |    912 |    50.2089 |
|        1 |        145 |          1522.40 |       991.09 |      1573.99 |                 25.31 |                    0.10 |    914 |    50.3288 |
|        1 |        146 |          1522.40 |       991.09 |      1569.85 |                 42.36 |                    0.10 |    915 |    50.4061 |
|        1 |        147 |          1522.40 |       991.09 |      1574.40 |                 12.93 |                    0.10 |    917 |    50.5172 |
|        1 |        148 |          1522.40 |       991.09 |      1566.11 |                 32.20 |                    0.10 |    918 |    50.6459 |
|        1 |        149 |          1522.40 |       991.09 |      1575.90 |                 25.08 |                    0.10 |    919 |    50.7963 |
|        1 |        150 |          1522.40 |       991.09 |      1572.30 |                 11.32 |                    0.10 |    919 |    50.8821 |
|        1 |        151 |          1522.40 |       991.09 |      1542.02 |                 13.63 |                    0.11 |    920 |    50.9604 |
|        1 |        152 |          1522.40 |       991.09 |      1527.51 |                 14.25 |                    0.10 |    922 |    51.0479 |
|        1 |        153 |          1522.40 |       991.09 |      1521.39 |                 26.93 |                    0.10 |    922 |    51.1031 |
|        1 |        154 |          1522.40 |       991.09 |      1534.75 |                 26.81 |                    0.10 |    922 |    51.1740 |
|        1 |        155 |          1522.40 |       991.09 |      1533.96 |                 15.25 |                    0.10 |    922 |    51.2436 |
|        1 |        156 |          1522.40 |       991.09 |      1531.68 |                 27.65 |                    0.10 |    923 |    51.3281 |
|        1 |        157 |          1522.40 |       991.09 |      1545.24 |                 22.73 |                    0.10 |    923 |    51.4176 |
|        1 |        158 |          1522.40 |       991.09 |      1538.42 |                 28.15 |                    0.10 |    923 |    51.5171 |
|        1 |        159 |          1522.40 |       991.09 |      1537.10 |                 78.46 |                    0.10 |    924 |    51.6028 |
|        1 |        160 |          1522.40 |       991.09 |      1548.00 |                 41.14 |                    0.10 |    924 |    51.6878 |
|        1 |        161 |          1522.40 |       991.09 |      1555.90 |                 18.40 |                    0.10 |    924 |    51.7628 |
|        1 |        162 |          1522.40 |       991.09 |      1555.90 |                 17.23 |                    0.10 |    924 |    51.8471 |
|        1 |        163 |          1522.40 |       991.09 |      1546.45 |                 12.20 |                    0.10 |    924 |    51.9302 |
|        1 |        164 |          1522.40 |       991.09 |      1540.38 |                 12.38 |                    0.10 |    925 |    52.0269 |
|        1 |        165 |          1522.40 |       991.09 |      1542.78 |                  8.77 |                    0.10 |    925 |    52.0931 |
|        1 |        166 |          1522.40 |       991.09 |      1521.34 |                 18.50 |                    0.10 |    925 |    52.1530 |
|        1 |        167 |          1522.40 |       991.09 |      1540.80 |                 10.01 |                    0.10 |    925 |    52.2225 |
|        1 |        168 |          1522.40 |       991.09 |      1537.01 |                 27.07 |                    0.10 |    925 |    52.3056 |
|        1 |        169 |          1522.40 |       991.09 |      1564.70 |                 13.49 |                    0.10 |    926 |    52.4099 |
|        1 |        170 |          1522.40 |       991.09 |      1578.47 |                 24.72 |                    0.10 |    927 |    52.4761 |
|        1 |        171 |          1522.40 |       991.09 |      1530.50 |                 12.08 |                    0.10 |    927 |    52.5763 |
|        1 |        172 |          1522.40 |       991.09 |      1531.20 |                 13.16 |                    0.10 |    927 |    52.6374 |
|        1 |        173 |          1522.40 |       991.09 |      1528.53 |                 17.12 |                    0.10 |    929 |    52.7530 |
|        1 |        174 |          1522.40 |       991.09 |      1546.63 |                 14.88 |                    0.10 |    929 |    52.9172 |
|        1 |        175 |          1522.40 |       991.09 |      1562.80 |                 31.00 |                    0.10 |    930 |    53.0077 |
|        1 |        176 |          1522.40 |       991.09 |      1550.20 |                 30.84 |                    0.10 |    931 |    53.0969 |
|        1 |        177 |          1522.40 |       991.09 |      1571.00 |                 12.65 |                    0.10 |    933 |    53.2824 |
|        1 |        178 |          1522.40 |       991.09 |      1531.92 |                 28.04 |                    0.10 |    934 |    53.3495 |
|        1 |        179 |          1522.40 |       991.09 |      1558.10 |                 17.02 |                    0.10 |    934 |    53.4970 |
|        1 |        180 |          1522.40 |       991.09 |      1571.70 |                 16.28 |                    0.10 |    934 |    53.5719 |
|        1 |        181 |          1522.40 |       991.09 |      1563.20 |                 26.66 |                    0.10 |    936 |    53.6773 |
|        1 |        182 |          1522.40 |       991.09 |      1562.40 |                 17.93 |                    0.10 |    937 |    53.7764 |
|        1 |        183 |          1522.40 |       991.09 |      1513.40 |                 15.61 |                    0.10 |    939 |    53.9153 |
|        1 |        184 |          1522.40 |       991.09 |      1584.14 |                 37.60 |                    0.10 |    942 |    54.0847 |
|        1 |        185 |          1522.40 |       991.09 |      1545.80 |                 13.86 |                    0.10 |    943 |    54.2079 |
|        1 |        186 |          1522.40 |       991.09 |      1546.20 |                 20.56 |                    0.10 |    945 |    54.3006 |
|        1 |        187 |          1522.40 |       991.09 |      1542.10 |                 26.51 |                    0.10 |    945 |    54.3869 |
|        1 |        188 |          1522.40 |       991.09 |      1561.20 |                 13.49 |                    0.10 |    945 |    54.4833 |
|        1 |        189 |          1522.40 |       991.09 |      1556.42 |                 17.34 |                    0.10 |    945 |    54.6287 |
|        1 |        190 |          1522.40 |       991.09 |      1559.90 |                 12.41 |                    0.10 |    945 |    54.6937 |
|        1 |        191 |          1522.40 |       991.09 |      1526.60 |                 21.40 |                    0.10 |    946 |    54.7815 |
|        1 |        192 |          1522.40 |       991.09 |      1555.70 |                 20.19 |                    0.10 |    947 |    54.9122 |
|        1 |        193 |          1522.40 |       991.09 |      1562.30 |                 15.79 |                    0.10 |    950 |    55.0018 |
|        1 |        194 |          1522.40 |       991.09 |      1569.40 |                 29.86 |                    0.10 |    956 |    55.2090 |
|        1 |        195 |          1522.40 |       991.09 |      1575.80 |                 27.13 |                    0.10 |    956 |    55.3019 |
|        1 |        196 |          1522.40 |       991.09 |      1583.10 |                 38.29 |                    0.10 |    956 |    55.3865 |
|        1 |        197 |          1522.40 |       991.09 |      1583.10 |                 19.12 |                    0.10 |    956 |    55.4503 |
|        1 |        198 |          1522.40 |       991.09 |      1578.21 |                 25.16 |                    0.10 |    959 |    55.5462 |
|        1 |        199 |          1522.40 |       991.09 |      1573.16 |                 23.11 |                    0.10 |    959 |    55.6359 |
|        1 |        200 |          1522.40 |       991.09 |      1564.19 |                 31.61 |                    0.10 |    960 |    55.7460 |
|        1 |        201 |          1522.40 |       991.09 |      1541.08 |                 11.96 |                    0.10 |    960 |    55.9372 |
|        1 |        202 |          1522.40 |       991.09 |      1553.43 |                 20.45 |                    0.10 |    960 |    55.9989 |
|        1 |        203 |          1522.40 |       991.09 |      1550.80 |                  9.71 |                    0.10 |    960 |    56.0831 |
|        1 |        204 |          1522.40 |       991.09 |      1546.53 |                 11.76 |                    0.10 |    960 |    56.2051 |
|        1 |        205 |          1522.40 |       991.09 |      1563.36 |                 29.96 |                    0.10 |    960 |    56.2803 |
|        1 |        206 |          1522.40 |       991.09 |      1584.00 |                 11.98 |                    0.10 |    963 |    56.3861 |
|        1 |        207 |          1522.40 |       991.09 |      1561.64 |                 25.80 |                    0.10 |    964 |    56.5907 |
|        1 |        208 |          1522.40 |       991.09 |      1581.50 |                 22.05 |                    0.10 |    969 |    56.6970 |
|        1 |        209 |          1522.40 |       991.09 |      1573.23 |                 33.31 |                    0.10 |    973 |    56.8139 |
|        1 |        210 |          1522.40 |       991.09 |      1573.50 |                 42.53 |                    0.10 |    976 |    56.9022 |
|        1 |        211 |          1522.40 |       991.09 |      1562.40 |                 21.38 |                    0.10 |    979 |    57.0265 |
|        1 |        212 |          1522.40 |       991.09 |      1535.35 |                 11.98 |                    0.10 |    980 |    57.1762 |
|        1 |        213 |          1522.40 |       991.09 |      1538.66 |                 33.05 |                    0.10 |    981 |    57.2633 |
|        1 |        214 |          1522.40 |       991.09 |      1552.60 |                 11.95 |                    0.10 |    981 |    57.3805 |
|        1 |        215 |          1522.40 |       991.09 |      1547.30 |                 11.54 |                    0.10 |    983 |    57.4549 |
|        1 |        216 |          1522.40 |       991.09 |      1529.89 |                 34.66 |                    0.10 |    984 |    57.6038 |
|        1 |        217 |          1522.40 |       991.09 |      1565.30 |                 16.73 |                    0.10 |    987 |    57.7296 |
|        1 |        218 |          1522.40 |       991.09 |      1543.77 |                 24.56 |                    0.10 |    988 |    57.8267 |
|        1 |        219 |          1522.40 |       991.09 |      1539.70 |                 14.78 |                    0.10 |    988 |    57.9517 |
|        1 |        220 |          1522.40 |       991.09 |      1532.90 |                 11.41 |                    0.10 |    988 |    58.0804 |
|        1 |        221 |          1522.40 |       991.09 |      1525.64 |                 21.11 |                    0.10 |    989 |    58.1592 |
|        1 |        222 |          1522.40 |       991.09 |      1544.30 |                 18.59 |                    0.10 |    990 |    58.2623 |
|        1 |        223 |          1522.40 |       991.09 |      1530.10 |                 12.53 |                    0.10 |    990 |    58.3488 |
|        1 |        224 |          1522.40 |       991.09 |      1554.33 |                  9.79 |                    0.10 |    991 |    58.4510 |
|        1 |        225 |          1522.40 |       991.09 |      1537.23 |                 17.92 |                    0.10 |    994 |    58.5561 |
|        1 |        226 |          1522.40 |       991.09 |      1541.40 |                 12.28 |                    0.10 |    994 |    58.6917 |
|        1 |        227 |          1522.40 |       991.09 |      1552.06 |                 15.37 |                    0.10 |    996 |    58.7718 |
|        1 |        228 |          1522.40 |       991.09 |      1539.20 |                 14.67 |                    0.10 |    996 |    58.8868 |
|        1 |        229 |          1522.40 |       991.09 |      1543.68 |                 30.29 |                    0.10 |    997 |    58.9807 |
|        1 |        230 |          1522.40 |       991.09 |      1549.20 |                 14.08 |                    0.10 |    997 |    59.1021 |
|        1 |        231 |          1522.40 |       991.09 |      1549.20 |                 17.12 |                    0.10 |    997 |    59.1852 |
|        1 |        232 |          1522.40 |       991.09 |      1549.20 |                 10.65 |                    0.10 |    997 |    59.2526 |
|        1 |        233 |          1522.40 |       991.09 |      1544.44 |                 22.42 |                    0.10 |    998 |    59.3625 |
|        1 |        234 |          1522.40 |       991.09 |      1569.50 |                 23.59 |                    0.10 |   1001 |    59.5233 |
|        1 |        235 |          1522.40 |       991.09 |      1564.40 |                 15.55 |                    0.10 |   1001 |    59.6356 |
|        1 |        236 |          1522.40 |       991.09 |      1545.32 |                 37.52 |                    0.10 |   1002 |    59.7887 |
|        1 |        237 |          1522.40 |       991.09 |      1551.24 |                 37.13 |                    0.10 |   1003 |    59.9510 |
------------------------------------------------------------------------------------------------------------------------------------------------
|  Restart |  Iteration |  Best Feas. Cost |    Best Cost |   Curr. Cost |   Penalty Custom Res. |   Penalty Standard Res. |   Pool |   Time (s) |
------------------------------------------------------------------------------------------------------------------------------------------------
|        1 |        238 |          1522.40 |       991.09 |      1549.70 |                 14.57 |                    0.10 |   1003 |    60.0810 |
|        1 |        239 |          1522.40 |       991.09 |      1539.96 |                 22.70 |                    0.10 |   1003 |    60.1952 |
|        1 |        240 |          1522.40 |       991.09 |      1561.08 |                 33.34 |                    0.10 |   1003 |    60.2945 |
|        1 |        241 |          1522.40 |       991.09 |      1572.56 |                 37.31 |                    0.10 |   1003 |    60.4223 |
|        1 |        242 |          1522.40 |       991.09 |      1550.40 |                 14.56 |                    0.10 |   1003 |    60.6057 |
|        1 |        243 |          1522.40 |       991.09 |      1541.06 |                 15.81 |                    0.10 |   1003 |    60.7391 |
|        1 |        244 |          1522.40 |       991.09 |      1535.09 |                 39.49 |                    0.10 |   1004 |    60.8161 |
|        1 |        245 |          1522.40 |       991.09 |      1556.59 |                 29.70 |                    0.10 |   1004 |    60.9012 |
|        1 |        246 |          1522.40 |       991.09 |      1564.64 |                 23.46 |                    0.10 |   1006 |    60.9983 |
|        1 |        247 |          1522.40 |       991.09 |      1583.96 |                 48.50 |                    0.10 |   1006 |    61.0655 |
|        1 |        248 |          1522.40 |       991.09 |      1608.70 |                 51.32 |                    0.10 |   1006 |    61.1235 |
|        1 |        249 |          1522.40 |       991.09 |      1566.40 |                 22.71 |                    0.10 |   1006 |    61.2117 |
|        1 |        250 |          1522.40 |       991.09 |      1566.40 |                 20.79 |                    0.10 |   1006 |    61.3509 |
|        1 |        251 |          1522.40 |       991.09 |      1582.60 |                 19.28 |                    0.10 |   1007 |    61.4501 |
|        1 |        252 |          1522.40 |       991.09 |      1579.50 |                  8.28 |                    0.10 |   1008 |    61.5320 |
|        1 |        253 |          1522.40 |       991.09 |      1510.15 |                 27.88 |                    0.10 |   1010 |    61.6414 |
|        1 |        254 |          1522.40 |       991.09 |      1545.70 |                 19.11 |                    0.10 |   1011 |    61.7680 |
|        1 |        255 |          1522.40 |       991.09 |      1574.47 |                 41.09 |                    0.10 |   1011 |    61.8420 |
|        1 |        256 |          1522.40 |       991.09 |      1570.70 |                 22.52 |                    0.10 |   1013 |    62.0239 |
|        1 |        257 |          1522.40 |       991.09 |      1587.29 |                 31.05 |                    0.10 |   1014 |    62.1866 |
|        1 |        258 |          1522.40 |       991.09 |      1571.00 |                 15.38 |                    0.10 |   1016 |    62.4015 |
|        1 |        259 |          1522.40 |       991.09 |      1579.59 |                 36.18 |                    0.10 |   1016 |    62.5007 |
|        1 |        260 |          1522.40 |       991.09 |      1562.90 |                 14.20 |                    0.10 |   1017 |    62.6087 |
|        1 |        261 |          1522.40 |       991.09 |      1567.80 |                 17.95 |                    0.10 |   1018 |    62.7059 |
|        1 |        262 |          1522.40 |       991.09 |      1568.70 |                 30.34 |                    0.10 |   1018 |    62.7907 |
|        1 |        263 |          1522.40 |       991.09 |      1597.90 |                 33.99 |                    0.10 |   1018 |    62.9111 |
|        1 |        264 |          1522.40 |       991.09 |      1603.10 |                 69.54 |                    0.10 |   1018 |    62.9807 |
|        1 |        265 |          1522.40 |       991.09 |      1602.80 |                 27.81 |                    0.10 |   1018 |    63.0936 |
|        1 |        266 |          1522.40 |       991.09 |      1569.64 |                 13.54 |                    0.10 |   1018 |    63.2646 |
|        1 |        267 |          1522.40 |       991.09 |      1580.67 |                 10.18 |                    0.10 |   1019 |    63.3826 |
|        1 |        268 |          1522.40 |       991.09 |      1560.56 |                 19.78 |                    0.10 |   1019 |    63.4750 |
|        1 |        269 |          1522.40 |       991.09 |      1598.21 |                 52.98 |                    0.10 |   1022 |    63.5691 |
|        1 |        270 |          1522.40 |       991.09 |      1566.80 |                 16.09 |                    0.10 |   1023 |    63.7668 |
|        1 |        271 |          1522.40 |       991.09 |      1555.30 |                 16.15 |                    0.10 |   1023 |    63.8725 |
|        1 |        272 |          1522.40 |       991.09 |      1535.43 |                 18.96 |                    0.10 |   1023 |    64.0238 |
|        1 |        273 |          1522.40 |       991.09 |      1543.70 |                 17.04 |                    0.10 |   1023 |    64.1814 |
|        1 |        274 |          1522.40 |       991.09 |      1527.42 |                 32.10 |                    0.10 |   1023 |    64.3219 |
|        1 |        275 |          1522.40 |       991.09 |      1558.60 |                 17.31 |                    0.10 |   1024 |    64.4459 |
|        1 |        276 |          1522.40 |       991.09 |      1562.40 |                 22.03 |                    0.10 |   1024 |    64.6393 |
|        1 |        277 |          1522.40 |       991.09 |      1571.30 |                 35.08 |                    0.10 |   1024 |    64.7194 |
|        1 |        278 |          1522.40 |       991.09 |      1555.71 |                 29.53 |                    0.10 |   1027 |    64.9281 |
|        1 |        279 |          1522.40 |       991.09 |      1580.30 |                 21.28 |                    0.10 |   1029 |    65.1149 |
|        1 |        280 |          1522.40 |       991.09 |      1580.30 |                 12.46 |                    0.10 |   1029 |    65.1923 |
|        1 |        281 |          1522.40 |       991.09 |      1566.62 |                 15.85 |                    0.10 |   1029 |    65.3452 |
|        1 |        282 |          1522.40 |       991.09 |      1573.80 |                 16.74 |                    0.10 |   1029 |    65.4326 |
|        1 |        283 |          1522.40 |       991.09 |      1574.77 |                 20.77 |                    0.10 |   1029 |    65.5017 |
|        1 |        284 |          1522.40 |       991.09 |      1575.45 |                 21.10 |                    0.10 |   1029 |    65.5732 |
|        1 |        285 |          1522.40 |       991.09 |      1566.10 |                 14.94 |                    0.10 |   1029 |    65.6559 |
|        1 |        286 |          1522.40 |       991.09 |      1578.40 |                 15.77 |                    0.10 |   1030 |    65.7473 |
|        1 |        287 |          1522.40 |       991.09 |      1535.08 |                 24.62 |                    0.10 |   1033 |    66.0047 |
|        1 |        288 |          1522.40 |       991.09 |      1574.00 |                 12.76 |                    0.10 |   1033 |    66.1371 |
|        1 |        289 |          1522.40 |       991.09 |      1574.28 |                 32.48 |                    0.10 |   1033 |    66.2274 |
|        1 |        290 |          1522.40 |       991.09 |      1585.90 |                 37.54 |                    0.10 |   1033 |    66.3158 |
|        1 |        291 |          1522.40 |       991.09 |      1587.70 |                 19.50 |                    0.10 |   1035 |    66.4032 |
|        1 |        292 |          1522.40 |       991.09 |      1497.99 |                 18.73 |                    0.10 |   1035 |    66.5818 |
|        1 |        293 |          1522.40 |       991.09 |      1513.10 |                 30.70 |                    0.16 |   1036 |    66.6794 |
|        1 |        294 |          1522.40 |       991.09 |      1557.48 |                 59.79 |                    0.26 |   1039 |    66.7357 |
|        1 |        295 |          1522.40 |       991.09 |      1579.90 |                 21.65 |                    0.10 |   1042 |    66.8320 |
|        1 |        296 |          1522.40 |       991.09 |      1565.50 |                  9.30 |                    0.10 |   1042 |    66.9283 |
|        1 |        297 |          1522.40 |       991.09 |      1496.17 |                 19.33 |                    0.10 |   1043 |    67.0829 |
|        1 |        298 |          1522.40 |       991.09 |      1535.99 |                 26.38 |                    0.10 |   1043 |    67.2321 |
|        1 |        299 |          1522.40 |       991.09 |      1548.90 |                 13.01 |                    0.10 |   1043 |    67.3502 |
|        1 |        300 |          1522.40 |       991.09 |      1548.90 |                 20.95 |                    0.16 |   1043 |    67.4117 |
|        1 |        301 |          1522.40 |       991.09 |      1548.69 |                 15.10 |                    0.10 |   1044 |    67.5463 |
|        1 |        302 |          1522.40 |       991.09 |      1610.10 |                 29.37 |                    0.10 |   1046 |    67.6205 |
|        1 |        303 |          1522.40 |       991.09 |      1575.87 |                 43.32 |                    0.10 |   1050 |    67.8386 |
|        1 |        304 |          1522.40 |       991.09 |      1557.60 |                 18.50 |                    0.10 |   1052 |    68.0148 |
|        1 |        305 |          1522.40 |       991.09 |      1530.97 |                 24.50 |                    0.10 |   1052 |    68.1649 |
|        1 |        306 |          1522.40 |       991.09 |      1594.84 |                 18.62 |                    0.10 |   1054 |    68.2508 |
|        1 |        307 |          1522.40 |       991.09 |      1573.71 |                 27.90 |                    0.10 |   1054 |    68.3431 |
|        1 |        308 |          1522.40 |       991.09 |      1546.80 |                 16.08 |                    0.10 |   1055 |    68.5268 |
|        1 |        309 |          1522.40 |       991.09 |      1491.77 |                 20.24 |                    0.10 |   1055 |    68.7040 |
|        1 |        310 |          1522.40 |       991.09 |      1562.10 |                 24.38 |                    0.10 |   1057 |    68.9391 |
|        1 |        311 |          1522.40 |       991.09 |      1555.60 |                 22.36 |                    0.10 |   1058 |    69.0440 |
|        1 |        312 |          1522.40 |       991.09 |      1558.10 |                 10.93 |                    0.10 |   1059 |    69.1510 |
|        1 |        313 |          1522.40 |       991.09 |      1551.55 |                 20.77 |                    0.10 |   1059 |    69.2804 |
|        1 |        314 |          1522.40 |       991.09 |      1546.50 |                 19.80 |                    0.10 |   1059 |    69.4051 |
|        1 |        315 |          1522.40 |       991.09 |      1570.68 |                 23.21 |                    0.10 |   1060 |    69.5878 |
|        1 |        316 |          1522.40 |       991.09 |      1557.69 |                 45.15 |                    0.10 |   1060 |    69.6602 |
|        1 |        317 |          1522.40 |       991.09 |      1576.95 |                 26.18 |                    0.10 |   1060 |    69.7437 |
|        1 |        318 |          1522.40 |       991.09 |      1558.50 |                 36.96 |                    0.10 |   1060 |    69.8207 |
|        1 |        319 |          1522.40 |       991.09 |      1567.27 |                 23.46 |                    0.10 |   1062 |    69.8928 |
|        1 |        320 |          1522.40 |       991.09 |      1537.00 |                 21.76 |                    0.10 |   1062 |    69.9746 |
|        1 |        321 |          1522.40 |       991.09 |      1547.00 |                 16.52 |                    0.10 |   1063 |    70.0639 |
|        1 |        322 |          1522.40 |       991.09 |      1538.33 |                 22.63 |                    0.10 |   1063 |    70.1533 |
|        1 |        323 |          1522.40 |       991.09 |      1571.94 |                 21.60 |                    0.10 |   1065 |    70.2503 |
|        1 |        324 |          1522.40 |       991.09 |      1547.90 |                 26.46 |                    0.12 |   1068 |    70.3669 |
|        1 |        325 |          1522.40 |       991.09 |      1550.10 |                 37.31 |                    0.10 |   1068 |    70.4681 |
|        1 |        326 |          1522.40 |       991.09 |      1548.70 |                 21.81 |                    0.10 |   1069 |    70.5775 |
|        1 |        327 |          1522.40 |       991.09 |      1544.20 |                 12.08 |                    0.10 |   1069 |    70.7586 |
|        1 |        328 |          1522.40 |       991.09 |      1547.68 |                 28.91 |                    0.10 |   1070 |    70.8677 |
|        1 |        329 |          1522.40 |       991.09 |      1557.70 |                 12.88 |                    0.10 |   1070 |    70.9913 |
|        1 |        330 |          1522.40 |       991.09 |      1557.20 |                 19.33 |                    0.10 |   1071 |    71.0586 |
|        1 |        331 |          1522.40 |       991.09 |      1556.40 |                 20.18 |                    0.11 |   1072 |    71.1699 |
|        1 |        332 |          1522.40 |       991.09 |      1556.40 |                  7.23 |                    0.10 |   1072 |    71.2542 |
|        1 |        333 |          1522.40 |       991.09 |      1531.84 |                 18.25 |                    0.10 |   1072 |    71.3263 |
|        1 |        334 |          1522.40 |       991.09 |      1527.06 |                 35.49 |                    0.10 |   1072 |    71.4053 |
|        1 |        335 |          1522.40 |       991.09 |      1558.85 |                 53.72 |                    0.10 |   1073 |    71.5057 |
|        1 |        336 |          1522.40 |       991.09 |      1551.80 |                 15.41 |                    0.10 |   1073 |    71.6382 |
|        1 |        337 |          1522.40 |       991.09 |      1544.39 |                 16.08 |                    0.10 |   1075 |    71.7520 |
|        1 |        338 |          1522.40 |       991.09 |      1549.10 |                 15.31 |                    0.10 |   1076 |    71.8838 |
|        1 |        339 |          1522.40 |       991.09 |      1564.50 |                  8.13 |                    0.10 |   1076 |    71.9406 |
|        1 |        340 |          1522.40 |       991.09 |      1555.67 |                 15.97 |                    0.10 |   1076 |    72.0110 |
|        1 |        341 |          1522.40 |       991.09 |      1557.10 |                 16.19 |                    0.10 |   1077 |    72.1102 |
|        1 |        342 |          1522.40 |       991.09 |      1549.30 |                 20.01 |                    0.10 |   1079 |    72.2407 |
|        1 |        343 |          1522.40 |       991.09 |      1578.98 |                 16.32 |                    0.10 |   1082 |    72.2972 |
|        1 |        344 |          1522.40 |       991.09 |      1570.14 |                 29.02 |                    0.10 |   1082 |    72.3653 |
|        1 |        345 |          1522.40 |       991.09 |      1593.50 |                 26.02 |                    0.10 |   1086 |    72.5125 |
|        1 |        346 |          1522.40 |       991.09 |      1560.28 |                 53.41 |                    0.10 |   1089 |    72.6884 |
|        1 |        347 |          1522.40 |       991.09 |      1551.60 |                 26.33 |                    0.10 |   1090 |    72.8021 |
|        1 |        348 |          1522.40 |       991.09 |      1551.60 |                 32.28 |                    0.10 |   1090 |    72.9006 |
|        1 |        349 |          1522.40 |       991.09 |      1551.60 |                 40.00 |                    0.10 |   1090 |    72.9910 |
|        1 |        350 |          1522.40 |       991.09 |      1554.40 |                 21.00 |                    0.10 |   1092 |    73.0609 |
|        1 |        351 |          1522.40 |       991.09 |      1569.30 |                 32.15 |                    0.10 |   1093 |    73.1293 |
|        1 |        352 |          1522.40 |       991.09 |      1538.90 |                 29.45 |                    0.10 |   1093 |    73.2497 |
|        1 |        353 |          1522.40 |       991.09 |      1553.40 |                 14.13 |                    0.10 |   1093 |    73.3120 |
|        1 |        354 |          1522.40 |       991.09 |      1502.93 |                 33.41 |                    0.10 |   1093 |    73.4613 |
|        1 |        355 |          1522.40 |       991.09 |      1528.11 |                 39.39 |                    0.10 |   1093 |    73.5636 |
|        1 |        356 |          1522.40 |       991.09 |      1534.95 |                 46.01 |                    0.10 |   1094 |    73.6409 |
|        1 |        357 |          1522.40 |       991.09 |      1566.33 |                 38.27 |                    0.10 |   1096 |    73.7089 |
|        1 |        358 |          1522.40 |       991.09 |      1529.29 |                 27.12 |                    0.10 |   1096 |    73.7833 |
|        1 |        359 |          1522.40 |       991.09 |      1512.69 |                 33.96 |                    0.10 |   1096 |    73.8595 |
|        1 |        360 |          1522.40 |       991.09 |      1526.89 |                 38.16 |                    0.10 |   1097 |    74.0789 |
|        1 |        361 |          1522.40 |       991.09 |      1573.70 |                 26.20 |                    0.10 |   1101 |    74.1740 |
|        1 |        362 |          1522.40 |       991.09 |      1568.10 |                 39.62 |                    0.10 |   1101 |    74.2671 |
|        1 |        363 |          1522.40 |       991.09 |      1562.35 |                 22.71 |                    0.10 |   1103 |    74.3662 |
|        1 |        364 |          1522.40 |       991.09 |      1566.41 |                 31.08 |                    0.10 |   1104 |    74.4643 |
|        1 |        365 |          1522.40 |       991.09 |      1585.10 |                 12.65 |                    0.10 |   1105 |    74.6128 |
|        1 |        366 |          1522.40 |       991.09 |      1581.72 |                 27.11 |                    0.10 |   1105 |    74.7314 |
|        1 |        367 |          1522.40 |       991.09 |      1599.81 |                 63.15 |                    0.10 |   1105 |    74.8029 |
|        1 |        368 |          1522.40 |       991.09 |      1565.00 |                 16.57 |                    0.10 |   1108 |    75.0994 |
|        1 |        369 |          1522.40 |       991.09 |      1578.17 |                 25.36 |                    0.10 |   1110 |    75.1726 |
|        1 |        370 |          1522.40 |       991.09 |      1570.15 |                 26.36 |                    0.10 |   1111 |    75.3544 |
|        1 |        371 |          1522.40 |       991.09 |      1577.92 |                 21.48 |                    0.10 |   1111 |    75.4306 |
|        1 |        372 |          1522.40 |       991.09 |      1573.75 |                 18.57 |                    0.10 |   1112 |    75.5114 |
|        1 |        373 |          1522.40 |       991.09 |      1558.38 |                 21.05 |                    0.10 |   1112 |    75.5880 |
|        1 |        374 |          1522.40 |       991.09 |      1563.80 |                  9.89 |                    0.10 |   1112 |    75.6611 |
|        1 |        375 |          1522.40 |       991.09 |      1538.93 |                 22.10 |                    0.10 |   1113 |    75.7616 |
|        1 |        376 |          1522.40 |       991.09 |      1572.30 |                 14.03 |                    0.10 |   1117 |    75.9917 |
|        1 |        377 |          1522.40 |       991.09 |      1546.50 |                 10.86 |                    0.10 |   1118 |    76.0881 |
|        1 |        378 |          1522.40 |       991.09 |      1507.82 |                 23.30 |                    0.10 |   1118 |    76.1955 |
|        1 |        379 |          1522.40 |       991.09 |      1556.90 |                 20.52 |                    0.10 |   1118 |    76.3082 |
|        1 |        380 |          1522.40 |       991.09 |      1556.82 |                 41.88 |                    0.10 |   1118 |    76.4128 |
|        1 |        381 |          1522.40 |       991.09 |      1576.29 |                 36.22 |                    0.10 |   1118 |    76.5014 |
|        1 |        382 |          1522.40 |       991.09 |      1571.24 |                 44.89 |                    0.10 |   1118 |    76.5852 |
|        1 |        383 |          1522.40 |       991.09 |      1542.70 |                 17.66 |                    0.10 |   1119 |    76.7914 |
|        1 |        384 |          1522.40 |       991.09 |      1539.30 |                 21.48 |                    0.10 |   1119 |    76.8634 |
|        1 |        385 |          1522.40 |       991.09 |      1544.80 |                 12.08 |                    0.10 |   1119 |    76.9461 |
|        1 |        386 |          1522.40 |       991.09 |      1526.63 |                 21.25 |                    0.10 |   1120 |    77.0306 |
|        1 |        387 |          1522.40 |       991.09 |      1570.42 |                 71.54 |                    0.10 |   1122 |    77.1331 |
|        1 |        388 |          1522.40 |       991.09 |      1565.40 |                 20.07 |                    0.10 |   1122 |    77.4580 |
|        1 |        389 |          1522.40 |       991.09 |      1579.19 |                 43.19 |                    0.10 |   1122 |    77.5266 |
|        1 |        390 |          1522.40 |       991.09 |      1600.60 |                 35.55 |                    0.10 |   1123 |    77.5993 |
|        1 |        391 |          1522.40 |       991.09 |      1582.30 |                 23.64 |                    0.10 |   1124 |    77.7344 |
|        1 |        392 |          1522.40 |       991.09 |      1565.35 |                 26.98 |                    0.10 |   1124 |    77.8519 |
|        1 |        393 |          1522.40 |       991.09 |      1606.80 |                 79.81 |                    0.10 |   1126 |    77.9395 |
|        1 |        394 |          1522.40 |       991.09 |      1567.12 |                 16.39 |                    0.10 |   1128 |    78.1494 |
|        1 |        395 |          1522.40 |       991.09 |      1549.10 |                 29.98 |                    0.10 |   1128 |    78.2445 |
|        1 |        396 |          1522.40 |       991.09 |      1562.50 |                 15.88 |                    0.10 |   1129 |    78.3275 |
|        1 |        397 |          1522.40 |       991.09 |      1556.70 |                 37.90 |                    0.10 |   1130 |    78.4998 |
|        1 |        398 |          1522.40 |       991.09 |      1560.00 |                 28.63 |                    0.10 |   1130 |    78.6688 |
|        1 |        399 |          1522.40 |       991.09 |      1560.00 |                 21.32 |                    0.10 |   1130 |    78.7364 |
|        1 |        400 |          1522.40 |       991.09 |      1557.17 |                 31.98 |                    0.10 |   1130 |    78.8045 |
|        1 |        401 |          1522.40 |       991.09 |      1558.50 |                 20.90 |                    0.10 |   1132 |    78.8869 |
|        1 |        402 |          1522.40 |       991.09 |      1561.60 |                 21.45 |                    0.10 |   1132 |    78.9469 |
|        1 |        403 |          1522.40 |       991.09 |      1558.50 |                 14.16 |                    0.10 |   1132 |    79.0270 |
|        1 |        404 |          1522.40 |       991.09 |      1565.05 |                 30.76 |                    0.10 |   1132 |    79.0985 |
|        1 |        405 |          1522.40 |       991.09 |      1554.00 |                 15.97 |                    0.10 |   1132 |    79.1842 |
|        1 |        406 |          1522.40 |       991.09 |      1539.29 |                 22.46 |                    0.10 |   1133 |    79.3260 |
|        1 |        407 |          1522.40 |       991.09 |      1552.40 |                 32.80 |                    0.10 |   1135 |    79.4982 |
|        1 |        408 |          1522.40 |       991.09 |      1573.30 |                 17.38 |                    0.10 |   1135 |    79.5718 |
|        1 |        409 |          1522.40 |       991.09 |      1579.48 |                 17.64 |                    0.10 |   1135 |    79.6506 |
|        1 |        410 |          1522.40 |       991.09 |      1557.34 |                 34.10 |                    0.10 |   1136 |    79.8218 |
|        1 |        411 |          1522.40 |       991.09 |      1587.30 |                 23.83 |                    0.10 |   1140 |    79.9442 |
------------------------------------------------------------------------------------------------------------------------------------------------
|  Restart |  Iteration |  Best Feas. Cost |    Best Cost |   Curr. Cost |   Penalty Custom Res. |   Penalty Standard Res. |   Pool |   Time (s) |
------------------------------------------------------------------------------------------------------------------------------------------------
|        1 |        412 |          1522.40 |       991.09 |      1580.70 |                 13.81 |                    0.10 |   1141 |    80.0353 |
|        1 |        413 |          1522.40 |       991.09 |      1540.32 |                 26.30 |                    0.21 |   1142 |    80.1268 |
|        1 |        414 |          1522.40 |       991.09 |      1542.40 |                 17.17 |                    0.10 |   1142 |    80.2251 |
|        1 |        415 |          1522.40 |       991.09 |      1562.18 |                 35.59 |                    0.10 |   1142 |    80.3919 |
|        1 |        416 |          1522.40 |       991.09 |      1589.03 |                 41.27 |                    0.10 |   1145 |    80.5800 |
|        1 |        417 |          1522.40 |       991.09 |      1565.10 |                 19.60 |                    0.10 |   1145 |    80.6662 |
|        1 |        418 |          1522.40 |       991.09 |      1568.50 |                 13.47 |                    0.10 |   1145 |    80.7482 |
|        1 |        419 |          1522.40 |       991.09 |      1562.80 |                 22.77 |                    0.10 |   1146 |    80.8257 |
|        1 |        420 |          1522.40 |       991.09 |      1556.57 |                 29.51 |                    0.10 |   1147 |    81.0026 |
|        1 |        421 |          1522.40 |       991.09 |      1567.19 |                 44.72 |                    0.10 |   1147 |    81.0728 |
|        1 |        422 |          1522.40 |       991.09 |      1570.20 |                 16.87 |                    0.10 |   1148 |    81.1498 |
|        1 |        423 |          1522.40 |       991.09 |      1554.75 |                 29.11 |                    0.10 |   1148 |    81.2195 |
|        1 |        424 |          1522.40 |       991.09 |      1573.80 |                 10.14 |                    0.10 |   1149 |    81.4570 |
|        1 |        425 |          1522.40 |       991.09 |      1537.21 |                 27.65 |                    0.10 |   1149 |    81.5717 |
|        1 |        426 |          1522.40 |       991.09 |      1591.57 |                 18.07 |                    0.10 |   1149 |    81.6572 |
|        1 |        427 |          1522.40 |       991.09 |      1538.80 |                 18.60 |                    0.10 |   1150 |    81.8231 |
|        1 |        428 |          1522.40 |       991.09 |      1554.20 |                 16.06 |                    0.10 |   1150 |    81.9368 |
|        1 |        429 |          1522.40 |       991.09 |      1619.50 |                 24.81 |                    0.10 |   1150 |    82.0151 |
|        1 |        430 |          1522.40 |       991.09 |      1590.50 |                 27.70 |                    0.10 |   1154 |    82.1688 |
|        1 |        431 |          1522.40 |       991.09 |      1556.40 |                 28.58 |                    0.10 |   1157 |    82.3052 |
|        1 |        432 |          1522.40 |       991.09 |      1546.95 |                 19.65 |                    0.10 |   1161 |    82.5364 |
|        1 |        433 |          1522.40 |       991.09 |      1581.41 |                 18.94 |                    0.10 |   1162 |    82.6387 |
|        1 |        434 |          1522.40 |       991.09 |      1545.84 |                 21.90 |                    0.10 |   1166 |    82.8621 |
|        1 |        435 |          1522.40 |       991.09 |      1561.12 |                 23.37 |                    0.10 |   1168 |    82.9396 |
|        1 |        436 |          1522.40 |       991.09 |      1566.90 |                 16.24 |                    0.10 |   1169 |    83.0183 |
|        1 |        437 |          1522.40 |       991.09 |      1542.40 |                 34.25 |                    0.10 |   1171 |    83.0793 |
|        1 |        438 |          1522.40 |       991.09 |      1584.96 |                 33.39 |                    0.10 |   1172 |    83.1673 |
|        1 |        439 |          1522.40 |       991.09 |      1558.50 |                 22.21 |                    0.10 |   1173 |    83.2774 |
|        1 |        440 |          1522.40 |       991.09 |      1557.40 |                 11.51 |                    0.10 |   1173 |    83.3942 |
|        1 |        441 |          1522.40 |       991.09 |      1555.11 |                 13.99 |                    0.10 |   1173 |    83.4628 |
|        1 |        442 |          1522.40 |       991.09 |      1549.60 |                 19.33 |                    0.10 |   1173 |    83.5693 |
|        1 |        443 |          1522.40 |       991.09 |      1551.00 |                 11.54 |                    0.10 |   1175 |    83.6751 |
|        1 |        444 |          1522.40 |       991.09 |      1558.00 |                 23.56 |                    0.10 |   1175 |    83.7657 |
|        1 |        445 |          1522.40 |       991.09 |      1555.50 |                 53.72 |                    0.10 |   1175 |    83.8540 |
|        1 |        446 |          1522.40 |       991.09 |      1567.20 |                 21.73 |                    0.10 |   1175 |    83.9331 |
|        1 |        447 |          1522.40 |       991.09 |      1580.34 |                 18.61 |                    0.10 |   1175 |    84.0037 |
|        1 |        448 |          1522.40 |       991.09 |      1557.49 |                 11.23 |                    0.10 |   1177 |    84.0923 |
|        1 |        449 |          1522.40 |       991.09 |      1544.33 |                 30.07 |                    0.10 |   1177 |    84.1728 |
|        1 |        450 |          1522.40 |       991.09 |      1571.02 |                 20.05 |                    0.10 |   1178 |    84.2474 |
|        1 |        451 |          1522.40 |       991.09 |      1559.15 |                 18.41 |                    0.10 |   1178 |    84.3238 |
|        1 |        452 |          1522.40 |       991.09 |      1571.23 |                 21.06 |                    0.10 |   1178 |    84.4125 |
|        1 |        453 |          1522.40 |       991.09 |      1575.40 |                 43.91 |                    0.10 |   1180 |    84.4924 |
|        1 |        454 |          1522.40 |       991.09 |      1572.50 |                 38.39 |                    0.10 |   1182 |    84.5583 |
|        1 |        455 |          1522.40 |       991.09 |      1572.50 |                 17.86 |                    0.10 |   1182 |    84.6453 |
|        1 |        456 |          1522.40 |       991.09 |      1560.30 |                 18.44 |                    0.10 |   1183 |    84.7681 |
|        1 |        457 |          1522.40 |       991.09 |      1534.65 |                 26.21 |                    0.10 |   1183 |    84.8929 |
|        1 |        458 |          1522.40 |       991.09 |      1578.58 |                 18.00 |                    0.10 |   1183 |    84.9846 |
|        1 |        459 |          1522.40 |       991.09 |      1574.50 |                 14.04 |                    0.10 |   1185 |    85.1299 |
|        1 |        460 |          1522.40 |       991.09 |      1556.73 |                 14.94 |                    0.10 |   1186 |    85.2587 |
|        1 |        461 |          1522.40 |       991.09 |      1572.56 |                 38.83 |                    0.10 |   1189 |    85.3376 |
|        1 |        462 |          1522.40 |       991.09 |      1574.90 |                 31.57 |                    0.10 |   1189 |    85.4507 |
|        1 |        463 |          1522.40 |       991.09 |      1567.30 |                 11.54 |                    0.10 |   1190 |    85.5475 |
|        1 |        464 |          1522.40 |       991.09 |      1542.76 |                 16.78 |                    0.10 |   1190 |    85.6402 |
|        1 |        465 |          1522.40 |       991.09 |      1547.02 |                 24.18 |                    0.10 |   1190 |    85.7139 |
|        1 |        466 |          1522.40 |       991.09 |      1552.42 |                 13.34 |                    0.10 |   1190 |    85.7916 |
|        1 |        467 |          1522.40 |       991.09 |      1546.67 |                 24.19 |                    0.10 |   1190 |    85.8910 |
|        1 |        468 |          1522.40 |       991.09 |      1559.00 |                 12.30 |                    0.10 |   1190 |    85.9914 |
|        1 |        469 |          1522.40 |       991.09 |      1562.20 |                 16.69 |                    0.10 |   1190 |    86.0692 |
|        1 |        470 |          1522.40 |       991.09 |      1579.70 |                 28.48 |                    0.10 |   1190 |    86.1619 |
|        1 |        471 |          1522.40 |       991.09 |      1563.70 |                 10.69 |                    0.10 |   1193 |    86.3227 |
|        1 |        472 |          1522.40 |       991.09 |      1515.75 |                 22.11 |                    0.10 |   1193 |    86.3798 |
|        1 |        473 |          1522.40 |       991.09 |      1560.11 |                 16.65 |                    0.10 |   1193 |    86.4352 |
|        1 |        474 |          1522.40 |       991.09 |      1569.03 |                 11.43 |                    0.10 |   1193 |    86.5315 |
|        1 |        475 |          1522.40 |       991.09 |      1544.98 |                 25.30 |                    0.10 |   1193 |    86.6195 |
|        1 |        476 |          1522.40 |       991.09 |      1553.80 |                 36.38 |                    0.10 |   1194 |    86.7269 |
|        1 |        477 |          1522.40 |       991.09 |      1561.80 |                 15.75 |                    0.10 |   1195 |    86.8306 |
|        1 |        478 |          1522.40 |       991.09 |      1550.88 |                 22.87 |                    0.10 |   1196 |    86.9471 |
|        1 |        479 |          1522.40 |       991.09 |      1559.10 |                 11.75 |                    0.10 |   1196 |    87.0380 |
|        1 |        480 |          1522.40 |       991.09 |      1559.10 |                 20.70 |                    0.10 |   1196 |    87.1027 |
|        1 |        481 |          1522.40 |       991.09 |      1560.40 |                 18.82 |                    0.10 |   1196 |    87.1759 |
|        1 |        482 |          1522.40 |       991.09 |      1551.64 |                  9.73 |                    0.10 |   1197 |    87.3316 |
|        1 |        483 |          1522.40 |       991.09 |      1533.42 |                 24.78 |                    0.10 |   1197 |    87.4040 |
|        1 |        484 |          1522.40 |       991.09 |      1568.40 |                 12.09 |                    0.10 |   1199 |    87.5237 |
|        1 |        485 |          1522.40 |       991.09 |      1551.70 |                 29.58 |                    0.10 |   1203 |    87.6118 |
|        1 |        486 |          1522.40 |       991.09 |      1550.80 |                 16.76 |                    0.10 |   1204 |    87.7424 |
|        1 |        487 |          1522.40 |       991.09 |      1545.42 |                 35.29 |                    0.10 |   1205 |    87.8246 |
|        1 |        488 |          1522.40 |       991.09 |      1548.50 |                 44.82 |                    0.10 |   1206 |    87.9993 |
|        1 |        489 |          1522.40 |       991.09 |      1551.20 |                 20.67 |                    0.10 |   1207 |    88.0694 |
|        1 |        490 |          1522.40 |       991.09 |      1551.75 |                 21.62 |                    0.13 |   1207 |    88.1461 |
|        1 |        491 |          1522.40 |       991.09 |      1553.14 |                 23.27 |                    0.10 |   1207 |    88.2429 |
|        1 |        492 |          1522.40 |       991.09 |      1574.50 |                 19.87 |                    0.10 |   1208 |    88.3692 |
|        1 |        493 |          1522.40 |       991.09 |      1572.82 |                 41.71 |                    0.10 |   1212 |    88.5058 |
|        1 |        494 |          1522.40 |       991.09 |      1615.97 |                 38.22 |                    0.10 |   1219 |    88.6227 |
|        1 |        495 |          1522.40 |       991.09 |      1627.28 |                 52.90 |                    0.10 |   1221 |    88.7010 |
|        1 |        496 |          1522.40 |       991.09 |      1531.77 |                 25.33 |                    0.10 |   1221 |    88.9607 |
|        1 |        497 |          1522.40 |       991.09 |      1564.80 |                 33.67 |                    0.10 |   1221 |    89.0421 |
|        1 |        498 |          1522.40 |       991.09 |      1564.00 |                 19.53 |                    0.10 |   1221 |    89.1150 |
|        1 |        499 |          1522.40 |       991.09 |      1552.70 |                 11.50 |                    0.10 |   1222 |    89.2617 |
|        1 |        500 |          1522.40 |       991.09 |      1542.91 |                 26.77 |                    0.10 |   1222 |    89.3391 |
------------------------------------------------------------------------------------------------------------------------------------------------
Version identifier: 22.1.2.0 | 2024-11-26 | 0edbb82fd
CPXPARAM_MIP_Tolerances_UpperCutoff              1522.5000000006976
Tried aggregator 1 time.
MIP Presolve eliminated 0 rows and 290 columns.
MIP Presolve modified 443 coefficients.
Reduced MIP has 101 rows, 932 columns, and 4807 nonzeros.
Reduced MIP has 932 binaries, 0 generals, 0 SOSs, and 0 indicators.
Presolve time = 0.00 sec. (4.62 ticks)
Probing fixed 4 vars, tightened 0 bounds.
Probing time = 0.01 sec. (7.74 ticks)
Tried aggregator 1 time.
Detecting symmetries...
MIP Presolve eliminated 1 rows and 8 columns.
Reduced MIP has 100 rows, 924 columns, and 4767 nonzeros.
Reduced MIP has 924 binaries, 0 generals, 0 SOSs, and 0 indicators.
Presolve time = 0.00 sec. (4.20 ticks)
Probing time = 0.01 sec. (5.12 ticks)
Clique table members: 1321.
MIP emphasis: balance optimality and feasibility.
MIP search method: dynamic search.
Parallel mode: deterministic, using up to 8 threads.
Root relaxation solution time = 0.00 sec. (4.63 ticks)

        Nodes                                         Cuts/
   Node  Left     Objective  IInf  Best Integer    Best Bound    ItCnt     Gap

      0     0     1486.9484    65                   1486.9484      261         
      0     0     1500.9556    47                    Cuts: 67      347         
      0     0     1503.9037    25                    Cuts: 28      425         
      0     0     1504.7097    95                     Cuts: 9      483         
      0     0     1504.9861    47                     Cuts: 6      505         
*     0+    0                         1520.1000     1504.9861             0.99%
      0     0     1505.9800    15     1520.1000       Cuts: 8      539    0.93%
Detecting symmetries...
      0     0     1506.0729    46     1520.1000       Cuts: 6      560    0.92%
      0     0     1506.7041   103     1520.1000       Cuts: 8      630    0.88%
      0     0     1506.9779   113     1520.1000      Cuts: 13      698    0.86%
      0     0     1507.1731   102     1520.1000       Cuts: 7      730    0.85%
      0     0     1507.2949   103     1520.1000       Cuts: 4      751    0.84%
      0     0     1507.3844    99     1520.1000       Cuts: 3      779    0.84%
*     0+    0                         1519.7000     1507.3844             0.81%
Detecting symmetries...
      0     2     1507.3844    99     1519.7000     1508.5862      779    0.73%
Elapsed time = 0.41 sec. (257.15 ticks, tree = 0.02 MB, solutions = 2)
*   793+   39                         1517.7000     1511.8617             0.38%
objective_value(sp) = 1517.6999999999998
 93.517387 seconds (6.92 M allocations: 344.582 MiB, 0.09% gc time, 4.10% compilation time)
#1: 0 (0.0) {624.0} -> 100 (20.0) {662.0} [502.0, 662.0] -> 97 (50.0) {757.0} [0.0, 3259.0] -> 92 (70.0) {854.0} [694.0, 854.0] -> 94 (80.0) {947.6} [0.0, 3259.0] -> 95 (110.0) {1041.2} [0.0, 3262.0] -> 0 (110.0) {1168.4} [0.0, 3390.0]
#2: 0 (0.0) {1855.6999999999998} -> 46 (30.0) {1881.4} [0.0, 3274.0] -> 40 (40.0) {1978.6} [1819.0, 1979.0] -> 44 (50.0) {2073.0} [1913.0, 2073.0] -> 45 (60.0) {2173.1} [2105.0, 2265.0] -> 43 (70.0) {2268.9} [0.0, 3283.0] -> 0 (70.0) {2375.4} [0.0, 3390.0]
#3: 0 (0.0) {2238.8} -> 76 (10.0) {2291.0} [2131.0, 2291.0] -> 73 (20.0) {2386.3} [0.0, 3244.0] -> 70 (50.0) {2479.3} [2321.0, 2481.0] -> 71 (70.0) {2574.3} [0.0, 3242.0] -> 85 (100.0) {2678.5} [0.0, 3253.0] -> 0 (100.0) {2814.6} [0.0, 3390.0]
#4: 0 (0.0) {2429.5000000000005} -> 47 (10.0) {2447.5} [0.0, 3281.0] -> 52 (20.0) {2542.5} [0.0, 3278.0] -> 50 (30.0) {2635.6} [0.0, 3277.0] -> 51 (40.0) {2727.8} [0.0, 3275.0] -> 42 (60.0) {2826.0} [2666.0, 2826.0] -> 41 (70.0) {2918.0} [2758.0, 2918.0] -> 0 (70.0) {3026.6} [0.0, 3390.0]
#5: 0 (0.0) {159.8} -> 67 (10.0) {172.0} [12.0, 172.0] -> 62 (30.0) {267.8} [120.0, 280.0] -> 74 (80.0) {360.8} [213.0, 373.0] -> 72 (90.0) {455.8} [0.0, 3276.0] -> 61 (100.0) {548.8} [0.0, 3277.0] -> 64 (110.0) {640.8} [493.0, 653.0] -> 0 (110.0) {752.3} [0.0, 3390.0]
#6: 0 (0.0) {2621.2999999999997} -> 80 (10.0) {2672.7} [2513.0, 2673.0] -> 79 (20.0) {2768.0} [2608.0, 2768.0] -> 81 (50.0) {2863.3} [0.0, 3252.0] -> 78 (70.0) {2961.9} [2802.0, 2962.0] -> 77 (80.0) {3059.7} [2900.0, 3060.0] -> 0 (80.0) {3182.0} [0.0, 3390.0]
#7: 0 (0.0) {2651.2} -> 75 (20.0) {2667.0} [0.0, 3284.0] -> 5 (30.0) {2760.0} [0.0, 3284.0] -> 11 (40.0) {2858.0} [2698.0, 2858.0] -> 10 (50.0) {2951.0} [2791.0, 2951.0] -> 8 (70.0) {3047.0} [2887.0, 3047.0] -> 0 (70.0) {3148.6} [0.0, 3390.0]
#8: 0 (0.0) {1481.1} -> 29 (10.0) {1501.1} [0.0, 3280.0] -> 28 (30.0) {1607.8} [0.0, 3263.0] -> 26 (40.0) {1705.8} [0.0, 3265.0] -> 23 (50.0) {1803.0} [1643.0, 1803.0] -> 21 (70.0) {1911.8} [0.0, 3288.0] -> 0 (70.0) {2013.4} [0.0, 3390.0]
#9: 0 (0.0) {169.9} -> 22 (20.0) {182.0} [22.0, 182.0] -> 27 (30.0) {277.0} [209.0, 369.0] -> 30 (40.0) {371.2} [303.0, 463.0] -> 24 (50.0) {468.2} [0.0, 3285.0] -> 20 (60.0) {563.2} [0.0, 3290.0] -> 0 (60.0) {663.2} [0.0, 3390.0]
#10: 0 (0.0) {731.5} -> 66 (10.0) {748.0} [588.0, 748.0] -> 69 (20.0) {840.0} [680.0, 840.0] -> 68 (30.0) {935.8} [776.0, 936.0] -> 48 (40.0) {1037.4} [0.0, 3289.0] -> 0 (40.0) {1138.1} [0.0, 3390.0]
#11: 0 (0.0) {1005.7} -> 65 (10.0) {1031.0} [871.0, 1031.0] -> 55 (20.0) {1131.1} [1065.0, 1225.0] -> 54 (60.0) {1226.1} [0.0, 3259.0] -> 59 (70.0) {1320.1} [0.0, 3259.0] -> 57 (110.0) {1415.1} [0.0, 3264.0] -> 0 (110.0) {1540.1} [0.0, 3390.0]
#12: 0 (0.0) {631.5} -> 6 (20.0) {656.7} [497.0, 657.0] -> 32 (50.0) {753.0} [0.0, 3268.0] -> 33 (90.0) {845.0} [685.0, 845.0] -> 35 (100.0) {940.8} [876.0, 1036.0] -> 31 (120.0) {1035.8} [0.0, 3266.0] -> 0 (120.0) {1159.3} [0.0, 3390.0]
#13: 0 (0.0) {1096.0} -> 49 (10.0) {1127.0} [967.0, 1127.0] -> 53 (30.0) {1256.0} [1256.0, 1416.0] -> 56 (60.0) {1350.0} [1350.0, 1510.0] -> 58 (90.0) {1442.0} [1442.0, 1602.0] -> 60 (110.0) {1535.0} [0.0, 3254.0] -> 0 (110.0) {1670.2} [0.0, 3390.0]
#14: 0 (0.0) {1091.8} -> 37 (20.0) {1131.0} [0.0, 3260.0] -> 38 (50.0) {1223.0} [1063.0, 1223.0] -> 39 (70.0) {1318.0} [1158.0, 1318.0] -> 36 (80.0) {1413.0} [1253.0, 1413.0] -> 34 (100.0) {1506.0} [0.0, 3267.0] -> 0 (100.0) {1628.3} [0.0, 3390.0]
#15: 0 (0.0) {1678.8} -> 88 (30.0) {1705.7} [1546.0, 1706.0] -> 84 (50.0) {1801.0} [1641.0, 1801.0] -> 82 (70.0) {1896.8} [0.0, 3264.0] -> 83 (80.0) {1989.8} [0.0, 3267.0] -> 86 (90.0) {2085.8} [0.0, 3273.0] -> 0 (90.0) {2202.2} [0.0, 3390.0]
#16: 0 (0.0) {159.8} -> 93 (40.0) {168.0} [8.0, 168.0] -> 2 (70.0) {270.3} [0.0, 3279.0] -> 1 (80.0) {368.9} [0.0, 3272.0] -> 99 (90.0) {464.7} [407.0, 567.0] -> 98 (110.0) {560.5} [0.0, 3269.0] -> 0 (110.0) {681.3} [0.0, 3390.0]
#17: 0 (0.0) {2058.0} -> 12 (20.0) {2096.0} [0.0, 3261.0] -> 14 (30.0) {2189.0} [0.0, 3260.0] -> 16 (70.0) {2281.0} [0.0, 3259.0] -> 15 (110.0) {2376.0} [2216.0, 2376.0] -> 25 (150.0) {2504.0} [2504.0, 2664.0] -> 0 (150.0) {2618.0} [0.0, 3390.0]
#18: 0 (0.0) {2244.8999999999996} -> 18 (20.0) {2280.2} [0.0, 3264.0] -> 19 (30.0) {2375.2} [0.0, 3260.0] -> 17 (50.0) {2471.0} [2311.0, 2471.0] -> 13 (80.0) {2565.0} [2405.0, 2565.0] -> 9 (90.0) {2662.8} [2601.0, 2761.0] -> 0 (90.0) {2776.1} [0.0, 3390.0]
#19: 0 (0.0) {1302.7} -> 91 (10.0) {1325.0} [0.0, 3277.0] -> 4 (20.0) {1421.0} [1261.0, 1421.0] -> 3 (30.0) {1514.6} [0.0, 3270.0] -> 7 (50.0) {1608.7} [0.0, 3273.0] -> 89 (60.0) {1705.0} [0.0, 3278.0] -> 0 (60.0) {1816.2} [0.0, 3390.0]
#20: 0 (0.0) {2966.7999999999997} -> 63 (50.0) {2980.9} [0.0, 3285.0] -> 96 (60.0) {3082.9} [0.0, 3275.0] -> 87 (80.0) {3179.2} [3097.0, 3257.0] -> 90 (90.0) {3279.0} [0.0, 3279.0] -> 0 (90.0) {3389.6} [0.0, 3390.0]

Dist: 1517.6999999999998. Cost: 1517.6999999999998

Clique cuts applied:  46
Cover cuts applied:  10
Zero-half cuts applied:  17
Lift and project cuts applied:  29
Gomory fractional cuts applied:  11

Root node processing (before b&c):
  Real time             =    0.41 sec. (256.70 ticks)
Parallel b&c, 8 threads:
  Real time             =    0.35 sec. (219.73 ticks)
  Sync time (average)   =    0.11 sec.
  Wait time (average)   =    0.00 sec.
                          ------------
Total (root+branch&cut) =    0.76 sec. (476.43 ticks)
