Solving...
------------------------------------------------------------------------------------------------------------------------------------------------
|  Restart |  Iteration |  Best Feas. Cost |    Best Cost |   Curr. Cost |   Penalty Custom Res. |   Penalty Standard Res. |   Pool |   Time (s) |
------------------------------------------------------------------------------------------------------------------------------------------------
|        1 |          1 |              Inf |       884.53 |       988.77 |                  5.43 |                    0.20 |     47 |     0.1462 |
|        1 |          2 |              Inf |       884.53 |      1187.48 |                  9.76 |                    0.11 |     48 |     0.5962 |
|        1 |          3 |              Inf |       884.53 |      1528.30 |                 17.39 |                    0.14 |     50 |     0.6393 |
|        1 |          4 |              Inf |       884.53 |      2030.66 |                 29.17 |                    0.10 |     52 |     0.6798 |
|        1 |          5 |              Inf |       884.53 |      2750.42 |                 58.54 |                    0.10 |     56 |     0.7339 |
|        1 |          0 |          1871.70 |       884.53 |      1871.70 |                 49.71 |                    0.10 |     81 |     0.9550 |
|        1 |          1 |          1871.70 |       884.53 |      1848.64 |                 99.13 |                    0.10 |     94 |     1.0984 |
|        1 |          2 |          1871.70 |       884.53 |      1906.29 |                 56.34 |                    0.10 |     94 |     1.1722 |
|        1 |          3 |          1871.70 |       884.53 |      1870.61 |                 88.93 |                    0.10 |     99 |     1.2283 |
|        1 |          4 |          1871.70 |       884.53 |      1896.30 |                 65.44 |                    0.10 |    115 |     1.3259 |
|        1 |          5 |          1871.70 |       884.53 |      1891.60 |                 41.48 |                    0.10 |    119 |     1.4070 |
|        1 |          6 |          1871.70 |       884.53 |      1895.40 |                 18.92 |                    0.10 |    121 |     1.4835 |
|        1 |          7 |          1871.70 |       884.53 |      1889.10 |                 39.44 |                    0.13 |    126 |     1.5616 |
|        1 |          8 |          1871.70 |       884.53 |      1937.47 |                 87.44 |                    0.10 |    127 |     1.6243 |
|        1 |          9 |          1871.70 |       884.53 |      1899.10 |                 37.92 |                    0.10 |    132 |     1.7055 |
|        1 |         10 |          1871.70 |       884.53 |      1899.10 |                 37.37 |                    0.10 |    132 |     1.7722 |
|        1 |         11 |          1871.70 |       884.53 |      1913.20 |                 35.01 |                    0.10 |    140 |     1.8493 |
|        1 |         12 |          1871.70 |       884.53 |      1869.18 |                 67.84 |                    0.10 |    148 |     1.9742 |
|        1 |         13 |          1871.70 |       884.53 |      1906.50 |                 49.68 |                    0.10 |    160 |     2.1473 |
|        1 |         14 |          1871.70 |       884.53 |      1903.40 |                 19.45 |                    0.10 |    161 |     2.2664 |
|        1 |         15 |          1871.70 |       884.53 |      1868.07 |                 37.47 |                    0.10 |    165 |     2.3329 |
|        1 |         16 |          1871.70 |       884.53 |      1887.62 |                 85.57 |                    0.10 |    165 |     2.3991 |
|        1 |         17 |          1871.70 |       884.53 |      1901.40 |                 44.79 |                    0.10 |    171 |     2.5133 |
|        1 |          0 |          1857.90 |       884.53 |      1857.90 |                 56.26 |                    0.10 |    182 |     2.6899 |
|        1 |          0 |          1852.00 |       884.53 |      1852.00 |                 19.95 |                    0.10 |    185 |     2.7863 |
|        1 |          1 |          1852.00 |       884.53 |      1849.77 |                 14.00 |                    0.10 |    187 |     2.8505 |
|        1 |          2 |          1852.00 |       884.53 |      1855.14 |                 37.49 |                    0.10 |    187 |     2.9302 |
|        1 |          3 |          1852.00 |       884.53 |      1872.71 |                100.41 |                    0.10 |    188 |     3.0010 |
|        1 |          4 |          1852.00 |       884.53 |      1842.83 |                 36.66 |                    0.10 |    194 |     3.2663 |
|        1 |          5 |          1852.00 |       884.53 |      1861.76 |                 74.31 |                    0.10 |    194 |     3.3219 |
|        1 |          6 |          1852.00 |       884.53 |      1898.20 |                 43.11 |                    0.10 |    194 |     3.3953 |
|        1 |          7 |          1852.00 |       884.53 |      1881.60 |                 40.36 |                    0.10 |    197 |     3.4799 |
|        1 |          8 |          1852.00 |       884.53 |      1878.81 |                 65.42 |                    0.10 |    202 |     3.5833 |
|        1 |          9 |          1852.00 |       884.53 |      1886.00 |                 30.44 |                    0.10 |    203 |     3.6519 |
|        1 |         10 |          1852.00 |       884.53 |      1879.75 |                 35.84 |                    0.10 |    206 |     3.7480 |
|        1 |         11 |          1852.00 |       884.53 |      1899.26 |                 46.28 |                    0.10 |    207 |     3.8148 |
|        1 |         12 |          1852.00 |       884.53 |      1895.00 |                 57.18 |                    0.10 |    213 |     3.9397 |
|        1 |         13 |          1852.00 |       884.53 |      1853.90 |                 46.59 |                    0.10 |    218 |     4.1560 |
|        1 |         14 |          1852.00 |       884.53 |      1853.60 |                 49.70 |                    0.10 |    220 |     4.2405 |
|        1 |          0 |          1849.60 |       884.53 |      1849.60 |                 25.05 |                    0.10 |    220 |     4.3141 |
|        1 |          1 |          1849.60 |       884.53 |      1853.11 |                 47.99 |                    0.10 |    227 |     4.4712 |
|        1 |          2 |          1849.60 |       884.53 |      1903.49 |                 81.94 |                    0.10 |    231 |     4.5574 |
|        1 |          3 |          1849.60 |       884.53 |      1925.60 |                 41.72 |                    0.10 |    234 |     4.6311 |
|        1 |          4 |          1849.60 |       884.53 |      1883.17 |                 68.36 |                    0.10 |    237 |     4.7313 |
|        1 |          5 |          1849.60 |       884.53 |      1868.50 |                 39.66 |                    0.10 |    237 |     4.7984 |
|        1 |          6 |          1849.60 |       884.53 |      1868.50 |                 29.89 |                    0.10 |    237 |     4.8447 |
|        1 |          7 |          1849.60 |       884.53 |      1867.90 |                 40.13 |                    0.10 |    237 |     4.9261 |
|        1 |          8 |          1849.60 |       884.53 |      1861.80 |                 41.95 |                    0.10 |    241 |     5.0168 |
|        1 |          9 |          1849.60 |       884.53 |      1890.80 |                 62.91 |                    0.10 |    243 |     5.0925 |
|        1 |         10 |          1849.60 |       884.53 |      1887.30 |                 31.03 |                    0.10 |    248 |     5.1900 |
|        1 |         11 |          1849.60 |       884.53 |      1888.30 |                 35.52 |                    0.10 |    249 |     5.2633 |
|        1 |         12 |          1849.60 |       884.53 |      1849.11 |                 49.31 |                    0.10 |    254 |     5.4489 |
|        1 |         13 |          1849.60 |       884.53 |      1877.91 |                 99.95 |                    0.10 |    254 |     5.5043 |
|        1 |         14 |          1849.60 |       884.53 |      1927.05 |                102.53 |                    0.10 |    254 |     5.5729 |
|        1 |         15 |          1849.60 |       884.53 |      1927.20 |                 84.17 |                    0.10 |    260 |     5.6803 |
|        1 |         16 |          1849.60 |       884.53 |      1842.45 |                 36.53 |                    0.10 |    262 |     5.9013 |
|        1 |         17 |          1849.60 |       884.53 |      1869.35 |                 81.78 |                    0.10 |    263 |     5.9672 |
|        1 |         18 |          1849.60 |       884.53 |      1902.20 |                 51.59 |                    0.10 |    269 |     6.1215 |
|        1 |         19 |          1849.60 |       884.53 |      1873.15 |                 37.85 |                    0.10 |    274 |     6.2707 |
|        1 |         20 |          1849.60 |       884.53 |      1912.86 |                 59.07 |                    0.10 |    275 |     6.3452 |
|        1 |         21 |          1849.60 |       884.53 |      1868.41 |                 92.69 |                    0.10 |    275 |     6.4877 |
|        1 |         22 |          1849.60 |       884.53 |      1887.70 |                 50.61 |                    0.10 |    275 |     6.5720 |
|        1 |         23 |          1849.60 |       884.53 |      1869.78 |                 93.33 |                    0.10 |    276 |     6.6895 |
|        1 |         24 |          1849.60 |       884.53 |      1930.02 |                165.92 |                    0.10 |    277 |     6.7626 |
|        1 |         25 |          1849.60 |       884.53 |      1899.40 |                 87.08 |                    0.10 |    277 |     6.8331 |
|        1 |         26 |          1849.60 |       884.53 |      1899.40 |                 49.51 |                    0.10 |    277 |     6.9033 |
|        1 |         27 |          1849.60 |       884.53 |      1909.13 |                115.12 |                    0.10 |    284 |     6.9942 |
|        1 |         28 |          1849.60 |       884.53 |      1905.50 |                 56.11 |                    0.10 |    284 |     7.1117 |
|        1 |         29 |          1849.60 |       884.53 |      1887.60 |                 66.76 |                    0.10 |    286 |     7.2085 |
|        1 |         30 |          1849.60 |       884.53 |      1890.20 |                 38.29 |                    0.10 |    286 |     7.2937 |
|        1 |         31 |          1849.60 |       884.53 |      1860.60 |                 32.85 |                    0.10 |    290 |     7.4911 |
|        1 |         32 |          1849.60 |       884.53 |      1852.48 |                 46.27 |                    0.10 |    293 |     7.5975 |
|        1 |         33 |          1849.60 |       884.53 |      1883.73 |                 50.89 |                    0.10 |    294 |     7.6703 |
|        1 |         34 |          1849.60 |       884.53 |      1889.56 |                 43.59 |                    0.10 |    294 |     7.7468 |
|        1 |         35 |          1849.60 |       884.53 |      1934.10 |                 43.71 |                    0.10 |    298 |     7.8484 |
|        1 |         36 |          1849.60 |       884.53 |      1895.04 |                 97.85 |                    0.10 |    299 |     7.9056 |
|        1 |         37 |          1849.60 |       884.53 |      1915.30 |                 68.54 |                    0.10 |    301 |     7.9962 |
|        1 |         38 |          1849.60 |       884.53 |      1906.40 |                 29.57 |                    0.10 |    302 |     8.1563 |
|        1 |         39 |          1849.60 |       884.53 |      1857.60 |                 35.19 |                    0.10 |    303 |     8.2468 |
|        1 |         40 |          1849.60 |       884.53 |      1870.05 |                 60.72 |                    0.10 |    303 |     8.3119 |
|        1 |         41 |          1849.60 |       884.53 |      1853.60 |                 27.71 |                    0.10 |    303 |     8.3812 |
|        1 |         42 |          1849.60 |       884.53 |      1882.50 |                 51.24 |                    0.10 |    305 |     8.4693 |
|        1 |         43 |          1849.60 |       884.53 |      1880.40 |                 27.39 |                    0.10 |    307 |     8.5727 |
|        1 |         44 |          1849.60 |       884.53 |      1880.70 |                 37.89 |                    0.10 |    307 |     8.6604 |
|        1 |         45 |          1849.60 |       884.53 |      1880.70 |                 26.59 |                    0.10 |    307 |     8.7251 |
|        1 |         46 |          1849.60 |       884.53 |      1879.36 |                 31.32 |                    0.10 |    307 |     8.8229 |
|        1 |         47 |          1849.60 |       884.53 |      1853.80 |                 16.30 |                    0.10 |    308 |     9.0345 |
|        1 |         48 |          1849.60 |       884.53 |      1838.57 |                 37.57 |                    0.10 |    308 |     9.1063 |
|        1 |         49 |          1849.60 |       884.53 |      1861.31 |                 43.47 |                    0.10 |    308 |     9.1668 |
|        1 |         50 |          1849.60 |       884.53 |      1868.49 |                 83.84 |                    0.10 |    309 |     9.2201 |
|        1 |         51 |          1849.60 |       884.53 |      1892.90 |                 47.90 |                    0.10 |    310 |     9.3654 |
|        1 |         52 |          1849.60 |       884.53 |      1888.20 |                119.49 |                    0.10 |    311 |     9.4516 |
|        1 |         53 |          1849.60 |       884.53 |      1884.70 |                 55.03 |                    0.10 |    313 |     9.5364 |
|        1 |         54 |          1849.60 |       884.53 |      1929.50 |                104.99 |                    0.10 |    315 |     9.5946 |
|        1 |         55 |          1849.60 |       884.53 |      1878.80 |                 41.03 |                    0.10 |    318 |     9.7331 |
|        1 |         56 |          1849.60 |       884.53 |      1878.55 |                 40.29 |                    0.10 |    321 |     9.8591 |
|        1 |         57 |          1849.60 |       884.53 |      1877.10 |                 62.63 |                    0.10 |    324 |     9.9861 |
|        1 |         58 |          1849.60 |       884.53 |      1877.00 |                 75.30 |                    0.10 |    324 |    10.0689 |
|        1 |         59 |          1849.60 |       884.53 |      1877.00 |                 60.74 |                    0.10 |    324 |    10.1394 |
|        1 |         60 |          1849.60 |       884.53 |      1876.40 |                 41.73 |                    0.10 |    324 |    10.2183 |
|        1 |         61 |          1849.60 |       884.53 |      1872.00 |                 25.69 |                    0.10 |    324 |    10.3005 |
|        1 |         62 |          1849.60 |       884.53 |      1880.68 |                 59.26 |                    0.10 |    324 |    10.3716 |
|        1 |         63 |          1849.60 |       884.53 |      1854.40 |                 63.08 |                    0.10 |    324 |    10.4825 |
|        1 |         64 |          1849.60 |       884.53 |      1854.40 |                 48.39 |                    0.10 |    324 |    10.5619 |
|        1 |         65 |          1849.60 |       884.53 |      1854.40 |                 40.60 |                    0.10 |    324 |    10.6377 |
|        1 |         66 |          1849.60 |       884.53 |      1854.40 |                 21.29 |                    0.10 |    324 |    10.7173 |
|        1 |         67 |          1849.60 |       884.53 |      1844.68 |                 43.00 |                    0.10 |    325 |    10.8177 |
|        1 |         68 |          1849.60 |       884.53 |      1873.94 |                 60.70 |                    0.10 |    325 |    10.8936 |
|        1 |         69 |          1849.60 |       884.53 |      1890.84 |                 83.16 |                    0.10 |    325 |    10.9674 |
|        1 |         70 |          1849.60 |       884.53 |      1914.83 |                 71.97 |                    0.10 |    325 |    11.0297 |
|        1 |         71 |          1849.60 |       884.53 |      1851.90 |                 49.76 |                    0.10 |    325 |    11.1727 |
|        1 |         72 |          1849.60 |       884.53 |      1851.90 |                 28.03 |                    0.10 |    325 |    11.2321 |
|        1 |         73 |          1849.60 |       884.53 |      1842.78 |                 32.63 |                    0.10 |    325 |    11.3560 |
|        1 |         74 |          1849.60 |       884.53 |      1853.89 |                 76.03 |                    0.10 |    325 |    11.4119 |
|        1 |         75 |          1849.60 |       884.53 |      1894.93 |                158.77 |                    0.10 |    325 |    11.4656 |
|        1 |         76 |          1849.60 |       884.53 |      1872.50 |                 81.61 |                    0.10 |    327 |    11.5441 |
|        1 |         77 |          1849.60 |       884.53 |      1871.90 |                 29.83 |                    0.10 |    327 |    11.6364 |
|        1 |         78 |          1849.60 |       884.53 |      1855.04 |                 58.08 |                    0.10 |    327 |    11.6933 |
|        1 |         79 |          1849.60 |       884.53 |      1882.84 |                 51.25 |                    0.10 |    328 |    11.7646 |
|        1 |         80 |          1849.60 |       884.53 |      1877.98 |                 49.49 |                    0.10 |    328 |    11.8421 |
|        1 |         81 |          1849.60 |       884.53 |      1879.53 |                 72.07 |                    0.10 |    330 |    11.9078 |
|        1 |         82 |          1849.60 |       884.53 |      1874.50 |                 36.66 |                    0.10 |    333 |    11.9973 |
|        1 |         83 |          1849.60 |       884.53 |      1854.57 |                 71.26 |                    0.10 |    334 |    12.0734 |
|        1 |         84 |          1849.60 |       884.53 |      1892.66 |                 50.95 |                    0.10 |    336 |    12.2945 |
|        1 |         85 |          1849.60 |       884.53 |      1920.80 |                 54.90 |                    0.10 |    339 |    12.3737 |
|        1 |         86 |          1849.60 |       884.53 |      1915.96 |                 47.07 |                    0.10 |    341 |    12.4315 |
|        1 |         87 |          1849.60 |       884.53 |      1887.50 |                 38.63 |                    0.10 |    342 |    12.5407 |
|        1 |         88 |          1849.60 |       884.53 |      1888.90 |                 55.94 |                    0.10 |    343 |    12.6805 |
|        1 |         89 |          1849.60 |       884.53 |      1886.61 |                 39.49 |                    0.10 |    344 |    12.8039 |
|        1 |         90 |          1849.60 |       884.53 |      1894.89 |                 77.65 |                    0.10 |    344 |    12.8658 |
|        1 |         91 |          1849.60 |       884.53 |      1933.83 |                 73.54 |                    0.10 |    344 |    12.9328 |
|        1 |         92 |          1849.60 |       884.53 |      1872.61 |                 36.68 |                    0.10 |    344 |    13.1613 |
|        1 |         93 |          1849.60 |       884.53 |      1866.13 |                 67.14 |                    0.10 |    346 |    13.2390 |
|        1 |         94 |          1849.60 |       884.53 |      1887.16 |                 93.81 |                    0.10 |    346 |    13.3254 |
|        1 |         95 |          1849.60 |       884.53 |      1893.20 |                 79.33 |                    0.10 |    351 |    13.4431 |
|        1 |         96 |          1849.60 |       884.53 |      1893.20 |                 51.31 |                    0.10 |    351 |    13.5248 |
|        1 |         97 |          1849.60 |       884.53 |      1899.30 |                 32.84 |                    0.10 |    351 |    13.6175 |
|        1 |         98 |          1849.60 |       884.53 |      1900.30 |                 52.81 |                    0.10 |    351 |    13.6876 |
|        1 |         99 |          1849.60 |       884.53 |      1901.80 |                 87.60 |                    0.10 |    351 |    13.7482 |
|        1 |        100 |          1849.60 |       884.53 |      1872.41 |                 67.37 |                    0.10 |    352 |    13.9312 |
|        1 |        101 |          1849.60 |       884.53 |      1913.10 |                139.29 |                    0.10 |    352 |    13.9854 |
|        1 |        102 |          1849.60 |       884.53 |      1899.50 |                 99.45 |                    0.10 |    354 |    14.0865 |
|        1 |        103 |          1849.60 |       884.53 |      1884.80 |                 50.13 |                    0.10 |    354 |    14.1559 |
|        1 |        104 |          1849.60 |       884.53 |      1863.40 |                 34.68 |                    0.10 |    356 |    14.2782 |
|        1 |        105 |          1849.60 |       884.53 |      1910.18 |                 44.79 |                    0.10 |    359 |    14.3417 |
|        1 |        106 |          1849.60 |       884.53 |      1927.90 |                100.22 |                    0.10 |    365 |    14.4155 |
|        1 |        107 |          1849.60 |       884.53 |      1923.10 |                 38.15 |                    0.10 |    367 |    14.5055 |
|        1 |        108 |          1849.60 |       884.53 |      1887.24 |                 67.22 |                    0.10 |    372 |    14.7168 |
|        1 |        109 |          1849.60 |       884.53 |      1903.70 |                 18.17 |                    0.10 |    374 |    14.8316 |
|        1 |        110 |          1849.60 |       884.53 |      1874.66 |                 17.00 |                    0.10 |    374 |    14.9289 |
|        1 |        111 |          1849.60 |       884.53 |      1875.11 |                 41.21 |                    0.10 |    374 |    15.0065 |
|        1 |        112 |          1849.60 |       884.53 |      1899.59 |                 31.00 |                    0.10 |    374 |    15.0818 |
|        1 |        113 |          1849.60 |       884.53 |      1891.98 |                 42.90 |                    0.10 |    374 |    15.1589 |
|        1 |        114 |          1849.60 |       884.53 |      1887.21 |                 74.66 |                    0.10 |    375 |    15.2509 |
|        1 |        115 |          1849.60 |       884.53 |      1842.68 |                 32.95 |                    0.10 |    375 |    15.5254 |
|        1 |        116 |          1849.60 |       884.53 |      1860.73 |                 65.47 |                    0.10 |    375 |    15.5781 |
|        1 |        117 |          1849.60 |       884.53 |      1857.10 |                 26.21 |                    0.10 |    375 |    15.6542 |
|        1 |        118 |          1849.60 |       884.53 |      1857.10 |                 42.61 |                    0.10 |    375 |    15.7134 |
|        1 |        119 |          1849.60 |       884.53 |      1852.90 |                 22.59 |                    0.10 |    375 |    15.7850 |
|        1 |        120 |          1849.60 |       884.53 |      1845.55 |                 34.52 |                    0.10 |    375 |    15.8755 |
|        1 |        121 |          1849.60 |       884.53 |      1858.56 |                 69.75 |                    0.10 |    375 |    15.9763 |
|        1 |        122 |          1849.60 |       884.53 |      1907.53 |                149.90 |                    0.10 |    375 |    16.0507 |
|        1 |        123 |          1849.60 |       884.53 |      1981.90 |                251.49 |                    0.10 |    375 |    16.0925 |
|        1 |        124 |          1849.60 |       884.53 |      2096.01 |                452.36 |                    0.10 |    378 |    16.1396 |
|        1 |        125 |          1849.60 |       884.53 |      1893.50 |                281.24 |                    0.10 |    380 |    16.2237 |
|        1 |        126 |          1849.60 |       884.53 |      1891.80 |                111.43 |                    0.10 |    380 |    16.3137 |
|        1 |        127 |          1849.60 |       884.53 |      1887.50 |                 55.03 |                    0.10 |    380 |    16.3904 |
|        1 |        128 |          1849.60 |       884.53 |      1885.60 |                 37.38 |                    0.10 |    381 |    16.4925 |
|        1 |        129 |          1849.60 |       884.53 |      1885.10 |                 24.44 |                    0.10 |    381 |    16.5675 |
|        1 |        130 |          1849.60 |       884.53 |      1871.44 |                 55.22 |                    0.10 |    382 |    16.6347 |
|        1 |        131 |          1849.60 |       884.53 |      1886.80 |                 43.62 |                    0.10 |    384 |    16.7260 |
|        1 |        132 |          1849.60 |       884.53 |      1886.80 |                 44.79 |                    0.10 |    384 |    16.7778 |
|        1 |        133 |          1849.60 |       884.53 |      1856.10 |                 26.05 |                    0.10 |    384 |    16.9504 |
|        1 |        134 |          1849.60 |       884.53 |      1834.61 |                 50.51 |                    0.10 |    384 |    17.0632 |
|        1 |        135 |          1849.60 |       884.53 |      1859.91 |                106.53 |                    0.10 |    384 |    17.1245 |
|        1 |        136 |          1849.60 |       884.53 |      1900.50 |                 38.27 |                    0.10 |    386 |    17.3230 |
|        1 |        137 |          1849.60 |       884.53 |      1897.96 |                 76.01 |                    0.10 |    387 |    17.3796 |
|        1 |        138 |          1849.60 |       884.53 |      1871.66 |                 50.47 |                    0.10 |    388 |    17.5179 |
|        1 |        139 |          1849.60 |       884.53 |      1914.80 |                 31.91 |                    0.10 |    395 |    17.6378 |
|        1 |        140 |          1849.60 |       884.53 |      1895.54 |                 53.38 |                    0.10 |    401 |    17.7255 |
|        1 |        141 |          1849.60 |       884.53 |      1895.40 |                 73.51 |                    0.10 |    404 |    17.8759 |
|        1 |        142 |          1849.60 |       884.53 |      1895.40 |                 80.02 |                    0.10 |    404 |    17.9486 |
|        1 |        143 |          1849.60 |       884.53 |      1880.50 |                 41.62 |                    0.10 |    405 |    18.0002 |
|        1 |        144 |          1849.60 |       884.53 |      1909.00 |                 42.70 |                    0.10 |    408 |    18.0608 |
|        1 |        145 |          1849.60 |       884.53 |      1907.10 |                 42.78 |                    0.10 |    410 |    18.1817 |
|        1 |        146 |          1849.60 |       884.53 |      1856.30 |                 62.07 |                    0.10 |    410 |    18.3007 |
|        1 |        147 |          1849.60 |       884.53 |      1855.90 |                 33.90 |                    0.10 |    410 |    18.3720 |
|        1 |        148 |          1849.60 |       884.53 |      1855.90 |                 17.09 |                    0.10 |    410 |    18.4408 |
|        1 |        149 |          1849.60 |       884.53 |      1865.44 |                 36.41 |                    0.10 |    414 |    18.4990 |
|        1 |        150 |          1849.60 |       884.53 |      1876.00 |                 29.36 |                    0.10 |    415 |    18.5733 |
|        1 |        151 |          1849.60 |       884.53 |      1921.90 |                 44.04 |                    0.10 |    417 |    18.6418 |
|        1 |        152 |          1849.60 |       884.53 |      1897.00 |                 41.21 |                    0.10 |    417 |    18.7354 |
|        1 |        153 |          1849.60 |       884.53 |      1861.00 |                 54.14 |                    0.10 |    419 |    18.8442 |
|        1 |        154 |          1849.60 |       884.53 |      1890.00 |                 23.97 |                    0.10 |    419 |    18.9158 |
|        1 |        155 |          1849.60 |       884.53 |      1856.10 |                 22.15 |                    0.10 |    421 |    19.0480 |
|        1 |        156 |          1849.60 |       884.53 |      1843.38 |                 35.58 |                    0.10 |    422 |    19.1334 |
|        1 |        157 |          1849.60 |       884.53 |      1861.94 |                 36.50 |                    0.10 |    422 |    19.2004 |
|        1 |        158 |          1849.60 |       884.53 |      1863.98 |                 76.98 |                    0.10 |    422 |    19.2623 |
|        1 |        159 |          1849.60 |       884.53 |      1889.60 |                 42.50 |                    0.10 |    423 |    19.4713 |
|        1 |        160 |          1849.60 |       884.53 |      1861.90 |                 39.97 |                    0.10 |    424 |    19.6411 |
|        1 |        161 |          1849.60 |       884.53 |      1857.80 |                 29.19 |                    0.10 |    424 |    19.7034 |
|        1 |        162 |          1849.60 |       884.53 |      1851.73 |                 54.32 |                    0.10 |    426 |    19.8423 |
|        1 |        163 |          1849.60 |       884.53 |      1906.62 |                109.00 |                    0.10 |    428 |    19.8995 |
------------------------------------------------------------------------------------------------------------------------------------------------
|  Restart |  Iteration |  Best Feas. Cost |    Best Cost |   Curr. Cost |   Penalty Custom Res. |   Penalty Standard Res. |   Pool |   Time (s) |
------------------------------------------------------------------------------------------------------------------------------------------------
|        1 |        164 |          1849.60 |       884.53 |      1881.50 |                 44.35 |                    0.10 |    428 |    20.0430 |
|        1 |        165 |          1849.60 |       884.53 |      1868.29 |                 80.11 |                    0.10 |    429 |    20.1674 |
|        1 |        166 |          1849.60 |       884.53 |      1892.40 |                 49.78 |                    0.10 |    429 |    20.2600 |
|        1 |        167 |          1849.60 |       884.53 |      1895.30 |                 41.33 |                    0.10 |    430 |    20.3482 |
|        1 |        168 |          1849.60 |       884.53 |      1888.26 |                101.13 |                    0.10 |    430 |    20.4315 |
|        1 |        169 |          1849.60 |       884.53 |      1851.22 |                 33.92 |                    0.10 |    430 |    20.6195 |
|        1 |        170 |          1849.60 |       884.53 |      1873.44 |                 36.20 |                    0.10 |    432 |    20.6894 |
|        1 |        171 |          1849.60 |       884.53 |      1870.69 |                103.93 |                    0.10 |    432 |    20.9208 |
|        1 |        172 |          1849.60 |       884.53 |      1925.50 |                 56.05 |                    0.10 |    434 |    21.0352 |
|        1 |        173 |          1849.60 |       884.53 |      1893.19 |                118.89 |                    0.10 |    437 |    21.2941 |
|        1 |        174 |          1849.60 |       884.53 |      1885.30 |                 59.12 |                    0.10 |    439 |    21.4193 |
|        1 |        175 |          1849.60 |       884.53 |      1927.70 |                 46.73 |                    0.10 |    440 |    21.4980 |
|        1 |        176 |          1849.60 |       884.53 |      1857.00 |                 17.56 |                    0.10 |    440 |    21.6307 |
|        1 |        177 |          1849.60 |       884.53 |      1864.28 |                 74.90 |                    0.10 |    441 |    21.7758 |
|        1 |        178 |          1849.60 |       884.53 |      1901.40 |                 30.79 |                    0.10 |    442 |    21.9104 |
|        1 |        179 |          1849.60 |       884.53 |      1925.69 |                 30.94 |                    0.10 |    442 |    21.9844 |
|        1 |        180 |          1849.60 |       884.53 |      1864.03 |                106.25 |                    0.10 |    443 |    22.0800 |
|        1 |        181 |          1849.60 |       884.53 |      1856.10 |                 53.50 |                    0.10 |    443 |    22.1658 |
|        1 |        182 |          1849.60 |       884.53 |      1854.00 |                 23.89 |                    0.10 |    443 |    22.2556 |
|        1 |        183 |          1849.60 |       884.53 |      1853.40 |                 30.20 |                    0.10 |    443 |    22.3345 |
|        1 |        184 |          1849.60 |       884.53 |      1900.20 |                 28.88 |                    0.10 |    444 |    22.4019 |
|        1 |        185 |          1849.60 |       884.53 |      1843.72 |                 69.01 |                    0.10 |    444 |    22.5343 |
|        1 |        186 |          1849.60 |       884.53 |      1883.20 |                 44.22 |                    0.10 |    444 |    22.6077 |
|        1 |        187 |          1849.60 |       884.53 |      1865.87 |                 32.27 |                    0.10 |    444 |    22.6770 |
|        1 |        188 |          1849.60 |       884.53 |      1835.52 |                 42.38 |                    0.10 |    444 |    22.7953 |
|        1 |        189 |          1849.60 |       884.53 |      1853.19 |                106.92 |                    0.10 |    444 |    22.8670 |
|        1 |        190 |          1849.60 |       884.53 |      1916.60 |                101.96 |                    0.10 |    448 |    23.0272 |
|        1 |        191 |          1849.60 |       884.53 |      1870.70 |                107.34 |                    0.10 |    448 |    23.1692 |
|        1 |        192 |          1849.60 |       884.53 |      1870.70 |                 68.18 |                    0.10 |    448 |    23.2291 |
|        1 |        193 |          1849.60 |       884.53 |      1867.40 |                 31.09 |                    0.10 |    448 |    23.3054 |
|        1 |        194 |          1849.60 |       884.53 |      1887.98 |                 26.63 |                    0.10 |    450 |    23.3751 |
|        1 |        195 |          1849.60 |       884.53 |      1886.06 |                 67.86 |                    0.10 |    451 |    23.4429 |
|        1 |        196 |          1849.60 |       884.53 |      1941.00 |                 52.33 |                    0.10 |    457 |    23.6004 |
|        1 |        197 |          1849.60 |       884.53 |      1885.83 |                 55.88 |                    0.10 |    459 |    23.8145 |
|        1 |        198 |          1849.60 |       884.53 |      1887.48 |                 74.96 |                    0.10 |    460 |    23.9290 |
|        1 |        199 |          1849.60 |       884.53 |      1864.76 |                 73.35 |                    0.10 |    460 |    24.1087 |
|        1 |        200 |          1849.60 |       884.53 |      1880.30 |                 39.51 |                    0.10 |    460 |    24.2377 |
|        1 |        201 |          1849.60 |       884.53 |      1862.00 |                 77.25 |                    0.10 |    460 |    24.3746 |
|        1 |        202 |          1849.60 |       884.53 |      1883.50 |                101.50 |                    0.10 |    460 |    24.4813 |
|        1 |        203 |          1849.60 |       884.53 |      1893.10 |                 44.49 |                    0.10 |    462 |    24.5581 |
|        1 |        204 |          1849.60 |       884.53 |      1887.06 |                 67.73 |                    0.10 |    462 |    24.6960 |
|        1 |        205 |          1849.60 |       884.53 |      1896.60 |                 39.15 |                    0.10 |    462 |    24.8165 |
|        1 |        206 |          1849.60 |       884.53 |      1897.20 |                 41.77 |                    0.10 |    465 |    24.8952 |
|        1 |        207 |          1849.60 |       884.53 |      1897.20 |                 59.56 |                    0.10 |    465 |    24.9718 |
|        1 |        208 |          1849.60 |       884.53 |      1910.80 |                 51.95 |                    0.10 |    465 |    25.0767 |
|        1 |        209 |          1849.60 |       884.53 |      1893.70 |                 37.93 |                    0.10 |    465 |    25.1482 |
|        1 |        210 |          1849.60 |       884.53 |      1893.70 |                 53.03 |                    0.10 |    465 |    25.2174 |
|        1 |        211 |          1849.60 |       884.53 |      1928.10 |                 49.18 |                    0.10 |    465 |    25.2926 |
|        1 |        212 |          1849.60 |       884.53 |      1904.71 |                 63.96 |                    0.10 |    468 |    25.3995 |
|        1 |        213 |          1849.60 |       884.53 |      1883.60 |                 37.11 |                    0.10 |    469 |    25.4639 |
|        1 |        214 |          1849.60 |       884.53 |      1883.60 |                 68.62 |                    0.10 |    469 |    25.5606 |
|        1 |        215 |          1849.60 |       884.53 |      1882.50 |                 43.09 |                    0.10 |    469 |    25.6496 |
|        1 |        216 |          1849.60 |       884.53 |      1883.80 |                 40.75 |                    0.10 |    470 |    25.7416 |
|        1 |        217 |          1849.60 |       884.53 |      1915.70 |                 64.28 |                    0.10 |    471 |    25.8094 |
|        1 |        218 |          1849.60 |       884.53 |      1851.44 |                 25.51 |                    0.10 |    473 |    26.0406 |
|        1 |        219 |          1849.60 |       884.53 |      1911.50 |                 37.10 |                    0.10 |    474 |    26.1284 |
|        1 |        220 |          1849.60 |       884.53 |      1904.40 |                 39.17 |                    0.10 |    475 |    26.2162 |
|        1 |        221 |          1849.60 |       884.53 |      1887.40 |                 22.51 |                    0.10 |    475 |    26.2918 |
|        1 |        222 |          1849.60 |       884.53 |      1854.35 |                 14.69 |                    0.11 |    476 |    26.3942 |
|        1 |        223 |          1849.60 |       884.53 |      1843.08 |                 28.62 |                    0.10 |    478 |    26.4576 |
|        1 |        224 |          1849.60 |       884.53 |      1871.07 |                 66.67 |                    0.10 |    478 |    26.5415 |
|        1 |        225 |          1849.60 |       884.53 |      1892.39 |                133.79 |                    0.10 |    478 |    26.5964 |
|        1 |        226 |          1849.60 |       884.53 |      1896.00 |                 59.79 |                    0.10 |    479 |    26.6839 |
|        1 |        227 |          1849.60 |       884.53 |      1849.55 |                 55.57 |                    0.10 |    479 |    26.8899 |
|        1 |        228 |          1849.60 |       884.53 |      1938.98 |                133.39 |                    0.10 |    479 |    26.9612 |
|        1 |        229 |          1849.60 |       884.53 |      1940.40 |                101.85 |                    0.10 |    485 |    27.1366 |
|        1 |        230 |          1849.60 |       884.53 |      1937.00 |                 40.36 |                    0.10 |    486 |    27.2361 |
|        1 |        231 |          1849.60 |       884.53 |      1862.24 |                 27.62 |                    0.10 |    486 |    27.3900 |
|        1 |        232 |          1849.60 |       884.53 |      1862.68 |                 66.31 |                    0.10 |    486 |    27.4600 |
|        1 |        233 |          1849.60 |       884.53 |      1932.42 |                151.44 |                    0.10 |    488 |    27.5324 |
|        1 |        234 |          1849.60 |       884.53 |      1914.10 |                 72.32 |                    0.10 |    490 |    27.6982 |
|        1 |        235 |          1849.60 |       884.53 |      1906.20 |                 44.46 |                    0.10 |    492 |    27.8041 |
|        1 |        236 |          1849.60 |       884.53 |      1903.21 |                 41.93 |                    0.10 |    495 |    28.0302 |
|        1 |        237 |          1849.60 |       884.53 |      1870.20 |                 36.84 |                    0.10 |    495 |    28.2007 |
|        1 |        238 |          1849.60 |       884.53 |      1870.20 |                 43.87 |                    0.10 |    495 |    28.3267 |
|        1 |        239 |          1849.60 |       884.53 |      1877.50 |                 84.40 |                    0.10 |    495 |    28.4519 |
|        1 |        240 |          1849.60 |       884.53 |      1918.10 |                 32.68 |                    0.10 |    498 |    28.5870 |
|        1 |        241 |          1849.60 |       884.53 |      1865.40 |                 26.80 |                    0.10 |    498 |    28.7059 |
|        1 |        242 |          1849.60 |       884.53 |      1865.40 |                 40.64 |                    0.10 |    498 |    28.7668 |
|        1 |        243 |          1849.60 |       884.53 |      1858.00 |                 35.86 |                    0.10 |    498 |    28.8497 |
|        1 |        244 |          1849.60 |       884.53 |      1858.00 |                 50.65 |                    0.10 |    498 |    28.9610 |
|        1 |        245 |          1849.60 |       884.53 |      1858.00 |                 20.69 |                    0.10 |    498 |    29.0430 |
|        1 |        246 |          1849.60 |       884.53 |      1828.54 |                 32.27 |                    0.10 |    499 |    29.1391 |
|        1 |        247 |          1849.60 |       884.53 |      1892.40 |                 82.23 |                    0.10 |    502 |    29.2154 |
|        1 |        248 |          1849.60 |       884.53 |      1857.50 |                 45.10 |                    0.10 |    502 |    29.3889 |
|        1 |        249 |          1849.60 |       884.53 |      1856.60 |                 24.79 |                    0.10 |    502 |    29.5197 |
|        1 |        250 |          1849.60 |       884.53 |      1847.94 |                 46.77 |                    0.10 |    502 |    29.6054 |
|        1 |        251 |          1849.60 |       884.53 |      1879.91 |                 85.63 |                    0.10 |    502 |    29.7006 |
|        1 |        252 |          1849.60 |       884.53 |      1952.08 |                 73.41 |                    0.10 |    504 |    29.7702 |
|        1 |        253 |          1849.60 |       884.53 |      1898.00 |                 41.16 |                    0.10 |    505 |    29.9135 |
|        1 |        254 |          1849.60 |       884.53 |      1857.76 |                 50.37 |                    0.10 |    505 |    30.0430 |
|        1 |        255 |          1849.60 |       884.53 |      1879.74 |                106.23 |                    0.10 |    505 |    30.1067 |
|        1 |        256 |          1849.60 |       884.53 |      1874.93 |                107.43 |                    0.10 |    505 |    30.2478 |
|        1 |        257 |          1849.60 |       884.53 |      1873.00 |                 46.90 |                    0.10 |    505 |    30.3847 |
|        1 |        258 |          1849.60 |       884.53 |      1873.00 |                 23.43 |                    0.10 |    505 |    30.4640 |
|        1 |        259 |          1849.60 |       884.53 |      1843.95 |                 43.67 |                    0.10 |    505 |    30.5853 |
|        1 |        260 |          1849.60 |       884.53 |      1864.97 |                 45.71 |                    0.10 |    505 |    30.6626 |
|        1 |        261 |          1849.60 |       884.53 |      1871.29 |                 33.33 |                    0.10 |    505 |    30.7503 |
|        1 |        262 |          1849.60 |       884.53 |      1864.28 |                 33.81 |                    0.10 |    505 |    30.8746 |
|        1 |        263 |          1849.60 |       884.53 |      1868.64 |                 78.76 |                    0.10 |    506 |    30.9589 |
|        1 |        264 |          1849.60 |       884.53 |      1914.19 |                174.60 |                    0.10 |    506 |    31.0369 |
|        1 |        265 |          1849.60 |       884.53 |      1892.50 |                101.99 |                    0.10 |    506 |    31.1748 |
|        1 |        266 |          1849.60 |       884.53 |      1894.50 |                 48.93 |                    0.10 |    506 |    31.2508 |
|        1 |        267 |          1849.60 |       884.53 |      1894.50 |                 28.37 |                    0.10 |    506 |    31.3396 |
|        1 |        268 |          1849.60 |       884.53 |      1860.73 |                 64.08 |                    0.10 |    506 |    31.4235 |
|        1 |        269 |          1849.60 |       884.53 |      1911.20 |                 26.87 |                    0.10 |    509 |    31.5994 |
|        1 |        270 |          1849.60 |       884.53 |      1909.20 |                 35.03 |                    0.10 |    510 |    31.7344 |
|        1 |        271 |          1849.60 |       884.53 |      1894.91 |                 48.45 |                    0.10 |    511 |    31.8499 |
|        1 |        272 |          1849.60 |       884.53 |      1893.28 |                 34.57 |                    0.10 |    511 |    31.9752 |
|        1 |        273 |          1849.60 |       884.53 |      1886.13 |                 29.02 |                    0.10 |    511 |    32.0634 |
|        1 |        274 |          1849.60 |       884.53 |      1878.12 |                 51.11 |                    0.10 |    511 |    32.1285 |
|        1 |        275 |          1849.60 |       884.53 |      1897.80 |                 70.55 |                    0.10 |    513 |    32.2518 |
|        1 |        276 |          1849.60 |       884.53 |      1901.70 |                 40.93 |                    0.10 |    514 |    32.3307 |
|        1 |        277 |          1849.60 |       884.53 |      1901.70 |                 23.53 |                    0.10 |    514 |    32.3905 |
|        1 |        278 |          1849.60 |       884.53 |      1861.89 |                 44.33 |                    0.10 |    514 |    32.5002 |
|        1 |        279 |          1849.60 |       884.53 |      1855.80 |                 73.43 |                    0.10 |    514 |    32.5886 |
|        1 |        280 |          1849.60 |       884.53 |      1855.20 |                 19.66 |                    0.10 |    514 |    32.7132 |
|        1 |        281 |          1849.60 |       884.53 |      1857.80 |                 24.35 |                    0.10 |    514 |    32.8184 |
|        1 |        282 |          1849.60 |       884.53 |      1857.11 |                 44.53 |                    0.10 |    515 |    32.9142 |
|        1 |        283 |          1849.60 |       884.53 |      1873.77 |                 95.81 |                    0.10 |    515 |    32.9779 |
|        1 |        284 |          1849.60 |       884.53 |      1906.10 |                 58.90 |                    0.10 |    516 |    33.0779 |
|        1 |        285 |          1849.60 |       884.53 |      1883.80 |                 37.68 |                    0.10 |    516 |    33.3431 |
|        1 |        286 |          1849.60 |       884.53 |      1875.51 |                 36.31 |                    0.10 |    517 |    33.4519 |
|        1 |        287 |          1849.60 |       884.53 |      1857.10 |                 46.05 |                    0.10 |    518 |    33.6409 |
|        1 |        288 |          1849.60 |       884.53 |      1857.10 |                 26.19 |                    0.10 |    518 |    33.6998 |
|        1 |        289 |          1849.60 |       884.53 |      1857.10 |                 40.14 |                    0.10 |    518 |    33.7498 |
|        1 |        290 |          1849.60 |       884.53 |      1855.20 |                 34.85 |                    0.10 |    518 |    33.9195 |
|        1 |        291 |          1849.60 |       884.53 |      1855.20 |                 39.08 |                    0.10 |    518 |    34.0067 |
|        1 |        292 |          1849.60 |       884.53 |      1855.20 |                 17.29 |                    0.10 |    518 |    34.0858 |
|        1 |        293 |          1849.60 |       884.53 |      1835.21 |                 32.03 |                    0.10 |    518 |    34.1446 |
|        1 |        294 |          1849.60 |       884.53 |      1876.93 |                 38.52 |                    0.10 |    518 |    34.2253 |
|        1 |        295 |          1849.60 |       884.53 |      1885.07 |                 91.54 |                    0.10 |    518 |    34.2922 |
|        1 |        296 |          1849.60 |       884.53 |      1924.72 |                217.56 |                    0.10 |    519 |    34.3618 |
|        1 |        297 |          1849.60 |       884.53 |      2109.31 |                454.33 |                    0.10 |    521 |    34.4202 |
|        1 |        298 |          1849.60 |       884.53 |      1896.20 |                 60.48 |                    0.10 |    523 |    34.6893 |
|        1 |        299 |          1849.60 |       884.53 |      1880.40 |                 55.47 |                    0.10 |    524 |    34.7892 |
|        1 |        300 |          1849.60 |       884.53 |      1880.40 |                 48.94 |                    0.10 |    524 |    34.8668 |
|        1 |        301 |          1849.60 |       884.53 |      1876.70 |                 75.65 |                    0.10 |    524 |    34.9343 |
|        1 |        302 |          1849.60 |       884.53 |      1879.40 |                 36.62 |                    0.10 |    524 |    35.0238 |
|        1 |        303 |          1849.60 |       884.53 |      1874.44 |                 38.58 |                    0.10 |    525 |    35.1455 |
|        1 |        304 |          1849.60 |       884.53 |      1870.24 |                 75.89 |                    0.10 |    527 |    35.1993 |
|        1 |        305 |          1849.60 |       884.53 |      1903.17 |                 69.66 |                    0.10 |    531 |    35.2808 |
|        1 |        306 |          1849.60 |       884.53 |      1887.47 |                168.89 |                    0.10 |    532 |    35.3446 |
|        1 |        307 |          1849.60 |       884.53 |      1872.00 |                 99.75 |                    0.10 |    532 |    35.4444 |
|        1 |        308 |          1849.60 |       884.53 |      1889.00 |                 33.82 |                    0.10 |    533 |    35.6234 |
|        1 |        309 |          1849.60 |       884.53 |      1886.88 |                 63.60 |                    0.10 |    535 |    35.7495 |
|        1 |        310 |          1849.60 |       884.53 |      1933.60 |                 34.50 |                    0.10 |    537 |    35.9365 |
|        1 |        311 |          1849.60 |       884.53 |      1875.31 |                 49.00 |                    0.10 |    537 |    36.0902 |
|        1 |        312 |          1849.60 |       884.53 |      1909.19 |                 61.42 |                    0.10 |    538 |    36.1641 |
|        1 |        313 |          1849.60 |       884.53 |      1935.81 |                 68.94 |                    0.10 |    541 |    36.2462 |
|        1 |        314 |          1849.60 |       884.53 |      1931.40 |                 28.89 |                    0.10 |    541 |    36.4017 |
|        1 |        315 |          1849.60 |       884.53 |      1857.73 |                 61.09 |                    0.10 |    541 |    36.5916 |
|        1 |        316 |          1849.60 |       884.53 |      1917.30 |                 86.30 |                    0.10 |    542 |    36.6826 |
|        1 |        317 |          1849.60 |       884.53 |      1856.90 |                 37.93 |                    0.10 |    542 |    36.8973 |
|        1 |        318 |          1849.60 |       884.53 |      1870.90 |                 31.98 |                    0.10 |    543 |    37.0702 |
|        1 |        319 |          1849.60 |       884.53 |      1869.46 |                 59.46 |                    0.10 |    545 |    37.2296 |
|        1 |        320 |          1849.60 |       884.53 |      1897.40 |                 33.98 |                    0.10 |    549 |    37.3827 |
|        1 |        321 |          1849.60 |       884.53 |      1873.35 |                 43.27 |                    0.10 |    549 |    37.5090 |
|        1 |        322 |          1849.60 |       884.53 |      1871.61 |                 38.70 |                    0.10 |    549 |    37.6953 |
|        1 |        323 |          1849.60 |       884.53 |      1874.48 |                 37.32 |                    0.10 |    549 |    37.8001 |
|        1 |        324 |          1849.60 |       884.53 |      1877.20 |                 54.87 |                    0.10 |    549 |    37.8781 |
|        1 |        325 |          1849.60 |       884.53 |      1874.20 |                 51.95 |                    0.10 |    549 |    37.9605 |
|        1 |        326 |          1849.60 |       884.53 |      1874.20 |                 40.25 |                    0.10 |    549 |    38.0405 |
|        1 |        327 |          1849.60 |       884.53 |      1848.86 |                 82.10 |                    0.10 |    549 |    38.1511 |
|        1 |        328 |          1849.60 |       884.53 |      1913.50 |                 60.86 |                    0.10 |    550 |    38.3157 |
|        1 |        329 |          1849.60 |       884.53 |      1896.00 |                 32.77 |                    0.10 |    553 |    38.4633 |
|        1 |        330 |          1849.60 |       884.53 |      1922.78 |                 87.76 |                    0.10 |    556 |    38.5443 |
|        1 |        331 |          1849.60 |       884.53 |      1903.20 |                 36.15 |                    0.10 |    558 |    38.6605 |
|        1 |        332 |          1849.60 |       884.53 |      1863.16 |                 60.52 |                    0.10 |    558 |    38.7362 |
|        1 |        333 |          1849.60 |       884.53 |      1919.62 |                 74.21 |                    0.10 |    563 |    38.8344 |
|        1 |        334 |          1849.60 |       884.53 |      1914.10 |                 35.59 |                    0.10 |    564 |    38.9288 |
|        1 |        335 |          1849.60 |       884.53 |      1884.92 |                 90.32 |                    0.10 |    564 |    39.1204 |
|        1 |        336 |          1849.60 |       884.53 |      2017.24 |                280.80 |                    0.10 |    568 |    39.2266 |
|        1 |        337 |          1849.60 |       884.53 |      2184.02 |                552.40 |                    0.10 |    571 |    39.2809 |
|        1 |        338 |          1849.60 |       884.53 |      1903.70 |                307.65 |                    0.10 |    571 |    39.3676 |
|        1 |        339 |          1849.60 |       884.53 |      1879.90 |                104.71 |                    0.10 |    571 |    39.5059 |
|        1 |        340 |          1849.60 |       884.53 |      1879.90 |                 43.23 |                    0.10 |    571 |    39.6142 |
|        1 |        341 |          1849.60 |       884.53 |      1866.70 |                 43.27 |                    0.10 |    573 |    39.7897 |
|        1 |        342 |          1849.60 |       884.53 |      1867.10 |                 50.53 |                    0.10 |    573 |    39.8783 |
|        1 |        343 |          1849.60 |       884.53 |      1864.70 |                 47.81 |                    0.10 |    573 |    39.9749 |
------------------------------------------------------------------------------------------------------------------------------------------------
|  Restart |  Iteration |  Best Feas. Cost |    Best Cost |   Curr. Cost |   Penalty Custom Res. |   Penalty Standard Res. |   Pool |   Time (s) |
------------------------------------------------------------------------------------------------------------------------------------------------
|        1 |        344 |          1849.60 |       884.53 |      1893.10 |                 48.94 |                    0.10 |    573 |    40.0869 |
|        1 |        345 |          1849.60 |       884.53 |      1893.10 |                 33.65 |                    0.10 |    573 |    40.1590 |
|        1 |        346 |          1849.60 |       884.53 |      1880.23 |                 75.23 |                    0.10 |    573 |    40.2483 |
|        1 |        347 |          1849.60 |       884.53 |      1896.80 |                 36.29 |                    0.10 |    574 |    40.4003 |
|        1 |        348 |          1849.60 |       884.53 |      1852.30 |                 27.81 |                    0.10 |    574 |    40.5052 |
|        1 |        349 |          1849.60 |       884.53 |      1855.20 |                 38.87 |                    0.10 |    574 |    40.5903 |
|        1 |          0 |          1849.30 |       884.53 |      1849.30 |                 30.38 |                    0.10 |    574 |    40.6942 |
|        1 |          1 |          1849.30 |       884.53 |      1849.30 |                 17.10 |                    0.10 |    574 |    40.7643 |
|        1 |          2 |          1849.30 |       884.53 |      1857.70 |                 22.87 |                    0.10 |    574 |    40.9092 |
|        1 |          3 |          1849.30 |       884.53 |      1857.70 |                 26.20 |                    0.10 |    574 |    40.9820 |
|        1 |          4 |          1849.30 |       884.53 |      1856.60 |                 26.60 |                    0.10 |    574 |    41.0663 |
|        1 |          5 |          1849.30 |       884.53 |      1875.10 |                 37.56 |                    0.10 |    574 |    41.1465 |
|        1 |          6 |          1849.30 |       884.53 |      1886.20 |                 24.32 |                    0.10 |    574 |    41.2244 |
|        1 |          7 |          1849.30 |       884.53 |      1885.80 |                 28.03 |                    0.10 |    574 |    41.3507 |
|        1 |          8 |          1849.30 |       884.53 |      1884.00 |                 32.04 |                    0.10 |    574 |    41.4710 |
|        1 |          9 |          1849.30 |       884.53 |      1884.00 |                 26.11 |                    0.10 |    574 |    41.5784 |
|        1 |         10 |          1849.30 |       884.53 |      1882.93 |                 50.74 |                    0.10 |    574 |    41.6747 |
|        1 |         11 |          1849.30 |       884.53 |      1888.80 |                 81.60 |                    0.10 |    575 |    41.7526 |
|        1 |         12 |          1849.30 |       884.53 |      1888.80 |                 39.13 |                    0.10 |    575 |    41.8300 |
|        1 |         13 |          1849.30 |       884.53 |      1883.30 |                 43.88 |                    0.10 |    575 |    41.9172 |
|        1 |         14 |          1849.30 |       884.53 |      1857.90 |                 25.62 |                    0.10 |    575 |    42.0539 |
|        1 |         15 |          1849.30 |       884.53 |      1871.00 |                 49.30 |                    0.10 |    575 |    42.1424 |
|        1 |         16 |          1849.30 |       884.53 |      1900.12 |                136.03 |                    0.10 |    576 |    42.2192 |
|        1 |         17 |          1849.30 |       884.53 |      1853.90 |                 58.02 |                    0.10 |    576 |    42.3974 |
|        1 |         18 |          1849.30 |       884.53 |      1875.41 |                 63.16 |                    0.10 |    577 |    42.6228 |
|        1 |         19 |          1849.30 |       884.53 |      1935.20 |                 49.86 |                    0.10 |    578 |    42.7178 |
|        1 |         20 |          1849.30 |       884.53 |      1874.00 |                 23.05 |                    0.10 |    578 |    42.8807 |
|        1 |         21 |          1849.30 |       884.53 |      1877.03 |                 58.74 |                    0.10 |    579 |    42.9507 |
|        1 |         22 |          1849.30 |       884.53 |      1928.80 |                 40.77 |                    0.10 |    580 |    43.0267 |
|        1 |         23 |          1849.30 |       884.53 |      1863.60 |                 44.22 |                    0.10 |    580 |    43.1625 |
|        1 |         24 |          1849.30 |       884.53 |      1876.10 |                 41.42 |                    0.10 |    581 |    43.2458 |
|        1 |         25 |          1849.30 |       884.53 |      1873.40 |                 32.05 |                    0.10 |    582 |    43.3390 |
|        1 |         26 |          1849.30 |       884.53 |      1871.10 |                 34.12 |                    0.10 |    582 |    43.4470 |
|        1 |         27 |          1849.30 |       884.53 |      1833.64 |                 49.45 |                    0.10 |    582 |    43.5745 |
|        1 |         28 |          1849.30 |       884.53 |      1866.82 |                119.88 |                    0.10 |    582 |    43.6430 |
|        1 |         29 |          1849.30 |       884.53 |      1900.50 |                 66.14 |                    0.10 |    583 |    43.7148 |
|        1 |         30 |          1849.30 |       884.53 |      1883.30 |                 28.97 |                    0.10 |    585 |    43.7950 |
|        1 |         31 |          1849.30 |       884.53 |      1856.20 |                 50.46 |                    0.10 |    586 |    43.8719 |
|        1 |         32 |          1849.30 |       884.53 |      2049.75 |                114.10 |                    0.10 |    588 |    43.9367 |
|        1 |         33 |          1849.30 |       884.53 |      1879.90 |                 23.02 |                    0.10 |    590 |    44.1009 |
|        1 |         34 |          1849.30 |       884.53 |      1883.51 |                 52.03 |                    0.10 |    590 |    44.1645 |
|        1 |         35 |          1849.30 |       884.53 |      1917.04 |                122.43 |                    0.10 |    590 |    44.2288 |
|        1 |         36 |          1849.30 |       884.53 |      1879.90 |                 38.14 |                    0.10 |    590 |    44.3185 |
|        1 |         37 |          1849.30 |       884.53 |      1857.90 |                 38.19 |                    0.10 |    591 |    44.4460 |
|        1 |         38 |          1849.30 |       884.53 |      1904.65 |                 83.81 |                    0.10 |    591 |    44.5113 |
|        1 |         39 |          1849.30 |       884.53 |      1936.10 |                 72.74 |                    0.10 |    592 |    44.6831 |
|        1 |         40 |          1849.30 |       884.53 |      1896.60 |                 30.94 |                    0.10 |    593 |    44.7519 |
|        1 |         41 |          1849.30 |       884.53 |      1872.90 |                 30.73 |                    0.10 |    594 |    44.8538 |
|        1 |         42 |          1849.30 |       884.53 |      1876.48 |                 51.89 |                    0.10 |    594 |    44.9577 |
|        1 |         43 |          1849.30 |       884.53 |      1863.80 |                 37.48 |                    0.10 |    594 |    45.0281 |
|        1 |         44 |          1849.30 |       884.53 |      1863.80 |                 70.12 |                    0.10 |    594 |    45.0858 |
|        1 |         45 |          1849.30 |       884.53 |      1865.80 |                 93.25 |                    0.10 |    594 |    45.1587 |
|        1 |         46 |          1849.30 |       884.53 |      1885.50 |                 74.99 |                    0.10 |    594 |    45.2691 |
|        1 |         47 |          1849.30 |       884.53 |      1872.40 |                 45.19 |                    0.10 |    594 |    45.5086 |
|        1 |         48 |          1849.30 |       884.53 |      1872.40 |                 41.95 |                    0.10 |    594 |    45.5866 |
|        1 |         49 |          1849.30 |       884.53 |      1899.10 |                 30.59 |                    0.10 |    595 |    45.6695 |
|        1 |         50 |          1849.30 |       884.53 |      1896.66 |                 52.20 |                    0.10 |    595 |    45.7468 |
|        1 |         51 |          1849.30 |       884.53 |      1903.81 |                 37.17 |                    0.10 |    597 |    45.8867 |
|        1 |         52 |          1849.30 |       884.53 |      1879.00 |                 51.69 |                    0.10 |    597 |    46.0407 |
|        1 |         53 |          1849.30 |       884.53 |      1870.60 |                 19.10 |                    0.10 |    597 |    46.1236 |
|        1 |         54 |          1849.30 |       884.53 |      1849.57 |                 29.79 |                    0.10 |    598 |    46.2033 |
|        1 |         55 |          1849.30 |       884.53 |      1877.18 |                 59.78 |                    0.10 |    598 |    46.2597 |
|        1 |         56 |          1849.30 |       884.53 |      1933.70 |                215.78 |                    0.10 |    598 |    46.3546 |
|        1 |         57 |          1849.30 |       884.53 |      1940.00 |                189.84 |                    0.10 |    601 |    46.4743 |
|        1 |         58 |          1849.30 |       884.53 |      1917.40 |                126.41 |                    0.10 |    603 |    46.5734 |
|        1 |         59 |          1849.30 |       884.53 |      1931.70 |                 63.75 |                    0.10 |    607 |    46.6413 |
|        1 |         60 |          1849.30 |       884.53 |      1888.20 |                 22.76 |                    0.10 |    607 |    46.7781 |
|        1 |         61 |          1849.30 |       884.53 |      1883.03 |                 36.92 |                    0.10 |    607 |    46.8736 |
|        1 |         62 |          1849.30 |       884.53 |      1943.27 |                 55.35 |                    0.10 |    607 |    46.9482 |
|        1 |         63 |          1849.30 |       884.53 |      1929.45 |                105.35 |                    0.10 |    609 |    47.0459 |
|        1 |         64 |          1849.30 |       884.53 |      1989.53 |                255.41 |                    0.10 |    612 |    47.1168 |
|        1 |         65 |          1849.30 |       884.53 |      1858.80 |                 80.64 |                    0.10 |    613 |    47.3095 |
|        1 |         66 |          1849.30 |       884.53 |      1871.20 |                 47.52 |                    0.10 |    613 |    47.4467 |
|        1 |         67 |          1849.30 |       884.53 |      1868.70 |                 23.73 |                    0.10 |    613 |    47.5135 |
|        1 |         68 |          1849.30 |       884.53 |      1853.53 |                 40.72 |                    0.10 |    614 |    47.7207 |
|        1 |         69 |          1849.30 |       884.53 |      1878.49 |                 89.36 |                    0.10 |    614 |    47.7827 |
|        1 |         70 |          1849.30 |       884.53 |      1884.80 |                 51.28 |                    0.10 |    614 |    47.8623 |
|        1 |         71 |          1849.30 |       884.53 |      1882.50 |                 63.57 |                    0.10 |    614 |    47.9409 |
|        1 |         72 |          1849.30 |       884.53 |      1882.50 |                 33.34 |                    0.10 |    614 |    48.0283 |
|        1 |         73 |          1849.30 |       884.53 |      1898.49 |                 93.83 |                    0.10 |    614 |    48.1080 |
|        1 |         74 |          1849.30 |       884.53 |      1901.20 |                 39.89 |                    0.10 |    614 |    48.1926 |
|        1 |         75 |          1849.30 |       884.53 |      1879.08 |                 48.44 |                    0.10 |    615 |    48.2935 |
|        1 |         76 |          1849.30 |       884.53 |      1886.70 |                142.83 |                    0.10 |    615 |    48.4391 |
|        1 |         77 |          1849.30 |       884.53 |      1883.80 |                 60.12 |                    0.10 |    615 |    48.5634 |
|        1 |         78 |          1849.30 |       884.53 |      1882.20 |                 54.01 |                    0.10 |    615 |    48.7567 |
|        1 |         79 |          1849.30 |       884.53 |      1878.39 |                 54.80 |                    0.10 |    616 |    48.8540 |
|        1 |         80 |          1849.30 |       884.53 |      1882.46 |                 69.97 |                    0.10 |    616 |    48.9447 |
|        1 |         81 |          1849.30 |       884.53 |      1878.70 |                 44.36 |                    0.10 |    616 |    49.0288 |
|        1 |         82 |          1849.30 |       884.53 |      1874.06 |                 59.58 |                    0.10 |    616 |    49.1074 |
|        1 |         83 |          1849.30 |       884.53 |      1878.70 |                 51.03 |                    0.10 |    616 |    49.1803 |
|        1 |         84 |          1849.30 |       884.53 |      1878.70 |                 26.50 |                    0.10 |    616 |    49.2650 |
|        1 |         85 |          1849.30 |       884.53 |      1858.20 |                 77.62 |                    0.10 |    616 |    49.3533 |
|        1 |         86 |          1849.30 |       884.53 |      1873.10 |                 78.65 |                    0.10 |    616 |    49.4670 |
|        1 |         87 |          1849.30 |       884.53 |      1856.30 |                 42.52 |                    0.10 |    616 |    49.5430 |
|        1 |         88 |          1849.30 |       884.53 |      1856.30 |                 46.80 |                    0.10 |    616 |    49.6076 |
|        1 |         89 |          1849.30 |       884.53 |      1845.86 |                 49.79 |                    0.10 |    616 |    49.7454 |
|        1 |         90 |          1849.30 |       884.53 |      1873.69 |                118.32 |                    0.10 |    616 |    49.8181 |
|        1 |         91 |          1849.30 |       884.53 |      1876.00 |                 92.51 |                    0.10 |    616 |    49.9108 |
|        1 |         92 |          1849.30 |       884.53 |      1884.10 |                 38.11 |                    0.10 |    616 |    50.0202 |
|        1 |         93 |          1849.30 |       884.53 |      1881.24 |                 98.75 |                    0.10 |    616 |    50.1518 |
|        1 |         94 |          1849.30 |       884.53 |      1870.90 |                 37.55 |                    0.10 |    616 |    50.2583 |
|        1 |         95 |          1849.30 |       884.53 |      1866.87 |                 91.00 |                    0.10 |    616 |    50.3416 |
|        1 |         96 |          1849.30 |       884.53 |      1901.30 |                 42.32 |                    0.10 |    616 |    50.4324 |
|        1 |         97 |          1849.30 |       884.53 |      1904.70 |                 18.00 |                    0.10 |    616 |    50.5173 |
|        1 |         98 |          1849.30 |       884.53 |      1829.63 |                 36.73 |                    0.10 |    616 |    50.6537 |
|        1 |         99 |          1849.30 |       884.53 |      1885.30 |                 89.94 |                    0.10 |    616 |    50.7298 |
|        1 |        100 |          1849.30 |       884.53 |      1877.65 |                105.59 |                    0.10 |    616 |    50.8989 |
|        1 |        101 |          1849.30 |       884.53 |      1902.50 |                 50.14 |                    0.10 |    616 |    51.0147 |
|        1 |        102 |          1849.30 |       884.53 |      1876.70 |                 41.95 |                    0.10 |    617 |    51.1512 |
|        1 |        103 |          1849.30 |       884.53 |      1900.30 |                 44.35 |                    0.10 |    617 |    51.2247 |
|        1 |        104 |          1849.30 |       884.53 |      1897.39 |                 95.74 |                    0.10 |    619 |    51.3958 |
|        1 |        105 |          1849.30 |       884.53 |      1944.52 |                137.81 |                    0.10 |    619 |    51.4928 |
|        1 |        106 |          1849.30 |       884.53 |      1904.20 |                 40.75 |                    0.10 |    619 |    51.6375 |
|        1 |        107 |          1849.30 |       884.53 |      1903.50 |                 48.03 |                    0.10 |    619 |    51.7275 |
|        1 |        108 |          1849.30 |       884.53 |      1870.50 |                 91.94 |                    0.10 |    619 |    51.9022 |
|        1 |        109 |          1849.30 |       884.53 |      1870.50 |                 48.79 |                    0.10 |    619 |    51.9670 |
|        1 |        110 |          1849.30 |       884.53 |      1877.90 |                 30.32 |                    0.10 |    619 |    52.0752 |
|        1 |        111 |          1849.30 |       884.53 |      1863.77 |                 52.22 |                    0.10 |    620 |    52.1819 |
|        1 |        112 |          1849.30 |       884.53 |      1852.80 |                 67.17 |                    0.10 |    620 |    52.3128 |
|        1 |        113 |          1849.30 |       884.53 |      1886.59 |                 65.52 |                    0.10 |    620 |    52.3876 |
|        1 |        114 |          1849.30 |       884.53 |      1880.60 |                 80.96 |                    0.10 |    620 |    52.5082 |
|        1 |          0 |          1849.10 |       884.53 |      1849.10 |                 48.32 |                    0.10 |    620 |    52.5980 |
|        1 |          1 |          1849.10 |       884.53 |      1850.30 |                 32.46 |                    0.10 |    620 |    52.7197 |
|        1 |          2 |          1849.10 |       884.53 |      1850.30 |                 51.71 |                    0.10 |    620 |    52.7852 |
|        1 |          3 |          1849.10 |       884.53 |      1850.30 |                 63.52 |                    0.10 |    620 |    52.8503 |
|        1 |          4 |          1849.10 |       884.53 |      1850.30 |                 43.68 |                    0.10 |    620 |    52.9158 |
|        1 |          5 |          1849.10 |       884.53 |      1850.30 |                 35.23 |                    0.10 |    620 |    52.9858 |
|        1 |          0 |          1848.40 |       884.53 |      1848.40 |                 72.08 |                    0.10 |    620 |    53.0455 |
|        1 |          1 |          1848.40 |       884.53 |      1881.70 |                 47.61 |                    0.10 |    620 |    53.1159 |
|        1 |          2 |          1848.40 |       884.53 |      1884.60 |                 30.22 |                    0.10 |    620 |    53.1816 |
|        1 |          3 |          1848.40 |       884.53 |      1850.54 |                 38.88 |                    0.10 |    620 |    53.3108 |
|        1 |          4 |          1848.40 |       884.53 |      1873.38 |                 54.40 |                    0.10 |    620 |    53.3700 |
|        1 |          5 |          1848.40 |       884.53 |      1890.09 |                 94.77 |                    0.10 |    621 |    53.4428 |
|        1 |          6 |          1848.40 |       884.53 |      1884.60 |                 24.37 |                    0.10 |    621 |    53.5683 |
|        1 |          7 |          1848.40 |       884.53 |      1872.93 |                 80.10 |                    0.10 |    621 |    53.7162 |
|        1 |          8 |          1848.40 |       884.53 |      1883.90 |                 37.27 |                    0.10 |    622 |    53.7905 |
|        1 |          9 |          1848.40 |       884.53 |      1847.87 |                 31.28 |                    0.10 |    622 |    53.8628 |
|        1 |         10 |          1848.40 |       884.53 |      1845.35 |                 64.04 |                    0.10 |    622 |    53.9138 |
|        1 |         11 |          1848.40 |       884.53 |      1880.10 |                 55.98 |                    0.10 |    622 |    53.9772 |
|        1 |         12 |          1848.40 |       884.53 |      1868.78 |                 80.70 |                    0.10 |    622 |    54.0383 |
|        1 |         13 |          1848.40 |       884.53 |      1897.30 |                 58.89 |                    0.10 |    622 |    54.1197 |
|        1 |         14 |          1848.40 |       884.53 |      1897.30 |                 27.41 |                    0.10 |    622 |    54.1893 |
|        1 |         15 |          1848.40 |       884.53 |      1860.10 |                 61.98 |                    0.10 |    622 |    54.2554 |
|        1 |         16 |          1848.40 |       884.53 |      1894.23 |                 66.15 |                    0.10 |    622 |    54.3269 |
|        1 |         17 |          1848.40 |       884.53 |      1897.95 |                 69.91 |                    0.10 |    622 |    54.4010 |
|        1 |         18 |          1848.40 |       884.53 |      1893.49 |                 57.00 |                    0.10 |    622 |    54.4625 |
|        1 |         19 |          1848.40 |       884.53 |      1878.91 |                 70.70 |                    0.10 |    622 |    54.5308 |
|        1 |         20 |          1848.40 |       884.53 |      1900.20 |                 45.71 |                    0.10 |    622 |    54.6245 |
|        1 |         21 |          1848.40 |       884.53 |      1881.59 |                127.37 |                    0.10 |    622 |    54.7023 |
|        1 |         22 |          1848.40 |       884.53 |      1916.50 |                 51.47 |                    0.10 |    624 |    54.7874 |
|        1 |         23 |          1848.40 |       884.53 |      1916.50 |                 35.04 |                    0.10 |    624 |    54.8547 |
|        1 |         24 |          1848.40 |       884.53 |      1864.08 |                 74.51 |                    0.10 |    624 |    54.9414 |
|        1 |         25 |          1848.40 |       884.53 |      1907.49 |                 88.87 |                    0.10 |    625 |    55.0023 |
|        1 |         26 |          1848.40 |       884.53 |      1911.50 |                 46.97 |                    0.10 |    626 |    55.1173 |
|        1 |         27 |          1848.40 |       884.53 |      1868.72 |                 37.77 |                    0.10 |    627 |    55.2348 |
|        1 |         28 |          1848.40 |       884.53 |      1855.90 |                 52.10 |                    0.10 |    627 |    55.3593 |
|        1 |         29 |          1848.40 |       884.53 |      1855.90 |                 34.41 |                    0.10 |    627 |    55.4308 |
|        1 |         30 |          1848.40 |       884.53 |      1855.90 |                 34.93 |                    0.10 |    627 |    55.5079 |
|        1 |         31 |          1848.40 |       884.53 |      1855.90 |                 52.42 |                    0.10 |    627 |    55.5735 |
|        1 |         32 |          1848.40 |       884.53 |      1855.90 |                 45.35 |                    0.10 |    627 |    55.6430 |
|        1 |         33 |          1848.40 |       884.53 |      1851.40 |                 90.88 |                    0.10 |    627 |    55.7149 |
|        1 |         34 |          1848.40 |       884.53 |      1856.10 |                 56.43 |                    0.10 |    627 |    55.8104 |
|        1 |         35 |          1848.40 |       884.53 |      1855.40 |                 55.59 |                    0.10 |    627 |    55.8854 |
|        1 |         36 |          1848.40 |       884.53 |      1850.70 |                 44.82 |                    0.10 |    627 |    55.9650 |
|        1 |         37 |          1848.40 |       884.53 |      1850.10 |                 37.21 |                    0.10 |    627 |    56.0590 |
|        1 |         38 |          1848.40 |       884.53 |      1869.70 |                 26.89 |                    0.10 |    627 |    56.1270 |
|        1 |         39 |          1848.40 |       884.53 |      1869.70 |                 26.22 |                    0.10 |    627 |    56.2063 |
|        1 |         40 |          1848.40 |       884.53 |      1844.22 |                 39.98 |                    0.10 |    627 |    56.3310 |
|        1 |         41 |          1848.40 |       884.53 |      1863.68 |                104.95 |                    0.10 |    628 |    56.4044 |
|        1 |         42 |          1848.40 |       884.53 |      1904.70 |                 52.69 |                    0.10 |    628 |    56.5386 |
|        1 |         43 |          1848.40 |       884.53 |      1899.10 |                 18.88 |                    0.10 |    628 |    56.6317 |
|        1 |         44 |          1848.40 |       884.53 |      1899.10 |                 28.86 |                    0.10 |    628 |    56.7077 |
|        1 |         45 |          1848.40 |       884.53 |      1901.10 |                 50.79 |                    0.10 |    628 |    56.7810 |
|        1 |         46 |          1848.40 |       884.53 |      1901.10 |                 48.07 |                    0.10 |    628 |    56.8584 |
|        1 |         47 |          1848.40 |       884.53 |      1896.10 |                 32.37 |                    0.10 |    628 |    56.9388 |
|        1 |         48 |          1848.40 |       884.53 |      1896.20 |                 24.61 |                    0.10 |    628 |    56.9989 |
|        1 |         49 |          1848.40 |       884.53 |      1909.92 |                 47.39 |                    0.10 |    628 |    57.0729 |
|        1 |         50 |          1848.40 |       884.53 |      1863.70 |                 78.99 |                    0.10 |    628 |    57.2037 |
|        1 |         51 |          1848.40 |       884.53 |      1856.30 |                 50.09 |                    0.10 |    628 |    57.2856 |
|        1 |         52 |          1848.40 |       884.53 |      1856.30 |                 24.02 |                    0.10 |    628 |    57.3602 |
|        1 |         53 |          1848.40 |       884.53 |      1836.42 |                 35.61 |                    0.10 |    628 |    57.4523 |
|        1 |         54 |          1848.40 |       884.53 |      1855.18 |                 86.32 |                    0.10 |    628 |    57.5232 |
|        1 |         55 |          1848.40 |       884.53 |      1911.40 |                 26.00 |                    0.10 |    630 |    57.6839 |
|        1 |         56 |          1848.40 |       884.53 |      1865.54 |                 38.14 |                    0.10 |    630 |    57.7892 |
|        1 |         57 |          1848.40 |       884.53 |      1887.85 |                 99.15 |                    0.10 |    630 |    57.8583 |
|        1 |         58 |          1848.40 |       884.53 |      1904.60 |                 42.42 |                    0.10 |    632 |    57.9923 |
|        1 |         59 |          1848.40 |       884.53 |      1921.70 |                 38.17 |                    0.10 |    634 |    58.0732 |
|        1 |         60 |          1848.40 |       884.53 |      1904.70 |                 39.93 |                    0.10 |    634 |    58.1481 |
|        1 |         61 |          1848.40 |       884.53 |      1898.97 |                 79.98 |                    0.10 |    635 |    58.2269 |
|        1 |         62 |          1848.40 |       884.53 |      1922.70 |                 47.05 |                    0.10 |    636 |    58.3874 |
|        1 |         63 |          1848.40 |       884.53 |      1925.90 |                 27.84 |                    0.10 |    636 |    58.4556 |
|        1 |         64 |          1848.40 |       884.53 |      1904.12 |                 66.17 |                    0.10 |    636 |    58.5265 |
|        1 |         65 |          1848.40 |       884.53 |      1926.93 |                 74.28 |                    0.10 |    637 |    58.5962 |
|        1 |         66 |          1848.40 |       884.53 |      1919.80 |                 40.41 |                    0.10 |    637 |    58.7262 |
|        1 |         67 |          1848.40 |       884.53 |      1905.03 |                109.19 |                    0.10 |    638 |    58.8171 |
|        1 |         68 |          1848.40 |       884.53 |      1922.00 |                 60.22 |                    0.10 |    638 |    58.9040 |
|        1 |         69 |          1848.40 |       884.53 |      1889.10 |                 50.48 |                    0.10 |    638 |    59.0035 |
|        1 |         70 |          1848.40 |       884.53 |      1889.10 |                 51.80 |                    0.10 |    638 |    59.0675 |
|        1 |         71 |          1848.40 |       884.53 |      1866.60 |                 24.28 |                    0.10 |    638 |    59.1837 |
|        1 |         72 |          1848.40 |       884.53 |      1857.80 |                 36.75 |                    0.10 |    639 |    59.2746 |
|        1 |         73 |          1848.40 |       884.53 |      1857.10 |                 37.28 |                    0.10 |    639 |    59.3570 |
|        1 |         74 |          1848.40 |       884.53 |      1851.22 |                 25.23 |                    0.10 |    639 |    59.5059 |
|        1 |         75 |          1848.40 |       884.53 |      1857.34 |                 54.83 |                    0.10 |    639 |    59.5654 |
|        1 |         76 |          1848.40 |       884.53 |      1858.28 |                 76.04 |                    0.10 |    639 |    59.7586 |
|        1 |         77 |          1848.40 |       884.53 |      1896.72 |                 93.38 |                    0.10 |    639 |    59.8270 |
|        1 |         78 |          1848.40 |       884.53 |      1870.40 |                 53.53 |                    0.10 |    639 |    59.9201 |
------------------------------------------------------------------------------------------------------------------------------------------------
|  Restart |  Iteration |  Best Feas. Cost |    Best Cost |   Curr. Cost |   Penalty Custom Res. |   Penalty Standard Res. |   Pool |   Time (s) |
------------------------------------------------------------------------------------------------------------------------------------------------
|        1 |         79 |          1848.40 |       884.53 |      1876.24 |                 48.96 |                    0.10 |    640 |    60.0654 |
|        1 |         80 |          1848.40 |       884.53 |      1877.80 |                 63.74 |                    0.10 |    641 |    60.1641 |
|        1 |         81 |          1848.40 |       884.53 |      1872.22 |                 72.76 |                    0.10 |    641 |    60.2763 |
|        1 |         82 |          1848.40 |       884.53 |      1895.10 |                 91.86 |                    0.10 |    641 |    60.3788 |
|        1 |         83 |          1848.40 |       884.53 |      1895.10 |                 69.14 |                    0.10 |    641 |    60.4425 |
|        1 |         84 |          1848.40 |       884.53 |      1922.40 |                 95.73 |                    0.10 |    641 |    60.5128 |
|        1 |         85 |          1848.40 |       884.53 |      1922.40 |                 45.85 |                    0.10 |    641 |    60.6041 |
|        1 |         86 |          1848.40 |       884.53 |      1891.43 |                 58.32 |                    0.10 |    641 |    60.7393 |
|        1 |         87 |          1848.40 |       884.53 |      1895.52 |                 91.90 |                    0.10 |    641 |    60.8142 |
|        1 |         88 |          1848.40 |       884.53 |      1874.10 |                 37.48 |                    0.10 |    641 |    60.9115 |
|        1 |         89 |          1848.40 |       884.53 |      1865.93 |                 58.43 |                    0.10 |    641 |    60.9970 |
|        1 |         90 |          1848.40 |       884.53 |      1888.00 |                 34.85 |                    0.10 |    643 |    61.1001 |
|        1 |         91 |          1848.40 |       884.53 |      1884.70 |                 31.96 |                    0.10 |    643 |    61.1862 |
|        1 |         92 |          1848.40 |       884.53 |      1871.63 |                 93.52 |                    0.10 |    643 |    61.2754 |
|        1 |         93 |          1848.40 |       884.53 |      1928.27 |                195.29 |                    0.10 |    643 |    61.3345 |
|        1 |         94 |          1848.40 |       884.53 |      2042.21 |                384.17 |                    0.10 |    645 |    61.3893 |
|        1 |         95 |          1848.40 |       884.53 |      1897.30 |                156.85 |                    0.10 |    645 |    61.4765 |
|        1 |         96 |          1848.40 |       884.53 |      1870.30 |                 48.48 |                    0.10 |    645 |    61.6905 |
|        1 |         97 |          1848.40 |       884.53 |      1887.58 |                102.25 |                    0.10 |    645 |    61.7531 |
|        1 |         98 |          1848.40 |       884.53 |      1895.50 |                108.84 |                    0.10 |    645 |    61.8618 |
|        1 |         99 |          1848.40 |       884.53 |      1900.80 |                 55.97 |                    0.10 |    645 |    61.9367 |
|        1 |        100 |          1848.40 |       884.53 |      1882.83 |                 67.86 |                    0.10 |    645 |    62.0517 |
|        1 |        101 |          1848.40 |       884.53 |      1900.50 |                 44.30 |                    0.10 |    645 |    62.1489 |
|        1 |        102 |          1848.40 |       884.53 |      1871.43 |                 26.08 |                    0.10 |    645 |    62.2936 |
|        1 |        103 |          1848.40 |       884.53 |      1856.80 |                 54.20 |                    0.10 |    645 |    62.4167 |
|        1 |        104 |          1848.40 |       884.53 |      1860.70 |                 29.33 |                    0.10 |    645 |    62.4747 |
|        1 |        105 |          1848.40 |       884.53 |      1856.70 |                 23.43 |                    0.10 |    645 |    62.5383 |
|        1 |        106 |          1848.40 |       884.53 |      1856.70 |                 22.79 |                    0.10 |    645 |    62.6509 |
|        1 |        107 |          1848.40 |       884.53 |      1858.54 |                 38.51 |                    0.10 |    645 |    62.7398 |
|        1 |        108 |          1848.40 |       884.53 |      1920.86 |                 72.63 |                    0.10 |    645 |    62.8276 |
|        1 |        109 |          1848.40 |       884.53 |      1910.00 |                 52.83 |                    0.10 |    645 |    62.9556 |
|        1 |        110 |          1848.40 |       884.53 |      1910.00 |                 65.60 |                    0.10 |    645 |    63.0115 |
|        1 |        111 |          1848.40 |       884.53 |      1910.00 |                 54.00 |                    0.10 |    645 |    63.0824 |
|        1 |        112 |          1848.40 |       884.53 |      1910.00 |                 96.00 |                    0.10 |    645 |    63.1495 |
|        1 |        113 |          1848.40 |       884.53 |      1882.20 |                 38.42 |                    0.10 |    645 |    63.2368 |
|        1 |        114 |          1848.40 |       884.53 |      1882.20 |                 53.77 |                    0.10 |    645 |    63.2981 |
|        1 |        115 |          1848.40 |       884.53 |      1898.00 |                 44.63 |                    0.10 |    645 |    63.3935 |
|        1 |        116 |          1848.40 |       884.53 |      1910.60 |                 46.81 |                    0.10 |    647 |    63.5726 |
|        1 |        117 |          1848.40 |       884.53 |      1910.00 |                 37.71 |                    0.10 |    647 |    63.6594 |
|        1 |        118 |          1848.40 |       884.53 |      1884.58 |                 67.57 |                    0.10 |    647 |    63.7504 |
|        1 |        119 |          1848.40 |       884.53 |      1861.30 |                 73.98 |                    0.10 |    647 |    63.8954 |
|        1 |        120 |          1848.40 |       884.53 |      1862.00 |                 27.06 |                    0.10 |    647 |    63.9865 |
|        1 |        121 |          1848.40 |       884.53 |      1862.00 |                 20.98 |                    0.10 |    647 |    64.0532 |
|        1 |        122 |          1848.40 |       884.53 |      1838.47 |                 35.09 |                    0.10 |    649 |    64.1397 |
|        1 |        123 |          1848.40 |       884.53 |      1869.82 |                110.87 |                    0.10 |    649 |    64.2851 |
|        1 |        124 |          1848.40 |       884.53 |      1910.00 |                124.30 |                    0.10 |    649 |    64.3670 |
|        1 |        125 |          1848.40 |       884.53 |      1901.60 |                 38.34 |                    0.10 |    649 |    64.4659 |
|        1 |        126 |          1848.40 |       884.53 |      1864.80 |                 62.14 |                    0.10 |    649 |    64.5678 |
|        1 |        127 |          1848.40 |       884.53 |      1888.12 |                 64.90 |                    0.10 |    649 |    64.6571 |
|        1 |        128 |          1848.40 |       884.53 |      1876.00 |                 28.16 |                    0.10 |    649 |    64.7310 |
|        1 |        129 |          1848.40 |       884.53 |      1901.07 |                 68.18 |                    0.10 |    650 |    64.8178 |
|        1 |        130 |          1848.40 |       884.53 |      1895.90 |                 40.75 |                    0.10 |    650 |    64.8895 |
|        1 |        131 |          1848.40 |       884.53 |      1892.80 |                 22.50 |                    0.10 |    650 |    64.9504 |
|        1 |        132 |          1848.40 |       884.53 |      1889.10 |                 60.09 |                    0.10 |    650 |    65.0639 |
|        1 |        133 |          1848.40 |       884.53 |      1905.20 |                 39.91 |                    0.10 |    650 |    65.2042 |
|        1 |        134 |          1848.40 |       884.53 |      1903.46 |                 40.58 |                    0.10 |    650 |    65.2554 |
|        1 |        135 |          1848.40 |       884.53 |      1898.04 |                 83.89 |                    0.10 |    650 |    65.3141 |
|        1 |        136 |          1848.40 |       884.53 |      1900.30 |                 53.21 |                    0.10 |    650 |    65.3928 |
|        1 |        137 |          1848.40 |       884.53 |      1873.20 |                 95.41 |                    0.10 |    650 |    65.4799 |
|        1 |        138 |          1848.40 |       884.53 |      1873.20 |                 50.09 |                    0.10 |    650 |    65.5521 |
|        1 |        139 |          1848.40 |       884.53 |      1873.40 |                 28.80 |                    0.10 |    650 |    65.6048 |
|        1 |        140 |          1848.40 |       884.53 |      1869.69 |                 50.64 |                    0.10 |    650 |    65.6878 |
|        1 |        141 |          1848.40 |       884.53 |      1875.20 |                 51.45 |                    0.10 |    650 |    65.7509 |
|        1 |        142 |          1848.40 |       884.53 |      1869.69 |                 74.67 |                    0.10 |    650 |    65.8640 |
|        1 |        143 |          1848.40 |       884.53 |      1891.50 |                 58.38 |                    0.10 |    650 |    65.9558 |
|        1 |        144 |          1848.40 |       884.53 |      1878.00 |                 53.08 |                    0.10 |    650 |    66.0322 |
|        1 |        145 |          1848.40 |       884.53 |      1878.00 |                 47.84 |                    0.10 |    650 |    66.0913 |
|        1 |        146 |          1848.40 |       884.53 |      1872.88 |                 36.24 |                    0.10 |    651 |    66.2008 |
|        1 |        147 |          1848.40 |       884.53 |      1878.10 |                 72.58 |                    0.10 |    651 |    66.2835 |
|        1 |        148 |          1848.40 |       884.53 |      1878.10 |                 47.85 |                    0.10 |    651 |    66.3748 |
|        1 |        149 |          1848.40 |       884.53 |      1878.10 |                 51.63 |                    0.10 |    651 |    66.4376 |
|        1 |        150 |          1848.40 |       884.53 |      1861.79 |                 37.58 |                    0.10 |    651 |    66.5528 |
|        1 |        151 |          1848.40 |       884.53 |      1881.40 |                 39.60 |                    0.10 |    651 |    66.6688 |
|        1 |        152 |          1848.40 |       884.53 |      1879.07 |                 54.83 |                    0.10 |    651 |    66.7404 |
|        1 |        153 |          1848.40 |       884.53 |      1884.20 |                 42.07 |                    0.10 |    651 |    66.8181 |
|        1 |        154 |          1848.40 |       884.53 |      1871.50 |                 42.70 |                    0.10 |    651 |    66.8975 |
|        1 |        155 |          1848.40 |       884.53 |      1874.20 |                 41.91 |                    0.10 |    651 |    67.0244 |
|        1 |        156 |          1848.40 |       884.53 |      1855.33 |                 48.74 |                    0.10 |    651 |    67.1611 |
|        1 |        157 |          1848.40 |       884.53 |      1881.22 |                 76.10 |                    0.10 |    651 |    67.2280 |
|        1 |        158 |          1848.40 |       884.53 |      1874.70 |                 74.92 |                    0.10 |    652 |    67.3170 |
|        1 |        159 |          1848.40 |       884.53 |      1871.60 |                 38.14 |                    0.10 |    652 |    67.3963 |
|        1 |        160 |          1848.40 |       884.53 |      1845.66 |                 57.14 |                    0.14 |    652 |    67.4835 |
|        1 |        161 |          1848.40 |       884.53 |      1876.56 |                126.66 |                    0.10 |    652 |    67.5452 |
|        1 |        162 |          1848.40 |       884.53 |      1890.40 |                 93.37 |                    0.10 |    652 |    67.6151 |
|        1 |        163 |          1848.40 |       884.53 |      1891.10 |                 47.97 |                    0.10 |    652 |    67.7014 |
|        1 |        164 |          1848.40 |       884.53 |      1903.00 |                 41.06 |                    0.10 |    652 |    67.7764 |
|        1 |        165 |          1848.40 |       884.53 |      1836.41 |                 60.21 |                    0.10 |    652 |    67.8884 |
|        1 |        166 |          1848.40 |       884.53 |      1870.37 |                 90.02 |                    0.10 |    652 |    68.0159 |
|        1 |        167 |          1848.40 |       884.53 |      1886.40 |                 26.78 |                    0.10 |    652 |    68.1934 |
|        1 |        168 |          1848.40 |       884.53 |      1867.78 |                 74.64 |                    0.10 |    652 |    68.2681 |
|        1 |        169 |          1848.40 |       884.53 |      1886.50 |                 67.53 |                    0.10 |    652 |    68.4210 |
|        1 |        170 |          1848.40 |       884.53 |      1890.40 |                 92.64 |                    0.10 |    652 |    68.4831 |
|        1 |        171 |          1848.40 |       884.53 |      1890.40 |                 40.20 |                    0.10 |    652 |    68.5533 |
|        1 |        172 |          1848.40 |       884.53 |      1857.50 |                 23.56 |                    0.10 |    653 |    68.7705 |
|        1 |        173 |          1848.40 |       884.53 |      1856.86 |                 49.56 |                    0.10 |    654 |    68.8582 |
|        1 |        174 |          1848.40 |       884.53 |      1920.70 |                 47.75 |                    0.10 |    654 |    68.9648 |
|        1 |        175 |          1848.40 |       884.53 |      1920.70 |                 25.03 |                    0.10 |    654 |    69.0483 |
|        1 |        176 |          1848.40 |       884.53 |      1885.22 |                 84.84 |                    0.10 |    656 |    69.1967 |
|        1 |        177 |          1848.40 |       884.53 |      1933.75 |                188.07 |                    0.10 |    656 |    69.2586 |
|        1 |        178 |          1848.40 |       884.53 |      1888.53 |                 56.69 |                    0.10 |    658 |    69.5447 |
|        1 |        179 |          1848.40 |       884.53 |      1897.40 |                 69.99 |                    0.10 |    658 |    69.6789 |
|        1 |        180 |          1848.40 |       884.53 |      1937.90 |                 33.49 |                    0.10 |    659 |    69.7811 |
|        1 |        181 |          1848.40 |       884.53 |      1898.54 |                 40.54 |                    0.10 |    660 |    69.9080 |
|        1 |        182 |          1848.40 |       884.53 |      1854.22 |                 73.90 |                    0.10 |    660 |    70.1974 |
|        1 |        183 |          1848.40 |       884.53 |      1882.70 |                104.58 |                    0.10 |    660 |    70.3797 |
|        1 |        184 |          1848.40 |       884.53 |      1861.20 |                 78.64 |                    0.10 |    660 |    70.4497 |
|        1 |        185 |          1848.40 |       884.53 |      1865.90 |                126.58 |                    0.10 |    660 |    70.5062 |
|        1 |        186 |          1848.40 |       884.53 |      1865.90 |                 57.78 |                    0.10 |    660 |    70.5633 |
|        1 |        187 |          1848.40 |       884.53 |      1861.10 |                 26.35 |                    0.10 |    660 |    70.6356 |
|        1 |        188 |          1848.40 |       884.53 |      1861.10 |                 27.00 |                    0.10 |    660 |    70.7150 |
|        1 |        189 |          1848.40 |       884.53 |      1861.10 |                 24.58 |                    0.10 |    660 |    70.7807 |
|        1 |        190 |          1848.40 |       884.53 |      1861.10 |                 36.12 |                    0.10 |    660 |    70.8495 |
|        1 |        191 |          1848.40 |       884.53 |      1866.00 |                 21.81 |                    0.10 |    661 |    70.9164 |
|        1 |        192 |          1848.40 |       884.53 |      1820.96 |                 54.48 |                    0.10 |    661 |    70.9839 |
|        1 |        193 |          1848.40 |       884.53 |      1918.50 |                109.33 |                    0.10 |    661 |    71.0354 |
|        1 |        194 |          1848.40 |       884.53 |      1978.20 |                249.70 |                    0.10 |    664 |    71.1005 |
|        1 |        195 |          1848.40 |       884.53 |      1865.30 |                141.32 |                    0.10 |    664 |    71.2335 |
|        1 |        196 |          1848.40 |       884.53 |      1863.00 |                 55.35 |                    0.10 |    664 |    71.3351 |
|        1 |        197 |          1848.40 |       884.53 |      1863.00 |                145.23 |                    0.10 |    664 |    71.4072 |
|        1 |        198 |          1848.40 |       884.53 |      1855.60 |                 62.37 |                    0.10 |    664 |    71.4923 |
|        1 |        199 |          1848.40 |       884.53 |      1859.50 |                 28.72 |                    0.10 |    664 |    71.5720 |
|        1 |        200 |          1848.40 |       884.53 |      1896.00 |                 76.15 |                    0.10 |    665 |    71.6421 |
|        1 |        201 |          1848.40 |       884.53 |      1853.90 |                 36.89 |                    0.10 |    665 |    71.7172 |
|        1 |        202 |          1848.40 |       884.53 |      1856.80 |                 64.28 |                    0.10 |    665 |    71.7887 |
|        1 |        203 |          1848.40 |       884.53 |      1856.90 |                 27.61 |                    0.10 |    665 |    71.8590 |
|        1 |        204 |          1848.40 |       884.53 |      1877.40 |                 42.62 |                    0.10 |    665 |    71.9502 |
|        1 |        205 |          1848.40 |       884.53 |      1873.20 |                 39.50 |                    0.10 |    666 |    72.0413 |
|        1 |        206 |          1848.40 |       884.53 |      1873.20 |                 26.65 |                    0.10 |    666 |    72.0953 |
|        1 |        207 |          1848.40 |       884.53 |      1888.09 |                 63.34 |                    0.10 |    666 |    72.1612 |
|        1 |        208 |          1848.40 |       884.53 |      1873.20 |                 37.83 |                    0.10 |    666 |    72.2428 |
|        1 |        209 |          1848.40 |       884.53 |      1876.60 |                 86.31 |                    0.10 |    666 |    72.3343 |
|        1 |        210 |          1848.40 |       884.53 |      1915.00 |                 41.81 |                    0.10 |    666 |    72.4125 |
|        1 |        211 |          1848.40 |       884.53 |      1874.70 |                 43.93 |                    0.10 |    666 |    72.5823 |
|        1 |        212 |          1848.40 |       884.53 |      1874.70 |                 88.95 |                    0.10 |    666 |    72.6654 |
|        1 |        213 |          1848.40 |       884.53 |      1873.20 |                 29.10 |                    0.10 |    666 |    72.7934 |
|        1 |        214 |          1848.40 |       884.53 |      1873.20 |                 61.33 |                    0.10 |    666 |    72.8689 |
|        1 |        215 |          1848.40 |       884.53 |      1880.50 |                 33.84 |                    0.10 |    666 |    72.9399 |
|        1 |        216 |          1848.40 |       884.53 |      1887.60 |                 27.54 |                    0.10 |    666 |    73.0368 |
|        1 |        217 |          1848.40 |       884.53 |      1883.65 |                 68.05 |                    0.10 |    668 |    73.1394 |
|        1 |        218 |          1848.40 |       884.53 |      1945.88 |                112.82 |                    0.10 |    669 |    73.2575 |
|        1 |        219 |          1848.40 |       884.53 |      1875.11 |                 67.29 |                    0.10 |    669 |    73.5487 |
|        1 |        220 |          1848.40 |       884.53 |      1914.40 |                 32.63 |                    0.10 |    669 |    73.6116 |
|        1 |        221 |          1848.40 |       884.53 |      1855.70 |                 75.14 |                    0.10 |    669 |    73.6999 |
|        1 |        222 |          1848.40 |       884.53 |      1917.44 |                173.34 |                    0.10 |    669 |    73.7664 |
|        1 |        223 |          1848.40 |       884.53 |      1879.10 |                 51.69 |                    0.10 |    669 |    73.9996 |
|        1 |        224 |          1848.40 |       884.53 |      1879.10 |                 25.80 |                    0.10 |    669 |    74.1089 |
|        1 |        225 |          1848.40 |       884.53 |      1866.93 |                 53.30 |                    0.10 |    669 |    74.1803 |
|        1 |        226 |          1848.40 |       884.53 |      1849.40 |                 39.14 |                    0.10 |    669 |    74.3193 |
|        1 |        227 |          1848.40 |       884.53 |      1855.80 |                 23.81 |                    0.10 |    669 |    74.4359 |
|        1 |        228 |          1848.40 |       884.53 |      1894.30 |                 33.19 |                    0.10 |    669 |    74.5616 |
|        1 |        229 |          1848.40 |       884.53 |      1895.70 |                 75.06 |                    0.10 |    669 |    74.6457 |
|        1 |        230 |          1848.40 |       884.53 |      1856.00 |                 22.53 |                    0.10 |    669 |    74.8695 |
|        1 |        231 |          1848.40 |       884.53 |      1873.70 |                 71.47 |                    0.10 |    670 |    75.0209 |
|        1 |        232 |          1848.40 |       884.53 |      1878.00 |                 40.94 |                    0.10 |    670 |    75.1765 |
|        1 |        233 |          1848.40 |       884.53 |      1878.43 |                 52.65 |                    0.10 |    670 |    75.3138 |
|        1 |        234 |          1848.40 |       884.53 |      1881.99 |                 42.21 |                    0.10 |    671 |    75.5138 |
|        1 |        235 |          1848.40 |       884.53 |      1881.30 |                 51.03 |                    0.10 |    671 |    75.6744 |
|        1 |        236 |          1848.40 |       884.53 |      1907.64 |                133.98 |                    0.10 |    671 |    75.7499 |
|        1 |        237 |          1848.40 |       884.53 |      1881.30 |                 65.99 |                    0.10 |    671 |    75.8854 |
|        1 |        238 |          1848.40 |       884.53 |      1900.60 |                 32.31 |                    0.10 |    672 |    75.9545 |
|        1 |        239 |          1848.40 |       884.53 |      1867.71 |                 75.07 |                    0.10 |    672 |    76.0669 |
|        1 |        240 |          1848.40 |       884.53 |      1906.20 |                 29.62 |                    0.10 |    672 |    76.2181 |
|        1 |        241 |          1848.40 |       884.53 |      1906.47 |                 30.26 |                    0.10 |    674 |    76.3765 |
|        1 |        242 |          1848.40 |       884.53 |      1887.10 |                 41.74 |                    0.10 |    674 |    76.5109 |
|        1 |        243 |          1848.40 |       884.53 |      1864.40 |                 52.23 |                    0.10 |    674 |    76.6027 |
|        1 |        244 |          1848.40 |       884.53 |      1866.20 |                 19.49 |                    0.10 |    674 |    76.6948 |
|        1 |        245 |          1848.40 |       884.53 |      1845.58 |                 37.13 |                    0.10 |    674 |    76.7790 |
|        1 |        246 |          1848.40 |       884.53 |      1868.02 |                 40.44 |                    0.10 |    674 |    76.8487 |
|        1 |        247 |          1848.40 |       884.53 |      1892.07 |                 67.02 |                    0.10 |    675 |    76.9235 |
|        1 |        248 |          1848.40 |       884.53 |      1924.84 |                 46.14 |                    0.10 |    676 |    76.9779 |
|        1 |        249 |          1848.40 |       884.53 |      1901.06 |                 37.98 |                    0.10 |    676 |    77.0438 |
|        1 |        250 |          1848.40 |       884.53 |      1872.90 |                 36.04 |                    0.10 |    677 |    77.2242 |
|        1 |        251 |          1848.40 |       884.53 |      1864.39 |                 53.01 |                    0.10 |    677 |    77.2853 |
|        1 |        252 |          1848.40 |       884.53 |      1879.92 |                 70.49 |                    0.10 |    679 |    77.3627 |
|        1 |        253 |          1848.40 |       884.53 |      1881.70 |                 35.79 |                    0.10 |    680 |    77.4795 |
|        1 |        254 |          1848.40 |       884.53 |      1841.72 |                 67.27 |                    0.10 |    680 |    77.6292 |
|        1 |        255 |          1848.40 |       884.53 |      1881.64 |                 54.81 |                    0.10 |    680 |    77.7001 |
|        1 |        256 |          1848.40 |       884.53 |      1873.64 |                 81.29 |                    0.10 |    680 |    77.7889 |
|        1 |        257 |          1848.40 |       884.53 |      1899.99 |                 61.75 |                    0.10 |    680 |    77.8608 |
|        1 |        258 |          1848.40 |       884.53 |      1914.53 |                180.85 |                    0.10 |    683 |    77.9442 |
|        1 |        259 |          1848.40 |       884.53 |      2037.78 |                352.26 |                    0.10 |    683 |    77.9956 |
|        1 |        260 |          1848.40 |       884.53 |      1934.00 |                146.41 |                    0.10 |    687 |    78.1185 |
|        1 |        261 |          1848.40 |       884.53 |      1917.80 |                 42.68 |                    0.10 |    687 |    78.4501 |
|        1 |        262 |          1848.40 |       884.53 |      1917.80 |                 35.12 |                    0.10 |    687 |    78.5307 |
|        1 |        263 |          1848.40 |       884.53 |      1833.39 |                 59.25 |                    0.10 |    687 |    78.6420 |
|        1 |        264 |          1848.40 |       884.53 |      1857.10 |                 44.50 |                    0.10 |    687 |    78.7345 |
|        1 |        265 |          1848.40 |       884.53 |      1857.10 |                 22.01 |                    0.10 |    687 |    78.7980 |
|        1 |        266 |          1848.40 |       884.53 |      1844.92 |                 48.59 |                    0.10 |    687 |    78.9196 |
|        1 |        267 |          1848.40 |       884.53 |      1853.20 |                 20.98 |                    0.10 |    687 |    79.1004 |
|        1 |        268 |          1848.40 |       884.53 |      1874.88 |                 47.44 |                    0.10 |    689 |    79.1679 |
|        1 |        269 |          1848.40 |       884.53 |      1881.90 |                 42.20 |                    0.10 |    689 |    79.2872 |
|        1 |        270 |          1848.40 |       884.53 |      1858.10 |                 24.15 |                    0.10 |    689 |    79.4478 |
|        1 |        271 |          1848.40 |       884.53 |      1858.00 |                 23.10 |                    0.10 |    689 |    79.5173 |
|        1 |        272 |          1848.40 |       884.53 |      1842.84 |                 27.77 |                    0.10 |    689 |    79.6132 |
|        1 |        273 |          1848.40 |       884.53 |      1866.12 |                 68.68 |                    0.10 |    689 |    79.6801 |
|        1 |        274 |          1848.40 |       884.53 |      1888.20 |                 33.13 |                    0.10 |    689 |    79.9831 |
------------------------------------------------------------------------------------------------------------------------------------------------
|  Restart |  Iteration |  Best Feas. Cost |    Best Cost |   Curr. Cost |   Penalty Custom Res. |   Penalty Standard Res. |   Pool |   Time (s) |
------------------------------------------------------------------------------------------------------------------------------------------------
|        1 |        275 |          1848.40 |       884.53 |      1888.60 |                 50.68 |                    0.10 |    689 |    80.0615 |
|        1 |        276 |          1848.40 |       884.53 |      1884.20 |                 30.27 |                    0.10 |    689 |    80.1566 |
|        1 |        277 |          1848.40 |       884.53 |      1894.30 |                 52.75 |                    0.10 |    689 |    80.2376 |
|        1 |        278 |          1848.40 |       884.53 |      1894.30 |                 62.87 |                    0.10 |    689 |    80.3091 |
|        1 |        279 |          1848.40 |       884.53 |      1858.80 |                 54.03 |                    0.10 |    689 |    80.5133 |
|        1 |        280 |          1848.40 |       884.53 |      1854.70 |                 40.12 |                    0.10 |    689 |    80.6616 |
|        1 |        281 |          1848.40 |       884.53 |      1883.90 |                 20.41 |                    0.10 |    689 |    80.7558 |
|        1 |        282 |          1848.40 |       884.53 |      1874.61 |                 40.84 |                    0.10 |    690 |    80.8573 |
|        1 |        283 |          1848.40 |       884.53 |      1877.95 |                 38.50 |                    0.10 |    690 |    80.9979 |
|        1 |        284 |          1848.40 |       884.53 |      1861.86 |                 87.05 |                    0.10 |    690 |    81.0648 |
|        1 |        285 |          1848.40 |       884.53 |      1910.50 |                108.72 |                    0.10 |    691 |    81.1872 |
|        1 |        286 |          1848.40 |       884.53 |      1904.40 |                 44.87 |                    0.10 |    693 |    81.2650 |
|        1 |        287 |          1848.40 |       884.53 |      1880.18 |                 69.02 |                    0.10 |    694 |    81.4142 |
|        1 |        288 |          1848.40 |       884.53 |      1922.21 |                 62.73 |                    0.10 |    695 |    81.4954 |
|        1 |        289 |          1848.40 |       884.53 |      1902.33 |                 79.36 |                    0.10 |    695 |    81.5737 |
|        1 |        290 |          1848.40 |       884.53 |      1871.07 |                 58.83 |                    0.10 |    695 |    81.7353 |
|        1 |        291 |          1848.40 |       884.53 |      1892.63 |                 79.11 |                    0.10 |    695 |    81.7976 |
|        1 |        292 |          1848.40 |       884.53 |      1892.20 |                 61.72 |                    0.10 |    695 |    81.9337 |
|        1 |        293 |          1848.40 |       884.53 |      1892.20 |                 27.88 |                    0.10 |    695 |    82.0311 |
|        1 |        294 |          1848.40 |       884.53 |      1892.20 |                 30.65 |                    0.10 |    695 |    82.1395 |
|        1 |        295 |          1848.40 |       884.53 |      1895.00 |                 46.00 |                    0.10 |    695 |    82.2091 |
|        1 |        296 |          1848.40 |       884.53 |      1857.67 |                 51.48 |                    0.10 |    695 |    82.3291 |
|        1 |        297 |          1848.40 |       884.53 |      1887.10 |                 93.36 |                    0.10 |    695 |    82.4065 |
|        1 |        298 |          1848.40 |       884.53 |      1934.20 |                 45.72 |                    0.10 |    697 |    82.4726 |
|        1 |        299 |          1848.40 |       884.53 |      1930.00 |                 24.40 |                    0.10 |    698 |    82.5983 |
|        1 |        300 |          1848.40 |       884.53 |      1903.37 |                 75.85 |                    0.10 |    698 |    82.6949 |
|        1 |        301 |          1848.40 |       884.53 |      1899.50 |                 33.40 |                    0.10 |    698 |    82.8644 |
|        1 |        302 |          1848.40 |       884.53 |      1896.60 |                 53.67 |                    0.10 |    698 |    82.9606 |
|        1 |        303 |          1848.40 |       884.53 |      1863.24 |                 37.75 |                    0.10 |    698 |    83.1495 |
|        1 |        304 |          1848.40 |       884.53 |      1905.69 |                108.39 |                    0.10 |    700 |    83.2352 |
|        1 |        305 |          1848.40 |       884.53 |      1911.90 |                 44.29 |                    0.10 |    701 |    83.3095 |
|        1 |        306 |          1848.40 |       884.53 |      1883.20 |                 34.92 |                    0.10 |    701 |    83.4278 |
|        1 |        307 |          1848.40 |       884.53 |      1875.37 |                 36.55 |                    0.10 |    701 |    83.4939 |
|        1 |        308 |          1848.40 |       884.53 |      1878.58 |                 94.05 |                    0.10 |    701 |    83.5695 |
|        1 |        309 |          1848.40 |       884.53 |      1883.80 |                 46.01 |                    0.10 |    701 |    83.6416 |
|        1 |        310 |          1848.40 |       884.53 |      1860.99 |                 64.88 |                    0.10 |    702 |    83.7399 |
|        1 |        311 |          1848.40 |       884.53 |      1895.50 |                 64.38 |                    0.10 |    703 |    83.8526 |
|        1 |        312 |          1848.40 |       884.53 |      1881.00 |                 32.42 |                    0.10 |    703 |    83.9454 |
|        1 |        313 |          1848.40 |       884.53 |      1857.73 |                 66.36 |                    0.10 |    703 |    84.0043 |
|        1 |        314 |          1848.40 |       884.53 |      1894.15 |                 64.73 |                    0.10 |    703 |    84.0940 |
|        1 |        315 |          1848.40 |       884.53 |      1894.20 |                 39.85 |                    0.10 |    704 |    84.1672 |
|        1 |        316 |          1848.40 |       884.53 |      1888.29 |                 39.62 |                    0.10 |    704 |    84.2545 |
|        1 |        317 |          1848.40 |       884.53 |      1890.02 |                 45.38 |                    0.10 |    704 |    84.3181 |
|        1 |        318 |          1848.40 |       884.53 |      1878.20 |                 21.56 |                    0.10 |    704 |    84.3856 |
|        1 |        319 |          1848.40 |       884.53 |      1856.47 |                 68.36 |                    0.10 |    705 |    84.4727 |
|        1 |        320 |          1848.40 |       884.53 |      1914.54 |                147.09 |                    0.10 |    706 |    84.5319 |
|        1 |        321 |          1848.40 |       884.53 |      1900.20 |                 37.26 |                    0.10 |    708 |    84.7232 |
|        1 |        322 |          1848.40 |       884.53 |      1915.70 |                 46.85 |                    0.10 |    708 |    84.8876 |
|        1 |        323 |          1848.40 |       884.53 |      1930.00 |                 51.01 |                    0.10 |    708 |    84.9639 |
|        1 |        324 |          1848.40 |       884.53 |      1896.62 |                 27.28 |                    0.10 |    708 |    85.0529 |
|        1 |        325 |          1848.40 |       884.53 |      1855.90 |                 34.04 |                    0.10 |    708 |    85.1780 |
|        1 |        326 |          1848.40 |       884.53 |      1869.70 |                 30.97 |                    0.10 |    710 |    85.2451 |
|        1 |        327 |          1848.40 |       884.53 |      1855.60 |                 51.84 |                    0.10 |    710 |    85.3141 |
|        1 |        328 |          1848.40 |       884.53 |      1855.60 |                 22.50 |                    0.10 |    710 |    85.3814 |
|        1 |        329 |          1848.40 |       884.53 |      1855.19 |                 40.77 |                    0.10 |    711 |    85.4623 |
|        1 |        330 |          1848.40 |       884.53 |      1874.15 |                105.97 |                    0.10 |    711 |    85.5335 |
|        1 |        331 |          1848.40 |       884.53 |      1898.00 |                 71.26 |                    0.10 |    711 |    85.6335 |
|        1 |        332 |          1848.40 |       884.53 |      1878.30 |                 37.58 |                    0.10 |    711 |    85.7826 |
|        1 |        333 |          1848.40 |       884.53 |      1907.70 |                 54.69 |                    0.10 |    712 |    85.8547 |
|        1 |        334 |          1848.40 |       884.53 |      1918.10 |                 59.54 |                    0.10 |    713 |    85.9295 |
|        1 |        335 |          1848.40 |       884.53 |      1878.80 |                 14.11 |                    0.10 |    713 |    86.0822 |
|        1 |        336 |          1848.40 |       884.53 |      1846.05 |                 34.88 |                    0.15 |    714 |    86.1513 |
|        1 |        337 |          1848.40 |       884.53 |      1865.72 |                 92.49 |                    0.10 |    714 |    86.2250 |
|        1 |        338 |          1848.40 |       884.53 |      1914.00 |                 30.48 |                    0.10 |    714 |    86.5275 |
|        1 |        339 |          1848.40 |       884.53 |      1914.00 |                 30.96 |                    0.10 |    714 |    86.5926 |
|        1 |        340 |          1848.40 |       884.53 |      1877.25 |                 68.37 |                    0.10 |    714 |    86.7057 |
|        1 |        341 |          1848.40 |       884.53 |      1912.50 |                 80.23 |                    0.10 |    714 |    86.8531 |
|        1 |        342 |          1848.40 |       884.53 |      1962.00 |                 36.59 |                    0.10 |    716 |    86.9265 |
|        1 |        343 |          1848.40 |       884.53 |      1881.83 |                 41.74 |                    0.10 |    718 |    87.0515 |
|        1 |        344 |          1848.40 |       884.53 |      1894.41 |                 90.71 |                    0.10 |    718 |    87.1104 |
|        1 |        345 |          1848.40 |       884.53 |      1920.60 |                 70.08 |                    0.10 |    718 |    87.2429 |
|        1 |        346 |          1848.40 |       884.53 |      1919.40 |                103.77 |                    0.10 |    718 |    87.3432 |
|        1 |        347 |          1848.40 |       884.53 |      1909.80 |                 56.51 |                    0.10 |    718 |    87.4621 |
|        1 |        348 |          1848.40 |       884.53 |      1884.79 |                 65.53 |                    0.10 |    718 |    87.6337 |
|        1 |        349 |          1848.40 |       884.53 |      1906.23 |                 95.43 |                    0.10 |    718 |    87.6958 |
|        1 |        350 |          1848.40 |       884.53 |      1882.20 |                122.80 |                    0.10 |    718 |    87.8153 |
|        1 |        351 |          1848.40 |       884.53 |      1882.20 |                 37.88 |                    0.10 |    718 |    87.9006 |
|        1 |        352 |          1848.40 |       884.53 |      1860.47 |                 60.32 |                    0.10 |    718 |    87.9719 |
|        1 |        353 |          1848.40 |       884.53 |      1871.80 |                 33.84 |                    0.10 |    718 |    88.0875 |
|        1 |        354 |          1848.40 |       884.53 |      1871.80 |                 36.85 |                    0.10 |    718 |    88.1614 |
|        1 |        355 |          1848.40 |       884.53 |      1866.36 |                 74.49 |                    0.10 |    718 |    88.2518 |
|        1 |        356 |          1848.40 |       884.53 |      1893.40 |                 55.36 |                    0.10 |    718 |    88.3575 |
|        1 |        357 |          1848.40 |       884.53 |      1836.77 |                 65.13 |                    0.10 |    718 |    88.4769 |
|        1 |        358 |          1848.40 |       884.53 |      1872.28 |                114.65 |                    0.10 |    718 |    88.5534 |
|        1 |        359 |          1848.40 |       884.53 |      1927.41 |                101.13 |                    0.10 |    718 |    88.6317 |
|        1 |        360 |          1848.40 |       884.53 |      1903.80 |                 79.03 |                    0.10 |    720 |    88.7318 |
|        1 |        361 |          1848.40 |       884.53 |      1899.70 |                 38.20 |                    0.10 |    720 |    88.8366 |
|        1 |        362 |          1848.40 |       884.53 |      1931.30 |                 36.48 |                    0.10 |    720 |    88.9168 |
|        1 |        363 |          1848.40 |       884.53 |      1935.94 |                 81.68 |                    0.10 |    721 |    88.9773 |
|        1 |        364 |          1848.40 |       884.53 |      1898.00 |                127.40 |                    0.10 |    721 |    89.0616 |
|        1 |        365 |          1848.40 |       884.53 |      1898.00 |                 53.61 |                    0.10 |    721 |    89.1407 |
|        1 |        366 |          1848.40 |       884.53 |      1894.20 |                 35.38 |                    0.10 |    722 |    89.2245 |
|        1 |        367 |          1848.40 |       884.53 |      1874.56 |                 81.40 |                    0.10 |    722 |    89.3251 |
|        1 |        368 |          1848.40 |       884.53 |      1920.13 |                168.30 |                    0.10 |    722 |    89.3841 |
|        1 |        369 |          1848.40 |       884.53 |      1923.50 |                 83.10 |                    0.10 |    722 |    89.4689 |
|        1 |        370 |          1848.40 |       884.53 |      1887.16 |                 94.49 |                    0.10 |    724 |    89.6409 |
|        1 |        371 |          1848.40 |       884.53 |      1931.40 |                 58.15 |                    0.10 |    725 |    89.7249 |
|        1 |        372 |          1848.40 |       884.53 |      1910.60 |                 28.73 |                    0.10 |    725 |    89.9509 |
|        1 |        373 |          1848.40 |       884.53 |      1850.45 |                 49.07 |                    0.10 |    725 |    90.0247 |
|        1 |        374 |          1848.40 |       884.53 |      1876.97 |                 88.93 |                    0.10 |    726 |    90.1031 |
|        1 |        375 |          1848.40 |       884.53 |      1918.04 |                151.97 |                    0.10 |    726 |    90.1692 |
|        1 |        376 |          1848.40 |       884.53 |      1982.17 |                326.96 |                    0.10 |    726 |    90.2298 |
|        1 |        377 |          1848.40 |       884.53 |      2155.83 |                582.29 |                    0.10 |    726 |    90.2824 |
|        1 |        378 |          1848.40 |       884.53 |      2462.19 |               1111.80 |                    0.10 |    727 |    90.3313 |
|        1 |        379 |          1848.40 |       884.53 |      1911.10 |                 97.24 |                    0.10 |    728 |    90.5741 |
|        1 |        380 |          1848.40 |       884.53 |      1900.20 |                 44.33 |                    0.10 |    728 |    90.6560 |
|        1 |        381 |          1848.40 |       884.53 |      1896.80 |                 65.10 |                    0.10 |    728 |    90.7369 |
|        1 |        382 |          1848.40 |       884.53 |      1928.30 |                 43.76 |                    0.10 |    728 |    90.8496 |
|        1 |        383 |          1848.40 |       884.53 |      1923.69 |                 57.06 |                    0.10 |    730 |    90.9165 |
|        1 |        384 |          1848.40 |       884.53 |      1882.00 |                 95.67 |                    0.10 |    731 |    91.1116 |
|        1 |        385 |          1848.40 |       884.53 |      1939.86 |                167.03 |                    0.10 |    732 |    91.1542 |
|        1 |        386 |          1848.40 |       884.53 |      1897.60 |                 55.22 |                    0.10 |    733 |    91.2440 |
|        1 |        387 |          1848.40 |       884.53 |      1897.60 |                 53.31 |                    0.10 |    733 |    91.3203 |
|        1 |        388 |          1848.40 |       884.53 |      1890.20 |                 21.76 |                    0.10 |    733 |    91.4117 |
|        1 |        389 |          1848.40 |       884.53 |      1876.62 |                 44.93 |                    0.10 |    733 |    91.4817 |
|        1 |        390 |          1848.40 |       884.53 |      1891.41 |                 77.28 |                    0.10 |    733 |    91.6020 |
|        1 |        391 |          1848.40 |       884.53 |      1876.20 |                 62.31 |                    0.10 |    733 |    91.6891 |
|        1 |        392 |          1848.40 |       884.53 |      1848.69 |                 55.76 |                    0.10 |    733 |    91.8503 |
|        1 |        393 |          1848.40 |       884.53 |      1878.58 |                 88.80 |                    0.10 |    733 |    91.9198 |
|        1 |        394 |          1848.40 |       884.53 |      1907.00 |                178.00 |                    0.10 |    733 |    91.9897 |
|        1 |        395 |          1848.40 |       884.53 |      1902.10 |                 86.28 |                    0.10 |    733 |    92.0537 |
|        1 |        396 |          1848.40 |       884.53 |      1885.43 |                 49.49 |                    0.10 |    734 |    92.1591 |
|        1 |        397 |          1848.40 |       884.53 |      1866.08 |                 35.07 |                    0.10 |    734 |    92.2179 |
|        1 |        398 |          1848.40 |       884.53 |      1850.67 |                 80.91 |                    0.10 |    734 |    92.2774 |
|        1 |        399 |          1848.40 |       884.53 |      1914.67 |                194.21 |                    0.10 |    735 |    92.3402 |
|        1 |        400 |          1848.40 |       884.53 |      1898.00 |                 46.05 |                    0.10 |    735 |    92.4800 |
|        1 |        401 |          1848.40 |       884.53 |      1854.47 |                 84.34 |                    0.10 |    735 |    92.5604 |
|        1 |        402 |          1848.40 |       884.53 |      1855.40 |                 38.36 |                    0.10 |    735 |    92.6758 |
|        1 |        403 |          1848.40 |       884.53 |      1873.34 |                105.84 |                    0.10 |    735 |    92.7481 |
|        1 |        404 |          1848.40 |       884.53 |      1853.30 |                 34.21 |                    0.10 |    735 |    92.8844 |
|        1 |        405 |          1848.40 |       884.53 |      1853.30 |                 36.18 |                    0.10 |    735 |    92.9444 |
|        1 |        406 |          1848.40 |       884.53 |      1853.30 |                 25.13 |                    0.10 |    735 |    93.0046 |
|        1 |        407 |          1848.40 |       884.53 |      1853.30 |                 23.56 |                    0.10 |    735 |    93.0741 |
|        1 |        408 |          1848.40 |       884.53 |      1853.30 |                 28.97 |                    0.10 |    735 |    93.1252 |
|        1 |        409 |          1848.40 |       884.53 |      1857.20 |                 31.20 |                    0.10 |    735 |    93.2325 |
|        1 |        410 |          1848.40 |       884.53 |      1886.51 |                 53.24 |                    0.10 |    735 |    93.3245 |
|        1 |        411 |          1848.40 |       884.53 |      1870.10 |                 40.82 |                    0.10 |    735 |    93.4009 |
|        1 |        412 |          1848.40 |       884.53 |      1894.51 |                 51.67 |                    0.10 |    735 |    93.4689 |
|        1 |        413 |          1848.40 |       884.53 |      1870.10 |                 77.21 |                    0.10 |    735 |    93.5940 |
|        1 |        414 |          1848.40 |       884.53 |      1870.10 |                111.33 |                    0.10 |    735 |    93.6555 |
|        1 |        415 |          1848.40 |       884.53 |      1858.00 |                 27.22 |                    0.10 |    735 |    93.7744 |
|        1 |        416 |          1848.40 |       884.53 |      1858.00 |                 42.96 |                    0.10 |    735 |    93.8349 |
|        1 |        417 |          1848.40 |       884.53 |      1882.12 |                 83.67 |                    0.10 |    735 |    93.8893 |
|        1 |        418 |          1848.40 |       884.53 |      1853.80 |                 28.39 |                    0.10 |    735 |    94.0488 |
|        1 |        419 |          1848.40 |       884.53 |      1853.80 |                 22.44 |                    0.10 |    735 |    94.1215 |
|        1 |        420 |          1848.40 |       884.53 |      1828.60 |                 41.96 |                    0.10 |    735 |    94.1848 |
|        1 |        421 |          1848.40 |       884.53 |      1849.86 |                 93.93 |                    0.10 |    735 |    94.2493 |
|        1 |        422 |          1848.40 |       884.53 |      1921.54 |                 86.34 |                    0.10 |    736 |    94.3211 |
|        1 |        423 |          1848.40 |       884.53 |      1911.39 |                 64.95 |                    0.10 |    736 |    94.3909 |
|        1 |        424 |          1848.40 |       884.53 |      1889.95 |                137.00 |                    0.10 |    736 |    94.4479 |
|        1 |        425 |          1848.40 |       884.53 |      1908.50 |                 77.06 |                    0.10 |    736 |    94.5246 |
|        1 |        426 |          1848.40 |       884.53 |      1902.70 |                 45.17 |                    0.10 |    736 |    94.5950 |
|        1 |        427 |          1848.40 |       884.53 |      1902.70 |                 21.86 |                    0.10 |    736 |    94.6787 |
|        1 |        428 |          1848.40 |       884.53 |      1869.40 |                 52.41 |                    0.10 |    737 |    94.7591 |
|        1 |        429 |          1848.40 |       884.53 |      1883.20 |                 41.16 |                    0.10 |    738 |    94.9308 |
|        1 |        430 |          1848.40 |       884.53 |      1883.20 |                 44.37 |                    0.10 |    738 |    94.9996 |
|        1 |        431 |          1848.40 |       884.53 |      1884.60 |                 23.78 |                    0.10 |    738 |    95.0606 |
|        1 |        432 |          1848.40 |       884.53 |      1855.16 |                 49.00 |                    0.10 |    738 |    95.1620 |
|        1 |        433 |          1848.40 |       884.53 |      1855.60 |                 31.00 |                    0.10 |    738 |    95.2758 |
|        1 |        434 |          1848.40 |       884.53 |      1851.90 |                 44.70 |                    0.10 |    738 |    95.3315 |
|        1 |        435 |          1848.40 |       884.53 |      1851.20 |                 18.98 |                    0.10 |    738 |    95.4318 |
|        1 |        436 |          1848.40 |       884.53 |      1852.26 |                 22.85 |                    0.11 |    738 |    95.4983 |
|        1 |        437 |          1848.40 |       884.53 |      1857.16 |                 41.41 |                    0.10 |    738 |    95.5782 |
|        1 |        438 |          1848.40 |       884.53 |      1870.46 |                 49.35 |                    0.10 |    738 |    95.6543 |
|        1 |        439 |          1848.40 |       884.53 |      1878.34 |                 61.21 |                    0.10 |    738 |    95.7265 |
|        1 |        440 |          1848.40 |       884.53 |      1874.40 |                 32.67 |                    0.10 |    738 |    95.8369 |
|        1 |        441 |          1848.40 |       884.53 |      1844.76 |                 49.30 |                    0.10 |    738 |    95.9588 |
|        1 |        442 |          1848.40 |       884.53 |      1875.89 |                 38.61 |                    0.10 |    738 |    96.0299 |
|        1 |        443 |          1848.40 |       884.53 |      1866.59 |                 80.64 |                    0.10 |    738 |    96.0857 |
|        1 |        444 |          1848.40 |       884.53 |      2004.67 |                205.46 |                    0.10 |    738 |    96.1541 |
|        1 |        445 |          1848.40 |       884.53 |      1933.60 |                198.35 |                    0.10 |    740 |    96.2354 |
|        1 |        446 |          1848.40 |       884.53 |      1900.90 |                 56.05 |                    0.10 |    742 |    96.4348 |
|        1 |        447 |          1848.40 |       884.53 |      1900.90 |                 58.12 |                    0.10 |    742 |    96.4937 |
|        1 |        448 |          1848.40 |       884.53 |      1916.77 |                103.10 |                    0.10 |    744 |    96.5981 |
|        1 |        449 |          1848.40 |       884.53 |      1962.70 |                 93.40 |                    0.10 |    748 |    96.7295 |
|        1 |        450 |          1848.40 |       884.53 |      1908.03 |                 58.82 |                    0.10 |    749 |    96.9200 |
|        1 |        451 |          1848.40 |       884.53 |      1927.61 |                122.84 |                    0.10 |    749 |    96.9813 |
|        1 |        452 |          1848.40 |       884.53 |      1927.00 |                 53.18 |                    0.10 |    753 |    97.0871 |
|        1 |        453 |          1848.40 |       884.53 |      1899.40 |                106.20 |                    0.10 |    754 |    97.2171 |
|        1 |        454 |          1848.40 |       884.53 |      1894.40 |                 54.27 |                    0.10 |    754 |    97.3868 |
|        1 |        455 |          1848.40 |       884.53 |      1886.70 |                 84.62 |                    0.10 |    754 |    97.4795 |
|        1 |        456 |          1848.40 |       884.53 |      1920.42 |                209.27 |                    0.10 |    754 |    97.5426 |
|        1 |        457 |          1848.40 |       884.53 |      1876.40 |                 57.07 |                    0.10 |    754 |    97.6814 |
|        1 |        458 |          1848.40 |       884.53 |      1876.40 |                 89.96 |                    0.10 |    754 |    97.7565 |
|        1 |        459 |          1848.40 |       884.53 |      1876.20 |                 70.28 |                    0.10 |    754 |    97.8534 |
|        1 |        460 |          1848.40 |       884.53 |      1882.10 |                 53.99 |                    0.10 |    756 |    97.9114 |
|        1 |        461 |          1848.40 |       884.53 |      1875.20 |                 28.60 |                    0.10 |    756 |    97.9857 |
|        1 |        462 |          1848.40 |       884.53 |      1889.30 |                 82.01 |                    0.10 |    756 |    98.0923 |
|        1 |        463 |          1848.40 |       884.53 |      1877.71 |                122.40 |                    0.10 |    756 |    98.2413 |
|        1 |        464 |          1848.40 |       884.53 |      1887.90 |                 98.48 |                    0.10 |    756 |    98.3532 |
|        1 |        465 |          1848.40 |       884.53 |      1885.60 |                 43.59 |                    0.10 |    756 |    98.4295 |
|        1 |        466 |          1848.40 |       884.53 |      1883.82 |                 96.30 |                    0.10 |    756 |    98.5395 |
|        1 |        467 |          1848.40 |       884.53 |      1893.70 |                 41.77 |                    0.10 |    756 |    98.7830 |
|        1 |        468 |          1848.40 |       884.53 |      1852.70 |                 35.40 |                    0.10 |    756 |    98.8625 |
|        1 |        469 |          1848.40 |       884.53 |      1837.39 |                 36.57 |                    0.10 |    756 |    98.9727 |
|        1 |        470 |          1848.40 |       884.53 |      1855.37 |                 87.77 |                    0.10 |    756 |    99.0407 |
|        1 |        471 |          1848.40 |       884.53 |      1901.80 |                 73.32 |                    0.10 |    757 |    99.1830 |
|        1 |        472 |          1848.40 |       884.53 |      1899.20 |                 30.25 |                    0.10 |    757 |    99.2565 |
|        1 |        473 |          1848.40 |       884.53 |      1855.32 |                 47.56 |                    0.10 |    757 |    99.3710 |
|        1 |        474 |          1848.40 |       884.53 |      1884.19 |                 57.23 |                    0.10 |    757 |    99.4436 |
|        1 |        475 |          1848.40 |       884.53 |      1886.13 |                101.70 |                    0.10 |    757 |    99.5141 |
|        1 |        476 |          1848.40 |       884.53 |      1854.60 |                 38.34 |                    0.10 |    757 |    99.5954 |
|        1 |        477 |          1848.40 |       884.53 |      1854.60 |                 21.80 |                    0.10 |    757 |    99.6636 |
|        1 |        478 |          1848.40 |       884.53 |      1839.80 |                 34.03 |                    0.10 |    757 |    99.7323 |
|        1 |        479 |          1848.40 |       884.53 |      1858.12 |                 67.53 |                    0.10 |    757 |    99.8010 |
|        1 |        480 |          1848.40 |       884.53 |      1894.76 |                116.51 |                    0.10 |    757 |    99.8694 |
------------------------------------------------------------------------------------------------------------------------------------------------
|  Restart |  Iteration |  Best Feas. Cost |    Best Cost |   Curr. Cost |   Penalty Custom Res. |   Penalty Standard Res. |   Pool |   Time (s) |
------------------------------------------------------------------------------------------------------------------------------------------------
|        1 |        481 |          1848.40 |       884.53 |      1875.64 |                 35.56 |                    0.10 |    757 |   100.1133 |
|        1 |        482 |          1848.40 |       884.53 |      1894.01 |                 64.49 |                    0.10 |    757 |   100.1931 |
|        1 |        483 |          1848.40 |       884.53 |      1924.54 |                129.41 |                    0.10 |    757 |   100.2454 |
|        1 |        484 |          1848.40 |       884.53 |      1924.50 |                 59.62 |                    0.10 |    758 |   100.3158 |
|        1 |        485 |          1848.40 |       884.53 |      1910.10 |                 61.09 |                    0.10 |    759 |   100.4043 |
|        1 |        486 |          1848.40 |       884.53 |      1910.10 |                 78.05 |                    0.10 |    759 |   100.4794 |
|        1 |        487 |          1848.40 |       884.53 |      1889.10 |                 68.73 |                    0.10 |    759 |   100.5913 |
|        1 |        488 |          1848.40 |       884.53 |      1889.10 |                 32.65 |                    0.10 |    759 |   100.6619 |
|        1 |        489 |          1848.40 |       884.53 |      1880.02 |                 62.21 |                    0.10 |    759 |   100.7418 |
|        1 |        490 |          1848.40 |       884.53 |      1890.50 |                 67.63 |                    0.10 |    759 |   100.8338 |
|        1 |        491 |          1848.40 |       884.53 |      1889.90 |                 40.45 |                    0.10 |    759 |   100.8911 |
|        1 |        492 |          1848.40 |       884.53 |      1839.07 |                 41.67 |                    0.10 |    759 |   101.0353 |
|        1 |        493 |          1848.40 |       884.53 |      1861.39 |                 96.13 |                    0.10 |    759 |   101.1017 |
|        1 |        494 |          1848.40 |       884.53 |      1882.80 |                 38.69 |                    0.10 |    759 |   101.2530 |
|        1 |        495 |          1848.40 |       884.53 |      1860.94 |                 87.29 |                    0.10 |    759 |   101.3490 |
|        1 |        496 |          1848.40 |       884.53 |      1913.03 |                119.61 |                    0.10 |    759 |   101.4277 |
|        1 |        497 |          1848.40 |       884.53 |      1934.50 |                 69.27 |                    0.10 |    760 |   101.5213 |
|        1 |        498 |          1848.40 |       884.53 |      1907.61 |                 86.67 |                    0.10 |    760 |   101.6179 |
|        1 |        499 |          1848.40 |       884.53 |      1920.99 |                 68.54 |                    0.10 |    760 |   101.6916 |
|        1 |        500 |          1848.40 |       884.53 |      1904.12 |                 92.07 |                    0.10 |    760 |   101.7754 |
------------------------------------------------------------------------------------------------------------------------------------------------
Version identifier: 22.1.2.0 | 2024-11-26 | 0edbb82fd
CPXPARAM_MIP_Tolerances_UpperCutoff              1848.5000000011689
Tried aggregator 1 time.
MIP Presolve eliminated 0 rows and 242 columns.
MIP Presolve modified 229 coefficients.
Reduced MIP has 101 rows, 518 columns, and 2123 nonzeros.
Reduced MIP has 518 binaries, 0 generals, 0 SOSs, and 0 indicators.
Presolve time = 0.00 sec. (2.32 ticks)
Probing fixed 1 vars, tightened 0 bounds.
Probing time = 0.00 sec. (1.85 ticks)
Tried aggregator 1 time.
Detecting symmetries...
MIP Presolve eliminated 4 rows and 9 columns.
MIP Presolve modified 13 coefficients.
Reduced MIP has 97 rows, 509 columns, and 2065 nonzeros.
Reduced MIP has 509 binaries, 0 generals, 0 SOSs, and 0 indicators.
Presolve time = 0.00 sec. (1.83 ticks)
Probing time = 0.00 sec. (1.75 ticks)
Clique table members: 811.
MIP emphasis: balance optimality and feasibility.
MIP search method: dynamic search.
Parallel mode: deterministic, using up to 8 threads.
Root relaxation solution time = 0.00 sec. (1.40 ticks)

        Nodes                                         Cuts/
   Node  Left     Objective  IInf  Best Integer    Best Bound    ItCnt     Gap

      0     0     1813.2313    28                   1813.2313      182         
      0     0     1841.8333    38                    Cuts: 40      230         
      0     0     1845.4154    29                    Cuts: 15      263         
*     0+    0                         1845.8000     1845.4154             0.02%
      0     0        cutoff           1845.8000                    263    0.00%
Elapsed time = 0.04 sec. (28.12 ticks, tree = 0.01 MB, solutions = 1)
objective_value(sp) = 1845.8
105.164438 seconds (6.91 M allocations: 344.142 MiB, 0.10% gc time, 3.58% compilation time)
#1: 0 (0.0) {2427.8} -> 52 (10.0) {2449.0} [2201.0, 2728.0] -> 51 (20.0) {2544.0} [2015.0, 2544.0] -> 50 (30.0) {2636.2} [2018.0, 2725.0] -> 47 (40.0) {2731.2} [2348.0, 2771.0] -> 0 (40.0) {2839.2} [0.0, 3390.0]
#2: 0 (0.0) {2735.5} -> 48 (10.0) {2746.2} [2715.0, 3156.0] -> 43 (20.0) {2842.0} [2463.0, 2842.0] -> 42 (40.0) {2935.0} [2529.0, 2962.0] -> 41 (50.0) {3027.0} [2599.0, 3076.0] -> 0 (50.0) {3135.6} [0.0, 3390.0]
#3: 0 (0.0) {1118.2} -> 35 (10.0) {1156.2} [666.0, 1245.0] -> 37 (30.0) {1252.0} [772.0, 1329.0] -> 38 (60.0) {1344.0} [890.0, 1395.0] -> 39 (80.0) {1439.0} [1036.0, 1439.0] -> 0 (80.0) {1569.3} [0.0, 3390.0]
#4: 0 (0.0) {2475.0} -> 71 (20.0) {2532.0} [2079.0, 2532.0] -> 70 (50.0) {2627.0} [2119.0, 2682.0] -> 73 (60.0) {2720.0} [2169.0, 2818.0] -> 0 (60.0) {2865.7} [0.0, 3390.0]
#5: 0 (0.0) {1520.9} -> 53 (20.0) {1566.0} [1078.0, 1593.0] -> 56 (50.0) {1660.0} [1199.0, 1660.0] -> 58 (80.0) {1752.0} [1263.0, 1780.0] -> 60 (100.0) {1845.0} [1325.0, 1904.0] -> 0 (100.0) {1980.2} [0.0, 3390.0]
#6: 0 (0.0) {1689.7} -> 91 (10.0) {1712.0} [1349.0, 1712.0] -> 88 (40.0) {1807.0} [1338.0, 1913.0] -> 84 (60.0) {1902.3} [1513.0, 1928.0] -> 86 (70.0) {1997.3} [1604.0, 2027.0] -> 0 (70.0) {2113.7} [0.0, 3390.0]
#7: 0 (0.0) {775.5} -> 6 (20.0) {800.7} [331.0, 822.0] -> 32 (50.0) {897.0} [448.0, 897.0] -> 33 (90.0) {989.0} [499.0, 1030.0] -> 31 (110.0) {1084.3} [585.0, 1136.0] -> 0 (110.0) {1207.8} [0.0, 3390.0]
#8: 0 (0.0) {1463.7} -> 34 (20.0) {1496.0} [1190.0, 1661.0] -> 36 (30.0) {1589.0} [1076.0, 1589.0] -> 28 (50.0) {1689.0} [1268.0, 1785.0] -> 26 (60.0) {1787.0} [1330.0, 1919.0] -> 0 (60.0) {1911.1} [0.0, 3390.0]
#9: 0 (0.0) {184.8} -> 24 (10.0) {199.8} [23.0, 368.0] -> 29 (20.0) {294.8} [168.0, 787.0] -> 30 (30.0) {389.8} [170.0, 595.0] -> 27 (40.0) {484.0} [93.0, 484.0] -> 0 (40.0) {591.1} [0.0, 3390.0]
#10: 0 (0.0) {1895.5} -> 23 (10.0) {1926.0} [1519.0, 1926.0] -> 18 (30.0) {2025.0} [1560.0, 2083.0] -> 19 (40.0) {2120.0} [1689.0, 2144.0] -> 17 (60.0) {2215.8} [2143.0, 2638.0] -> 0 (60.0) {2339.1} [0.0, 3390.0]
#11: 0 (0.0) {2087.8} -> 83 (10.0) {2120.1} [1591.0, 2232.0] -> 82 (30.0) {2213.1} [1783.0, 2226.0] -> 85 (60.0) {2317.3} [1829.0, 2388.0] -> 76 (70.0) {2419.0} [2002.0, 2419.0] -> 0 (70.0) {2561.2} [0.0, 3390.0]
#12: 0 (0.0) {402.2} -> 20 (10.0) {412.2} [10.0, 645.0] -> 22 (30.0) {505.0} [12.0, 505.0] -> 0 (30.0) {607.1} [0.0, 3390.0]
#13: 0 (0.0) {756.8000000000001} -> 64 (10.0) {778.3} [246.0, 899.0] -> 49 (20.0) {878.3} [812.0, 1281.0] -> 65 (30.0) {974.7} [704.0, 1197.0] -> 68 (40.0) {1070.0} [641.0, 1070.0] -> 0 (40.0) {1180.0} [0.0, 3390.0]
#14: 0 (0.0) {2723.2999999999997} -> 80 (10.0) {2774.7} [2369.0, 2816.0] -> 79 (20.0) {2870.0} [2505.0, 2870.0] -> 81 (50.0) {2965.3} [2563.0, 3002.0] -> 78 (70.0) {3063.9} [2599.0, 3164.0] -> 0 (70.0) {3193.1} [0.0, 3390.0]
#15: 0 (0.0) {345.9} -> 63 (50.0) {360.0} [14.0, 360.0] -> 74 (100.0) {455.8} [87.0, 498.0] -> 72 (110.0) {550.8} [131.0, 644.0] -> 61 (120.0) {643.8} [223.0, 738.0] -> 0 (120.0) {756.1} [0.0, 3390.0]
#16: 0 (0.0) {2022.7} -> 46 (30.0) {2048.4} [1884.0, 2293.0] -> 40 (40.0) {2145.6} [1612.0, 2185.0] -> 44 (50.0) {2240.0} [1745.0, 2240.0] -> 45 (60.0) {2340.1} [1932.0, 2437.0] -> 0 (60.0) {2452.4} [0.0, 3390.0]
#17: 0 (0.0) {366.0} -> 67 (10.0) {378.2} [12.0, 424.0] -> 62 (30.0) {474.0} [18.0, 474.0] -> 66 (40.0) {567.0} [393.0, 942.0] -> 69 (50.0) {659.0} [534.0, 985.0] -> 0 (50.0) {764.8} [0.0, 3390.0]
#18: 0 (0.0) {1351.0} -> 55 (10.0) {1386.0} [897.0, 1392.0] -> 54 (50.0) {1481.0} [998.0, 1481.0] -> 59 (60.0) {1575.0} [1498.0, 1921.0] -> 57 (100.0) {1670.0} [1552.0, 2057.0] -> 0 (100.0) {1795.0} [0.0, 3390.0]
#19: 0 (0.0) {2537.8999999999996} -> 9 (10.0) {2561.2} [2385.0, 2976.0] -> 13 (40.0) {2659.0} [2310.0, 2659.0] -> 25 (80.0) {2758.0} [2380.0, 2787.0] -> 21 (100.0) {2860.8} [2675.0, 3288.0] -> 0 (100.0) {2962.4} [0.0, 3390.0]
#20: 0 (0.0) {2932.4} -> 11 (10.0) {2952.0} [2603.0, 2952.0] -> 10 (20.0) {3045.0} [2628.0, 3113.0] -> 8 (40.0) {3141.0} [2653.0, 3280.0] -> 0 (40.0) {3242.6} [0.0, 3390.0]
#21: 0 (0.0) {2956.0} -> 96 (10.0) {2980.1} [2713.0, 3275.0] -> 77 (20.0) {3081.2} [2701.0, 3258.0] -> 87 (40.0) {3179.2} [2976.0, 3275.0] -> 90 (50.0) {3279.0} [2789.0, 3279.0] -> 0 (50.0) {3389.6} [0.0, 3390.0]
#22: 0 (0.0) {105.39999999999999} -> 93 (40.0) {113.6} [8.0, 509.0] -> 75 (60.0) {211.2} [15.0, 607.0] -> 2 (90.0) {306.2} [22.0, 563.0] -> 5 (100.0) {402.0} [15.0, 402.0] -> 0 (100.0) {507.1} [0.0, 3390.0]
#23: 0 (0.0) {1312.4} -> 7 (20.0) {1339.3} [965.0, 1340.0] -> 3 (30.0) {1433.4} [1030.0, 1463.0] -> 4 (40.0) {1527.0} [1154.0, 1527.0] -> 89 (50.0) {1621.4} [1116.0, 1753.0] -> 0 (50.0) {1732.6} [0.0, 3390.0]
#24: 0 (0.0) {540.3} -> 1 (10.0) {568.0} [213.0, 568.0] -> 99 (20.0) {663.8} [272.0, 701.0] -> 100 (40.0) {758.8} [373.0, 790.0] -> 98 (60.0) {859.2} [839.0, 1276.0] -> 0 (60.0) {980.0} [0.0, 3390.0]
#25: 0 (0.0) {2096.0} -> 15 (40.0) {2132.0} [2077.0, 2514.0] -> 16 (80.0) {2227.0} [1763.0, 2264.0] -> 14 (90.0) {2319.0} [1846.0, 2365.0] -> 12 (110.0) {2412.0} [1985.0, 2412.0] -> 0 (110.0) {2540.0} [0.0, 3390.0]
#26: 0 (0.0) {852.5000000000001} -> 97 (30.0) {892.8} [397.0, 956.0] -> 92 (50.0) {989.8} [518.0, 1029.0] -> 94 (60.0) {1083.4} [549.0, 1186.0] -> 95 (90.0) {1177.0} [744.0, 1177.0] -> 0 (90.0) {1304.2} [0.0, 3390.0]

Dist: 1845.8. Cost: 1845.8

Clique cuts applied:  10
Cover cuts applied:  4
Zero-half cuts applied:  8
Lift and project cuts applied:  4
Gomory fractional cuts applied:  6

Root node processing (before b&c):
  Real time             =    0.04 sec. (28.15 ticks)
Parallel b&c, 8 threads:
  Real time             =    0.00 sec. (0.00 ticks)
  Sync time (average)   =    0.00 sec.
  Wait time (average)   =    0.00 sec.
                          ------------
Total (root+branch&cut) =    0.04 sec. (28.15 ticks)
