Solving...
------------------------------------------------------------------------------------------------------------------------------------------------
|  Restart |  Iteration |  Best Feas. Cost |    Best Cost |   Curr. Cost |   Penalty Custom Res. |   Penalty Standard Res. |   Pool |   Time (s) |
------------------------------------------------------------------------------------------------------------------------------------------------
|        1 |          1 |              Inf |      1122.89 |      1132.89 |                  1.89 |                    1.89 |     60 |     0.3582 |
|        1 |          0 |          1121.50 |      1121.50 |      1121.50 |                  2.14 |                    2.14 |     64 |     0.8696 |
|        1 |          1 |          1121.50 |      1121.50 |      1121.50 |                  1.76 |                    1.76 |     64 |     0.9545 |
|        1 |          2 |          1121.50 |      1121.50 |      1123.30 |                  1.26 |                    1.26 |     68 |     1.0151 |
|        1 |          3 |          1121.50 |      1121.50 |      1122.50 |                  1.17 |                    1.17 |     70 |     1.1192 |
|        1 |          4 |          1121.50 |      1121.50 |      1124.02 |                  2.98 |                    2.98 |     70 |     1.2241 |
|        1 |          5 |          1121.50 |      1121.50 |      1124.30 |                  1.79 |                    1.79 |     73 |     1.3088 |
|        1 |          6 |          1121.50 |      1116.89 |      1116.89 |                  1.06 |                    1.06 |     79 |     1.4877 |
|        1 |          0 |          1111.40 |      1111.40 |      1111.40 |                  1.08 |                    0.97 |     87 |     1.6707 |
|        1 |          0 |          1105.40 |      1105.40 |      1105.40 |                  0.67 |                    0.61 |     93 |     1.7911 |
|        1 |          1 |          1105.40 |      1105.40 |      1105.40 |                  1.63 |                    1.48 |     93 |     1.8951 |
|        1 |          2 |          1105.40 |      1105.40 |      1111.10 |                  1.44 |                    1.30 |     95 |     1.9585 |
|        1 |          0 |          1104.60 |      1104.60 |      1104.60 |                  2.53 |                    2.29 |     97 |     2.0843 |
|        1 |          0 |          1103.70 |      1103.70 |      1103.70 |                  1.20 |                    1.08 |     97 |     2.1705 |
|        1 |          1 |          1103.70 |      1103.70 |      1110.70 |                  1.71 |                    1.55 |    101 |     2.2473 |
|        1 |          2 |          1103.70 |      1103.70 |      1108.40 |                  1.81 |                    1.63 |    105 |     2.3270 |
|        1 |          3 |          1103.70 |      1103.70 |      1108.40 |                  1.34 |                    1.21 |    105 |     2.4157 |
|        1 |          4 |          1103.70 |      1103.70 |      1108.40 |                  0.89 |                    0.80 |    105 |     2.4753 |
|        1 |          5 |          1103.70 |      1103.70 |      1108.40 |                  0.61 |                    0.53 |    105 |     2.5435 |
|        1 |          6 |          1103.70 |      1103.70 |      1107.55 |                  1.32 |                    1.15 |    105 |     2.6270 |
|        1 |          7 |          1103.70 |      1103.70 |      1106.39 |                  1.56 |                    1.35 |    111 |     2.7398 |
|        1 |          8 |          1103.70 |      1103.70 |      1107.29 |                  1.36 |                    1.18 |    111 |     2.8017 |
|        1 |          9 |          1103.70 |      1103.70 |      1104.21 |                  2.02 |                    1.76 |    113 |     2.8735 |
|        1 |         10 |          1103.70 |      1103.70 |      1107.40 |                  1.73 |                    1.50 |    122 |     2.9661 |
|        1 |         11 |          1103.70 |      1103.70 |      1105.39 |                  1.95 |                    1.60 |    124 |     3.0927 |
|        1 |         12 |          1103.70 |      1103.70 |      1110.10 |                  1.90 |                    1.56 |    131 |     3.1970 |
|        1 |         13 |          1103.70 |      1103.70 |      1108.95 |                  2.42 |                    1.98 |    134 |     3.3229 |
|        1 |         14 |          1103.70 |      1099.57 |      1099.57 |                  1.51 |                    1.24 |    138 |     3.4732 |
|        1 |         15 |          1103.70 |      1099.57 |      1102.65 |                  2.88 |                    1.71 |    140 |     3.5597 |
|        1 |         16 |          1103.70 |      1099.57 |      1105.08 |                  2.10 |                    1.25 |    140 |     3.6297 |
|        1 |         17 |          1103.70 |      1099.57 |      1103.65 |                  2.88 |                    1.71 |    141 |     3.7239 |
|        1 |         18 |          1103.70 |      1099.57 |      1103.26 |                  2.82 |                    1.68 |    143 |     3.8599 |
|        1 |         19 |          1103.70 |      1099.57 |      1105.52 |                  3.06 |                    1.82 |    146 |     4.0002 |
|        1 |         20 |          1103.70 |      1099.57 |      1106.95 |                  2.73 |                    1.62 |    146 |     4.0769 |
|        1 |          0 |          1098.20 |      1098.20 |      1098.20 |                  2.90 |                    1.73 |    149 |     4.1713 |
|        1 |          1 |          1098.20 |      1098.20 |      1099.60 |                  2.21 |                    1.31 |    151 |     4.2250 |
|        1 |          2 |          1098.20 |      1098.20 |      1098.41 |                  1.43 |                    0.85 |    153 |     4.2884 |
|        1 |          3 |          1098.20 |      1095.83 |      1095.83 |                  2.69 |                    1.60 |    158 |     4.4390 |
|        1 |          4 |          1098.20 |      1095.83 |      1097.61 |                  2.99 |                    1.78 |    158 |     4.5050 |
|        1 |          0 |          1096.80 |      1095.83 |      1096.80 |                  1.59 |                    0.94 |    160 |     4.6751 |
|        1 |          1 |          1096.80 |      1095.68 |      1095.68 |                  2.07 |                    1.23 |    161 |     4.7678 |
|        1 |          2 |          1096.80 |      1095.68 |      1100.10 |                  4.93 |                    2.93 |    163 |     4.9174 |
|        1 |          3 |          1096.80 |      1095.68 |      1104.10 |                  2.34 |                    1.39 |    166 |     5.0128 |
|        1 |          4 |          1096.80 |      1094.55 |      1094.55 |                  2.32 |                    1.38 |    167 |     5.1009 |
|        1 |          5 |          1096.80 |      1094.55 |      1095.16 |                  1.95 |                    1.16 |    167 |     5.1814 |
|        1 |          6 |          1096.80 |      1094.55 |      1094.65 |                  3.02 |                    1.79 |    167 |     5.2428 |
|        1 |          7 |          1096.80 |      1094.55 |      1097.00 |                  1.35 |                    0.80 |    167 |     5.3186 |
|        1 |          8 |          1096.80 |      1092.66 |      1092.66 |                  2.70 |                    1.60 |    167 |     5.4247 |
|        1 |          9 |          1096.80 |      1092.66 |      1099.70 |                  1.30 |                    0.77 |    172 |     5.5535 |
|        1 |         10 |          1096.80 |      1092.66 |      1099.70 |                  1.52 |                    0.87 |    172 |     5.6438 |
|        1 |         11 |          1096.80 |      1092.66 |      1131.44 |                  4.19 |                    2.39 |    176 |     5.7290 |
|        1 |         12 |          1096.80 |      1092.66 |      1130.50 |                  2.73 |                    1.56 |    180 |     5.8445 |
|        1 |         13 |          1096.80 |      1092.66 |      1098.81 |                  2.46 |                    1.41 |    187 |     6.0824 |
|        1 |         14 |          1096.80 |      1092.66 |      1103.34 |                  2.31 |                    1.32 |    188 |     6.1613 |
|        1 |         15 |          1096.80 |      1092.66 |      1103.40 |                  2.27 |                    1.30 |    191 |     6.2582 |
|        1 |          0 |          1095.10 |      1092.66 |      1095.10 |                  2.44 |                    1.39 |    200 |     6.3790 |
|        1 |          1 |          1095.10 |      1092.66 |      1114.24 |                  2.47 |                    1.41 |    206 |     6.5085 |
|        1 |          2 |          1095.10 |      1092.66 |      1111.09 |                  2.18 |                    1.24 |    212 |     6.6157 |
|        1 |          3 |          1095.10 |      1092.66 |      1107.97 |                  2.47 |                    1.41 |    218 |     6.8055 |
|        1 |          4 |          1095.10 |      1092.66 |      1099.50 |                  1.56 |                    0.89 |    223 |     6.9651 |
|        1 |          5 |          1095.10 |      1092.66 |      1109.65 |                  3.05 |                    1.68 |    232 |     7.1133 |
|        1 |          6 |          1095.10 |      1092.66 |      1109.20 |                  2.46 |                    1.35 |    235 |     7.2001 |
|        1 |          7 |          1095.10 |      1092.66 |      1106.40 |                  1.34 |                    0.74 |    238 |     7.2935 |
|        1 |          8 |          1095.10 |      1092.66 |      1122.85 |                  2.40 |                    1.32 |    239 |     7.4314 |
|        1 |          9 |          1095.10 |      1092.66 |      1124.46 |                  2.40 |                    1.32 |    243 |     7.5659 |
|        1 |         10 |          1095.10 |      1092.66 |      1123.32 |                  1.99 |                    1.09 |    246 |     7.7047 |
|        1 |         11 |          1095.10 |      1092.66 |      1123.06 |                  2.51 |                    1.38 |    247 |     7.7838 |
|        1 |         12 |          1095.10 |      1092.66 |      1113.68 |                  1.31 |                    0.72 |    248 |     7.8552 |
|        1 |         13 |          1095.10 |      1092.66 |      1102.82 |                  1.78 |                    0.98 |    253 |     8.0124 |
|        1 |         14 |          1095.10 |      1092.66 |      1098.87 |                  4.10 |                    2.25 |    253 |     8.0902 |
|        1 |         15 |          1095.10 |      1092.66 |      1100.50 |                  1.85 |                    1.02 |    255 |     8.1513 |
|        1 |         16 |          1095.10 |      1092.66 |      1106.03 |                  6.88 |                    3.77 |    256 |     8.2708 |
|        1 |         17 |          1095.10 |      1092.66 |      1106.50 |                  2.84 |                    1.56 |    258 |     8.3340 |
|        1 |         18 |          1095.10 |      1092.66 |      1105.36 |                  2.33 |                    1.28 |    259 |     8.4192 |
|        1 |         19 |          1095.10 |      1092.66 |      1111.70 |                  1.34 |                    0.73 |    265 |     8.5138 |
|        1 |         20 |          1095.10 |      1092.66 |      1108.96 |                  2.15 |                    1.18 |    270 |     8.6030 |
|        1 |          0 |          1091.10 |      1091.10 |      1091.10 |                  2.35 |                    1.29 |    273 |     8.7364 |
|        1 |          1 |          1091.10 |      1090.96 |      1090.96 |                  2.18 |                    1.20 |    273 |     8.8109 |
|        1 |          2 |          1091.10 |      1090.76 |      1090.76 |                  1.55 |                    0.85 |    273 |     8.8807 |
|        1 |          3 |          1091.10 |      1089.69 |      1089.69 |                  2.32 |                    1.27 |    273 |     8.9658 |
|        1 |          4 |          1091.10 |      1089.69 |      1090.88 |                  2.53 |                    1.39 |    273 |     9.0469 |
|        1 |          5 |          1091.10 |      1089.69 |      1095.60 |                  2.41 |                    1.32 |    275 |     9.1531 |
|        1 |          6 |          1091.10 |      1089.69 |      1094.10 |                  2.44 |                    1.34 |    278 |     9.2528 |
|        1 |          7 |          1091.10 |      1089.69 |      1094.10 |                  2.01 |                    1.10 |    278 |     9.3262 |
|        1 |          8 |          1091.10 |      1089.69 |      1094.10 |                  1.15 |                    0.63 |    278 |     9.3854 |
|        1 |          9 |          1091.10 |      1089.69 |      1101.08 |                  2.80 |                    1.54 |    279 |     9.4873 |
|        1 |         10 |          1091.10 |      1089.69 |      1114.10 |                  1.41 |                    0.77 |    283 |     9.5667 |
|        1 |         11 |          1091.10 |      1089.69 |      1117.15 |                  2.16 |                    1.19 |    285 |     9.6417 |
|        1 |         12 |          1091.10 |      1089.69 |      1097.00 |                  1.55 |                    0.85 |    289 |     9.8498 |
|        1 |         13 |          1091.10 |      1089.69 |      1101.96 |                  1.98 |                    1.09 |    290 |     9.9269 |
|        1 |         14 |          1091.10 |      1089.69 |      1119.27 |                  2.47 |                    1.36 |    291 |    10.0321 |
|        1 |         15 |          1091.10 |      1089.69 |      1102.47 |                  1.41 |                    0.78 |    292 |    10.1833 |
|        1 |         16 |          1091.10 |      1089.69 |      1101.09 |                  2.51 |                    1.38 |    292 |    10.2761 |
|        1 |         17 |          1091.10 |      1089.69 |      1106.33 |                  1.74 |                    0.96 |    292 |    10.3624 |
|        1 |         18 |          1091.10 |      1089.69 |      1106.10 |                  1.46 |                    0.80 |    296 |    10.4275 |
|        1 |         19 |          1091.10 |      1089.69 |      1106.00 |                  2.31 |                    1.27 |    296 |    10.4935 |
|        1 |         20 |          1091.10 |      1089.69 |      1106.00 |                  2.56 |                    1.41 |    296 |    10.5748 |
|        1 |         21 |          1091.10 |      1089.69 |      1106.00 |                  2.26 |                    1.24 |    296 |    10.6247 |
|        1 |         22 |          1091.10 |      1089.69 |      1103.49 |                  2.39 |                    1.31 |    296 |    10.7141 |
|        1 |         23 |          1091.10 |      1089.69 |      1099.30 |                  2.02 |                    1.11 |    297 |    10.7985 |
|        1 |         24 |          1091.10 |      1089.69 |      1095.03 |                  1.25 |                    0.68 |    297 |    10.8642 |
|        1 |         25 |          1091.10 |      1089.69 |      1112.85 |                  3.18 |                    1.74 |    301 |    10.9329 |
|        1 |          0 |          1090.10 |      1089.69 |      1090.10 |                  1.46 |                    0.80 |    304 |    11.0876 |
|        1 |          1 |          1090.10 |      1089.69 |      1090.10 |                  1.80 |                    0.99 |    304 |    11.1751 |
|        1 |          2 |          1090.10 |      1089.69 |      1091.20 |                  1.34 |                    0.74 |    305 |    11.2366 |
|        1 |          3 |          1090.10 |      1082.25 |      1082.25 |                  3.10 |                    1.70 |    305 |    11.3150 |
|        1 |          0 |          1086.50 |      1082.25 |      1086.50 |                  1.33 |                    0.73 |    307 |    11.4220 |
|        1 |          1 |          1086.50 |      1082.25 |      1084.03 |                  1.63 |                    0.89 |    309 |    11.4910 |
|        1 |          2 |          1086.50 |      1078.53 |      1078.53 |                  1.79 |                    0.98 |    310 |    11.5772 |
|        1 |          3 |          1086.50 |      1078.53 |      1080.70 |                  3.45 |                    1.89 |    313 |    11.6435 |
|        1 |          0 |          1083.50 |      1078.53 |      1083.50 |                  3.20 |                    1.75 |    313 |    11.7144 |
|        1 |          1 |          1083.50 |      1078.53 |      1083.50 |                  3.18 |                    1.75 |    313 |    11.7989 |
|        1 |          2 |          1083.50 |      1078.53 |      1090.40 |                  1.83 |                    1.00 |    315 |    11.8649 |
|        1 |          3 |          1083.50 |      1078.53 |      1086.98 |                  3.12 |                    1.71 |    315 |    11.9299 |
|        1 |          4 |          1083.50 |      1078.53 |      1090.90 |                  2.46 |                    1.35 |    315 |    12.0108 |
|        1 |          5 |          1083.50 |      1078.53 |      1119.50 |                  2.50 |                    1.37 |    317 |    12.0829 |
|        1 |          6 |          1083.50 |      1078.53 |      1098.00 |                  2.39 |                    1.24 |    319 |    12.2961 |
|        1 |          7 |          1083.50 |      1078.53 |      1099.49 |                  1.52 |                    0.78 |    320 |    12.3977 |
|        1 |          8 |          1083.50 |      1078.53 |      1098.82 |                  1.91 |                    0.99 |    320 |    12.5204 |
|        1 |          9 |          1083.50 |      1078.53 |      1091.83 |                  3.36 |                    1.74 |    320 |    12.6128 |
|        1 |         10 |          1083.50 |      1078.53 |      1093.90 |                  2.56 |                    1.32 |    322 |    12.6840 |
|        1 |         11 |          1083.50 |      1078.53 |      1100.18 |                  2.47 |                    1.27 |    323 |    12.7798 |
|        1 |         12 |          1083.50 |      1078.53 |      1100.16 |                  2.50 |                    1.29 |    323 |    12.8577 |
|        1 |         13 |          1083.50 |      1078.53 |      1093.84 |                  1.79 |                    0.92 |    323 |    12.9532 |
|        1 |         14 |          1083.50 |      1078.53 |      1093.13 |                  2.56 |                    1.32 |    323 |    13.0062 |
|        1 |         15 |          1083.50 |      1078.53 |      1103.10 |                  2.47 |                    1.27 |    325 |    13.1043 |
|        1 |         16 |          1083.50 |      1078.53 |      1111.90 |                  3.17 |                    1.64 |    329 |    13.2638 |
|        1 |         17 |          1083.50 |      1078.53 |      1111.90 |                  1.40 |                    0.72 |    329 |    13.3458 |
|        1 |         18 |          1083.50 |      1078.53 |      1111.05 |                  2.06 |                    1.07 |    329 |    13.4166 |
|        1 |         19 |          1083.50 |      1078.53 |      1106.70 |                  2.26 |                    1.17 |    332 |    13.5287 |
|        1 |         20 |          1083.50 |      1078.53 |      1110.30 |                  1.86 |                    0.96 |    334 |    13.5907 |
|        1 |         21 |          1083.50 |      1078.53 |      1110.30 |                  1.60 |                    0.82 |    334 |    13.6637 |
|        1 |         22 |          1083.50 |      1078.53 |      1114.03 |                  1.60 |                    0.83 |    334 |    13.7350 |
|        1 |         23 |          1083.50 |      1078.53 |      1118.20 |                  1.72 |                    0.89 |    341 |    14.0203 |
|        1 |         24 |          1083.50 |      1078.53 |      1112.98 |                  3.12 |                    1.61 |    341 |    14.0949 |
|        1 |         25 |          1083.50 |      1078.53 |      1114.60 |                  2.17 |                    1.12 |    344 |    14.1564 |
|        1 |         26 |          1083.50 |      1078.53 |      1111.55 |                  4.71 |                    2.43 |    344 |    14.2298 |
|        1 |         27 |          1083.50 |      1078.53 |      1106.48 |                  3.32 |                    1.68 |    347 |    14.3672 |
|        1 |         28 |          1083.50 |      1078.53 |      1106.60 |                  3.37 |                    1.70 |    347 |    14.4631 |
|        1 |         29 |          1083.50 |      1078.53 |      1106.30 |                  1.60 |                    0.81 |    347 |    14.5388 |
|        1 |         30 |          1083.50 |      1078.53 |      1106.54 |                  2.62 |                    1.33 |    351 |    14.6292 |
|        1 |         31 |          1083.50 |      1078.53 |      1110.30 |                  4.04 |                    2.05 |    353 |    14.7325 |
|        1 |         32 |          1083.50 |      1078.53 |      1108.10 |                  2.07 |                    1.05 |    354 |    14.8311 |
|        1 |         33 |          1083.50 |      1078.53 |      1100.21 |                  2.62 |                    1.33 |    357 |    14.9043 |
|        1 |         34 |          1083.50 |      1078.53 |      1100.49 |                  3.38 |                    1.71 |    357 |    15.0094 |
|        1 |         35 |          1083.50 |      1078.53 |      1125.20 |                  1.77 |                    0.90 |    365 |    15.1131 |
|        1 |         36 |          1083.50 |      1078.53 |      1121.05 |                  2.17 |                    1.10 |    367 |    15.1914 |
|        1 |         37 |          1083.50 |      1078.53 |      1109.00 |                  1.40 |                    0.71 |    369 |    15.3352 |
|        1 |         38 |          1083.50 |      1078.53 |      1102.10 |                  2.31 |                    1.17 |    373 |    15.4618 |
|        1 |         39 |          1083.50 |      1078.53 |      1101.80 |                  2.59 |                    1.31 |    374 |    15.5676 |
|        1 |         40 |          1083.50 |      1078.53 |      1094.89 |                  1.42 |                    0.72 |    377 |    15.7070 |
|        1 |         41 |          1083.50 |      1078.53 |      1088.07 |                  3.07 |                    1.50 |    378 |    15.8295 |
|        1 |         42 |          1083.50 |      1078.53 |      1108.80 |                  1.91 |                    0.93 |    381 |    15.9265 |
|        1 |         43 |          1083.50 |      1078.53 |      1107.50 |                  2.16 |                    1.05 |    381 |    16.0108 |
|        1 |         44 |          1083.50 |      1078.53 |      1089.46 |                  1.92 |                    0.93 |    383 |    16.1988 |
|        1 |         45 |          1083.50 |      1078.53 |      1091.20 |                  1.40 |                    0.68 |    388 |    16.2798 |
|        1 |         46 |          1083.50 |      1078.53 |      1098.04 |                  2.83 |                    1.38 |    389 |    16.3463 |
|        1 |         47 |          1083.50 |      1078.53 |      1098.50 |                  1.92 |                    0.94 |    390 |    16.4192 |
|        1 |         48 |          1083.50 |      1078.53 |      1097.74 |                  2.01 |                    0.98 |    391 |    16.4966 |
|        1 |         49 |          1083.50 |      1078.53 |      1098.00 |                  1.53 |                    0.75 |    391 |    16.5664 |
|        1 |         50 |          1083.50 |      1078.53 |      1102.60 |                  2.17 |                    1.06 |    393 |    16.7150 |
|        1 |         51 |          1083.50 |      1078.53 |      1102.32 |                  2.18 |                    1.06 |    394 |    16.8468 |
|        1 |         52 |          1083.50 |      1078.53 |      1101.87 |                  5.78 |                    2.81 |    395 |    16.9277 |
|        1 |         53 |          1083.50 |      1078.53 |      1128.03 |                  7.20 |                    3.51 |    402 |    17.0796 |
|        1 |         54 |          1083.50 |      1078.53 |      1140.54 |                  3.42 |                    1.66 |    403 |    17.1725 |
|        1 |         55 |          1083.50 |      1078.53 |      1131.13 |                  4.11 |                    2.00 |    403 |    17.2668 |
|        1 |         56 |          1083.50 |      1078.53 |      1133.23 |                  6.41 |                    3.12 |    406 |    17.3406 |
|        1 |         57 |          1083.50 |      1078.53 |      1134.30 |                  3.10 |                    1.51 |    409 |    17.4282 |
|        1 |         58 |          1083.50 |      1078.53 |      1133.30 |                  3.41 |                    1.66 |    411 |    17.5119 |
|        1 |         59 |          1083.50 |      1078.53 |      1133.30 |                  1.72 |                    0.84 |    411 |    17.5850 |
|        1 |         60 |          1083.50 |      1078.53 |      1133.30 |                  1.39 |                    0.68 |    411 |    17.6526 |
|        1 |         61 |          1083.50 |      1078.53 |      1133.30 |                  1.72 |                    0.84 |    411 |    17.7265 |
|        1 |         62 |          1083.50 |      1078.53 |      1133.30 |                  1.86 |                    0.90 |    411 |    17.7781 |
|        1 |         63 |          1083.50 |      1078.53 |      1124.12 |                  2.57 |                    1.25 |    413 |    17.8595 |
|        1 |         64 |          1083.50 |      1078.53 |      1129.62 |                  2.57 |                    1.25 |    414 |    18.0036 |
|        1 |         65 |          1083.50 |      1078.53 |      1141.80 |                  2.53 |                    1.23 |    417 |    18.1018 |
|        1 |         66 |          1083.50 |      1078.53 |      1136.28 |                  2.05 |                    1.00 |    420 |    18.2382 |
|        1 |         67 |          1083.50 |      1078.53 |      1129.69 |                  2.04 |                    0.99 |    424 |    18.4993 |
|        1 |         68 |          1083.50 |      1078.53 |      1140.36 |                  2.35 |                    1.14 |    427 |    18.6432 |
|        1 |         69 |          1083.50 |      1078.53 |      1147.70 |                  1.29 |                    0.63 |    436 |    18.7894 |
|        1 |         70 |          1083.50 |      1078.53 |      1114.00 |                  3.24 |                    1.58 |    443 |    18.9336 |
|        1 |         71 |          1083.50 |      1078.53 |      1114.70 |                  1.15 |                    0.56 |    445 |    19.0379 |
|        1 |         72 |          1083.50 |      1078.53 |      1116.14 |                  1.40 |                    0.68 |    449 |    19.1095 |
|        1 |         73 |          1083.50 |      1078.53 |      1132.90 |                  4.51 |                    2.20 |    456 |    19.2352 |
|        1 |         74 |          1083.50 |      1078.53 |      1137.70 |                  1.70 |                    0.83 |    459 |    19.3505 |
|        1 |         75 |          1083.50 |      1078.53 |      1110.45 |                  5.66 |                    2.75 |    460 |    19.4371 |
|        1 |         76 |          1083.50 |      1078.53 |      1119.40 |                  3.59 |                    1.75 |    460 |    19.5205 |
|        1 |         77 |          1083.50 |      1078.53 |      1129.32 |                  4.02 |                    1.96 |    463 |    19.6088 |
|        1 |         78 |          1083.50 |      1078.53 |      1128.72 |                  2.88 |                    1.40 |    463 |    19.6839 |
|        1 |         79 |          1083.50 |      1078.53 |      1124.57 |                  1.49 |                    0.73 |    463 |    19.7744 |
|        1 |         80 |          1083.50 |      1078.53 |      1113.03 |                  3.58 |                    1.74 |    464 |    19.8522 |
|        1 |         81 |          1083.50 |      1078.53 |      1117.74 |                  2.20 |                    1.07 |    464 |    19.9575 |
------------------------------------------------------------------------------------------------------------------------------------------------
|  Restart |  Iteration |  Best Feas. Cost |    Best Cost |   Curr. Cost |   Penalty Custom Res. |   Penalty Standard Res. |   Pool |   Time (s) |
------------------------------------------------------------------------------------------------------------------------------------------------
|        1 |         82 |          1083.50 |      1078.53 |      1112.93 |                  6.13 |                    2.98 |    465 |    20.0343 |
|        1 |         83 |          1083.50 |      1078.53 |      1135.80 |                  2.20 |                    1.07 |    471 |    20.1398 |
|        1 |         84 |          1083.50 |      1078.53 |      1121.82 |                  3.20 |                    1.56 |    471 |    20.2203 |
|        1 |         85 |          1083.50 |      1078.53 |      1140.20 |                  2.39 |                    1.16 |    474 |    20.4060 |
|        1 |         86 |          1083.50 |      1078.53 |      1140.20 |                  2.03 |                    0.99 |    474 |    20.4698 |
|        1 |         87 |          1083.50 |      1078.53 |      1140.20 |                  2.12 |                    1.03 |    474 |    20.5369 |
|        1 |         88 |          1083.50 |      1078.53 |      1110.32 |                  1.49 |                    0.58 |    478 |    20.8850 |
|        1 |         89 |          1083.50 |      1078.53 |      1116.59 |                  1.96 |                    0.77 |    479 |    20.9765 |
|        1 |         90 |          1083.50 |      1078.53 |      1116.00 |                  2.34 |                    0.88 |    482 |    21.0605 |
|        1 |         91 |          1083.50 |      1078.53 |      1112.91 |                  1.26 |                    0.45 |    484 |    21.1935 |
|        1 |         92 |          1083.50 |      1078.53 |      1111.19 |                  3.08 |                    1.11 |    484 |    21.2635 |
|        1 |         93 |          1083.50 |      1078.53 |      1121.85 |                  6.64 |                    2.39 |    484 |    21.3185 |
|        1 |         94 |          1083.50 |      1078.53 |      1135.00 |                  3.41 |                    1.23 |    487 |    21.4061 |
|        1 |         95 |          1083.50 |      1078.53 |      1131.23 |                  4.07 |                    1.41 |    491 |    21.6170 |
|        1 |         96 |          1083.50 |      1078.53 |      1138.95 |                  3.18 |                    1.10 |    493 |    21.7022 |
|        1 |         97 |          1083.50 |      1078.53 |      1120.93 |                  2.96 |                    1.03 |    494 |    21.8951 |
|        1 |         98 |          1083.50 |      1078.53 |      1102.72 |                  2.95 |                    0.98 |    497 |    22.1164 |
|        1 |         99 |          1083.50 |      1078.53 |      1129.70 |                  2.76 |                    0.92 |    502 |    22.3594 |
|        1 |        100 |          1083.50 |      1078.53 |      1096.33 |                  2.77 |                    0.90 |    505 |    22.5873 |
|        1 |        101 |          1083.50 |      1078.53 |      1095.50 |                  2.92 |                    0.95 |    508 |    22.7221 |
|        1 |        102 |          1083.50 |      1078.53 |      1098.70 |                  2.46 |                    0.80 |    510 |    22.9014 |
|        1 |        103 |          1083.50 |      1078.53 |      1110.22 |                  2.62 |                    0.86 |    511 |    22.9619 |
|        1 |        104 |          1083.50 |      1078.53 |      1109.83 |                  2.63 |                    0.86 |    511 |    23.0535 |
|        1 |        105 |          1083.50 |      1078.53 |      1121.30 |                  2.54 |                    0.83 |    512 |    23.1388 |
|        1 |        106 |          1083.50 |      1078.53 |      1106.26 |                  2.60 |                    0.85 |    513 |    23.4010 |
|        1 |        107 |          1083.50 |      1078.53 |      1109.82 |                  2.77 |                    0.90 |    515 |    23.4894 |
|        1 |        108 |          1083.50 |      1078.53 |      1106.23 |                  2.88 |                    0.94 |    515 |    23.6488 |
|        1 |        109 |          1083.50 |      1078.53 |      1107.49 |                  3.98 |                    1.30 |    515 |    23.7595 |
|        1 |        110 |          1083.50 |      1078.53 |      1100.35 |                  3.09 |                    1.01 |    517 |    23.9411 |
|        1 |        111 |          1083.50 |      1078.53 |      1096.90 |                  2.12 |                    0.69 |    517 |    24.0278 |
|        1 |        112 |          1083.50 |      1078.53 |      1085.93 |                  2.26 |                    0.74 |    519 |    24.1180 |
|        1 |        113 |          1083.50 |      1078.53 |      1103.56 |                  2.84 |                    0.93 |    519 |    24.3093 |
|        1 |        114 |          1083.50 |      1078.53 |      1103.61 |                  3.49 |                    1.14 |    519 |    24.3832 |
|        1 |        115 |          1083.50 |      1078.53 |      1103.62 |                  3.75 |                    1.22 |    520 |    24.5108 |
|        1 |        116 |          1083.50 |      1078.53 |      1110.77 |                  3.02 |                    0.98 |    524 |    24.6189 |
|        1 |        117 |          1083.50 |      1078.53 |      1106.92 |                  3.02 |                    0.89 |    526 |    24.7687 |
|        1 |        118 |          1083.50 |      1078.53 |      1103.50 |                  2.91 |                    0.86 |    528 |    24.8807 |
|        1 |        119 |          1083.50 |      1078.53 |      1106.53 |                  2.53 |                    0.75 |    530 |    25.0165 |
|        1 |        120 |          1083.50 |      1078.53 |      1106.54 |                  2.75 |                    0.78 |    530 |    25.0965 |
|        1 |        121 |          1083.50 |      1078.53 |      1106.64 |                  2.65 |                    0.75 |    530 |    25.1861 |
|        1 |        122 |          1083.50 |      1078.53 |      1106.43 |                  2.44 |                    0.69 |    530 |    25.2635 |
|        1 |        123 |          1083.50 |      1078.53 |      1106.17 |                  2.90 |                    0.82 |    530 |    25.3418 |
|        1 |        124 |          1083.50 |      1078.53 |      1109.29 |                  2.46 |                    0.70 |    532 |    25.4424 |
|        1 |        125 |          1083.50 |      1078.53 |      1097.40 |                  2.75 |                    0.78 |    535 |    25.5661 |
|        1 |        126 |          1083.50 |      1078.53 |      1099.20 |                  2.71 |                    0.77 |    536 |    25.6497 |
|        1 |        127 |          1083.50 |      1078.53 |      1103.30 |                  3.04 |                    0.86 |    537 |    25.7572 |
|        1 |        128 |          1083.50 |      1078.53 |      1108.90 |                  1.72 |                    0.49 |    537 |    25.8435 |
|        1 |        129 |          1083.50 |      1078.53 |      1107.93 |                  2.20 |                    0.63 |    538 |    25.9137 |
|        1 |        130 |          1083.50 |      1078.53 |      1109.58 |                  1.70 |                    0.48 |    540 |    26.0335 |
|        1 |        131 |          1083.50 |      1078.53 |      1108.81 |                  2.94 |                    0.83 |    540 |    26.1052 |
|        1 |        132 |          1083.50 |      1078.53 |      1098.10 |                  2.27 |                    0.64 |    543 |    26.2007 |
|        1 |        133 |          1083.50 |      1078.53 |      1098.10 |                  1.74 |                    0.49 |    543 |    26.2690 |
|        1 |        134 |          1083.50 |      1078.53 |      1096.56 |                  2.24 |                    0.64 |    545 |    26.3960 |
|        1 |        135 |          1083.50 |      1078.53 |      1088.82 |                  2.32 |                    0.66 |    546 |    26.5080 |
|        1 |        136 |          1083.50 |      1078.53 |      1103.24 |                  1.96 |                    0.56 |    547 |    26.5944 |
|        1 |        137 |          1083.50 |      1078.53 |      1106.19 |                  1.66 |                    0.45 |    550 |    26.6945 |
|        1 |        138 |          1083.50 |      1078.53 |      1102.00 |                  6.74 |                    1.84 |    550 |    26.8317 |
|        1 |        139 |          1083.50 |      1078.53 |      1110.59 |                  2.58 |                    0.69 |    552 |    26.9576 |
|        1 |        140 |          1083.50 |      1078.53 |      1091.59 |                  4.57 |                    1.22 |    553 |    27.1261 |
|        1 |        141 |          1083.50 |      1078.53 |      1098.30 |                  3.54 |                    0.94 |    554 |    27.2081 |
|        1 |        142 |          1083.50 |      1078.53 |      1098.30 |                  2.82 |                    0.75 |    554 |    27.2845 |
|        1 |        143 |          1083.50 |      1078.53 |      1091.50 |                  3.03 |                    0.81 |    555 |    27.4189 |
|        1 |        144 |          1083.50 |      1078.53 |      1091.46 |                  3.08 |                    0.82 |    555 |    27.5098 |
|        1 |        145 |          1083.50 |      1078.53 |      1091.50 |                  1.63 |                    0.44 |    555 |    27.5766 |
|        1 |        146 |          1083.50 |      1078.53 |      1093.57 |                  3.62 |                    0.97 |    556 |    27.6409 |
|        1 |        147 |          1083.50 |      1078.53 |      1106.30 |                  2.98 |                    0.80 |    557 |    27.7373 |
|        1 |        148 |          1083.50 |      1078.53 |      1106.30 |                  1.52 |                    0.41 |    557 |    27.8700 |
|        1 |        149 |          1083.50 |      1078.53 |      1101.85 |                  3.09 |                    0.83 |    558 |    28.0154 |
|        1 |        150 |          1083.50 |      1078.53 |      1104.80 |                  3.06 |                    0.82 |    561 |    28.1357 |
|        1 |        151 |          1083.50 |      1078.53 |      1104.10 |                  3.54 |                    0.95 |    563 |    28.2029 |
|        1 |        152 |          1083.50 |      1078.53 |      1104.10 |                  2.67 |                    0.71 |    563 |    28.2592 |
|        1 |        153 |          1083.50 |      1078.53 |      1106.31 |                  3.08 |                    0.82 |    563 |    28.3926 |
|        1 |        154 |          1083.50 |      1078.53 |      1107.88 |                  3.12 |                    0.83 |    563 |    28.4864 |
|        1 |        155 |          1083.50 |      1078.53 |      1113.53 |                  3.17 |                    0.85 |    563 |    28.5933 |
|        1 |        156 |          1083.50 |      1078.53 |      1113.28 |                  3.41 |                    0.91 |    563 |    28.6939 |
|        1 |        157 |          1083.50 |      1078.53 |      1111.40 |                  3.16 |                    0.84 |    563 |    28.7823 |
|        1 |        158 |          1083.50 |      1078.53 |      1111.37 |                  3.11 |                    0.83 |    563 |    28.8418 |
|        1 |        159 |          1083.50 |      1078.53 |      1106.70 |                  4.79 |                    1.28 |    567 |    28.9696 |
|        1 |        160 |          1083.50 |      1078.53 |      1118.30 |                  2.84 |                    0.76 |    570 |    29.1527 |
|        1 |        161 |          1083.50 |      1078.53 |      1116.60 |                  2.66 |                    0.71 |    572 |    29.2468 |
|        1 |        162 |          1083.50 |      1078.53 |      1112.18 |                  3.03 |                    0.81 |    572 |    29.4333 |
|        1 |        163 |          1083.50 |      1078.53 |      1120.14 |                  4.10 |                    1.07 |    574 |    29.5214 |
|        1 |        164 |          1083.50 |      1078.53 |      1093.30 |                  3.16 |                    0.83 |    577 |    29.7951 |
|        1 |        165 |          1083.50 |      1078.53 |      1089.88 |                  4.37 |                    1.14 |    579 |    29.8894 |
|        1 |        166 |          1083.50 |      1078.53 |      1115.40 |                  2.56 |                    0.66 |    580 |    29.9696 |
|        1 |        167 |          1083.50 |      1078.53 |      1104.69 |                  4.58 |                    1.18 |    580 |    30.0736 |
|        1 |        168 |          1083.50 |      1078.53 |      1093.10 |                  3.81 |                    0.98 |    580 |    30.1382 |
|        1 |        169 |          1083.50 |      1078.53 |      1096.20 |                  3.07 |                    0.79 |    580 |    30.2300 |
|        1 |        170 |          1083.50 |      1078.53 |      1106.04 |                  4.38 |                    1.12 |    582 |    30.3021 |
|        1 |        171 |          1083.50 |      1078.53 |      1096.40 |                  4.49 |                    1.15 |    584 |    30.3839 |
|        1 |        172 |          1083.50 |      1078.53 |      1092.80 |                  3.88 |                    1.00 |    584 |    30.4873 |
|        1 |        173 |          1083.50 |      1078.53 |      1092.84 |                  4.49 |                    1.15 |    584 |    30.5529 |
|        1 |        174 |          1083.50 |      1078.53 |      1093.60 |                  3.03 |                    0.78 |    584 |    30.6229 |
|        1 |        175 |          1083.50 |      1078.53 |      1093.56 |                  3.01 |                    0.77 |    584 |    30.7036 |
|        1 |        176 |          1083.50 |      1078.53 |      1104.67 |                  3.08 |                    0.79 |    587 |    30.8008 |
|        1 |        177 |          1083.50 |      1078.53 |      1094.30 |                  1.91 |                    0.49 |    587 |    31.0657 |
|        1 |        178 |          1083.50 |      1078.53 |      1109.81 |                  3.90 |                    1.00 |    587 |    31.1545 |
|        1 |        179 |          1083.50 |      1078.53 |      1091.90 |                  2.41 |                    0.62 |    587 |    31.3174 |
|        1 |        180 |          1083.50 |      1078.53 |      1093.15 |                  2.33 |                    0.60 |    589 |    31.4048 |
|        1 |        181 |          1083.50 |      1078.53 |      1098.18 |                  2.29 |                    0.59 |    590 |    31.5135 |
|        1 |        182 |          1083.50 |      1078.53 |      1106.03 |                  3.98 |                    1.02 |    592 |    31.6236 |
|        1 |        183 |          1083.50 |      1078.53 |      1102.70 |                  2.33 |                    0.60 |    595 |    31.7132 |
|        1 |        184 |          1083.50 |      1078.53 |      1099.73 |                  2.77 |                    0.71 |    597 |    31.7901 |
|        1 |        185 |          1083.50 |      1078.53 |      1102.08 |                  3.20 |                    0.82 |    597 |    31.8787 |
|        1 |        186 |          1083.50 |      1078.53 |      1101.50 |                  2.01 |                    0.52 |    597 |    31.9651 |
|        1 |        187 |          1083.50 |      1078.53 |      1092.17 |                  1.55 |                    0.40 |    598 |    32.0813 |
|        1 |        188 |          1083.50 |      1078.53 |      1098.51 |                  4.15 |                    1.07 |    598 |    32.1906 |
|        1 |        189 |          1083.50 |      1078.53 |      1102.13 |                  3.00 |                    0.77 |    599 |    32.2626 |
|        1 |        190 |          1083.50 |      1078.53 |      1099.82 |                  4.03 |                    1.03 |    599 |    32.3333 |
|        1 |        191 |          1083.50 |      1078.53 |      1093.00 |                  3.10 |                    0.80 |    601 |    32.5031 |
|        1 |        192 |          1083.50 |      1078.53 |      1092.89 |                  2.47 |                    0.63 |    601 |    32.5900 |
|        1 |        193 |          1083.50 |      1078.53 |      1094.80 |                  3.53 |                    0.91 |    601 |    32.6585 |
|        1 |        194 |          1083.50 |      1078.53 |      1094.69 |                  4.69 |                    1.20 |    603 |    32.7387 |
|        1 |        195 |          1083.50 |      1078.53 |      1095.40 |                  4.01 |                    1.03 |    603 |    32.8293 |
|        1 |        196 |          1083.50 |      1078.53 |      1107.69 |                  3.19 |                    0.82 |    604 |    32.9703 |
|        1 |        197 |          1083.50 |      1078.53 |      1097.69 |                  4.48 |                    1.15 |    604 |    33.1072 |
|        1 |        198 |          1083.50 |      1078.53 |      1093.62 |                  5.05 |                    1.30 |    604 |    33.2891 |
|        1 |        199 |          1083.50 |      1078.53 |      1130.70 |                  2.95 |                    0.76 |    606 |    33.4315 |
|        1 |        200 |          1083.50 |      1078.53 |      1130.70 |                  1.73 |                    0.44 |    606 |    33.5090 |
|        1 |        201 |          1083.50 |      1078.53 |      1129.91 |                  2.36 |                    0.61 |    607 |    33.6047 |
|        1 |        202 |          1083.50 |      1078.53 |      1119.90 |                  1.70 |                    0.44 |    607 |    33.7091 |
|        1 |        203 |          1083.50 |      1078.53 |      1108.30 |                  2.64 |                    0.68 |    607 |    33.8809 |
|        1 |        204 |          1083.50 |      1078.53 |      1100.10 |                  3.92 |                    1.01 |    607 |    33.9690 |
|        1 |        205 |          1083.50 |      1078.53 |      1117.50 |                  2.96 |                    0.76 |    611 |    34.0944 |
|        1 |        206 |          1083.50 |      1078.53 |      1107.30 |                  3.67 |                    0.94 |    612 |    34.1678 |
|        1 |        207 |          1083.50 |      1078.53 |      1105.00 |                  3.02 |                    0.77 |    612 |    34.2713 |
|        1 |        208 |          1083.50 |      1078.53 |      1104.08 |                  4.47 |                    1.15 |    612 |    34.3717 |
|        1 |        209 |          1083.50 |      1078.53 |      1107.78 |                  3.10 |                    0.79 |    615 |    34.4717 |
|        1 |        210 |          1083.50 |      1078.53 |      1112.39 |                  4.33 |                    1.11 |    616 |    34.5272 |
|        1 |        211 |          1083.50 |      1078.53 |      1121.55 |                  3.62 |                    0.93 |    616 |    34.6578 |
|        1 |        212 |          1083.50 |      1078.53 |      1103.80 |                  4.72 |                    1.21 |    616 |    34.7525 |
|        1 |        213 |          1083.50 |      1078.53 |      1108.25 |                  3.40 |                    0.87 |    616 |    34.8534 |
|        1 |        214 |          1083.50 |      1078.53 |      1097.17 |                  4.35 |                    1.12 |    617 |    34.9253 |
|        1 |        215 |          1083.50 |      1078.53 |      1107.09 |                  4.50 |                    1.15 |    618 |    35.0246 |
|        1 |        216 |          1083.50 |      1078.53 |      1120.15 |                  4.43 |                    1.14 |    620 |    35.1033 |
|        1 |        217 |          1083.50 |      1078.53 |      1111.88 |                  3.36 |                    0.86 |    622 |    35.2032 |
|        1 |        218 |          1083.50 |      1078.53 |      1109.32 |                  3.20 |                    0.82 |    622 |    35.3138 |
|        1 |        219 |          1083.50 |      1078.53 |      1106.48 |                  3.41 |                    0.87 |    627 |    35.4245 |
|        1 |        220 |          1083.50 |      1078.53 |      1106.16 |                  5.75 |                    1.48 |    628 |    35.5288 |
|        1 |        221 |          1083.50 |      1078.53 |      1132.90 |                  6.77 |                    1.74 |    635 |    35.6268 |
|        1 |        222 |          1083.50 |      1078.53 |      1120.74 |                  3.71 |                    0.95 |    640 |    35.8052 |
|        1 |        223 |          1083.50 |      1078.53 |      1119.58 |                  2.54 |                    0.65 |    642 |    35.9409 |
|        1 |        224 |          1083.50 |      1078.53 |      1107.86 |                  4.31 |                    1.11 |    646 |    36.0916 |
|        1 |        225 |          1083.50 |      1078.53 |      1092.90 |                  3.48 |                    0.89 |    651 |    36.3099 |
|        1 |        226 |          1083.50 |      1078.53 |      1092.90 |                  2.64 |                    0.68 |    651 |    36.3746 |
|        1 |        227 |          1083.50 |      1078.53 |      1089.10 |                  2.50 |                    0.64 |    653 |    36.4718 |
|        1 |        228 |          1083.50 |      1078.53 |      1096.36 |                  3.22 |                    0.83 |    656 |    36.5748 |
|        1 |        229 |          1083.50 |      1078.53 |      1085.40 |                  2.86 |                    0.73 |    659 |    36.6869 |
|        1 |        230 |          1083.50 |      1078.53 |      1118.20 |                  3.41 |                    0.88 |    662 |    36.7508 |
|        1 |        231 |          1083.50 |      1078.53 |      1109.80 |                  2.01 |                    0.52 |    666 |    36.8672 |
|        1 |        232 |          1083.50 |      1078.53 |      1112.02 |                  3.47 |                    0.89 |    669 |    36.9855 |
|        1 |        233 |          1083.50 |      1078.53 |      1105.48 |                  5.68 |                    1.46 |    671 |    37.0730 |
|        1 |        234 |          1083.50 |      1078.53 |      1114.91 |                  2.94 |                    0.75 |    674 |    37.1907 |
|        1 |        235 |          1083.50 |      1078.53 |      1111.03 |                  3.64 |                    0.94 |    677 |    37.2660 |
|        1 |        236 |          1083.50 |      1078.53 |      1096.50 |                  5.49 |                    1.41 |    678 |    37.5656 |
|        1 |        237 |          1083.50 |      1078.53 |      1096.50 |                  3.00 |                    0.77 |    678 |    37.6454 |
|        1 |        238 |          1083.50 |      1078.53 |      1094.87 |                  2.97 |                    0.76 |    680 |    37.8059 |
|        1 |        239 |          1083.50 |      1078.53 |      1105.44 |                  4.87 |                    1.25 |    680 |    37.8704 |
|        1 |        240 |          1083.50 |      1078.53 |      1104.09 |                  3.72 |                    0.95 |    682 |    38.0186 |
|        1 |        241 |          1083.50 |      1078.53 |      1100.00 |                  3.72 |                    0.95 |    685 |    38.1586 |
|        1 |        242 |          1083.50 |      1078.53 |      1105.90 |                  2.13 |                    0.55 |    687 |    38.2448 |
|        1 |        243 |          1083.50 |      1078.53 |      1105.90 |                  1.53 |                    0.39 |    687 |    38.3313 |
|        1 |        244 |          1083.50 |      1078.53 |      1100.09 |                  2.00 |                    0.51 |    687 |    38.4436 |
|        1 |        245 |          1083.50 |      1078.53 |      1101.23 |                  1.86 |                    0.48 |    687 |    38.5246 |
|        1 |        246 |          1083.50 |      1078.53 |      1103.82 |                  4.35 |                    1.12 |    687 |    38.6553 |
|        1 |        247 |          1083.50 |      1078.53 |      1092.70 |                  2.39 |                    0.61 |    687 |    38.9205 |
|        1 |        248 |          1083.50 |      1078.53 |      1092.70 |                  2.09 |                    0.54 |    687 |    38.9864 |
|        1 |        249 |          1083.50 |      1078.53 |      1088.20 |                  3.25 |                    0.84 |    687 |    39.0988 |
|        1 |        250 |          1083.50 |      1078.53 |      1092.70 |                  2.24 |                    0.57 |    687 |    39.1559 |
|        1 |        251 |          1083.50 |      1078.53 |      1088.67 |                  4.38 |                    1.13 |    687 |    39.2758 |
|        1 |        252 |          1083.50 |      1078.53 |      1092.56 |                  2.56 |                    0.66 |    687 |    39.3716 |
|        1 |        253 |          1083.50 |      1078.53 |      1090.23 |                  3.34 |                    0.86 |    687 |    39.4406 |
|        1 |        254 |          1083.50 |      1078.53 |      1091.07 |                  3.06 |                    0.79 |    687 |    39.5605 |
|        1 |        255 |          1083.50 |      1078.53 |      1090.09 |                  2.74 |                    0.70 |    687 |    39.7406 |
|        1 |        256 |          1083.50 |      1078.53 |      1087.38 |                  4.36 |                    1.12 |    687 |    39.8155 |
|        1 |        257 |          1083.50 |      1078.53 |      1091.50 |                  3.11 |                    0.80 |    689 |    39.9123 |
------------------------------------------------------------------------------------------------------------------------------------------------
|  Restart |  Iteration |  Best Feas. Cost |    Best Cost |   Curr. Cost |   Penalty Custom Res. |   Penalty Standard Res. |   Pool |   Time (s) |
------------------------------------------------------------------------------------------------------------------------------------------------
|        1 |        258 |          1083.50 |      1078.53 |      1084.83 |                  3.48 |                    0.89 |    689 |    40.0159 |
|        1 |        259 |          1083.50 |      1078.53 |      1089.60 |                  2.83 |                    0.73 |    689 |    40.1207 |
|        1 |        260 |          1083.50 |      1078.53 |      1088.00 |                  1.71 |                    0.44 |    689 |    40.2279 |
|        1 |        261 |          1083.50 |      1077.22 |      1077.22 |                  4.56 |                    1.17 |    689 |    40.3312 |
|        1 |        262 |          1083.50 |      1077.22 |      1095.30 |                  2.44 |                    0.63 |    691 |    40.4034 |
|        1 |        263 |          1083.50 |      1077.22 |      1095.30 |                  3.34 |                    0.86 |    691 |    40.4713 |
|        1 |        264 |          1083.50 |      1077.22 |      1119.30 |                  5.07 |                    1.30 |    693 |    40.5264 |
|        1 |        265 |          1083.50 |      1077.22 |      1117.30 |                  2.60 |                    0.67 |    696 |    40.6484 |
|        1 |        266 |          1083.50 |      1077.22 |      1111.96 |                  2.91 |                    0.75 |    696 |    40.7355 |
|        1 |        267 |          1083.50 |      1077.22 |      1088.24 |                  2.83 |                    0.73 |    698 |    40.8793 |
|        1 |        268 |          1083.50 |      1077.22 |      1088.43 |                  1.79 |                    0.46 |    698 |    40.9361 |
|        1 |        269 |          1083.50 |      1076.70 |      1076.70 |                  4.47 |                    1.15 |    698 |    41.0533 |
|        1 |          0 |          1077.70 |      1076.70 |      1077.70 |                  1.84 |                    0.47 |    700 |    41.1441 |
|        1 |          0 |          1075.60 |      1075.60 |      1075.60 |                  3.40 |                    0.87 |    700 |    41.2310 |
|        1 |          1 |          1075.60 |      1075.60 |      1075.60 |                  3.41 |                    0.88 |    700 |    41.3190 |
|        1 |          2 |          1075.60 |      1075.60 |      1075.60 |                  2.47 |                    0.63 |    700 |    41.3841 |
|        1 |          3 |          1075.60 |      1075.60 |      1075.60 |                  1.82 |                    0.47 |    700 |    41.4441 |
|        1 |          4 |          1075.60 |      1075.60 |      1075.60 |                  2.07 |                    0.53 |    700 |    41.5040 |
|        1 |          5 |          1075.60 |      1075.60 |      1075.60 |                  2.83 |                    0.73 |    700 |    41.5869 |
|        1 |          6 |          1075.60 |      1075.60 |      1075.60 |                  2.07 |                    0.53 |    700 |    41.6425 |
|        1 |          7 |          1075.60 |      1075.60 |      1113.90 |                  1.47 |                    0.38 |    702 |    41.7270 |
|        1 |          8 |          1075.60 |      1075.60 |      1088.08 |                  4.88 |                    1.25 |    703 |    41.8372 |
|        1 |          9 |          1075.60 |      1075.60 |      1115.46 |                 10.60 |                    2.72 |    703 |    41.8944 |
|        1 |         10 |          1075.60 |      1075.60 |      1152.30 |                  5.29 |                    1.36 |    709 |    41.9796 |
|        1 |         11 |          1075.60 |      1075.60 |      1152.30 |                  2.97 |                    0.76 |    709 |    42.0569 |
|        1 |         12 |          1075.60 |      1075.60 |      1102.06 |                  2.76 |                    0.71 |    711 |    42.2778 |
|        1 |         13 |          1075.60 |      1075.60 |      1095.90 |                  4.64 |                    1.19 |    713 |    42.4414 |
|        1 |         14 |          1075.60 |      1075.60 |      1107.90 |                  2.50 |                    0.64 |    714 |    42.5448 |
|        1 |         15 |          1075.60 |      1075.60 |      1105.78 |                  2.01 |                    0.52 |    714 |    42.7124 |
|        1 |         16 |          1075.60 |      1075.60 |      1105.38 |                  4.58 |                    1.17 |    714 |    42.7997 |
|        1 |         17 |          1075.60 |      1075.60 |      1104.20 |                  3.56 |                    0.91 |    716 |    42.9731 |
|        1 |         18 |          1075.60 |      1075.60 |      1087.66 |                  2.30 |                    0.59 |    716 |    43.0741 |
|        1 |         19 |          1075.60 |      1075.60 |      1086.83 |                  3.02 |                    0.78 |    716 |    43.1875 |
|        1 |         20 |          1075.60 |      1075.60 |      1090.15 |                  2.91 |                    0.75 |    717 |    43.3086 |
|        1 |         21 |          1075.60 |      1075.60 |      1082.22 |                  4.32 |                    1.11 |    718 |    43.3989 |
|        1 |         22 |          1075.60 |      1075.60 |      1086.80 |                  3.12 |                    0.80 |    718 |    43.4829 |
|        1 |         23 |          1075.60 |      1075.60 |      1088.50 |                  3.07 |                    0.79 |    719 |    43.5517 |
|        1 |         24 |          1075.60 |      1075.60 |      1089.70 |                  2.01 |                    0.49 |    719 |    43.6350 |
|        1 |         25 |          1075.60 |      1075.60 |      1088.22 |                  2.77 |                    0.68 |    720 |    43.7449 |
|        1 |         26 |          1075.60 |      1075.60 |      1083.26 |                  2.74 |                    0.68 |    722 |    43.8968 |
|        1 |         27 |          1075.60 |      1075.60 |      1086.24 |                  2.15 |                    0.53 |    722 |    43.9552 |
|        1 |         28 |          1075.60 |      1075.60 |      1079.21 |                  2.16 |                    0.53 |    722 |    44.0170 |
|        1 |         29 |          1075.60 |      1075.60 |      1078.94 |                  1.46 |                    0.36 |    722 |    44.0888 |
|        1 |         30 |          1075.60 |      1074.49 |      1074.49 |                  2.14 |                    0.53 |    723 |    44.2100 |
|        1 |         31 |          1075.60 |      1074.49 |      1075.21 |                  3.54 |                    0.87 |    724 |    44.2996 |
|        1 |          0 |          1074.90 |      1074.49 |      1074.90 |                  2.27 |                    0.56 |    724 |    44.3768 |
|        1 |          1 |          1074.90 |      1074.49 |      1081.31 |                  3.47 |                    0.86 |    725 |    44.4519 |
|        1 |          2 |          1074.90 |      1074.49 |      1074.90 |                  3.77 |                    0.93 |    725 |    44.5457 |
|        1 |          3 |          1074.90 |      1074.49 |      1074.90 |                  2.73 |                    0.67 |    725 |    44.6268 |
|        1 |          4 |          1074.90 |      1074.49 |      1074.90 |                  2.11 |                    0.52 |    725 |    44.7027 |
|        1 |          5 |          1074.90 |      1073.46 |      1073.46 |                  1.79 |                    0.44 |    725 |    44.8026 |
|        1 |          6 |          1074.90 |      1073.46 |      1074.64 |                  3.69 |                    0.91 |    725 |    44.8866 |
|        1 |          7 |          1074.90 |      1073.46 |      1075.60 |                  1.67 |                    0.41 |    725 |    44.9613 |
|        1 |          8 |          1074.90 |      1073.46 |      1087.19 |                  3.14 |                    0.77 |    725 |    45.0565 |
|        1 |          9 |          1074.90 |      1073.46 |      1101.72 |                  3.09 |                    0.76 |    726 |    45.1288 |
|        1 |         10 |          1074.90 |      1073.46 |      1102.54 |                  2.75 |                    0.68 |    729 |    45.2130 |
|        1 |         11 |          1074.90 |      1073.46 |      1095.61 |                  3.01 |                    0.74 |    731 |    45.3703 |
|        1 |         12 |          1074.90 |      1073.46 |      1095.74 |                  2.58 |                    0.64 |    731 |    45.4469 |
|        1 |         13 |          1074.90 |      1073.46 |      1105.55 |                  1.92 |                    0.44 |    731 |    45.5166 |
|        1 |         14 |          1074.90 |      1073.46 |      1099.08 |                  2.82 |                    0.64 |    731 |    45.6222 |
|        1 |         15 |          1074.90 |      1073.46 |      1100.59 |                  3.06 |                    0.70 |    731 |    45.7117 |
|        1 |         16 |          1074.90 |      1073.46 |      1100.79 |                  3.61 |                    0.82 |    731 |    45.8165 |
|        1 |         17 |          1074.90 |      1073.46 |      1108.27 |                  2.23 |                    0.51 |    732 |    45.9981 |
|        1 |         18 |          1074.90 |      1073.46 |      1103.63 |                  2.94 |                    0.67 |    733 |    46.0773 |
|        1 |         19 |          1074.90 |      1073.46 |      1107.06 |                  3.50 |                    0.80 |    733 |    46.1677 |
|        1 |         20 |          1074.90 |      1073.46 |      1110.18 |                  5.46 |                    1.24 |    733 |    46.2455 |
|        1 |         21 |          1074.90 |      1073.46 |      1103.50 |                  6.06 |                    1.38 |    733 |    46.3188 |
|        1 |         22 |          1074.90 |      1073.46 |      1094.57 |                  5.76 |                    1.31 |    734 |    46.4783 |
|        1 |         23 |          1074.90 |      1073.46 |      1102.50 |                  3.14 |                    0.71 |    734 |    46.5707 |
|        1 |         24 |          1074.90 |      1073.46 |      1089.88 |                  4.75 |                    1.08 |    734 |    46.6458 |
|        1 |         25 |          1074.90 |      1073.46 |      1097.18 |                  2.48 |                    0.56 |    736 |    46.7970 |
|        1 |         26 |          1074.90 |      1073.46 |      1086.64 |                  4.37 |                    0.99 |    736 |    46.8676 |
|        1 |         27 |          1074.90 |      1073.46 |      1099.40 |                  2.32 |                    0.42 |    739 |    47.0459 |
|        1 |         28 |          1074.90 |      1073.46 |      1097.72 |                  3.43 |                    0.63 |    741 |    47.1924 |
|        1 |         29 |          1074.90 |      1073.46 |      1101.00 |                  5.40 |                    0.99 |    742 |    47.2665 |
|        1 |         30 |          1074.90 |      1073.46 |      1100.12 |                  3.93 |                    0.72 |    745 |    47.3941 |
|        1 |         31 |          1074.90 |      1073.46 |      1096.29 |                  4.53 |                    0.83 |    745 |    47.4940 |
|        1 |         32 |          1074.90 |      1073.46 |      1095.10 |                  5.62 |                    1.03 |    748 |    47.5814 |
|        1 |         33 |          1074.90 |      1073.46 |      1095.10 |                  4.67 |                    0.85 |    749 |    47.6570 |
|        1 |         34 |          1074.90 |      1073.46 |      1095.10 |                  4.34 |                    0.79 |    749 |    47.7299 |
|        1 |         35 |          1074.90 |      1073.46 |      1095.20 |                  2.21 |                    0.38 |    751 |    47.8051 |
|        1 |         36 |          1074.90 |      1073.46 |      1093.90 |                  2.63 |                    0.45 |    751 |    47.8657 |
|        1 |         37 |          1074.90 |      1073.46 |      1096.60 |                  4.39 |                    0.75 |    752 |    48.0190 |
|        1 |         38 |          1074.90 |      1073.46 |      1102.24 |                  5.43 |                    0.93 |    754 |    48.1358 |
|        1 |         39 |          1074.90 |      1073.46 |      1102.20 |                  3.16 |                    0.54 |    757 |    48.2943 |
|        1 |         40 |          1074.90 |      1073.46 |      1111.40 |                  3.40 |                    0.58 |    759 |    48.4291 |
|        1 |         41 |          1074.90 |      1073.46 |      1111.40 |                  3.00 |                    0.52 |    759 |    48.5022 |
|        1 |         42 |          1074.90 |      1073.46 |      1104.90 |                  3.33 |                    0.57 |    761 |    48.7245 |
|        1 |         43 |          1074.90 |      1073.46 |      1108.37 |                  3.38 |                    0.58 |    764 |    48.8315 |
|        1 |         44 |          1074.90 |      1073.46 |      1106.00 |                  3.46 |                    0.60 |    766 |    48.9110 |
|        1 |         45 |          1074.90 |      1073.46 |      1103.26 |                  3.81 |                    0.66 |    766 |    49.1262 |
|        1 |         46 |          1074.90 |      1073.46 |      1104.64 |                  5.19 |                    0.89 |    767 |    49.3058 |
|        1 |         47 |          1074.90 |      1073.46 |      1120.89 |                  3.59 |                    0.62 |    771 |    49.4143 |
|        1 |         48 |          1074.90 |      1073.46 |      1128.06 |                  4.41 |                    0.76 |    772 |    49.4947 |
|        1 |         49 |          1074.90 |      1073.46 |      1119.85 |                  4.28 |                    0.74 |    773 |    49.6578 |
|        1 |         50 |          1074.90 |      1073.46 |      1126.30 |                  2.58 |                    0.44 |    774 |    49.7227 |
|        1 |         51 |          1074.90 |      1073.46 |      1112.55 |                  3.34 |                    0.57 |    776 |    49.7932 |
|        1 |         52 |          1074.90 |      1073.46 |      1114.71 |                  3.89 |                    0.67 |    777 |    49.8814 |
|        1 |         53 |          1074.90 |      1073.46 |      1123.91 |                  2.95 |                    0.51 |    777 |    49.9785 |
|        1 |         54 |          1074.90 |      1073.46 |      1118.52 |                  3.28 |                    0.56 |    777 |    50.0583 |
|        1 |         55 |          1074.90 |      1073.46 |      1119.07 |                  3.11 |                    0.53 |    777 |    50.1301 |
|        1 |         56 |          1074.90 |      1073.46 |      1127.90 |                  3.55 |                    0.61 |    782 |    50.2298 |
|        1 |         57 |          1074.90 |      1073.46 |      1125.00 |                  2.08 |                    0.36 |    787 |    50.3347 |
|        1 |         58 |          1074.90 |      1073.46 |      1106.23 |                  5.66 |                    0.97 |    788 |    50.4533 |
|        1 |         59 |          1074.90 |      1073.46 |      1112.20 |                  3.83 |                    0.66 |    794 |    50.6187 |
|        1 |         60 |          1074.90 |      1073.46 |      1112.20 |                  3.67 |                    0.63 |    794 |    50.6758 |
|        1 |         61 |          1074.90 |      1073.46 |      1115.54 |                  2.84 |                    0.49 |    796 |    50.7436 |
|        1 |         62 |          1074.90 |      1073.46 |      1122.87 |                  7.01 |                    1.21 |    797 |    50.8301 |
|        1 |         63 |          1074.90 |      1073.46 |      1131.66 |                  5.78 |                    0.99 |    797 |    50.8952 |
|        1 |         64 |          1074.90 |      1073.46 |      1127.64 |                  2.95 |                    0.51 |    799 |    51.0669 |
|        1 |         65 |          1074.90 |      1073.46 |      1109.30 |                  2.35 |                    0.40 |    802 |    51.1844 |
|        1 |         66 |          1074.90 |      1073.46 |      1111.77 |                  3.97 |                    0.68 |    806 |    51.2987 |
|        1 |         67 |          1074.90 |      1073.46 |      1121.97 |                  9.72 |                    1.67 |    806 |    51.3782 |
|        1 |         68 |          1074.90 |      1073.46 |      1114.00 |                  4.79 |                    0.82 |    808 |    51.5033 |
|        1 |         69 |          1074.90 |      1073.46 |      1114.00 |                  4.22 |                    0.73 |    808 |    51.6223 |
|        1 |         70 |          1074.90 |      1073.46 |      1116.80 |                  3.64 |                    0.63 |    812 |    51.7425 |
|        1 |         71 |          1074.90 |      1073.46 |      1121.00 |                  3.62 |                    0.62 |    813 |    51.8329 |
|        1 |         72 |          1074.90 |      1073.46 |      1111.30 |                  2.49 |                    0.43 |    818 |    52.0374 |
|        1 |         73 |          1074.90 |      1073.46 |      1108.48 |                  5.30 |                    0.91 |    818 |    52.1282 |
|        1 |         74 |          1074.90 |      1073.46 |      1108.50 |                  4.06 |                    0.70 |    818 |    52.2040 |
|        1 |         75 |          1074.90 |      1073.46 |      1121.60 |                  3.12 |                    0.54 |    819 |    52.2837 |
|        1 |         76 |          1074.90 |      1073.46 |      1119.93 |                  2.78 |                    0.48 |    819 |    52.3644 |
|        1 |         77 |          1074.90 |      1073.46 |      1118.35 |                  4.00 |                    0.69 |    821 |    52.4313 |
|        1 |         78 |          1074.90 |      1073.46 |      1121.80 |                  2.86 |                    0.49 |    822 |    52.5402 |
|        1 |         79 |          1074.90 |      1073.46 |      1110.20 |                  4.52 |                    0.78 |    827 |    52.7158 |
|        1 |         80 |          1074.90 |      1073.46 |      1109.40 |                  3.68 |                    0.63 |    827 |    52.8135 |
|        1 |         81 |          1074.90 |      1073.46 |      1107.40 |                  4.43 |                    0.76 |    828 |    52.8899 |
|        1 |         82 |          1074.90 |      1073.46 |      1104.70 |                  4.27 |                    0.73 |    828 |    52.9799 |
|        1 |         83 |          1074.90 |      1073.46 |      1104.70 |                  2.71 |                    0.47 |    828 |    53.0625 |
|        1 |         84 |          1074.90 |      1073.46 |      1109.85 |                  2.75 |                    0.47 |    834 |    53.1426 |
|        1 |         85 |          1074.90 |      1073.46 |      1108.93 |                  3.96 |                    0.68 |    834 |    53.2058 |
|        1 |         86 |          1074.90 |      1073.46 |      1113.70 |                  2.17 |                    0.37 |    835 |    53.3938 |
|        1 |         87 |          1074.90 |      1073.46 |      1107.66 |                  2.16 |                    0.37 |    836 |    53.4690 |
|        1 |         88 |          1074.90 |      1073.46 |      1105.90 |                  1.83 |                    0.31 |    836 |    53.5266 |
|        1 |         89 |          1074.90 |      1073.46 |      1089.40 |                  3.59 |                    0.62 |    839 |    53.7578 |
|        1 |         90 |          1074.90 |      1073.46 |      1088.64 |                  3.05 |                    0.52 |    840 |    53.8279 |
|        1 |         91 |          1074.90 |      1073.46 |      1088.20 |                  3.82 |                    0.66 |    840 |    53.8895 |
|        1 |         92 |          1074.90 |      1073.46 |      1093.96 |                  5.18 |                    0.89 |    841 |    53.9856 |
|        1 |         93 |          1074.90 |      1073.46 |      1094.00 |                  3.07 |                    0.52 |    841 |    54.0460 |
|        1 |         94 |          1074.90 |      1073.46 |      1102.26 |                  2.96 |                    0.50 |    841 |    54.1453 |
|        1 |         95 |          1074.90 |      1073.46 |      1091.70 |                  3.55 |                    0.60 |    842 |    54.2434 |
|        1 |         96 |          1074.90 |      1073.46 |      1103.30 |                  1.92 |                    0.32 |    845 |    54.3071 |
|        1 |         97 |          1074.90 |      1073.46 |      1103.30 |                  3.52 |                    0.59 |    845 |    54.3610 |
|        1 |         98 |          1074.90 |      1073.46 |      1091.70 |                  2.21 |                    0.37 |    845 |    54.4459 |
|        1 |         99 |          1074.90 |      1073.46 |      1083.39 |                  5.03 |                    0.83 |    845 |    54.5955 |
|        1 |        100 |          1074.90 |      1073.46 |      1093.24 |                  5.53 |                    0.91 |    846 |    54.6778 |
|        1 |        101 |          1074.90 |      1073.46 |      1093.00 |                  2.27 |                    0.38 |    846 |    54.8174 |
|        1 |        102 |          1074.90 |      1073.46 |      1090.96 |                  4.20 |                    0.69 |    846 |    54.9088 |
|        1 |        103 |          1074.90 |      1073.46 |      1093.00 |                  3.42 |                    0.55 |    846 |    54.9935 |
|        1 |        104 |          1074.90 |      1073.46 |      1090.94 |                  3.95 |                    0.64 |    847 |    55.0907 |
|        1 |        105 |          1074.90 |      1073.46 |      1092.40 |                  1.99 |                    0.32 |    847 |    55.1766 |
|        1 |        106 |          1074.90 |      1073.46 |      1093.11 |                  3.71 |                    0.60 |    847 |    55.2630 |
|        1 |        107 |          1074.90 |      1073.46 |      1095.60 |                  3.14 |                    0.51 |    848 |    55.3796 |
|        1 |        108 |          1074.90 |      1073.46 |      1117.40 |                  3.05 |                    0.49 |    849 |    55.4958 |
|        1 |        109 |          1074.90 |      1073.46 |      1092.33 |                  5.45 |                    0.88 |    849 |    55.6491 |
|        1 |        110 |          1074.90 |      1073.46 |      1122.90 |                  2.82 |                    0.46 |    849 |    55.7683 |
|        1 |        111 |          1074.90 |      1073.46 |      1108.84 |                  5.01 |                    0.81 |    849 |    55.8550 |
|        1 |        112 |          1074.90 |      1073.46 |      1112.15 |                  3.33 |                    0.54 |    849 |    55.9994 |
|        1 |        113 |          1074.90 |      1073.46 |      1107.82 |                  3.44 |                    0.56 |    850 |    56.0876 |
|        1 |        114 |          1074.90 |      1073.46 |      1107.24 |                  5.53 |                    0.90 |    851 |    56.1680 |
|        1 |        115 |          1074.90 |      1073.46 |      1099.56 |                  3.37 |                    0.55 |    855 |    56.2839 |
|        1 |        116 |          1074.90 |      1073.46 |      1104.01 |                  3.73 |                    0.61 |    855 |    56.3850 |
|        1 |        117 |          1074.90 |      1073.46 |      1105.50 |                  4.19 |                    0.68 |    856 |    56.4572 |
|        1 |        118 |          1074.90 |      1073.46 |      1109.90 |                  3.28 |                    0.53 |    857 |    56.5394 |
|        1 |        119 |          1074.90 |      1073.46 |      1107.44 |                  3.74 |                    0.61 |    858 |    56.6398 |
|        1 |        120 |          1074.90 |      1073.46 |      1105.11 |                  3.91 |                    0.63 |    858 |    56.7567 |
|        1 |        121 |          1074.90 |      1073.46 |      1111.50 |                  3.77 |                    0.61 |    860 |    56.8817 |
|        1 |        122 |          1074.90 |      1073.46 |      1107.90 |                  3.63 |                    0.59 |    861 |    56.9687 |
|        1 |        123 |          1074.90 |      1073.46 |      1114.94 |                  4.24 |                    0.69 |    861 |    57.0683 |
|        1 |        124 |          1074.90 |      1073.46 |      1103.40 |                  3.42 |                    0.55 |    864 |    57.2798 |
|        1 |        125 |          1074.90 |      1073.46 |      1105.29 |                  3.02 |                    0.49 |    865 |    57.3596 |
|        1 |        126 |          1074.90 |      1073.46 |      1103.62 |                  4.22 |                    0.68 |    865 |    57.4419 |
|        1 |        127 |          1074.90 |      1073.46 |      1103.38 |                  5.49 |                    0.89 |    865 |    57.5180 |
|        1 |        128 |          1074.90 |      1073.46 |      1111.60 |                  4.30 |                    0.70 |    866 |    57.5882 |
|        1 |        129 |          1074.90 |      1073.46 |      1104.90 |                  3.52 |                    0.57 |    869 |    57.7504 |
|        1 |        130 |          1074.90 |      1073.46 |      1104.20 |                  4.27 |                    0.69 |    869 |    57.8578 |
|        1 |        131 |          1074.90 |      1073.46 |      1115.50 |                  3.95 |                    0.64 |    871 |    58.1025 |
|        1 |        132 |          1074.90 |      1073.46 |      1115.50 |                  4.76 |                    0.77 |    871 |    58.1697 |
|        1 |        133 |          1074.90 |      1073.46 |      1112.30 |                  4.44 |                    0.72 |    874 |    58.2933 |
|        1 |        134 |          1074.90 |      1073.46 |      1104.70 |                  3.69 |                    0.60 |    874 |    58.3917 |
|        1 |        135 |          1074.90 |      1073.46 |      1104.70 |                  3.63 |                    0.58 |    874 |    58.4504 |
|        1 |        136 |          1074.90 |      1073.46 |      1104.70 |                  4.04 |                    0.64 |    874 |    58.5197 |
|        1 |        137 |          1074.90 |      1073.46 |      1104.70 |                  3.60 |                    0.57 |    874 |    58.5934 |
|        1 |        138 |          1074.90 |      1073.46 |      1104.70 |                  2.50 |                    0.40 |    874 |    58.6443 |
|        1 |        139 |          1074.90 |      1073.46 |      1108.80 |                  8.63 |                    1.37 |    878 |    58.8267 |
|        1 |        140 |          1074.90 |      1073.46 |      1108.80 |                  5.42 |                    0.86 |    878 |    58.9079 |
|        1 |        141 |          1074.90 |      1073.46 |      1080.60 |                  4.02 |                    0.64 |    881 |    59.1749 |
|        1 |        142 |          1074.90 |      1073.46 |      1080.60 |                  2.33 |                    0.37 |    881 |    59.2649 |
|        1 |        143 |          1074.90 |      1073.46 |      1080.79 |                  2.44 |                    0.39 |    882 |    59.3453 |
|        1 |        144 |          1074.90 |      1073.46 |      1082.58 |                  4.99 |                    0.79 |    883 |    59.4140 |
|        1 |        145 |          1074.90 |      1073.46 |      1084.10 |                  6.50 |                    1.03 |    885 |    59.4928 |
|        1 |        146 |          1074.90 |      1073.46 |      1118.80 |                  3.44 |                    0.55 |    888 |    59.5631 |
|        1 |        147 |          1074.90 |      1073.46 |      1074.08 |                  3.06 |                    0.49 |    890 |    59.7083 |
|        1 |        148 |          1074.90 |      1073.46 |      1095.95 |                  4.58 |                    0.73 |    890 |    59.7849 |
|        1 |        149 |          1074.90 |      1073.46 |      1092.70 |                  5.61 |                    0.89 |    891 |    59.8818 |
|        1 |        150 |          1074.90 |      1073.46 |      1091.53 |                  5.30 |                    0.84 |    891 |    59.9745 |
------------------------------------------------------------------------------------------------------------------------------------------------
|  Restart |  Iteration |  Best Feas. Cost |    Best Cost |   Curr. Cost |   Penalty Custom Res. |   Penalty Standard Res. |   Pool |   Time (s) |
------------------------------------------------------------------------------------------------------------------------------------------------
|        1 |        151 |          1074.90 |      1073.46 |      1113.20 |                  4.92 |                    0.78 |    894 |    60.0375 |
|        1 |        152 |          1074.90 |      1073.46 |      1106.45 |                  3.81 |                    0.61 |    898 |    60.1199 |
|        1 |        153 |          1074.90 |      1073.46 |      1104.32 |                 10.11 |                    1.60 |    898 |    60.1928 |
|        1 |        154 |          1074.90 |      1073.46 |      1097.20 |                  4.55 |                    0.72 |    902 |    60.3260 |
|        1 |        155 |          1074.90 |      1073.46 |      1101.80 |                  6.42 |                    1.02 |    902 |    60.4046 |
|        1 |        156 |          1074.90 |      1073.46 |      1098.70 |                  4.72 |                    0.75 |    905 |    60.5166 |
|        1 |        157 |          1074.90 |      1073.46 |      1098.70 |                  3.73 |                    0.59 |    905 |    60.5992 |
|        1 |        158 |          1074.90 |      1073.46 |      1087.67 |                  5.31 |                    0.84 |    905 |    60.7125 |
|        1 |        159 |          1074.90 |      1073.46 |      1090.52 |                  5.34 |                    0.85 |    905 |    60.7977 |
|        1 |        160 |          1074.90 |      1073.46 |      1106.30 |                  4.85 |                    0.77 |    905 |    60.8812 |
|        1 |        161 |          1074.90 |      1073.46 |      1089.17 |                  5.39 |                    0.86 |    905 |    60.9555 |
|        1 |        162 |          1074.90 |      1073.46 |      1096.10 |                  2.22 |                    0.35 |    905 |    61.0500 |
|        1 |        163 |          1074.90 |      1073.46 |      1083.95 |                  4.40 |                    0.70 |    905 |    61.1242 |
|        1 |        164 |          1074.90 |      1073.46 |      1100.20 |                  2.63 |                    0.42 |    907 |    61.2207 |
|        1 |        165 |          1074.90 |      1073.46 |      1100.20 |                  3.83 |                    0.61 |    907 |    61.2854 |
|        1 |        166 |          1074.90 |      1073.46 |      1095.50 |                  3.33 |                    0.53 |    908 |    61.4043 |
|        1 |        167 |          1074.90 |      1073.46 |      1108.66 |                  7.31 |                    1.16 |    911 |    61.4775 |
|        1 |        168 |          1074.90 |      1073.46 |      1097.00 |                  2.42 |                    0.38 |    911 |    61.5702 |
|        1 |        169 |          1074.90 |      1073.46 |      1088.20 |                  7.00 |                    1.11 |    911 |    61.6770 |
|        1 |        170 |          1074.90 |      1073.46 |      1096.30 |                  3.23 |                    0.51 |    913 |    61.7333 |
|        1 |        171 |          1074.90 |      1073.46 |      1099.80 |                  2.05 |                    0.33 |    913 |    61.7899 |
|        1 |        172 |          1074.90 |      1073.46 |      1094.50 |                  2.89 |                    0.46 |    913 |    61.8684 |
|        1 |        173 |          1074.90 |      1073.46 |      1090.51 |                  2.53 |                    0.40 |    915 |    61.9560 |
|        1 |        174 |          1074.90 |      1073.46 |      1091.79 |                  4.67 |                    0.74 |    915 |    62.0189 |
|        1 |        175 |          1074.90 |      1073.46 |      1087.40 |                  3.59 |                    0.57 |    915 |    62.0898 |
|        1 |        176 |          1074.90 |      1073.46 |      1080.80 |                  3.71 |                    0.59 |    917 |    62.1860 |
|        1 |        177 |          1074.90 |      1073.46 |      1091.39 |                  2.90 |                    0.46 |    918 |    62.2881 |
|        1 |        178 |          1074.90 |      1073.46 |      1089.10 |                  3.92 |                    0.62 |    919 |    62.4091 |
|        1 |        179 |          1074.90 |      1073.46 |      1085.70 |                  4.30 |                    0.68 |    920 |    62.4985 |
|        1 |        180 |          1074.90 |      1073.46 |      1085.70 |                  2.87 |                    0.46 |    920 |    62.5830 |
|        1 |        181 |          1074.90 |      1073.46 |      1093.67 |                  3.15 |                    0.50 |    921 |    62.6886 |
|        1 |        182 |          1074.90 |      1073.46 |      1093.78 |                  3.46 |                    0.55 |    921 |    62.7700 |
|        1 |        183 |          1074.90 |      1073.46 |      1113.71 |                  3.64 |                    0.58 |    925 |    62.9371 |
|        1 |        184 |          1074.90 |      1073.46 |      1105.05 |                  3.11 |                    0.49 |    928 |    63.0101 |
|        1 |        185 |          1074.90 |      1073.46 |      1104.04 |                  5.26 |                    0.84 |    928 |    63.0906 |
|        1 |        186 |          1074.90 |      1073.46 |      1100.00 |                  2.25 |                    0.36 |    929 |    63.2057 |
|        1 |        187 |          1074.90 |      1073.46 |      1098.23 |                  3.55 |                    0.56 |    929 |    63.2737 |
|        1 |        188 |          1074.90 |      1073.46 |      1100.00 |                  3.61 |                    0.57 |    929 |    63.3490 |
|        1 |        189 |          1074.90 |      1073.46 |      1097.60 |                  9.28 |                    1.47 |    929 |    63.4298 |
|        1 |        190 |          1074.90 |      1073.46 |      1092.90 |                  3.45 |                    0.55 |    932 |    63.5708 |
|        1 |        191 |          1074.90 |      1073.46 |      1090.55 |                  2.81 |                    0.45 |    933 |    63.6565 |
|        1 |        192 |          1074.90 |      1073.46 |      1080.35 |                  3.12 |                    0.49 |    933 |    63.7594 |
|        1 |        193 |          1074.90 |      1073.46 |      1080.18 |                  2.44 |                    0.39 |    933 |    63.8315 |
|        1 |        194 |          1074.90 |      1073.46 |      1082.08 |                  5.04 |                    0.80 |    934 |    63.8800 |
|        1 |        195 |          1074.90 |      1073.46 |      1101.20 |                  4.96 |                    0.79 |    934 |    63.9705 |
|        1 |        196 |          1074.90 |      1073.46 |      1100.87 |                  3.18 |                    0.51 |    934 |    64.0427 |
|        1 |        197 |          1074.90 |      1073.46 |      1088.43 |                  5.22 |                    0.83 |    934 |    64.1099 |
|        1 |        198 |          1074.90 |      1073.46 |      1118.50 |                  4.36 |                    0.69 |    936 |    64.2446 |
|        1 |        199 |          1074.90 |      1073.46 |      1118.50 |                  2.29 |                    0.36 |    936 |    64.3221 |
|        1 |        200 |          1074.90 |      1073.46 |      1113.20 |                  3.61 |                    0.56 |    940 |    64.5279 |
|        1 |        201 |          1074.90 |      1073.46 |      1108.63 |                  3.61 |                    0.56 |    942 |    64.6553 |
|        1 |        202 |          1074.90 |      1073.46 |      1096.90 |                  2.47 |                    0.39 |    945 |    64.7854 |
|        1 |        203 |          1074.90 |      1073.46 |      1097.53 |                  2.72 |                    0.42 |    946 |    64.8463 |
|        1 |        204 |          1074.90 |      1073.46 |      1094.90 |                  3.15 |                    0.49 |    946 |    64.9114 |
|        1 |        205 |          1074.90 |      1073.46 |      1094.90 |                  2.56 |                    0.40 |    946 |    65.0071 |
|        1 |        206 |          1074.90 |      1073.46 |      1094.90 |                  2.68 |                    0.42 |    946 |    65.0792 |
|        1 |        207 |          1074.90 |      1073.46 |      1101.10 |                  2.30 |                    0.36 |    946 |    65.1540 |
|        1 |        208 |          1074.90 |      1073.46 |      1128.85 |                  7.16 |                    1.11 |    953 |    65.3400 |
|        1 |        209 |          1074.90 |      1073.46 |      1120.23 |                  6.73 |                    1.05 |    958 |    65.5079 |
|        1 |        210 |          1074.90 |      1073.46 |      1093.22 |                  4.97 |                    0.77 |    959 |    65.7083 |
|        1 |        211 |          1074.90 |      1073.46 |      1092.50 |                  2.92 |                    0.45 |    959 |    65.7836 |
|        1 |        212 |          1074.90 |      1073.46 |      1091.23 |                  3.54 |                    0.55 |    960 |    65.8568 |
|        1 |        213 |          1074.90 |      1073.46 |      1114.50 |                  5.25 |                    0.82 |    961 |    65.9724 |
|        1 |        214 |          1074.90 |      1073.46 |      1102.00 |                  4.14 |                    0.64 |    961 |    66.0741 |
|        1 |        215 |          1074.90 |      1073.46 |      1119.90 |                  3.39 |                    0.53 |    962 |    66.2586 |
|        1 |        216 |          1074.90 |      1073.46 |      1129.20 |                  4.59 |                    0.71 |    963 |    66.3403 |
|        1 |        217 |          1074.90 |      1073.46 |      1126.80 |                  3.45 |                    0.54 |    965 |    66.4362 |
|        1 |        218 |          1074.90 |      1073.46 |      1134.30 |                  4.28 |                    0.67 |    965 |    66.4981 |
|        1 |        219 |          1074.90 |      1073.46 |      1134.30 |                  2.83 |                    0.44 |    965 |    66.5555 |
|        1 |        220 |          1074.90 |      1073.46 |      1129.56 |                  5.07 |                    0.79 |    967 |    66.6359 |
|        1 |        221 |          1074.90 |      1073.46 |      1122.20 |                  5.41 |                    0.84 |    967 |    66.7207 |
|        1 |        222 |          1074.90 |      1073.32 |      1073.32 |                  3.27 |                    0.51 |    968 |    66.9376 |
|        1 |        223 |          1074.90 |      1073.32 |      1073.53 |                  2.86 |                    0.45 |    968 |    66.9867 |
|        1 |        224 |          1074.90 |      1072.87 |      1072.87 |                  5.40 |                    0.84 |    968 |    67.0563 |
|        1 |        225 |          1074.90 |      1072.87 |      1080.25 |                  5.48 |                    0.85 |    968 |    67.1455 |
|        1 |        226 |          1074.90 |      1072.87 |      1080.60 |                  3.92 |                    0.61 |    969 |    67.2020 |
|        1 |        227 |          1074.90 |      1072.87 |      1079.20 |                  5.36 |                    0.83 |    969 |    67.3451 |
|        1 |        228 |          1074.90 |      1072.87 |      1079.14 |                  3.08 |                    0.48 |    969 |    67.4134 |
|        1 |        229 |          1074.90 |      1072.87 |      1076.24 |                  5.21 |                    0.81 |    969 |    67.4624 |
|        1 |        230 |          1074.90 |      1072.87 |      1079.20 |                  3.14 |                    0.49 |    969 |    67.5385 |
|        1 |        231 |          1074.90 |      1072.87 |      1097.64 |                  4.53 |                    0.71 |    969 |    67.5980 |
|        1 |        232 |          1074.90 |      1072.87 |      1103.28 |                  3.42 |                    0.53 |    970 |    67.7545 |
|        1 |        233 |          1074.90 |      1072.87 |      1098.16 |                  4.55 |                    0.71 |    970 |    67.8236 |
|        1 |        234 |          1074.90 |      1072.87 |      1101.03 |                  4.77 |                    0.74 |    970 |    67.8952 |
|        1 |        235 |          1074.90 |      1072.87 |      1112.01 |                  6.45 |                    1.00 |    971 |    68.0011 |
|        1 |        236 |          1074.90 |      1072.87 |      1103.89 |                  5.02 |                    0.78 |    972 |    68.1784 |
|        1 |        237 |          1074.90 |      1072.87 |      1092.33 |                  5.75 |                    0.89 |    973 |    68.3976 |
|        1 |        238 |          1074.90 |      1072.87 |      1093.74 |                  5.37 |                    0.84 |    973 |    68.4926 |
|        1 |        239 |          1074.90 |      1072.87 |      1108.52 |                  4.00 |                    0.62 |    973 |    68.5818 |
|        1 |        240 |          1074.90 |      1072.87 |      1090.07 |                  5.93 |                    0.92 |    973 |    68.6692 |
|        1 |        241 |          1074.90 |      1072.87 |      1109.25 |                  3.10 |                    0.48 |    976 |    68.7856 |
|        1 |        242 |          1074.90 |      1072.87 |      1119.95 |                  3.02 |                    0.47 |    978 |    68.8694 |
|        1 |        243 |          1074.90 |      1072.87 |      1118.84 |                  4.81 |                    0.75 |    978 |    68.9522 |
|        1 |        244 |          1074.90 |      1072.87 |      1121.42 |                  5.45 |                    0.85 |    978 |    69.0255 |
|        1 |        245 |          1074.90 |      1072.87 |      1099.10 |                  3.19 |                    0.50 |    978 |    69.2418 |
|        1 |        246 |          1074.90 |      1072.87 |      1096.26 |                  6.09 |                    0.95 |    978 |    69.2943 |
|        1 |        247 |          1074.90 |      1072.87 |      1105.10 |                  5.22 |                    0.81 |    979 |    69.3585 |
|        1 |        248 |          1074.90 |      1072.87 |      1111.30 |                  3.69 |                    0.57 |    979 |    69.4621 |
|        1 |        249 |          1074.90 |      1072.87 |      1104.77 |                  3.06 |                    0.48 |    981 |    69.5853 |
|        1 |        250 |          1074.90 |      1072.87 |      1102.85 |                  4.10 |                    0.64 |    981 |    69.6933 |
|        1 |        251 |          1074.90 |      1072.87 |      1097.40 |                  3.13 |                    0.49 |    981 |    70.0104 |
|        1 |        252 |          1074.90 |      1072.87 |      1077.95 |                  6.38 |                    0.99 |    981 |    70.1372 |
|        1 |        253 |          1074.90 |      1072.87 |      1097.89 |                  4.43 |                    0.69 |    982 |    70.2109 |
|        1 |        254 |          1074.90 |      1072.87 |      1087.91 |                  3.28 |                    0.51 |    982 |    70.3574 |
|        1 |        255 |          1074.90 |      1072.87 |      1086.94 |                  4.32 |                    0.67 |    982 |    70.4508 |
|        1 |        256 |          1074.90 |      1072.87 |      1087.97 |                  4.34 |                    0.68 |    982 |    70.5427 |
|        1 |        257 |          1074.90 |      1072.87 |      1087.59 |                  4.06 |                    0.63 |    982 |    70.6404 |
|        1 |        258 |          1074.90 |      1072.87 |      1086.00 |                  2.73 |                    0.43 |    982 |    70.7361 |
|        1 |        259 |          1074.90 |      1072.87 |      1080.95 |                  4.86 |                    0.76 |    982 |    70.7978 |
|        1 |        260 |          1074.90 |      1072.87 |      1087.28 |                  2.98 |                    0.46 |    982 |    70.9218 |
|        1 |        261 |          1074.90 |      1072.87 |      1082.73 |                  5.20 |                    0.81 |    982 |    71.0051 |
|        1 |        262 |          1074.90 |      1072.87 |      1097.96 |                  5.16 |                    0.80 |    985 |    71.1139 |
|        1 |        263 |          1074.90 |      1072.87 |      1109.61 |                  3.92 |                    0.61 |    986 |    71.1894 |
|        1 |        264 |          1074.90 |      1072.87 |      1107.64 |                  4.10 |                    0.64 |    986 |    71.2773 |
|        1 |        265 |          1074.90 |      1072.87 |      1097.68 |                  3.47 |                    0.54 |    986 |    71.3604 |
|        1 |        266 |          1074.90 |      1072.87 |      1096.53 |                  4.96 |                    0.77 |    987 |    71.4287 |
|        1 |        267 |          1074.90 |      1072.87 |      1099.08 |                  2.63 |                    0.41 |    987 |    71.5044 |
|        1 |        268 |          1074.90 |      1072.87 |      1100.62 |                  3.93 |                    0.61 |    989 |    71.5946 |
|        1 |        269 |          1074.90 |      1072.87 |      1109.60 |                  4.82 |                    0.75 |    992 |    71.6828 |
|        1 |        270 |          1074.90 |      1072.87 |      1105.16 |                  5.91 |                    0.92 |    995 |    71.7890 |
|        1 |        271 |          1074.90 |      1072.87 |      1106.00 |                  2.75 |                    0.43 |    999 |    71.8638 |
|        1 |        272 |          1074.90 |      1072.87 |      1097.57 |                  4.20 |                    0.65 |   1001 |    71.9491 |
|        1 |        273 |          1074.90 |      1072.87 |      1103.98 |                  5.42 |                    0.84 |   1001 |    72.0211 |
|        1 |        274 |          1074.90 |      1072.87 |      1104.30 |                  5.08 |                    0.79 |   1001 |    72.1114 |
|        1 |        275 |          1074.90 |      1072.87 |      1116.50 |                  4.01 |                    0.62 |   1002 |    72.2107 |
|        1 |        276 |          1074.90 |      1072.87 |      1120.20 |                  3.40 |                    0.53 |   1003 |    72.2752 |
|        1 |        277 |          1074.90 |      1072.87 |      1107.68 |                  2.91 |                    0.45 |   1004 |    72.3628 |
|        1 |        278 |          1074.90 |      1072.87 |      1104.63 |                  3.99 |                    0.62 |   1005 |    72.4488 |
|        1 |        279 |          1074.90 |      1072.87 |      1118.50 |                  3.48 |                    0.54 |   1007 |    72.5373 |
|        1 |        280 |          1074.90 |      1072.87 |      1106.88 |                  8.27 |                    1.29 |   1010 |    72.6120 |
|        1 |        281 |          1074.90 |      1072.87 |      1097.10 |                  3.30 |                    0.49 |   1013 |    72.9062 |
|        1 |        282 |          1074.90 |      1072.87 |      1097.10 |                  3.22 |                    0.48 |   1013 |    72.9890 |
|        1 |        283 |          1074.90 |      1072.87 |      1095.80 |                  4.20 |                    0.63 |   1018 |    73.0500 |
|        1 |        284 |          1074.90 |      1072.87 |      1095.80 |                  3.52 |                    0.53 |   1018 |    73.1302 |
|        1 |        285 |          1074.90 |      1072.87 |      1127.10 |                  4.12 |                    0.62 |   1021 |    73.3400 |
|        1 |        286 |          1074.90 |      1072.87 |      1127.10 |                  3.56 |                    0.53 |   1021 |    73.4150 |
|        1 |        287 |          1074.90 |      1072.87 |      1098.00 |                  2.23 |                    0.33 |   1023 |    73.5210 |
|        1 |        288 |          1074.90 |      1072.87 |      1093.70 |                  1.97 |                    0.29 |   1024 |    73.6008 |
|        1 |        289 |          1074.90 |      1072.87 |      1091.60 |                  2.92 |                    0.43 |   1024 |    73.7000 |
|        1 |        290 |          1074.90 |      1072.87 |      1100.90 |                  3.93 |                    0.58 |   1026 |    73.7508 |
|        1 |        291 |          1074.90 |      1072.87 |      1110.00 |                  2.48 |                    0.29 |   1030 |    73.8761 |
|        1 |        292 |          1074.90 |      1072.87 |      1109.54 |                  2.98 |                    0.34 |   1031 |    73.9780 |
|        1 |        293 |          1074.90 |      1072.87 |      1099.33 |                  4.11 |                    0.46 |   1031 |    74.1044 |
|        1 |        294 |          1074.90 |      1072.87 |      1098.90 |                  3.68 |                    0.41 |   1033 |    74.2755 |
|        1 |        295 |          1074.90 |      1072.87 |      1098.90 |                  4.21 |                    0.47 |   1033 |    74.3658 |
|        1 |        296 |          1074.90 |      1072.87 |      1098.90 |                  3.04 |                    0.34 |   1033 |    74.4281 |
|        1 |        297 |          1074.90 |      1072.87 |      1100.53 |                  3.80 |                    0.42 |   1035 |    74.5535 |
|        1 |        298 |          1074.90 |      1072.87 |      1113.65 |                  2.97 |                    0.33 |   1035 |    74.6496 |
|        1 |        299 |          1074.90 |      1072.87 |      1104.20 |                  2.93 |                    0.33 |   1037 |    74.8096 |
|        1 |        300 |          1074.90 |      1072.87 |      1103.66 |                  4.53 |                    0.50 |   1037 |    74.8877 |
|        1 |        301 |          1074.90 |      1072.87 |      1099.50 |                  3.08 |                    0.34 |   1040 |    74.9920 |
|        1 |        302 |          1074.90 |      1072.87 |      1097.42 |                  3.92 |                    0.43 |   1042 |    75.1045 |
|        1 |        303 |          1074.90 |      1072.87 |      1109.40 |                  2.64 |                    0.29 |   1047 |    75.1844 |
|        1 |        304 |          1074.90 |      1072.87 |      1095.94 |                  4.78 |                    0.53 |   1047 |    75.2842 |
|        1 |        305 |          1074.90 |      1072.87 |      1095.10 |                  5.31 |                    0.59 |   1048 |    75.3468 |
|        1 |        306 |          1074.90 |      1072.87 |      1095.30 |                  5.23 |                    0.58 |   1049 |    75.4369 |
|        1 |        307 |          1074.90 |      1072.87 |      1099.10 |                  2.22 |                    0.25 |   1051 |    75.5297 |
|        1 |        308 |          1074.90 |      1072.87 |      1088.04 |                  8.68 |                    0.96 |   1053 |    75.6448 |
|        1 |        309 |          1074.90 |      1072.87 |      1086.00 |                  3.51 |                    0.39 |   1053 |    75.7413 |
|        1 |        310 |          1074.90 |      1072.87 |      1089.96 |                  3.42 |                    0.38 |   1053 |    75.8168 |
|        1 |        311 |          1074.90 |      1072.87 |      1119.50 |                  5.71 |                    0.63 |   1058 |    75.9226 |
|        1 |        312 |          1074.90 |      1072.87 |      1122.90 |                  2.76 |                    0.31 |   1060 |    76.0251 |
|        1 |        313 |          1074.90 |      1072.87 |      1125.96 |                  6.50 |                    0.72 |   1063 |    76.0966 |
|        1 |        314 |          1074.90 |      1072.87 |      1127.30 |                  3.99 |                    0.44 |   1065 |    76.2126 |
|        1 |        315 |          1074.90 |      1072.87 |      1126.50 |                  3.49 |                    0.39 |   1067 |    76.2904 |
|        1 |        316 |          1074.90 |      1072.87 |      1116.74 |                  3.37 |                    0.37 |   1068 |    76.3607 |
|        1 |        317 |          1074.90 |      1072.87 |      1100.52 |                  3.35 |                    0.37 |   1068 |    76.4468 |
|        1 |        318 |          1074.90 |      1072.87 |      1090.63 |                  3.13 |                    0.35 |   1069 |    76.5931 |
|        1 |        319 |          1074.90 |      1072.87 |      1114.31 |                  6.21 |                    0.69 |   1071 |    76.6470 |
|        1 |        320 |          1074.90 |      1072.87 |      1103.20 |                  3.86 |                    0.43 |   1074 |    76.7365 |
|        1 |        321 |          1074.90 |      1072.87 |      1115.10 |                  6.92 |                    0.77 |   1075 |    76.8220 |
|        1 |        322 |          1074.90 |      1072.87 |      1111.10 |                  3.48 |                    0.39 |   1080 |    76.9342 |
|        1 |        323 |          1074.90 |      1072.87 |      1113.40 |                  3.10 |                    0.34 |   1082 |    77.0936 |
|        1 |        324 |          1074.90 |      1072.87 |      1121.70 |                  2.70 |                    0.30 |   1089 |    77.2008 |
|        1 |        325 |          1074.90 |      1072.87 |      1121.70 |                  3.56 |                    0.39 |   1089 |    77.2674 |
|        1 |        326 |          1074.90 |      1072.87 |      1121.40 |                  5.84 |                    0.65 |   1089 |    77.3379 |
|        1 |        327 |          1074.90 |      1072.87 |      1121.20 |                  2.97 |                    0.33 |   1092 |    77.4078 |
|        1 |        328 |          1074.90 |      1072.87 |      1107.02 |                  2.94 |                    0.33 |   1095 |    77.5434 |
|        1 |        329 |          1074.90 |      1072.87 |      1094.21 |                  3.71 |                    0.41 |   1095 |    77.6735 |
|        1 |        330 |          1074.90 |      1072.87 |      1098.00 |                  3.19 |                    0.35 |   1100 |    77.8487 |
|        1 |        331 |          1074.90 |      1072.87 |      1097.75 |                  3.57 |                    0.40 |   1100 |    77.9482 |
|        1 |        332 |          1074.90 |      1072.87 |      1097.80 |                  4.52 |                    0.50 |   1101 |    78.1524 |
|        1 |        333 |          1074.90 |      1072.87 |      1094.64 |                  3.46 |                    0.38 |   1101 |    78.2404 |
|        1 |        334 |          1074.90 |      1072.87 |      1090.60 |                  2.71 |                    0.30 |   1101 |    78.3382 |
|        1 |        335 |          1074.90 |      1072.87 |      1095.16 |                  3.90 |                    0.43 |   1101 |    78.4301 |
|        1 |        336 |          1074.90 |      1072.87 |      1095.40 |                  3.44 |                    0.38 |   1101 |    78.5243 |
|        1 |        337 |          1074.90 |      1072.87 |      1101.38 |                  3.59 |                    0.40 |   1102 |    78.6424 |
|        1 |        338 |          1074.90 |      1072.87 |      1096.00 |                  4.40 |                    0.49 |   1104 |    78.7348 |
|        1 |        339 |          1074.90 |      1072.87 |      1089.80 |                  3.11 |                    0.35 |   1105 |    78.9897 |
|        1 |        340 |          1074.90 |      1072.87 |      1096.67 |                  4.26 |                    0.47 |   1106 |    79.1981 |
|        1 |        341 |          1074.90 |      1072.87 |      1094.00 |                  5.96 |                    0.66 |   1107 |    79.5390 |
|        1 |        342 |          1074.90 |      1072.87 |      1101.60 |                  3.93 |                    0.44 |   1108 |    79.8758 |
------------------------------------------------------------------------------------------------------------------------------------------------
|  Restart |  Iteration |  Best Feas. Cost |    Best Cost |   Curr. Cost |   Penalty Custom Res. |   Penalty Standard Res. |   Pool |   Time (s) |
------------------------------------------------------------------------------------------------------------------------------------------------
|        1 |        343 |          1074.90 |      1072.87 |      1103.55 |                  5.69 |                    0.63 |   1108 |    80.6339 |
|        1 |        344 |          1074.90 |      1072.87 |      1097.63 |                  5.12 |                    0.57 |   1109 |    80.8088 |
|        1 |        345 |          1074.90 |      1072.87 |      1097.80 |                  3.48 |                    0.39 |   1109 |    80.9692 |
|        1 |        346 |          1074.90 |      1072.87 |      1095.78 |                  3.49 |                    0.39 |   1109 |    81.0736 |
|        1 |        347 |          1074.90 |      1072.87 |      1094.23 |                  6.20 |                    0.69 |   1110 |    81.1964 |
|        1 |        348 |          1074.90 |      1072.87 |      1096.60 |                  3.10 |                    0.34 |   1110 |    81.2916 |
|        1 |        349 |          1074.90 |      1072.87 |      1094.60 |                  3.88 |                    0.43 |   1111 |    81.3778 |
|        1 |        350 |          1074.90 |      1072.87 |      1087.70 |                  3.86 |                    0.43 |   1111 |    81.4640 |
|        1 |        351 |          1074.90 |      1072.87 |      1099.20 |                  2.44 |                    0.27 |   1112 |    81.6133 |
|        1 |        352 |          1074.90 |      1072.87 |      1096.67 |                  4.04 |                    0.45 |   1115 |    81.7525 |
|        1 |        353 |          1074.90 |      1072.87 |      1097.63 |                  2.35 |                    0.26 |   1115 |    81.9532 |
|        1 |        354 |          1074.90 |      1072.87 |      1099.28 |                  7.21 |                    0.80 |   1115 |    82.0886 |
|        1 |        355 |          1074.90 |      1072.87 |      1096.30 |                  6.44 |                    0.71 |   1117 |    82.2927 |
|        1 |        356 |          1074.90 |      1072.87 |      1092.50 |                  3.21 |                    0.34 |   1117 |    82.3791 |
|        1 |        357 |          1074.90 |      1072.87 |      1105.38 |                  8.23 |                    0.88 |   1117 |    82.5097 |
|        1 |        358 |          1074.90 |      1072.87 |      1111.83 |                  4.90 |                    0.52 |   1118 |    82.6319 |
|        1 |        359 |          1074.90 |      1072.87 |      1099.95 |                  3.27 |                    0.35 |   1119 |    82.7270 |
|        1 |        360 |          1074.90 |      1072.87 |      1079.26 |                  4.01 |                    0.43 |   1119 |    82.8230 |
|        1 |        361 |          1074.90 |      1072.87 |      1081.01 |                  8.53 |                    0.91 |   1120 |    82.8813 |
|        1 |        362 |          1074.90 |      1072.87 |      1090.20 |                 11.02 |                    1.17 |   1120 |    82.9522 |
|        1 |        363 |          1074.90 |      1072.87 |      1119.00 |                  6.88 |                    0.73 |   1122 |    83.1137 |
|        1 |        364 |          1074.90 |      1072.87 |      1095.30 |                  6.35 |                    0.68 |   1123 |    83.2800 |
|        1 |        365 |          1074.90 |      1072.87 |      1092.80 |                  3.47 |                    0.37 |   1125 |    83.3725 |
|        1 |        366 |          1074.90 |      1072.87 |      1092.80 |                  3.48 |                    0.37 |   1125 |    83.4388 |
|        1 |        367 |          1074.90 |      1072.87 |      1095.00 |                  2.76 |                    0.29 |   1125 |    83.5117 |
|        1 |        368 |          1074.90 |      1072.87 |      1093.42 |                  3.51 |                    0.37 |   1125 |    83.6178 |
|        1 |        369 |          1074.90 |      1072.87 |      1108.90 |                  4.80 |                    0.51 |   1129 |    83.7367 |
|        1 |        370 |          1074.90 |      1072.87 |      1111.39 |                  4.12 |                    0.44 |   1132 |    83.9040 |
|        1 |        371 |          1074.90 |      1072.87 |      1105.80 |                  3.46 |                    0.37 |   1133 |    83.9770 |
|        1 |        372 |          1074.90 |      1072.87 |      1108.69 |                  2.93 |                    0.31 |   1133 |    84.0880 |
|        1 |        373 |          1074.90 |      1072.87 |      1120.70 |                  3.52 |                    0.38 |   1134 |    84.1683 |
|        1 |        374 |          1074.90 |      1072.87 |      1117.40 |                  5.82 |                    0.62 |   1136 |    84.2961 |
|        1 |        375 |          1074.90 |      1072.87 |      1117.40 |                  3.61 |                    0.38 |   1136 |    84.4144 |
|        1 |        376 |          1074.90 |      1072.87 |      1103.88 |                  4.30 |                    0.46 |   1136 |    84.4933 |
|        1 |        377 |          1074.90 |      1072.87 |      1111.80 |                  2.87 |                    0.31 |   1138 |    84.5654 |
|        1 |        378 |          1074.90 |      1072.87 |      1101.70 |                  4.62 |                    0.49 |   1139 |    84.6452 |
|        1 |        379 |          1074.90 |      1072.87 |      1096.40 |                  3.47 |                    0.37 |   1139 |    84.7378 |
|        1 |        380 |          1074.90 |      1072.87 |      1106.20 |                  3.42 |                    0.36 |   1139 |    84.8203 |
|        1 |        381 |          1074.90 |      1072.87 |      1091.37 |                  5.88 |                    0.63 |   1139 |    84.9283 |
|        1 |        382 |          1074.90 |      1072.87 |      1096.99 |                  3.99 |                    0.42 |   1139 |    85.0612 |
|        1 |        383 |          1074.90 |      1072.87 |      1095.55 |                  3.97 |                    0.42 |   1139 |    85.1379 |
|        1 |        384 |          1074.90 |      1072.87 |      1095.39 |                  6.33 |                    0.67 |   1140 |    85.2065 |
|        1 |        385 |          1074.90 |      1072.87 |      1097.50 |                  4.53 |                    0.48 |   1140 |    85.3017 |
|        1 |        386 |          1074.90 |      1072.87 |      1099.50 |                  5.55 |                    0.59 |   1141 |    85.4045 |
|        1 |        387 |          1074.90 |      1072.87 |      1105.20 |                  2.61 |                    0.28 |   1142 |    85.4842 |
|        1 |        388 |          1074.90 |      1072.87 |      1111.22 |                  3.30 |                    0.35 |   1142 |    85.5570 |
|        1 |        389 |          1074.90 |      1072.87 |      1124.10 |                  5.47 |                    0.58 |   1144 |    85.6332 |
|        1 |        390 |          1074.90 |      1072.87 |      1123.95 |                  3.57 |                    0.38 |   1150 |    85.9679 |
|        1 |        391 |          1074.90 |      1072.87 |      1125.45 |                  5.04 |                    0.54 |   1151 |    86.0857 |
|        1 |        392 |          1074.90 |      1072.87 |      1112.30 |                  5.50 |                    0.59 |   1153 |    86.4288 |
|        1 |        393 |          1074.90 |      1072.87 |      1107.68 |                  4.88 |                    0.52 |   1154 |    86.6213 |
|        1 |        394 |          1074.90 |      1072.87 |      1097.49 |                  3.72 |                    0.40 |   1155 |    86.8304 |
|        1 |        395 |          1074.90 |      1072.87 |      1097.14 |                  3.18 |                    0.34 |   1155 |    86.9623 |
|        1 |        396 |          1074.90 |      1072.87 |      1096.90 |                  3.72 |                    0.40 |   1155 |    87.0542 |
|        1 |        397 |          1074.90 |      1072.87 |      1097.20 |                  3.59 |                    0.38 |   1155 |    87.1665 |
|        1 |        398 |          1074.90 |      1072.87 |      1106.71 |                  3.63 |                    0.39 |   1156 |    87.3495 |
|        1 |        399 |          1074.90 |      1072.87 |      1106.68 |                  3.67 |                    0.39 |   1156 |    87.5160 |
|        1 |        400 |          1074.90 |      1072.87 |      1119.77 |                  3.57 |                    0.38 |   1158 |    87.6543 |
|        1 |        401 |          1074.90 |      1072.87 |      1119.70 |                  3.77 |                    0.40 |   1158 |    87.7963 |
|        1 |        402 |          1074.90 |      1072.87 |      1119.72 |                  3.57 |                    0.38 |   1158 |    87.9105 |
|        1 |        403 |          1074.90 |      1072.87 |      1107.90 |                  3.54 |                    0.38 |   1158 |    88.0335 |
|        1 |        404 |          1074.90 |      1072.87 |      1107.82 |                  4.30 |                    0.46 |   1158 |    88.1451 |
|        1 |        405 |          1074.90 |      1072.87 |      1107.90 |                  2.81 |                    0.30 |   1158 |    88.2379 |
|        1 |        406 |          1074.90 |      1072.87 |      1098.06 |                  2.84 |                    0.30 |   1160 |    88.3867 |
|        1 |        407 |          1074.90 |      1072.87 |      1091.58 |                  3.48 |                    0.36 |   1162 |    88.5238 |
|        1 |        408 |          1074.90 |      1072.87 |      1090.60 |                  5.70 |                    0.58 |   1165 |    88.6046 |
|        1 |        409 |          1074.90 |      1072.87 |      1089.60 |                  2.73 |                    0.28 |   1165 |    88.7075 |
|        1 |        410 |          1074.90 |      1072.87 |      1088.60 |                  4.76 |                    0.49 |   1166 |    88.7760 |
|        1 |        411 |          1074.90 |      1072.87 |      1088.60 |                  2.35 |                    0.24 |   1166 |    88.8448 |
|        1 |        412 |          1074.90 |      1072.87 |      1092.52 |                  3.32 |                    0.34 |   1166 |    88.9351 |
|        1 |        413 |          1074.90 |      1072.87 |      1103.06 |                  3.49 |                    0.36 |   1166 |    89.0707 |
|        1 |        414 |          1074.90 |      1072.87 |      1103.40 |                  3.72 |                    0.38 |   1166 |    89.1633 |
|        1 |        415 |          1074.90 |      1072.87 |      1103.40 |                  3.78 |                    0.39 |   1166 |    89.2345 |
|        1 |        416 |          1074.90 |      1072.87 |      1103.40 |                  4.73 |                    0.48 |   1166 |    89.3304 |
|        1 |        417 |          1074.90 |      1072.87 |      1093.20 |                  6.20 |                    0.63 |   1166 |    89.4490 |
|        1 |        418 |          1074.90 |      1072.87 |      1088.60 |                  2.78 |                    0.28 |   1166 |    89.5204 |
|        1 |        419 |          1074.90 |      1072.87 |      1075.70 |                  3.61 |                    0.37 |   1166 |    89.6395 |
|        1 |        420 |          1074.90 |      1072.87 |      1093.97 |                  1.97 |                    0.20 |   1168 |    89.7347 |
|        1 |        421 |          1074.90 |      1072.87 |      1092.24 |                  3.82 |                    0.39 |   1168 |    89.8275 |
|        1 |        422 |          1074.90 |      1072.87 |      1095.08 |                  4.98 |                    0.51 |   1168 |    89.9065 |
|        1 |        423 |          1074.90 |      1072.87 |      1098.70 |                  2.39 |                    0.24 |   1170 |    89.9894 |
|        1 |        424 |          1074.90 |      1072.87 |      1106.39 |                  3.27 |                    0.33 |   1173 |    90.0584 |
|        1 |        425 |          1074.90 |      1072.87 |      1124.80 |                  3.42 |                    0.35 |   1176 |    90.2681 |
|        1 |        426 |          1074.90 |      1072.87 |      1130.00 |                  3.83 |                    0.39 |   1180 |    90.3968 |
|        1 |        427 |          1074.90 |      1072.87 |      1122.21 |                  6.01 |                    0.61 |   1182 |    90.5358 |
|        1 |        428 |          1074.90 |      1072.87 |      1140.95 |                  5.47 |                    0.56 |   1183 |    90.6054 |
|        1 |        429 |          1074.90 |      1072.87 |      1125.27 |                  4.18 |                    0.43 |   1183 |    90.7468 |
|        1 |        430 |          1074.90 |      1072.87 |      1123.52 |                  5.85 |                    0.60 |   1183 |    90.8042 |
|        1 |        431 |          1074.90 |      1072.87 |      1125.49 |                  6.11 |                    0.63 |   1184 |    90.9027 |
|        1 |        432 |          1074.90 |      1072.87 |      1125.45 |                  6.02 |                    0.62 |   1184 |    90.9736 |
|        1 |        433 |          1074.90 |      1072.87 |      1125.05 |                  4.72 |                    0.48 |   1184 |    91.0382 |
|        1 |        434 |          1074.90 |      1072.87 |      1103.80 |                  3.47 |                    0.35 |   1185 |    91.2934 |
|        1 |        435 |          1074.90 |      1072.87 |      1107.00 |                  3.58 |                    0.37 |   1185 |    91.4364 |
|        1 |        436 |          1074.90 |      1072.87 |      1105.65 |                  1.75 |                    0.18 |   1185 |    91.5471 |
|        1 |        437 |          1074.90 |      1072.87 |      1118.76 |                  4.19 |                    0.43 |   1187 |    91.6217 |
|        1 |        438 |          1074.90 |      1072.87 |      1124.56 |                  3.63 |                    0.37 |   1190 |    91.8321 |
|        1 |        439 |          1074.90 |      1072.87 |      1124.65 |                  3.61 |                    0.37 |   1190 |    91.9187 |
|        1 |        440 |          1074.90 |      1072.87 |      1124.70 |                  3.70 |                    0.38 |   1190 |    91.9988 |
|        1 |        441 |          1074.90 |      1072.87 |      1101.70 |                  4.03 |                    0.41 |   1192 |    92.1853 |
|        1 |        442 |          1074.90 |      1072.87 |      1097.72 |                  5.53 |                    0.57 |   1192 |    92.2657 |
|        1 |        443 |          1074.90 |      1072.87 |      1108.52 |                  6.00 |                    0.61 |   1194 |    92.3776 |
|        1 |        444 |          1074.90 |      1072.87 |      1105.20 |                  5.15 |                    0.53 |   1198 |    92.5638 |
|        1 |        445 |          1074.90 |      1072.87 |      1105.20 |                  3.92 |                    0.40 |   1198 |    92.6341 |
|        1 |        446 |          1074.90 |      1072.87 |      1104.60 |                  7.61 |                    0.78 |   1200 |    92.7194 |
|        1 |        447 |          1074.90 |      1072.87 |      1113.75 |                  3.33 |                    0.34 |   1201 |    92.8383 |
|        1 |        448 |          1074.90 |      1072.87 |      1109.10 |                  4.28 |                    0.44 |   1203 |    92.9450 |
|        1 |        449 |          1074.90 |      1072.87 |      1109.10 |                  5.99 |                    0.61 |   1203 |    93.0225 |
|        1 |        450 |          1074.90 |      1072.87 |      1109.80 |                  4.45 |                    0.46 |   1205 |    93.1396 |
|        1 |        451 |          1074.90 |      1072.87 |      1109.10 |                  3.31 |                    0.34 |   1205 |    93.2322 |
|        1 |        452 |          1074.90 |      1072.87 |      1112.70 |                  3.25 |                    0.33 |   1206 |    93.3526 |
|        1 |        453 |          1074.90 |      1072.87 |      1109.34 |                  2.57 |                    0.26 |   1206 |    93.4203 |
|        1 |        454 |          1074.90 |      1072.87 |      1108.92 |                  2.86 |                    0.29 |   1206 |    93.4963 |
|        1 |        455 |          1074.90 |      1072.87 |      1109.09 |                  2.38 |                    0.24 |   1206 |    93.5557 |
|        1 |        456 |          1074.90 |      1072.87 |      1108.94 |                  2.78 |                    0.28 |   1206 |    93.6330 |
|        1 |        457 |          1074.90 |      1072.87 |      1111.28 |                  4.69 |                    0.48 |   1210 |    93.7145 |
|        1 |        458 |          1074.90 |      1072.87 |      1113.10 |                  3.77 |                    0.39 |   1212 |    93.8683 |
|        1 |        459 |          1074.90 |      1072.87 |      1112.80 |                  3.10 |                    0.32 |   1213 |    93.9489 |
|        1 |        460 |          1074.90 |      1072.87 |      1114.75 |                  6.14 |                    0.63 |   1213 |    94.0507 |
|        1 |        461 |          1074.90 |      1072.87 |      1105.33 |                  5.05 |                    0.52 |   1213 |    94.1339 |
|        1 |        462 |          1074.90 |      1072.87 |      1102.03 |                  7.72 |                    0.79 |   1213 |    94.2401 |
|        1 |        463 |          1074.90 |      1072.87 |      1101.40 |                  3.31 |                    0.34 |   1214 |    94.3448 |
|        1 |        464 |          1074.90 |      1072.87 |      1095.81 |                  4.62 |                    0.47 |   1214 |    94.4416 |
|        1 |        465 |          1074.90 |      1072.87 |      1097.30 |                  4.97 |                    0.51 |   1215 |    94.5395 |
|        1 |        466 |          1074.90 |      1072.87 |      1092.40 |                  3.68 |                    0.38 |   1215 |    94.7249 |
|        1 |        467 |          1074.90 |      1072.87 |      1104.44 |                  3.41 |                    0.35 |   1215 |    94.8039 |
|        1 |        468 |          1074.90 |      1072.87 |      1104.48 |                  8.82 |                    0.90 |   1215 |    94.9494 |
|        1 |        469 |          1074.90 |      1072.87 |      1106.90 |                  4.79 |                    0.49 |   1216 |    95.1204 |
|        1 |        470 |          1074.90 |      1072.87 |      1107.30 |                  3.06 |                    0.31 |   1218 |    95.2078 |
|        1 |        471 |          1074.90 |      1072.87 |      1098.80 |                  7.19 |                    0.71 |   1218 |    95.3170 |
|        1 |        472 |          1074.90 |      1072.87 |      1099.10 |                  4.34 |                    0.41 |   1218 |    95.3847 |
|        1 |        473 |          1074.90 |      1072.87 |      1099.10 |                  4.55 |                    0.43 |   1218 |    95.4407 |
|        1 |        474 |          1074.90 |      1072.87 |      1089.80 |                  2.64 |                    0.25 |   1218 |    95.5006 |
|        1 |        475 |          1074.90 |      1072.87 |      1089.77 |                  3.26 |                    0.31 |   1218 |    95.5983 |
|        1 |        476 |          1074.90 |      1072.87 |      1094.00 |                  2.77 |                    0.26 |   1218 |    95.6777 |
|        1 |        477 |          1074.90 |      1072.87 |      1094.00 |                  4.08 |                    0.38 |   1218 |    95.7374 |
|        1 |        478 |          1074.90 |      1072.87 |      1092.89 |                  8.81 |                    0.83 |   1219 |    95.8784 |
|        1 |        479 |          1074.90 |      1072.87 |      1091.40 |                  3.59 |                    0.34 |   1220 |    95.9837 |
|        1 |        480 |          1074.90 |      1072.87 |      1089.60 |                  3.79 |                    0.36 |   1220 |    96.0710 |
|        1 |        481 |          1074.90 |      1072.87 |      1095.72 |                  3.37 |                    0.32 |   1220 |    96.1795 |
|        1 |        482 |          1074.90 |      1072.87 |      1096.00 |                  3.35 |                    0.32 |   1222 |    96.2670 |
|        1 |        483 |          1074.90 |      1072.87 |      1096.00 |                  4.55 |                    0.43 |   1222 |    96.3349 |
|        1 |        484 |          1074.90 |      1072.87 |      1113.40 |                  2.40 |                    0.23 |   1226 |    96.4558 |
|        1 |        485 |          1074.90 |      1072.87 |      1107.81 |                  2.70 |                    0.25 |   1230 |    96.5421 |
|        1 |        486 |          1074.90 |      1072.87 |      1108.24 |                  4.25 |                    0.40 |   1230 |    96.5998 |
|        1 |        487 |          1074.90 |      1072.87 |      1108.80 |                  5.17 |                    0.49 |   1230 |    96.6724 |
|        1 |        488 |          1074.90 |      1072.87 |      1108.80 |                  3.70 |                    0.35 |   1230 |    96.7401 |
|        1 |        489 |          1074.90 |      1072.87 |      1124.50 |                  5.62 |                    0.53 |   1232 |    96.9448 |
|        1 |        490 |          1074.90 |      1072.87 |      1127.30 |                  5.63 |                    0.53 |   1234 |    97.0570 |
|        1 |        491 |          1074.90 |      1072.87 |      1118.11 |                  4.20 |                    0.40 |   1236 |    97.2306 |
|        1 |        492 |          1074.90 |      1072.87 |      1114.46 |                  4.53 |                    0.43 |   1239 |    97.3139 |
|        1 |        493 |          1074.90 |      1072.87 |      1108.59 |                 16.66 |                    1.57 |   1242 |    97.4085 |
|        1 |        494 |          1074.90 |      1072.87 |      1105.60 |                  4.00 |                    0.38 |   1242 |    97.5233 |
|        1 |        495 |          1074.90 |      1072.87 |      1106.83 |                  7.38 |                    0.70 |   1244 |    97.6301 |
|        1 |        496 |          1074.90 |      1072.87 |      1099.65 |                  5.73 |                    0.54 |   1245 |    97.8302 |
|        1 |        497 |          1074.90 |      1072.87 |      1091.32 |                  6.92 |                    0.65 |   1245 |    97.9949 |
|        1 |        498 |          1074.90 |      1072.87 |      1092.30 |                  3.71 |                    0.35 |   1245 |    98.0599 |
|        1 |        499 |          1074.90 |      1072.87 |      1096.91 |                  6.72 |                    0.63 |   1245 |    98.1586 |
|        1 |        500 |          1074.90 |      1072.87 |      1098.30 |                  5.40 |                    0.51 |   1245 |    98.2737 |
------------------------------------------------------------------------------------------------------------------------------------------------
Version identifier: 22.1.2.0 | 2024-11-26 | 0edbb82fd
CPXPARAM_MIP_Tolerances_UpperCutoff              1075.000000000131
Tried aggregator 1 time.
MIP Presolve eliminated 0 rows and 134 columns.
MIP Presolve modified 438 coefficients.
Reduced MIP has 101 rows, 1111 columns, and 9590 nonzeros.
Reduced MIP has 1111 binaries, 0 generals, 0 SOSs, and 0 indicators.
Presolve time = 0.01 sec. (10.82 ticks)
Probing fixed 7 vars, tightened 0 bounds.
Probing time = 0.02 sec. (23.05 ticks)
Tried aggregator 1 time.
Detecting symmetries...
MIP Presolve eliminated 1 rows and 10 columns.
Reduced MIP has 100 rows, 1101 columns, and 9494 nonzeros.
Reduced MIP has 1101 binaries, 0 generals, 0 SOSs, and 0 indicators.
Presolve time = 0.01 sec. (9.10 ticks)
Probing time = 0.01 sec. (7.23 ticks)
Clique table members: 1680.
MIP emphasis: balance optimality and feasibility.
MIP search method: dynamic search.
Parallel mode: deterministic, using up to 8 threads.
Root relaxation solution time = 0.01 sec. (11.01 ticks)

        Nodes                                         Cuts/
   Node  Left     Objective  IInf  Best Integer    Best Bound    ItCnt     Gap

      0     0     1061.7000    45                   1061.7000      352         
      0     0     1065.4311    63                    Cuts: 38      472         
*     0+    0                         1069.5000     1065.4311             0.38%
objective_value(sp) = 1069.5
101.727152 seconds (6.94 M allocations: 346.680 MiB, 0.09% gc time, 3.71% compilation time)
#1: 0 (0.0) {0.19999999999999218} -> 48 (36.0) {28.0} [0.0, 192.0] -> 47 (63.0) {44.4} [0.0, 185.0] -> 36 (68.0) {61.6} [41.0, 71.0] -> 64 (77.0) {93.0} [63.0, 93.0] -> 49 (107.0) {115.7} [98.0, 128.0] -> 19 (124.0) {137.7} [0.0, 187.0] -> 7 (129.0) {158.8} [0.0, 198.0] -> 82 (145.0) {174.6} [0.0, 196.0] -> 18 (157.0) {193.2} [0.0, 204.0] -> 89 (172.0) {211.0} [0.0, 211.0] -> 0 (172.0) {230.0} [0.0, 230.0]
#2: 0 (0.0) {6.199999999999992} -> 60 (3.0) {24.2} [0.0, 201.0] -> 83 (14.0) {38.4} [0.0, 198.0] -> 45 (30.0) {56.4} [29.0, 59.0] -> 46 (31.0) {77.1} [0.0, 184.0] -> 8 (40.0) {96.5} [85.0, 115.0] -> 84 (47.0) {118.5} [91.0, 121.0] -> 5 (73.0) {132.6} [0.0, 199.0] -> 17 (75.0) {152.6} [147.0, 177.0] -> 61 (88.0) {171.8} [0.0, 194.0] -> 85 (129.0) {186.2} [0.0, 196.0] -> 93 (151.0) {199.0} [169.0, 199.0] -> 0 (151.0) {229.2} [0.0, 230.0]
#3: 0 (0.0) {1.6000000000000085} -> 42 (5.0) {27.0} [25.0, 55.0] -> 43 (12.0) {46.0} [0.0, 185.0] -> 14 (32.0) {66.6} [0.0, 187.0] -> 44 (50.0) {82.2} [59.0, 89.0] -> 38 (66.0) {103.0} [73.0, 103.0] -> 86 (101.0) {126.0} [0.0, 184.0] -> 16 (120.0) {142.3} [0.0, 190.0] -> 91 (121.0) {157.3} [0.0, 194.0] -> 100 (138.0) {170.4} [165.0, 195.0] -> 37 (146.0) {183.2} [0.0, 198.0] -> 98 (156.0) {194.6} [0.0, 198.0] -> 0 (156.0) {225.8} [0.0, 230.0]
#4: 0 (0.0) {7.099999999999994} -> 33 (11.0) {31.8} [27.0, 57.0] -> 81 (37.0) {44.6} [0.0, 192.0] -> 65 (57.0) {78.6} [49.0, 79.0] -> 71 (72.0) {98.8} [0.0, 180.0] -> 9 (88.0) {117.0} [87.0, 117.0] -> 35 (96.0) {136.4} [133.0, 163.0] -> 34 (110.0) {156.5} [0.0, 183.0] -> 3 (123.0) {180.6} [0.0, 197.0] -> 77 (137.0) {193.4} [169.0, 199.0] -> 0 (137.0) {223.0} [0.0, 230.0]
#5: 0 (0.0) {23.99999999999999} -> 27 (16.0) {29.0} [27.0, 57.0] -> 69 (22.0) {46.2} [40.0, 70.0] -> 76 (35.0) {69.2} [63.0, 93.0] -> 79 (58.0) {89.2} [82.0, 112.0] -> 78 (61.0) {104.8} [86.0, 116.0] -> 29 (70.0) {125.2} [0.0, 190.0] -> 24 (73.0) {142.2} [0.0, 190.0] -> 68 (109.0) {162.0} [132.0, 162.0] -> 80 (115.0) {174.0} [168.0, 198.0] -> 12 (134.0) {190.3} [0.0, 205.0] -> 28 (150.0) {209.5} [0.0, 213.0] -> 0 (150.0) {225.8} [0.0, 230.0]
#6: 0 (0.0) {13.900000000000002} -> 2 (7.0) {31.9} [0.0, 202.0] -> 57 (14.0) {47.7} [0.0, 196.0] -> 15 (22.0) {64.9} [51.0, 81.0] -> 41 (27.0) {87.0} [87.0, 117.0] -> 22 (45.0) {101.2} [87.0, 117.0] -> 75 (63.0) {115.3} [0.0, 192.0] -> 56 (69.0) {129.4} [120.0, 150.0] -> 4 (88.0) {147.6} [139.0, 169.0] -> 74 (96.0) {169.0} [139.0, 169.0] -> 73 (105.0) {183.4} [0.0, 199.0] -> 58 (123.0) {205.4} [180.0, 210.0] -> 0 (123.0) {224.4} [0.0, 230.0]
#7: 0 (0.0) {6.399999999999999} -> 21 (11.0) {24.4} [0.0, 201.0] -> 72 (36.0) {38.8} [0.0, 197.0] -> 39 (67.0) {62.4} [34.0, 64.0] -> 23 (96.0) {81.0} [58.0, 88.0] -> 67 (121.0) {103.0} [73.0, 103.0] -> 55 (123.0) {131.4} [126.0, 156.0] -> 25 (129.0) {156.0} [156.0, 186.0] -> 54 (147.0) {178.0} [0.0, 197.0] -> 26 (164.0) {200.0} [0.0, 208.0] -> 0 (164.0) {221.1} [0.0, 230.0]
#8: 0 (0.0) {87.2} -> 40 (9.0) {98.3} [75.0, 105.0] -> 53 (23.0) {115.0} [85.0, 115.0] -> 0 (23.0) {129.4} [0.0, 230.0]
#9: 0 (0.0) {8.40000000000001} -> 95 (20.0) {23.2} [0.0, 205.0] -> 92 (22.0) {36.8} [18.0, 48.0] -> 59 (50.0) {49.0} [0.0, 202.0] -> 96 (61.0) {62.1} [0.0, 204.0] -> 99 (70.0) {74.3} [73.0, 103.0] -> 6 (73.0) {90.7} [89.0, 119.0] -> 87 (99.0) {113.0} [83.0, 113.0] -> 97 (111.0) {127.2} [0.0, 202.0] -> 94 (138.0) {143.2} [0.0, 207.0] -> 13 (161.0) {157.6} [149.0, 179.0] -> 0 (161.0) {178.7} [0.0, 230.0]
#10: 0 (0.0) {34.60000000000001} -> 52 (9.0) {45.9} [0.0, 208.0] -> 88 (18.0) {64.9} [64.0, 94.0] -> 30 (39.0) {91.0} [61.0, 91.0] -> 20 (48.0) {108.0} [0.0, 188.0] -> 66 (73.0) {126.9} [117.0, 147.0] -> 51 (83.0) {151.9} [0.0, 193.0] -> 50 (96.0) {173.0} [0.0, 203.0] -> 0 (96.0) {199.9} [0.0, 230.0]
#11: 0 (0.0) {22.399999999999984} -> 31 (27.0) {39.8} [0.0, 202.0] -> 62 (46.0) {59.0} [48.0, 78.0] -> 11 (58.0) {77.0} [57.0, 87.0] -> 63 (68.0) {95.0} [0.0, 185.0] -> 90 (71.0) {109.4} [0.0, 187.0] -> 32 (94.0) {123.8} [0.0, 186.0] -> 10 (110.0) {144.0} [114.0, 144.0] -> 70 (115.0) {168.0} [168.0, 198.0] -> 1 (125.0) {186.0} [0.0, 204.0] -> 0 (125.0) {211.2} [0.0, 230.0]

Dist: 1069.5. Cost: 1069.5

Clique cuts applied:  26
Zero-half cuts applied:  10
Gomory fractional cuts applied:  6

Root node processing (before b&c):
  Real time             =    0.11 sec. (118.86 ticks)
Parallel b&c, 8 threads:
  Real time             =    0.00 sec. (0.00 ticks)
  Sync time (average)   =    0.00 sec.
  Wait time (average)   =    0.00 sec.
                          ------------
Total (root+branch&cut) =    0.11 sec. (118.86 ticks)
