Solving...
------------------------------------------------------------------------------------------------------------------------------------------------
|  Restart |  Iteration |  Best Feas. Cost |    Best Cost |   Curr. Cost |   Penalty Custom Res. |   Penalty Standard Res. |   Pool |   Time (s) |
------------------------------------------------------------------------------------------------------------------------------------------------
|        1 |          1 |              Inf |      1252.29 |      1324.61 |                  8.49 |                    1.43 |     50 |     0.1966 |
|        1 |          0 |          1341.30 |      1252.29 |      1341.30 |                 12.19 |                    0.70 |     64 |     0.7155 |
|        1 |          0 |          1317.20 |      1252.29 |      1317.20 |                  4.13 |                    0.10 |     77 |     0.8925 |
|        1 |          1 |          1317.20 |      1252.29 |      1287.98 |                 14.48 |                    0.24 |     81 |     0.9884 |
|        1 |          0 |          1291.10 |      1252.29 |      1291.10 |                  9.25 |                    0.10 |     88 |     1.1134 |
|        1 |          1 |          1291.10 |      1252.29 |      1285.84 |                 12.21 |                    0.12 |     98 |     1.2940 |
|        1 |          2 |          1291.10 |      1252.29 |      1280.22 |                  7.02 |                    0.10 |    103 |     1.4978 |
|        1 |          3 |          1291.10 |      1252.29 |      1279.26 |                 11.89 |                    0.10 |    103 |     1.5530 |
|        1 |          0 |          1268.70 |      1252.29 |      1268.70 |                  7.92 |                    0.10 |    110 |     1.6377 |
|        1 |          1 |          1268.70 |      1243.90 |      1243.90 |                 18.26 |                    0.10 |    115 |     1.7230 |
|        1 |          0 |          1247.50 |      1243.90 |      1247.50 |                 22.86 |                    0.10 |    122 |     1.7985 |
|        1 |          1 |          1247.50 |      1243.90 |      1259.10 |                  8.25 |                    0.10 |    128 |     1.9336 |
|        1 |          2 |          1247.50 |      1226.06 |      1226.06 |                 19.19 |                    0.10 |    133 |     2.0200 |
|        1 |          3 |          1247.50 |      1226.06 |      1259.63 |                 13.79 |                    0.10 |    140 |     2.1660 |
|        1 |          4 |          1247.50 |      1226.06 |      1257.68 |                 22.86 |                    0.10 |    142 |     2.2358 |
|        1 |          5 |          1247.50 |      1226.06 |      1258.37 |                 15.77 |                    0.10 |    149 |     2.4049 |
|        1 |          6 |          1247.50 |      1226.06 |      1255.44 |                 19.99 |                    0.10 |    155 |     2.5994 |
|        1 |          7 |          1247.50 |      1226.06 |      1232.34 |                 14.65 |                    0.10 |    161 |     2.7598 |
|        1 |          8 |          1247.50 |      1226.06 |      1251.70 |                  6.17 |                    0.10 |    168 |     2.8270 |
|        1 |          9 |          1247.50 |      1226.06 |      1230.57 |                 12.37 |                    0.10 |    169 |     2.8993 |
|        1 |         10 |          1247.50 |      1219.18 |      1219.18 |                 22.65 |                    0.10 |    170 |     2.9712 |
|        1 |         11 |          1247.50 |      1219.18 |      1231.11 |                  9.33 |                    0.10 |    170 |     3.0716 |
|        1 |         12 |          1247.50 |      1219.18 |      1227.02 |                 14.85 |                    0.10 |    172 |     3.1520 |
|        1 |         13 |          1247.50 |      1219.18 |      1227.86 |                 18.14 |                    0.10 |    174 |     3.3120 |
|        1 |         14 |          1247.50 |      1219.18 |      1229.10 |                  9.43 |                    0.10 |    178 |     3.3813 |
|        1 |         15 |          1247.50 |      1217.71 |      1217.71 |                  9.39 |                    0.10 |    178 |     3.4548 |
|        1 |         16 |          1247.50 |      1206.92 |      1206.92 |                 10.94 |                    0.10 |    180 |     3.5678 |
|        1 |         17 |          1247.50 |      1206.92 |      1222.81 |                 10.98 |                    0.10 |    185 |     3.6597 |
|        1 |         18 |          1247.50 |      1206.92 |      1220.08 |                 10.26 |                    0.10 |    185 |     3.7639 |
|        1 |         19 |          1247.50 |      1206.92 |      1212.75 |                 14.92 |                    0.10 |    185 |     3.8414 |
|        1 |         20 |          1247.50 |      1206.92 |      1215.93 |                  8.07 |                    0.10 |    185 |     3.9193 |
|        1 |         21 |          1247.50 |      1206.92 |      1209.05 |                 17.87 |                    0.10 |    185 |     3.9870 |
|        1 |         22 |          1247.50 |      1206.92 |      1221.46 |                 13.18 |                    0.10 |    187 |     4.0518 |
|        1 |         23 |          1247.50 |      1206.92 |      1222.06 |                 21.41 |                    0.10 |    188 |     4.1260 |
|        1 |         24 |          1247.50 |      1206.92 |      1228.69 |                 12.67 |                    0.10 |    188 |     4.1946 |
|        1 |         25 |          1247.50 |      1206.92 |      1257.12 |                 21.41 |                    0.10 |    193 |     4.2695 |
|        1 |         26 |          1247.50 |      1206.92 |      1254.40 |                 15.00 |                    0.10 |    198 |     4.3584 |
|        1 |          0 |          1246.10 |      1206.92 |      1246.10 |                 17.30 |                    0.10 |    205 |     4.6169 |
|        1 |          0 |          1245.20 |      1206.92 |      1245.20 |                  9.14 |                    0.10 |    209 |     4.7314 |
|        1 |          1 |          1245.20 |      1206.92 |      1248.96 |                  9.16 |                    0.10 |    211 |     4.8476 |
|        1 |          2 |          1245.20 |      1206.92 |      1265.54 |                 11.93 |                    0.10 |    215 |     4.9404 |
|        1 |          3 |          1245.20 |      1206.92 |      1273.09 |                  9.91 |                    0.10 |    221 |     5.0210 |
|        1 |          4 |          1245.20 |      1206.92 |      1259.47 |                 23.09 |                    0.10 |    222 |     5.0834 |
|        1 |          5 |          1245.20 |      1206.92 |      1274.00 |                  9.06 |                    0.10 |    225 |     5.1574 |
|        1 |          6 |          1245.20 |      1206.92 |      1274.30 |                  8.49 |                    0.10 |    228 |     5.2342 |
|        1 |          7 |          1245.20 |      1206.92 |      1242.59 |                 17.11 |                    0.15 |    237 |     5.3697 |
|        1 |          8 |          1245.20 |      1206.92 |      1253.20 |                 11.17 |                    0.10 |    238 |     5.4658 |
|        1 |          9 |          1245.20 |      1206.92 |      1251.77 |                 10.25 |                    0.12 |    242 |     5.5509 |
|        1 |         10 |          1245.20 |      1206.92 |      1276.95 |                 13.90 |                    0.10 |    247 |     5.6403 |
|        1 |         11 |          1245.20 |      1206.92 |      1257.63 |                 29.87 |                    0.10 |    256 |     5.7231 |
|        1 |         12 |          1245.20 |      1206.92 |      1266.10 |                 12.07 |                    0.10 |    261 |     5.8069 |
|        1 |         13 |          1245.20 |      1206.92 |      1253.23 |                 20.83 |                    0.10 |    265 |     5.8822 |
|        1 |         14 |          1245.20 |      1206.92 |      1279.60 |                 11.38 |                    0.10 |    268 |     5.9543 |
|        1 |         15 |          1245.20 |      1206.92 |      1244.80 |                  8.77 |                    0.10 |    274 |     6.1045 |
|        1 |         16 |          1245.20 |      1206.92 |      1256.39 |                  6.03 |                    0.10 |    274 |     6.1701 |
|        1 |         17 |          1245.20 |      1206.92 |      1244.56 |                 15.84 |                    0.10 |    274 |     6.2417 |
|        1 |         18 |          1245.20 |      1206.92 |      1270.58 |                 16.26 |                    0.10 |    275 |     6.3053 |
|        1 |         19 |          1245.20 |      1206.92 |      1272.00 |                  8.44 |                    0.10 |    279 |     6.3821 |
|        1 |         20 |          1245.20 |      1206.92 |      1262.21 |                 17.63 |                    0.10 |    280 |     6.4416 |
|        1 |         21 |          1245.20 |      1206.92 |      1289.40 |                  8.02 |                    0.10 |    282 |     6.5475 |
|        1 |         22 |          1245.20 |      1206.92 |      1259.21 |                  9.45 |                    0.10 |    287 |     6.7943 |
|        1 |         23 |          1245.20 |      1206.92 |      1270.67 |                  8.61 |                    0.10 |    289 |     6.8522 |
|        1 |         24 |          1245.20 |      1206.92 |      1278.57 |                 10.36 |                    0.10 |    293 |     6.9236 |
|        1 |         25 |          1245.20 |      1206.92 |      1256.50 |                  7.69 |                    0.10 |    298 |     7.0452 |
|        1 |         26 |          1245.20 |      1206.92 |      1241.78 |                 11.17 |                    0.10 |    300 |     7.1326 |
|        1 |         27 |          1245.20 |      1206.92 |      1238.81 |                 14.49 |                    0.10 |    303 |     7.2834 |
|        1 |         28 |          1245.20 |      1206.92 |      1256.40 |                  9.18 |                    0.10 |    307 |     7.3798 |
|        1 |         29 |          1245.20 |      1206.92 |      1247.30 |                  9.12 |                    0.10 |    311 |     7.4710 |
|        1 |         30 |          1245.20 |      1206.92 |      1245.37 |                  6.58 |                    0.10 |    312 |     7.5578 |
|        1 |          0 |          1242.90 |      1206.92 |      1242.90 |                  5.79 |                    0.10 |    316 |     7.6847 |
|        1 |          1 |          1242.90 |      1206.92 |      1236.59 |                 10.28 |                    0.10 |    319 |     7.7653 |
|        1 |          0 |          1240.40 |      1206.92 |      1240.40 |                  6.33 |                    0.10 |    320 |     7.8489 |
|        1 |          1 |          1240.40 |      1206.92 |      1240.40 |                  7.25 |                    0.10 |    320 |     7.9166 |
|        1 |          0 |          1231.70 |      1206.92 |      1231.70 |                  6.30 |                    0.10 |    322 |     8.0606 |
|        1 |          1 |          1231.70 |      1206.92 |      1231.70 |                  5.04 |                    0.10 |    322 |     8.1185 |
|        1 |          2 |          1231.70 |      1206.92 |      1232.40 |                  8.19 |                    0.10 |    323 |     8.1904 |
|        1 |          3 |          1231.70 |      1206.92 |      1254.50 |                  6.71 |                    0.10 |    326 |     8.3419 |
|        1 |          4 |          1231.70 |      1206.92 |      1235.10 |                  5.61 |                    0.11 |    328 |     8.4656 |
|        1 |          5 |          1231.70 |      1206.92 |      1256.87 |                  8.24 |                    0.10 |    329 |     8.5526 |
|        1 |          6 |          1231.70 |      1206.92 |      1259.67 |                  8.06 |                    0.10 |    332 |     8.7540 |
|        1 |          7 |          1231.70 |      1206.92 |      1261.75 |                 11.04 |                    0.10 |    332 |     8.8206 |
|        1 |          8 |          1231.70 |      1206.92 |      1245.77 |                  8.68 |                    0.10 |    333 |     8.9833 |
|        1 |          9 |          1231.70 |      1206.92 |      1248.59 |                 10.88 |                    0.10 |    334 |     9.0402 |
|        1 |         10 |          1231.70 |      1206.92 |      1240.26 |                  6.99 |                    0.10 |    336 |     9.2344 |
|        1 |         11 |          1231.70 |      1206.92 |      1251.24 |                  7.39 |                    0.10 |    338 |     9.3047 |
|        1 |         12 |          1231.70 |      1206.92 |      1255.70 |                  7.45 |                    0.10 |    342 |     9.4870 |
|        1 |         13 |          1231.70 |      1206.92 |      1240.90 |                 12.33 |                    0.10 |    343 |     9.5736 |
|        1 |         14 |          1231.70 |      1206.92 |      1249.50 |                 17.23 |                    0.10 |    343 |     9.6602 |
|        1 |          0 |          1231.20 |      1206.92 |      1231.20 |                  4.57 |                    0.10 |    347 |     9.7736 |
|        1 |          1 |          1231.20 |      1206.92 |      1231.20 |                  8.79 |                    0.10 |    347 |     9.8502 |
|        1 |          2 |          1231.20 |      1206.92 |      1227.51 |                 10.45 |                    0.10 |    348 |     9.9585 |
|        1 |          3 |          1231.20 |      1206.92 |      1237.58 |                 10.19 |                    0.10 |    348 |    10.0408 |
|        1 |          4 |          1231.20 |      1206.92 |      1241.46 |                  9.64 |                    0.10 |    348 |    10.1280 |
|        1 |          5 |          1231.20 |      1206.92 |      1242.26 |                  7.47 |                    0.10 |    349 |    10.1979 |
|        1 |          6 |          1231.20 |      1206.92 |      1238.61 |                 17.23 |                    0.16 |    349 |    10.2650 |
|        1 |          7 |          1231.20 |      1206.92 |      1240.40 |                 10.19 |                    0.10 |    350 |    10.3390 |
|        1 |          8 |          1231.20 |      1206.92 |      1234.80 |                  8.82 |                    0.10 |    352 |    10.4045 |
|        1 |          0 |          1230.60 |      1206.92 |      1230.60 |                  7.12 |                    0.10 |    352 |    10.4825 |
|        1 |          1 |          1230.60 |      1206.92 |      1220.59 |                  5.91 |                    0.10 |    353 |    10.5672 |
|        1 |          2 |          1230.60 |      1206.92 |      1219.50 |                 12.33 |                    0.10 |    354 |    10.6484 |
|        1 |          3 |          1230.60 |      1206.92 |      1261.24 |                  9.55 |                    0.10 |    356 |    10.7188 |
|        1 |          4 |          1230.60 |      1206.92 |      1249.64 |                 16.15 |                    0.10 |    358 |    10.7930 |
|        1 |          5 |          1230.60 |      1206.92 |      1270.83 |                 15.77 |                    0.10 |    358 |    10.8581 |
|        1 |          6 |          1230.60 |      1206.92 |      1279.30 |                 10.21 |                    0.10 |    361 |    10.9244 |
|        1 |          7 |          1230.60 |      1206.92 |      1256.89 |                 21.29 |                    0.10 |    362 |    11.0050 |
|        1 |          8 |          1230.60 |      1206.92 |      1258.80 |                 17.29 |                    0.18 |    366 |    11.1204 |
|        1 |          9 |          1230.60 |      1206.92 |      1255.90 |                  4.27 |                    0.10 |    368 |    11.2338 |
|        1 |         10 |          1230.60 |      1206.92 |      1250.00 |                  5.80 |                    0.10 |    369 |    11.3216 |
|        1 |         11 |          1230.60 |      1206.92 |      1272.95 |                 16.98 |                    0.10 |    370 |    11.4064 |
|        1 |         12 |          1230.60 |      1206.92 |      1278.23 |                 20.11 |                    0.10 |    370 |    11.5855 |
|        1 |         13 |          1230.60 |      1206.92 |      1274.80 |                  7.43 |                    0.10 |    370 |    11.6855 |
|        1 |         14 |          1230.60 |      1206.92 |      1254.73 |                 10.05 |                    0.10 |    373 |    11.7912 |
|        1 |         15 |          1230.60 |      1206.92 |      1272.78 |                 11.28 |                    0.10 |    375 |    11.8582 |
|        1 |         16 |          1230.60 |      1206.92 |      1255.69 |                 14.61 |                    0.10 |    377 |    12.0447 |
|        1 |         17 |          1230.60 |      1206.92 |      1271.50 |                 19.73 |                    0.10 |    381 |    12.1778 |
|        1 |         18 |          1230.60 |      1206.92 |      1270.90 |                 10.27 |                    0.10 |    381 |    12.2246 |
|        1 |         19 |          1230.60 |      1206.92 |      1257.70 |                  9.91 |                    0.10 |    384 |    12.2987 |
|        1 |         20 |          1230.60 |      1206.92 |      1257.70 |                  7.77 |                    0.10 |    384 |    12.3545 |
|        1 |         21 |          1230.60 |      1206.92 |      1256.90 |                 18.83 |                    0.10 |    386 |    12.4309 |
|        1 |         22 |          1230.60 |      1206.92 |      1284.80 |                  8.01 |                    0.10 |    386 |    12.4985 |
|        1 |         23 |          1230.60 |      1206.92 |      1254.24 |                 20.99 |                    0.10 |    387 |    12.6099 |
|        1 |         24 |          1230.60 |      1206.92 |      1274.40 |                  9.43 |                    0.10 |    391 |    12.7689 |
|        1 |         25 |          1230.60 |      1206.92 |      1255.11 |                  4.73 |                    0.10 |    397 |    12.9153 |
|        1 |         26 |          1230.60 |      1206.92 |      1255.35 |                  9.88 |                    0.10 |    398 |    12.9731 |
|        1 |         27 |          1230.60 |      1206.92 |      1266.79 |                 20.60 |                    0.10 |    398 |    13.0574 |
|        1 |         28 |          1230.60 |      1206.92 |      1268.10 |                  8.24 |                    0.10 |    399 |    13.1464 |
|        1 |         29 |          1230.60 |      1206.92 |      1243.08 |                 18.05 |                    0.10 |    400 |    13.2363 |
|        1 |         30 |          1230.60 |      1206.92 |      1268.70 |                  9.57 |                    0.10 |    402 |    13.3013 |
|        1 |         31 |          1230.60 |      1206.92 |      1268.70 |                 11.87 |                    0.10 |    402 |    13.3703 |
|        1 |         32 |          1230.60 |      1206.92 |      1261.20 |                 11.19 |                    0.10 |    409 |    13.5164 |
|        1 |         33 |          1230.60 |      1206.92 |      1262.10 |                 17.57 |                    0.10 |    416 |    13.6566 |
|        1 |         34 |          1230.60 |      1206.92 |      1256.19 |                 15.33 |                    0.10 |    417 |    13.7493 |
|        1 |         35 |          1230.60 |      1206.92 |      1255.58 |                 14.36 |                    0.10 |    418 |    13.8298 |
|        1 |         36 |          1230.60 |      1206.92 |      1251.03 |                 16.74 |                    0.10 |    420 |    13.9294 |
|        1 |         37 |          1230.60 |      1206.92 |      1247.68 |                  7.87 |                    0.10 |    420 |    14.0023 |
|        1 |         38 |          1230.60 |      1206.92 |      1231.28 |                 19.64 |                    0.10 |    422 |    14.0809 |
|        1 |         39 |          1230.60 |      1206.92 |      1247.10 |                 13.76 |                    0.10 |    426 |    14.1776 |
|        1 |         40 |          1230.60 |      1206.92 |      1232.90 |                  5.66 |                    0.10 |    432 |    14.2977 |
|        1 |         41 |          1230.60 |      1206.92 |      1220.92 |                 14.55 |                    0.10 |    432 |    14.3840 |
|        1 |         42 |          1230.60 |      1206.92 |      1244.10 |                  9.04 |                    0.10 |    434 |    14.4643 |
|        1 |         43 |          1230.60 |      1206.92 |      1231.33 |                  7.67 |                    0.10 |    434 |    14.5412 |
|        1 |         44 |          1230.60 |      1206.92 |      1226.57 |                 13.37 |                    0.10 |    434 |    14.6049 |
|        1 |         45 |          1230.60 |      1206.92 |      1243.61 |                 22.41 |                    0.10 |    434 |    14.6576 |
|        1 |         46 |          1230.60 |      1206.92 |      1223.55 |                 19.90 |                    0.10 |    436 |    14.7857 |
|        1 |         47 |          1230.60 |      1206.92 |      1264.00 |                  6.64 |                    0.10 |    437 |    14.8922 |
|        1 |         48 |          1230.60 |      1206.92 |      1257.10 |                  8.84 |                    0.18 |    437 |    14.9588 |
|        1 |         49 |          1230.60 |      1206.92 |      1234.70 |                 19.13 |                    0.10 |    440 |    15.0729 |
|        1 |         50 |          1230.60 |      1206.92 |      1257.10 |                  9.43 |                    0.10 |    440 |    15.1779 |
|        1 |         51 |          1230.60 |      1206.92 |      1232.12 |                 27.89 |                    0.10 |    440 |    15.2586 |
|        1 |         52 |          1230.60 |      1206.92 |      1275.31 |                 20.36 |                    0.10 |    444 |    15.3294 |
|        1 |         53 |          1230.60 |      1206.92 |      1255.00 |                 12.64 |                    0.10 |    446 |    15.4307 |
|        1 |         54 |          1230.60 |      1206.92 |      1243.60 |                  8.69 |                    0.10 |    448 |    15.5103 |
|        1 |         55 |          1230.60 |      1206.92 |      1276.50 |                 10.78 |                    0.10 |    451 |    15.5774 |
|        1 |         56 |          1230.60 |      1206.92 |      1233.14 |                 20.08 |                    0.10 |    451 |    15.6953 |
|        1 |         57 |          1230.60 |      1206.92 |      1253.47 |                 20.21 |                    0.10 |    451 |    15.7530 |
|        1 |         58 |          1230.60 |      1206.92 |      1255.40 |                 12.30 |                    0.10 |    453 |    15.8467 |
|        1 |         59 |          1230.60 |      1206.92 |      1242.47 |                 12.72 |                    0.10 |    456 |    15.9515 |
|        1 |         60 |          1230.60 |      1206.92 |      1253.04 |                 15.01 |                    0.10 |    456 |    16.0161 |
|        1 |         61 |          1230.60 |      1206.92 |      1290.19 |                 30.43 |                    0.10 |    461 |    16.0720 |
|        1 |         62 |          1230.60 |      1206.92 |      1280.20 |                 10.74 |                    0.10 |    468 |    16.2440 |
|        1 |         63 |          1230.60 |      1206.92 |      1270.17 |                 13.19 |                    0.10 |    470 |    16.3216 |
|        1 |         64 |          1230.60 |      1206.92 |      1274.78 |                 12.36 |                    0.10 |    472 |    16.4088 |
|        1 |         65 |          1230.60 |      1206.92 |      1274.17 |                 19.86 |                    0.10 |    473 |    16.4924 |
|        1 |         66 |          1230.60 |      1206.92 |      1270.00 |                  5.32 |                    0.10 |    475 |    16.5942 |
|        1 |         67 |          1230.60 |      1206.92 |      1270.00 |                  9.18 |                    0.10 |    475 |    16.6687 |
|        1 |         68 |          1230.60 |      1206.92 |      1258.45 |                 13.57 |                    0.10 |    475 |    16.8090 |
|        1 |         69 |          1230.60 |      1206.92 |      1272.50 |                 10.96 |                    0.10 |    477 |    16.8697 |
|        1 |         70 |          1230.60 |      1206.92 |      1286.39 |                 28.16 |                    0.10 |    480 |    16.9539 |
|        1 |         71 |          1230.60 |      1206.92 |      1284.50 |                  9.31 |                    0.10 |    482 |    17.0604 |
|        1 |         72 |          1230.60 |      1206.92 |      1284.50 |                 13.54 |                    0.10 |    482 |    17.1430 |
|        1 |         73 |          1230.60 |      1206.92 |      1281.30 |                  7.24 |                    0.10 |    485 |    17.2489 |
|        1 |         74 |          1230.60 |      1206.92 |      1259.15 |                 13.40 |                    0.10 |    487 |    17.3210 |
|        1 |         75 |          1230.60 |      1206.92 |      1271.79 |                 21.78 |                    0.10 |    490 |    17.3802 |
|        1 |         76 |          1230.60 |      1206.92 |      1269.37 |                 21.68 |                    0.10 |    491 |    17.4461 |
|        1 |         77 |          1230.60 |      1206.92 |      1268.23 |                 19.91 |                    0.10 |    491 |    17.5275 |
|        1 |         78 |          1230.60 |      1206.92 |      1263.64 |                 11.22 |                    0.10 |    491 |    17.5810 |
|        1 |         79 |          1230.60 |      1206.92 |      1243.75 |                 25.62 |                    0.10 |    492 |    17.6435 |
|        1 |         80 |          1230.60 |      1206.92 |      1259.49 |                 14.91 |                    0.10 |    495 |    17.8070 |
|        1 |         81 |          1230.60 |      1206.92 |      1279.37 |                 13.98 |                    0.10 |    497 |    17.8782 |
|        1 |         82 |          1230.60 |      1206.92 |      1289.30 |                 16.15 |                    0.10 |    500 |    17.9594 |
|        1 |         83 |          1230.60 |      1206.92 |      1284.43 |                 25.48 |                    0.10 |    502 |    18.0203 |
|        1 |         84 |          1230.60 |      1206.92 |      1304.22 |                 17.20 |                    0.10 |    503 |    18.0637 |
|        1 |         85 |          1230.60 |      1206.92 |      1255.00 |                  8.65 |                    0.10 |    505 |    18.1735 |
|        1 |         86 |          1230.60 |      1206.92 |      1253.05 |                 18.53 |                    0.10 |    512 |    18.2967 |
|        1 |         87 |          1230.60 |      1206.92 |      1256.00 |                  7.71 |                    0.10 |    514 |    18.4062 |
|        1 |         88 |          1230.60 |      1206.92 |      1256.00 |                  9.47 |                    0.13 |    514 |    18.4669 |
|        1 |         89 |          1230.60 |      1206.92 |      1254.64 |                 15.86 |                    0.10 |    516 |    18.5395 |
|        1 |         90 |          1230.60 |      1206.92 |      1276.40 |                 15.87 |                    0.10 |    519 |    18.6753 |
|        1 |         91 |          1230.60 |      1206.92 |      1248.67 |                 13.82 |                    0.10 |    521 |    18.8047 |
|        1 |         92 |          1230.60 |      1206.92 |      1260.68 |                 12.33 |                    0.10 |    521 |    18.8800 |
|        1 |         93 |          1230.60 |      1206.92 |      1254.10 |                  9.43 |                    0.10 |    526 |    19.0174 |
|        1 |         94 |          1230.60 |      1206.92 |      1251.60 |                  8.58 |                    0.10 |    528 |    19.0838 |
|        1 |         95 |          1230.60 |      1206.92 |      1251.60 |                  5.45 |                    0.11 |    528 |    19.1503 |
|        1 |         96 |          1230.60 |      1206.92 |      1259.53 |                 10.93 |                    0.15 |    530 |    19.2117 |
|        1 |         97 |          1230.60 |      1206.92 |      1276.96 |                  9.85 |                    0.10 |    533 |    19.2863 |
|        1 |         98 |          1230.60 |      1206.92 |      1275.11 |                 14.62 |                    0.10 |    533 |    19.3621 |
|        1 |         99 |          1230.60 |      1206.92 |      1284.03 |                 14.41 |                    0.10 |    533 |    19.4317 |
|        1 |        100 |          1230.60 |      1206.92 |      1285.60 |                  6.35 |                    0.10 |    539 |    19.5765 |
|        1 |        101 |          1230.60 |      1206.92 |      1274.09 |                 16.51 |                    0.10 |    541 |    19.6516 |
|        1 |        102 |          1230.60 |      1206.92 |      1300.00 |                  7.02 |                    0.10 |    543 |    19.7259 |
|        1 |        103 |          1230.60 |      1206.92 |      1260.49 |                 18.20 |                    0.10 |    550 |    19.8612 |
------------------------------------------------------------------------------------------------------------------------------------------------
|  Restart |  Iteration |  Best Feas. Cost |    Best Cost |   Curr. Cost |   Penalty Custom Res. |   Penalty Standard Res. |   Pool |   Time (s) |
------------------------------------------------------------------------------------------------------------------------------------------------
|        1 |        104 |          1230.60 |      1206.92 |      1245.82 |                  7.60 |                    0.10 |    554 |    20.0753 |
|        1 |        105 |          1230.60 |      1206.92 |      1241.20 |                 10.08 |                    0.10 |    555 |    20.1871 |
|        1 |        106 |          1230.60 |      1206.92 |      1234.02 |                 18.17 |                    0.10 |    555 |    20.3674 |
|        1 |        107 |          1230.60 |      1206.92 |      1240.80 |                 10.34 |                    0.10 |    555 |    20.4397 |
|        1 |        108 |          1230.60 |      1206.92 |      1236.61 |                 15.98 |                    0.10 |    555 |    20.5143 |
|        1 |        109 |          1230.60 |      1206.92 |      1240.20 |                 16.68 |                    0.20 |    555 |    20.6211 |
|        1 |        110 |          1230.60 |      1206.92 |      1243.90 |                 10.68 |                    0.10 |    556 |    20.7155 |
|        1 |        111 |          1230.60 |      1206.92 |      1243.90 |                 13.92 |                    0.10 |    556 |    20.8029 |
|        1 |        112 |          1230.60 |      1206.92 |      1241.30 |                 11.57 |                    0.10 |    556 |    20.8825 |
|        1 |        113 |          1230.60 |      1206.92 |      1243.60 |                  6.50 |                    0.10 |    559 |    21.0630 |
|        1 |        114 |          1230.60 |      1206.92 |      1231.79 |                 11.91 |                    0.10 |    559 |    21.1519 |
|        1 |        115 |          1230.60 |      1206.92 |      1239.40 |                 10.29 |                    0.14 |    559 |    21.2388 |
|        1 |        116 |          1230.60 |      1206.92 |      1239.40 |                  8.47 |                    0.10 |    559 |    21.3093 |
|        1 |        117 |          1230.60 |      1206.92 |      1239.40 |                  8.60 |                    0.10 |    559 |    21.3790 |
|        1 |        118 |          1230.60 |      1206.92 |      1232.42 |                 16.21 |                    0.10 |    559 |    21.4766 |
|        1 |        119 |          1230.60 |      1206.92 |      1270.87 |                 13.87 |                    0.10 |    561 |    21.5656 |
|        1 |        120 |          1230.60 |      1206.92 |      1272.98 |                 14.66 |                    0.10 |    561 |    21.6381 |
|        1 |        121 |          1230.60 |      1206.92 |      1272.16 |                 21.14 |                    0.10 |    561 |    21.7066 |
|        1 |        122 |          1230.60 |      1206.92 |      1239.70 |                  8.29 |                    0.10 |    564 |    21.8519 |
|        1 |        123 |          1230.60 |      1206.92 |      1237.00 |                  6.05 |                    0.12 |    565 |    21.9429 |
|        1 |        124 |          1230.60 |      1206.92 |      1237.00 |                  7.21 |                    0.10 |    565 |    22.0119 |
|        1 |          0 |          1229.60 |      1206.92 |      1229.60 |                  8.57 |                    0.16 |    567 |    22.1137 |
|        1 |          1 |          1229.60 |      1206.92 |      1238.83 |                 10.74 |                    0.10 |    567 |    22.3200 |
|        1 |          2 |          1229.60 |      1206.92 |      1245.80 |                 15.62 |                    0.10 |    568 |    22.4024 |
|        1 |          3 |          1229.60 |      1206.92 |      1246.40 |                 14.78 |                    0.10 |    568 |    22.4719 |
|        1 |          4 |          1229.60 |      1206.92 |      1256.20 |                 12.39 |                    0.10 |    572 |    22.5669 |
|        1 |          5 |          1229.60 |      1206.92 |      1255.98 |                 20.27 |                    0.10 |    575 |    22.6922 |
|        1 |          6 |          1229.60 |      1206.92 |      1259.80 |                  9.90 |                    0.10 |    577 |    22.8230 |
|        1 |          7 |          1229.60 |      1206.92 |      1240.59 |                 33.32 |                    0.10 |    579 |    22.9200 |
|        1 |          8 |          1229.60 |      1206.92 |      1270.10 |                 12.07 |                    0.10 |    582 |    22.9979 |
|        1 |          9 |          1229.60 |      1206.92 |      1240.67 |                 12.46 |                    0.12 |    583 |    23.1191 |
|        1 |         10 |          1229.60 |      1206.92 |      1260.30 |                  7.63 |                    0.10 |    587 |    23.2824 |
|        1 |         11 |          1229.60 |      1206.92 |      1242.90 |                  6.44 |                    0.11 |    588 |    23.4157 |
|        1 |         12 |          1229.60 |      1206.92 |      1233.26 |                  8.96 |                    0.10 |    590 |    23.5809 |
|        1 |         13 |          1229.60 |      1206.92 |      1232.43 |                 18.85 |                    0.10 |    595 |    23.6691 |
|        1 |         14 |          1229.60 |      1206.92 |      1231.90 |                  6.87 |                    0.10 |    598 |    23.8080 |
|        1 |         15 |          1229.60 |      1206.92 |      1231.90 |                  9.23 |                    0.10 |    598 |    23.8946 |
|        1 |         16 |          1229.60 |      1206.92 |      1231.90 |                  9.09 |                    0.10 |    598 |    23.9782 |
|        1 |         17 |          1229.60 |      1206.92 |      1231.90 |                  9.05 |                    0.10 |    598 |    24.0526 |
|        1 |         18 |          1229.60 |      1206.92 |      1231.90 |                  8.40 |                    0.10 |    598 |    24.1248 |
|        1 |         19 |          1229.60 |      1206.92 |      1234.20 |                  7.95 |                    0.15 |    598 |    24.1914 |
|        1 |         20 |          1229.60 |      1206.92 |      1234.20 |                 14.13 |                    0.10 |    598 |    24.2556 |
|        1 |         21 |          1229.60 |      1206.92 |      1234.20 |                 10.63 |                    0.10 |    598 |    24.3199 |
|        1 |         22 |          1229.60 |      1206.92 |      1222.31 |                  9.99 |                    0.11 |    604 |    24.4983 |
|        1 |         23 |          1229.60 |      1206.92 |      1229.60 |                  6.59 |                    0.10 |    608 |    24.5916 |
|        1 |         24 |          1229.60 |      1206.92 |      1219.66 |                  5.86 |                    0.10 |    611 |    24.6945 |
|        1 |         25 |          1229.60 |      1206.92 |      1216.42 |                 14.65 |                    0.10 |    612 |    24.7661 |
|        1 |         26 |          1229.60 |      1206.92 |      1234.80 |                  8.40 |                    0.13 |    614 |    24.8611 |
|        1 |         27 |          1229.60 |      1206.92 |      1230.33 |                  6.25 |                    0.10 |    614 |    24.9434 |
|        1 |         28 |          1229.60 |      1206.92 |      1224.64 |                 14.56 |                    0.10 |    614 |    25.0087 |
|        1 |         29 |          1229.60 |      1206.92 |      1244.50 |                  9.31 |                    0.10 |    616 |    25.1195 |
|        1 |         30 |          1229.60 |      1206.92 |      1275.90 |                  9.17 |                    0.10 |    618 |    25.1851 |
|        1 |         31 |          1229.60 |      1206.92 |      1253.49 |                 16.25 |                    0.10 |    620 |    25.3106 |
|        1 |         32 |          1229.60 |      1206.92 |      1253.15 |                 20.00 |                    0.10 |    623 |    25.4956 |
|        1 |         33 |          1229.60 |      1206.92 |      1262.10 |                 11.69 |                    0.10 |    625 |    25.5988 |
|        1 |         34 |          1229.60 |      1206.92 |      1255.19 |                 33.13 |                    0.10 |    627 |    25.7593 |
|        1 |         35 |          1229.60 |      1206.92 |      1265.30 |                 12.12 |                    0.10 |    628 |    25.8626 |
|        1 |         36 |          1229.60 |      1206.92 |      1255.77 |                 22.00 |                    0.10 |    628 |    25.9338 |
|        1 |         37 |          1229.60 |      1206.92 |      1272.40 |                  7.58 |                    0.10 |    631 |    26.0192 |
|        1 |         38 |          1229.60 |      1206.92 |      1264.27 |                  7.38 |                    0.11 |    631 |    26.1137 |
|        1 |         39 |          1229.60 |      1206.92 |      1246.57 |                 13.37 |                    0.10 |    631 |    26.1981 |
|        1 |         40 |          1229.60 |      1206.92 |      1257.48 |                 27.93 |                    0.10 |    631 |    26.2619 |
|        1 |         41 |          1229.60 |      1206.92 |      1265.60 |                 12.91 |                    0.10 |    634 |    26.4571 |
|        1 |         42 |          1229.60 |      1206.92 |      1271.35 |                 11.17 |                    0.10 |    636 |    26.5359 |
|        1 |         43 |          1229.60 |      1206.92 |      1263.50 |                  8.80 |                    0.12 |    636 |    26.6715 |
|        1 |         44 |          1229.60 |      1206.92 |      1260.65 |                  9.87 |                    0.10 |    640 |    26.7558 |
|        1 |         45 |          1229.60 |      1206.92 |      1260.81 |                 21.02 |                    0.10 |    640 |    26.8167 |
|        1 |         46 |          1229.60 |      1206.92 |      1261.50 |                 20.87 |                    0.10 |    641 |    26.9441 |
|        1 |         47 |          1229.60 |      1206.92 |      1261.50 |                  7.95 |                    0.10 |    641 |    27.0253 |
|        1 |         48 |          1229.60 |      1206.92 |      1245.78 |                 11.87 |                    0.11 |    646 |    27.1553 |
|        1 |         49 |          1229.60 |      1206.92 |      1287.66 |                  7.95 |                    0.10 |    649 |    27.3152 |
|        1 |         50 |          1229.60 |      1206.92 |      1305.28 |                  8.72 |                    0.10 |    654 |    27.4434 |
|        1 |         51 |          1229.60 |      1206.92 |      1290.27 |                 22.62 |                    0.10 |    661 |    27.5310 |
|        1 |         52 |          1229.60 |      1206.92 |      1305.70 |                  9.43 |                    0.10 |    663 |    27.6032 |
|        1 |         53 |          1229.60 |      1206.92 |      1281.03 |                 11.20 |                    0.10 |    667 |    27.7181 |
|        1 |         54 |          1229.60 |      1206.92 |      1261.81 |                 18.43 |                    0.10 |    669 |    27.9110 |
|        1 |         55 |          1229.60 |      1206.92 |      1251.13 |                  8.23 |                    0.13 |    673 |    28.1710 |
|        1 |         56 |          1229.60 |      1206.92 |      1243.50 |                  8.61 |                    0.10 |    677 |    28.2460 |
|        1 |         57 |          1229.60 |      1206.92 |      1243.50 |                 10.57 |                    0.10 |    677 |    28.3216 |
|        1 |         58 |          1229.60 |      1206.92 |      1243.50 |                  4.82 |                    0.10 |    677 |    28.3900 |
|        1 |         59 |          1229.60 |      1206.92 |      1231.92 |                  9.66 |                    0.19 |    679 |    28.4836 |
|        1 |         60 |          1229.60 |      1206.92 |      1231.83 |                  6.95 |                    0.11 |    681 |    28.6182 |
|        1 |         61 |          1229.60 |      1206.92 |      1233.84 |                  9.72 |                    0.13 |    681 |    28.6779 |
|        1 |         62 |          1229.60 |      1206.92 |      1250.40 |                  6.55 |                    0.11 |    681 |    28.7630 |
|        1 |         63 |          1229.60 |      1206.92 |      1230.92 |                 13.91 |                    0.23 |    681 |    28.8911 |
|        1 |         64 |          1229.60 |      1206.92 |      1253.90 |                 10.47 |                    0.17 |    683 |    28.9520 |
|        1 |         65 |          1229.60 |      1206.92 |      1236.79 |                  7.47 |                    0.10 |    686 |    29.0714 |
|        1 |         66 |          1229.60 |      1206.92 |      1238.24 |                  6.38 |                    0.10 |    688 |    29.2080 |
|        1 |         67 |          1229.60 |      1206.92 |      1239.20 |                  6.28 |                    0.10 |    692 |    29.2945 |
|        1 |         68 |          1229.60 |      1206.92 |      1244.00 |                  4.96 |                    0.10 |    693 |    29.3708 |
|        1 |         69 |          1229.60 |      1206.92 |      1226.12 |                  8.61 |                    0.10 |    696 |    29.5196 |
|        1 |         70 |          1229.60 |      1206.92 |      1238.90 |                  5.54 |                    0.11 |    701 |    29.6900 |
|        1 |         71 |          1229.60 |      1206.92 |      1238.90 |                  6.28 |                    0.10 |    701 |    29.7728 |
|        1 |         72 |          1229.60 |      1206.92 |      1238.90 |                  7.55 |                    0.10 |    701 |    29.8617 |
|        1 |         73 |          1229.60 |      1206.92 |      1245.50 |                  5.52 |                    0.10 |    703 |    29.9200 |
|        1 |         74 |          1229.60 |      1206.92 |      1230.50 |                  5.77 |                    0.11 |    709 |    29.9999 |
|        1 |         75 |          1229.60 |      1206.92 |      1241.09 |                  7.01 |                    0.10 |    711 |    30.0891 |
|        1 |         76 |          1229.60 |      1206.92 |      1260.76 |                 11.85 |                    0.10 |    716 |    30.1690 |
|        1 |         77 |          1229.60 |      1206.92 |      1261.67 |                  6.67 |                    0.10 |    720 |    30.2446 |
|        1 |         78 |          1229.60 |      1206.92 |      1253.82 |                  9.17 |                    0.10 |    724 |    30.4184 |
|        1 |         79 |          1229.60 |      1206.92 |      1253.20 |                  9.12 |                    0.10 |    727 |    30.5026 |
|        1 |         80 |          1229.60 |      1206.92 |      1247.34 |                 10.32 |                    0.10 |    734 |    30.6018 |
|        1 |         81 |          1229.60 |      1206.92 |      1246.64 |                  9.19 |                    0.10 |    734 |    30.6798 |
|        1 |         82 |          1229.60 |      1206.92 |      1245.79 |                 12.34 |                    0.10 |    737 |    30.7602 |
|        1 |         83 |          1229.60 |      1206.92 |      1263.00 |                 10.67 |                    0.10 |    740 |    30.8389 |
|        1 |         84 |          1229.60 |      1206.92 |      1261.60 |                  5.73 |                    0.10 |    743 |    31.0307 |
|        1 |         85 |          1229.60 |      1206.92 |      1251.41 |                 21.72 |                    0.10 |    747 |    31.1315 |
|        1 |         86 |          1229.60 |      1206.92 |      1253.10 |                 11.37 |                    0.10 |    750 |    31.2339 |
|        1 |         87 |          1229.60 |      1206.92 |      1253.10 |                 18.68 |                    0.10 |    750 |    31.2900 |
|        1 |         88 |          1229.60 |      1206.92 |      1253.10 |                  6.98 |                    0.10 |    750 |    31.3627 |
|        1 |         89 |          1229.60 |      1206.92 |      1232.58 |                  8.23 |                    0.10 |    750 |    31.4398 |
|        1 |         90 |          1229.60 |      1206.92 |      1255.20 |                 19.75 |                    0.10 |    750 |    31.5092 |
|        1 |         91 |          1229.60 |      1206.92 |      1262.78 |                 14.63 |                    0.10 |    752 |    31.6633 |
|        1 |         92 |          1229.60 |      1206.92 |      1284.48 |                  6.80 |                    0.10 |    757 |    31.7552 |
|        1 |         93 |          1229.60 |      1206.92 |      1283.34 |                 14.48 |                    0.10 |    759 |    31.8249 |
|        1 |         94 |          1229.60 |      1206.92 |      1273.80 |                 10.03 |                    0.10 |    763 |    31.9613 |
|        1 |         95 |          1229.60 |      1206.92 |      1273.80 |                  7.17 |                    0.10 |    763 |    32.0353 |
|        1 |         96 |          1229.60 |      1206.92 |      1269.90 |                 10.23 |                    0.10 |    763 |    32.1328 |
|        1 |         97 |          1229.60 |      1206.92 |      1272.53 |                  9.01 |                    0.10 |    766 |    32.2715 |
|        1 |         98 |          1229.60 |      1206.92 |      1278.99 |                 11.30 |                    0.10 |    769 |    32.5056 |
|        1 |         99 |          1229.60 |      1206.92 |      1275.60 |                 17.11 |                    0.10 |    773 |    32.5998 |
|        1 |        100 |          1229.60 |      1206.92 |      1305.50 |                  7.57 |                    0.10 |    775 |    32.6841 |
|        1 |        101 |          1229.60 |      1206.92 |      1260.39 |                 14.82 |                    0.10 |    779 |    32.8261 |
|        1 |        102 |          1229.60 |      1206.92 |      1276.40 |                  8.84 |                    0.10 |    782 |    32.9296 |
|        1 |        103 |          1229.60 |      1206.92 |      1276.40 |                 10.53 |                    0.15 |    782 |    33.0188 |
|        1 |        104 |          1229.60 |      1206.92 |      1276.50 |                  5.75 |                    0.10 |    782 |    33.1225 |
|        1 |        105 |          1229.60 |      1206.92 |      1274.79 |                  5.84 |                    0.10 |    782 |    33.2584 |
|        1 |        106 |          1229.60 |      1206.92 |      1275.08 |                  5.64 |                    0.10 |    782 |    33.3522 |
|        1 |        107 |          1229.60 |      1206.92 |      1276.15 |                  7.50 |                    0.10 |    783 |    33.4248 |
|        1 |        108 |          1229.60 |      1206.92 |      1284.11 |                  9.38 |                    0.14 |    788 |    33.5449 |
|        1 |        109 |          1229.60 |      1206.92 |      1270.88 |                  7.39 |                    0.12 |    788 |    33.6801 |
|        1 |        110 |          1229.60 |      1206.92 |      1269.53 |                 13.19 |                    0.10 |    789 |    33.8496 |
|        1 |        111 |          1229.60 |      1206.92 |      1252.08 |                 17.13 |                    0.10 |    789 |    33.9998 |
|        1 |        112 |          1229.60 |      1206.92 |      1270.86 |                 19.64 |                    0.10 |    791 |    34.0564 |
|        1 |        113 |          1229.60 |      1206.92 |      1271.95 |                 22.45 |                    0.10 |    791 |    34.1538 |
|        1 |        114 |          1229.60 |      1206.92 |      1252.03 |                 19.71 |                    0.10 |    791 |    34.3734 |
|        1 |        115 |          1229.60 |      1206.92 |      1277.23 |                 10.34 |                    0.10 |    794 |    34.4685 |
|        1 |        116 |          1229.60 |      1206.92 |      1242.90 |                 11.11 |                    0.10 |    794 |    34.6105 |
|        1 |        117 |          1229.60 |      1206.92 |      1242.90 |                 10.31 |                    0.10 |    794 |    34.6912 |
|        1 |        118 |          1229.60 |      1206.92 |      1267.63 |                  6.19 |                    0.10 |    795 |    34.8985 |
|        1 |        119 |          1229.60 |      1206.92 |      1254.22 |                  9.70 |                    0.10 |    795 |    35.0911 |
|        1 |        120 |          1229.60 |      1206.92 |      1281.90 |                 24.12 |                    0.10 |    798 |    35.2392 |
|        1 |        121 |          1229.60 |      1206.92 |      1274.10 |                  9.55 |                    0.10 |    801 |    35.3363 |
|        1 |        122 |          1229.60 |      1206.92 |      1250.73 |                 12.56 |                    0.10 |    803 |    35.4419 |
|        1 |        123 |          1229.60 |      1206.92 |      1252.60 |                 10.55 |                    0.10 |    804 |    35.5440 |
|        1 |        124 |          1229.60 |      1206.92 |      1249.55 |                  8.10 |                    0.10 |    804 |    35.6196 |
|        1 |        125 |          1229.60 |      1206.92 |      1247.43 |                 18.49 |                    0.10 |    804 |    35.6976 |
|        1 |        126 |          1229.60 |      1206.92 |      1272.54 |                 37.04 |                    0.10 |    807 |    35.7901 |
|        1 |        127 |          1229.60 |      1206.92 |      1271.50 |                  8.44 |                    0.10 |    809 |    35.9387 |
|        1 |        128 |          1229.60 |      1206.92 |      1253.24 |                  9.50 |                    0.10 |    813 |    36.1456 |
|        1 |        129 |          1229.60 |      1206.92 |      1260.20 |                  6.65 |                    0.10 |    817 |    36.2599 |
|        1 |        130 |          1229.60 |      1206.92 |      1254.11 |                 18.54 |                    0.15 |    819 |    36.3483 |
|        1 |        131 |          1229.60 |      1206.92 |      1256.20 |                  8.62 |                    0.10 |    819 |    36.4580 |
|        1 |        132 |          1229.60 |      1206.92 |      1255.98 |                  7.01 |                    0.10 |    819 |    36.5570 |
|        1 |        133 |          1229.60 |      1206.92 |      1264.80 |                 15.98 |                    0.10 |    824 |    36.6676 |
|        1 |        134 |          1229.60 |      1206.92 |      1263.64 |                 14.16 |                    0.10 |    824 |    37.0080 |
|        1 |        135 |          1229.60 |      1206.92 |      1257.28 |                 22.56 |                    0.10 |    824 |    37.0754 |
|        1 |        136 |          1229.60 |      1206.92 |      1264.30 |                 16.46 |                    0.10 |    824 |    37.1545 |
|        1 |        137 |          1229.60 |      1206.92 |      1275.00 |                 11.53 |                    0.10 |    828 |    37.2553 |
|        1 |        138 |          1229.60 |      1206.92 |      1260.40 |                  6.04 |                    0.10 |    832 |    37.3694 |
|        1 |        139 |          1229.60 |      1206.92 |      1260.40 |                  8.11 |                    0.14 |    832 |    37.4522 |
|        1 |        140 |          1229.60 |      1206.92 |      1249.13 |                  9.83 |                    0.10 |    833 |    37.5805 |
|        1 |        141 |          1229.60 |      1206.92 |      1250.20 |                  6.43 |                    0.12 |    835 |    37.6552 |
|        1 |        142 |          1229.60 |      1206.92 |      1252.37 |                  6.58 |                    0.10 |    835 |    37.7538 |
|        1 |        143 |          1229.60 |      1206.92 |      1260.59 |                  6.92 |                    0.11 |    836 |    37.9118 |
|        1 |        144 |          1229.60 |      1206.92 |      1291.25 |                  7.31 |                    0.10 |    840 |    37.9920 |
|        1 |        145 |          1229.60 |      1206.92 |      1229.80 |                 12.45 |                    0.10 |    840 |    38.1012 |
|        1 |        146 |          1229.60 |      1206.92 |      1240.19 |                 12.13 |                    0.10 |    844 |    38.1932 |
|        1 |        147 |          1229.60 |      1206.92 |      1231.82 |                 13.56 |                    0.11 |    846 |    38.3333 |
|        1 |        148 |          1229.60 |      1206.92 |      1265.70 |                  7.84 |                    0.10 |    848 |    38.4682 |
|        1 |        149 |          1229.60 |      1206.92 |      1243.25 |                 20.17 |                    0.10 |    849 |    38.5516 |
|        1 |        150 |          1229.60 |      1206.92 |      1246.15 |                  8.26 |                    0.10 |    849 |    38.7528 |
|        1 |        151 |          1229.60 |      1206.92 |      1245.45 |                 11.79 |                    0.10 |    851 |    38.8408 |
|        1 |        152 |          1229.60 |      1206.92 |      1252.28 |                 17.86 |                    0.10 |    851 |    38.9089 |
|        1 |        153 |          1229.60 |      1206.92 |      1274.25 |                 15.45 |                    0.10 |    852 |    38.9856 |
|        1 |        154 |          1229.60 |      1206.92 |      1260.80 |                 21.49 |                    0.10 |    855 |    39.1420 |
|        1 |        155 |          1229.60 |      1206.92 |      1238.33 |                 12.37 |                    0.10 |    855 |    39.3200 |
|        1 |        156 |          1229.60 |      1206.92 |      1260.61 |                  9.97 |                    0.10 |    856 |    39.4067 |
|        1 |        157 |          1229.60 |      1206.92 |      1249.47 |                 17.00 |                    0.10 |    856 |    39.4924 |
|        1 |        158 |          1229.60 |      1206.92 |      1247.90 |                 10.70 |                    0.10 |    858 |    39.6819 |
|        1 |        159 |          1229.60 |      1206.92 |      1241.00 |                 11.51 |                    0.10 |    860 |    39.7921 |
|        1 |        160 |          1229.60 |      1206.92 |      1232.75 |                 10.44 |                    0.10 |    861 |    39.8964 |
|        1 |        161 |          1229.60 |      1206.92 |      1268.77 |                 12.57 |                    0.10 |    865 |    39.9695 |
------------------------------------------------------------------------------------------------------------------------------------------------
|  Restart |  Iteration |  Best Feas. Cost |    Best Cost |   Curr. Cost |   Penalty Custom Res. |   Penalty Standard Res. |   Pool |   Time (s) |
------------------------------------------------------------------------------------------------------------------------------------------------
|        1 |        162 |          1229.60 |      1206.92 |      1253.60 |                  6.51 |                    0.10 |    869 |    40.0878 |
|        1 |        163 |          1229.60 |      1206.92 |      1239.35 |                 12.92 |                    0.10 |    871 |    40.1592 |
|        1 |        164 |          1229.60 |      1206.92 |      1245.98 |                 18.77 |                    0.10 |    871 |    40.2569 |
|        1 |        165 |          1229.60 |      1206.92 |      1247.40 |                 16.50 |                    0.10 |    871 |    40.4032 |
|        1 |        166 |          1229.60 |      1206.92 |      1236.20 |                 19.44 |                    0.10 |    873 |    40.5009 |
|        1 |        167 |          1229.60 |      1206.92 |      1236.20 |                  7.94 |                    0.10 |    873 |    40.5876 |
|        1 |        168 |          1229.60 |      1206.92 |      1239.36 |                 17.55 |                    0.10 |    874 |    40.6945 |
|        1 |        169 |          1229.60 |      1206.92 |      1278.22 |                 13.89 |                    0.10 |    876 |    40.7603 |
|        1 |        170 |          1229.60 |      1206.92 |      1265.41 |                 10.02 |                    0.10 |    878 |    40.8596 |
|        1 |        171 |          1229.60 |      1206.92 |      1260.82 |                 23.79 |                    0.10 |    881 |    40.9368 |
|        1 |        172 |          1229.60 |      1206.92 |      1275.20 |                 14.91 |                    0.10 |    884 |    41.0432 |
|        1 |        173 |          1229.60 |      1206.92 |      1271.10 |                  5.29 |                    0.10 |    884 |    41.1218 |
|        1 |        174 |          1229.60 |      1206.92 |      1252.08 |                 10.61 |                    0.10 |    885 |    41.1866 |
|        1 |        175 |          1229.60 |      1206.92 |      1270.10 |                  9.80 |                    0.10 |    888 |    41.3236 |
|        1 |        176 |          1229.60 |      1206.92 |      1254.17 |                 10.10 |                    0.10 |    890 |    41.4938 |
|        1 |        177 |          1229.60 |      1206.92 |      1247.74 |                 19.64 |                    0.10 |    891 |    41.5688 |
|        1 |        178 |          1229.60 |      1206.92 |      1259.10 |                  6.31 |                    0.10 |    895 |    41.6676 |
|        1 |        179 |          1229.60 |      1206.92 |      1224.44 |                 10.54 |                    0.10 |    896 |    41.7841 |
|        1 |        180 |          1229.60 |      1206.92 |      1224.44 |                 19.92 |                    0.10 |    896 |    41.8328 |
|        1 |        181 |          1229.60 |      1206.92 |      1246.80 |                  7.87 |                    0.10 |    898 |    41.9814 |
|        1 |        182 |          1229.60 |      1206.92 |      1243.01 |                  7.51 |                    0.11 |    900 |    42.0789 |
|        1 |        183 |          1229.60 |      1206.92 |      1253.50 |                  7.11 |                    0.10 |    902 |    42.1606 |
|        1 |        184 |          1229.60 |      1206.92 |      1251.79 |                  9.33 |                    0.10 |    902 |    42.2968 |
|        1 |        185 |          1229.60 |      1206.92 |      1247.44 |                 12.01 |                    0.10 |    905 |    42.4158 |
|        1 |        186 |          1229.60 |      1206.92 |      1249.60 |                  8.15 |                    0.11 |    907 |    42.5289 |
|        1 |        187 |          1229.60 |      1206.92 |      1247.86 |                  9.57 |                    0.10 |    908 |    42.6933 |
|        1 |        188 |          1229.60 |      1206.92 |      1249.60 |                  8.79 |                    0.11 |    909 |    42.7574 |
|        1 |        189 |          1229.60 |      1206.92 |      1238.08 |                  4.83 |                    0.10 |    910 |    42.8961 |
|        1 |        190 |          1229.60 |      1206.92 |      1236.36 |                  8.33 |                    0.10 |    910 |    42.9661 |
|        1 |        191 |          1229.60 |      1206.92 |      1241.10 |                 11.53 |                    0.15 |    912 |    43.0396 |
|        1 |        192 |          1229.60 |      1206.92 |      1257.40 |                 11.58 |                    0.10 |    914 |    43.1276 |
|        1 |        193 |          1229.60 |      1206.92 |      1257.40 |                  7.88 |                    0.10 |    914 |    43.1996 |
|        1 |        194 |          1229.60 |      1206.92 |      1244.10 |                 15.77 |                    0.10 |    914 |    43.2925 |
|        1 |        195 |          1229.60 |      1206.92 |      1255.80 |                  8.87 |                    0.10 |    917 |    43.3814 |
|        1 |        196 |          1229.60 |      1206.92 |      1249.51 |                  5.91 |                    0.10 |    918 |    43.4743 |
|        1 |        197 |          1229.60 |      1206.92 |      1227.63 |                 10.38 |                    0.10 |    920 |    43.5701 |
|        1 |        198 |          1229.60 |      1206.92 |      1241.83 |                 14.37 |                    0.13 |    922 |    43.6386 |
|        1 |        199 |          1229.60 |      1206.92 |      1251.20 |                 10.67 |                    0.10 |    927 |    43.7744 |
|        1 |        200 |          1229.60 |      1206.92 |      1248.00 |                 12.33 |                    0.10 |    930 |    43.8574 |
|        1 |        201 |          1229.60 |      1206.92 |      1236.20 |                  7.81 |                    0.10 |    934 |    43.9591 |
|        1 |          0 |          1229.00 |      1206.92 |      1229.00 |                 10.50 |                    0.10 |    936 |    44.0207 |
|        1 |          1 |          1229.00 |      1206.92 |      1233.80 |                 11.42 |                    0.10 |    936 |    44.1070 |
|        1 |          2 |          1229.00 |      1206.92 |      1233.80 |                 10.92 |                    0.13 |    936 |    44.1791 |
|        1 |          3 |          1229.00 |      1206.92 |      1233.80 |                  5.03 |                    0.10 |    936 |    44.2477 |
|        1 |          4 |          1229.00 |      1206.92 |      1227.98 |                  8.24 |                    0.10 |    938 |    44.3654 |
|        1 |          5 |          1229.00 |      1206.92 |      1229.70 |                  8.26 |                    0.11 |    938 |    44.4851 |
|        1 |          6 |          1229.00 |      1206.92 |      1229.10 |                  8.72 |                    0.10 |    938 |    44.5804 |
|        1 |          0 |          1223.90 |      1206.92 |      1223.90 |                  4.80 |                    0.10 |    940 |    44.7024 |
|        1 |          1 |          1223.90 |      1206.92 |      1223.90 |                  7.27 |                    0.10 |    940 |    44.7782 |
|        1 |          2 |          1223.90 |      1206.92 |      1247.35 |                 12.52 |                    0.19 |    944 |    44.8880 |
|        1 |          3 |          1223.90 |      1206.92 |      1248.10 |                 12.21 |                    0.10 |    945 |    44.9579 |
|        1 |          4 |          1223.90 |      1206.92 |      1261.50 |                 12.52 |                    0.10 |    949 |    45.0399 |
|        1 |          5 |          1223.90 |      1206.92 |      1257.87 |                 11.14 |                    0.10 |    950 |    45.1350 |
|        1 |          6 |          1223.90 |      1206.92 |      1234.00 |                 12.57 |                    0.25 |    952 |    45.2767 |
|        1 |          7 |          1223.90 |      1206.92 |      1251.90 |                 22.09 |                    0.10 |    953 |    45.3631 |
|        1 |          8 |          1223.90 |      1206.92 |      1241.01 |                 12.88 |                    0.10 |    955 |    45.5114 |
|        1 |          9 |          1223.90 |      1206.92 |      1250.53 |                 14.32 |                    0.10 |    955 |    45.5766 |
|        1 |         10 |          1223.90 |      1206.92 |      1256.25 |                 11.55 |                    0.10 |    955 |    45.6447 |
|        1 |         11 |          1223.90 |      1206.92 |      1262.62 |                 22.25 |                    0.10 |    957 |    45.7107 |
|        1 |         12 |          1223.90 |      1206.92 |      1272.00 |                 20.83 |                    0.10 |    962 |    45.8039 |
|        1 |         13 |          1223.90 |      1206.92 |      1255.36 |                 10.87 |                    0.10 |    964 |    45.9709 |
|        1 |         14 |          1223.90 |      1206.92 |      1256.90 |                  9.40 |                    0.10 |    967 |    46.0516 |
|        1 |         15 |          1223.90 |      1206.92 |      1256.90 |                  7.50 |                    0.13 |    967 |    46.1541 |
|        1 |         16 |          1223.90 |      1206.92 |      1238.81 |                 11.56 |                    0.20 |    971 |    46.2533 |
|        1 |         17 |          1223.90 |      1206.92 |      1285.31 |                 26.39 |                    0.10 |    971 |    46.3287 |
|        1 |         18 |          1223.90 |      1206.92 |      1254.01 |                 12.91 |                    0.10 |    973 |    46.5592 |
|        1 |         19 |          1223.90 |      1206.92 |      1240.50 |                 10.62 |                    0.10 |    976 |    46.6402 |
|        1 |         20 |          1223.90 |      1206.92 |      1255.60 |                  7.83 |                    0.11 |    980 |    46.7016 |
|        1 |         21 |          1223.90 |      1206.92 |      1242.38 |                 12.19 |                    0.10 |    983 |    46.8222 |
|        1 |         22 |          1223.90 |      1206.92 |      1249.77 |                 16.54 |                    0.10 |    983 |    46.8990 |
|        1 |         23 |          1223.90 |      1206.92 |      1259.17 |                  9.13 |                    0.10 |    983 |    46.9598 |
|        1 |         24 |          1223.90 |      1206.92 |      1229.16 |                  7.01 |                    0.10 |    986 |    47.0330 |
|        1 |         25 |          1223.90 |      1206.92 |      1212.08 |                 21.34 |                    0.10 |    991 |    47.1382 |
|        1 |          0 |          1215.80 |      1206.92 |      1215.80 |                  5.57 |                    0.10 |    998 |    47.3293 |
|        1 |          1 |          1215.80 |      1206.92 |      1216.10 |                  5.89 |                    0.14 |    999 |    47.3925 |
|        1 |          0 |          1212.00 |      1206.92 |      1212.00 |                  7.49 |                    0.10 |   1003 |    47.5551 |
|        1 |          1 |          1212.00 |      1206.92 |      1212.00 |                  8.49 |                    0.10 |   1003 |    47.6187 |
|        1 |          2 |          1212.00 |      1206.92 |      1212.00 |                  5.40 |                    0.10 |   1003 |    47.6878 |
|        1 |          3 |          1212.00 |      1206.92 |      1212.00 |                  8.17 |                    0.16 |   1003 |    47.7605 |
|        1 |          4 |          1212.00 |      1206.92 |      1212.00 |                  4.12 |                    0.10 |   1003 |    47.8453 |
|        1 |          5 |          1212.00 |      1206.92 |      1211.11 |                  9.78 |                    0.10 |   1005 |    47.9228 |
|        1 |          6 |          1212.00 |      1206.92 |      1224.17 |                 15.18 |                    0.28 |   1010 |    48.0847 |
|        1 |          7 |          1212.00 |      1206.92 |      1253.80 |                 14.24 |                    0.26 |   1011 |    48.1523 |
|        1 |          8 |          1212.00 |      1206.92 |      1246.30 |                  9.67 |                    0.10 |   1012 |    48.2544 |
|        1 |          9 |          1212.00 |      1206.92 |      1238.70 |                 10.12 |                    0.14 |   1014 |    48.3298 |
|        1 |         10 |          1212.00 |      1206.92 |      1221.70 |                  8.73 |                    0.10 |   1016 |    48.4325 |
|        1 |         11 |          1212.00 |      1206.92 |      1231.08 |                 19.36 |                    0.10 |   1018 |    48.4921 |
|        1 |         12 |          1212.00 |      1206.92 |      1247.60 |                 17.05 |                    0.10 |   1021 |    48.6023 |
|        1 |         13 |          1212.00 |      1206.92 |      1247.55 |                 10.83 |                    0.10 |   1021 |    48.6642 |
|        1 |         14 |          1212.00 |      1206.92 |      1241.66 |                 10.36 |                    0.10 |   1021 |    48.7293 |
|        1 |         15 |          1212.00 |      1206.92 |      1235.90 |                 13.09 |                    0.13 |   1021 |    48.8412 |
|        1 |         16 |          1212.00 |      1206.92 |      1227.31 |                 18.82 |                    0.10 |   1023 |    48.9435 |
|        1 |         17 |          1212.00 |      1206.92 |      1242.50 |                  8.75 |                    0.10 |   1024 |    49.0400 |
|        1 |         18 |          1212.00 |      1206.92 |      1227.86 |                 10.54 |                    0.10 |   1026 |    49.0980 |
|        1 |         19 |          1212.00 |      1206.92 |      1231.27 |                 19.12 |                    0.10 |   1026 |    49.1553 |
|        1 |         20 |          1212.00 |      1206.92 |      1242.50 |                 13.93 |                    0.10 |   1026 |    49.2524 |
|        1 |         21 |          1212.00 |      1206.92 |      1235.28 |                  7.39 |                    0.10 |   1026 |    49.3207 |
|        1 |         22 |          1212.00 |      1206.92 |      1241.04 |                 16.71 |                    0.10 |   1026 |    49.3795 |
|        1 |         23 |          1212.00 |      1206.92 |      1249.60 |                 13.18 |                    0.10 |   1027 |    49.4842 |
|        1 |         24 |          1212.00 |      1206.92 |      1225.70 |                 17.15 |                    0.10 |   1027 |    49.5931 |
|        1 |         25 |          1212.00 |      1206.92 |      1245.37 |                  9.83 |                    0.10 |   1027 |    49.6938 |
|        1 |         26 |          1212.00 |      1206.92 |      1231.09 |                 13.92 |                    0.10 |   1030 |    49.8973 |
|        1 |         27 |          1212.00 |      1206.92 |      1241.00 |                  7.19 |                    0.10 |   1033 |    50.0637 |
|        1 |         28 |          1212.00 |      1206.92 |      1258.77 |                 14.98 |                    0.10 |   1035 |    50.1571 |
|        1 |         29 |          1212.00 |      1206.92 |      1271.20 |                 22.92 |                    0.10 |   1036 |    50.3769 |
|        1 |         30 |          1212.00 |      1206.92 |      1336.12 |                 10.67 |                    0.10 |   1040 |    50.4472 |
|        1 |         31 |          1212.00 |      1206.92 |      1265.58 |                 18.59 |                    0.10 |   1044 |    50.6702 |
|        1 |         32 |          1212.00 |      1206.92 |      1298.56 |                 17.03 |                    0.10 |   1050 |    50.7885 |
|        1 |         33 |          1212.00 |      1206.92 |      1285.50 |                 10.57 |                    0.10 |   1057 |    50.9193 |
|        1 |         34 |          1212.00 |      1206.92 |      1266.10 |                  7.95 |                    0.10 |   1062 |    50.9994 |
|        1 |         35 |          1212.00 |      1206.92 |      1261.89 |                  9.65 |                    0.10 |   1064 |    51.0822 |
|        1 |         36 |          1212.00 |      1206.92 |      1238.91 |                 22.83 |                    0.10 |   1065 |    51.2038 |
|        1 |         37 |          1212.00 |      1206.92 |      1233.30 |                  5.00 |                    0.10 |   1067 |    51.3281 |
|        1 |         38 |          1212.00 |      1206.92 |      1227.65 |                 12.59 |                    0.10 |   1069 |    51.4308 |
|        1 |         39 |          1212.00 |      1206.92 |      1248.98 |                 11.10 |                    0.10 |   1070 |    51.5272 |
|        1 |         40 |          1212.00 |      1206.92 |      1250.70 |                 12.13 |                    0.10 |   1076 |    51.6989 |
|        1 |         41 |          1212.00 |      1206.92 |      1239.90 |                  7.16 |                    0.10 |   1078 |    51.8222 |
|        1 |         42 |          1212.00 |      1206.92 |      1222.73 |                  5.83 |                    0.10 |   1080 |    51.9310 |
|        1 |         43 |          1212.00 |      1206.92 |      1223.86 |                 14.99 |                    0.10 |   1080 |    51.9995 |
|        1 |         44 |          1212.00 |      1206.92 |      1223.70 |                  7.56 |                    0.10 |   1082 |    52.0686 |
|        1 |         45 |          1212.00 |      1206.92 |      1221.75 |                 12.66 |                    0.10 |   1082 |    52.1429 |
|        1 |         46 |          1212.00 |      1205.07 |      1205.07 |                 10.23 |                    0.10 |   1082 |    52.3578 |
|        1 |         47 |          1212.00 |      1205.07 |      1222.10 |                 11.47 |                    0.10 |   1083 |    52.4372 |
|        1 |         48 |          1212.00 |      1205.07 |      1219.60 |                  5.05 |                    0.11 |   1086 |    52.5873 |
|        1 |         49 |          1212.00 |      1205.07 |      1209.61 |                 10.95 |                    0.10 |   1088 |    52.6961 |
|        1 |         50 |          1212.00 |      1205.07 |      1223.80 |                  8.39 |                    0.10 |   1091 |    52.7943 |
|        1 |          0 |          1211.70 |      1205.07 |      1211.70 |                  8.21 |                    0.10 |   1091 |    52.9612 |
|        1 |          1 |          1211.70 |      1205.07 |      1211.70 |                 11.24 |                    0.10 |   1091 |    53.0557 |
|        1 |          2 |          1211.70 |      1205.07 |      1211.70 |                 10.12 |                    0.10 |   1091 |    53.1264 |
|        1 |          3 |          1211.70 |      1205.07 |      1209.31 |                  9.75 |                    0.10 |   1092 |    53.2435 |
|        1 |          4 |          1211.70 |      1205.07 |      1241.80 |                  7.94 |                    0.10 |   1097 |    53.3263 |
|        1 |          5 |          1211.70 |      1205.07 |      1236.16 |                 15.43 |                    0.10 |   1098 |    53.4043 |
|        1 |          6 |          1211.70 |      1205.07 |      1241.70 |                 10.84 |                    0.10 |   1100 |    53.4556 |
|        1 |          7 |          1211.70 |      1205.07 |      1246.70 |                  8.06 |                    0.10 |   1102 |    53.5475 |
|        1 |          8 |          1211.70 |      1205.07 |      1246.70 |                  8.60 |                    0.10 |   1102 |    53.6207 |
|        1 |          9 |          1211.70 |      1205.07 |      1260.70 |                  7.98 |                    0.10 |   1104 |    53.6991 |
|        1 |         10 |          1211.70 |      1205.07 |      1257.68 |                 14.45 |                    0.17 |   1108 |    53.8028 |
|        1 |         11 |          1211.70 |      1205.07 |      1245.20 |                  9.36 |                    0.10 |   1110 |    53.8701 |
|        1 |         12 |          1211.70 |      1205.07 |      1217.54 |                  8.56 |                    0.10 |   1111 |    54.0197 |
|        1 |         13 |          1211.70 |      1205.07 |      1208.22 |                  7.02 |                    0.10 |   1113 |    54.1378 |
|        1 |         14 |          1211.70 |      1205.07 |      1207.27 |                 11.32 |                    0.10 |   1115 |    54.3319 |
|        1 |         15 |          1211.70 |      1205.07 |      1250.40 |                  8.08 |                    0.10 |   1118 |    54.4361 |
|        1 |         16 |          1211.70 |      1205.07 |      1250.40 |                 12.88 |                    0.10 |   1118 |    54.5013 |
|        1 |         17 |          1211.70 |      1205.07 |      1250.40 |                  8.58 |                    0.10 |   1118 |    54.6001 |
|        1 |         18 |          1211.70 |      1205.07 |      1249.71 |                 18.41 |                    0.17 |   1119 |    54.7110 |
|        1 |         19 |          1211.70 |      1205.07 |      1250.40 |                  9.57 |                    0.10 |   1119 |    54.7712 |
|        1 |         20 |          1211.70 |      1205.07 |      1273.40 |                 14.36 |                    0.10 |   1120 |    54.8464 |
|        1 |         21 |          1211.70 |      1205.07 |      1252.10 |                 14.84 |                    0.10 |   1122 |    54.9621 |
|        1 |         22 |          1211.70 |      1205.07 |      1240.10 |                 16.60 |                    0.10 |   1126 |    55.0920 |
|        1 |         23 |          1211.70 |      1205.07 |      1240.10 |                 11.76 |                    0.10 |   1126 |    55.1752 |
|        1 |         24 |          1211.70 |      1205.07 |      1240.10 |                 20.92 |                    0.10 |   1126 |    55.2357 |
|        1 |         25 |          1211.70 |      1205.07 |      1239.97 |                 20.92 |                    0.10 |   1127 |    55.3974 |
|        1 |         26 |          1211.70 |      1205.07 |      1238.60 |                  6.65 |                    0.10 |   1128 |    55.4927 |
|        1 |         27 |          1211.70 |      1205.07 |      1244.25 |                 14.58 |                    0.10 |   1134 |    55.5752 |
|        1 |         28 |          1211.70 |      1205.07 |      1246.32 |                 16.74 |                    0.10 |   1136 |    55.7691 |
|        1 |         29 |          1211.70 |      1205.07 |      1239.66 |                 11.24 |                    0.10 |   1136 |    55.9125 |
|        1 |         30 |          1211.70 |      1205.07 |      1240.10 |                 12.98 |                    0.10 |   1136 |    56.0046 |
|        1 |         31 |          1211.70 |      1205.07 |      1240.10 |                 13.72 |                    0.10 |   1136 |    56.0769 |
|        1 |         32 |          1211.70 |      1205.07 |      1263.95 |                  9.33 |                    0.10 |   1137 |    56.1710 |
|        1 |         33 |          1211.70 |      1205.07 |      1229.91 |                 20.67 |                    0.10 |   1137 |    56.2363 |
|        1 |         34 |          1211.70 |      1205.07 |      1232.40 |                 11.97 |                    0.10 |   1137 |    56.3344 |
|        1 |         35 |          1211.70 |      1205.07 |      1229.50 |                  8.04 |                    0.10 |   1137 |    56.4549 |
|        1 |         36 |          1211.70 |      1205.07 |      1224.35 |                 14.15 |                    0.10 |   1139 |    56.5269 |
|        1 |         37 |          1211.70 |      1205.07 |      1250.15 |                 11.87 |                    0.10 |   1140 |    56.6122 |
|        1 |         38 |          1211.70 |      1205.07 |      1239.20 |                  7.08 |                    0.10 |   1141 |    56.7406 |
|        1 |         39 |          1211.70 |      1205.07 |      1239.20 |                 10.92 |                    0.10 |   1141 |    56.8355 |
|        1 |         40 |          1211.70 |      1205.07 |      1239.20 |                 11.55 |                    0.10 |   1141 |    56.8956 |
|        1 |         41 |          1211.70 |      1205.07 |      1239.20 |                  5.11 |                    0.10 |   1141 |    56.9578 |
|        1 |         42 |          1211.70 |      1205.07 |      1226.82 |                 10.87 |                    0.10 |   1142 |    57.0458 |
|        1 |         43 |          1211.70 |      1205.07 |      1240.60 |                 12.95 |                    0.10 |   1142 |    57.1234 |
|        1 |         44 |          1211.70 |      1205.07 |      1238.10 |                 16.88 |                    0.10 |   1144 |    57.2001 |
|        1 |         45 |          1211.70 |      1205.07 |      1238.10 |                  7.33 |                    0.10 |   1144 |    57.2738 |
|        1 |         46 |          1211.70 |      1205.07 |      1245.21 |                 11.43 |                    0.10 |   1145 |    57.3702 |
|        1 |         47 |          1211.70 |      1205.07 |      1254.79 |                 28.48 |                    0.10 |   1148 |    57.4815 |
|        1 |         48 |          1211.70 |      1205.07 |      1221.46 |                  8.81 |                    0.12 |   1149 |    57.6738 |
|        1 |         49 |          1211.70 |      1205.07 |      1207.19 |                 11.34 |                    0.10 |   1152 |    57.8000 |
|        1 |         50 |          1211.70 |      1205.07 |      1258.69 |                 32.56 |                    0.10 |   1157 |    57.8833 |
|        1 |         51 |          1211.70 |      1205.07 |      1246.50 |                 14.24 |                    0.10 |   1161 |    57.9929 |
|        1 |         52 |          1211.70 |      1205.07 |      1246.50 |                  5.11 |                    0.10 |   1161 |    58.0777 |
|        1 |         53 |          1211.70 |      1205.07 |      1248.30 |                  5.72 |                    0.10 |   1162 |    58.1740 |
|        1 |         54 |          1211.70 |      1205.07 |      1249.35 |                  9.20 |                    0.10 |   1165 |    58.2853 |
|        1 |         55 |          1211.70 |      1205.07 |      1264.70 |                 17.02 |                    0.10 |   1167 |    58.3538 |
|        1 |         56 |          1211.70 |      1205.07 |      1276.60 |                 11.44 |                    0.10 |   1170 |    58.4604 |
|        1 |         57 |          1211.70 |      1205.07 |      1245.30 |                  8.10 |                    0.12 |   1173 |    58.5300 |
|        1 |         58 |          1211.70 |      1205.07 |      1256.40 |                 15.29 |                    0.23 |   1175 |    58.6160 |
|        1 |         59 |          1211.70 |      1205.07 |      1271.98 |                  5.62 |                    0.10 |   1180 |    58.7950 |
|        1 |         60 |          1211.70 |      1205.07 |      1256.44 |                  8.93 |                    0.10 |   1182 |    58.8908 |
|        1 |         61 |          1211.70 |      1205.07 |      1256.63 |                  6.26 |                    0.10 |   1182 |    58.9857 |
|        1 |         62 |          1211.70 |      1205.07 |      1252.17 |                 11.03 |                    0.15 |   1183 |    59.0272 |
|        1 |         63 |          1211.70 |      1205.07 |      1238.50 |                  8.10 |                    0.10 |   1184 |    59.1569 |
|        1 |         64 |          1211.70 |      1205.07 |      1234.10 |                  5.51 |                    0.10 |   1187 |    59.2457 |
|        1 |         65 |          1211.70 |      1205.07 |      1231.70 |                  4.89 |                    0.11 |   1187 |    59.3770 |
|        1 |         66 |          1211.70 |      1205.07 |      1221.87 |                 16.26 |                    0.10 |   1188 |    59.5106 |
|        1 |         67 |          1211.70 |      1205.07 |      1242.23 |                 11.86 |                    0.10 |   1188 |    59.5879 |
|        1 |         68 |          1211.70 |      1205.07 |      1230.02 |                 18.88 |                    0.10 |   1188 |    59.6575 |
|        1 |         69 |          1211.70 |      1205.07 |      1248.31 |                 10.00 |                    0.10 |   1188 |    59.7393 |
|        1 |         70 |          1211.70 |      1205.07 |      1227.49 |                 24.01 |                    0.10 |   1188 |    59.8087 |
|        1 |         71 |          1211.70 |      1205.07 |      1236.40 |                  8.87 |                    0.10 |   1189 |    59.8817 |
|        1 |         72 |          1211.70 |      1205.07 |      1236.40 |                  9.86 |                    0.10 |   1189 |    59.9465 |
------------------------------------------------------------------------------------------------------------------------------------------------
|  Restart |  Iteration |  Best Feas. Cost |    Best Cost |   Curr. Cost |   Penalty Custom Res. |   Penalty Standard Res. |   Pool |   Time (s) |
------------------------------------------------------------------------------------------------------------------------------------------------
|        1 |         73 |          1211.70 |      1205.07 |      1221.08 |                 14.18 |                    0.10 |   1190 |    60.0499 |
|        1 |         74 |          1211.70 |      1205.07 |      1221.21 |                 13.96 |                    0.10 |   1191 |    60.1397 |
|        1 |         75 |          1211.70 |      1205.07 |      1221.64 |                 15.83 |                    0.10 |   1191 |    60.2092 |
|        1 |         76 |          1211.70 |      1205.07 |      1222.76 |                  6.80 |                    0.10 |   1191 |    60.2858 |
|        1 |         77 |          1211.70 |      1205.07 |      1205.11 |                 16.65 |                    0.10 |   1191 |    60.3596 |
|        1 |          0 |          1207.80 |      1205.07 |      1207.80 |                 14.26 |                    0.10 |   1191 |    60.4480 |
|        1 |          1 |          1207.80 |      1205.07 |      1207.80 |                  5.83 |                    0.10 |   1191 |    60.5126 |
|        1 |          2 |          1207.80 |      1205.07 |      1224.51 |                 10.67 |                    0.10 |   1191 |    60.5971 |
|        1 |          3 |          1207.80 |      1205.07 |      1207.80 |                  7.70 |                    0.11 |   1191 |    60.6893 |
|        1 |          4 |          1207.80 |      1205.07 |      1210.20 |                 10.20 |                    0.10 |   1192 |    60.8302 |
|        1 |          5 |          1207.80 |      1205.07 |      1207.31 |                 11.53 |                    0.10 |   1192 |    60.9395 |
|        1 |          0 |          1190.90 |      1190.90 |      1190.90 |                 15.78 |                    0.10 |   1194 |    61.0374 |
|        1 |          1 |          1190.90 |      1185.55 |      1185.55 |                 12.82 |                    0.10 |   1196 |    61.1755 |
|        1 |          2 |          1190.90 |      1185.55 |      1193.50 |                 17.89 |                    0.17 |   1196 |    61.2964 |
|        1 |          3 |          1190.90 |      1185.55 |      1187.54 |                  8.90 |                    0.10 |   1196 |    61.4317 |
|        1 |          4 |          1190.90 |      1185.55 |      1190.21 |                  9.39 |                    0.10 |   1196 |    61.5337 |
|        1 |          5 |          1190.90 |      1185.55 |      1191.84 |                  5.90 |                    0.10 |   1196 |    61.6183 |
|        1 |          6 |          1190.90 |      1183.98 |      1183.98 |                 14.02 |                    0.10 |   1196 |    61.6899 |
|        1 |          7 |          1190.90 |      1183.98 |      1202.68 |                 13.82 |                    0.10 |   1197 |    61.7615 |
|        1 |          8 |          1190.90 |      1183.98 |      1205.90 |                 10.19 |                    0.10 |   1198 |    61.8421 |
|        1 |          9 |          1190.90 |      1183.98 |      1185.26 |                 13.36 |                    0.10 |   1198 |    62.0206 |
|        1 |         10 |          1190.90 |      1183.98 |      1204.60 |                  6.66 |                    0.10 |   1200 |    62.1375 |
|        1 |         11 |          1190.90 |      1183.98 |      1203.33 |                  6.89 |                    0.10 |   1201 |    62.2562 |
|        1 |         12 |          1190.90 |      1180.52 |      1180.52 |                 13.66 |                    0.10 |   1203 |    62.3523 |
|        1 |         13 |          1190.90 |      1180.52 |      1205.46 |                 15.96 |                    0.10 |   1203 |    62.4469 |
|        1 |         14 |          1190.90 |      1180.52 |      1242.15 |                 14.62 |                    0.10 |   1203 |    62.6161 |
|        1 |         15 |          1190.90 |      1180.52 |      1206.30 |                 10.65 |                    0.10 |   1203 |    62.7518 |
|        1 |         16 |          1190.90 |      1180.52 |      1200.26 |                 14.72 |                    0.10 |   1203 |    62.8583 |
|        1 |         17 |          1190.90 |      1180.52 |      1200.70 |                 13.49 |                    0.10 |   1203 |    62.9876 |
|        1 |         18 |          1190.90 |      1180.52 |      1232.00 |                  6.60 |                    0.10 |   1204 |    63.1092 |
|        1 |         19 |          1190.90 |      1180.52 |      1219.35 |                 20.30 |                    0.10 |   1205 |    63.2649 |
|        1 |         20 |          1190.90 |      1180.52 |      1219.20 |                 10.75 |                    0.10 |   1205 |    63.3778 |
|        1 |         21 |          1190.90 |      1180.52 |      1259.69 |                 13.18 |                    0.10 |   1207 |    63.5101 |
|        1 |         22 |          1190.90 |      1180.52 |      1246.00 |                 24.95 |                    0.10 |   1210 |    63.8348 |
|        1 |         23 |          1190.90 |      1180.52 |      1246.20 |                  9.60 |                    0.10 |   1212 |    63.9466 |
|        1 |         24 |          1190.90 |      1180.52 |      1235.19 |                  9.59 |                    0.10 |   1215 |    64.1372 |
|        1 |         25 |          1190.90 |      1180.52 |      1237.37 |                 12.03 |                    0.10 |   1216 |    64.2241 |
|        1 |         26 |          1190.90 |      1180.52 |      1259.10 |                 10.94 |                    0.10 |   1217 |    64.3671 |
|        1 |         27 |          1190.90 |      1180.52 |      1250.33 |                 10.24 |                    0.10 |   1218 |    64.4864 |
|        1 |         28 |          1190.90 |      1180.52 |      1246.12 |                 12.58 |                    0.10 |   1218 |    64.5675 |
|        1 |         29 |          1190.90 |      1180.52 |      1245.21 |                 10.23 |                    0.10 |   1221 |    64.6809 |
|        1 |         30 |          1190.90 |      1180.52 |      1246.01 |                 21.35 |                    0.10 |   1226 |    64.7733 |
|        1 |         31 |          1190.90 |      1180.52 |      1267.83 |                 20.84 |                    0.10 |   1227 |    64.8672 |
|        1 |         32 |          1190.90 |      1180.52 |      1249.30 |                  8.41 |                    0.10 |   1231 |    65.0293 |
|        1 |         33 |          1190.90 |      1180.52 |      1238.80 |                 11.61 |                    0.10 |   1234 |    65.1673 |
|        1 |         34 |          1190.90 |      1180.52 |      1219.94 |                 13.32 |                    0.10 |   1234 |    65.3809 |
|        1 |         35 |          1190.90 |      1180.52 |      1250.36 |                 22.74 |                    0.10 |   1235 |    65.4747 |
|        1 |         36 |          1190.90 |      1180.52 |      1244.50 |                 11.11 |                    0.10 |   1237 |    65.5832 |
|        1 |         37 |          1190.90 |      1180.52 |      1235.22 |                 13.38 |                    0.10 |   1237 |    65.6618 |
|        1 |         38 |          1190.90 |      1180.52 |      1238.81 |                 11.46 |                    0.10 |   1238 |    65.7367 |
|        1 |         39 |          1190.90 |      1180.52 |      1234.71 |                 14.95 |                    0.10 |   1238 |    65.8048 |
|        1 |         40 |          1190.90 |      1180.52 |      1248.40 |                 16.58 |                    0.12 |   1239 |    65.9098 |
|        1 |         41 |          1190.90 |      1180.52 |      1274.40 |                 11.74 |                    0.10 |   1241 |    66.0018 |
|        1 |         42 |          1190.90 |      1180.52 |      1265.95 |                 14.55 |                    0.10 |   1241 |    66.0927 |
|        1 |         43 |          1190.90 |      1180.52 |      1269.86 |                  9.50 |                    0.10 |   1241 |    66.2100 |
|        1 |         44 |          1190.90 |      1180.52 |      1260.80 |                  6.02 |                    0.10 |   1242 |    66.3253 |
|        1 |         45 |          1190.90 |      1180.52 |      1222.97 |                 11.78 |                    0.10 |   1242 |    66.4890 |
|        1 |         46 |          1190.90 |      1180.52 |      1265.20 |                 12.96 |                    0.10 |   1242 |    66.5543 |
|        1 |         47 |          1190.90 |      1180.52 |      1255.80 |                  6.67 |                    0.10 |   1242 |    66.6276 |
|        1 |         48 |          1190.90 |      1180.52 |      1255.80 |                 11.17 |                    0.10 |   1242 |    66.7080 |
|        1 |         49 |          1190.90 |      1180.52 |      1255.80 |                  6.23 |                    0.10 |   1242 |    66.7877 |
|        1 |         50 |          1190.90 |      1180.52 |      1238.08 |                 10.20 |                    0.10 |   1242 |    66.9212 |
|        1 |         51 |          1190.90 |      1180.52 |      1251.42 |                  8.46 |                    0.10 |   1242 |    67.0495 |
|        1 |         52 |          1190.90 |      1180.52 |      1245.60 |                 10.39 |                    0.10 |   1243 |    67.1356 |
|        1 |         53 |          1190.90 |      1180.52 |      1278.20 |                  6.52 |                    0.10 |   1246 |    67.2512 |
|        1 |         54 |          1190.90 |      1180.52 |      1259.62 |                 11.49 |                    0.19 |   1247 |    67.5179 |
|        1 |         55 |          1190.90 |      1180.52 |      1263.05 |                 15.53 |                    0.10 |   1250 |    67.6775 |
|        1 |         56 |          1190.90 |      1180.52 |      1289.50 |                 12.53 |                    0.10 |   1250 |    67.7704 |
|        1 |         57 |          1190.90 |      1180.52 |      1262.90 |                 10.50 |                    0.10 |   1252 |    67.8821 |
|        1 |         58 |          1190.90 |      1180.52 |      1268.17 |                 14.25 |                    0.10 |   1252 |    67.9755 |
|        1 |         59 |          1190.90 |      1180.52 |      1271.18 |                 19.91 |                    0.10 |   1252 |    68.0677 |
|        1 |         60 |          1190.90 |      1180.52 |      1267.60 |                  7.12 |                    0.10 |   1253 |    68.2082 |
|        1 |         61 |          1190.90 |      1180.52 |      1230.77 |                 18.30 |                    0.10 |   1255 |    68.3087 |
|        1 |         62 |          1190.90 |      1180.52 |      1271.56 |                 14.70 |                    0.10 |   1256 |    68.4611 |
|        1 |         63 |          1190.90 |      1180.52 |      1277.20 |                  6.12 |                    0.10 |   1261 |    68.5679 |
|        1 |         64 |          1190.90 |      1180.52 |      1258.31 |                 12.76 |                    0.10 |   1261 |    68.6529 |
|        1 |         65 |          1190.90 |      1180.52 |      1287.00 |                  7.62 |                    0.10 |   1263 |    68.7520 |
|        1 |         66 |          1190.90 |      1180.52 |      1282.63 |                 11.89 |                    0.10 |   1266 |    68.8431 |
|        1 |         67 |          1190.90 |      1180.52 |      1276.48 |                 12.93 |                    0.10 |   1266 |    69.1170 |
|        1 |         68 |          1190.90 |      1180.52 |      1262.00 |                  7.36 |                    0.10 |   1266 |    69.1800 |
|        1 |         69 |          1190.90 |      1180.52 |      1254.46 |                 11.80 |                    0.10 |   1268 |    69.3621 |
|        1 |         70 |          1190.90 |      1180.52 |      1266.05 |                 31.30 |                    0.10 |   1268 |    69.4609 |
|        1 |         71 |          1190.90 |      1180.52 |      1258.90 |                  9.65 |                    0.10 |   1271 |    69.5696 |
|        1 |         72 |          1190.90 |      1180.52 |      1273.31 |                 19.90 |                    0.10 |   1273 |    69.6735 |
|        1 |         73 |          1190.90 |      1180.52 |      1293.86 |                 10.76 |                    0.10 |   1275 |    69.7591 |
|        1 |         74 |          1190.90 |      1180.52 |      1273.35 |                 25.58 |                    0.10 |   1277 |    69.8335 |
|        1 |         75 |          1190.90 |      1180.52 |      1281.00 |                 18.62 |                    0.12 |   1280 |    69.9652 |
|        1 |         76 |          1190.90 |      1180.52 |      1245.94 |                 17.37 |                    0.10 |   1281 |    70.1125 |
|        1 |         77 |          1190.90 |      1180.52 |      1233.81 |                  8.10 |                    0.10 |   1282 |    70.3418 |
|        1 |         78 |          1190.90 |      1180.52 |      1235.22 |                 10.87 |                    0.10 |   1282 |    70.4312 |
|        1 |         79 |          1190.90 |      1180.52 |      1241.05 |                 14.03 |                    0.10 |   1282 |    70.5140 |
|        1 |         80 |          1190.90 |      1180.52 |      1246.82 |                 13.29 |                    0.10 |   1282 |    70.5852 |
|        1 |         81 |          1190.90 |      1180.52 |      1250.78 |                 14.26 |                    0.10 |   1283 |    70.7333 |
|        1 |         82 |          1190.90 |      1180.52 |      1280.78 |                 14.00 |                    0.10 |   1283 |    70.9000 |
|        1 |         83 |          1190.90 |      1180.52 |      1241.70 |                 11.72 |                    0.10 |   1284 |    71.0343 |
|        1 |         84 |          1190.90 |      1180.52 |      1233.50 |                 13.84 |                    0.10 |   1284 |    71.2669 |
|        1 |         85 |          1190.90 |      1180.52 |      1233.35 |                 16.44 |                    0.10 |   1284 |    71.4022 |
|        1 |         86 |          1190.90 |      1180.52 |      1233.50 |                 11.08 |                    0.10 |   1284 |    71.4907 |
|        1 |         87 |          1190.90 |      1180.52 |      1233.10 |                 12.18 |                    0.10 |   1284 |    71.5848 |
|        1 |         88 |          1190.90 |      1180.52 |      1233.50 |                 11.65 |                    0.14 |   1284 |    71.6532 |
|        1 |         89 |          1190.90 |      1180.52 |      1233.64 |                 17.74 |                    0.12 |   1285 |    71.8224 |
|        1 |         90 |          1190.90 |      1180.52 |      1241.20 |                 12.38 |                    0.10 |   1285 |    71.9754 |
|        1 |         91 |          1190.90 |      1180.52 |      1239.96 |                 11.95 |                    0.10 |   1285 |    72.0667 |
|        1 |         92 |          1190.90 |      1180.52 |      1240.66 |                 11.51 |                    0.10 |   1285 |    72.2061 |
|        1 |         93 |          1190.90 |      1180.52 |      1241.20 |                 10.89 |                    0.10 |   1285 |    72.2913 |
|        1 |         94 |          1190.90 |      1180.52 |      1239.99 |                 11.26 |                    0.10 |   1285 |    72.4098 |
|        1 |         95 |          1190.90 |      1180.52 |      1239.24 |                  8.90 |                    0.10 |   1285 |    72.4936 |
|        1 |         96 |          1190.90 |      1180.52 |      1240.77 |                 12.57 |                    0.10 |   1285 |    72.5841 |
|        1 |         97 |          1190.90 |      1180.52 |      1247.04 |                 14.23 |                    0.10 |   1286 |    72.6798 |
|        1 |         98 |          1190.90 |      1180.52 |      1240.56 |                  9.56 |                    0.10 |   1286 |    72.7910 |
|        1 |         99 |          1190.90 |      1180.52 |      1239.21 |                 11.28 |                    0.10 |   1286 |    72.8681 |
|        1 |        100 |          1190.90 |      1180.52 |      1233.01 |                 16.48 |                    0.10 |   1287 |    73.0506 |
|        1 |        101 |          1190.90 |      1180.52 |      1232.00 |                 11.13 |                    0.10 |   1287 |    73.2244 |
|        1 |        102 |          1190.90 |      1180.52 |      1265.78 |                 12.24 |                    0.10 |   1288 |    73.3046 |
|        1 |        103 |          1190.90 |      1180.52 |      1238.65 |                 21.91 |                    0.10 |   1288 |    73.4247 |
|        1 |        104 |          1190.90 |      1180.52 |      1253.80 |                 11.17 |                    0.10 |   1288 |    73.4843 |
|        1 |        105 |          1190.90 |      1180.52 |      1244.12 |                  7.52 |                    0.10 |   1288 |    73.5677 |
|        1 |        106 |          1190.90 |      1180.52 |      1236.08 |                  6.91 |                    0.10 |   1288 |    73.6392 |
|        1 |        107 |          1190.90 |      1180.52 |      1232.16 |                 13.16 |                    0.10 |   1290 |    73.7195 |
|        1 |        108 |          1190.90 |      1180.52 |      1262.30 |                 15.84 |                    0.10 |   1291 |    73.8006 |
|        1 |        109 |          1190.90 |      1180.52 |      1272.00 |                  5.68 |                    0.10 |   1293 |    73.8901 |
|        1 |        110 |          1190.90 |      1180.52 |      1220.76 |                 15.60 |                    0.10 |   1297 |    74.0365 |
|        1 |        111 |          1190.90 |      1180.52 |      1254.49 |                 11.27 |                    0.10 |   1299 |    74.1142 |
|        1 |        112 |          1190.90 |      1180.52 |      1241.15 |                  9.75 |                    0.10 |   1300 |    74.1974 |
|        1 |        113 |          1190.90 |      1180.52 |      1234.84 |                 12.22 |                    0.10 |   1300 |    74.2572 |
|        1 |        114 |          1190.90 |      1180.52 |      1221.97 |                 14.04 |                    0.10 |   1301 |    74.4181 |
|        1 |        115 |          1190.90 |      1180.52 |      1245.43 |                 11.21 |                    0.10 |   1301 |    74.4960 |
|        1 |        116 |          1190.90 |      1180.52 |      1256.76 |                  7.56 |                    0.10 |   1303 |    74.5674 |
|        1 |        117 |          1190.90 |      1180.52 |      1262.35 |                 12.41 |                    0.10 |   1304 |    74.6448 |
|        1 |        118 |          1190.90 |      1180.52 |      1266.20 |                 15.04 |                    0.10 |   1307 |    74.7708 |
|        1 |        119 |          1190.90 |      1180.52 |      1260.30 |                  9.24 |                    0.10 |   1307 |    74.8807 |
|        1 |        120 |          1190.90 |      1180.52 |      1237.14 |                 21.32 |                    0.10 |   1308 |    74.9486 |
|        1 |        121 |          1190.90 |      1180.52 |      1246.50 |                  8.28 |                    0.10 |   1308 |    75.0293 |
|        1 |        122 |          1190.90 |      1180.52 |      1264.80 |                 14.56 |                    0.10 |   1309 |    75.1134 |
|        1 |        123 |          1190.90 |      1180.52 |      1264.80 |                 12.84 |                    0.10 |   1309 |    75.1917 |
|        1 |        124 |          1190.90 |      1180.52 |      1254.56 |                 15.99 |                    0.10 |   1313 |    75.3474 |
|        1 |        125 |          1190.90 |      1180.52 |      1274.99 |                 11.68 |                    0.10 |   1313 |    75.4053 |
|        1 |        126 |          1190.90 |      1180.52 |      1283.50 |                  7.95 |                    0.10 |   1317 |    75.4708 |
|        1 |        127 |          1190.90 |      1180.52 |      1248.50 |                  9.31 |                    0.10 |   1317 |    75.6565 |
|        1 |        128 |          1190.90 |      1180.52 |      1248.50 |                 13.01 |                    0.10 |   1317 |    75.7381 |
|        1 |        129 |          1190.90 |      1180.52 |      1248.50 |                  6.37 |                    0.10 |   1317 |    75.8069 |
|        1 |        130 |          1190.90 |      1180.52 |      1249.26 |                 13.37 |                    0.10 |   1319 |    75.9820 |
|        1 |        131 |          1190.90 |      1180.52 |      1260.67 |                  6.81 |                    0.10 |   1319 |    76.0531 |
|        1 |        132 |          1190.90 |      1180.52 |      1245.62 |                 14.65 |                    0.10 |   1319 |    76.1196 |
|        1 |        133 |          1190.90 |      1180.52 |      1301.69 |                 21.99 |                    0.10 |   1322 |    76.1768 |
|        1 |        134 |          1190.90 |      1180.52 |      1271.81 |                 20.88 |                    0.10 |   1323 |    76.3633 |
|        1 |        135 |          1190.90 |      1180.52 |      1314.90 |                 10.11 |                    0.10 |   1328 |    76.4402 |
|        1 |        136 |          1190.90 |      1180.52 |      1281.32 |                 15.16 |                    0.10 |   1329 |    76.5088 |
|        1 |        137 |          1190.90 |      1180.52 |      1299.50 |                 30.73 |                    0.10 |   1333 |    76.5595 |
|        1 |        138 |          1190.90 |      1180.52 |      1294.44 |                 14.24 |                    0.10 |   1333 |    76.8542 |
|        1 |        139 |          1190.90 |      1180.52 |      1306.20 |                  9.48 |                    0.10 |   1337 |    76.9571 |
|        1 |        140 |          1190.90 |      1180.52 |      1302.30 |                 22.98 |                    0.10 |   1338 |    77.0320 |
|        1 |        141 |          1190.90 |      1180.52 |      1278.50 |                  7.45 |                    0.10 |   1340 |    77.1313 |
|        1 |        142 |          1190.90 |      1180.52 |      1285.52 |                  7.78 |                    0.10 |   1342 |    77.2250 |
|        1 |        143 |          1190.90 |      1180.52 |      1282.79 |                 18.13 |                    0.12 |   1345 |    77.2899 |
|        1 |        144 |          1190.90 |      1180.52 |      1241.60 |                  6.43 |                    0.11 |   1348 |    77.5706 |
|        1 |        145 |          1190.90 |      1180.52 |      1249.27 |                  9.32 |                    0.10 |   1352 |    77.6974 |
|        1 |        146 |          1190.90 |      1180.52 |      1246.94 |                 19.47 |                    0.10 |   1354 |    77.7465 |
|        1 |        147 |          1190.90 |      1180.52 |      1256.68 |                 22.05 |                    0.10 |   1357 |    77.8326 |
|        1 |        148 |          1190.90 |      1180.52 |      1263.50 |                  7.91 |                    0.10 |   1359 |    77.9152 |
|        1 |        149 |          1190.90 |      1180.52 |      1243.61 |                  9.68 |                    0.10 |   1361 |    78.0292 |
|        1 |        150 |          1190.90 |      1180.52 |      1256.85 |                 20.20 |                    0.10 |   1362 |    78.0989 |
|        1 |        151 |          1190.90 |      1180.52 |      1273.80 |                 18.74 |                    0.10 |   1363 |    78.1841 |
|        1 |        152 |          1190.90 |      1180.52 |      1260.02 |                  9.78 |                    0.10 |   1363 |    78.3543 |
|        1 |        153 |          1190.90 |      1180.52 |      1269.10 |                 31.32 |                    0.10 |   1365 |    78.4453 |
|        1 |        154 |          1190.90 |      1180.52 |      1250.00 |                 14.07 |                    0.10 |   1366 |    78.6034 |
|        1 |        155 |          1190.90 |      1180.52 |      1225.10 |                 10.85 |                    0.10 |   1366 |    78.7506 |
|        1 |        156 |          1190.90 |      1180.52 |      1223.00 |                  8.58 |                    0.10 |   1366 |    78.8287 |
|        1 |        157 |          1190.90 |      1180.52 |      1230.67 |                 20.81 |                    0.10 |   1367 |    78.9010 |
|        1 |        158 |          1190.90 |      1180.52 |      1259.02 |                 16.61 |                    0.10 |   1369 |    78.9811 |
|        1 |        159 |          1190.90 |      1180.52 |      1247.60 |                 16.26 |                    0.12 |   1370 |    79.1572 |
|        1 |        160 |          1190.90 |      1180.52 |      1258.50 |                  6.19 |                    0.10 |   1370 |    79.2365 |
|        1 |        161 |          1190.90 |      1180.52 |      1222.96 |                  8.58 |                    0.10 |   1370 |    79.2908 |
|        1 |        162 |          1190.90 |      1180.52 |      1272.40 |                  9.43 |                    0.10 |   1373 |    79.3778 |
|        1 |        163 |          1190.90 |      1180.52 |      1265.08 |                 13.01 |                    0.10 |   1377 |    79.5163 |
|        1 |        164 |          1190.90 |      1180.52 |      1252.80 |                  7.03 |                    0.10 |   1377 |    79.6001 |
|        1 |        165 |          1190.90 |      1180.52 |      1239.97 |                 10.03 |                    0.10 |   1377 |    79.6734 |
|        1 |        166 |          1190.90 |      1180.52 |      1255.76 |                 25.05 |                    0.10 |   1383 |    79.7518 |
|        1 |        167 |          1190.90 |      1180.52 |      1268.63 |                  8.27 |                    0.10 |   1386 |    79.8996 |
|        1 |        168 |          1190.90 |      1180.52 |      1250.69 |                  8.39 |                    0.10 |   1388 |    79.9931 |
------------------------------------------------------------------------------------------------------------------------------------------------
|  Restart |  Iteration |  Best Feas. Cost |    Best Cost |   Curr. Cost |   Penalty Custom Res. |   Penalty Standard Res. |   Pool |   Time (s) |
------------------------------------------------------------------------------------------------------------------------------------------------
|        1 |        169 |          1190.90 |      1180.52 |      1258.88 |                 20.44 |                    0.13 |   1393 |    80.1499 |
|        1 |        170 |          1190.90 |      1180.52 |      1280.70 |                 18.13 |                    0.10 |   1398 |    80.3167 |
|        1 |        171 |          1190.90 |      1180.52 |      1276.20 |                 12.71 |                    0.10 |   1399 |    80.3965 |
|        1 |        172 |          1190.90 |      1180.52 |      1259.20 |                  8.45 |                    0.10 |   1401 |    80.5262 |
|        1 |        173 |          1190.90 |      1180.52 |      1271.70 |                 10.58 |                    0.10 |   1405 |    80.5962 |
|        1 |        174 |          1190.90 |      1180.52 |      1260.47 |                  8.70 |                    0.10 |   1406 |    80.6793 |
|        1 |        175 |          1190.90 |      1180.52 |      1247.60 |                 13.84 |                    0.10 |   1407 |    80.7768 |
|        1 |        176 |          1190.90 |      1180.52 |      1248.70 |                  5.72 |                    0.10 |   1407 |    80.8414 |
|        1 |        177 |          1190.90 |      1180.52 |      1248.90 |                 10.90 |                    0.10 |   1407 |    80.9164 |
|        1 |        178 |          1190.90 |      1180.52 |      1248.20 |                  6.19 |                    0.11 |   1407 |    80.9954 |
|        1 |        179 |          1190.90 |      1180.52 |      1240.31 |                  7.66 |                    0.10 |   1407 |    81.1093 |
|        1 |        180 |          1190.90 |      1180.52 |      1282.54 |                  6.76 |                    0.10 |   1409 |    81.1697 |
|        1 |        181 |          1190.90 |      1180.52 |      1294.88 |                 10.81 |                    0.10 |   1413 |    81.3563 |
|        1 |        182 |          1190.90 |      1180.52 |      1302.51 |                 24.93 |                    0.10 |   1414 |    81.4242 |
|        1 |        183 |          1190.90 |      1180.52 |      1287.20 |                 14.99 |                    0.10 |   1417 |    81.5618 |
|        1 |        184 |          1190.90 |      1180.52 |      1252.45 |                 11.13 |                    0.10 |   1417 |    81.6874 |
|        1 |        185 |          1190.90 |      1180.52 |      1255.64 |                 22.55 |                    0.10 |   1417 |    81.7416 |
|        1 |        186 |          1190.90 |      1180.52 |      1271.20 |                 12.82 |                    0.10 |   1417 |    81.8111 |
|        1 |        187 |          1190.90 |      1180.52 |      1260.29 |                 15.57 |                    0.10 |   1418 |    81.8895 |
|        1 |        188 |          1190.90 |      1180.52 |      1274.44 |                 22.92 |                    0.10 |   1418 |    81.9429 |
|        1 |        189 |          1190.90 |      1180.52 |      1241.91 |                  7.83 |                    0.10 |   1420 |    82.1594 |
|        1 |        190 |          1190.90 |      1180.52 |      1236.45 |                 11.41 |                    0.10 |   1420 |    82.2291 |
|        1 |        191 |          1190.90 |      1180.52 |      1242.30 |                 13.19 |                    0.10 |   1421 |    82.3049 |
|        1 |        192 |          1190.90 |      1180.52 |      1242.30 |                  8.62 |                    0.10 |   1421 |    82.3783 |
|        1 |        193 |          1190.90 |      1180.52 |      1242.49 |                 14.89 |                    0.10 |   1422 |    82.4408 |
|        1 |        194 |          1190.90 |      1180.52 |      1244.10 |                  8.63 |                    0.10 |   1423 |    82.5198 |
|        1 |        195 |          1190.90 |      1180.52 |      1237.46 |                 19.31 |                    0.10 |   1423 |    82.5916 |
|        1 |        196 |          1190.90 |      1180.52 |      1244.10 |                 11.54 |                    0.10 |   1423 |    82.6577 |
|        1 |        197 |          1190.90 |      1180.52 |      1240.52 |                 14.56 |                    0.10 |   1426 |    82.7831 |
|        1 |        198 |          1190.90 |      1180.52 |      1241.00 |                  8.44 |                    0.10 |   1426 |    82.8589 |
|        1 |        199 |          1190.90 |      1180.52 |      1253.00 |                  5.97 |                    0.10 |   1429 |    82.9574 |
|        1 |        200 |          1190.90 |      1180.52 |      1249.22 |                 10.93 |                    0.10 |   1429 |    83.0437 |
|        1 |        201 |          1190.90 |      1180.52 |      1253.00 |                 10.87 |                    0.10 |   1429 |    83.1223 |
|        1 |        202 |          1190.90 |      1180.52 |      1280.45 |                 10.87 |                    0.10 |   1434 |    83.2795 |
|        1 |        203 |          1190.90 |      1180.52 |      1287.90 |                  6.82 |                    0.10 |   1434 |    83.3656 |
|        1 |        204 |          1190.90 |      1180.52 |      1276.60 |                 14.10 |                    0.10 |   1437 |    83.4212 |
|        1 |        205 |          1190.90 |      1180.52 |      1277.00 |                  7.90 |                    0.13 |   1439 |    83.5545 |
|        1 |        206 |          1190.90 |      1180.52 |      1277.00 |                  9.50 |                    0.10 |   1439 |    83.6365 |
|        1 |        207 |          1190.90 |      1180.52 |      1270.92 |                 14.19 |                    0.10 |   1440 |    83.7814 |
|        1 |        208 |          1190.90 |      1180.52 |      1235.00 |                 10.63 |                    0.10 |   1442 |    83.9179 |
|        1 |        209 |          1190.90 |      1180.52 |      1236.42 |                 17.10 |                    0.10 |   1443 |    83.9913 |
|        1 |        210 |          1190.90 |      1180.52 |      1232.70 |                 21.43 |                    0.10 |   1444 |    84.0538 |
|        1 |        211 |          1190.90 |      1180.52 |      1241.80 |                  7.24 |                    0.10 |   1445 |    84.1349 |
|        1 |        212 |          1190.90 |      1180.52 |      1220.29 |                 15.72 |                    0.10 |   1445 |    84.2048 |
|        1 |        213 |          1190.90 |      1180.52 |      1235.60 |                 15.49 |                    0.10 |   1445 |    84.2804 |
|        1 |        214 |          1190.90 |      1180.52 |      1236.60 |                  6.59 |                    0.10 |   1445 |    84.3716 |
|        1 |        215 |          1190.90 |      1180.52 |      1217.90 |                 13.30 |                    0.10 |   1445 |    84.4958 |
|        1 |        216 |          1190.90 |      1180.52 |      1259.92 |                  8.69 |                    0.10 |   1447 |    84.5656 |
|        1 |        217 |          1190.90 |      1180.52 |      1251.79 |                 19.63 |                    0.10 |   1447 |    84.6451 |
|        1 |        218 |          1190.90 |      1180.52 |      1275.50 |                 11.59 |                    0.10 |   1450 |    84.7611 |
|        1 |        219 |          1190.90 |      1180.52 |      1262.55 |                 17.32 |                    0.10 |   1452 |    84.8812 |
|        1 |        220 |          1190.90 |      1180.52 |      1276.20 |                  9.34 |                    0.10 |   1452 |    85.0010 |
|        1 |        221 |          1190.90 |      1180.52 |      1261.50 |                 11.83 |                    0.10 |   1453 |    85.0637 |
|        1 |        222 |          1190.90 |      1180.52 |      1255.20 |                  8.54 |                    0.11 |   1453 |    85.1400 |
|        1 |        223 |          1190.90 |      1180.52 |      1249.81 |                 11.21 |                    0.10 |   1454 |    85.2818 |
|        1 |        224 |          1190.90 |      1180.52 |      1264.03 |                  8.01 |                    0.10 |   1454 |    85.3689 |
|        1 |        225 |          1190.90 |      1180.52 |      1257.61 |                 17.74 |                    0.10 |   1456 |    85.4384 |
|        1 |        226 |          1190.90 |      1180.52 |      1264.30 |                 10.39 |                    0.10 |   1457 |    85.5099 |
|        1 |        227 |          1190.90 |      1180.52 |      1264.30 |                  5.35 |                    0.10 |   1457 |    85.5760 |
|        1 |        228 |          1190.90 |      1180.52 |      1256.35 |                 14.31 |                    0.10 |   1458 |    85.6564 |
|        1 |        229 |          1190.90 |      1180.52 |      1265.20 |                  7.51 |                    0.10 |   1461 |    85.7433 |
|        1 |        230 |          1190.90 |      1180.52 |      1263.88 |                 21.97 |                    0.10 |   1462 |    85.8376 |
|        1 |        231 |          1190.90 |      1180.52 |      1272.60 |                  8.37 |                    0.10 |   1464 |    86.0803 |
|        1 |        232 |          1190.90 |      1180.52 |      1268.76 |                 10.26 |                    0.10 |   1465 |    86.1917 |
|        1 |        233 |          1190.90 |      1180.52 |      1280.80 |                  6.42 |                    0.10 |   1468 |    86.3146 |
|        1 |        234 |          1190.90 |      1180.52 |      1252.70 |                  6.11 |                    0.10 |   1471 |    86.4781 |
|        1 |        235 |          1190.90 |      1180.52 |      1252.70 |                  7.56 |                    0.15 |   1471 |    86.5714 |
|        1 |        236 |          1190.90 |      1180.52 |      1247.20 |                  8.37 |                    0.10 |   1473 |    86.7055 |
|        1 |        237 |          1190.90 |      1180.52 |      1247.20 |                  6.89 |                    0.10 |   1473 |    86.7790 |
|        1 |        238 |          1190.90 |      1180.52 |      1247.20 |                 10.23 |                    0.10 |   1473 |    86.8496 |
|        1 |        239 |          1190.90 |      1180.52 |      1246.60 |                  7.46 |                    0.10 |   1474 |    86.9281 |
|        1 |        240 |          1190.90 |      1180.52 |      1251.30 |                  5.29 |                    0.10 |   1476 |    86.9896 |
|        1 |        241 |          1190.90 |      1180.52 |      1264.51 |                 11.71 |                    0.10 |   1481 |    87.0631 |
|        1 |        242 |          1190.90 |      1180.52 |      1287.90 |                  6.32 |                    0.10 |   1488 |    87.1704 |
|        1 |        243 |          1190.90 |      1180.52 |      1280.32 |                  9.02 |                    0.10 |   1488 |    87.2384 |
|        1 |        244 |          1190.90 |      1180.52 |      1291.57 |                  9.06 |                    0.10 |   1491 |    87.3320 |
|        1 |        245 |          1190.90 |      1180.52 |      1285.85 |                 20.68 |                    0.11 |   1494 |    87.4042 |
|        1 |        246 |          1190.90 |      1180.52 |      1298.70 |                  8.41 |                    0.10 |   1499 |    87.5577 |
|        1 |        247 |          1190.90 |      1180.52 |      1318.97 |                 10.85 |                    0.10 |   1504 |    87.6316 |
|        1 |        248 |          1190.90 |      1180.52 |      1299.30 |                  7.85 |                    0.10 |   1507 |    87.8244 |
|        1 |        249 |          1190.90 |      1180.52 |      1269.70 |                  8.47 |                    0.15 |   1509 |    87.8908 |
|        1 |        250 |          1190.90 |      1180.52 |      1265.88 |                 12.54 |                    0.10 |   1511 |    88.0057 |
|        1 |        251 |          1190.90 |      1180.52 |      1285.44 |                  6.45 |                    0.10 |   1513 |    88.0993 |
|        1 |        252 |          1190.90 |      1180.52 |      1268.02 |                 16.26 |                    0.14 |   1515 |    88.1806 |
|        1 |        253 |          1190.90 |      1180.52 |      1279.40 |                  8.17 |                    0.10 |   1519 |    88.3031 |
|        1 |        254 |          1190.90 |      1180.52 |      1238.17 |                  9.61 |                    0.10 |   1520 |    88.4066 |
|        1 |        255 |          1190.90 |      1180.52 |      1245.02 |                  6.94 |                    0.10 |   1520 |    88.4976 |
|        1 |        256 |          1190.90 |      1180.52 |      1238.93 |                 13.91 |                    0.10 |   1520 |    88.5681 |
|        1 |        257 |          1190.90 |      1180.52 |      1237.75 |                 13.22 |                    0.11 |   1520 |    88.7539 |
|        1 |        258 |          1190.90 |      1180.52 |      1237.50 |                 19.82 |                    0.10 |   1520 |    88.8245 |
|        1 |        259 |          1190.90 |      1180.52 |      1237.50 |                  9.13 |                    0.10 |   1520 |    88.8980 |
|        1 |        260 |          1190.90 |      1180.52 |      1241.95 |                  9.17 |                    0.10 |   1521 |    88.9797 |
|        1 |        261 |          1190.90 |      1180.52 |      1258.94 |                  7.74 |                    0.10 |   1521 |    89.1165 |
|        1 |        262 |          1190.90 |      1180.52 |      1259.04 |                 11.14 |                    0.10 |   1521 |    89.2174 |
|        1 |        263 |          1190.90 |      1180.52 |      1259.60 |                  6.02 |                    0.11 |   1521 |    89.3090 |
|        1 |        264 |          1190.90 |      1180.52 |      1245.70 |                 10.15 |                    0.10 |   1522 |    89.4385 |
|        1 |        265 |          1190.90 |      1180.52 |      1245.80 |                 10.09 |                    0.10 |   1522 |    89.5204 |
|        1 |        266 |          1190.90 |      1180.52 |      1239.01 |                 13.32 |                    0.10 |   1524 |    89.7140 |
|        1 |        267 |          1190.90 |      1180.52 |      1237.70 |                 10.61 |                    0.10 |   1527 |    89.8225 |
|        1 |        268 |          1190.90 |      1180.52 |      1237.70 |                 20.23 |                    0.10 |   1529 |    89.9241 |
|        1 |        269 |          1190.90 |      1180.52 |      1233.93 |                 19.85 |                    0.10 |   1531 |    90.0706 |
|        1 |        270 |          1190.90 |      1180.52 |      1237.90 |                 11.26 |                    0.10 |   1531 |    90.1772 |
|        1 |        271 |          1190.90 |      1180.52 |      1237.90 |                 15.44 |                    0.10 |   1531 |    90.2449 |
|        1 |        272 |          1190.90 |      1180.52 |      1262.10 |                  8.00 |                    0.10 |   1532 |    90.3736 |
|        1 |        273 |          1190.90 |      1180.52 |      1229.86 |                 19.58 |                    0.10 |   1533 |    90.4497 |
|        1 |        274 |          1190.90 |      1180.52 |      1246.00 |                 15.72 |                    0.10 |   1534 |    90.5983 |
|        1 |        275 |          1190.90 |      1180.52 |      1252.60 |                 16.13 |                    0.10 |   1536 |    90.7004 |
|        1 |        276 |          1190.90 |      1180.52 |      1282.79 |                 22.98 |                    0.10 |   1538 |    90.8087 |
|        1 |        277 |          1190.90 |      1180.52 |      1269.50 |                 10.26 |                    0.10 |   1538 |    90.9113 |
|        1 |        278 |          1190.90 |      1180.52 |      1245.89 |                 20.04 |                    0.10 |   1539 |    91.0819 |
|        1 |        279 |          1190.90 |      1180.52 |      1219.90 |                  8.48 |                    0.10 |   1543 |    91.2338 |
|        1 |        280 |          1190.90 |      1180.52 |      1211.71 |                  7.24 |                    0.10 |   1544 |    91.3665 |
|        1 |        281 |          1190.90 |      1180.52 |      1217.96 |                  9.24 |                    0.16 |   1546 |    91.4637 |
|        1 |        282 |          1190.90 |      1180.52 |      1211.50 |                  7.15 |                    0.10 |   1548 |    91.5627 |
|        1 |        283 |          1190.90 |      1180.52 |      1223.20 |                 11.26 |                    0.20 |   1550 |    91.6648 |
|        1 |        284 |          1190.90 |      1180.52 |      1218.30 |                  6.59 |                    0.10 |   1551 |    91.7794 |
|        1 |        285 |          1190.90 |      1180.52 |      1218.30 |                  7.31 |                    0.10 |   1551 |    91.8780 |
|        1 |        286 |          1190.90 |      1180.52 |      1218.30 |                  6.33 |                    0.10 |   1551 |    91.9585 |
|        1 |        287 |          1190.90 |      1180.52 |      1218.30 |                 10.82 |                    0.10 |   1551 |    92.0194 |
|        1 |        288 |          1190.90 |      1180.52 |      1219.30 |                  7.21 |                    0.10 |   1551 |    92.1112 |
|        1 |        289 |          1190.90 |      1180.52 |      1235.18 |                 13.86 |                    0.10 |   1552 |    92.2214 |
|        1 |        290 |          1190.90 |      1180.52 |      1232.00 |                  6.85 |                    0.11 |   1553 |    92.3223 |
|        1 |        291 |          1190.90 |      1180.52 |      1240.54 |                  9.97 |                    0.10 |   1554 |    92.4050 |
|        1 |        292 |          1190.90 |      1180.52 |      1235.60 |                 11.63 |                    0.11 |   1556 |    92.4946 |
|        1 |        293 |          1190.90 |      1180.52 |      1270.10 |                 11.08 |                    0.10 |   1556 |    92.6365 |
|        1 |        294 |          1190.90 |      1180.52 |      1270.10 |                 10.92 |                    0.10 |   1556 |    92.7018 |
|        1 |        295 |          1190.90 |      1180.52 |      1248.24 |                  8.48 |                    0.11 |   1557 |    92.8962 |
|        1 |        296 |          1190.90 |      1180.52 |      1252.05 |                  6.85 |                    0.10 |   1559 |    92.9616 |
|        1 |        297 |          1190.90 |      1180.52 |      1234.48 |                  6.61 |                    0.10 |   1559 |    93.0500 |
|        1 |        298 |          1190.90 |      1180.52 |      1232.55 |                 11.07 |                    0.10 |   1560 |    93.1162 |
|        1 |        299 |          1190.90 |      1180.52 |      1242.06 |                 12.79 |                    0.10 |   1560 |    93.1909 |
|        1 |        300 |          1190.90 |      1180.52 |      1267.90 |                 12.48 |                    0.10 |   1562 |    93.2677 |
|        1 |        301 |          1190.90 |      1180.52 |      1267.90 |                  7.17 |                    0.10 |   1562 |    93.3324 |
|        1 |        302 |          1190.90 |      1180.52 |      1267.90 |                  5.23 |                    0.10 |   1562 |    93.3995 |
|        1 |        303 |          1190.90 |      1180.52 |      1253.04 |                 12.69 |                    0.19 |   1562 |    93.4695 |
|        1 |        304 |          1190.90 |      1180.52 |      1267.08 |                 18.66 |                    0.10 |   1562 |    93.5426 |
|        1 |        305 |          1190.90 |      1180.52 |      1280.92 |                 10.92 |                    0.10 |   1562 |    93.6230 |
|        1 |        306 |          1190.90 |      1180.52 |      1265.13 |                 14.96 |                    0.10 |   1562 |    93.7151 |
|        1 |        307 |          1190.90 |      1180.52 |      1293.10 |                  8.16 |                    0.10 |   1562 |    93.7989 |
|        1 |        308 |          1190.90 |      1180.52 |      1272.44 |                 16.79 |                    0.10 |   1566 |    93.9324 |
|        1 |        309 |          1190.90 |      1180.52 |      1253.38 |                 15.99 |                    0.10 |   1566 |    94.0750 |
|        1 |        310 |          1190.90 |      1180.52 |      1258.60 |                 10.45 |                    0.10 |   1566 |    94.1601 |
|        1 |        311 |          1190.90 |      1180.52 |      1258.60 |                  9.21 |                    0.10 |   1566 |    94.2402 |
|        1 |        312 |          1190.90 |      1180.52 |      1293.10 |                  5.03 |                    0.10 |   1566 |    94.3135 |
|        1 |        313 |          1190.90 |      1180.52 |      1252.11 |                  8.10 |                    0.10 |   1567 |    94.3836 |
|        1 |        314 |          1190.90 |      1180.52 |      1289.24 |                 17.96 |                    0.10 |   1567 |    94.4437 |
|        1 |        315 |          1190.90 |      1180.52 |      1298.31 |                 13.54 |                    0.10 |   1567 |    94.6465 |
|        1 |        316 |          1190.90 |      1180.52 |      1294.90 |                  9.40 |                    0.11 |   1568 |    94.7227 |
|        1 |        317 |          1190.90 |      1180.52 |      1267.28 |                 18.43 |                    0.10 |   1569 |    94.8211 |
|        1 |        318 |          1190.90 |      1180.52 |      1282.90 |                  5.90 |                    0.10 |   1572 |    94.9681 |
|        1 |        319 |          1190.90 |      1180.52 |      1254.13 |                 16.73 |                    0.10 |   1576 |    95.0843 |
|        1 |        320 |          1190.90 |      1180.52 |      1282.41 |                 15.67 |                    0.10 |   1577 |    95.1521 |
|        1 |        321 |          1190.90 |      1180.52 |      1254.30 |                 17.03 |                    0.10 |   1579 |    95.2691 |
|        1 |        322 |          1190.90 |      1180.52 |      1254.30 |                  6.62 |                    0.10 |   1579 |    95.3503 |
|        1 |        323 |          1190.90 |      1180.52 |      1247.12 |                 10.63 |                    0.10 |   1581 |    95.4648 |
|        1 |        324 |          1190.90 |      1180.52 |      1298.31 |                  9.68 |                    0.10 |   1584 |    95.5379 |
|        1 |        325 |          1190.90 |      1180.52 |      1291.78 |                 28.63 |                    0.10 |   1585 |    95.6260 |
|        1 |        326 |          1190.90 |      1180.52 |      1262.70 |                  7.58 |                    0.10 |   1587 |    95.7605 |
|        1 |        327 |          1190.90 |      1180.52 |      1243.83 |                 15.51 |                    0.19 |   1587 |    95.8276 |
|        1 |        328 |          1190.90 |      1180.52 |      1259.04 |                 22.97 |                    0.10 |   1587 |    95.9607 |
|        1 |        329 |          1190.90 |      1180.52 |      1253.19 |                 15.96 |                    0.10 |   1587 |    96.1874 |
|        1 |        330 |          1190.90 |      1180.52 |      1277.63 |                 11.78 |                    0.10 |   1587 |    96.2484 |
|        1 |        331 |          1190.90 |      1180.52 |      1250.31 |                 17.50 |                    0.10 |   1591 |    96.3169 |
|        1 |        332 |          1190.90 |      1180.52 |      1263.70 |                  9.45 |                    0.10 |   1592 |    96.4045 |
|        1 |        333 |          1190.90 |      1180.52 |      1250.61 |                 19.93 |                    0.10 |   1592 |    96.4804 |
|        1 |        334 |          1190.90 |      1180.52 |      1263.70 |                  9.27 |                    0.10 |   1592 |    96.5562 |
|        1 |        335 |          1190.90 |      1180.52 |      1252.43 |                 11.85 |                    0.10 |   1593 |    96.6367 |
|        1 |        336 |          1190.90 |      1180.52 |      1237.75 |                 22.94 |                    0.10 |   1594 |    96.7785 |
|        1 |        337 |          1190.90 |      1180.52 |      1240.00 |                 11.58 |                    0.10 |   1594 |    96.8470 |
|        1 |        338 |          1190.90 |      1180.52 |      1240.00 |                 14.20 |                    0.10 |   1594 |    96.9403 |
|        1 |        339 |          1190.90 |      1180.52 |      1239.30 |                 21.26 |                    0.10 |   1594 |    97.0368 |
|        1 |        340 |          1190.90 |      1180.52 |      1258.60 |                  4.82 |                    0.10 |   1596 |    97.2481 |
|        1 |        341 |          1190.90 |      1180.52 |      1232.70 |                  9.56 |                    0.10 |   1596 |    97.3446 |
|        1 |        342 |          1190.90 |      1180.52 |      1257.70 |                  5.16 |                    0.11 |   1597 |    97.4336 |
|        1 |        343 |          1190.90 |      1180.52 |      1231.59 |                  9.34 |                    0.10 |   1599 |    97.5434 |
|        1 |        344 |          1190.90 |      1180.52 |      1249.87 |                 15.50 |                    0.10 |   1599 |    97.6009 |
|        1 |        345 |          1190.90 |      1180.52 |      1242.40 |                 10.53 |                    0.10 |   1602 |    97.7023 |
|        1 |        346 |          1190.90 |      1180.52 |      1235.12 |                  7.80 |                    0.10 |   1603 |    97.8573 |
|        1 |        347 |          1190.90 |      1180.52 |      1238.10 |                 16.57 |                    0.10 |   1603 |    97.9542 |
|        1 |        348 |          1190.90 |      1180.52 |      1237.51 |                 13.99 |                    0.10 |   1604 |    98.0891 |
|        1 |        349 |          1190.90 |      1180.52 |      1241.30 |                  4.73 |                    0.10 |   1607 |    98.1668 |
|        1 |        350 |          1190.90 |      1180.52 |      1233.96 |                  7.45 |                    0.10 |   1607 |    98.2487 |
|        1 |        351 |          1190.90 |      1180.52 |      1239.20 |                 10.48 |                    0.10 |   1609 |    98.3798 |
|        1 |        352 |          1190.90 |      1180.52 |      1239.20 |                  7.88 |                    0.10 |   1609 |    98.4645 |
|        1 |        353 |          1190.90 |      1180.52 |      1236.30 |                 15.77 |                    0.19 |   1610 |    98.5559 |
|        1 |        354 |          1190.90 |      1180.52 |      1262.80 |                  7.31 |                    0.10 |   1613 |    98.6837 |
|        1 |        355 |          1190.90 |      1180.52 |      1271.08 |                  9.05 |                    0.10 |   1616 |    98.7844 |
|        1 |        356 |          1190.90 |      1180.52 |      1237.90 |                 15.28 |                    0.10 |   1616 |    98.8770 |
|        1 |        357 |          1190.90 |      1180.52 |      1237.90 |                  7.71 |                    0.10 |   1617 |    98.9454 |
|        1 |        358 |          1190.90 |      1180.52 |      1245.80 |                  7.99 |                    0.14 |   1617 |    99.0163 |
|        1 |        359 |          1190.90 |      1180.52 |      1220.90 |                  6.17 |                    0.13 |   1617 |    99.1512 |
|        1 |        360 |          1190.90 |      1180.52 |      1225.82 |                  7.42 |                    0.10 |   1619 |    99.2357 |
|        1 |        361 |          1190.90 |      1180.52 |      1227.89 |                  6.29 |                    0.10 |   1619 |    99.3013 |
|        1 |        362 |          1190.90 |      1180.52 |      1220.90 |                  7.56 |                    0.10 |   1619 |    99.3960 |
|        1 |        363 |          1190.90 |      1180.52 |      1223.00 |                  5.15 |                    0.10 |   1620 |    99.4548 |
|        1 |        364 |          1190.90 |      1180.52 |      1221.50 |                  9.16 |                    0.19 |   1620 |    99.5270 |
|        1 |        365 |          1190.90 |      1180.52 |      1230.30 |                  7.38 |                    0.10 |   1621 |    99.6071 |
|        1 |        366 |          1190.90 |      1180.52 |      1229.70 |                  6.45 |                    0.10 |   1621 |    99.6755 |
|        1 |        367 |          1190.90 |      1180.52 |      1229.70 |                  9.47 |                    0.10 |   1621 |    99.7627 |
|        1 |        368 |          1190.90 |      1180.52 |      1233.60 |                 13.92 |                    0.20 |   1623 |    99.8386 |
|        1 |        369 |          1190.90 |      1180.52 |      1233.60 |                  6.81 |                    0.10 |   1623 |    99.9103 |
|        1 |        370 |          1190.90 |      1180.52 |      1224.10 |                  7.71 |                    0.10 |   1624 |    99.9866 |
------------------------------------------------------------------------------------------------------------------------------------------------
|  Restart |  Iteration |  Best Feas. Cost |    Best Cost |   Curr. Cost |   Penalty Custom Res. |   Penalty Standard Res. |   Pool |   Time (s) |
------------------------------------------------------------------------------------------------------------------------------------------------
|        1 |        371 |          1190.90 |      1180.52 |      1235.34 |                  8.08 |                    0.10 |   1625 |   100.0548 |
|        1 |        372 |          1190.90 |      1180.52 |      1220.50 |                  9.43 |                    0.15 |   1625 |   100.1318 |
|        1 |        373 |          1190.90 |      1180.52 |      1219.20 |                  7.76 |                    0.10 |   1629 |   100.2142 |
|        1 |        374 |          1190.90 |      1180.52 |      1219.20 |                  8.79 |                    0.10 |   1630 |   100.2884 |
|        1 |        375 |          1190.90 |      1180.52 |      1235.50 |                  6.47 |                    0.10 |   1634 |   100.3794 |
|        1 |        376 |          1190.90 |      1180.52 |      1233.32 |                  8.75 |                    0.10 |   1634 |   100.5042 |
|        1 |        377 |          1190.90 |      1180.52 |      1227.67 |                 18.82 |                    0.10 |   1634 |   100.5665 |
|        1 |        378 |          1190.90 |      1180.52 |      1238.90 |                  5.62 |                    0.10 |   1634 |   100.7204 |
|        1 |        379 |          1190.90 |      1180.52 |      1222.26 |                 19.63 |                    0.10 |   1637 |   100.8588 |
|        1 |        380 |          1190.90 |      1180.52 |      1249.34 |                 19.28 |                    0.10 |   1638 |   100.9751 |
|        1 |        381 |          1190.90 |      1180.52 |      1256.30 |                 10.95 |                    0.10 |   1640 |   101.0562 |
|        1 |        382 |          1190.90 |      1180.52 |      1257.74 |                  9.15 |                    0.10 |   1641 |   101.2101 |
|        1 |        383 |          1190.90 |      1180.52 |      1215.36 |                  8.18 |                    0.10 |   1642 |   101.3875 |
|        1 |        384 |          1190.90 |      1180.52 |      1237.72 |                 18.31 |                    0.10 |   1642 |   101.4481 |
|        1 |        385 |          1190.90 |      1180.52 |      1260.08 |                 11.98 |                    0.10 |   1642 |   101.5066 |
|        1 |        386 |          1190.90 |      1180.52 |      1266.30 |                  5.33 |                    0.10 |   1642 |   101.6600 |
|        1 |        387 |          1190.90 |      1180.52 |      1249.45 |                  8.57 |                    0.10 |   1642 |   101.7417 |
|        1 |        388 |          1190.90 |      1180.52 |      1274.40 |                  8.35 |                    0.10 |   1643 |   101.8393 |
|        1 |        389 |          1190.90 |      1180.52 |      1228.31 |                  9.12 |                    0.20 |   1645 |   102.0337 |
|        1 |        390 |          1190.90 |      1180.52 |      1258.12 |                 11.07 |                    0.10 |   1649 |   102.1260 |
|        1 |        391 |          1190.90 |      1180.52 |      1260.14 |                 11.22 |                    0.10 |   1650 |   102.2242 |
|        1 |        392 |          1190.90 |      1180.52 |      1260.43 |                 12.20 |                    0.10 |   1650 |   102.3220 |
|        1 |        393 |          1190.90 |      1180.52 |      1260.50 |                 10.33 |                    0.10 |   1650 |   102.4206 |
|        1 |        394 |          1190.90 |      1180.52 |      1258.42 |                 20.06 |                    0.10 |   1652 |   102.5255 |
|        1 |        395 |          1190.90 |      1180.52 |      1271.74 |                 10.63 |                    0.10 |   1653 |   102.5971 |
|        1 |        396 |          1190.90 |      1180.52 |      1249.60 |                 13.05 |                    0.10 |   1654 |   102.6711 |
|        1 |        397 |          1190.90 |      1180.52 |      1254.10 |                 21.40 |                    0.10 |   1656 |   102.7460 |
|        1 |        398 |          1190.90 |      1180.52 |      1271.60 |                  6.78 |                    0.10 |   1661 |   102.8886 |
|        1 |        399 |          1190.90 |      1180.52 |      1230.71 |                 16.21 |                    0.10 |   1661 |   103.0018 |
|        1 |        400 |          1190.90 |      1180.52 |      1248.03 |                 20.94 |                    0.10 |   1661 |   103.0699 |
|        1 |        401 |          1190.90 |      1180.52 |      1234.30 |                  9.77 |                    0.10 |   1661 |   103.2676 |
|        1 |        402 |          1190.90 |      1180.52 |      1226.80 |                  9.81 |                    0.10 |   1662 |   103.3684 |
|        1 |        403 |          1190.90 |      1180.52 |      1232.21 |                 14.12 |                    0.10 |   1662 |   103.4454 |
|        1 |        404 |          1190.90 |      1180.52 |      1246.57 |                  9.71 |                    0.10 |   1662 |   103.5263 |
|        1 |        405 |          1190.90 |      1180.52 |      1232.51 |                  9.00 |                    0.10 |   1662 |   103.6181 |
|        1 |        406 |          1190.90 |      1180.52 |      1230.57 |                 15.21 |                    0.10 |   1662 |   103.7105 |
|        1 |        407 |          1190.90 |      1180.52 |      1248.16 |                 15.76 |                    0.10 |   1662 |   103.7839 |
|        1 |        408 |          1190.90 |      1180.52 |      1254.00 |                 12.72 |                    0.10 |   1663 |   103.8607 |
|        1 |        409 |          1190.90 |      1180.52 |      1242.51 |                 21.51 |                    0.10 |   1663 |   103.9311 |
|        1 |        410 |          1190.90 |      1180.52 |      1252.72 |                 15.35 |                    0.10 |   1664 |   104.0514 |
|        1 |        411 |          1190.90 |      1180.52 |      1257.50 |                  9.71 |                    0.10 |   1666 |   104.1743 |
|        1 |        412 |          1190.90 |      1180.52 |      1242.01 |                 13.05 |                    0.10 |   1666 |   104.2400 |
|        1 |        413 |          1190.90 |      1180.52 |      1251.94 |                  6.84 |                    0.10 |   1669 |   104.3132 |
|        1 |        414 |          1190.90 |      1180.52 |      1224.64 |                 10.07 |                    0.10 |   1670 |   104.3682 |
|        1 |        415 |          1190.90 |      1180.52 |      1242.27 |                 17.72 |                    0.10 |   1673 |   104.4497 |
|        1 |        416 |          1190.90 |      1180.52 |      1262.80 |                  8.40 |                    0.10 |   1677 |   104.5401 |
|        1 |        417 |          1190.90 |      1180.52 |      1259.80 |                  8.77 |                    0.10 |   1679 |   104.6372 |
|        1 |        418 |          1190.90 |      1180.52 |      1241.96 |                 19.65 |                    0.10 |   1680 |   104.6967 |
|        1 |        419 |          1190.90 |      1180.52 |      1248.90 |                  7.77 |                    0.10 |   1681 |   104.8191 |
|        1 |        420 |          1190.90 |      1180.52 |      1230.13 |                 12.61 |                    0.10 |   1682 |   104.8944 |
|        1 |        421 |          1190.90 |      1180.52 |      1239.84 |                 17.12 |                    0.10 |   1682 |   104.9631 |
|        1 |        422 |          1190.90 |      1180.52 |      1243.11 |                 26.58 |                    0.10 |   1682 |   105.1235 |
|        1 |        423 |          1190.90 |      1180.52 |      1273.60 |                 10.53 |                    0.10 |   1685 |   105.2265 |
|        1 |        424 |          1190.90 |      1180.52 |      1250.71 |                 10.72 |                    0.10 |   1687 |   105.3875 |
|        1 |        425 |          1190.90 |      1180.52 |      1237.40 |                 22.44 |                    0.10 |   1689 |   105.5507 |
|        1 |        426 |          1190.90 |      1180.52 |      1237.20 |                 11.99 |                    0.10 |   1689 |   105.6418 |
|        1 |        427 |          1190.90 |      1180.52 |      1249.30 |                 14.25 |                    0.12 |   1691 |   105.7459 |
|        1 |        428 |          1190.90 |      1180.52 |      1268.60 |                 10.82 |                    0.10 |   1694 |   105.8311 |
|        1 |        429 |          1190.90 |      1180.52 |      1265.80 |                 12.88 |                    0.10 |   1694 |   105.9334 |
|        1 |        430 |          1190.90 |      1180.52 |      1265.80 |                  9.20 |                    0.10 |   1694 |   106.0278 |
|        1 |        431 |          1190.90 |      1180.52 |      1258.20 |                  9.80 |                    0.13 |   1695 |   106.1295 |
|        1 |        432 |          1190.90 |      1180.52 |      1244.60 |                 14.34 |                    0.12 |   1698 |   106.2794 |
|        1 |        433 |          1190.90 |      1180.52 |      1227.90 |                  8.17 |                    0.10 |   1701 |   106.4711 |
|        1 |        434 |          1190.90 |      1180.52 |      1225.04 |                  9.81 |                    0.10 |   1704 |   106.5891 |
|        1 |        435 |          1190.90 |      1180.52 |      1228.80 |                  6.16 |                    0.10 |   1704 |   106.6793 |
|        1 |        436 |          1190.90 |      1180.52 |      1228.80 |                 12.60 |                    0.10 |   1704 |   106.7574 |
|        1 |        437 |          1190.90 |      1180.52 |      1227.10 |                  6.16 |                    0.10 |   1704 |   106.8403 |
|        1 |        438 |          1190.90 |      1180.52 |      1227.10 |                  8.70 |                    0.10 |   1704 |   106.9248 |
|        1 |        439 |          1190.90 |      1180.52 |      1227.10 |                  5.57 |                    0.10 |   1704 |   106.9986 |
|        1 |        440 |          1190.90 |      1180.52 |      1213.70 |                 17.16 |                    0.10 |   1704 |   107.0910 |
|        1 |        441 |          1190.90 |      1180.52 |      1234.78 |                 12.93 |                    0.10 |   1706 |   107.2991 |
|        1 |        442 |          1190.90 |      1180.52 |      1250.10 |                 14.46 |                    0.10 |   1710 |   107.4354 |
|        1 |        443 |          1190.90 |      1180.52 |      1250.10 |                 16.57 |                    0.10 |   1710 |   107.5026 |
|        1 |        444 |          1190.90 |      1180.52 |      1250.10 |                 12.58 |                    0.10 |   1710 |   107.5756 |
|        1 |        445 |          1190.90 |      1180.52 |      1242.69 |                 11.14 |                    0.10 |   1716 |   107.7624 |
|        1 |        446 |          1190.90 |      1180.52 |      1279.62 |                 11.89 |                    0.10 |   1721 |   107.8358 |
|        1 |        447 |          1190.90 |      1180.52 |      1258.77 |                 12.84 |                    0.10 |   1723 |   108.0406 |
|        1 |        448 |          1190.90 |      1180.52 |      1261.92 |                  9.27 |                    0.10 |   1724 |   108.1337 |
|        1 |        449 |          1190.90 |      1180.52 |      1263.52 |                 10.50 |                    0.10 |   1724 |   108.2151 |
|        1 |        450 |          1190.90 |      1180.52 |      1264.00 |                 10.24 |                    0.10 |   1725 |   108.3089 |
|        1 |        451 |          1190.90 |      1180.52 |      1261.35 |                 17.85 |                    0.10 |   1726 |   108.3756 |
|        1 |        452 |          1190.90 |      1180.52 |      1257.91 |                 11.95 |                    0.10 |   1726 |   108.5403 |
|        1 |        453 |          1190.90 |      1180.52 |      1282.18 |                 19.62 |                    0.10 |   1728 |   108.6079 |
|        1 |        454 |          1190.90 |      1180.52 |      1292.30 |                  7.84 |                    0.10 |   1731 |   108.7157 |
|        1 |        455 |          1190.90 |      1180.52 |      1273.55 |                 17.19 |                    0.10 |   1732 |   108.7885 |
|        1 |        456 |          1190.90 |      1180.52 |      1261.50 |                  5.68 |                    0.10 |   1739 |   109.0632 |
|        1 |        457 |          1190.90 |      1180.52 |      1261.50 |                  8.01 |                    0.17 |   1739 |   109.1450 |
|        1 |        458 |          1190.90 |      1180.52 |      1258.04 |                 10.41 |                    0.10 |   1744 |   109.2756 |
|        1 |        459 |          1190.90 |      1180.52 |      1273.94 |                 25.49 |                    0.10 |   1745 |   109.3410 |
|        1 |        460 |          1190.90 |      1180.52 |      1294.70 |                 12.85 |                    0.11 |   1751 |   109.4125 |
|        1 |        461 |          1190.90 |      1180.52 |      1289.00 |                 10.90 |                    0.14 |   1753 |   109.4816 |
|        1 |        462 |          1190.90 |      1180.52 |      1289.00 |                 12.99 |                    0.10 |   1753 |   109.5527 |
|        1 |        463 |          1190.90 |      1180.52 |      1229.06 |                  8.90 |                    0.10 |   1753 |   109.8332 |
|        1 |        464 |          1190.90 |      1180.52 |      1258.04 |                  8.85 |                    0.10 |   1753 |   109.9132 |
|        1 |        465 |          1190.90 |      1180.52 |      1251.58 |                 21.44 |                    0.10 |   1754 |   109.9899 |
|        1 |        466 |          1190.90 |      1180.52 |      1253.80 |                  7.73 |                    0.10 |   1755 |   110.1679 |
|        1 |        467 |          1190.90 |      1180.52 |      1238.39 |                 26.75 |                    0.10 |   1755 |   110.2994 |
|        1 |        468 |          1190.90 |      1180.52 |      1268.60 |                  9.86 |                    0.10 |   1755 |   110.4282 |
|        1 |        469 |          1190.90 |      1180.52 |      1253.60 |                 11.17 |                    0.10 |   1756 |   110.5159 |
|        1 |        470 |          1190.90 |      1180.52 |      1239.40 |                  9.44 |                    0.14 |   1756 |   110.6342 |
|        1 |        471 |          1190.90 |      1180.52 |      1216.12 |                 16.09 |                    0.10 |   1756 |   110.7410 |
|        1 |        472 |          1190.90 |      1180.52 |      1239.00 |                 14.48 |                    0.10 |   1758 |   110.8293 |
|        1 |        473 |          1190.90 |      1180.52 |      1269.55 |                  5.94 |                    0.10 |   1761 |   111.0073 |
|        1 |        474 |          1190.90 |      1180.52 |      1266.89 |                  7.00 |                    0.10 |   1761 |   111.0937 |
|        1 |        475 |          1190.90 |      1180.52 |      1252.86 |                 19.61 |                    0.10 |   1762 |   111.2454 |
|        1 |        476 |          1190.90 |      1180.52 |      1239.86 |                  9.15 |                    0.10 |   1762 |   111.4375 |
|        1 |        477 |          1190.90 |      1180.52 |      1246.96 |                 19.29 |                    0.10 |   1762 |   111.4931 |
|        1 |        478 |          1190.90 |      1180.52 |      1267.60 |                 11.50 |                    0.10 |   1764 |   111.5955 |
|        1 |        479 |          1190.90 |      1180.52 |      1255.05 |                  8.06 |                    0.10 |   1764 |   111.6781 |
|        1 |        480 |          1190.90 |      1180.52 |      1245.11 |                 11.25 |                    0.10 |   1765 |   111.7912 |
|        1 |        481 |          1190.90 |      1180.52 |      1243.00 |                  9.54 |                    0.10 |   1766 |   111.8691 |
|        1 |        482 |          1190.90 |      1180.52 |      1238.00 |                  9.50 |                    0.15 |   1766 |   111.9262 |
|        1 |        483 |          1190.90 |      1180.52 |      1214.60 |                 12.71 |                    0.10 |   1768 |   112.0561 |
|        1 |        484 |          1190.90 |      1180.52 |      1237.91 |                 21.09 |                    0.10 |   1769 |   112.1176 |
|        1 |        485 |          1190.90 |      1180.52 |      1257.40 |                 11.41 |                    0.10 |   1770 |   112.1920 |
|        1 |        486 |          1190.90 |      1180.52 |      1253.94 |                 21.33 |                    0.12 |   1771 |   112.2646 |
|        1 |        487 |          1190.90 |      1180.52 |      1262.10 |                  8.70 |                    0.10 |   1772 |   112.3770 |
|        1 |        488 |          1190.90 |      1180.52 |      1262.10 |                 10.78 |                    0.10 |   1772 |   112.4665 |
|        1 |        489 |          1190.90 |      1180.52 |      1258.97 |                 17.33 |                    0.10 |   1773 |   112.5494 |
|        1 |        490 |          1190.90 |      1180.52 |      1257.72 |                  9.71 |                    0.10 |   1775 |   112.6761 |
|        1 |        491 |          1190.90 |      1180.52 |      1264.21 |                  9.19 |                    0.10 |   1776 |   112.7539 |
|        1 |        492 |          1190.90 |      1180.52 |      1260.87 |                 16.47 |                    0.10 |   1779 |   112.9272 |
|        1 |        493 |          1190.90 |      1180.52 |      1273.33 |                 10.13 |                    0.10 |   1779 |   113.0885 |
|        1 |        494 |          1190.90 |      1180.52 |      1256.44 |                 17.30 |                    0.10 |   1779 |   113.1660 |
|        1 |        495 |          1190.90 |      1180.52 |      1271.44 |                 21.64 |                    0.10 |   1779 |   113.2482 |
|        1 |        496 |          1190.90 |      1180.52 |      1277.32 |                 10.59 |                    0.10 |   1779 |   113.3152 |
|        1 |        497 |          1190.90 |      1180.52 |      1257.00 |                 15.43 |                    0.10 |   1779 |   113.3916 |
|        1 |        498 |          1190.90 |      1180.52 |      1287.70 |                 14.13 |                    0.10 |   1781 |   113.5110 |
|        1 |        499 |          1190.90 |      1180.52 |      1260.70 |                 22.21 |                    0.10 |   1784 |   113.6444 |
|        1 |        500 |          1190.90 |      1180.52 |      1262.75 |                 10.81 |                    0.10 |   1786 |   113.8027 |
------------------------------------------------------------------------------------------------------------------------------------------------
Version identifier: 22.1.2.0 | 2024-11-26 | 0edbb82fd
CPXPARAM_MIP_Tolerances_UpperCutoff              1191.0000000001398
Tried aggregator 1 time.
MIP Presolve eliminated 5 rows and 125 columns.
MIP Presolve modified 534 coefficients.
Reduced MIP has 96 rows, 1661 columns, and 13507 nonzeros.
Reduced MIP has 1661 binaries, 0 generals, 0 SOSs, and 0 indicators.
Presolve time = 0.01 sec. (9.77 ticks)
Tried aggregator 1 time.
Detecting symmetries...
Reduced MIP has 96 rows, 1661 columns, and 13507 nonzeros.
Reduced MIP has 1661 binaries, 0 generals, 0 SOSs, and 0 indicators.
Presolve time = 0.00 sec. (7.52 ticks)
Probing time = 0.01 sec. (3.47 ticks)
Clique table members: 1807.
MIP emphasis: balance optimality and feasibility.
MIP search method: dynamic search.
Parallel mode: deterministic, using up to 8 threads.
Root relaxation solution time = 0.02 sec. (22.16 ticks)

        Nodes                                         Cuts/
   Node  Left     Objective  IInf  Best Integer    Best Bound    ItCnt     Gap

      0     0     1174.6780    65                   1174.6780      459         
      0     0     1181.0393    67                    Cuts: 28      625         
*     0+    0                         1190.4000     1181.0393             0.79%
      0     0     1184.6503    72     1190.4000      Cuts: 32      815    0.48%
Detecting symmetries...

Repeating presolve.
Tried aggregator 1 time.
MIP Presolve eliminated 13 rows and 1110 columns.
MIP Presolve modified 613 coefficients.
Reduced MIP has 83 rows, 551 columns, and 4369 nonzeros.
Reduced MIP has 551 binaries, 0 generals, 0 SOSs, and 0 indicators.
Presolve time = 0.01 sec. (9.24 ticks)
Probing fixed 93 vars, tightened 0 bounds.
Probing time = 0.01 sec. (5.45 ticks)
Tried aggregator 1 time.
MIP Presolve eliminated 7 rows and 95 columns.
MIP Presolve modified 11 coefficients.
Reduced MIP has 76 rows, 456 columns, and 3306 nonzeros.
Reduced MIP has 456 binaries, 0 generals, 0 SOSs, and 0 indicators.
Presolve time = 0.00 sec. (2.86 ticks)
Probing fixed 10 vars, tightened 0 bounds.
Probing time = 0.00 sec. (3.92 ticks)
Tried aggregator 1 time.
Detecting symmetries...
MIP Presolve eliminated 1 rows and 12 columns.
Reduced MIP has 75 rows, 444 columns, and 3189 nonzeros.
Reduced MIP has 444 binaries, 0 generals, 0 SOSs, and 0 indicators.
Presolve time = 0.00 sec. (2.47 ticks)
Represolve time = 0.03 sec. (29.88 ticks)
Probing fixed 9 vars, tightened 0 bounds.
Probing time = 0.00 sec. (3.69 ticks)
Clique table members: 571.
MIP emphasis: balance optimality and feasibility.
MIP search method: dynamic search.
Parallel mode: deterministic, using up to 8 threads.
Root relaxation solution time = 0.01 sec. (8.24 ticks)

        Nodes                                         Cuts/
   Node  Left     Objective  IInf  Best Integer    Best Bound    ItCnt     Gap

*     0+    0                         1190.4000     1184.6503             0.48%
      0     0     1186.2227    44     1190.4000     1186.2227     1107    0.35%
      0     0        cutoff           1190.4000                   1200    0.00%
Elapsed time = 0.19 sec. (182.68 ticks, tree = 0.01 MB, solutions = 1)
objective_value(sp) = 1190.4
117.518440 seconds (6.99 M allocations: 349.764 MiB, 0.06% gc time, 3.34% compilation time)
#1: 0 (0.0) {476.29999999999995} -> 5 (26.0) {496.9} [0.0, 969.0] -> 84 (33.0) {511.0} [436.0, 511.0] -> 17 (35.0) {733.0} [733.0, 870.0] -> 60 (38.0) {755.6} [721.0, 862.0] -> 89 (53.0) {774.6} [755.0, 920.0] -> 0 (53.0) {793.6} [0.0, 1000.0]
#2: 0 (0.0) {179.5} -> 26 (17.0) {190.6} [0.0, 978.0] -> 39 (48.0) {224.0} [33.0, 224.0] -> 67 (73.0) {294.0} [294.0, 401.0] -> 23 (102.0) {316.0} [206.0, 325.0] -> 72 (127.0) {339.6} [0.0, 967.0] -> 73 (136.0) {352.7} [308.0, 399.0] -> 21 (147.0) {365.8} [0.0, 971.0] -> 40 (156.0) {382.8} [360.0, 437.0] -> 53 (170.0) {414.0} [414.0, 489.0] -> 0 (170.0) {428.4} [0.0, 1000.0]
#3: 0 (0.0) {70.20000000000002} -> 83 (11.0) {91.2} [0.0, 968.0] -> 45 (27.0) {109.2} [29.0, 189.0] -> 47 (54.0) {137.3} [85.0, 250.0] -> 36 (59.0) {154.5} [41.0, 208.0] -> 63 (69.0) {191.0} [34.0, 191.0] -> 64 (78.0) {215.4} [214.0, 333.0] -> 11 (90.0) {238.4} [206.0, 325.0] -> 19 (107.0) {269.0} [269.0, 378.0] -> 62 (126.0) {288.2} [163.0, 302.0] -> 88 (135.0) {304.5} [279.0, 388.0] -> 52 (144.0) {323.5} [0.0, 978.0] -> 0 (144.0) {344.8} [0.0, 1000.0]
#4: 0 (0.0) {649.0999999999999} -> 12 (19.0) {664.1} [0.0, 975.0] -> 68 (55.0) {681.3} [637.0, 752.0] -> 54 (73.0) {701.3} [641.0, 734.0] -> 4 (92.0) {720.5} [678.0, 801.0] -> 55 (94.0) {739.0} [620.0, 739.0] -> 25 (100.0) {817.0} [817.0, 956.0] -> 24 (103.0) {842.0} [704.0, 847.0] -> 80 (109.0) {861.2} [839.0, 968.0] -> 77 (123.0) {877.9} [817.0, 952.0] -> 50 (136.0) {895.1} [0.0, 973.0] -> 70 (141.0) {918.5} [788.0, 968.0] -> 0 (141.0) {949.5} [0.0, 1000.0]
#5: 0 (0.0) {655.8} -> 97 (12.0) {673.0} [612.0, 673.0] -> 43 (19.0) {701.1} [620.0, 705.0] -> 100 (36.0) {798.0} [798.0, 965.0] -> 37 (44.0) {810.8} [0.0, 968.0] -> 98 (54.0) {822.2} [0.0, 968.0] -> 93 (76.0) {835.3} [811.0, 969.0] -> 59 (104.0) {848.3} [0.0, 972.0] -> 95 (124.0) {862.3} [0.0, 975.0] -> 58 (142.0) {883.4} [849.0, 980.0] -> 0 (142.0) {902.4} [0.0, 1000.0]
#6: 0 (0.0) {123.5} -> 94 (27.0) {135.5} [0.0, 977.0] -> 92 (29.0) {151.9} [18.0, 181.0] -> 42 (34.0) {172.0} [25.0, 172.0] -> 15 (42.0) {191.2} [175.0, 300.0] -> 14 (62.0) {217.0} [32.0, 243.0] -> 38 (78.0) {302.0} [302.0, 405.0] -> 44 (96.0) {322.8} [233.0, 340.0] -> 91 (97.0) {339.2} [0.0, 964.0] -> 61 (110.0) {355.0} [290.0, 377.0] -> 16 (129.0) {369.4} [272.0, 373.0] -> 86 (164.0) {388.0} [388.0, 465.0] -> 85 (205.0) {410.6} [0.0, 966.0] -> 99 (214.0) {426.2} [333.0, 432.0] -> 96 (225.0) {438.4} [0.0, 974.0] -> 6 (228.0) {452.6} [415.0, 514.0] -> 0 (228.0) {473.7} [0.0, 1000.0]
#7: 0 (0.0) {423.2} -> 87 (26.0) {441.5} [420.0, 447.0] -> 57 (33.0) {458.7} [421.0, 530.0] -> 41 (38.0) {479.8} [396.0, 511.0] -> 22 (56.0) {494.0} [409.0, 494.0] -> 75 (74.0) {508.1} [0.0, 962.0] -> 56 (80.0) {585.0} [585.0, 692.0] -> 74 (88.0) {681.0} [681.0, 802.0] -> 2 (95.0) {702.7} [0.0, 972.0] -> 13 (118.0) {722.1} [690.0, 827.0] -> 0 (118.0) {743.2} [0.0, 1000.0]
#8: 0 (0.0) {116.0} -> 28 (16.0) {122.3} [114.0, 255.0] -> 33 (27.0) {151.5} [45.0, 200.0] -> 65 (47.0) {188.0} [49.0, 188.0] -> 71 (62.0) {268.0} [268.0, 367.0] -> 30 (83.0) {296.7} [259.0, 354.0] -> 90 (86.0) {392.0} [392.0, 487.0] -> 31 (113.0) {417.0} [0.0, 972.0] -> 0 (113.0) {444.4} [0.0, 1000.0]
#9: 0 (0.0) {418.2} -> 18 (12.0) {434.0} [377.0, 434.0] -> 8 (21.0) {454.4} [404.0, 481.0] -> 48 (57.0) {473.8} [0.0, 962.0] -> 49 (87.0) {501.2} [501.0, 540.0] -> 46 (88.0) {531.5} [515.0, 628.0] -> 82 (104.0) {554.5} [0.0, 966.0] -> 7 (109.0) {570.3} [0.0, 968.0] -> 10 (125.0) {594.4} [577.0, 632.0] -> 20 (134.0) {620.2} [581.0, 666.0] -> 32 (157.0) {660.0} [660.0, 777.0] -> 66 (182.0) {684.5} [592.0, 693.0] -> 35 (190.0) {710.6} [686.0, 813.0] -> 34 (204.0) {730.7} [0.0, 953.0] -> 0 (204.0) {776.7} [0.0, 1000.0]
#10: 0 (0.0) {243.3} -> 27 (16.0) {248.3} [104.0, 255.0] -> 69 (22.0) {265.5} [162.0, 293.0] -> 3 (35.0) {293.6} [0.0, 967.0] -> 29 (44.0) {313.0} [190.0, 313.0] -> 76 (57.0) {338.0} [290.0, 373.0] -> 79 (80.0) {388.0} [388.0, 465.0] -> 78 (83.0) {403.6} [384.0, 499.0] -> 81 (109.0) {419.9} [411.0, 456.0] -> 9 (125.0) {435.9} [400.0, 497.0] -> 51 (135.0) {452.2} [348.0, 453.0] -> 1 (145.0) {474.2} [0.0, 974.0] -> 0 (145.0) {499.4} [0.0, 1000.0]

Dist: 1190.4. Cost: 1190.4

Clique cuts applied:  17
Zero-half cuts applied:  4
Gomory fractional cuts applied:  3

Root node processing (before b&c):
  Real time             =    0.19 sec. (182.75 ticks)
Parallel b&c, 8 threads:
  Real time             =    0.00 sec. (0.00 ticks)
  Sync time (average)   =    0.00 sec.
  Wait time (average)   =    0.00 sec.
                          ------------
Total (root+branch&cut) =    0.19 sec. (182.75 ticks)
