Solving...
------------------------------------------------------------------------------------------------------------------------------------------------
|  Restart |  Iteration |  Best Feas. Cost |    Best Cost |   Curr. Cost |   Penalty Custom Res. |   Penalty Standard Res. |   Pool |   Time (s) |
------------------------------------------------------------------------------------------------------------------------------------------------
|        1 |          1 |              Inf |      1244.20 |      1271.05 |                 12.65 |                    0.75 |     56 |     0.2304 |
|        1 |          0 |          1243.30 |      1243.30 |      1243.30 |                  7.07 |                    0.10 |     70 |     0.8136 |
|        1 |          1 |          1243.30 |      1243.30 |      1244.90 |                  7.11 |                    0.11 |     72 |     0.8927 |
|        1 |          2 |          1243.30 |      1223.96 |      1223.96 |                 16.21 |                    0.10 |     74 |     0.9839 |
|        1 |          0 |          1205.70 |      1205.70 |      1205.70 |                  5.39 |                    0.10 |     81 |     1.1550 |
|        1 |          1 |          1205.70 |      1188.88 |      1188.88 |                  5.67 |                    0.10 |     84 |     1.2917 |
|        1 |          2 |          1205.70 |      1188.88 |      1189.96 |                  4.70 |                    0.10 |     86 |     1.4099 |
|        1 |          3 |          1205.70 |      1188.88 |      1189.08 |                  3.94 |                    0.10 |     86 |     1.5231 |
|        1 |          4 |          1205.70 |      1188.88 |      1191.42 |                  6.14 |                    0.10 |     87 |     1.6210 |
|        1 |          0 |          1192.10 |      1188.88 |      1192.10 |                  4.43 |                    0.10 |     89 |     1.7136 |
|        1 |          0 |          1188.50 |      1188.50 |      1188.50 |                  2.90 |                    0.10 |     95 |     1.9500 |
|        1 |          1 |          1188.50 |      1187.01 |      1187.01 |                  4.21 |                    0.10 |     97 |     2.0367 |
|        1 |          2 |          1188.50 |      1187.01 |      1187.85 |                 10.92 |                    0.10 |    100 |     2.1492 |
|        1 |          0 |          1185.10 |      1185.10 |      1185.10 |                  8.45 |                    0.10 |    103 |     2.2421 |
|        1 |          1 |          1185.10 |      1185.10 |      1211.55 |                 16.96 |                    0.20 |    105 |     2.2967 |
|        1 |          2 |          1185.10 |      1185.10 |      1193.00 |                  8.04 |                    0.10 |    109 |     2.3837 |
|        1 |          3 |          1185.10 |      1185.10 |      1185.60 |                  7.10 |                    0.13 |    109 |     2.4659 |
|        1 |          4 |          1185.10 |      1185.10 |      1185.60 |                  6.39 |                    0.10 |    109 |     2.5401 |
|        1 |          5 |          1185.10 |      1185.10 |      1185.60 |                  8.76 |                    0.10 |    109 |     2.6103 |
|        1 |          6 |          1185.10 |      1185.10 |      1205.60 |                  4.37 |                    0.10 |    113 |     2.7007 |
|        1 |          7 |          1185.10 |      1185.10 |      1201.78 |                  6.79 |                    0.10 |    119 |     2.8365 |
|        1 |          8 |          1185.10 |      1185.10 |      1185.60 |                  4.17 |                    0.10 |    119 |     2.9452 |
|        1 |          9 |          1185.10 |      1185.10 |      1194.74 |                 13.21 |                    0.10 |    120 |     3.0673 |
|        1 |         10 |          1185.10 |      1185.10 |      1213.83 |                 12.76 |                    0.10 |    121 |     3.1448 |
|        1 |         11 |          1185.10 |      1185.10 |      1212.80 |                  7.39 |                    0.10 |    128 |     3.2480 |
|        1 |         12 |          1185.10 |      1185.10 |      1205.49 |                  5.86 |                    0.10 |    132 |     3.4161 |
|        1 |          0 |          1159.40 |      1159.40 |      1159.40 |                  5.16 |                    0.10 |    136 |     3.5184 |
|        1 |          1 |          1159.40 |      1159.40 |      1161.00 |                  8.99 |                    0.22 |    141 |     3.6080 |
|        1 |          2 |          1159.40 |      1159.40 |      1161.00 |                  4.14 |                    0.10 |    141 |     3.6892 |
|        1 |          3 |          1159.40 |      1159.40 |      1187.61 |                  7.89 |                    0.10 |    143 |     3.7745 |
|        1 |          4 |          1159.40 |      1159.40 |      1162.30 |                  4.02 |                    0.10 |    146 |     3.8671 |
|        1 |          5 |          1159.40 |      1159.40 |      1161.00 |                  7.21 |                    0.10 |    146 |     3.9512 |
|        1 |          6 |          1159.40 |      1159.40 |      1161.00 |                  4.66 |                    0.10 |    146 |     4.0510 |
|        1 |          7 |          1159.40 |      1159.40 |      1161.00 |                  5.50 |                    0.10 |    146 |     4.1257 |
|        1 |          8 |          1159.40 |      1159.40 |      1164.55 |                  5.74 |                    0.14 |    147 |     4.2346 |
|        1 |          9 |          1159.40 |      1159.40 |      1161.00 |                  7.77 |                    0.10 |    147 |     4.3338 |
|        1 |         10 |          1159.40 |      1159.40 |      1164.00 |                  3.66 |                    0.10 |    148 |     4.3968 |
|        1 |         11 |          1159.40 |      1159.40 |      1178.00 |                  7.25 |                    0.10 |    151 |     4.4806 |
|        1 |         12 |          1159.40 |      1159.40 |      1167.20 |                  5.49 |                    0.16 |    154 |     4.6091 |
|        1 |         13 |          1159.40 |      1159.40 |      1159.40 |                  6.39 |                    0.10 |    154 |     4.7587 |
|        1 |         14 |          1159.40 |      1159.40 |      1159.40 |                  6.49 |                    0.10 |    154 |     4.8399 |
|        1 |         15 |          1159.40 |      1158.16 |      1158.16 |                  9.12 |                    0.11 |    158 |     4.9951 |
|        1 |         16 |          1159.40 |      1158.16 |      1159.40 |                  5.13 |                    0.10 |    158 |     5.0870 |
|        1 |         17 |          1159.40 |      1158.16 |      1185.97 |                  6.24 |                    0.10 |    159 |     5.1719 |
|        1 |         18 |          1159.40 |      1158.16 |      1214.40 |                  3.81 |                    0.10 |    165 |     5.3647 |
|        1 |         19 |          1159.40 |      1158.16 |      1214.22 |                  6.77 |                    0.10 |    167 |     5.4458 |
|        1 |         20 |          1159.40 |      1158.16 |      1214.80 |                 11.67 |                    0.10 |    168 |     5.5288 |
|        1 |         21 |          1159.40 |      1158.16 |      1211.15 |                  8.50 |                    0.10 |    175 |     5.6448 |
|        1 |         22 |          1159.40 |      1158.16 |      1189.00 |                  3.83 |                    0.10 |    182 |     5.7564 |
|        1 |         23 |          1159.40 |      1158.16 |      1188.10 |                  3.89 |                    0.11 |    185 |     5.8326 |
|        1 |         24 |          1159.40 |      1158.16 |      1191.16 |                  4.41 |                    0.10 |    187 |     5.9018 |
|        1 |         25 |          1159.40 |      1158.16 |      1188.25 |                  4.72 |                    0.10 |    191 |     6.1023 |
|        1 |         26 |          1159.40 |      1158.16 |      1186.80 |                  3.38 |                    0.10 |    191 |     6.1947 |
|        1 |         27 |          1159.40 |      1158.16 |      1185.79 |                  9.09 |                    0.10 |    195 |     6.3537 |
|        1 |         28 |          1159.40 |      1158.16 |      1179.90 |                  5.53 |                    0.10 |    198 |     6.4667 |
|        1 |         29 |          1159.40 |      1158.16 |      1170.80 |                  4.55 |                    0.16 |    201 |     6.5618 |
|        1 |         30 |          1159.40 |      1158.16 |      1170.80 |                  3.29 |                    0.10 |    201 |     6.6399 |
|        1 |         31 |          1159.40 |      1158.16 |      1170.80 |                  5.96 |                    0.15 |    201 |     6.7063 |
|        1 |         32 |          1159.40 |      1158.16 |      1198.84 |                 11.23 |                    0.10 |    205 |     6.8153 |
|        1 |         33 |          1159.40 |      1158.16 |      1212.80 |                 10.30 |                    0.10 |    205 |     6.9011 |
|        1 |         34 |          1159.40 |      1158.16 |      1209.81 |                 11.57 |                    0.10 |    205 |     6.9626 |
|        1 |         35 |          1159.40 |      1158.16 |      1218.60 |                  6.58 |                    0.10 |    206 |     7.0396 |
|        1 |         36 |          1159.40 |      1158.16 |      1199.38 |                  6.41 |                    0.10 |    211 |     7.1303 |
|        1 |         37 |          1159.40 |      1158.16 |      1200.60 |                  7.38 |                    0.10 |    213 |     7.2649 |
|        1 |         38 |          1159.40 |      1158.16 |      1196.70 |                 12.71 |                    0.10 |    217 |     7.3598 |
|        1 |         39 |          1159.40 |      1158.16 |      1197.40 |                  5.14 |                    0.10 |    221 |     7.4297 |
|        1 |         40 |          1159.40 |      1158.16 |      1210.00 |                  8.40 |                    0.10 |    228 |     7.5751 |
|        1 |         41 |          1159.40 |      1158.16 |      1208.80 |                  3.36 |                    0.10 |    230 |     7.6558 |
|        1 |         42 |          1159.40 |      1158.16 |      1206.60 |                  4.43 |                    0.14 |    233 |     7.7231 |
|        1 |         43 |          1159.40 |      1158.16 |      1206.60 |                  6.20 |                    0.11 |    233 |     7.8025 |
|        1 |         44 |          1159.40 |      1158.16 |      1207.10 |                 14.70 |                    0.10 |    234 |     7.8956 |
|        1 |         45 |          1159.40 |      1158.16 |      1178.20 |                  4.63 |                    0.10 |    238 |     8.1421 |
|        1 |         46 |          1159.40 |      1158.16 |      1194.28 |                  8.07 |                    0.10 |    239 |     8.2196 |
|        1 |         47 |          1159.40 |      1158.16 |      1192.50 |                  5.15 |                    0.10 |    249 |     8.3740 |
|        1 |         48 |          1159.40 |      1158.16 |      1192.50 |                  3.87 |                    0.12 |    249 |     8.4480 |
|        1 |         49 |          1159.40 |      1158.16 |      1191.30 |                  6.48 |                    0.10 |    250 |     8.5123 |
|        1 |         50 |          1159.40 |      1158.16 |      1187.40 |                  9.07 |                    0.16 |    252 |     8.5806 |
|        1 |         51 |          1159.40 |      1158.16 |      1187.40 |                  5.64 |                    0.10 |    252 |     8.6510 |
|        1 |         52 |          1159.40 |      1158.16 |      1187.40 |                  2.28 |                    0.10 |    252 |     8.7287 |
|        1 |         53 |          1159.40 |      1156.74 |      1156.74 |                  5.10 |                    0.10 |    254 |     8.8176 |
|        1 |         54 |          1159.40 |      1156.74 |      1191.06 |                 12.24 |                    0.17 |    258 |     8.8856 |
|        1 |         55 |          1159.40 |      1156.74 |      1211.10 |                  5.41 |                    0.10 |    263 |     8.9890 |
|        1 |         56 |          1159.40 |      1156.74 |      1224.39 |                  4.68 |                    0.10 |    265 |     9.0770 |
|        1 |         57 |          1159.40 |      1156.74 |      1194.30 |                  7.56 |                    0.25 |    270 |     9.2596 |
|        1 |         58 |          1159.40 |      1156.74 |      1189.40 |                 11.40 |                    0.10 |    276 |     9.3928 |
|        1 |         59 |          1159.40 |      1156.74 |      1223.40 |                  7.08 |                    0.10 |    281 |     9.4937 |
|        1 |         60 |          1159.40 |      1156.74 |      1192.83 |                  7.04 |                    0.10 |    283 |     9.5876 |
|        1 |         61 |          1159.40 |      1156.74 |      1196.92 |                  7.21 |                    0.10 |    284 |     9.6722 |
|        1 |         62 |          1159.40 |      1156.74 |      1194.04 |                 12.01 |                    0.10 |    291 |     9.8247 |
|        1 |         63 |          1159.40 |      1156.74 |      1210.25 |                  9.87 |                    0.10 |    295 |     9.9172 |
|        1 |         64 |          1159.40 |      1156.74 |      1180.42 |                 11.70 |                    0.10 |    301 |    10.0703 |
|        1 |         65 |          1159.40 |      1156.74 |      1182.35 |                  5.17 |                    0.10 |    301 |    10.1695 |
|        1 |         66 |          1159.40 |      1156.74 |      1173.00 |                  7.91 |                    0.10 |    301 |    10.2492 |
|        1 |         67 |          1159.40 |      1156.74 |      1165.60 |                  3.61 |                    0.10 |    303 |    10.3335 |
|        1 |         68 |          1159.40 |      1150.82 |      1150.82 |                  8.72 |                    0.10 |    307 |    10.4423 |
|        1 |         69 |          1159.40 |      1150.82 |      1173.28 |                  7.99 |                    0.10 |    313 |    10.5617 |
|        1 |         70 |          1159.40 |      1150.82 |      1199.70 |                  8.60 |                    0.10 |    315 |    10.6614 |
|        1 |         71 |          1159.40 |      1150.82 |      1198.79 |                  7.73 |                    0.10 |    318 |    10.7599 |
|        1 |         72 |          1159.40 |      1150.82 |      1198.43 |                 10.71 |                    0.12 |    319 |    10.8236 |
|        1 |         73 |          1159.40 |      1150.82 |      1199.20 |                  9.55 |                    0.10 |    321 |    10.8965 |
|        1 |         74 |          1159.40 |      1150.82 |      1190.50 |                  5.38 |                    0.14 |    328 |    11.0902 |
|        1 |         75 |          1159.40 |      1150.82 |      1181.56 |                  4.90 |                    0.10 |    329 |    11.1489 |
|        1 |         76 |          1159.40 |      1150.82 |      1171.46 |                 11.47 |                    0.10 |    334 |    11.2969 |
|        1 |         77 |          1159.40 |      1150.82 |      1178.80 |                  6.57 |                    0.10 |    338 |    11.4000 |
|        1 |         78 |          1159.40 |      1150.82 |      1172.93 |                  5.62 |                    0.10 |    344 |    11.5065 |
|        1 |         79 |          1159.40 |      1150.82 |      1169.15 |                  9.10 |                    0.10 |    348 |    11.6379 |
|        1 |         80 |          1159.40 |      1150.82 |      1170.38 |                  7.49 |                    0.10 |    351 |    11.7147 |
|        1 |         81 |          1159.40 |      1150.82 |      1162.10 |                  4.12 |                    0.10 |    355 |    11.8346 |
|        1 |         82 |          1159.40 |      1150.82 |      1158.18 |                  9.38 |                    0.10 |    359 |    11.9637 |
|        1 |         83 |          1159.40 |      1150.82 |      1167.20 |                  8.15 |                    0.10 |    362 |    12.1295 |
|        1 |         84 |          1159.40 |      1150.82 |      1185.66 |                  7.55 |                    0.10 |    364 |    12.2382 |
|        1 |         85 |          1159.40 |      1150.82 |      1157.42 |                  6.46 |                    0.10 |    373 |    12.3456 |
|        1 |         86 |          1159.40 |      1150.82 |      1193.30 |                  8.76 |                    0.10 |    374 |    12.4359 |
|        1 |         87 |          1159.40 |      1150.82 |      1182.49 |                  6.32 |                    0.10 |    377 |    12.5321 |
|        1 |         88 |          1159.40 |      1150.82 |      1160.37 |                  8.74 |                    0.10 |    381 |    12.6125 |
|        1 |         89 |          1159.40 |      1150.82 |      1177.50 |                  6.25 |                    0.10 |    384 |    12.6944 |
|        1 |         90 |          1159.40 |      1150.82 |      1175.84 |                 11.10 |                    0.10 |    387 |    12.8013 |
|        1 |         91 |          1159.40 |      1150.82 |      1202.30 |                 16.42 |                    0.10 |    393 |    12.9422 |
|        1 |         92 |          1159.40 |      1150.82 |      1194.06 |                  8.52 |                    0.10 |    399 |    13.1761 |
|        1 |         93 |          1159.40 |      1150.82 |      1197.00 |                  5.92 |                    0.10 |    403 |    13.2550 |
|        1 |         94 |          1159.40 |      1150.82 |      1196.52 |                  4.72 |                    0.11 |    405 |    13.3504 |
|        1 |         95 |          1159.40 |      1150.82 |      1196.94 |                  7.52 |                    0.16 |    405 |    13.4122 |
|        1 |         96 |          1159.40 |      1150.82 |      1197.00 |                  4.11 |                    0.10 |    405 |    13.4943 |
|        1 |         97 |          1159.40 |      1150.82 |      1224.43 |                  3.85 |                    0.12 |    408 |    13.5779 |
|        1 |         98 |          1159.40 |      1150.82 |      1207.13 |                  6.79 |                    0.10 |    411 |    13.7632 |
|        1 |         99 |          1159.40 |      1150.82 |      1200.40 |                  6.80 |                    0.10 |    420 |    13.9103 |
|        1 |        100 |          1159.40 |      1150.82 |      1207.43 |                  4.72 |                    0.10 |    420 |    13.9987 |
|        1 |        101 |          1159.40 |      1150.82 |      1186.48 |                  4.08 |                    0.10 |    421 |    14.1035 |
|        1 |        102 |          1159.40 |      1150.82 |      1192.36 |                 11.25 |                    0.10 |    423 |    14.1903 |
|        1 |        103 |          1159.40 |      1150.82 |      1215.48 |                 13.68 |                    0.10 |    425 |    14.2604 |
|        1 |        104 |          1159.40 |      1150.82 |      1194.43 |                 10.19 |                    0.10 |    429 |    14.3495 |
|        1 |        105 |          1159.40 |      1150.82 |      1180.30 |                  6.77 |                    0.10 |    434 |    14.4926 |
|        1 |        106 |          1159.40 |      1150.82 |      1188.60 |                  8.62 |                    0.12 |    441 |    14.6345 |
|        1 |        107 |          1159.40 |      1150.82 |      1210.30 |                  7.97 |                    0.10 |    448 |    14.7670 |
|        1 |        108 |          1159.40 |      1150.82 |      1225.10 |                  6.76 |                    0.10 |    455 |    14.8440 |
|        1 |        109 |          1159.40 |      1150.82 |      1227.00 |                  7.22 |                    0.12 |    459 |    14.9212 |
|        1 |        110 |          1159.40 |      1150.82 |      1184.27 |                  7.37 |                    0.10 |    464 |    15.0755 |
|        1 |        111 |          1159.40 |      1150.82 |      1197.90 |                  5.63 |                    0.10 |    468 |    15.2199 |
|        1 |        112 |          1159.40 |      1150.82 |      1176.83 |                  6.55 |                    0.10 |    473 |    15.3551 |
|        1 |        113 |          1159.40 |      1150.82 |      1172.70 |                  8.34 |                    0.10 |    474 |    15.4991 |
|        1 |        114 |          1159.40 |      1150.82 |      1172.70 |                  5.62 |                    0.10 |    474 |    15.5759 |
|        1 |        115 |          1159.40 |      1150.82 |      1169.08 |                  6.05 |                    0.10 |    474 |    15.6687 |
|        1 |        116 |          1159.40 |      1150.82 |      1170.10 |                 10.98 |                    0.10 |    475 |    15.7380 |
|        1 |        117 |          1159.40 |      1150.82 |      1170.10 |                  4.96 |                    0.10 |    475 |    15.8005 |
|        1 |        118 |          1159.40 |      1150.82 |      1160.52 |                  4.12 |                    0.10 |    477 |    15.9298 |
|        1 |        119 |          1159.40 |      1150.82 |      1159.40 |                  8.41 |                    0.10 |    478 |    16.0098 |
|        1 |        120 |          1159.40 |      1150.82 |      1161.96 |                  4.59 |                    0.10 |    480 |    16.1056 |
|        1 |        121 |          1159.40 |      1150.82 |      1154.26 |                 12.41 |                    0.10 |    480 |    16.1950 |
|        1 |        122 |          1159.40 |      1150.82 |      1169.40 |                  4.62 |                    0.10 |    480 |    16.3004 |
|        1 |        123 |          1159.40 |      1150.82 |      1166.10 |                  3.58 |                    0.10 |    480 |    16.4066 |
|        1 |        124 |          1159.40 |      1150.82 |      1152.57 |                  7.84 |                    0.24 |    481 |    16.4872 |
|        1 |        125 |          1159.40 |      1150.82 |      1164.41 |                 10.75 |                    0.12 |    483 |    16.5519 |
|        1 |        126 |          1159.40 |      1150.82 |      1168.00 |                  5.26 |                    0.10 |    488 |    16.6320 |
|        1 |        127 |          1159.40 |      1150.82 |      1167.26 |                  6.93 |                    0.10 |    488 |    16.6869 |
|        1 |        128 |          1159.40 |      1150.82 |      1170.67 |                  4.05 |                    0.10 |    489 |    16.8048 |
|        1 |        129 |          1159.40 |      1150.82 |      1161.90 |                  4.81 |                    0.12 |    489 |    16.9088 |
|        1 |        130 |          1159.40 |      1150.82 |      1161.90 |                  4.25 |                    0.10 |    489 |    16.9814 |
|        1 |        131 |          1159.40 |      1150.82 |      1161.90 |                  3.26 |                    0.10 |    489 |    17.0418 |
|        1 |        132 |          1159.40 |      1150.82 |      1160.67 |                  3.77 |                    0.10 |    489 |    17.1244 |
|        1 |          0 |          1159.30 |      1150.82 |      1159.30 |                  3.29 |                    0.10 |    489 |    17.2169 |
|        1 |          1 |          1159.30 |      1150.82 |      1159.30 |                  6.02 |                    0.10 |    489 |    17.2949 |
|        1 |          2 |          1159.30 |      1150.82 |      1159.30 |                  6.00 |                    0.10 |    489 |    17.3606 |
|        1 |          3 |          1159.30 |      1150.82 |      1159.30 |                  3.70 |                    0.10 |    489 |    17.4170 |
|        1 |          4 |          1159.30 |      1150.82 |      1159.30 |                  3.22 |                    0.10 |    489 |    17.5357 |
|        1 |          5 |          1159.30 |      1150.82 |      1161.80 |                  9.33 |                    0.10 |    489 |    17.6166 |
|        1 |          6 |          1159.30 |      1150.82 |      1163.20 |                  3.89 |                    0.10 |    489 |    17.7046 |
|        1 |          7 |          1159.30 |      1150.82 |      1224.27 |                  7.70 |                    0.11 |    493 |    17.8246 |
|        1 |          8 |          1159.30 |      1150.82 |      1198.22 |                  7.88 |                    0.10 |    494 |    17.9238 |
|        1 |          9 |          1159.30 |      1150.82 |      1208.30 |                  8.74 |                    0.10 |    498 |    18.0188 |
|        1 |         10 |          1159.30 |      1150.82 |      1200.30 |                  5.76 |                    0.10 |    504 |    18.1447 |
|        1 |         11 |          1159.30 |      1150.82 |      1192.91 |                 12.38 |                    0.10 |    507 |    18.2085 |
|        1 |         12 |          1159.30 |      1150.82 |      1199.59 |                  7.08 |                    0.10 |    508 |    18.3421 |
|        1 |         13 |          1159.30 |      1150.82 |      1212.64 |                  8.41 |                    0.10 |    516 |    18.4768 |
|        1 |         14 |          1159.30 |      1150.82 |      1217.96 |                  9.90 |                    0.10 |    524 |    18.5789 |
|        1 |         15 |          1159.30 |      1150.82 |      1233.40 |                 18.50 |                    0.22 |    526 |    18.6589 |
|        1 |         16 |          1159.30 |      1150.82 |      1204.91 |                  4.37 |                    0.10 |    532 |    18.8838 |
|        1 |         17 |          1159.30 |      1150.82 |      1203.83 |                 12.05 |                    0.11 |    535 |    18.9693 |
|        1 |         18 |          1159.30 |      1150.82 |      1216.20 |                  8.97 |                    0.10 |    536 |    19.0592 |
|        1 |         19 |          1159.30 |      1150.82 |      1191.50 |                  9.01 |                    0.10 |    543 |    19.1420 |
|        1 |         20 |          1159.30 |      1150.82 |      1191.50 |                 10.11 |                    0.10 |    545 |    19.2209 |
|        1 |         21 |          1159.30 |      1150.82 |      1188.03 |                  7.09 |                    0.10 |    547 |    19.2992 |
|        1 |         22 |          1159.30 |      1150.82 |      1184.81 |                  9.15 |                    0.10 |    549 |    19.3827 |
|        1 |         23 |          1159.30 |      1150.82 |      1189.06 |                  8.92 |                    0.10 |    549 |    19.4594 |
|        1 |         24 |          1159.30 |      1150.82 |      1200.60 |                 12.32 |                    0.10 |    552 |    19.5656 |
|        1 |         25 |          1159.30 |      1150.82 |      1212.60 |                  8.61 |                    0.10 |    559 |    19.6971 |
|        1 |         26 |          1159.30 |      1150.82 |      1185.17 |                  9.92 |                    0.10 |    561 |    19.8310 |
|        1 |         27 |          1159.30 |      1150.82 |      1219.96 |                  8.24 |                    0.10 |    564 |    19.9148 |
------------------------------------------------------------------------------------------------------------------------------------------------
|  Restart |  Iteration |  Best Feas. Cost |    Best Cost |   Curr. Cost |   Penalty Custom Res. |   Penalty Standard Res. |   Pool |   Time (s) |
------------------------------------------------------------------------------------------------------------------------------------------------
|        1 |         28 |          1159.30 |      1150.82 |      1188.90 |                  3.74 |                    0.10 |    564 |    20.0906 |
|        1 |         29 |          1159.30 |      1150.82 |      1163.81 |                  5.71 |                    0.10 |    567 |    20.1981 |
|        1 |         30 |          1159.30 |      1150.82 |      1169.80 |                 16.40 |                    0.10 |    569 |    20.2776 |
|        1 |         31 |          1159.30 |      1150.82 |      1190.43 |                 10.52 |                    0.10 |    570 |    20.3411 |
|        1 |         32 |          1159.30 |      1150.82 |      1177.24 |                 10.79 |                    0.10 |    570 |    20.4213 |
|        1 |         33 |          1159.30 |      1150.82 |      1178.49 |                  8.61 |                    0.10 |    570 |    20.5082 |
|        1 |         34 |          1159.30 |      1150.82 |      1175.49 |                 11.21 |                    0.10 |    570 |    20.6028 |
|        1 |         35 |          1159.30 |      1150.82 |      1178.13 |                  8.17 |                    0.10 |    570 |    20.6858 |
|        1 |         36 |          1159.30 |      1150.82 |      1173.74 |                  8.13 |                    0.10 |    570 |    20.7812 |
|        1 |         37 |          1159.30 |      1150.82 |      1172.58 |                  4.90 |                    0.10 |    570 |    20.8645 |
|        1 |         38 |          1159.30 |      1150.82 |      1168.04 |                  7.35 |                    0.10 |    571 |    20.9615 |
|        1 |         39 |          1159.30 |      1150.82 |      1182.54 |                  9.30 |                    0.10 |    573 |    21.0370 |
|        1 |         40 |          1159.30 |      1150.82 |      1178.88 |                  5.50 |                    0.10 |    573 |    21.1294 |
|        1 |         41 |          1159.30 |      1150.82 |      1183.07 |                 11.69 |                    0.10 |    574 |    21.2221 |
|        1 |         42 |          1159.30 |      1150.82 |      1183.50 |                 10.62 |                    0.10 |    577 |    21.3198 |
|        1 |         43 |          1159.30 |      1150.82 |      1175.00 |                  6.54 |                    0.10 |    580 |    21.4045 |
|        1 |         44 |          1159.30 |      1150.82 |      1175.00 |                  6.13 |                    0.10 |    580 |    21.4875 |
|        1 |         45 |          1159.30 |      1150.82 |      1178.80 |                  5.19 |                    0.11 |    583 |    21.5805 |
|        1 |         46 |          1159.30 |      1150.82 |      1174.19 |                  6.25 |                    0.12 |    584 |    21.6520 |
|        1 |         47 |          1159.30 |      1150.82 |      1177.00 |                  3.77 |                    0.10 |    586 |    21.7530 |
|        1 |         48 |          1159.30 |      1150.82 |      1171.38 |                  6.70 |                    0.13 |    589 |    21.8347 |
|        1 |         49 |          1159.30 |      1150.82 |      1173.60 |                  4.00 |                    0.10 |    591 |    21.9165 |
|        1 |         50 |          1159.30 |      1150.82 |      1173.60 |                  4.03 |                    0.10 |    591 |    21.9795 |
|        1 |         51 |          1159.30 |      1150.82 |      1172.67 |                  3.81 |                    0.10 |    594 |    22.0761 |
|        1 |         52 |          1159.30 |      1150.82 |      1171.58 |                  5.11 |                    0.14 |    594 |    22.1594 |
|        1 |         53 |          1159.30 |      1150.82 |      1174.50 |                  7.27 |                    0.10 |    594 |    22.2684 |
|        1 |         54 |          1159.30 |      1150.82 |      1174.50 |                  5.20 |                    0.10 |    594 |    22.3465 |
|        1 |         55 |          1159.30 |      1150.82 |      1174.04 |                  3.79 |                    0.10 |    596 |    22.4777 |
|        1 |         56 |          1159.30 |      1150.82 |      1174.40 |                  6.72 |                    0.16 |    596 |    22.5812 |
|        1 |         57 |          1159.30 |      1150.82 |      1170.97 |                  7.98 |                    0.10 |    598 |    22.7109 |
|        1 |         58 |          1159.30 |      1150.82 |      1178.29 |                 21.59 |                    0.10 |    600 |    22.7934 |
|        1 |         59 |          1159.30 |      1150.82 |      1178.70 |                  4.78 |                    0.10 |    601 |    22.9362 |
|        1 |         60 |          1159.30 |      1150.82 |      1167.13 |                 10.15 |                    0.11 |    602 |    23.0449 |
|        1 |         61 |          1159.30 |      1150.82 |      1179.70 |                  4.58 |                    0.10 |    602 |    23.1219 |
|        1 |         62 |          1159.30 |      1150.82 |      1168.42 |                 10.98 |                    0.10 |    602 |    23.2198 |
|        1 |         63 |          1159.30 |      1150.82 |      1179.29 |                  4.91 |                    0.10 |    602 |    23.2966 |
|        1 |         64 |          1159.30 |      1150.82 |      1168.41 |                 10.77 |                    0.18 |    602 |    23.3557 |
|        1 |         65 |          1159.30 |      1150.82 |      1178.10 |                  4.62 |                    0.10 |    602 |    23.4549 |
|        1 |         66 |          1159.30 |      1150.82 |      1195.83 |                 11.43 |                    0.25 |    602 |    23.5334 |
|        1 |         67 |          1159.30 |      1150.82 |      1171.32 |                  8.89 |                    0.10 |    604 |    23.7018 |
|        1 |         68 |          1159.30 |      1150.82 |      1174.25 |                  7.24 |                    0.10 |    604 |    23.7987 |
|        1 |         69 |          1159.30 |      1150.82 |      1172.14 |                  5.33 |                    0.10 |    604 |    23.8827 |
|        1 |         70 |          1159.30 |      1150.82 |      1168.95 |                  7.65 |                    0.10 |    604 |    24.0077 |
|        1 |         71 |          1159.30 |      1150.82 |      1176.18 |                  7.46 |                    0.10 |    605 |    24.0925 |
|        1 |         72 |          1159.30 |      1150.82 |      1179.40 |                  5.59 |                    0.10 |    607 |    24.2103 |
|        1 |         73 |          1159.30 |      1150.82 |      1167.10 |                  3.14 |                    0.10 |    611 |    24.3549 |
|        1 |         74 |          1159.30 |      1150.82 |      1184.62 |                  7.53 |                    0.24 |    611 |    24.4294 |
|        1 |         75 |          1159.30 |      1150.82 |      1218.30 |                  9.29 |                    0.17 |    615 |    24.5960 |
|        1 |         76 |          1159.30 |      1150.82 |      1247.50 |                  5.33 |                    0.10 |    619 |    24.6707 |
|        1 |         77 |          1159.30 |      1150.82 |      1231.20 |                  9.24 |                    0.14 |    628 |    24.8341 |
|        1 |         78 |          1159.30 |      1150.82 |      1196.32 |                  5.12 |                    0.10 |    628 |    24.9980 |
|        1 |         79 |          1159.30 |      1150.82 |      1192.28 |                  6.34 |                    0.10 |    629 |    25.0864 |
|        1 |         80 |          1159.30 |      1150.82 |      1193.40 |                  4.63 |                    0.10 |    629 |    25.1461 |
|        1 |         81 |          1159.30 |      1150.82 |      1210.06 |                  9.84 |                    0.10 |    634 |    25.2707 |
|        1 |         82 |          1159.30 |      1150.82 |      1217.20 |                  5.61 |                    0.10 |    642 |    25.6273 |
|        1 |         83 |          1159.30 |      1150.82 |      1202.24 |                 11.00 |                    0.10 |    645 |    25.7258 |
|        1 |         84 |          1159.30 |      1150.82 |      1236.10 |                  5.71 |                    0.10 |    649 |    25.8180 |
|        1 |         85 |          1159.30 |      1150.82 |      1198.70 |                 10.19 |                    0.20 |    655 |    26.0158 |
|        1 |         86 |          1159.30 |      1150.82 |      1230.98 |                  7.21 |                    0.10 |    658 |    26.1054 |
|        1 |         87 |          1159.30 |      1150.82 |      1192.80 |                  7.82 |                    0.10 |    662 |    26.2465 |
|        1 |         88 |          1159.30 |      1150.82 |      1192.80 |                  6.18 |                    0.10 |    662 |    26.3293 |
|        1 |         89 |          1159.30 |      1150.82 |      1192.80 |                  7.00 |                    0.17 |    662 |    26.4079 |
|        1 |         90 |          1159.30 |      1150.82 |      1211.83 |                 10.40 |                    0.10 |    665 |    26.4906 |
|        1 |         91 |          1159.30 |      1150.82 |      1194.57 |                  4.32 |                    0.10 |    668 |    26.6382 |
|        1 |         92 |          1159.30 |      1150.82 |      1189.63 |                  6.15 |                    0.10 |    669 |    26.7495 |
|        1 |         93 |          1159.30 |      1150.82 |      1212.41 |                  5.17 |                    0.10 |    671 |    26.8354 |
|        1 |         94 |          1159.30 |      1150.82 |      1180.80 |                  5.28 |                    0.12 |    674 |    26.9917 |
|        1 |         95 |          1159.30 |      1150.82 |      1185.73 |                  8.74 |                    0.10 |    677 |    27.0719 |
|        1 |         96 |          1159.30 |      1150.82 |      1185.75 |                  8.43 |                    0.10 |    679 |    27.1892 |
|        1 |         97 |          1159.30 |      1150.82 |      1192.00 |                  5.29 |                    0.10 |    683 |    27.2748 |
|        1 |         98 |          1159.30 |      1150.82 |      1156.36 |                  8.67 |                    0.10 |    685 |    27.3517 |
|        1 |         99 |          1159.30 |      1150.82 |      1172.60 |                 11.77 |                    0.10 |    686 |    27.4259 |
|        1 |        100 |          1159.30 |      1150.82 |      1168.75 |                 11.51 |                    0.10 |    688 |    27.6172 |
|        1 |        101 |          1159.30 |      1150.82 |      1192.40 |                  5.18 |                    0.10 |    690 |    27.7272 |
|        1 |        102 |          1159.30 |      1150.82 |      1192.28 |                  8.51 |                    0.15 |    690 |    27.8064 |
|        1 |        103 |          1159.30 |      1150.82 |      1194.00 |                  8.54 |                    0.10 |    692 |    27.8971 |
|        1 |        104 |          1159.30 |      1150.82 |      1192.40 |                  5.10 |                    0.10 |    692 |    27.9887 |
|        1 |        105 |          1159.30 |      1150.82 |      1165.50 |                  5.45 |                    0.10 |    695 |    28.2094 |
|        1 |        106 |          1159.30 |      1150.82 |      1166.70 |                  7.11 |                    0.16 |    697 |    28.2845 |
|        1 |        107 |          1159.30 |      1150.82 |      1172.72 |                 14.93 |                    0.10 |    699 |    28.3938 |
|        1 |          0 |          1155.80 |      1150.82 |      1155.80 |                  5.18 |                    0.10 |    705 |    28.6893 |
|        1 |          1 |          1155.80 |      1150.82 |      1155.58 |                  4.52 |                    0.10 |    705 |    28.7825 |
|        1 |          2 |          1155.80 |      1150.82 |      1155.20 |                  5.28 |                    0.10 |    706 |    28.8551 |
|        1 |          3 |          1155.80 |      1150.82 |      1177.31 |                 14.00 |                    0.10 |    709 |    28.9312 |
|        1 |          4 |          1155.80 |      1150.82 |      1185.22 |                 13.15 |                    0.12 |    709 |    29.1258 |
|        1 |          5 |          1155.80 |      1150.82 |      1156.70 |                  8.74 |                    0.10 |    711 |    29.2543 |
|        1 |          6 |          1155.80 |      1150.82 |      1156.70 |                  6.13 |                    0.10 |    711 |    29.3307 |
|        1 |          7 |          1155.80 |      1150.82 |      1170.40 |                  7.22 |                    0.10 |    714 |    29.4503 |
|        1 |          8 |          1155.80 |      1150.82 |      1174.10 |                  4.67 |                    0.10 |    717 |    29.5557 |
|        1 |          9 |          1155.80 |      1150.82 |      1192.53 |                 11.32 |                    0.10 |    718 |    29.6234 |
|        1 |         10 |          1155.80 |      1150.82 |      1187.00 |                  5.93 |                    0.11 |    722 |    29.7275 |
|        1 |         11 |          1155.80 |      1150.82 |      1187.00 |                  2.99 |                    0.10 |    723 |    29.8062 |
|        1 |         12 |          1155.80 |      1150.82 |      1170.74 |                  5.69 |                    0.14 |    727 |    29.9121 |
|        1 |         13 |          1155.80 |      1150.82 |      1179.11 |                  8.71 |                    0.10 |    729 |    29.9889 |
|        1 |         14 |          1155.80 |      1150.82 |      1167.20 |                  4.80 |                    0.10 |    729 |    30.0968 |
|        1 |         15 |          1155.80 |      1150.82 |      1195.70 |                  8.12 |                    0.10 |    730 |    30.1646 |
|        1 |         16 |          1155.80 |      1150.82 |      1180.49 |                  6.53 |                    0.10 |    733 |    30.3013 |
|        1 |         17 |          1155.80 |      1150.82 |      1167.20 |                  3.68 |                    0.10 |    733 |    30.3736 |
|        1 |         18 |          1155.80 |      1150.82 |      1188.60 |                  6.99 |                    0.11 |    733 |    30.5125 |
|        1 |         19 |          1155.80 |      1150.82 |      1171.60 |                  4.79 |                    0.10 |    738 |    30.6402 |
|        1 |         20 |          1155.80 |      1150.82 |      1168.30 |                  7.40 |                    0.11 |    741 |    30.7105 |
|        1 |         21 |          1155.80 |      1150.82 |      1168.30 |                  6.59 |                    0.11 |    741 |    30.7934 |
|        1 |         22 |          1155.80 |      1150.82 |      1165.80 |                  5.35 |                    0.10 |    741 |    30.9079 |
|        1 |         23 |          1155.80 |      1150.82 |      1165.80 |                  3.95 |                    0.10 |    741 |    30.9703 |
|        1 |         24 |          1155.80 |      1150.82 |      1165.80 |                  4.22 |                    0.14 |    741 |    31.0241 |
|        1 |         25 |          1155.80 |      1150.82 |      1165.80 |                  5.03 |                    0.10 |    741 |    31.1062 |
|        1 |         26 |          1155.80 |      1150.82 |      1165.80 |                  3.29 |                    0.10 |    741 |    31.1695 |
|        1 |         27 |          1155.80 |      1150.82 |      1165.80 |                  2.79 |                    0.11 |    741 |    31.2297 |
|        1 |         28 |          1155.80 |      1150.82 |      1165.80 |                  4.45 |                    0.11 |    741 |    31.2904 |
|        1 |         29 |          1155.80 |      1150.82 |      1184.94 |                  5.85 |                    0.10 |    745 |    31.3859 |
|        1 |         30 |          1155.80 |      1150.82 |      1194.52 |                  4.45 |                    0.10 |    746 |    31.4494 |
|        1 |         31 |          1155.80 |      1150.82 |      1181.21 |                  4.43 |                    0.10 |    748 |    31.5175 |
|        1 |         32 |          1155.80 |      1150.82 |      1180.86 |                 10.42 |                    0.10 |    748 |    31.5868 |
|        1 |         33 |          1155.80 |      1150.82 |      1172.70 |                  5.68 |                    0.10 |    752 |    31.6755 |
|        1 |         34 |          1155.80 |      1150.82 |      1187.46 |                  6.77 |                    0.10 |    755 |    31.7539 |
|        1 |         35 |          1155.80 |      1150.82 |      1172.70 |                  6.10 |                    0.10 |    755 |    31.8440 |
|        1 |         36 |          1155.80 |      1150.82 |      1162.30 |                  6.62 |                    0.10 |    756 |    31.9527 |
|        1 |         37 |          1155.80 |      1150.82 |      1159.60 |                  3.88 |                    0.11 |    757 |    32.0318 |
|        1 |         38 |          1155.80 |      1150.82 |      1177.89 |                  6.49 |                    0.14 |    758 |    32.1100 |
|        1 |         39 |          1155.80 |      1150.82 |      1195.73 |                  4.37 |                    0.11 |    763 |    32.2102 |
|        1 |         40 |          1155.80 |      1150.82 |      1176.62 |                  7.68 |                    0.10 |    765 |    32.3185 |
|        1 |         41 |          1155.80 |      1150.82 |      1178.20 |                  6.13 |                    0.10 |    768 |    32.3915 |
|        1 |         42 |          1155.80 |      1150.82 |      1177.18 |                 11.69 |                    0.10 |    772 |    32.4716 |
|        1 |         43 |          1155.80 |      1150.82 |      1167.30 |                  8.37 |                    0.10 |    774 |    32.5358 |
|        1 |         44 |          1155.80 |      1150.82 |      1188.38 |                 11.57 |                    0.10 |    776 |    32.6402 |
|        1 |         45 |          1155.80 |      1150.82 |      1194.90 |                  6.26 |                    0.10 |    779 |    32.7127 |
|        1 |         46 |          1155.80 |      1150.82 |      1179.48 |                  4.94 |                    0.13 |    783 |    32.8387 |
|        1 |         47 |          1155.80 |      1150.82 |      1174.70 |                  6.35 |                    0.10 |    785 |    32.9682 |
|        1 |         48 |          1155.80 |      1150.82 |      1175.30 |                  5.67 |                    0.10 |    788 |    33.0351 |
|        1 |         49 |          1155.80 |      1150.82 |      1175.30 |                  8.08 |                    0.18 |    788 |    33.1155 |
|        1 |         50 |          1155.80 |      1150.82 |      1175.30 |                  4.78 |                    0.10 |    788 |    33.1906 |
|        1 |         51 |          1155.80 |      1150.82 |      1174.70 |                  4.95 |                    0.10 |    788 |    33.2688 |
|        1 |         52 |          1155.80 |      1150.82 |      1178.21 |                 15.86 |                    0.10 |    790 |    33.3859 |
|        1 |         53 |          1155.80 |      1150.82 |      1165.90 |                  6.04 |                    0.10 |    790 |    33.4815 |
|        1 |         54 |          1155.80 |      1150.82 |      1165.90 |                  5.07 |                    0.14 |    790 |    33.5471 |
|        1 |         55 |          1155.80 |      1150.82 |      1175.54 |                 10.48 |                    0.10 |    790 |    33.6235 |
|        1 |         56 |          1155.80 |      1150.82 |      1170.30 |                  3.43 |                    0.10 |    795 |    33.7126 |
|        1 |         57 |          1155.80 |      1150.82 |      1189.90 |                  4.93 |                    0.10 |    797 |    33.8563 |
|        1 |         58 |          1155.80 |      1150.82 |      1181.13 |                  9.66 |                    0.10 |    800 |    33.9506 |
|        1 |         59 |          1155.80 |      1150.82 |      1188.62 |                  7.15 |                    0.10 |    804 |    34.1628 |
|        1 |         60 |          1155.80 |      1150.82 |      1195.48 |                  5.53 |                    0.10 |    805 |    34.2764 |
|        1 |         61 |          1155.80 |      1150.82 |      1191.95 |                  7.83 |                    0.10 |    808 |    34.4535 |
|        1 |         62 |          1155.80 |      1150.82 |      1181.65 |                 10.21 |                    0.10 |    810 |    34.5262 |
|        1 |         63 |          1155.80 |      1150.82 |      1180.70 |                  6.08 |                    0.10 |    816 |    34.6685 |
|        1 |         64 |          1155.80 |      1150.82 |      1158.80 |                 12.13 |                    0.10 |    818 |    34.8263 |
|        1 |         65 |          1155.80 |      1150.82 |      1191.60 |                  8.84 |                    0.10 |    821 |    34.9213 |
|        1 |         66 |          1155.80 |      1150.82 |      1190.40 |                  9.62 |                    0.10 |    825 |    35.0201 |
|        1 |         67 |          1155.80 |      1150.82 |      1188.20 |                  7.37 |                    0.10 |    827 |    35.0977 |
|        1 |         68 |          1155.80 |      1150.82 |      1188.20 |                  8.70 |                    0.10 |    827 |    35.1760 |
|        1 |         69 |          1155.80 |      1150.82 |      1188.20 |                 12.52 |                    0.10 |    828 |    35.2659 |
|        1 |         70 |          1155.80 |      1150.82 |      1187.80 |                  5.99 |                    0.10 |    830 |    35.3698 |
|        1 |         71 |          1155.80 |      1150.82 |      1186.83 |                  6.33 |                    0.10 |    831 |    35.4533 |
|        1 |         72 |          1155.80 |      1150.82 |      1186.62 |                  7.19 |                    0.10 |    832 |    35.5148 |
|        1 |         73 |          1155.80 |      1150.82 |      1197.69 |                  8.73 |                    0.10 |    834 |    35.6019 |
|        1 |         74 |          1155.80 |      1150.82 |      1199.96 |                 16.00 |                    0.10 |    836 |    35.6800 |
|        1 |         75 |          1155.80 |      1150.82 |      1185.60 |                 11.27 |                    0.10 |    841 |    35.8325 |
|        1 |         76 |          1155.80 |      1150.82 |      1188.49 |                 14.95 |                    0.10 |    841 |    35.9687 |
|        1 |         77 |          1155.80 |      1150.82 |      1162.99 |                  4.88 |                    0.10 |    844 |    36.1377 |
|        1 |         78 |          1155.80 |      1150.82 |      1167.80 |                 11.58 |                    0.10 |    848 |    36.2206 |
|        1 |         79 |          1155.80 |      1150.82 |      1177.20 |                  9.06 |                    0.10 |    852 |    36.3003 |
|        1 |         80 |          1155.80 |      1150.82 |      1186.88 |                  5.23 |                    0.10 |    854 |    36.4442 |
|        1 |         81 |          1155.80 |      1150.82 |      1182.27 |                 10.07 |                    0.10 |    854 |    36.5216 |
|        1 |         82 |          1155.80 |      1150.82 |      1187.37 |                  8.79 |                    0.10 |    855 |    36.5989 |
|        1 |         83 |          1155.80 |      1150.82 |      1186.34 |                  7.61 |                    0.10 |    855 |    36.6777 |
|        1 |         84 |          1155.80 |      1150.82 |      1193.08 |                 12.37 |                    0.10 |    858 |    36.7415 |
|        1 |         85 |          1155.80 |      1150.82 |      1183.70 |                  4.33 |                    0.10 |    859 |    36.8797 |
|        1 |         86 |          1155.80 |      1150.82 |      1181.36 |                  4.76 |                    0.10 |    860 |    36.9753 |
|        1 |         87 |          1155.80 |      1150.82 |      1181.61 |                  9.84 |                    0.10 |    861 |    37.0370 |
|        1 |         88 |          1155.80 |      1150.82 |      1180.40 |                  4.90 |                    0.10 |    864 |    37.1586 |
|        1 |         89 |          1155.80 |      1150.82 |      1180.05 |                 10.85 |                    0.10 |    865 |    37.2308 |
|        1 |         90 |          1155.80 |      1150.82 |      1180.34 |                  8.57 |                    0.10 |    869 |    37.3273 |
|        1 |         91 |          1155.80 |      1150.82 |      1180.71 |                  8.20 |                    0.10 |    871 |    37.3971 |
|        1 |         92 |          1155.80 |      1150.82 |      1180.00 |                  4.13 |                    0.10 |    873 |    37.4829 |
|        1 |         93 |          1155.80 |      1150.82 |      1180.00 |                  7.42 |                    0.10 |    873 |    37.5507 |
|        1 |         94 |          1155.80 |      1150.82 |      1162.50 |                  4.20 |                    0.13 |    873 |    37.6941 |
|        1 |         95 |          1155.80 |      1150.82 |      1187.85 |                 10.26 |                    0.10 |    874 |    37.7850 |
|        1 |         96 |          1155.80 |      1150.82 |      1189.50 |                  8.19 |                    0.10 |    874 |    37.8653 |
|        1 |         97 |          1155.80 |      1150.82 |      1189.50 |                  9.11 |                    0.10 |    874 |    37.9388 |
|        1 |         98 |          1155.80 |      1150.82 |      1189.50 |                  9.06 |                    0.10 |    874 |    38.0183 |
|        1 |         99 |          1155.80 |      1150.82 |      1189.50 |                  6.23 |                    0.10 |    874 |    38.0888 |
|        1 |        100 |          1155.80 |      1150.82 |      1189.64 |                  8.35 |                    0.10 |    874 |    38.2121 |
|        1 |        101 |          1155.80 |      1150.82 |      1192.03 |                  8.15 |                    0.10 |    874 |    38.2900 |
|        1 |        102 |          1155.80 |      1150.82 |      1192.42 |                  8.35 |                    0.10 |    874 |    38.3880 |
|        1 |        103 |          1155.80 |      1150.82 |      1193.79 |                 11.32 |                    0.10 |    874 |    38.4834 |
|        1 |        104 |          1155.80 |      1150.82 |      1193.83 |                  8.59 |                    0.10 |    874 |    38.5818 |
|        1 |        105 |          1155.80 |      1150.82 |      1192.45 |                  6.02 |                    0.10 |    874 |    38.6627 |
|        1 |        106 |          1155.80 |      1150.82 |      1202.26 |                  8.49 |                    0.11 |    874 |    38.7714 |
|        1 |        107 |          1155.80 |      1150.82 |      1192.35 |                  4.78 |                    0.10 |    874 |    38.8558 |
|        1 |        108 |          1155.80 |      1150.82 |      1188.67 |                  9.37 |                    0.10 |    874 |    38.9476 |
|        1 |        109 |          1155.80 |      1150.82 |      1177.40 |                  5.98 |                    0.10 |    874 |    39.0867 |
|        1 |        110 |          1155.80 |      1150.82 |      1198.26 |                 10.57 |                    0.10 |    879 |    39.2720 |
|        1 |        111 |          1155.80 |      1150.82 |      1207.85 |                 21.43 |                    0.10 |    881 |    39.3267 |
|        1 |        112 |          1155.80 |      1150.82 |      1210.50 |                  4.53 |                    0.11 |    886 |    39.5337 |
|        1 |        113 |          1155.80 |      1150.82 |      1194.11 |                  8.05 |                    0.20 |    889 |    39.7828 |
|        1 |        114 |          1155.80 |      1150.82 |      1205.24 |                 12.14 |                    0.10 |    891 |    39.9341 |
------------------------------------------------------------------------------------------------------------------------------------------------
|  Restart |  Iteration |  Best Feas. Cost |    Best Cost |   Curr. Cost |   Penalty Custom Res. |   Penalty Standard Res. |   Pool |   Time (s) |
------------------------------------------------------------------------------------------------------------------------------------------------
|        1 |        115 |          1155.80 |      1150.82 |      1208.80 |                  5.82 |                    0.10 |    892 |    40.0275 |
|        1 |        116 |          1155.80 |      1150.82 |      1197.40 |                  4.64 |                    0.10 |    895 |    40.1212 |
|        1 |        117 |          1155.80 |      1150.82 |      1190.52 |                  3.93 |                    0.10 |    898 |    40.3803 |
|        1 |        118 |          1155.80 |      1150.82 |      1189.63 |                  9.91 |                    0.20 |    898 |    40.4527 |
|        1 |        119 |          1155.80 |      1150.82 |      1196.71 |                  7.76 |                    0.11 |    898 |    40.5163 |
|        1 |        120 |          1155.80 |      1150.82 |      1190.50 |                  6.99 |                    0.15 |    899 |    40.5921 |
|        1 |        121 |          1155.80 |      1150.82 |      1154.30 |                  6.31 |                    0.10 |    899 |    40.7930 |
|        1 |        122 |          1155.80 |      1150.82 |      1157.50 |                 11.43 |                    0.10 |    899 |    40.8674 |
|        1 |        123 |          1155.80 |      1150.82 |      1159.60 |                  6.30 |                    0.10 |    900 |    40.9532 |
|        1 |        124 |          1155.80 |      1150.82 |      1175.43 |                  5.10 |                    0.12 |    906 |    41.1199 |
|        1 |        125 |          1155.80 |      1150.82 |      1165.90 |                  6.02 |                    0.10 |    907 |    41.1947 |
|        1 |        126 |          1155.80 |      1150.82 |      1158.30 |                  4.37 |                    0.12 |    907 |    41.3379 |
|        1 |        127 |          1155.80 |      1150.82 |      1180.42 |                 10.91 |                    0.10 |    909 |    41.4154 |
|        1 |        128 |          1155.80 |      1150.82 |      1159.80 |                  9.49 |                    0.10 |    913 |    41.5750 |
|        1 |        129 |          1155.80 |      1150.82 |      1159.30 |                  4.28 |                    0.10 |    916 |    41.6559 |
|        1 |        130 |          1155.80 |      1150.82 |      1159.30 |                  3.59 |                    0.10 |    916 |    41.7402 |
|        1 |        131 |          1155.80 |      1150.82 |      1177.07 |                  6.79 |                    0.10 |    917 |    41.8058 |
|        1 |        132 |          1155.80 |      1150.82 |      1195.39 |                 14.32 |                    0.10 |    918 |    41.8672 |
|        1 |        133 |          1155.80 |      1150.82 |      1218.23 |                 10.78 |                    0.10 |    918 |    41.9279 |
|        1 |        134 |          1155.80 |      1150.82 |      1204.20 |                 11.08 |                    0.14 |    921 |    42.1206 |
|        1 |        135 |          1155.80 |      1150.82 |      1204.20 |                  5.65 |                    0.10 |    921 |    42.1834 |
|        1 |        136 |          1155.80 |      1150.82 |      1198.25 |                  6.14 |                    0.10 |    923 |    42.2994 |
|        1 |        137 |          1155.80 |      1150.82 |      1194.80 |                  3.59 |                    0.11 |    923 |    42.3830 |
|        1 |        138 |          1155.80 |      1150.82 |      1184.41 |                  5.95 |                    0.13 |    923 |    42.4663 |
|        1 |        139 |          1155.80 |      1150.82 |      1180.42 |                  6.38 |                    0.10 |    927 |    42.6265 |
|        1 |        140 |          1155.80 |      1150.82 |      1186.07 |                 11.00 |                    0.10 |    927 |    42.7106 |
|        1 |        141 |          1155.80 |      1150.82 |      1193.70 |                 11.97 |                    0.10 |    928 |    42.7911 |
|        1 |        142 |          1155.80 |      1150.82 |      1200.87 |                  4.23 |                    0.10 |    932 |    42.9501 |
|        1 |        143 |          1155.80 |      1150.82 |      1197.95 |                  7.08 |                    0.10 |    933 |    43.0298 |
|        1 |        144 |          1155.80 |      1150.82 |      1199.78 |                  4.91 |                    0.10 |    933 |    43.1229 |
|        1 |        145 |          1155.80 |      1150.82 |      1208.21 |                  9.44 |                    0.25 |    939 |    43.2348 |
|        1 |        146 |          1155.80 |      1150.82 |      1213.00 |                 14.57 |                    0.27 |    943 |    43.3442 |
|        1 |        147 |          1155.80 |      1150.82 |      1206.80 |                  4.31 |                    0.11 |    946 |    43.4745 |
|        1 |        148 |          1155.80 |      1150.82 |      1202.21 |                  7.50 |                    0.10 |    947 |    43.5505 |
|        1 |        149 |          1155.80 |      1150.82 |      1204.85 |                  7.76 |                    0.10 |    947 |    43.6323 |
|        1 |        150 |          1155.80 |      1150.82 |      1206.70 |                  7.65 |                    0.10 |    950 |    43.7044 |
|        1 |        151 |          1155.80 |      1150.82 |      1206.70 |                  6.22 |                    0.10 |    950 |    43.8116 |
|        1 |        152 |          1155.80 |      1150.82 |      1198.55 |                  6.69 |                    0.13 |    953 |    43.9353 |
|        1 |        153 |          1155.80 |      1150.82 |      1200.78 |                 10.64 |                    0.10 |    953 |    44.0355 |
|        1 |        154 |          1155.80 |      1150.82 |      1184.60 |                 10.79 |                    0.10 |    958 |    44.1439 |
|        1 |        155 |          1155.80 |      1150.82 |      1184.60 |                  6.32 |                    0.10 |    958 |    44.2287 |
|        1 |        156 |          1155.80 |      1150.82 |      1172.10 |                  9.15 |                    0.10 |    960 |    44.3720 |
|        1 |        157 |          1155.80 |      1150.82 |      1173.50 |                  6.22 |                    0.10 |    962 |    44.4622 |
|        1 |        158 |          1155.80 |      1150.82 |      1173.50 |                 12.48 |                    0.10 |    962 |    44.5318 |
|        1 |        159 |          1155.80 |      1150.82 |      1195.10 |                  9.10 |                    0.10 |    965 |    44.6046 |
|        1 |        160 |          1155.80 |      1150.82 |      1184.36 |                  7.27 |                    0.10 |    966 |    44.6958 |
|        1 |        161 |          1155.80 |      1150.82 |      1186.35 |                  7.99 |                    0.10 |    968 |    44.7776 |
|        1 |        162 |          1155.80 |      1150.82 |      1183.25 |                 10.94 |                    0.10 |    969 |    44.8650 |
|        1 |        163 |          1155.80 |      1150.82 |      1194.61 |                 14.40 |                    0.10 |    970 |    44.9454 |
|        1 |        164 |          1155.80 |      1150.82 |      1199.10 |                  7.33 |                    0.10 |    973 |    45.0272 |
|        1 |        165 |          1155.80 |      1150.82 |      1194.63 |                 11.04 |                    0.10 |    973 |    45.1840 |
|        1 |        166 |          1155.80 |      1150.82 |      1184.20 |                  6.27 |                    0.10 |    976 |    45.2969 |
|        1 |        167 |          1155.80 |      1150.82 |      1200.90 |                  4.61 |                    0.10 |    979 |    45.4055 |
|        1 |        168 |          1155.80 |      1150.82 |      1253.55 |                  9.53 |                    0.21 |    981 |    45.4634 |
|        1 |        169 |          1155.80 |      1150.82 |      1220.50 |                  4.09 |                    0.10 |    984 |    45.5633 |
|        1 |        170 |          1155.80 |      1150.82 |      1220.49 |                  3.95 |                    0.10 |    985 |    45.6567 |
|        1 |        171 |          1155.80 |      1150.82 |      1220.60 |                  3.42 |                    0.10 |    985 |    45.7369 |
|        1 |        172 |          1155.80 |      1150.82 |      1224.22 |                  5.77 |                    0.10 |    987 |    45.8364 |
|        1 |        173 |          1155.80 |      1150.82 |      1182.80 |                  2.40 |                    0.10 |    987 |    45.9969 |
|        1 |        174 |          1155.80 |      1150.82 |      1179.02 |                  8.90 |                    0.14 |    989 |    46.1097 |
|        1 |        175 |          1155.80 |      1150.82 |      1199.88 |                 22.92 |                    0.10 |    991 |    46.1780 |
|        1 |        176 |          1155.80 |      1150.82 |      1214.20 |                 13.40 |                    0.10 |    997 |    46.2764 |
|        1 |        177 |          1155.80 |      1150.82 |      1190.65 |                  6.84 |                    0.10 |   1001 |    46.4615 |
|        1 |        178 |          1155.80 |      1150.82 |      1180.60 |                  9.43 |                    0.10 |   1006 |    46.5956 |
|        1 |        179 |          1155.80 |      1150.82 |      1160.06 |                  9.25 |                    0.10 |   1008 |    46.7453 |
|        1 |        180 |          1155.80 |      1150.82 |      1167.47 |                  9.79 |                    0.10 |   1008 |    46.8086 |
|        1 |        181 |          1155.80 |      1150.82 |      1168.23 |                 18.09 |                    0.10 |   1009 |    46.9065 |
|        1 |        182 |          1155.80 |      1150.82 |      1171.40 |                 11.24 |                    0.10 |   1012 |    46.9986 |
|        1 |        183 |          1155.80 |      1150.82 |      1168.30 |                 12.12 |                    0.10 |   1013 |    47.0673 |
|        1 |        184 |          1155.80 |      1150.82 |      1168.30 |                  7.10 |                    0.10 |   1013 |    47.1456 |
|        1 |        185 |          1155.80 |      1150.82 |      1189.70 |                 10.73 |                    0.10 |   1018 |    47.2471 |
|        1 |        186 |          1155.80 |      1150.82 |      1171.50 |                 14.10 |                    0.10 |   1019 |    47.3588 |
|        1 |        187 |          1155.80 |      1150.82 |      1176.40 |                 11.05 |                    0.10 |   1021 |    47.4296 |
|        1 |        188 |          1155.80 |      1150.82 |      1173.90 |                 11.20 |                    0.10 |   1025 |    47.5280 |
|        1 |        189 |          1155.80 |      1150.82 |      1173.74 |                  5.82 |                    0.10 |   1025 |    47.6058 |
|        1 |        190 |          1155.80 |      1150.82 |      1176.41 |                 12.35 |                    0.10 |   1027 |    47.6989 |
|        1 |        191 |          1155.80 |      1150.82 |      1192.30 |                 11.14 |                    0.10 |   1029 |    47.7619 |
|        1 |        192 |          1155.80 |      1150.82 |      1168.80 |                  5.28 |                    0.10 |   1029 |    47.8603 |
|        1 |        193 |          1155.80 |      1150.82 |      1162.72 |                  4.84 |                    0.10 |   1031 |    47.9531 |
|        1 |        194 |          1155.80 |      1150.82 |      1161.79 |                 10.95 |                    0.10 |   1031 |    48.0171 |
|        1 |        195 |          1155.80 |      1150.82 |      1171.28 |                  8.15 |                    0.10 |   1031 |    48.1010 |
|        1 |        196 |          1155.80 |      1150.82 |      1200.33 |                  5.78 |                    0.10 |   1033 |    48.1673 |
|        1 |        197 |          1155.80 |      1150.82 |      1193.75 |                  6.88 |                    0.10 |   1033 |    48.2367 |
|        1 |        198 |          1155.80 |      1150.82 |      1208.66 |                  7.41 |                    0.10 |   1033 |    48.3241 |
|        1 |        199 |          1155.80 |      1150.82 |      1197.04 |                 10.62 |                    0.10 |   1034 |    48.4851 |
|        1 |        200 |          1155.80 |      1150.82 |      1206.00 |                  7.53 |                    0.10 |   1038 |    48.5460 |
|        1 |        201 |          1155.80 |      1150.82 |      1193.63 |                 11.62 |                    0.10 |   1039 |    48.6560 |
|        1 |        202 |          1155.80 |      1150.82 |      1202.57 |                  5.45 |                    0.10 |   1039 |    48.7673 |
|        1 |        203 |          1155.80 |      1150.82 |      1189.10 |                  6.31 |                    0.10 |   1039 |    48.8352 |
|        1 |        204 |          1155.80 |      1150.82 |      1192.53 |                  4.64 |                    0.10 |   1043 |    48.9404 |
|        1 |        205 |          1155.80 |      1150.82 |      1199.26 |                 10.81 |                    0.10 |   1045 |    49.0135 |
|        1 |        206 |          1155.80 |      1150.82 |      1202.70 |                  4.31 |                    0.10 |   1046 |    49.1629 |
|        1 |        207 |          1155.80 |      1150.82 |      1196.70 |                  5.61 |                    0.10 |   1052 |    49.2800 |
|        1 |        208 |          1155.80 |      1150.82 |      1184.94 |                 10.80 |                    0.10 |   1057 |    49.3686 |
|        1 |        209 |          1155.80 |      1150.82 |      1200.00 |                  7.81 |                    0.12 |   1061 |    49.4510 |
|        1 |        210 |          1155.80 |      1150.82 |      1206.79 |                 11.11 |                    0.10 |   1065 |    49.5683 |
|        1 |        211 |          1155.80 |      1150.82 |      1207.30 |                 17.86 |                    0.19 |   1067 |    49.6450 |
|        1 |        212 |          1155.80 |      1150.82 |      1203.80 |                  5.57 |                    0.10 |   1070 |    49.7523 |
|        1 |        213 |          1155.80 |      1150.82 |      1181.70 |                 14.00 |                    0.10 |   1072 |    49.8849 |
|        1 |        214 |          1155.80 |      1150.82 |      1199.90 |                  5.24 |                    0.10 |   1074 |    50.0825 |
|        1 |        215 |          1155.80 |      1150.82 |      1199.90 |                  8.34 |                    0.10 |   1074 |    50.1666 |
|        1 |        216 |          1155.80 |      1150.82 |      1190.30 |                 10.86 |                    0.10 |   1078 |    50.2679 |
|        1 |        217 |          1155.80 |      1150.82 |      1186.53 |                  5.44 |                    0.10 |   1081 |    50.4322 |
|        1 |        218 |          1155.80 |      1150.82 |      1165.14 |                 11.01 |                    0.10 |   1081 |    50.5328 |
|        1 |        219 |          1155.80 |      1150.82 |      1180.16 |                 19.19 |                    0.10 |   1081 |    50.5978 |
|        1 |        220 |          1155.80 |      1150.82 |      1186.80 |                  6.54 |                    0.10 |   1082 |    50.7147 |
|        1 |        221 |          1155.80 |      1150.82 |      1186.80 |                  9.81 |                    0.10 |   1082 |    50.7868 |
|        1 |        222 |          1155.80 |      1150.82 |      1155.76 |                  9.04 |                    0.10 |   1086 |    50.9714 |
|        1 |        223 |          1155.80 |      1150.82 |      1184.10 |                  9.91 |                    0.10 |   1091 |    51.1150 |
|        1 |        224 |          1155.80 |      1150.82 |      1197.20 |                  3.81 |                    0.10 |   1095 |    51.1862 |
|        1 |        225 |          1155.80 |      1150.82 |      1189.73 |                  9.23 |                    0.10 |   1096 |    51.2706 |
|        1 |        226 |          1155.80 |      1150.82 |      1200.20 |                  5.74 |                    0.10 |   1100 |    51.4981 |
|        1 |        227 |          1155.80 |      1150.82 |      1194.90 |                  4.48 |                    0.13 |   1101 |    51.6667 |
|        1 |        228 |          1155.80 |      1150.82 |      1187.38 |                  6.57 |                    0.12 |   1102 |    51.8042 |
|        1 |        229 |          1155.80 |      1150.82 |      1187.30 |                  7.15 |                    0.10 |   1107 |    51.8971 |
|        1 |        230 |          1155.80 |      1150.82 |      1187.30 |                  3.26 |                    0.10 |   1107 |    51.9668 |
|        1 |        231 |          1155.80 |      1150.82 |      1187.30 |                  6.94 |                    0.10 |   1107 |    52.0492 |
|        1 |        232 |          1155.80 |      1150.82 |      1187.30 |                  6.77 |                    0.13 |   1108 |    52.1281 |
|        1 |        233 |          1155.80 |      1150.82 |      1187.30 |                  6.34 |                    0.12 |   1108 |    52.4142 |
|        1 |        234 |          1155.80 |      1150.82 |      1187.30 |                  6.98 |                    0.10 |   1108 |    52.6558 |
|        1 |        235 |          1155.80 |      1150.82 |      1187.30 |                  4.65 |                    0.10 |   1108 |    53.1362 |
|        1 |        236 |          1155.80 |      1150.82 |      1186.70 |                  3.13 |                    0.10 |   1109 |    53.6692 |
|        1 |        237 |          1155.80 |      1150.82 |      1186.85 |                  7.00 |                    0.26 |   1111 |    54.1650 |
|        1 |        238 |          1155.80 |      1150.82 |      1183.60 |                  5.70 |                    0.10 |   1112 |    54.3192 |
|        1 |        239 |          1155.80 |      1150.82 |      1183.60 |                  4.88 |                    0.10 |   1112 |    54.4367 |
|        1 |        240 |          1155.80 |      1150.82 |      1183.60 |                  4.63 |                    0.12 |   1112 |    54.5359 |
|        1 |        241 |          1155.80 |      1150.82 |      1189.30 |                  2.91 |                    0.10 |   1114 |    54.6271 |
|        1 |        242 |          1155.80 |      1150.82 |      1190.29 |                 16.09 |                    0.24 |   1117 |    54.8099 |
|        1 |        243 |          1155.80 |      1150.82 |      1223.60 |                  8.93 |                    0.10 |   1126 |    54.9822 |
|        1 |        244 |          1155.80 |      1150.82 |      1232.70 |                 11.30 |                    0.10 |   1128 |    55.0653 |
|        1 |        245 |          1155.80 |      1150.82 |      1231.80 |                  4.81 |                    0.10 |   1128 |    55.1479 |
|        1 |        246 |          1155.80 |      1150.82 |      1232.20 |                  6.59 |                    0.10 |   1130 |    55.2189 |
|        1 |        247 |          1155.80 |      1150.82 |      1225.33 |                 12.87 |                    0.10 |   1134 |    55.3878 |
|        1 |        248 |          1155.80 |      1150.82 |      1207.70 |                 11.66 |                    0.10 |   1136 |    55.5302 |
|        1 |        249 |          1155.80 |      1150.82 |      1205.10 |                 10.56 |                    0.10 |   1137 |    55.6817 |
|        1 |        250 |          1155.80 |      1150.82 |      1204.80 |                  4.49 |                    0.10 |   1137 |    55.7694 |
|        1 |        251 |          1155.80 |      1150.82 |      1204.10 |                  7.42 |                    0.13 |   1138 |    55.8913 |
|        1 |        252 |          1155.80 |      1150.82 |      1205.20 |                  8.31 |                    0.10 |   1138 |    56.0088 |
|        1 |        253 |          1155.80 |      1150.82 |      1203.50 |                  3.90 |                    0.10 |   1138 |    56.1147 |
|        1 |        254 |          1155.80 |      1150.82 |      1198.10 |                  9.72 |                    0.13 |   1138 |    56.2379 |
|        1 |        255 |          1155.80 |      1150.82 |      1202.54 |                  8.92 |                    0.10 |   1140 |    56.3275 |
|        1 |        256 |          1155.80 |      1150.82 |      1201.37 |                 11.39 |                    0.10 |   1140 |    56.4095 |
|        1 |        257 |          1155.80 |      1150.82 |      1197.25 |                 10.16 |                    0.10 |   1140 |    56.4821 |
|        1 |        258 |          1155.80 |      1150.82 |      1197.18 |                  4.38 |                    0.10 |   1140 |    56.6543 |
|        1 |        259 |          1155.80 |      1150.82 |      1165.00 |                  5.27 |                    0.10 |   1140 |    56.9125 |
|        1 |        260 |          1155.80 |      1150.82 |      1169.91 |                 12.41 |                    0.24 |   1141 |    56.9839 |
|        1 |        261 |          1155.80 |      1150.82 |      1171.10 |                 10.84 |                    0.10 |   1141 |    57.0653 |
|        1 |        262 |          1155.80 |      1150.82 |      1171.10 |                  5.20 |                    0.10 |   1141 |    57.1336 |
|        1 |        263 |          1155.80 |      1147.88 |      1147.88 |                  9.50 |                    0.16 |   1144 |    57.2712 |
|        1 |        264 |          1155.80 |      1147.88 |      1186.41 |                  6.38 |                    0.10 |   1145 |    57.3890 |
|        1 |        265 |          1155.80 |      1147.88 |      1187.73 |                  6.60 |                    0.10 |   1145 |    57.4896 |
|        1 |        266 |          1155.80 |      1147.88 |      1187.21 |                  8.03 |                    0.10 |   1145 |    57.5605 |
|        1 |        267 |          1155.80 |      1147.88 |      1184.50 |                  3.81 |                    0.10 |   1148 |    57.6566 |
|        1 |        268 |          1155.80 |      1147.88 |      1182.60 |                 10.25 |                    0.11 |   1149 |    57.8056 |
|        1 |        269 |          1155.80 |      1147.88 |      1184.10 |                  4.63 |                    0.10 |   1149 |    57.8818 |
|        1 |        270 |          1155.80 |      1147.88 |      1185.70 |                  3.00 |                    0.10 |   1149 |    57.9489 |
|        1 |        271 |          1155.80 |      1147.88 |      1199.23 |                  7.06 |                    0.24 |   1149 |    58.0172 |
|        1 |        272 |          1155.80 |      1147.88 |      1213.70 |                  3.95 |                    0.10 |   1152 |    58.1639 |
|        1 |        273 |          1155.80 |      1147.88 |      1214.39 |                  3.56 |                    0.11 |   1152 |    58.2542 |
|        1 |        274 |          1155.80 |      1147.88 |      1179.71 |                 10.28 |                    0.10 |   1156 |    58.5597 |
|        1 |        275 |          1155.80 |      1147.88 |      1190.50 |                  8.17 |                    0.12 |   1160 |    58.7199 |
|        1 |        276 |          1155.80 |      1147.88 |      1191.10 |                  3.07 |                    0.10 |   1163 |    58.8462 |
|        1 |        277 |          1155.80 |      1147.88 |      1177.79 |                  6.88 |                    0.10 |   1163 |    58.9105 |
|        1 |        278 |          1155.80 |      1147.88 |      1187.38 |                  8.28 |                    0.10 |   1164 |    58.9783 |
|        1 |        279 |          1155.80 |      1147.88 |      1188.54 |                 15.02 |                    0.10 |   1164 |    59.0400 |
|        1 |        280 |          1155.80 |      1147.88 |      1206.00 |                  5.07 |                    0.10 |   1165 |    59.1459 |
|        1 |        281 |          1155.80 |      1147.88 |      1206.00 |                  4.56 |                    0.10 |   1165 |    59.2252 |
|        1 |        282 |          1155.80 |      1147.88 |      1186.90 |                  5.37 |                    0.10 |   1167 |    59.4843 |
|        1 |        283 |          1155.80 |      1147.88 |      1170.98 |                  4.39 |                    0.10 |   1169 |    59.6856 |
|        1 |        284 |          1155.80 |      1147.88 |      1170.27 |                  4.10 |                    0.10 |   1169 |    59.8226 |
|        1 |        285 |          1155.80 |      1147.88 |      1168.09 |                  9.93 |                    0.15 |   1169 |    59.9006 |
------------------------------------------------------------------------------------------------------------------------------------------------
|  Restart |  Iteration |  Best Feas. Cost |    Best Cost |   Curr. Cost |   Penalty Custom Res. |   Penalty Standard Res. |   Pool |   Time (s) |
------------------------------------------------------------------------------------------------------------------------------------------------
|        1 |        286 |          1155.80 |      1147.88 |      1171.10 |                  6.20 |                    0.10 |   1169 |    60.1085 |
|        1 |        287 |          1155.80 |      1147.88 |      1164.98 |                  9.94 |                    0.12 |   1170 |    60.3163 |
|        1 |        288 |          1155.80 |      1147.88 |      1171.10 |                  6.37 |                    0.10 |   1170 |    60.4308 |
|        1 |        289 |          1155.80 |      1147.88 |      1169.99 |                  6.07 |                    0.10 |   1171 |    60.6453 |
|        1 |        290 |          1155.80 |      1147.88 |      1169.23 |                  8.07 |                    0.10 |   1171 |    60.8134 |
|        1 |        291 |          1155.80 |      1147.88 |      1166.30 |                  5.05 |                    0.10 |   1171 |    60.9606 |
|        1 |        292 |          1155.80 |      1147.88 |      1166.30 |                  5.03 |                    0.10 |   1171 |    61.0480 |
|        1 |        293 |          1155.80 |      1147.88 |      1184.10 |                  4.70 |                    0.10 |   1171 |    61.1643 |
|        1 |        294 |          1155.80 |      1147.88 |      1164.64 |                  3.71 |                    0.10 |   1172 |    61.2864 |
|        1 |        295 |          1155.80 |      1147.88 |      1191.18 |                  9.54 |                    0.10 |   1172 |    61.3700 |
|        1 |        296 |          1155.80 |      1147.88 |      1187.50 |                  6.05 |                    0.10 |   1172 |    61.4462 |
|        1 |        297 |          1155.80 |      1147.88 |      1211.30 |                  3.69 |                    0.12 |   1172 |    61.5333 |
|        1 |        298 |          1155.80 |      1147.88 |      1210.11 |                  7.08 |                    0.10 |   1172 |    61.6548 |
|        1 |        299 |          1155.80 |      1147.88 |      1242.51 |                 11.06 |                    0.12 |   1175 |    61.7157 |
|        1 |        300 |          1155.80 |      1147.88 |      1199.65 |                 12.23 |                    0.10 |   1178 |    61.8596 |
|        1 |        301 |          1155.80 |      1147.88 |      1234.70 |                 13.87 |                    0.10 |   1179 |    61.9280 |
|        1 |        302 |          1155.80 |      1147.88 |      1234.60 |                  5.61 |                    0.10 |   1180 |    62.0188 |
|        1 |        303 |          1155.80 |      1147.88 |      1189.18 |                 11.10 |                    0.22 |   1181 |    62.1404 |
|        1 |        304 |          1155.80 |      1147.88 |      1219.90 |                  8.30 |                    0.10 |   1188 |    62.3122 |
|        1 |        305 |          1155.80 |      1147.88 |      1225.90 |                 22.23 |                    0.10 |   1191 |    62.3890 |
|        1 |        306 |          1155.80 |      1147.88 |      1253.80 |                 10.42 |                    0.10 |   1196 |    62.5007 |
|        1 |        307 |          1155.80 |      1147.88 |      1250.10 |                 10.15 |                    0.12 |   1199 |    62.5939 |
|        1 |        308 |          1155.80 |      1147.88 |      1216.12 |                 12.63 |                    0.10 |   1203 |    62.7774 |
|        1 |        309 |          1155.80 |      1147.88 |      1221.80 |                 10.70 |                    0.10 |   1207 |    62.8663 |
|        1 |        310 |          1155.80 |      1147.88 |      1210.29 |                  9.55 |                    0.14 |   1209 |    63.0710 |
|        1 |        311 |          1155.80 |      1147.88 |      1184.40 |                  4.50 |                    0.10 |   1212 |    63.3007 |
|        1 |        312 |          1155.80 |      1147.88 |      1186.91 |                  8.11 |                    0.13 |   1215 |    63.4494 |
|        1 |        313 |          1155.80 |      1147.88 |      1192.10 |                 11.11 |                    0.10 |   1217 |    63.5380 |
|        1 |        314 |          1155.80 |      1147.88 |      1208.70 |                  7.61 |                    0.10 |   1218 |    63.6678 |
|        1 |        315 |          1155.80 |      1147.88 |      1199.69 |                  9.87 |                    0.10 |   1222 |    63.8191 |
|        1 |        316 |          1155.80 |      1147.88 |      1193.00 |                  5.18 |                    0.10 |   1223 |    63.8921 |
|        1 |        317 |          1155.80 |      1147.88 |      1193.00 |                  3.90 |                    0.10 |   1223 |    63.9633 |
|        1 |        318 |          1155.80 |      1147.88 |      1179.27 |                  7.58 |                    0.10 |   1224 |    64.0405 |
|        1 |        319 |          1155.80 |      1147.88 |      1193.40 |                  4.76 |                    0.11 |   1225 |    64.1151 |
|        1 |        320 |          1155.80 |      1147.88 |      1194.00 |                  3.96 |                    0.10 |   1225 |    64.2188 |
|        1 |        321 |          1155.80 |      1147.88 |      1158.86 |                  8.47 |                    0.10 |   1229 |    64.3595 |
|        1 |        322 |          1155.80 |      1147.88 |      1170.29 |                  6.69 |                    0.10 |   1232 |    64.4507 |
|        1 |        323 |          1155.80 |      1147.88 |      1166.36 |                 16.39 |                    0.10 |   1233 |    64.5196 |
|        1 |        324 |          1155.80 |      1147.88 |      1176.74 |                  5.36 |                    0.10 |   1234 |    64.6416 |
|        1 |        325 |          1155.80 |      1147.88 |      1163.88 |                  8.71 |                    0.10 |   1234 |    64.7029 |
|        1 |        326 |          1155.80 |      1147.88 |      1170.63 |                  9.02 |                    0.10 |   1234 |    64.7860 |
|        1 |        327 |          1155.80 |      1147.88 |      1171.46 |                 15.90 |                    0.10 |   1235 |    64.8337 |
|        1 |        328 |          1155.80 |      1147.88 |      1187.40 |                  7.33 |                    0.10 |   1240 |    64.8990 |
|        1 |        329 |          1155.80 |      1147.88 |      1177.88 |                 12.64 |                    0.10 |   1242 |    64.9741 |
|        1 |        330 |          1155.80 |      1147.88 |      1169.74 |                  6.47 |                    0.10 |   1245 |    65.1430 |
|        1 |        331 |          1155.80 |      1147.88 |      1179.36 |                  7.32 |                    0.10 |   1246 |    65.2360 |
|        1 |        332 |          1155.80 |      1147.88 |      1180.00 |                  7.28 |                    0.10 |   1247 |    65.3225 |
|        1 |        333 |          1155.80 |      1147.88 |      1180.00 |                  7.31 |                    0.10 |   1247 |    65.3978 |
|        1 |        334 |          1155.80 |      1147.88 |      1180.00 |                  4.98 |                    0.10 |   1247 |    65.4702 |
|        1 |        335 |          1155.80 |      1147.88 |      1165.89 |                  9.64 |                    0.10 |   1247 |    65.6204 |
|        1 |        336 |          1155.80 |      1147.88 |      1175.07 |                 14.47 |                    0.10 |   1247 |    65.6835 |
|        1 |        337 |          1155.80 |      1147.88 |      1173.00 |                  7.07 |                    0.10 |   1248 |    65.7741 |
|        1 |        338 |          1155.80 |      1147.88 |      1171.90 |                  5.25 |                    0.15 |   1249 |    65.8891 |
|        1 |        339 |          1155.80 |      1147.88 |      1170.30 |                  3.46 |                    0.10 |   1250 |    65.9852 |
|        1 |        340 |          1155.80 |      1147.88 |      1165.88 |                  8.46 |                    0.24 |   1251 |    66.0814 |
|        1 |        341 |          1155.80 |      1147.88 |      1166.10 |                  8.10 |                    0.11 |   1251 |    66.1458 |
|        1 |        342 |          1155.80 |      1147.88 |      1201.37 |                 12.76 |                    0.10 |   1252 |    66.2423 |
|        1 |        343 |          1155.80 |      1147.88 |      1214.88 |                  7.86 |                    0.10 |   1252 |    66.3195 |
|        1 |        344 |          1155.80 |      1147.88 |      1204.16 |                 15.12 |                    0.10 |   1252 |    66.4036 |
|        1 |        345 |          1155.80 |      1147.88 |      1211.06 |                  8.14 |                    0.10 |   1254 |    66.5333 |
|        1 |        346 |          1155.80 |      1147.88 |      1211.39 |                 12.96 |                    0.10 |   1257 |    66.6142 |
|        1 |        347 |          1155.80 |      1147.88 |      1219.20 |                 15.75 |                    0.10 |   1258 |    66.6994 |
|        1 |        348 |          1155.80 |      1147.88 |      1211.86 |                 14.50 |                    0.10 |   1260 |    66.8965 |
|        1 |        349 |          1155.80 |      1147.88 |      1212.05 |                 13.80 |                    0.10 |   1262 |    67.0527 |
|        1 |        350 |          1155.80 |      1147.88 |      1214.23 |                  4.30 |                    0.10 |   1264 |    67.1833 |
|        1 |        351 |          1155.80 |      1147.88 |      1198.16 |                  6.32 |                    0.10 |   1266 |    67.2712 |
|        1 |        352 |          1155.80 |      1147.88 |      1199.95 |                 10.46 |                    0.10 |   1266 |    67.3606 |
|        1 |        353 |          1155.80 |      1147.88 |      1191.21 |                 18.98 |                    0.10 |   1267 |    67.4380 |
|        1 |        354 |          1155.80 |      1147.88 |      1193.10 |                 13.04 |                    0.10 |   1268 |    67.5204 |
|        1 |        355 |          1155.80 |      1147.88 |      1181.78 |                 10.59 |                    0.10 |   1268 |    67.6465 |
|        1 |        356 |          1155.80 |      1147.88 |      1176.20 |                  6.01 |                    0.10 |   1268 |    67.7442 |
|        1 |        357 |          1155.80 |      1147.88 |      1168.30 |                  4.93 |                    0.10 |   1269 |    67.8735 |
|        1 |        358 |          1155.80 |      1147.88 |      1164.88 |                  7.60 |                    0.10 |   1269 |    67.9746 |
|        1 |        359 |          1155.80 |      1147.88 |      1176.75 |                  8.12 |                    0.11 |   1269 |    68.0429 |
|        1 |        360 |          1155.80 |      1147.88 |      1172.71 |                  4.07 |                    0.10 |   1271 |    68.2089 |
|        1 |        361 |          1155.80 |      1147.88 |      1171.84 |                  6.41 |                    0.10 |   1271 |    68.2908 |
|        1 |        362 |          1155.80 |      1147.88 |      1164.90 |                  9.32 |                    0.16 |   1272 |    68.3913 |
|        1 |        363 |          1155.80 |      1147.88 |      1179.70 |                  4.08 |                    0.10 |   1273 |    68.4579 |
|        1 |        364 |          1155.80 |      1147.88 |      1191.00 |                  4.54 |                    0.11 |   1274 |    68.5298 |
|        1 |        365 |          1155.80 |      1147.88 |      1166.08 |                 18.27 |                    0.10 |   1275 |    68.6333 |
|        1 |        366 |          1155.80 |      1147.88 |      1195.80 |                  6.82 |                    0.10 |   1276 |    68.7245 |
|        1 |        367 |          1155.80 |      1147.88 |      1214.40 |                  9.34 |                    0.10 |   1280 |    68.7926 |
|        1 |        368 |          1155.80 |      1147.88 |      1168.68 |                 13.19 |                    0.10 |   1282 |    69.0455 |
|        1 |        369 |          1155.80 |      1147.88 |      1163.50 |                 11.18 |                    0.10 |   1282 |    69.1356 |
|        1 |        370 |          1155.80 |      1147.88 |      1168.90 |                 12.42 |                    0.10 |   1283 |    69.2259 |
|        1 |        371 |          1155.80 |      1147.88 |      1163.50 |                  6.93 |                    0.11 |   1283 |    69.2841 |
|        1 |        372 |          1155.80 |      1147.88 |      1161.70 |                  3.78 |                    0.10 |   1284 |    69.3610 |
|        1 |        373 |          1155.80 |      1147.88 |      1161.70 |                  5.72 |                    0.10 |   1284 |    69.4292 |
|        1 |        374 |          1155.80 |      1147.88 |      1165.33 |                 11.02 |                    0.10 |   1287 |    69.5157 |
|        1 |        375 |          1155.80 |      1147.88 |      1166.50 |                  4.73 |                    0.10 |   1288 |    69.5876 |
|        1 |        376 |          1155.80 |      1147.88 |      1166.50 |                  4.22 |                    0.10 |   1290 |    69.6605 |
|        1 |        377 |          1155.80 |      1147.88 |      1166.50 |                  5.13 |                    0.10 |   1290 |    69.7349 |
|        1 |        378 |          1155.80 |      1147.88 |      1169.88 |                  5.52 |                    0.10 |   1290 |    69.8250 |
|        1 |        379 |          1155.80 |      1147.88 |      1174.74 |                 12.23 |                    0.10 |   1292 |    69.9016 |
|        1 |        380 |          1155.80 |      1147.88 |      1193.74 |                 15.16 |                    0.10 |   1295 |    69.9736 |
|        1 |        381 |          1155.80 |      1147.88 |      1194.90 |                  7.88 |                    0.10 |   1296 |    70.0460 |
|        1 |        382 |          1155.80 |      1147.88 |      1196.85 |                 10.05 |                    0.10 |   1300 |    70.1402 |
|        1 |        383 |          1155.80 |      1147.88 |      1192.35 |                  9.13 |                    0.10 |   1305 |    70.2363 |
|        1 |        384 |          1155.80 |      1147.88 |      1186.10 |                  8.46 |                    0.10 |   1308 |    70.3371 |
|        1 |        385 |          1155.80 |      1147.88 |      1182.51 |                  5.26 |                    0.10 |   1308 |    70.4122 |
|        1 |        386 |          1155.80 |      1147.88 |      1173.46 |                 15.88 |                    0.10 |   1310 |    70.5071 |
|        1 |        387 |          1155.80 |      1147.88 |      1205.31 |                  8.77 |                    0.10 |   1310 |    70.5801 |
|        1 |        388 |          1155.80 |      1147.88 |      1182.87 |                 16.20 |                    0.10 |   1312 |    70.6718 |
|        1 |        389 |          1155.80 |      1147.88 |      1191.60 |                  7.31 |                    0.10 |   1313 |    70.7548 |
|        1 |        390 |          1155.80 |      1147.88 |      1174.82 |                 10.01 |                    0.10 |   1316 |    70.8446 |
|        1 |        391 |          1155.80 |      1147.88 |      1183.80 |                  7.15 |                    0.10 |   1316 |    70.9407 |
|        1 |        392 |          1155.80 |      1147.88 |      1181.14 |                  4.13 |                    0.10 |   1316 |    71.0958 |
|        1 |        393 |          1155.80 |      1147.88 |      1220.21 |                  6.44 |                    0.10 |   1318 |    71.1609 |
|        1 |        394 |          1155.80 |      1147.88 |      1189.80 |                 12.21 |                    0.10 |   1323 |    71.3327 |
|        1 |        395 |          1155.80 |      1147.88 |      1183.80 |                  6.37 |                    0.10 |   1324 |    71.5031 |
|        1 |        396 |          1155.80 |      1147.88 |      1175.22 |                  4.91 |                    0.10 |   1325 |    71.6438 |
|        1 |        397 |          1155.80 |      1147.88 |      1172.30 |                  7.21 |                    0.10 |   1327 |    71.7302 |
|        1 |        398 |          1155.80 |      1147.88 |      1183.90 |                  3.62 |                    0.11 |   1330 |    71.8723 |
|        1 |        399 |          1155.80 |      1147.88 |      1182.76 |                  7.99 |                    0.17 |   1330 |    71.9875 |
|        1 |        400 |          1155.80 |      1147.88 |      1183.50 |                  4.20 |                    0.10 |   1330 |    72.0486 |
|        1 |        401 |          1155.80 |      1147.88 |      1163.90 |                 10.35 |                    0.10 |   1332 |    72.1561 |
|        1 |        402 |          1155.80 |      1147.88 |      1209.91 |                 20.15 |                    0.10 |   1332 |    72.2291 |
|        1 |        403 |          1155.80 |      1147.88 |      1198.80 |                  8.14 |                    0.10 |   1333 |    72.3257 |
|        1 |        404 |          1155.80 |      1147.88 |      1182.07 |                  8.50 |                    0.10 |   1334 |    72.4219 |
|        1 |        405 |          1155.80 |      1147.88 |      1182.22 |                 11.32 |                    0.10 |   1339 |    72.6380 |
|        1 |        406 |          1155.80 |      1147.88 |      1179.15 |                 14.24 |                    0.10 |   1339 |    72.7820 |
|        1 |        407 |          1155.80 |      1147.88 |      1183.07 |                  7.83 |                    0.10 |   1341 |    72.9189 |
|        1 |        408 |          1155.80 |      1147.88 |      1204.67 |                 14.77 |                    0.10 |   1346 |    73.0000 |
|        1 |        409 |          1155.80 |      1147.88 |      1180.70 |                  4.50 |                    0.10 |   1347 |    73.1111 |
|        1 |        410 |          1155.80 |      1147.88 |      1176.09 |                  7.91 |                    0.10 |   1348 |    73.2326 |
|        1 |        411 |          1155.80 |      1147.88 |      1177.06 |                  5.35 |                    0.10 |   1350 |    73.4196 |
|        1 |        412 |          1155.80 |      1147.88 |      1172.77 |                  3.90 |                    0.10 |   1350 |    73.4968 |
|        1 |        413 |          1155.80 |      1147.88 |      1189.21 |                  6.09 |                    0.12 |   1354 |    73.5836 |
|        1 |        414 |          1155.80 |      1147.88 |      1187.88 |                  5.94 |                    0.13 |   1356 |    73.6558 |
|        1 |        415 |          1155.80 |      1147.88 |      1179.36 |                  4.32 |                    0.10 |   1362 |    73.7925 |
|        1 |        416 |          1155.80 |      1147.88 |      1162.94 |                  7.16 |                    0.10 |   1362 |    73.8536 |
|        1 |        417 |          1155.80 |      1147.88 |      1190.81 |                  7.64 |                    0.10 |   1364 |    73.9339 |
|        1 |        418 |          1155.80 |      1147.88 |      1195.78 |                 13.31 |                    0.10 |   1365 |    74.0101 |
|        1 |        419 |          1155.80 |      1147.88 |      1201.90 |                  6.51 |                    0.10 |   1367 |    74.0940 |
|        1 |        420 |          1155.80 |      1147.88 |      1205.23 |                  4.25 |                    0.10 |   1368 |    74.2223 |
|        1 |        421 |          1155.80 |      1147.88 |      1200.36 |                 12.31 |                    0.10 |   1370 |    74.3189 |
|        1 |        422 |          1155.80 |      1147.88 |      1179.60 |                 10.91 |                    0.10 |   1372 |    74.4801 |
|        1 |        423 |          1155.80 |      1147.88 |      1179.60 |                  4.41 |                    0.10 |   1372 |    74.5474 |
|        1 |        424 |          1155.80 |      1147.88 |      1179.60 |                  3.19 |                    0.10 |   1372 |    74.6348 |
|        1 |        425 |          1155.80 |      1147.88 |      1193.00 |                  7.87 |                    0.10 |   1372 |    74.7150 |
|        1 |        426 |          1155.80 |      1147.88 |      1203.38 |                 13.59 |                    0.10 |   1373 |    74.7982 |
|        1 |        427 |          1155.80 |      1147.88 |      1200.82 |                  9.09 |                    0.10 |   1379 |    74.9990 |
|        1 |        428 |          1155.80 |      1147.88 |      1208.63 |                 16.99 |                    0.10 |   1380 |    75.0718 |
|        1 |        429 |          1155.80 |      1147.88 |      1211.80 |                  6.85 |                    0.10 |   1384 |    75.2075 |
|        1 |        430 |          1155.80 |      1147.88 |      1190.34 |                  3.12 |                    0.10 |   1387 |    75.4598 |
|        1 |        431 |          1155.80 |      1147.88 |      1172.69 |                  7.49 |                    0.10 |   1389 |    75.5403 |
|        1 |        432 |          1155.80 |      1147.88 |      1177.29 |                  6.22 |                    0.12 |   1389 |    75.6271 |
|        1 |        433 |          1155.80 |      1147.88 |      1176.58 |                  4.28 |                    0.10 |   1390 |    75.7107 |
|        1 |        434 |          1155.80 |      1147.88 |      1174.29 |                  7.16 |                    0.10 |   1390 |    75.7985 |
|        1 |        435 |          1155.80 |      1147.88 |      1179.40 |                  7.26 |                    0.11 |   1392 |    75.8971 |
|        1 |        436 |          1155.80 |      1147.88 |      1177.20 |                  5.46 |                    0.12 |   1392 |    75.9618 |
|        1 |        437 |          1155.80 |      1147.88 |      1172.90 |                  7.87 |                    0.10 |   1392 |    76.0308 |
|        1 |        438 |          1155.80 |      1147.88 |      1161.98 |                  8.05 |                    0.12 |   1393 |    76.1514 |
|        1 |        439 |          1155.80 |      1147.88 |      1208.94 |                  6.05 |                    0.10 |   1394 |    76.2490 |
|        1 |        440 |          1155.80 |      1147.88 |      1201.71 |                  5.67 |                    0.10 |   1395 |    76.3561 |
|        1 |        441 |          1155.80 |      1147.88 |      1188.30 |                  4.30 |                    0.11 |   1396 |    76.4606 |
|        1 |        442 |          1155.80 |      1147.88 |      1211.90 |                  8.14 |                    0.10 |   1401 |    76.6372 |
|        1 |        443 |          1155.80 |      1147.88 |      1211.90 |                  6.31 |                    0.10 |   1401 |    76.7077 |
|        1 |        444 |          1155.80 |      1147.88 |      1167.96 |                 13.02 |                    0.10 |   1402 |    76.8022 |
|        1 |        445 |          1155.80 |      1147.88 |      1186.97 |                  6.97 |                    0.10 |   1402 |    76.8920 |
|        1 |        446 |          1155.80 |      1147.88 |      1170.54 |                 10.98 |                    0.10 |   1402 |    76.9898 |
|        1 |        447 |          1155.80 |      1147.88 |      1194.23 |                 11.26 |                    0.10 |   1404 |    77.0583 |
|        1 |        448 |          1155.80 |      1147.88 |      1188.63 |                 10.66 |                    0.10 |   1407 |    77.1382 |
|        1 |        449 |          1155.80 |      1147.88 |      1198.60 |                  9.89 |                    0.10 |   1407 |    77.2257 |
|        1 |        450 |          1155.80 |      1147.88 |      1178.05 |                  9.21 |                    0.10 |   1408 |    77.4070 |
|        1 |        451 |          1155.80 |      1147.88 |      1166.54 |                  5.88 |                    0.12 |   1408 |    77.5293 |
|        1 |        452 |          1155.80 |      1147.88 |      1172.89 |                  7.14 |                    0.10 |   1410 |    77.6079 |
|        1 |        453 |          1155.80 |      1147.88 |      1174.92 |                  9.69 |                    0.10 |   1410 |    77.6832 |
|        1 |        454 |          1155.80 |      1147.88 |      1171.50 |                  9.07 |                    0.10 |   1411 |    77.7811 |
|        1 |        455 |          1155.80 |      1147.88 |      1168.90 |                  4.27 |                    0.10 |   1411 |    77.8410 |
|        1 |        456 |          1155.80 |      1147.88 |      1167.96 |                  8.59 |                    0.10 |   1412 |    78.0095 |
|        1 |        457 |          1155.80 |      1147.88 |      1170.00 |                  6.79 |                    0.10 |   1413 |    78.1193 |
|        1 |        458 |          1155.80 |      1147.88 |      1172.50 |                 11.00 |                    0.10 |   1414 |    78.2503 |
|        1 |        459 |          1155.80 |      1147.88 |      1185.60 |                  4.63 |                    0.10 |   1415 |    78.3277 |
|        1 |        460 |          1155.80 |      1147.88 |      1195.00 |                  6.35 |                    0.15 |   1417 |    78.4095 |
|        1 |        461 |          1155.80 |      1147.88 |      1189.50 |                  6.13 |                    0.10 |   1417 |    78.4919 |
|        1 |        462 |          1155.80 |      1147.88 |      1187.03 |                  7.64 |                    0.10 |   1421 |    78.6250 |
|        1 |        463 |          1155.80 |      1147.88 |      1190.39 |                  8.50 |                    0.10 |   1421 |    78.6956 |
|        1 |        464 |          1155.80 |      1147.88 |      1185.41 |                  6.07 |                    0.10 |   1422 |    78.7939 |
|        1 |        465 |          1155.80 |      1147.88 |      1168.50 |                  4.69 |                    0.10 |   1425 |    78.9135 |
|        1 |        466 |          1155.80 |      1147.88 |      1172.70 |                  5.48 |                    0.10 |   1425 |    79.0022 |
|        1 |        467 |          1155.80 |      1147.88 |      1172.70 |                  3.99 |                    0.10 |   1425 |    79.1065 |
|        1 |        468 |          1155.80 |      1147.88 |      1172.70 |                  9.86 |                    0.10 |   1425 |    79.2033 |
|        1 |        469 |          1155.80 |      1147.88 |      1172.40 |                 11.61 |                    0.10 |   1426 |    79.3025 |
|        1 |        470 |          1155.80 |      1147.88 |      1172.40 |                  4.79 |                    0.10 |   1426 |    79.3711 |
|        1 |        471 |          1155.80 |      1147.88 |      1164.30 |                  5.97 |                    0.10 |   1426 |    79.5248 |
|        1 |        472 |          1155.80 |      1147.88 |      1162.30 |                  4.19 |                    0.10 |   1426 |    79.6010 |
|        1 |        473 |          1155.80 |      1147.88 |      1162.30 |                  4.89 |                    0.10 |   1426 |    79.6848 |
|        1 |        474 |          1155.80 |      1147.88 |      1161.50 |                  3.29 |                    0.10 |   1426 |    79.7570 |
|        1 |        475 |          1155.80 |      1147.88 |      1161.50 |                  4.21 |                    0.17 |   1426 |    79.8316 |
|        1 |        476 |          1155.80 |      1147.88 |      1161.50 |                  4.86 |                    0.10 |   1426 |    79.9072 |
------------------------------------------------------------------------------------------------------------------------------------------------
|  Restart |  Iteration |  Best Feas. Cost |    Best Cost |   Curr. Cost |   Penalty Custom Res. |   Penalty Standard Res. |   Pool |   Time (s) |
------------------------------------------------------------------------------------------------------------------------------------------------
|        1 |        477 |          1155.80 |      1147.88 |      1161.50 |                  9.08 |                    0.10 |   1426 |    80.0042 |
|        1 |        478 |          1155.80 |      1147.88 |      1164.60 |                  6.16 |                    0.10 |   1426 |    80.1192 |
|        1 |        479 |          1155.80 |      1147.88 |      1164.90 |                  3.04 |                    0.10 |   1426 |    80.2530 |
|        1 |        480 |          1155.80 |      1147.88 |      1162.03 |                  4.92 |                    0.10 |   1427 |    80.3628 |
|        1 |        481 |          1155.80 |      1147.88 |      1179.90 |                  5.63 |                    0.13 |   1428 |    80.4683 |
|        1 |        482 |          1155.80 |      1147.88 |      1164.42 |                 10.81 |                    0.10 |   1428 |    80.5841 |
|        1 |        483 |          1155.80 |      1147.88 |      1177.00 |                 11.77 |                    0.10 |   1429 |    80.6754 |
|        1 |        484 |          1155.80 |      1147.88 |      1187.00 |                  5.01 |                    0.10 |   1432 |    80.7527 |
|        1 |        485 |          1155.80 |      1147.88 |      1167.23 |                  4.56 |                    0.13 |   1433 |    80.8314 |
|        1 |        486 |          1155.80 |      1147.88 |      1165.50 |                  9.05 |                    0.10 |   1433 |    80.8889 |
|        1 |        487 |          1155.80 |      1147.88 |      1171.02 |                  5.56 |                    0.10 |   1433 |    81.0004 |
|        1 |        488 |          1155.80 |      1147.88 |      1199.70 |                  4.40 |                    0.14 |   1436 |    81.0803 |
|        1 |        489 |          1155.80 |      1147.88 |      1169.89 |                  7.19 |                    0.10 |   1437 |    81.1951 |
|        1 |        490 |          1155.80 |      1147.88 |      1175.51 |                 11.00 |                    0.10 |   1437 |    81.2830 |
|        1 |        491 |          1155.80 |      1147.88 |      1180.43 |                 18.80 |                    0.14 |   1437 |    81.3453 |
|        1 |        492 |          1155.80 |      1147.88 |      1183.70 |                  6.28 |                    0.10 |   1437 |    81.4462 |
|        1 |        493 |          1155.80 |      1147.88 |      1183.70 |                 10.71 |                    0.19 |   1437 |    81.5366 |
|        1 |        494 |          1155.80 |      1147.88 |      1178.60 |                  9.84 |                    0.10 |   1439 |    81.6139 |
|        1 |        495 |          1155.80 |      1147.88 |      1182.50 |                  6.76 |                    0.10 |   1440 |    81.6972 |
|        1 |        496 |          1155.80 |      1147.88 |      1189.20 |                  6.15 |                    0.10 |   1442 |    81.7745 |
|        1 |        497 |          1155.80 |      1147.88 |      1176.83 |                  8.34 |                    0.10 |   1443 |    81.8596 |
|        1 |        498 |          1155.80 |      1147.88 |      1194.01 |                 12.88 |                    0.10 |   1445 |    81.9448 |
|        1 |        499 |          1155.80 |      1147.88 |      1193.40 |                  5.41 |                    0.10 |   1446 |    82.0610 |
|        1 |        500 |          1155.80 |      1147.88 |      1191.30 |                  5.07 |                    0.10 |   1446 |    82.1444 |
------------------------------------------------------------------------------------------------------------------------------------------------
Version identifier: 22.1.2.0 | 2024-11-26 | 0edbb82fd
CPXPARAM_MIP_Tolerances_UpperCutoff              1155.9000000000854
Tried aggregator 1 time.
MIP Presolve eliminated 4 rows and 72 columns.
MIP Presolve modified 670 coefficients.
Reduced MIP has 97 rows, 1374 columns, and 12475 nonzeros.
Reduced MIP has 1374 binaries, 0 generals, 0 SOSs, and 0 indicators.
Presolve time = 0.01 sec. (11.83 ticks)
Probing fixed 13 vars, tightened 0 bounds.
Probing time = 0.02 sec. (9.13 ticks)
Tried aggregator 1 time.
Detecting symmetries...
MIP Presolve eliminated 0 rows and 16 columns.
Reduced MIP has 97 rows, 1358 columns, and 12339 nonzeros.
Reduced MIP has 1358 binaries, 0 generals, 0 SOSs, and 0 indicators.
Presolve time = 0.01 sec. (9.55 ticks)
Probing time = 0.01 sec. (3.39 ticks)
Clique table members: 1945.
MIP emphasis: balance optimality and feasibility.
MIP search method: dynamic search.
Parallel mode: deterministic, using up to 8 threads.
Root relaxation solution time = 0.01 sec. (16.57 ticks)

        Nodes                                         Cuts/
   Node  Left     Objective  IInf  Best Integer    Best Bound    ItCnt     Gap

      0     0     1123.9857    18                   1123.9857      337         
*     0     0      integral     0     1125.8000      Cuts: 11      361    0.00%
      0     0        cutoff           1125.8000     1125.8000      361    0.00%
Elapsed time = 0.08 sec. (78.20 ticks, tree = 0.01 MB, solutions = 1)
objective_value(sp) = 1125.799999999999
 86.012264 seconds (6.95 M allocations: 346.420 MiB, 0.15% gc time, 4.89% compilation time)
#1: 0 (0.0) {144.2} -> 62 (19.0) {169.6} [163.0, 302.0] -> 63 (29.0) {191.0} [34.0, 191.0] -> 90 (32.0) {392.0} [392.0, 487.0] -> 10 (48.0) {577.0} [577.0, 632.0] -> 31 (75.0) {595.0} [0.0, 972.0] -> 0 (75.0) {622.4} [0.0, 1000.0]
#2: 0 (0.0) {353.19999999999993} -> 76 (13.0) {368.8} [290.0, 373.0] -> 79 (36.0) {388.8} [388.0, 465.0] -> 78 (39.0) {404.4} [384.0, 499.0] -> 81 (65.0) {420.7} [411.0, 456.0] -> 9 (81.0) {436.7} [400.0, 497.0] -> 51 (91.0) {453.0} [348.0, 453.0] -> 20 (100.0) {581.0} [581.0, 666.0] -> 66 (125.0) {599.9} [592.0, 693.0] -> 35 (133.0) {686.0} [686.0, 813.0] -> 32 (156.0) {724.2} [660.0, 777.0] -> 70 (161.0) {788.0} [788.0, 968.0] -> 0 (161.0) {819.0} [0.0, 1000.0]
#3: 0 (0.0) {166.29999999999998} -> 28 (16.0) {172.6} [114.0, 255.0] -> 26 (33.0) {190.6} [0.0, 978.0] -> 39 (64.0) {224.0} [33.0, 224.0] -> 67 (89.0) {294.0} [294.0, 401.0] -> 23 (118.0) {316.0} [206.0, 325.0] -> 72 (143.0) {339.6} [0.0, 967.0] -> 73 (152.0) {352.7} [308.0, 399.0] -> 21 (163.0) {365.8} [0.0, 971.0] -> 40 (172.0) {382.8} [360.0, 437.0] -> 53 (186.0) {414.0} [414.0, 489.0] -> 0 (186.0) {428.4} [0.0, 1000.0]
#4: 0 (0.0) {439.6} -> 2 (7.0) {457.6} [0.0, 972.0] -> 41 (12.0) {479.8} [396.0, 511.0] -> 22 (30.0) {494.0} [409.0, 494.0] -> 75 (48.0) {508.1} [0.0, 962.0] -> 56 (54.0) {585.0} [585.0, 692.0] -> 74 (62.0) {681.0} [681.0, 802.0] -> 4 (81.0) {702.4} [678.0, 801.0] -> 55 (83.0) {720.9} [620.0, 739.0] -> 25 (89.0) {817.0} [817.0, 956.0] -> 24 (92.0) {842.0} [704.0, 847.0] -> 80 (98.0) {861.2} [839.0, 968.0] -> 77 (112.0) {877.9} [817.0, 952.0] -> 0 (112.0) {907.5} [0.0, 1000.0]
#5: 0 (0.0) {428.7} -> 87 (26.0) {447.0} [420.0, 447.0] -> 57 (33.0) {464.2} [421.0, 530.0] -> 43 (40.0) {620.0} [620.0, 705.0] -> 97 (52.0) {648.1} [612.0, 673.0] -> 13 (75.0) {690.0} [690.0, 827.0] -> 58 (93.0) {849.0} [849.0, 980.0] -> 0 (93.0) {868.0} [0.0, 1000.0]
#6: 0 (0.0) {136.7} -> 83 (11.0) {157.7} [0.0, 968.0] -> 45 (27.0) {175.7} [29.0, 189.0] -> 36 (32.0) {208.0} [41.0, 208.0] -> 47 (59.0) {225.2} [85.0, 250.0] -> 19 (76.0) {269.0} [269.0, 378.0] -> 11 (88.0) {286.0} [206.0, 325.0] -> 64 (97.0) {309.0} [214.0, 333.0] -> 49 (127.0) {501.0} [501.0, 540.0] -> 46 (128.0) {531.3} [515.0, 628.0] -> 48 (164.0) {553.0} [0.0, 962.0] -> 7 (169.0) {570.2} [0.0, 968.0] -> 52 (178.0) {590.0} [0.0, 978.0] -> 0 (178.0) {611.3} [0.0, 1000.0]
#7: 0 (0.0) {100.60000000000002} -> 94 (27.0) {112.6} [0.0, 977.0] -> 95 (47.0) {125.7} [0.0, 975.0] -> 59 (75.0) {139.7} [0.0, 972.0] -> 92 (77.0) {151.9} [18.0, 181.0] -> 42 (82.0) {172.0} [25.0, 172.0] -> 15 (90.0) {191.2} [175.0, 300.0] -> 14 (110.0) {217.0} [32.0, 243.0] -> 38 (126.0) {302.0} [302.0, 405.0] -> 44 (144.0) {322.8} [233.0, 340.0] -> 16 (163.0) {338.8} [272.0, 373.0] -> 61 (176.0) {353.2} [290.0, 377.0] -> 86 (211.0) {388.0} [388.0, 465.0] -> 91 (212.0) {409.0} [0.0, 964.0] -> 99 (221.0) {427.6} [333.0, 432.0] -> 96 (232.0) {439.8} [0.0, 974.0] -> 6 (235.0) {454.0} [415.0, 514.0] -> 0 (235.0) {475.1} [0.0, 1000.0]
#8: 0 (0.0) {222.50000000000003} -> 27 (16.0) {227.5} [104.0, 255.0] -> 69 (22.0) {244.7} [162.0, 293.0] -> 1 (32.0) {259.1} [0.0, 974.0] -> 50 (45.0) {275.4} [0.0, 973.0] -> 3 (58.0) {293.6} [0.0, 967.0] -> 29 (67.0) {313.0} [190.0, 313.0] -> 68 (103.0) {637.0} [637.0, 752.0] -> 54 (121.0) {657.0} [641.0, 734.0] -> 12 (140.0) {676.2} [0.0, 975.0] -> 0 (140.0) {701.2} [0.0, 1000.0]
#9: 0 (0.0) {108.8} -> 33 (11.0) {133.5} [45.0, 200.0] -> 34 (25.0) {155.8} [0.0, 953.0] -> 65 (45.0) {188.0} [49.0, 188.0] -> 71 (60.0) {268.0} [268.0, 367.0] -> 30 (81.0) {296.7} [259.0, 354.0] -> 88 (90.0) {322.8} [279.0, 388.0] -> 0 (90.0) {352.0} [0.0, 1000.0]
#10: 0 (0.0) {418.2} -> 18 (12.0) {434.0} [377.0, 434.0] -> 82 (28.0) {452.6} [0.0, 966.0] -> 8 (37.0) {469.0} [404.0, 481.0] -> 84 (44.0) {491.0} [436.0, 511.0] -> 17 (46.0) {733.0} [733.0, 870.0] -> 5 (72.0) {753.0} [0.0, 969.0] -> 85 (113.0) {771.0} [0.0, 966.0] -> 100 (130.0) {798.0} [798.0, 965.0] -> 37 (138.0) {810.8} [0.0, 968.0] -> 98 (148.0) {822.2} [0.0, 968.0] -> 93 (170.0) {835.3} [811.0, 969.0] -> 60 (173.0) {855.3} [721.0, 862.0] -> 89 (188.0) {874.3} [755.0, 920.0] -> 0 (188.0) {893.3} [0.0, 1000.0]

Dist: 1125.799999999999. Cost: 1125.799999999999

Clique cuts applied:  4
Zero-half cuts applied:  5
Gomory fractional cuts applied:  2

Root node processing (before b&c):
  Real time             =    0.08 sec. (78.30 ticks)
Parallel b&c, 8 threads:
  Real time             =    0.00 sec. (0.00 ticks)
  Sync time (average)   =    0.00 sec.
  Wait time (average)   =    0.00 sec.
                          ------------
Total (root+branch&cut) =    0.08 sec. (78.30 ticks)
