Solving...
------------------------------------------------------------------------------------------------------------------------------------------------
|  Restart |  Iteration |  Best Feas. Cost |    Best Cost |   Curr. Cost |   Penalty Custom Res. |   Penalty Standard Res. |   Pool |   Time (s) |
------------------------------------------------------------------------------------------------------------------------------------------------
|        1 |          1 |              Inf |      1201.32 |      1205.77 |                  9.14 |                    0.53 |     61 |     0.2939 |
|        1 |          2 |              Inf |      1201.32 |      1203.21 |                  9.99 |                    0.35 |     70 |     0.8547 |
|        1 |          0 |          1204.10 |      1201.32 |      1204.10 |                  6.38 |                    0.22 |     79 |     1.0113 |
|        1 |          1 |          1204.10 |      1195.66 |      1195.66 |                 10.74 |                    0.10 |     85 |     1.1413 |
|        1 |          2 |          1204.10 |      1195.66 |      1203.61 |                 10.58 |                    0.10 |     89 |     1.2275 |
|        1 |          0 |          1202.80 |      1195.66 |      1202.80 |                  6.75 |                    0.10 |     99 |     1.3746 |
|        1 |          1 |          1202.80 |      1195.66 |      1203.44 |                  7.79 |                    0.13 |    104 |     1.4672 |
|        1 |          0 |          1198.30 |      1195.66 |      1198.30 |                  5.14 |                    0.10 |    108 |     1.5452 |
|        1 |          1 |          1198.30 |      1191.97 |      1191.97 |                 11.95 |                    0.21 |    112 |     1.6455 |
|        1 |          0 |          1194.10 |      1191.97 |      1194.10 |                 11.51 |                    0.20 |    115 |     1.7586 |
|        1 |          0 |          1182.80 |      1182.80 |      1182.80 |                 12.62 |                    0.12 |    122 |     2.0323 |
|        1 |          1 |          1182.80 |      1182.80 |      1182.80 |                  8.07 |                    0.10 |    122 |     2.1247 |
|        1 |          2 |          1182.80 |      1180.97 |      1180.97 |                 10.73 |                    0.10 |    122 |     2.2016 |
|        1 |          3 |          1182.80 |      1180.97 |      1181.89 |                  9.63 |                    0.10 |    123 |     2.3239 |
|        1 |          4 |          1182.80 |      1180.97 |      1187.20 |                 12.44 |                    0.15 |    123 |     2.3941 |
|        1 |          0 |          1181.50 |      1180.97 |      1181.50 |                 13.53 |                    0.19 |    129 |     2.4798 |
|        1 |          1 |          1181.50 |      1169.70 |      1169.70 |                  7.98 |                    0.10 |    133 |     2.6067 |
|        1 |          2 |          1181.50 |      1166.53 |      1166.53 |                  5.32 |                    0.10 |    135 |     2.6859 |
|        1 |          3 |          1181.50 |      1150.55 |      1150.55 |                 10.78 |                    0.20 |    139 |     2.7575 |
|        1 |          4 |          1181.50 |      1150.55 |      1182.20 |                  8.87 |                    0.14 |    140 |     2.8399 |
|        1 |          5 |          1181.50 |      1150.55 |      1175.29 |                 16.74 |                    0.27 |    140 |     2.9187 |
|        1 |          6 |          1181.50 |      1150.55 |      1202.00 |                 10.46 |                    0.10 |    145 |     3.0928 |
|        1 |          7 |          1181.50 |      1150.55 |      1199.95 |                  9.51 |                    0.10 |    148 |     3.1899 |
|        1 |          8 |          1181.50 |      1150.55 |      1196.58 |                 10.74 |                    0.10 |    150 |     3.3168 |
|        1 |          9 |          1181.50 |      1150.55 |      1254.61 |                 10.79 |                    0.10 |    155 |     3.3961 |
|        1 |         10 |          1181.50 |      1150.55 |      1197.30 |                 10.51 |                    0.10 |    156 |     3.5072 |
|        1 |         11 |          1181.50 |      1150.55 |      1206.98 |                  6.32 |                    0.10 |    158 |     3.6309 |
|        1 |         12 |          1181.50 |      1150.55 |      1203.22 |                 10.37 |                    0.10 |    158 |     3.7185 |
|        1 |         13 |          1181.50 |      1150.55 |      1209.37 |                 13.00 |                    0.12 |    159 |     3.7908 |
|        1 |         14 |          1181.50 |      1150.55 |      1210.10 |                 14.99 |                    0.14 |    162 |     3.9372 |
|        1 |         15 |          1181.50 |      1150.55 |      1177.11 |                 11.42 |                    0.11 |    167 |     4.3044 |
|        1 |         16 |          1181.50 |      1150.55 |      1181.97 |                  6.96 |                    0.10 |    168 |     4.3885 |
|        1 |         17 |          1181.50 |      1150.55 |      1170.49 |                  7.65 |                    0.11 |    171 |     4.4907 |
|        1 |         18 |          1181.50 |      1150.55 |      1166.80 |                  6.82 |                    0.10 |    171 |     4.5631 |
|        1 |          0 |          1180.40 |      1150.55 |      1180.40 |                  9.82 |                    0.10 |    174 |     4.6488 |
|        1 |          1 |          1180.40 |      1150.55 |      1180.40 |                 10.38 |                    0.12 |    174 |     4.7250 |
|        1 |          0 |          1179.90 |      1150.55 |      1179.90 |                  7.66 |                    0.13 |    176 |     4.7984 |
|        1 |          0 |          1179.10 |      1150.55 |      1179.10 |                  6.43 |                    0.12 |    177 |     4.8759 |
|        1 |          1 |          1179.10 |      1150.55 |      1163.65 |                  8.21 |                    0.17 |    179 |     4.9763 |
|        1 |          2 |          1179.10 |      1150.55 |      1171.38 |                  6.17 |                    0.12 |    180 |     5.0685 |
|        1 |          0 |          1149.80 |      1149.80 |      1149.80 |                 10.74 |                    0.21 |    183 |     5.1799 |
|        1 |          1 |          1149.80 |      1149.80 |      1149.80 |                  8.75 |                    0.17 |    183 |     5.3294 |
|        1 |          2 |          1149.80 |      1149.80 |      1149.80 |                  8.11 |                    0.16 |    183 |     5.4106 |
|        1 |          3 |          1149.80 |      1149.80 |      1149.80 |                  9.67 |                    0.19 |    183 |     5.4843 |
|        1 |          4 |          1149.80 |      1149.80 |      1149.80 |                  5.67 |                    0.11 |    183 |     5.5611 |
|        1 |          5 |          1149.80 |      1149.80 |      1150.64 |                 10.58 |                    0.10 |    184 |     5.6494 |
|        1 |          0 |          1148.20 |      1148.20 |      1148.20 |                  6.96 |                    0.14 |    185 |     5.7933 |
|        1 |          1 |          1148.20 |      1148.20 |      1148.20 |                 10.04 |                    0.19 |    185 |     5.8845 |
|        1 |          2 |          1148.20 |      1148.20 |      1151.10 |                  8.52 |                    0.16 |    189 |     5.9638 |
|        1 |          3 |          1148.20 |      1148.20 |      1151.10 |                 12.62 |                    0.21 |    189 |     6.0655 |
|        1 |          4 |          1148.20 |      1148.20 |      1160.50 |                  8.06 |                    0.14 |    193 |     6.2015 |
|        1 |          5 |          1148.20 |      1148.20 |      1151.60 |                  6.70 |                    0.11 |    193 |     6.2879 |
|        1 |          6 |          1148.20 |      1148.20 |      1151.60 |                  5.80 |                    0.11 |    193 |     6.3659 |
|        1 |          7 |          1148.20 |      1148.20 |      1160.85 |                  5.27 |                    0.10 |    195 |     6.4479 |
|        1 |          8 |          1148.20 |      1138.23 |      1138.23 |                  8.22 |                    0.15 |    197 |     6.5353 |
|        1 |          9 |          1148.20 |      1138.23 |      1149.41 |                 16.66 |                    0.31 |    198 |     6.6091 |
|        1 |         10 |          1148.20 |      1138.23 |      1166.65 |                  7.67 |                    0.14 |    198 |     6.6966 |
|        1 |         11 |          1148.20 |      1138.23 |      1148.36 |                  9.32 |                    0.17 |    198 |     6.7962 |
|        1 |         12 |          1148.20 |      1138.23 |      1149.14 |                 15.00 |                    0.28 |    200 |     6.8716 |
|        1 |         13 |          1148.20 |      1138.23 |      1165.87 |                 13.77 |                    0.25 |    201 |     6.9602 |
|        1 |         14 |          1148.20 |      1138.23 |      1166.55 |                 10.05 |                    0.18 |    203 |     7.0339 |
|        1 |         15 |          1148.20 |      1138.23 |      1154.16 |                 18.60 |                    0.34 |    203 |     7.1063 |
|        1 |         16 |          1148.20 |      1138.23 |      1175.97 |                 11.56 |                    0.21 |    206 |     7.1929 |
|        1 |         17 |          1148.20 |      1138.23 |      1162.80 |                  7.19 |                    0.13 |    207 |     7.2902 |
|        1 |         18 |          1148.20 |      1138.23 |      1152.63 |                  6.61 |                    0.12 |    207 |     7.3796 |
|        1 |         19 |          1148.20 |      1138.23 |      1152.05 |                 17.87 |                    0.32 |    208 |     7.4691 |
|        1 |         20 |          1148.20 |      1138.23 |      1174.20 |                  8.29 |                    0.15 |    210 |     7.5891 |
|        1 |         21 |          1148.20 |      1138.23 |      1171.80 |                  9.03 |                    0.17 |    210 |     7.7034 |
|        1 |         22 |          1148.20 |      1138.23 |      1208.90 |                  4.60 |                    0.10 |    212 |     7.7928 |
|        1 |         23 |          1148.20 |      1138.23 |      1181.65 |                  7.91 |                    0.17 |    213 |     7.9095 |
|        1 |         24 |          1148.20 |      1138.23 |      1188.75 |                 15.41 |                    0.34 |    213 |     7.9806 |
|        1 |         25 |          1148.20 |      1138.23 |      1213.96 |                 16.79 |                    0.37 |    213 |     8.0571 |
|        1 |         26 |          1148.20 |      1138.23 |      1179.20 |                 11.57 |                    0.25 |    215 |     8.2712 |
|        1 |         27 |          1148.20 |      1138.23 |      1170.30 |                  7.16 |                    0.15 |    216 |     8.4201 |
|        1 |         28 |          1148.20 |      1138.23 |      1170.30 |                  6.01 |                    0.12 |    216 |     8.4963 |
|        1 |         29 |          1148.20 |      1138.23 |      1157.31 |                 13.15 |                    0.31 |    221 |     8.6597 |
|        1 |         30 |          1148.20 |      1138.23 |      1187.20 |                  9.78 |                    0.23 |    223 |     8.7819 |
|        1 |         31 |          1148.20 |      1138.23 |      1185.90 |                  6.25 |                    0.10 |    225 |     8.9172 |
|        1 |         32 |          1148.20 |      1138.23 |      1184.73 |                  7.74 |                    0.11 |    228 |     9.0529 |
|        1 |         33 |          1148.20 |      1138.23 |      1186.55 |                  8.18 |                    0.11 |    231 |     9.1355 |
|        1 |         34 |          1148.20 |      1138.23 |      1186.60 |                  7.29 |                    0.10 |    231 |     9.2764 |
|        1 |         35 |          1148.20 |      1138.23 |      1178.75 |                 10.50 |                    0.10 |    233 |     9.3607 |
|        1 |         36 |          1148.20 |      1138.23 |      1176.60 |                  8.88 |                    0.14 |    237 |     9.5020 |
|        1 |         37 |          1148.20 |      1138.23 |      1181.80 |                  5.98 |                    0.12 |    240 |     9.5810 |
|        1 |         38 |          1148.20 |      1138.23 |      1176.78 |                  7.64 |                    0.16 |    243 |     9.6825 |
|        1 |         39 |          1148.20 |      1138.23 |      1174.60 |                 13.71 |                    0.28 |    246 |     9.7603 |
|        1 |         40 |          1148.20 |      1138.23 |      1172.10 |                 10.95 |                    0.22 |    246 |     9.8526 |
|        1 |         41 |          1148.20 |      1138.23 |      1171.20 |                  9.36 |                    0.18 |    246 |    10.0249 |
|        1 |         42 |          1148.20 |      1138.23 |      1171.20 |                 10.94 |                    0.21 |    246 |    10.0955 |
|        1 |         43 |          1148.20 |      1138.23 |      1171.20 |                  9.96 |                    0.20 |    246 |    10.1651 |
|        1 |         44 |          1148.20 |      1138.23 |      1174.80 |                  7.87 |                    0.10 |    246 |    10.2549 |
|        1 |         45 |          1148.20 |      1138.23 |      1170.60 |                  8.55 |                    0.11 |    246 |    10.3767 |
|        1 |         46 |          1148.20 |      1138.23 |      1170.37 |                  6.61 |                    0.11 |    246 |    10.4939 |
|        1 |         47 |          1148.20 |      1138.23 |      1170.32 |                 11.85 |                    0.22 |    249 |    10.6019 |
|        1 |         48 |          1148.20 |      1138.23 |      1161.08 |                 11.62 |                    0.22 |    252 |    10.7548 |
|        1 |         49 |          1148.20 |      1138.23 |      1159.40 |                  4.81 |                    0.11 |    253 |    10.9524 |
|        1 |         50 |          1148.20 |      1138.23 |      1147.44 |                  6.37 |                    0.15 |    253 |    11.1029 |
|        1 |         51 |          1148.20 |      1138.23 |      1170.53 |                 14.68 |                    0.35 |    256 |    11.1805 |
|        1 |         52 |          1148.20 |      1138.23 |      1164.96 |                 10.56 |                    0.10 |    259 |    11.3538 |
|        1 |         53 |          1148.20 |      1138.23 |      1162.30 |                  7.39 |                    0.16 |    261 |    11.4742 |
|        1 |         54 |          1148.20 |      1138.23 |      1164.04 |                 10.85 |                    0.23 |    261 |    11.5778 |
|        1 |         55 |          1148.20 |      1138.23 |      1165.95 |                 16.60 |                    0.35 |    261 |    11.6715 |
|        1 |         56 |          1148.20 |      1138.23 |      1159.37 |                 16.21 |                    0.15 |    261 |    11.9092 |
|        1 |         57 |          1148.20 |      1138.23 |      1162.40 |                 15.19 |                    0.16 |    262 |    12.0392 |
|        1 |         58 |          1148.20 |      1138.23 |      1165.60 |                  9.32 |                    0.15 |    263 |    12.1866 |
|        1 |         59 |          1148.20 |      1138.23 |      1174.10 |                  8.30 |                    0.14 |    264 |    12.2790 |
|        1 |         60 |          1148.20 |      1138.23 |      1165.78 |                 10.93 |                    0.18 |    265 |    12.3722 |
|        1 |         61 |          1148.20 |      1138.23 |      1166.00 |                  6.61 |                    0.12 |    269 |    12.5663 |
|        1 |         62 |          1148.20 |      1138.23 |      1164.79 |                  9.25 |                    0.10 |    269 |    12.6418 |
|        1 |         63 |          1148.20 |      1138.23 |      1180.50 |                  9.65 |                    0.12 |    271 |    12.7599 |
|        1 |         64 |          1148.20 |      1138.23 |      1157.51 |                  8.82 |                    0.14 |    274 |    12.9104 |
|        1 |         65 |          1148.20 |      1136.41 |      1136.41 |                  9.15 |                    0.18 |    276 |    13.1012 |
|        1 |         66 |          1148.20 |      1136.41 |      1178.95 |                 11.09 |                    0.22 |    280 |    13.2082 |
|        1 |         67 |          1148.20 |      1136.41 |      1189.67 |                 11.74 |                    0.24 |    280 |    13.2598 |
|        1 |         68 |          1148.20 |      1136.41 |      1197.03 |                 24.48 |                    0.49 |    280 |    13.3402 |
|        1 |         69 |          1148.20 |      1136.41 |      1199.90 |                 13.52 |                    0.27 |    283 |    13.4008 |
|        1 |         70 |          1148.20 |      1136.41 |      1172.60 |                  9.42 |                    0.17 |    287 |    13.5773 |
|        1 |         71 |          1148.20 |      1136.41 |      1189.40 |                  5.29 |                    0.10 |    292 |    13.6867 |
|        1 |         72 |          1148.20 |      1136.41 |      1177.00 |                 10.97 |                    0.21 |    296 |    13.8430 |
|        1 |         73 |          1148.20 |      1136.41 |      1177.00 |                  5.76 |                    0.11 |    296 |    13.9064 |
|        1 |         74 |          1148.20 |      1136.41 |      1178.90 |                 10.75 |                    0.19 |    298 |    13.9952 |
|        1 |         75 |          1148.20 |      1136.41 |      1187.80 |                 14.72 |                    0.27 |    303 |    14.0860 |
|        1 |         76 |          1148.20 |      1136.41 |      1187.80 |                 13.15 |                    0.24 |    303 |    14.1366 |
|        1 |         77 |          1148.20 |      1136.41 |      1226.80 |                  5.82 |                    0.10 |    307 |    14.2056 |
|        1 |         78 |          1148.20 |      1136.41 |      1193.70 |                  7.44 |                    0.17 |    309 |    14.2740 |
|        1 |         79 |          1148.20 |      1136.41 |      1182.03 |                 10.57 |                    0.27 |    314 |    14.4141 |
|        1 |         80 |          1148.20 |      1136.41 |      1186.20 |                  4.43 |                    0.11 |    321 |    14.5710 |
|        1 |         81 |          1148.20 |      1136.41 |      1190.89 |                 10.30 |                    0.27 |    325 |    14.6564 |
|        1 |         82 |          1148.20 |      1136.41 |      1171.80 |                  5.56 |                    0.14 |    328 |    14.7451 |
|        1 |         83 |          1148.20 |      1136.41 |      1171.60 |                  8.95 |                    0.23 |    330 |    14.8255 |
|        1 |         84 |          1148.20 |      1131.67 |      1131.67 |                 10.92 |                    0.24 |    334 |    14.9893 |
|        1 |         85 |          1148.20 |      1131.67 |      1171.10 |                  5.16 |                    0.11 |    335 |    15.1306 |
|        1 |         86 |          1148.20 |      1131.67 |      1160.75 |                  6.47 |                    0.14 |    336 |    15.2068 |
|        1 |         87 |          1148.20 |      1131.67 |      1163.73 |                 18.89 |                    0.24 |    336 |    15.3297 |
|        1 |         88 |          1148.20 |      1131.67 |      1176.50 |                 13.07 |                    0.16 |    339 |    15.4732 |
|        1 |         89 |          1148.20 |      1131.67 |      1160.60 |                  7.24 |                    0.11 |    343 |    15.6301 |
|        1 |         90 |          1148.20 |      1131.67 |      1148.50 |                 11.18 |                    0.17 |    347 |    15.7216 |
|        1 |         91 |          1148.20 |      1131.67 |      1188.30 |                  4.90 |                    0.10 |    347 |    15.8146 |
|        1 |         92 |          1148.20 |      1131.67 |      1205.42 |                 13.52 |                    0.28 |    348 |    15.9020 |
|        1 |         93 |          1148.20 |      1131.67 |      1188.30 |                  5.91 |                    0.12 |    349 |    16.0134 |
|        1 |         94 |          1148.20 |      1131.67 |      1155.20 |                 10.48 |                    0.20 |    350 |    16.1296 |
|        1 |         95 |          1148.20 |      1131.67 |      1155.20 |                 10.23 |                    0.20 |    350 |    16.1959 |
|        1 |         96 |          1148.20 |      1131.67 |      1162.90 |                 12.04 |                    0.23 |    351 |    16.2900 |
|        1 |         97 |          1148.20 |      1131.67 |      1162.20 |                 20.76 |                    0.38 |    351 |    16.3921 |
|        1 |         98 |          1148.20 |      1131.67 |      1155.20 |                  5.40 |                    0.10 |    351 |    16.5026 |
|        1 |         99 |          1148.20 |      1131.67 |      1155.76 |                 14.52 |                    0.27 |    353 |    16.6549 |
|        1 |        100 |          1148.20 |      1131.67 |      1161.60 |                  8.74 |                    0.16 |    354 |    16.7828 |
|        1 |        101 |          1148.20 |      1131.67 |      1165.80 |                  4.76 |                    0.10 |    356 |    16.9319 |
|        1 |        102 |          1148.20 |      1131.67 |      1158.80 |                 15.98 |                    0.37 |    360 |    17.1031 |
|        1 |        103 |          1148.20 |      1131.67 |      1184.69 |                 15.11 |                    0.35 |    360 |    17.1995 |
|        1 |        104 |          1148.20 |      1131.67 |      1178.02 |                  8.33 |                    0.14 |    362 |    17.2852 |
|        1 |        105 |          1148.20 |      1131.67 |      1164.74 |                 22.30 |                    0.38 |    365 |    17.3555 |
|        1 |        106 |          1148.20 |      1131.67 |      1199.50 |                  8.66 |                    0.15 |    368 |    17.4333 |
|        1 |        107 |          1148.20 |      1131.67 |      1166.38 |                 21.64 |                    0.37 |    370 |    17.5063 |
|        1 |        108 |          1148.20 |      1131.67 |      1174.85 |                 16.57 |                    0.28 |    372 |    17.6189 |
|        1 |        109 |          1148.20 |      1131.67 |      1183.59 |                 13.93 |                    0.23 |    373 |    17.6776 |
|        1 |        110 |          1148.20 |      1131.67 |      1199.90 |                  8.75 |                    0.11 |    373 |    17.7506 |
|        1 |        111 |          1148.20 |      1131.67 |      1170.14 |                 13.65 |                    0.18 |    373 |    17.8354 |
|        1 |        112 |          1148.20 |      1131.67 |      1180.37 |                 16.27 |                    0.19 |    373 |    17.9052 |
|        1 |        113 |          1148.20 |      1131.67 |      1181.97 |                 14.20 |                    0.17 |    373 |    18.0057 |
|        1 |          0 |          1147.70 |      1131.67 |      1147.70 |                 11.77 |                    0.11 |    374 |    18.1236 |
|        1 |          0 |          1145.90 |      1131.67 |      1145.90 |                  5.26 |                    0.10 |    375 |    18.2014 |
|        1 |          1 |          1145.90 |      1131.67 |      1145.90 |                 14.77 |                    0.29 |    375 |    18.3170 |
|        1 |          2 |          1145.90 |      1131.67 |      1167.50 |                  7.82 |                    0.15 |    377 |    18.4038 |
|        1 |          3 |          1145.90 |      1131.67 |      1198.08 |                 14.19 |                    0.27 |    378 |    18.4746 |
|        1 |          4 |          1145.90 |      1131.67 |      1171.76 |                  9.46 |                    0.11 |    381 |    18.7161 |
|        1 |          5 |          1145.90 |      1131.67 |      1194.27 |                 11.49 |                    0.13 |    382 |    18.7943 |
|        1 |          6 |          1145.90 |      1131.67 |      1197.15 |                  8.21 |                    0.11 |    382 |    18.8854 |
|        1 |          7 |          1145.90 |      1131.67 |      1196.55 |                 14.45 |                    0.20 |    382 |    18.9726 |
|        1 |          8 |          1145.90 |      1131.67 |      1219.01 |                 10.54 |                    0.14 |    382 |    19.0518 |
|        1 |          9 |          1145.90 |      1131.67 |      1222.58 |                 26.60 |                    0.36 |    385 |    19.1157 |
|        1 |         10 |          1145.90 |      1131.67 |      1212.30 |                  7.88 |                    0.11 |    390 |    19.2195 |
|        1 |         11 |          1145.90 |      1131.67 |      1208.59 |                  6.60 |                    0.14 |    394 |    19.3185 |
|        1 |         12 |          1145.90 |      1131.67 |      1175.10 |                  9.30 |                    0.20 |    396 |    19.4276 |
|        1 |         13 |          1145.90 |      1131.67 |      1175.10 |                  8.05 |                    0.15 |    396 |    19.5134 |
|        1 |         14 |          1145.90 |      1131.67 |      1144.62 |                 13.80 |                    0.28 |    398 |    19.6864 |
|        1 |         15 |          1145.90 |      1131.67 |      1173.80 |                 15.33 |                    0.31 |    399 |    19.7714 |
|        1 |         16 |          1145.90 |      1131.67 |      1158.00 |                  6.78 |                    0.14 |    401 |    19.9193 |
------------------------------------------------------------------------------------------------------------------------------------------------
|  Restart |  Iteration |  Best Feas. Cost |    Best Cost |   Curr. Cost |   Penalty Custom Res. |   Penalty Standard Res. |   Pool |   Time (s) |
------------------------------------------------------------------------------------------------------------------------------------------------
|        1 |          0 |          1144.00 |      1131.67 |      1144.00 |                  5.97 |                    0.10 |    401 |    20.0783 |
|        1 |          1 |          1144.00 |      1131.67 |      1140.89 |                 15.48 |                    0.33 |    401 |    20.2470 |
|        1 |          2 |          1144.00 |      1131.67 |      1146.20 |                 21.13 |                    0.45 |    404 |    20.4012 |
|        1 |          3 |          1144.00 |      1131.67 |      1165.00 |                 13.12 |                    0.26 |    410 |    20.5609 |
|        1 |          4 |          1144.00 |      1131.67 |      1179.61 |                 11.65 |                    0.15 |    414 |    20.7448 |
|        1 |          5 |          1144.00 |      1131.67 |      1168.43 |                  6.34 |                    0.10 |    416 |    20.8693 |
|        1 |          6 |          1144.00 |      1131.67 |      1173.60 |                 13.78 |                    0.22 |    420 |    20.9438 |
|        1 |          7 |          1144.00 |      1131.67 |      1155.10 |                  7.57 |                    0.10 |    424 |    21.0936 |
|        1 |          8 |          1144.00 |      1131.67 |      1151.81 |                  5.87 |                    0.10 |    426 |    21.1747 |
|        1 |          9 |          1144.00 |      1131.67 |      1144.05 |                  9.25 |                    0.16 |    426 |    21.2594 |
|        1 |         10 |          1144.00 |      1131.67 |      1169.81 |                 22.09 |                    0.23 |    428 |    21.4166 |
|        1 |         11 |          1144.00 |      1131.67 |      1170.00 |                  8.66 |                    0.10 |    429 |    21.5200 |
|        1 |         12 |          1144.00 |      1131.67 |      1158.04 |                 10.41 |                    0.10 |    430 |    21.6292 |
|        1 |         13 |          1144.00 |      1131.67 |      1182.00 |                  6.40 |                    0.10 |    433 |    21.7426 |
|        1 |         14 |          1144.00 |      1131.67 |      1149.65 |                 10.80 |                    0.11 |    435 |    21.8521 |
|        1 |         15 |          1144.00 |      1131.67 |      1161.35 |                 14.94 |                    0.16 |    435 |    21.9537 |
|        1 |         16 |          1144.00 |      1131.67 |      1165.09 |                  8.63 |                    0.10 |    436 |    22.0939 |
|        1 |         17 |          1144.00 |      1131.67 |      1169.30 |                  7.97 |                    0.10 |    438 |    22.2465 |
|        1 |         18 |          1144.00 |      1131.67 |      1161.53 |                 10.68 |                    0.10 |    438 |    22.3739 |
|        1 |         19 |          1144.00 |      1131.67 |      1162.86 |                 10.93 |                    0.10 |    438 |    22.4908 |
|        1 |         20 |          1144.00 |      1131.67 |      1162.41 |                  9.70 |                    0.10 |    438 |    22.6464 |
|        1 |         21 |          1144.00 |      1131.67 |      1163.67 |                 10.64 |                    0.10 |    438 |    22.7652 |
|        1 |         22 |          1144.00 |      1131.67 |      1163.69 |                 11.77 |                    0.11 |    438 |    22.9151 |
|        1 |         23 |          1144.00 |      1131.67 |      1163.40 |                 10.35 |                    0.10 |    438 |    23.0511 |
|        1 |         24 |          1144.00 |      1131.67 |      1136.09 |                 15.02 |                    0.14 |    438 |    23.1810 |
|        1 |          0 |          1142.30 |      1131.67 |      1142.30 |                 10.08 |                    0.10 |    441 |    23.3288 |
|        1 |          1 |          1142.30 |      1131.67 |      1138.61 |                 15.27 |                    0.15 |    441 |    23.4146 |
|        1 |          2 |          1142.30 |      1131.67 |      1159.41 |                 22.43 |                    0.22 |    442 |    23.5088 |
|        1 |          3 |          1142.30 |      1131.67 |      1161.40 |                 14.65 |                    0.14 |    442 |    23.6083 |
|        1 |          4 |          1142.30 |      1131.67 |      1163.70 |                 11.80 |                    0.11 |    442 |    23.7120 |
|        1 |          5 |          1142.30 |      1131.67 |      1157.37 |                 12.21 |                    0.11 |    442 |    23.8204 |
|        1 |          6 |          1142.30 |      1131.67 |      1165.90 |                  7.99 |                    0.11 |    443 |    23.8945 |
|        1 |          7 |          1142.30 |      1131.67 |      1142.64 |                 18.42 |                    0.26 |    443 |    23.9669 |
|        1 |          8 |          1142.30 |      1131.67 |      1187.71 |                 11.45 |                    0.15 |    445 |    24.0601 |
|        1 |          9 |          1142.30 |      1131.67 |      1161.08 |                 14.48 |                    0.17 |    447 |    24.1399 |
|        1 |         10 |          1142.30 |      1131.67 |      1133.63 |                 10.61 |                    0.11 |    448 |    24.4634 |
|        1 |         11 |          1142.30 |      1131.67 |      1133.78 |                 10.23 |                    0.10 |    448 |    24.5653 |
|        1 |         12 |          1142.30 |      1131.67 |      1148.52 |                 10.90 |                    0.10 |    450 |    24.6639 |
|        1 |         13 |          1142.30 |      1131.67 |      1153.59 |                  9.24 |                    0.10 |    452 |    24.7493 |
|        1 |         14 |          1142.30 |      1131.67 |      1150.83 |                 12.18 |                    0.13 |    452 |    24.8109 |
|        1 |         15 |          1142.30 |      1131.67 |      1159.70 |                  9.96 |                    0.10 |    453 |    24.9735 |
|        1 |         16 |          1142.30 |      1131.67 |      1159.26 |                 18.44 |                    0.17 |    453 |    25.0380 |
|        1 |         17 |          1142.30 |      1131.67 |      1177.70 |                 10.92 |                    0.11 |    453 |    25.1088 |
|        1 |         18 |          1142.30 |      1131.67 |      1177.44 |                 10.18 |                    0.10 |    453 |    25.2556 |
|        1 |         19 |          1142.30 |      1131.67 |      1151.03 |                 10.82 |                    0.14 |    454 |    25.3935 |
|        1 |         20 |          1142.30 |      1131.67 |      1163.10 |                 13.26 |                    0.17 |    454 |    25.4905 |
|        1 |         21 |          1142.30 |      1131.67 |      1154.45 |                  9.26 |                    0.10 |    456 |    25.6216 |
|        1 |         22 |          1142.30 |      1131.67 |      1163.48 |                  8.17 |                    0.10 |    456 |    25.6939 |
|        1 |         23 |          1142.30 |      1131.67 |      1164.31 |                  9.64 |                    0.10 |    458 |    25.7664 |
|        1 |         24 |          1142.30 |      1131.67 |      1160.30 |                  4.89 |                    0.11 |    458 |    25.8888 |
|        1 |         25 |          1142.30 |      1131.67 |      1154.92 |                 10.93 |                    0.21 |    458 |    25.9914 |
|        1 |         26 |          1142.30 |      1131.67 |      1207.33 |                 17.94 |                    0.35 |    459 |    26.0546 |
|        1 |         27 |          1142.30 |      1131.67 |      1197.10 |                  7.54 |                    0.15 |    461 |    26.1538 |
|        1 |         28 |          1142.30 |      1131.67 |      1174.78 |                  9.65 |                    0.20 |    464 |    26.3558 |
|        1 |         29 |          1142.30 |      1131.67 |      1182.70 |                  6.77 |                    0.14 |    464 |    26.4310 |
|        1 |         30 |          1142.30 |      1131.67 |      1168.98 |                  7.88 |                    0.10 |    467 |    26.5493 |
|        1 |         31 |          1142.30 |      1131.67 |      1165.70 |                 11.43 |                    0.22 |    468 |    26.6606 |
|        1 |         32 |          1142.30 |      1131.67 |      1172.00 |                 12.95 |                    0.25 |    468 |    26.7354 |
|        1 |         33 |          1142.30 |      1131.67 |      1200.23 |                  8.91 |                    0.17 |    472 |    26.7958 |
|        1 |         34 |          1142.30 |      1131.67 |      1186.94 |                 11.87 |                    0.23 |    477 |    26.9997 |
|        1 |         35 |          1142.30 |      1131.67 |      1192.40 |                  6.73 |                    0.13 |    480 |    27.1206 |
|        1 |         36 |          1142.30 |      1131.67 |      1156.90 |                  4.78 |                    0.10 |    482 |    27.3077 |
|        1 |         37 |          1142.30 |      1131.67 |      1150.05 |                  7.61 |                    0.16 |    483 |    27.3726 |
|        1 |         38 |          1142.30 |      1131.67 |      1151.75 |                  8.36 |                    0.18 |    484 |    27.4905 |
|        1 |         39 |          1142.30 |      1131.67 |      1146.92 |                 13.60 |                    0.28 |    484 |    27.5469 |
|        1 |         40 |          1142.30 |      1131.67 |      1148.70 |                  4.86 |                    0.10 |    487 |    27.6770 |
|        1 |         41 |          1142.30 |      1131.67 |      1144.64 |                 10.44 |                    0.24 |    488 |    27.7666 |
|        1 |         42 |          1142.30 |      1129.47 |      1129.47 |                 10.46 |                    0.13 |    490 |    28.0645 |
|        1 |         43 |          1142.30 |      1129.47 |      1153.60 |                  7.94 |                    0.11 |    490 |    28.1528 |
|        1 |         44 |          1142.30 |      1129.47 |      1148.00 |                 10.01 |                    0.14 |    491 |    28.2699 |
|        1 |         45 |          1142.30 |      1129.47 |      1147.97 |                 20.07 |                    0.10 |    493 |    28.3500 |
|        1 |         46 |          1142.30 |      1129.47 |      1157.69 |                 25.17 |                    0.11 |    493 |    28.4074 |
|        1 |         47 |          1142.30 |      1129.47 |      1158.10 |                 11.83 |                    0.11 |    493 |    28.4893 |
|        1 |         48 |          1142.30 |      1129.47 |      1155.82 |                 10.63 |                    0.10 |    493 |    28.5887 |
|        1 |         49 |          1142.30 |      1129.47 |      1157.40 |                 10.05 |                    0.10 |    493 |    28.6953 |
|        1 |         50 |          1142.30 |      1129.47 |      1156.64 |                  9.04 |                    0.10 |    493 |    28.7733 |
|        1 |         51 |          1142.30 |      1129.47 |      1181.11 |                  5.73 |                    0.10 |    495 |    28.8660 |
|        1 |         52 |          1142.30 |      1129.47 |      1177.40 |                 10.80 |                    0.10 |    495 |    28.9644 |
|        1 |         53 |          1142.30 |      1129.47 |      1179.16 |                 10.42 |                    0.10 |    495 |    29.0579 |
|        1 |         54 |          1142.30 |      1129.47 |      1178.90 |                 10.57 |                    0.10 |    495 |    29.1499 |
|        1 |         55 |          1142.30 |      1129.47 |      1190.00 |                  6.56 |                    0.10 |    495 |    29.2541 |
|        1 |         56 |          1142.30 |      1129.47 |      1190.00 |                  8.47 |                    0.15 |    495 |    29.3260 |
|        1 |         57 |          1142.30 |      1129.47 |      1190.00 |                 14.90 |                    0.26 |    495 |    29.4050 |
|        1 |         58 |          1142.30 |      1129.47 |      1162.49 |                  5.82 |                    0.13 |    496 |    29.5767 |
|        1 |         59 |          1142.30 |      1129.47 |      1164.40 |                  7.55 |                    0.13 |    497 |    29.7180 |
|        1 |         60 |          1142.30 |      1129.47 |      1175.90 |                  6.60 |                    0.14 |    499 |    29.7877 |
|        1 |         61 |          1142.30 |      1129.47 |      1142.04 |                  7.54 |                    0.14 |    499 |    29.8830 |
|        1 |         62 |          1142.30 |      1129.47 |      1204.57 |                 16.04 |                    0.29 |    499 |    29.9700 |
|        1 |         63 |          1142.30 |      1129.47 |      1161.40 |                  8.94 |                    0.16 |    500 |    30.1865 |
|        1 |         64 |          1142.30 |      1129.47 |      1161.40 |                  4.78 |                    0.10 |    500 |    30.2560 |
|        1 |         65 |          1142.30 |      1129.47 |      1164.40 |                 12.31 |                    0.27 |    502 |    30.3409 |
|        1 |         66 |          1142.30 |      1129.47 |      1160.90 |                  8.72 |                    0.19 |    502 |    30.4220 |
|        1 |         67 |          1142.30 |      1129.47 |      1195.62 |                 16.95 |                    0.37 |    504 |    30.5121 |
|        1 |         68 |          1142.30 |      1129.47 |      1211.00 |                  8.87 |                    0.17 |    509 |    30.6248 |
|        1 |         69 |          1142.30 |      1129.47 |      1166.61 |                 10.55 |                    0.21 |    510 |    30.7372 |
|        1 |         70 |          1142.30 |      1129.47 |      1189.40 |                 10.92 |                    0.10 |    511 |    30.8351 |
|        1 |         71 |          1142.30 |      1129.47 |      1177.41 |                  7.69 |                    0.10 |    512 |    31.0024 |
|        1 |         72 |          1142.30 |      1129.47 |      1162.02 |                 12.92 |                    0.28 |    513 |    31.1629 |
|        1 |         73 |          1142.30 |      1129.47 |      1185.38 |                 25.17 |                    0.54 |    514 |    31.2186 |
|        1 |         74 |          1142.30 |      1129.47 |      1172.89 |                  8.20 |                    0.12 |    517 |    31.4276 |
|        1 |         75 |          1142.30 |      1129.47 |      1167.96 |                  7.17 |                    0.12 |    517 |    31.4969 |
|        1 |         76 |          1142.30 |      1129.47 |      1166.59 |                 10.43 |                    0.14 |    517 |    31.5835 |
|        1 |         77 |          1142.30 |      1129.47 |      1158.22 |                 14.53 |                    0.10 |    518 |    31.7134 |
|        1 |         78 |          1142.30 |      1129.47 |      1150.13 |                  6.25 |                    0.10 |    519 |    31.9146 |
|        1 |         79 |          1142.30 |      1129.47 |      1167.47 |                  6.03 |                    0.10 |    519 |    32.0255 |
|        1 |         80 |          1142.30 |      1129.47 |      1165.93 |                  7.03 |                    0.10 |    520 |    32.1017 |
|        1 |         81 |          1142.30 |      1129.47 |      1165.75 |                  6.09 |                    0.11 |    520 |    32.1752 |
|        1 |         82 |          1142.30 |      1129.47 |      1166.09 |                 10.39 |                    0.16 |    521 |    32.2578 |
|        1 |         83 |          1142.30 |      1129.47 |      1237.40 |                  6.92 |                    0.10 |    525 |    32.3485 |
|        1 |         84 |          1142.30 |      1129.47 |      1217.28 |                  7.60 |                    0.13 |    528 |    32.4451 |
|        1 |         85 |          1142.30 |      1129.47 |      1228.00 |                 19.85 |                    0.32 |    533 |    32.6025 |
|        1 |         86 |          1142.30 |      1129.47 |      1226.00 |                 12.34 |                    0.19 |    533 |    32.7011 |
|        1 |         87 |          1142.30 |      1129.47 |      1221.28 |                  8.93 |                    0.14 |    535 |    32.7632 |
|        1 |         88 |          1142.30 |      1129.47 |      1216.02 |                 11.52 |                    0.18 |    535 |    32.8468 |
|        1 |         89 |          1142.30 |      1129.47 |      1184.03 |                 10.26 |                    0.15 |    539 |    33.0969 |
|        1 |         90 |          1142.30 |      1129.47 |      1199.40 |                 10.69 |                    0.16 |    543 |    33.2386 |
|        1 |         91 |          1142.30 |      1129.47 |      1240.38 |                 29.20 |                    0.44 |    543 |    33.3143 |
|        1 |         92 |          1142.30 |      1129.47 |      1192.90 |                  9.06 |                    0.14 |    548 |    33.4932 |
|        1 |         93 |          1142.30 |      1129.47 |      1178.80 |                  6.28 |                    0.10 |    550 |    33.5785 |
|        1 |         94 |          1142.30 |      1129.47 |      1178.80 |                  9.07 |                    0.15 |    550 |    33.6334 |
|        1 |         95 |          1142.30 |      1129.47 |      1183.57 |                 10.03 |                    0.21 |    554 |    33.7687 |
|        1 |         96 |          1142.30 |      1129.47 |      1201.84 |                 13.88 |                    0.11 |    556 |    34.0007 |
|        1 |         97 |          1142.30 |      1129.47 |      1194.50 |                 12.24 |                    0.13 |    557 |    34.1017 |
|        1 |         98 |          1142.30 |      1129.47 |      1193.53 |                 17.39 |                    0.26 |    559 |    34.2285 |
|        1 |         99 |          1142.30 |      1129.47 |      1203.21 |                  8.95 |                    0.13 |    560 |    34.2982 |
|        1 |        100 |          1142.30 |      1129.47 |      1173.98 |                  9.26 |                    0.14 |    561 |    34.3875 |
|        1 |        101 |          1142.30 |      1129.47 |      1166.52 |                 29.64 |                    0.44 |    564 |    34.4998 |
|        1 |        102 |          1142.30 |      1129.47 |      1172.40 |                 12.36 |                    0.18 |    564 |    34.5807 |
|        1 |        103 |          1142.30 |      1129.47 |      1174.70 |                  6.35 |                    0.12 |    564 |    34.6598 |
|        1 |        104 |          1142.30 |      1129.47 |      1152.64 |                 12.56 |                    0.30 |    565 |    34.7885 |
|        1 |        105 |          1142.30 |      1129.47 |      1171.50 |                  6.32 |                    0.10 |    565 |    34.8909 |
|        1 |        106 |          1142.30 |      1129.47 |      1155.41 |                  6.33 |                    0.13 |    566 |    35.0309 |
|        1 |        107 |          1142.30 |      1129.47 |      1154.97 |                  6.33 |                    0.13 |    566 |    35.1676 |
|        1 |        108 |          1142.30 |      1129.47 |      1152.10 |                 13.14 |                    0.24 |    570 |    35.3249 |
|        1 |        109 |          1142.30 |      1129.47 |      1173.55 |                 15.77 |                    0.28 |    572 |    35.4331 |
|        1 |        110 |          1142.30 |      1129.47 |      1195.69 |                 12.84 |                    0.23 |    572 |    35.5116 |
|        1 |        111 |          1142.30 |      1129.47 |      1169.29 |                 10.63 |                    0.10 |    574 |    35.6522 |
|        1 |        112 |          1142.30 |      1129.47 |      1168.20 |                  9.02 |                    0.13 |    574 |    35.7275 |
|        1 |        113 |          1142.30 |      1129.47 |      1168.20 |                  9.62 |                    0.17 |    574 |    35.8017 |
|        1 |        114 |          1142.30 |      1129.47 |      1172.10 |                 12.17 |                    0.15 |    574 |    35.8844 |
|        1 |        115 |          1142.30 |      1129.47 |      1193.30 |                  5.12 |                    0.10 |    575 |    35.9526 |
|        1 |        116 |          1142.30 |      1129.47 |      1189.04 |                  5.70 |                    0.10 |    576 |    36.1506 |
|        1 |        117 |          1142.30 |      1129.47 |      1189.20 |                  7.51 |                    0.14 |    576 |    36.2215 |
|        1 |        118 |          1142.30 |      1129.47 |      1190.57 |                  9.77 |                    0.18 |    580 |    36.3322 |
|        1 |        119 |          1142.30 |      1129.47 |      1208.83 |                 20.60 |                    0.38 |    580 |    36.3918 |
|        1 |        120 |          1142.30 |      1129.47 |      1192.70 |                  5.67 |                    0.10 |    580 |    36.5549 |
|        1 |        121 |          1142.30 |      1129.47 |      1164.03 |                  6.80 |                    0.13 |    583 |    36.6741 |
|        1 |        122 |          1142.30 |      1129.47 |      1166.08 |                  9.04 |                    0.17 |    583 |    36.7596 |
|        1 |        123 |          1142.30 |      1129.47 |      1168.93 |                  6.67 |                    0.13 |    583 |    36.8261 |
|        1 |        124 |          1142.30 |      1129.47 |      1173.32 |                 13.88 |                    0.25 |    585 |    36.9312 |
|        1 |        125 |          1142.30 |      1129.47 |      1162.67 |                  5.87 |                    0.10 |    585 |    37.0796 |
|        1 |        126 |          1142.30 |      1129.47 |      1159.62 |                 10.76 |                    0.17 |    585 |    37.1468 |
|        1 |        127 |          1142.30 |      1129.47 |      1184.60 |                 13.48 |                    0.21 |    588 |    37.2134 |
|        1 |        128 |          1142.30 |      1129.47 |      1147.46 |                 16.51 |                    0.11 |    588 |    37.3307 |
|        1 |        129 |          1142.30 |      1129.47 |      1148.00 |                 10.37 |                    0.10 |    588 |    37.4108 |
|        1 |        130 |          1142.30 |      1129.47 |      1166.56 |                 10.84 |                    0.10 |    589 |    37.4898 |
|        1 |        131 |          1142.30 |      1129.47 |      1165.70 |                 13.03 |                    0.14 |    592 |    37.7395 |
|        1 |        132 |          1142.30 |      1129.47 |      1169.60 |                 10.49 |                    0.10 |    592 |    37.8518 |
|        1 |        133 |          1142.30 |      1129.47 |      1167.54 |                  9.61 |                    0.10 |    592 |    37.9877 |
|        1 |        134 |          1142.30 |      1129.47 |      1167.10 |                 15.00 |                    0.15 |    592 |    38.0591 |
|        1 |        135 |          1142.30 |      1129.47 |      1171.53 |                 11.11 |                    0.10 |    592 |    38.2126 |
|        1 |        136 |          1142.30 |      1129.47 |      1171.45 |                 10.73 |                    0.10 |    592 |    38.2910 |
|        1 |        137 |          1142.30 |      1129.47 |      1170.01 |                 20.47 |                    0.20 |    592 |    38.3599 |
|        1 |        138 |          1142.30 |      1129.47 |      1171.70 |                 10.74 |                    0.10 |    592 |    38.4387 |
|        1 |        139 |          1142.30 |      1129.47 |      1195.67 |                 13.00 |                    0.12 |    595 |    38.5745 |
|        1 |        140 |          1142.30 |      1129.47 |      1195.80 |                 10.81 |                    0.10 |    595 |    38.6485 |
|        1 |        141 |          1142.30 |      1129.47 |      1191.00 |                  7.26 |                    0.13 |    597 |    38.9183 |
|        1 |        142 |          1142.30 |      1129.47 |      1184.99 |                  7.23 |                    0.13 |    601 |    38.9855 |
|        1 |        143 |          1142.30 |      1129.47 |      1187.57 |                  6.58 |                    0.13 |    601 |    39.0566 |
|        1 |        144 |          1142.30 |      1129.47 |      1154.69 |                  5.61 |                    0.10 |    603 |    39.1842 |
|        1 |        145 |          1142.30 |      1129.47 |      1157.22 |                 12.36 |                    0.25 |    605 |    39.3587 |
|        1 |        146 |          1142.30 |      1129.47 |      1148.40 |                  6.60 |                    0.13 |    606 |    39.4622 |
|        1 |        147 |          1142.30 |      1129.47 |      1137.99 |                 15.07 |                    0.30 |    608 |    39.5418 |
|        1 |          0 |          1140.10 |      1129.47 |      1140.10 |                  7.83 |                    0.15 |    608 |    39.6227 |
|        1 |          1 |          1140.10 |      1129.47 |      1140.10 |                  6.71 |                    0.13 |    608 |    39.6843 |
|        1 |          2 |          1140.10 |      1129.47 |      1140.10 |                  6.28 |                    0.12 |    608 |    39.7817 |
|        1 |          3 |          1140.10 |      1129.47 |      1136.56 |                 12.70 |                    0.24 |    608 |    39.8712 |
|        1 |          4 |          1140.10 |      1129.47 |      1140.10 |                 10.16 |                    0.19 |    609 |    39.9324 |
|        1 |          5 |          1140.10 |      1129.47 |      1140.10 |                  7.06 |                    0.13 |    609 |    39.9902 |
------------------------------------------------------------------------------------------------------------------------------------------------
|  Restart |  Iteration |  Best Feas. Cost |    Best Cost |   Curr. Cost |   Penalty Custom Res. |   Penalty Standard Res. |   Pool |   Time (s) |
------------------------------------------------------------------------------------------------------------------------------------------------
|        1 |          6 |          1140.10 |      1129.47 |      1140.10 |                  7.03 |                    0.15 |    609 |    40.0508 |
|        1 |          7 |          1140.10 |      1129.47 |      1158.30 |                  6.73 |                    0.14 |    609 |    40.1119 |
|        1 |          8 |          1140.10 |      1129.47 |      1158.28 |                  6.96 |                    0.13 |    609 |    40.2119 |
|        1 |          9 |          1140.10 |      1129.47 |      1160.09 |                 17.02 |                    0.27 |    609 |    40.2938 |
|        1 |         10 |          1140.10 |      1129.47 |      1168.50 |                  7.23 |                    0.10 |    610 |    40.3873 |
|        1 |         11 |          1140.10 |      1129.47 |      1165.70 |                  8.26 |                    0.15 |    612 |    40.4954 |
|        1 |         12 |          1140.10 |      1129.47 |      1165.40 |                  5.09 |                    0.10 |    613 |    40.5715 |
|        1 |         13 |          1140.10 |      1129.47 |      1163.23 |                  9.41 |                    0.12 |    613 |    40.6417 |
|        1 |         14 |          1140.10 |      1129.47 |      1159.86 |                  5.61 |                    0.12 |    615 |    40.7681 |
|        1 |         15 |          1140.10 |      1129.47 |      1158.43 |                  7.68 |                    0.14 |    615 |    40.8662 |
|        1 |         16 |          1140.10 |      1129.47 |      1169.98 |                  9.14 |                    0.17 |    617 |    40.9538 |
|        1 |         17 |          1140.10 |      1129.47 |      1168.89 |                  7.83 |                    0.13 |    617 |    41.0292 |
|        1 |         18 |          1140.10 |      1129.47 |      1164.39 |                 10.63 |                    0.18 |    617 |    41.0911 |
|        1 |         19 |          1140.10 |      1129.47 |      1183.47 |                 17.09 |                    0.28 |    621 |    41.1730 |
|        1 |         20 |          1140.10 |      1129.47 |      1199.90 |                  7.91 |                    0.12 |    625 |    41.3269 |
|        1 |         21 |          1140.10 |      1129.47 |      1185.42 |                  4.71 |                    0.10 |    629 |    41.4437 |
|        1 |         22 |          1140.10 |      1129.47 |      1184.35 |                  4.98 |                    0.11 |    629 |    41.5159 |
|        1 |         23 |          1140.10 |      1129.47 |      1182.70 |                  8.18 |                    0.18 |    629 |    41.5812 |
|        1 |         24 |          1140.10 |      1129.47 |      1195.40 |                  6.79 |                    0.15 |    630 |    41.6814 |
|        1 |         25 |          1140.10 |      1129.47 |      1192.50 |                  8.86 |                    0.20 |    631 |    41.7573 |
|        1 |         26 |          1140.10 |      1129.47 |      1191.15 |                 10.22 |                    0.23 |    631 |    41.8589 |
|        1 |         27 |          1140.10 |      1129.47 |      1182.11 |                  9.54 |                    0.18 |    636 |    42.0063 |
|        1 |         28 |          1140.10 |      1129.47 |      1191.80 |                  5.79 |                    0.10 |    638 |    42.1578 |
|        1 |         29 |          1140.10 |      1129.47 |      1191.66 |                  6.23 |                    0.11 |    638 |    42.2430 |
|        1 |         30 |          1140.10 |      1129.47 |      1189.10 |                  6.69 |                    0.12 |    638 |    42.3812 |
|        1 |         31 |          1140.10 |      1129.47 |      1187.90 |                  9.35 |                    0.16 |    638 |    42.4621 |
|        1 |         32 |          1140.10 |      1129.47 |      1191.40 |                  5.43 |                    0.11 |    642 |    42.6863 |
|        1 |         33 |          1140.10 |      1129.47 |      1162.89 |                  4.33 |                    0.10 |    643 |    42.7668 |
|        1 |         34 |          1140.10 |      1129.47 |      1189.01 |                  6.06 |                    0.15 |    644 |    42.8383 |
|        1 |         35 |          1140.10 |      1129.47 |      1184.89 |                 15.58 |                    0.39 |    644 |    42.9213 |
|        1 |         36 |          1140.10 |      1129.47 |      1171.56 |                  6.52 |                    0.12 |    645 |    43.1034 |
|        1 |         37 |          1140.10 |      1129.47 |      1175.25 |                 13.88 |                    0.25 |    645 |    43.1614 |
|        1 |         38 |          1140.10 |      1129.47 |      1199.23 |                  8.51 |                    0.15 |    646 |    43.2954 |
|        1 |         39 |          1140.10 |      1129.47 |      1195.66 |                 19.06 |                    0.35 |    646 |    43.3621 |
|        1 |         40 |          1140.10 |      1129.47 |      1201.00 |                  7.77 |                    0.13 |    648 |    43.4685 |
|        1 |         41 |          1140.10 |      1129.47 |      1187.25 |                 10.92 |                    0.23 |    651 |    43.6214 |
|        1 |         42 |          1140.10 |      1129.47 |      1193.07 |                 11.55 |                    0.25 |    651 |    43.6839 |
|        1 |         43 |          1140.10 |      1129.47 |      1191.45 |                 25.58 |                    0.54 |    651 |    43.7671 |
|        1 |         44 |          1140.10 |      1129.47 |      1188.40 |                  9.16 |                    0.20 |    651 |    43.8872 |
|        1 |         45 |          1140.10 |      1129.47 |      1201.57 |                  6.83 |                    0.15 |    651 |    43.9655 |
|        1 |         46 |          1140.10 |      1129.47 |      1195.41 |                 13.69 |                    0.29 |    651 |    44.0274 |
|        1 |         47 |          1140.10 |      1129.47 |      1188.70 |                  6.75 |                    0.14 |    652 |    44.1485 |
|        1 |         48 |          1140.10 |      1129.47 |      1187.20 |                  5.82 |                    0.13 |    653 |    44.2668 |
|        1 |         49 |          1140.10 |      1129.47 |      1187.20 |                  7.44 |                    0.17 |    653 |    44.3352 |
|        1 |         50 |          1140.10 |      1129.47 |      1177.24 |                  8.38 |                    0.19 |    655 |    44.5118 |
|        1 |         51 |          1140.10 |      1129.47 |      1190.26 |                  6.49 |                    0.15 |    656 |    44.5820 |
|        1 |         52 |          1140.10 |      1129.47 |      1211.35 |                 14.54 |                    0.33 |    661 |    44.6447 |
|        1 |         53 |          1140.10 |      1129.47 |      1234.50 |                  7.61 |                    0.17 |    668 |    44.7512 |
|        1 |         54 |          1140.10 |      1129.47 |      1210.65 |                  5.00 |                    0.11 |    670 |    44.8980 |
|        1 |         55 |          1140.10 |      1129.47 |      1212.51 |                 10.77 |                    0.24 |    673 |    44.9579 |
|        1 |         56 |          1140.10 |      1129.47 |      1221.30 |                  5.93 |                    0.13 |    677 |    45.0610 |
|        1 |         57 |          1140.10 |      1129.47 |      1183.62 |                  6.71 |                    0.15 |    678 |    45.1557 |
|        1 |         58 |          1140.10 |      1129.47 |      1200.80 |                  8.13 |                    0.17 |    679 |    45.2799 |
|        1 |         59 |          1140.10 |      1129.47 |      1209.10 |                  8.77 |                    0.19 |    682 |    45.3524 |
|        1 |         60 |          1140.10 |      1129.47 |      1216.30 |                 12.87 |                    0.28 |    684 |    45.4497 |
|        1 |         61 |          1140.10 |      1129.47 |      1155.64 |                 17.85 |                    0.10 |    685 |    45.6550 |
|        1 |         62 |          1140.10 |      1129.47 |      1178.90 |                 12.13 |                    0.14 |    688 |    45.7562 |
|        1 |         63 |          1140.10 |      1129.47 |      1182.70 |                 10.61 |                    0.11 |    689 |    45.8190 |
|        1 |         64 |          1140.10 |      1129.47 |      1178.34 |                 18.10 |                    0.18 |    689 |    45.9080 |
|        1 |         65 |          1140.10 |      1129.47 |      1201.30 |                  6.61 |                    0.10 |    690 |    46.0224 |
|        1 |         66 |          1140.10 |      1129.47 |      1187.85 |                  9.05 |                    0.11 |    690 |    46.0997 |
|        1 |         67 |          1140.10 |      1129.47 |      1189.80 |                 10.78 |                    0.10 |    690 |    46.1674 |
|        1 |         68 |          1140.10 |      1129.47 |      1190.04 |                  9.04 |                    0.10 |    690 |    46.2646 |
|        1 |         69 |          1140.10 |      1129.47 |      1189.69 |                 10.67 |                    0.10 |    691 |    46.3282 |
|        1 |         70 |          1140.10 |      1129.47 |      1200.93 |                 10.81 |                    0.10 |    692 |    46.4471 |
|        1 |         71 |          1140.10 |      1129.47 |      1201.70 |                 11.07 |                    0.12 |    692 |    46.5432 |
|        1 |         72 |          1140.10 |      1129.47 |      1210.92 |                  5.31 |                    0.10 |    695 |    46.6225 |
|        1 |         73 |          1140.10 |      1129.47 |      1203.46 |                 16.33 |                    0.24 |    695 |    46.7208 |
|        1 |         74 |          1140.10 |      1129.47 |      1204.00 |                 10.77 |                    0.10 |    700 |    46.8189 |
|        1 |         75 |          1140.10 |      1129.47 |      1203.29 |                 12.41 |                    0.10 |    704 |    46.9487 |
|        1 |         76 |          1140.10 |      1129.47 |      1203.50 |                 18.81 |                    0.18 |    705 |    47.0164 |
|        1 |         77 |          1140.10 |      1129.47 |      1203.50 |                 10.80 |                    0.10 |    705 |    47.0833 |
|        1 |         78 |          1140.10 |      1129.47 |      1213.47 |                  9.44 |                    0.10 |    707 |    47.1617 |
|        1 |         79 |          1140.10 |      1129.47 |      1197.91 |                 19.47 |                    0.21 |    710 |    47.2459 |
|        1 |         80 |          1140.10 |      1129.47 |      1202.73 |                 12.81 |                    0.12 |    713 |    47.3746 |
|        1 |         81 |          1140.10 |      1129.47 |      1191.80 |                 10.73 |                    0.10 |    713 |    47.5038 |
|        1 |         82 |          1140.10 |      1129.47 |      1192.80 |                 14.84 |                    0.13 |    713 |    47.5964 |
|        1 |         83 |          1140.10 |      1129.47 |      1193.00 |                  9.60 |                    0.10 |    713 |    47.6822 |
|        1 |         84 |          1140.10 |      1129.47 |      1182.77 |                 12.97 |                    0.27 |    714 |    47.8164 |
|        1 |         85 |          1140.10 |      1129.47 |      1210.52 |                 13.66 |                    0.27 |    721 |    47.9461 |
|        1 |         86 |          1140.10 |      1129.47 |      1229.25 |                 15.18 |                    0.30 |    721 |    48.0134 |
|        1 |         87 |          1140.10 |      1129.47 |      1152.80 |                  7.08 |                    0.16 |    723 |    48.2043 |
|        1 |         88 |          1140.10 |      1129.47 |      1152.80 |                  4.77 |                    0.11 |    723 |    48.2729 |
|        1 |         89 |          1140.10 |      1129.47 |      1152.80 |                  6.74 |                    0.16 |    723 |    48.3569 |
|        1 |         90 |          1140.10 |      1129.47 |      1152.80 |                  9.33 |                    0.22 |    723 |    48.4449 |
|        1 |         91 |          1140.10 |      1129.47 |      1152.80 |                 12.63 |                    0.30 |    723 |    48.5510 |
|        1 |         92 |          1140.10 |      1129.47 |      1152.80 |                  6.24 |                    0.15 |    723 |    48.6257 |
|        1 |         93 |          1140.10 |      1129.47 |      1152.80 |                  7.28 |                    0.17 |    723 |    48.7130 |
|        1 |         94 |          1140.10 |      1129.47 |      1152.80 |                  6.55 |                    0.16 |    723 |    48.8052 |
|        1 |         95 |          1140.10 |      1129.47 |      1152.80 |                  7.50 |                    0.18 |    723 |    48.8687 |
|        1 |         96 |          1140.10 |      1129.47 |      1152.80 |                  5.48 |                    0.13 |    723 |    48.9305 |
|        1 |         97 |          1140.10 |      1129.47 |      1150.33 |                 13.64 |                    0.31 |    724 |    49.0558 |
|        1 |         98 |          1140.10 |      1129.47 |      1206.90 |                 19.82 |                    0.45 |    726 |    49.1508 |
|        1 |         99 |          1140.10 |      1129.47 |      1176.10 |                  7.08 |                    0.15 |    728 |    49.2973 |
|        1 |        100 |          1140.10 |      1129.47 |      1184.49 |                 10.72 |                    0.20 |    728 |    49.3935 |
|        1 |        101 |          1140.10 |      1129.47 |      1151.38 |                 10.53 |                    0.10 |    728 |    49.5194 |
|        1 |        102 |          1140.10 |      1129.47 |      1150.38 |                 11.42 |                    0.11 |    729 |    49.6677 |
|        1 |        103 |          1140.10 |      1129.47 |      1153.22 |                  7.75 |                    0.10 |    732 |    49.8137 |
|        1 |        104 |          1140.10 |      1129.47 |      1159.53 |                 13.89 |                    0.18 |    734 |    49.9311 |
|        1 |        105 |          1140.10 |      1129.47 |      1158.90 |                  6.97 |                    0.15 |    739 |    50.0801 |
|        1 |        106 |          1140.10 |      1129.47 |      1146.50 |                  5.46 |                    0.12 |    741 |    50.3650 |
|        1 |        107 |          1140.10 |      1129.47 |      1145.74 |                  5.44 |                    0.12 |    741 |    50.4580 |
|        1 |        108 |          1140.10 |      1129.47 |      1146.26 |                  5.86 |                    0.10 |    741 |    50.5330 |
|        1 |        109 |          1140.10 |      1129.47 |      1146.46 |                 10.33 |                    0.10 |    741 |    50.6034 |
|        1 |        110 |          1140.10 |      1129.47 |      1149.70 |                 13.72 |                    0.18 |    741 |    50.6996 |
|        1 |        111 |          1140.10 |      1129.47 |      1192.17 |                 10.37 |                    0.12 |    741 |    50.8567 |
|        1 |        112 |          1140.10 |      1129.47 |      1170.60 |                  8.76 |                    0.16 |    742 |    51.0013 |
|        1 |        113 |          1140.10 |      1129.47 |      1182.60 |                  9.92 |                    0.18 |    743 |    51.0876 |
|        1 |        114 |          1140.10 |      1129.47 |      1173.17 |                 17.66 |                    0.28 |    745 |    51.3012 |
|        1 |        115 |          1140.10 |      1129.47 |      1214.73 |                 32.73 |                    0.51 |    746 |    51.3539 |
|        1 |        116 |          1140.10 |      1129.47 |      1190.30 |                 10.49 |                    0.16 |    750 |    51.4795 |
|        1 |        117 |          1140.10 |      1129.47 |      1176.10 |                 12.00 |                    0.19 |    752 |    51.5819 |
|        1 |        118 |          1140.10 |      1129.47 |      1146.58 |                  6.52 |                    0.10 |    752 |    51.7426 |
|        1 |        119 |          1140.10 |      1129.47 |      1147.28 |                  6.29 |                    0.11 |    753 |    51.8419 |
|        1 |        120 |          1140.10 |      1129.47 |      1137.65 |                 15.25 |                    0.28 |    754 |    51.9185 |
|        1 |        121 |          1140.10 |      1129.47 |      1162.03 |                 17.62 |                    0.32 |    755 |    52.0259 |
|        1 |        122 |          1140.10 |      1129.47 |      1142.24 |                  6.63 |                    0.12 |    757 |    52.1757 |
|        1 |        123 |          1140.10 |      1129.47 |      1131.79 |                  8.91 |                    0.16 |    757 |    52.2373 |
|        1 |        124 |          1140.10 |      1129.47 |      1145.94 |                 12.34 |                    0.10 |    758 |    52.3222 |
|        1 |        125 |          1140.10 |      1129.47 |      1175.10 |                 11.42 |                    0.11 |    762 |    52.4506 |
|        1 |        126 |          1140.10 |      1129.47 |      1202.40 |                 15.35 |                    0.17 |    763 |    52.5203 |
|        1 |        127 |          1140.10 |      1129.47 |      1195.40 |                  9.73 |                    0.12 |    763 |    52.6650 |
|        1 |        128 |          1140.10 |      1129.47 |      1163.91 |                 11.75 |                    0.21 |    765 |    52.8575 |
|        1 |        129 |          1140.10 |      1129.47 |      1172.00 |                  6.55 |                    0.10 |    765 |    52.9416 |
|        1 |        130 |          1140.10 |      1129.47 |      1157.92 |                  8.04 |                    0.14 |    766 |    53.0201 |
|        1 |        131 |          1140.10 |      1129.47 |      1175.96 |                  7.84 |                    0.12 |    767 |    53.1122 |
|        1 |        132 |          1140.10 |      1129.47 |      1160.52 |                  5.45 |                    0.11 |    767 |    53.3426 |
|        1 |        133 |          1140.10 |      1129.47 |      1159.69 |                 12.32 |                    0.25 |    767 |    53.4295 |
|        1 |        134 |          1140.10 |      1129.47 |      1176.70 |                 12.61 |                    0.22 |    768 |    53.5246 |
|        1 |        135 |          1140.10 |      1129.47 |      1175.08 |                  8.72 |                    0.10 |    770 |    53.6547 |
|        1 |        136 |          1140.10 |      1129.47 |      1178.81 |                  8.09 |                    0.11 |    771 |    53.7493 |
|        1 |        137 |          1140.10 |      1129.47 |      1187.00 |                 12.34 |                    0.20 |    774 |    53.8926 |
|        1 |        138 |          1140.10 |      1129.47 |      1217.60 |                  8.39 |                    0.13 |    778 |    53.9981 |
|        1 |        139 |          1140.10 |      1129.47 |      1180.13 |                 11.80 |                    0.19 |    781 |    54.2057 |
|        1 |        140 |          1140.10 |      1129.47 |      1172.51 |                  5.86 |                    0.10 |    783 |    54.4110 |
|        1 |        141 |          1140.10 |      1129.47 |      1204.88 |                  8.95 |                    0.21 |    787 |    54.5144 |
|        1 |        142 |          1140.10 |      1129.47 |      1172.12 |                  8.04 |                    0.19 |    791 |    54.6471 |
|        1 |        143 |          1140.10 |      1129.47 |      1172.76 |                  5.69 |                    0.14 |    791 |    54.7293 |
|        1 |        144 |          1140.10 |      1129.47 |      1173.24 |                  8.11 |                    0.19 |    793 |    54.8196 |
|        1 |        145 |          1140.10 |      1129.47 |      1172.64 |                 20.27 |                    0.48 |    794 |    54.8915 |
|        1 |        146 |          1140.10 |      1129.47 |      1159.17 |                  7.15 |                    0.17 |    795 |    55.0906 |
|        1 |        147 |          1140.10 |      1129.47 |      1158.31 |                  9.29 |                    0.22 |    798 |    55.2168 |
|        1 |        148 |          1140.10 |      1129.47 |      1162.06 |                  4.85 |                    0.13 |    799 |    55.3782 |
|        1 |        149 |          1140.10 |      1129.47 |      1159.79 |                  4.55 |                    0.12 |    799 |    55.4401 |
|        1 |        150 |          1140.10 |      1129.47 |      1160.83 |                  6.11 |                    0.17 |    799 |    55.5268 |
|        1 |        151 |          1140.10 |      1129.47 |      1167.32 |                  9.64 |                    0.26 |    799 |    55.5915 |
|        1 |        152 |          1140.10 |      1129.47 |      1209.13 |                  7.62 |                    0.21 |    799 |    55.6720 |
|        1 |        153 |          1140.10 |      1129.47 |      1199.25 |                 11.31 |                    0.31 |    799 |    55.7546 |
|        1 |        154 |          1140.10 |      1129.47 |      1163.70 |                  5.31 |                    0.14 |    801 |    55.8586 |
|        1 |        155 |          1140.10 |      1129.47 |      1159.74 |                  8.05 |                    0.22 |    801 |    55.9306 |
|        1 |        156 |          1140.10 |      1129.47 |      1149.70 |                  5.37 |                    0.15 |    802 |    56.0359 |
|        1 |        157 |          1140.10 |      1129.47 |      1205.53 |                  4.63 |                    0.12 |    803 |    56.2326 |
|        1 |        158 |          1140.10 |      1129.47 |      1163.31 |                 12.64 |                    0.32 |    803 |    56.3113 |
|        1 |        159 |          1140.10 |      1129.47 |      1178.10 |                  8.41 |                    0.19 |    807 |    56.4530 |
|        1 |        160 |          1140.10 |      1129.47 |      1178.50 |                  6.39 |                    0.14 |    808 |    56.5275 |
|        1 |        161 |          1140.10 |      1129.47 |      1168.60 |                 10.17 |                    0.20 |    810 |    56.6225 |
|        1 |        162 |          1140.10 |      1129.47 |      1168.60 |                 13.00 |                    0.26 |    810 |    56.6877 |
|        1 |        163 |          1140.10 |      1129.47 |      1168.60 |                  4.86 |                    0.10 |    810 |    56.7759 |
|        1 |        164 |          1140.10 |      1129.47 |      1164.90 |                 12.24 |                    0.24 |    811 |    56.9110 |
|        1 |        165 |          1140.10 |      1129.47 |      1180.80 |                  4.94 |                    0.10 |    813 |    57.0428 |
|        1 |        166 |          1140.10 |      1129.47 |      1178.00 |                  8.60 |                    0.18 |    814 |    57.1344 |
|        1 |        167 |          1140.10 |      1129.47 |      1180.80 |                 10.77 |                    0.10 |    814 |    57.2231 |
|        1 |        168 |          1140.10 |      1129.47 |      1180.80 |                  5.21 |                    0.10 |    814 |    57.3058 |
|        1 |        169 |          1140.10 |      1129.47 |      1166.02 |                  8.69 |                    0.19 |    815 |    57.4695 |
|        1 |        170 |          1140.10 |      1129.47 |      1169.91 |                  8.43 |                    0.17 |    816 |    57.6494 |
|        1 |        171 |          1140.10 |      1129.47 |      1173.68 |                 18.12 |                    0.36 |    816 |    57.7387 |
|        1 |        172 |          1140.10 |      1129.47 |      1154.90 |                 12.82 |                    0.25 |    817 |    57.8484 |
|        1 |        173 |          1140.10 |      1129.47 |      1166.40 |                 10.83 |                    0.21 |    817 |    58.0033 |
|        1 |        174 |          1140.10 |      1129.47 |      1166.40 |                  8.99 |                    0.18 |    817 |    58.0961 |
|        1 |        175 |          1140.10 |      1129.47 |      1168.30 |                  6.24 |                    0.12 |    817 |    58.1919 |
|        1 |        176 |          1140.10 |      1129.47 |      1137.87 |                  9.71 |                    0.19 |    817 |    58.3151 |
|        1 |        177 |          1140.10 |      1129.47 |      1150.78 |                 16.25 |                    0.31 |    817 |    58.4016 |
|        1 |        178 |          1140.10 |      1129.47 |      1162.26 |                 12.34 |                    0.24 |    818 |    58.4839 |
|        1 |        179 |          1140.10 |      1129.47 |      1172.10 |                  7.82 |                    0.15 |    819 |    58.6121 |
|        1 |        180 |          1140.10 |      1129.47 |      1152.47 |                 11.24 |                    0.17 |    819 |    58.7355 |
|        1 |        181 |          1140.10 |      1129.47 |      1152.40 |                 14.95 |                    0.18 |    820 |    58.8644 |
|        1 |        182 |          1140.10 |      1129.47 |      1147.30 |                  6.04 |                    0.10 |    820 |    58.9588 |
|        1 |        183 |          1140.10 |      1129.47 |      1147.27 |                  8.11 |                    0.18 |    820 |    59.0678 |
|        1 |        184 |          1140.10 |      1129.47 |      1172.70 |                 12.03 |                    0.23 |    820 |    59.1650 |
|        1 |        185 |          1140.10 |      1129.47 |      1171.10 |                 15.20 |                    0.30 |    820 |    59.2687 |
|        1 |        186 |          1140.10 |      1129.47 |      1171.10 |                 12.36 |                    0.24 |    820 |    59.3746 |
|        1 |        187 |          1140.10 |      1129.47 |      1175.10 |                  6.49 |                    0.13 |    820 |    59.4613 |
|        1 |        188 |          1140.10 |      1129.47 |      1159.91 |                  6.75 |                    0.15 |    821 |    59.6300 |
|        1 |        189 |          1140.10 |      1129.47 |      1186.98 |                 10.02 |                    0.22 |    822 |    59.7058 |
|        1 |        190 |          1140.10 |      1129.47 |      1183.79 |                 10.86 |                    0.10 |    824 |    59.8575 |
|        1 |        191 |          1140.10 |      1129.47 |      1178.13 |                  8.00 |                    0.10 |    824 |    59.9499 |
------------------------------------------------------------------------------------------------------------------------------------------------
|  Restart |  Iteration |  Best Feas. Cost |    Best Cost |   Curr. Cost |   Penalty Custom Res. |   Penalty Standard Res. |   Pool |   Time (s) |
------------------------------------------------------------------------------------------------------------------------------------------------
|        1 |        192 |          1140.10 |      1129.47 |      1177.45 |                 11.87 |                    0.11 |    824 |    60.0299 |
|        1 |        193 |          1140.10 |      1129.47 |      1171.44 |                 10.20 |                    0.10 |    824 |    60.2182 |
|        1 |        194 |          1140.10 |      1129.47 |      1171.60 |                 10.65 |                    0.11 |    824 |    60.3125 |
|        1 |        195 |          1140.10 |      1129.47 |      1171.63 |                  6.56 |                    0.10 |    824 |    60.3897 |
|        1 |        196 |          1140.10 |      1129.47 |      1159.38 |                 11.75 |                    0.13 |    824 |    60.5109 |
|        1 |        197 |          1140.10 |      1129.47 |      1163.50 |                 12.13 |                    0.12 |    824 |    60.6311 |
|        1 |        198 |          1140.10 |      1129.47 |      1163.81 |                  9.28 |                    0.11 |    824 |    60.7496 |
|        1 |        199 |          1140.10 |      1129.47 |      1169.65 |                 10.72 |                    0.10 |    824 |    60.8317 |
|        1 |        200 |          1140.10 |      1129.47 |      1171.80 |                 22.52 |                    0.24 |    824 |    60.9513 |
|        1 |        201 |          1140.10 |      1129.47 |      1166.30 |                  7.73 |                    0.10 |    826 |    61.0857 |
|        1 |        202 |          1140.10 |      1129.47 |      1166.94 |                  5.69 |                    0.12 |    826 |    61.1873 |
|        1 |        203 |          1140.10 |      1129.47 |      1165.60 |                 13.93 |                    0.29 |    828 |    61.2542 |
|        1 |        204 |          1140.10 |      1129.47 |      1175.80 |                 12.42 |                    0.26 |    828 |    61.3271 |
|        1 |        205 |          1140.10 |      1129.47 |      1169.30 |                  5.77 |                    0.10 |    831 |    61.4693 |
|        1 |        206 |          1140.10 |      1129.47 |      1174.93 |                 15.75 |                    0.28 |    833 |    61.5536 |
|        1 |        207 |          1140.10 |      1129.47 |      1189.00 |                 10.69 |                    0.19 |    837 |    61.6781 |
|        1 |        208 |          1140.10 |      1129.47 |      1173.75 |                 14.84 |                    0.24 |    838 |    61.8617 |
|        1 |        209 |          1140.10 |      1129.47 |      1207.95 |                  8.86 |                    0.14 |    839 |    61.9476 |
|        1 |        210 |          1140.10 |      1129.47 |      1186.47 |                 13.43 |                    0.22 |    839 |    62.0152 |
|        1 |        211 |          1140.10 |      1129.47 |      1202.53 |                 11.98 |                    0.19 |    839 |    62.0890 |
|        1 |        212 |          1140.10 |      1129.47 |      1222.26 |                 13.32 |                    0.22 |    839 |    62.1486 |
|        1 |        213 |          1140.10 |      1129.47 |      1172.17 |                 10.35 |                    0.14 |    843 |    62.4989 |
|        1 |        214 |          1140.10 |      1129.47 |      1168.00 |                  5.15 |                    0.11 |    843 |    62.6155 |
|        1 |        215 |          1140.10 |      1129.47 |      1165.81 |                  7.20 |                    0.18 |    843 |    62.7147 |
|        1 |        216 |          1140.10 |      1129.47 |      1186.04 |                 13.45 |                    0.34 |    843 |    62.7945 |
|        1 |        217 |          1140.10 |      1129.47 |      1142.88 |                  6.35 |                    0.11 |    846 |    62.9562 |
|        1 |          0 |          1132.80 |      1129.47 |      1132.80 |                  6.34 |                    0.13 |    846 |    63.1550 |
|        1 |          1 |          1132.80 |      1129.47 |      1132.80 |                  6.12 |                    0.13 |    846 |    63.2376 |
|        1 |          2 |          1132.80 |      1129.47 |      1132.80 |                  6.73 |                    0.11 |    846 |    63.3085 |
|        1 |          3 |          1132.80 |      1129.47 |      1132.28 |                 13.04 |                    0.30 |    849 |    63.4507 |
|        1 |          4 |          1132.80 |      1129.47 |      1141.40 |                  9.89 |                    0.17 |    850 |    63.5574 |
|        1 |          5 |          1132.80 |      1129.47 |      1178.40 |                  9.62 |                    0.16 |    853 |    63.6582 |
|        1 |          6 |          1132.80 |      1129.47 |      1170.90 |                  8.15 |                    0.14 |    853 |    63.7616 |
|        1 |          7 |          1132.80 |      1123.82 |      1123.82 |                 12.43 |                    0.26 |    853 |    63.8835 |
|        1 |          8 |          1132.80 |      1123.82 |      1170.40 |                  6.76 |                    0.13 |    853 |    64.0121 |
|        1 |          9 |          1132.80 |      1123.82 |      1151.54 |                  8.46 |                    0.18 |    853 |    64.1138 |
|        1 |         10 |          1132.80 |      1123.82 |      1168.50 |                  8.76 |                    0.18 |    853 |    64.2035 |
|        1 |         11 |          1132.80 |      1123.82 |      1152.13 |                 10.70 |                    0.19 |    853 |    64.3476 |
|        1 |         12 |          1132.80 |      1123.82 |      1146.80 |                  5.84 |                    0.10 |    853 |    64.4382 |
|        1 |         13 |          1132.80 |      1123.82 |      1134.69 |                 10.99 |                    0.24 |    854 |    64.5493 |
|        1 |         14 |          1132.80 |      1123.82 |      1156.70 |                  5.65 |                    0.12 |    855 |    64.6252 |
|        1 |         15 |          1132.80 |      1123.82 |      1165.60 |                  8.23 |                    0.18 |    855 |    64.6877 |
|        1 |         16 |          1132.80 |      1123.82 |      1174.30 |                 10.41 |                    0.23 |    857 |    65.0352 |
|        1 |         17 |          1132.80 |      1123.82 |      1166.90 |                  6.93 |                    0.15 |    859 |    65.1577 |
|        1 |         18 |          1132.80 |      1123.82 |      1166.90 |                  6.63 |                    0.15 |    859 |    65.2380 |
|        1 |         19 |          1132.80 |      1123.82 |      1166.90 |                 10.35 |                    0.24 |    859 |    65.3029 |
|        1 |         20 |          1132.80 |      1123.82 |      1166.90 |                  5.38 |                    0.12 |    859 |    65.4124 |
|        1 |         21 |          1132.80 |      1123.82 |      1188.30 |                  9.09 |                    0.21 |    860 |    65.4939 |
|        1 |         22 |          1132.80 |      1123.82 |      1188.30 |                  4.06 |                    0.11 |    860 |    65.5908 |
|        1 |         23 |          1132.80 |      1123.82 |      1191.30 |                  9.45 |                    0.23 |    861 |    65.6838 |
|        1 |         24 |          1132.80 |      1123.82 |      1172.30 |                  4.91 |                    0.12 |    861 |    65.7588 |
|        1 |         25 |          1132.80 |      1123.82 |      1191.57 |                 15.12 |                    0.35 |    863 |    65.8623 |
|        1 |         26 |          1132.80 |      1123.82 |      1171.84 |                  6.41 |                    0.10 |    866 |    66.1464 |
|        1 |         27 |          1132.80 |      1123.82 |      1163.11 |                 10.55 |                    0.12 |    867 |    66.3496 |
|        1 |         28 |          1132.80 |      1123.82 |      1179.60 |                  8.26 |                    0.13 |    868 |    66.4455 |
|        1 |         29 |          1132.80 |      1123.82 |      1197.25 |                 10.87 |                    0.17 |    870 |    66.5649 |
|        1 |         30 |          1132.80 |      1123.82 |      1181.20 |                  7.63 |                    0.12 |    870 |    66.6644 |
|        1 |         31 |          1132.80 |      1123.82 |      1160.57 |                  5.85 |                    0.11 |    870 |    66.7564 |
|        1 |         32 |          1132.80 |      1123.82 |      1162.32 |                  9.80 |                    0.19 |    870 |    66.8307 |
|        1 |         33 |          1132.80 |      1123.82 |      1176.18 |                  6.88 |                    0.13 |    870 |    66.9345 |
|        1 |         34 |          1132.80 |      1123.82 |      1185.52 |                  6.02 |                    0.12 |    871 |    67.0218 |
|        1 |         35 |          1132.80 |      1123.82 |      1192.50 |                  6.52 |                    0.12 |    872 |    67.1684 |
|        1 |         36 |          1132.80 |      1123.82 |      1189.30 |                  5.36 |                    0.12 |    872 |    67.2878 |
|        1 |         37 |          1132.80 |      1123.82 |      1189.01 |                 10.21 |                    0.23 |    872 |    67.3718 |
|        1 |         38 |          1132.80 |      1123.82 |      1181.68 |                  5.78 |                    0.12 |    874 |    67.5128 |
|        1 |         39 |          1132.80 |      1123.82 |      1175.43 |                 10.68 |                    0.14 |    874 |    67.6118 |
|        1 |         40 |          1132.80 |      1123.82 |      1182.46 |                  8.87 |                    0.12 |    875 |    67.7000 |
|        1 |         41 |          1132.80 |      1123.82 |      1174.03 |                  9.47 |                    0.12 |    875 |    67.7998 |
|        1 |         42 |          1132.80 |      1123.82 |      1174.79 |                 14.79 |                    0.19 |    875 |    67.8868 |
|        1 |         43 |          1132.80 |      1123.82 |      1165.80 |                  6.81 |                    0.10 |    875 |    67.9789 |
|        1 |         44 |          1132.80 |      1123.82 |      1143.03 |                  8.78 |                    0.20 |    875 |    68.0741 |
|        1 |         45 |          1132.80 |      1123.82 |      1175.23 |                 17.92 |                    0.41 |    876 |    68.1665 |
|        1 |         46 |          1132.80 |      1123.82 |      1178.10 |                  7.82 |                    0.15 |    878 |    68.3243 |
|        1 |         47 |          1132.80 |      1123.82 |      1157.70 |                  7.62 |                    0.15 |    882 |    68.7220 |
|        1 |         48 |          1132.80 |      1123.82 |      1138.79 |                  8.03 |                    0.15 |    884 |    68.8485 |
|        1 |         49 |          1132.80 |      1123.82 |      1144.35 |                 12.29 |                    0.22 |    884 |    68.9341 |
|        1 |         50 |          1132.80 |      1123.82 |      1145.40 |                 23.41 |                    0.43 |    884 |    69.0192 |
|        1 |         51 |          1132.80 |      1123.82 |      1144.60 |                  7.22 |                    0.13 |    884 |    69.1256 |
|        1 |         52 |          1132.80 |      1123.82 |      1187.80 |                  9.08 |                    0.16 |    886 |    69.3122 |
|        1 |         53 |          1132.80 |      1123.82 |      1167.99 |                  6.68 |                    0.12 |    887 |    69.4278 |
|        1 |         54 |          1132.80 |      1123.82 |      1197.54 |                 13.54 |                    0.23 |    891 |    69.6588 |
|        1 |         55 |          1132.80 |      1123.82 |      1199.10 |                  8.48 |                    0.15 |    894 |    69.7871 |
|        1 |         56 |          1132.80 |      1123.82 |      1196.63 |                  9.90 |                    0.17 |    895 |    69.8731 |
|        1 |         57 |          1132.80 |      1123.82 |      1201.44 |                 15.91 |                    0.27 |    895 |    69.9572 |
|        1 |         58 |          1132.80 |      1123.82 |      1200.80 |                  7.71 |                    0.13 |    897 |    70.0225 |
|        1 |         59 |          1132.80 |      1123.82 |      1192.99 |                  7.22 |                    0.12 |    898 |    70.1172 |
|        1 |         60 |          1132.80 |      1123.82 |      1186.33 |                 14.49 |                    0.25 |    902 |    70.1700 |
|        1 |         61 |          1132.80 |      1123.82 |      1226.83 |                 17.27 |                    0.30 |    903 |    70.2369 |
|        1 |         62 |          1132.80 |      1123.82 |      1181.14 |                  6.88 |                    0.12 |    905 |    70.4008 |
|        1 |         63 |          1132.80 |      1123.82 |      1230.66 |                  8.51 |                    0.15 |    910 |    70.5130 |
|        1 |         64 |          1132.80 |      1123.82 |      1213.30 |                  7.10 |                    0.12 |    916 |    70.6839 |
|        1 |         65 |          1132.80 |      1123.82 |      1201.17 |                 16.05 |                    0.27 |    918 |    70.7573 |
|        1 |         66 |          1132.80 |      1123.82 |      1213.40 |                 10.08 |                    0.17 |    919 |    70.8379 |
|        1 |         67 |          1132.80 |      1123.82 |      1210.20 |                  5.85 |                    0.10 |    919 |    70.9120 |
|        1 |         68 |          1132.80 |      1123.82 |      1167.05 |                 13.33 |                    0.23 |    919 |    71.0166 |
|        1 |         69 |          1132.80 |      1123.82 |      1184.00 |                  7.73 |                    0.13 |    920 |    71.1351 |
|        1 |         70 |          1132.80 |      1123.82 |      1184.00 |                  7.39 |                    0.13 |    920 |    71.2080 |
|        1 |         71 |          1132.80 |      1123.82 |      1184.70 |                  9.35 |                    0.16 |    922 |    71.3073 |
|        1 |         72 |          1132.80 |      1123.82 |      1182.07 |                  6.35 |                    0.11 |    922 |    71.4356 |
|        1 |         73 |          1132.80 |      1123.82 |      1189.00 |                  7.48 |                    0.13 |    924 |    71.5502 |
|        1 |         74 |          1132.80 |      1123.82 |      1207.15 |                 10.72 |                    0.20 |    926 |    71.7019 |
|        1 |         75 |          1132.80 |      1123.82 |      1250.58 |                 11.78 |                    0.22 |    929 |    71.8441 |
|        1 |         76 |          1132.80 |      1123.82 |      1247.90 |                 14.23 |                    0.26 |    932 |    71.9990 |
|        1 |         77 |          1132.80 |      1123.82 |      1232.50 |                 16.42 |                    0.30 |    932 |    72.1189 |
|        1 |         78 |          1132.80 |      1123.82 |      1205.17 |                 13.04 |                    0.24 |    935 |    72.2736 |
|        1 |         79 |          1132.80 |      1123.82 |      1213.92 |                 11.12 |                    0.20 |    936 |    72.4211 |
|        1 |         80 |          1132.80 |      1123.82 |      1207.70 |                  6.58 |                    0.12 |    940 |    72.5069 |
|        1 |         81 |          1132.80 |      1123.82 |      1191.08 |                  7.51 |                    0.14 |    940 |    72.6253 |
|        1 |         82 |          1132.80 |      1123.82 |      1174.47 |                 16.66 |                    0.30 |    941 |    72.6949 |
|        1 |         83 |          1132.80 |      1123.82 |      1171.20 |                  6.70 |                    0.12 |    941 |    72.8890 |
|        1 |         84 |          1132.80 |      1123.82 |      1143.60 |                  9.72 |                    0.21 |    942 |    73.0198 |
|        1 |         85 |          1132.80 |      1123.82 |      1157.90 |                  5.20 |                    0.11 |    943 |    73.1147 |
|        1 |         86 |          1132.80 |      1123.82 |      1132.92 |                  9.98 |                    0.25 |    945 |    73.2727 |
|        1 |         87 |          1132.80 |      1123.82 |      1166.50 |                  4.11 |                    0.10 |    947 |    73.4161 |
|        1 |         88 |          1132.80 |      1123.82 |      1153.26 |                 14.39 |                    0.37 |    947 |    73.5192 |
|        1 |         89 |          1132.80 |      1123.82 |      1214.00 |                 14.46 |                    0.37 |    948 |    73.6010 |
|        1 |         90 |          1132.80 |      1123.82 |      1223.70 |                 11.28 |                    0.29 |    953 |    73.7498 |
|        1 |         91 |          1132.80 |      1123.82 |      1139.27 |                 13.79 |                    0.35 |    953 |    73.8946 |
|        1 |         92 |          1132.80 |      1123.82 |      1187.68 |                 30.84 |                    0.79 |    953 |    73.9820 |
|        1 |         93 |          1132.80 |      1123.82 |      1202.90 |                  8.74 |                    0.12 |    953 |    74.3308 |
|        1 |         94 |          1132.80 |      1123.82 |      1203.86 |                  6.89 |                    0.10 |    955 |    74.4831 |
|        1 |         95 |          1132.80 |      1123.82 |      1196.43 |                  7.13 |                    0.10 |    955 |    74.5715 |
|        1 |         96 |          1132.80 |      1123.82 |      1182.70 |                 14.23 |                    0.15 |    956 |    74.7332 |
|        1 |         97 |          1132.80 |      1123.82 |      1183.18 |                  8.18 |                    0.13 |    958 |    74.9416 |
|        1 |         98 |          1132.80 |      1123.82 |      1184.80 |                 11.78 |                    0.19 |    959 |    75.0336 |
|        1 |         99 |          1132.80 |      1123.82 |      1183.10 |                 11.87 |                    0.26 |    959 |    75.2631 |
|        1 |        100 |          1132.80 |      1123.82 |      1179.51 |                 11.41 |                    0.25 |    960 |    75.4203 |
|        1 |        101 |          1132.80 |      1123.82 |      1197.10 |                  6.17 |                    0.14 |    962 |    75.4899 |
|        1 |        102 |          1132.80 |      1123.82 |      1196.20 |                  7.00 |                    0.15 |    962 |    75.5660 |
|        1 |        103 |          1132.80 |      1123.82 |      1177.20 |                  7.34 |                    0.16 |    962 |    75.7460 |
|        1 |        104 |          1132.80 |      1123.82 |      1177.20 |                  7.76 |                    0.16 |    962 |    75.8088 |
|        1 |        105 |          1132.80 |      1123.82 |      1177.20 |                  8.12 |                    0.17 |    962 |    75.8900 |
|        1 |        106 |          1132.80 |      1123.82 |      1176.13 |                 11.77 |                    0.25 |    963 |    76.0278 |
|        1 |        107 |          1132.80 |      1123.82 |      1177.80 |                 14.29 |                    0.31 |    963 |    76.1231 |
|        1 |        108 |          1132.80 |      1123.82 |      1182.40 |                 19.89 |                    0.43 |    964 |    76.2590 |
|        1 |        109 |          1132.80 |      1123.82 |      1201.20 |                  9.49 |                    0.20 |    965 |    76.4078 |
|        1 |        110 |          1132.80 |      1123.82 |      1194.62 |                  7.61 |                    0.10 |    967 |    76.5703 |
|        1 |        111 |          1132.80 |      1123.82 |      1191.99 |                 21.00 |                    0.27 |    968 |    76.6505 |
|        1 |        112 |          1132.80 |      1123.82 |      1177.20 |                 20.30 |                    0.26 |    969 |    76.7091 |
|        1 |        113 |          1132.80 |      1123.82 |      1177.20 |                  8.90 |                    0.10 |    969 |    76.7807 |
|        1 |        114 |          1132.80 |      1123.82 |      1184.50 |                  8.72 |                    0.18 |    969 |    76.9476 |
|        1 |        115 |          1132.80 |      1123.82 |      1173.30 |                  5.56 |                    0.10 |    971 |    77.0959 |
|        1 |        116 |          1132.80 |      1123.82 |      1173.28 |                  8.74 |                    0.19 |    976 |    77.2210 |
|        1 |        117 |          1132.80 |      1123.82 |      1200.20 |                 15.03 |                    0.33 |    981 |    77.3366 |
|        1 |        118 |          1132.80 |      1123.82 |      1200.20 |                 10.13 |                    0.22 |    981 |    77.4206 |
|        1 |        119 |          1132.80 |      1123.82 |      1167.70 |                 11.62 |                    0.26 |    986 |    77.6283 |
|        1 |        120 |          1132.80 |      1123.82 |      1184.30 |                  6.59 |                    0.14 |    988 |    77.7421 |
|        1 |        121 |          1132.80 |      1123.82 |      1183.86 |                  8.67 |                    0.14 |    989 |    77.8215 |
|        1 |        122 |          1132.80 |      1123.82 |      1182.60 |                 11.41 |                    0.18 |    990 |    77.9099 |
|        1 |        123 |          1132.80 |      1123.82 |      1182.60 |                  7.55 |                    0.12 |    990 |    77.9751 |
|        1 |        124 |          1132.80 |      1123.82 |      1182.60 |                  6.15 |                    0.11 |    990 |    78.0571 |
|        1 |        125 |          1132.80 |      1123.82 |      1177.60 |                 11.54 |                    0.17 |    991 |    78.2192 |
|        1 |        126 |          1132.80 |      1123.82 |      1197.40 |                  6.96 |                    0.11 |    993 |    78.3066 |
|        1 |        127 |          1132.80 |      1123.82 |      1167.24 |                  9.03 |                    0.23 |    994 |    78.4746 |
|        1 |        128 |          1132.80 |      1123.82 |      1187.00 |                  5.23 |                    0.12 |    996 |    78.5662 |
|        1 |        129 |          1132.80 |      1123.82 |      1165.40 |                  5.75 |                    0.13 |    996 |    78.6590 |
|        1 |        130 |          1132.80 |      1123.82 |      1165.40 |                  8.27 |                    0.19 |    996 |    78.7537 |
|        1 |        131 |          1132.80 |      1123.82 |      1168.10 |                  4.13 |                    0.10 |    996 |    78.8144 |
|        1 |        132 |          1132.80 |      1123.82 |      1157.87 |                 10.20 |                    0.19 |    998 |    78.9134 |
|        1 |        133 |          1132.80 |      1123.82 |      1160.58 |                 13.01 |                    0.22 |    998 |    79.0151 |
|        1 |        134 |          1132.80 |      1123.82 |      1189.30 |                  9.60 |                    0.10 |   1001 |    79.0799 |
|        1 |        135 |          1132.80 |      1123.82 |      1180.19 |                 16.42 |                    0.15 |   1001 |    79.2708 |
|        1 |        136 |          1132.80 |      1123.82 |      1204.10 |                  6.98 |                    0.11 |   1004 |    79.3550 |
|        1 |        137 |          1132.80 |      1123.82 |      1184.57 |                  8.29 |                    0.15 |   1006 |    79.4770 |
|        1 |        138 |          1132.80 |      1123.82 |      1196.17 |                 27.09 |                    0.40 |   1008 |    79.5679 |
|        1 |        139 |          1132.80 |      1123.82 |      1172.40 |                  9.29 |                    0.14 |   1008 |    79.7135 |
|        1 |        140 |          1132.80 |      1123.82 |      1179.59 |                 10.83 |                    0.10 |   1009 |    79.8175 |
|        1 |        141 |          1132.80 |      1123.82 |      1157.07 |                 10.73 |                    0.10 |   1010 |    79.9686 |
------------------------------------------------------------------------------------------------------------------------------------------------
|  Restart |  Iteration |  Best Feas. Cost |    Best Cost |   Curr. Cost |   Penalty Custom Res. |   Penalty Standard Res. |   Pool |   Time (s) |
------------------------------------------------------------------------------------------------------------------------------------------------
|        1 |        142 |          1132.80 |      1123.82 |      1160.30 |                 14.68 |                    0.14 |   1011 |    80.0589 |
|        1 |        143 |          1132.80 |      1123.82 |      1160.50 |                 10.38 |                    0.10 |   1011 |    80.1552 |
|        1 |        144 |          1132.80 |      1123.82 |      1160.48 |                 22.33 |                    0.21 |   1011 |    80.2243 |
|        1 |        145 |          1132.80 |      1123.82 |      1154.60 |                  7.31 |                    0.10 |   1011 |    80.3251 |
|        1 |        146 |          1132.80 |      1123.82 |      1152.03 |                 10.52 |                    0.10 |   1011 |    80.4407 |
|        1 |        147 |          1132.80 |      1123.82 |      1153.91 |                 10.15 |                    0.10 |   1011 |    80.5363 |
|        1 |        148 |          1132.80 |      1123.82 |      1155.40 |                  8.27 |                    0.15 |   1011 |    80.6150 |
|        1 |        149 |          1132.80 |      1123.82 |      1153.80 |                 18.31 |                    0.33 |   1011 |    80.6849 |
|        1 |        150 |          1132.80 |      1123.82 |      1153.80 |                 10.93 |                    0.18 |   1011 |    80.7727 |
|        1 |        151 |          1132.80 |      1123.82 |      1153.80 |                  4.93 |                    0.11 |   1011 |    80.8633 |
|        1 |        152 |          1132.80 |      1123.82 |      1156.30 |                 11.57 |                    0.25 |   1011 |    80.9834 |
|        1 |        153 |          1132.80 |      1123.82 |      1178.60 |                  8.49 |                    0.18 |   1013 |    81.1321 |
|        1 |        154 |          1132.80 |      1123.82 |      1178.60 |                  8.03 |                    0.16 |   1013 |    81.2375 |
|        1 |        155 |          1132.80 |      1123.82 |      1182.10 |                  7.29 |                    0.10 |   1015 |    81.3233 |
|        1 |        156 |          1132.80 |      1123.82 |      1178.60 |                 11.59 |                    0.10 |   1015 |    81.4328 |
|        1 |        157 |          1132.80 |      1123.82 |      1157.90 |                 10.22 |                    0.17 |   1015 |    81.5241 |
|        1 |        158 |          1132.80 |      1123.82 |      1162.80 |                 12.92 |                    0.21 |   1016 |    81.6230 |
|        1 |        159 |          1132.80 |      1123.82 |      1163.10 |                 15.01 |                    0.25 |   1017 |    81.8581 |
|        1 |        160 |          1132.80 |      1123.82 |      1158.92 |                 11.68 |                    0.13 |   1018 |    82.0257 |
|        1 |        161 |          1132.80 |      1123.82 |      1152.93 |                 10.81 |                    0.10 |   1018 |    82.1638 |
|        1 |        162 |          1132.80 |      1123.82 |      1153.10 |                  6.72 |                    0.10 |   1018 |    82.2578 |
|        1 |        163 |          1132.80 |      1123.82 |      1149.73 |                 13.19 |                    0.13 |   1018 |    82.3391 |
|        1 |        164 |          1132.80 |      1123.82 |      1161.20 |                  8.54 |                    0.10 |   1020 |    82.4246 |
|        1 |        165 |          1132.80 |      1123.82 |      1156.80 |                  4.83 |                    0.12 |   1022 |    82.5767 |
|        1 |        166 |          1132.80 |      1123.82 |      1152.41 |                 11.57 |                    0.25 |   1024 |    82.7147 |
|        1 |        167 |          1132.80 |      1123.82 |      1152.70 |                 15.38 |                    0.30 |   1025 |    82.7961 |
|        1 |        168 |          1132.80 |      1123.82 |      1161.00 |                 27.63 |                    0.54 |   1026 |    82.8769 |
|        1 |        169 |          1132.80 |      1123.82 |      1152.70 |                  7.33 |                    0.14 |   1026 |    82.9836 |
|        1 |        170 |          1132.80 |      1123.82 |      1150.00 |                  6.67 |                    0.13 |   1026 |    83.0498 |
|        1 |        171 |          1132.80 |      1123.82 |      1148.34 |                 13.24 |                    0.19 |   1026 |    83.1190 |
|        1 |        172 |          1132.80 |      1123.82 |      1221.59 |                  9.65 |                    0.14 |   1030 |    83.2203 |
|        1 |        173 |          1132.80 |      1123.82 |      1207.40 |                 11.72 |                    0.19 |   1031 |    83.3129 |
|        1 |        174 |          1132.80 |      1123.82 |      1199.10 |                  5.09 |                    0.10 |   1031 |    83.3953 |
|        1 |        175 |          1132.80 |      1123.82 |      1199.30 |                  4.67 |                    0.10 |   1032 |    83.4859 |
|        1 |        176 |          1132.80 |      1123.82 |      1179.43 |                  5.55 |                    0.12 |   1032 |    83.6582 |
|        1 |        177 |          1132.80 |      1123.82 |      1178.81 |                  9.20 |                    0.20 |   1033 |    83.7516 |
|        1 |        178 |          1132.80 |      1123.82 |      1184.58 |                 12.61 |                    0.28 |   1034 |    83.8309 |
|        1 |        179 |          1132.80 |      1123.82 |      1186.40 |                  7.60 |                    0.17 |   1034 |    83.9323 |
|        1 |        180 |          1132.80 |      1123.82 |      1144.00 |                  9.97 |                    0.27 |   1036 |    84.0906 |
|        1 |        181 |          1132.80 |      1123.82 |      1206.00 |                  7.86 |                    0.22 |   1042 |    84.2185 |
|        1 |        182 |          1132.80 |      1123.82 |      1197.90 |                  4.78 |                    0.11 |   1042 |    84.3315 |
|        1 |        183 |          1132.80 |      1123.82 |      1165.87 |                 10.80 |                    0.25 |   1043 |    84.4343 |
|        1 |        184 |          1132.80 |      1123.82 |      1199.50 |                 20.18 |                    0.48 |   1045 |    84.5467 |
|        1 |        185 |          1132.80 |      1123.82 |      1192.50 |                  6.08 |                    0.11 |   1045 |    84.7137 |
|        1 |        186 |          1132.80 |      1123.82 |      1174.22 |                 10.44 |                    0.18 |   1045 |    84.8749 |
|        1 |        187 |          1132.80 |      1123.82 |      1186.17 |                 10.01 |                    0.10 |   1047 |    85.0860 |
|        1 |        188 |          1132.80 |      1123.82 |      1196.30 |                 10.99 |                    0.11 |   1048 |    85.2010 |
|        1 |        189 |          1132.80 |      1123.82 |      1170.34 |                  6.57 |                    0.10 |   1048 |    85.4401 |
|        1 |        190 |          1132.80 |      1123.82 |      1148.75 |                  8.32 |                    0.10 |   1048 |    85.5096 |
|        1 |        191 |          1132.80 |      1123.82 |      1169.20 |                  8.18 |                    0.10 |   1048 |    85.6282 |
|        1 |        192 |          1132.80 |      1123.82 |      1168.78 |                  7.07 |                    0.11 |   1048 |    85.7118 |
|        1 |        193 |          1132.80 |      1123.82 |      1167.68 |                  9.23 |                    0.10 |   1048 |    85.7758 |
|        1 |        194 |          1132.80 |      1123.82 |      1182.50 |                  5.76 |                    0.10 |   1048 |    85.9747 |
|        1 |        195 |          1132.80 |      1123.82 |      1154.46 |                  7.06 |                    0.10 |   1049 |    86.0795 |
|        1 |        196 |          1132.80 |      1123.82 |      1165.20 |                  9.00 |                    0.13 |   1051 |    86.2144 |
|        1 |        197 |          1132.80 |      1123.82 |      1165.20 |                  7.87 |                    0.12 |   1051 |    86.2868 |
|        1 |        198 |          1132.80 |      1123.82 |      1157.40 |                  5.68 |                    0.12 |   1052 |    86.3921 |
|        1 |        199 |          1132.80 |      1123.82 |      1157.37 |                 14.44 |                    0.30 |   1053 |    86.4986 |
|        1 |        200 |          1132.80 |      1123.82 |      1152.50 |                  7.73 |                    0.16 |   1054 |    86.5780 |
|        1 |        201 |          1132.80 |      1123.82 |      1151.86 |                 13.43 |                    0.28 |   1055 |    86.7006 |
|        1 |        202 |          1132.80 |      1123.82 |      1168.90 |                 15.98 |                    0.33 |   1056 |    86.7891 |
|        1 |        203 |          1132.80 |      1123.82 |      1162.80 |                 16.21 |                    0.33 |   1056 |    86.8908 |
|        1 |        204 |          1132.80 |      1123.82 |      1154.90 |                  5.47 |                    0.11 |   1056 |    86.9875 |
|        1 |        205 |          1132.80 |      1123.82 |      1171.18 |                 11.64 |                    0.24 |   1059 |    87.0696 |
|        1 |        206 |          1132.80 |      1123.82 |      1163.10 |                  8.83 |                    0.17 |   1059 |    87.1691 |
|        1 |        207 |          1132.80 |      1123.82 |      1160.00 |                  4.91 |                    0.10 |   1061 |    87.2742 |
|        1 |        208 |          1132.80 |      1123.82 |      1172.76 |                 15.73 |                    0.32 |   1063 |    87.3661 |
|        1 |        209 |          1132.80 |      1123.82 |      1179.70 |                  8.00 |                    0.10 |   1064 |    87.6451 |
|        1 |        210 |          1132.80 |      1123.82 |      1187.70 |                 13.08 |                    0.17 |   1066 |    87.7572 |
|        1 |        211 |          1132.80 |      1123.82 |      1197.00 |                  6.84 |                    0.10 |   1068 |    87.8946 |
|        1 |        212 |          1132.80 |      1123.82 |      1163.67 |                  4.92 |                    0.11 |   1069 |    88.0378 |
|        1 |        213 |          1132.80 |      1123.82 |      1170.60 |                 10.58 |                    0.23 |   1069 |    88.0987 |
|        1 |        214 |          1132.80 |      1123.82 |      1176.85 |                 10.00 |                    0.15 |   1069 |    88.1968 |
|        1 |        215 |          1132.80 |      1123.82 |      1186.21 |                  8.27 |                    0.19 |   1069 |    88.3483 |
|        1 |        216 |          1132.80 |      1123.82 |      1179.54 |                 15.41 |                    0.35 |   1069 |    88.4630 |
|        1 |        217 |          1132.80 |      1123.82 |      1182.48 |                  4.91 |                    0.11 |   1069 |    88.6912 |
|        1 |        218 |          1132.80 |      1123.82 |      1182.43 |                 14.08 |                    0.31 |   1069 |    88.8172 |
|        1 |        219 |          1132.80 |      1123.82 |      1198.70 |                  6.43 |                    0.14 |   1069 |    88.8874 |
|        1 |        220 |          1132.80 |      1123.82 |      1193.97 |                 12.74 |                    0.28 |   1072 |    88.9883 |
|        1 |        221 |          1132.80 |      1123.82 |      1196.60 |                  5.56 |                    0.12 |   1073 |    89.1357 |
|        1 |        222 |          1132.80 |      1123.82 |      1189.94 |                 18.35 |                    0.40 |   1073 |    89.2456 |
|        1 |        223 |          1132.80 |      1123.82 |      1196.90 |                  8.41 |                    0.17 |   1076 |    89.4308 |
|        1 |        224 |          1132.80 |      1123.82 |      1200.25 |                  6.11 |                    0.11 |   1079 |    89.6648 |
|        1 |        225 |          1132.80 |      1123.82 |      1197.39 |                  9.54 |                    0.10 |   1079 |    89.7280 |
|        1 |        226 |          1132.80 |      1123.82 |      1188.24 |                  8.99 |                    0.10 |   1079 |    89.8919 |
|        1 |        227 |          1132.80 |      1123.82 |      1191.10 |                  7.25 |                    0.10 |   1079 |    89.9903 |
|        1 |        228 |          1132.80 |      1123.82 |      1183.12 |                  8.02 |                    0.16 |   1079 |    90.1532 |
|        1 |        229 |          1132.80 |      1123.82 |      1194.98 |                 21.27 |                    0.43 |   1079 |    90.2385 |
|        1 |        230 |          1132.80 |      1123.82 |      1189.90 |                  6.62 |                    0.13 |   1079 |    90.3515 |
|        1 |        231 |          1132.80 |      1123.82 |      1190.10 |                 10.76 |                    0.20 |   1079 |    90.4239 |
|        1 |        232 |          1132.80 |      1123.82 |      1187.30 |                 10.13 |                    0.11 |   1079 |    90.6432 |
|        1 |        233 |          1132.80 |      1123.82 |      1186.94 |                  9.46 |                    0.11 |   1079 |    90.7884 |
|        1 |        234 |          1132.80 |      1123.82 |      1190.94 |                 10.51 |                    0.10 |   1079 |    90.8568 |
|        1 |        235 |          1132.80 |      1123.82 |      1191.29 |                 11.78 |                    0.11 |   1079 |    90.9629 |
|        1 |        236 |          1132.80 |      1123.82 |      1191.19 |                 10.99 |                    0.10 |   1079 |    91.1226 |
|        1 |        237 |          1132.80 |      1123.82 |      1187.44 |                  7.18 |                    0.11 |   1079 |    91.2021 |
|        1 |        238 |          1132.80 |      1123.82 |      1184.75 |                  8.57 |                    0.10 |   1079 |    91.2725 |
|        1 |        239 |          1132.80 |      1123.82 |      1186.28 |                 10.96 |                    0.10 |   1079 |    91.3419 |
|        1 |        240 |          1132.80 |      1123.82 |      1197.79 |                 10.06 |                    0.10 |   1081 |    91.4238 |
|        1 |        241 |          1132.80 |      1123.82 |      1187.79 |                  6.92 |                    0.10 |   1081 |    91.5072 |
|        1 |        242 |          1132.80 |      1123.82 |      1183.71 |                 12.81 |                    0.12 |   1081 |    91.5786 |
|        1 |        243 |          1132.80 |      1123.82 |      1190.00 |                  7.13 |                    0.10 |   1083 |    91.6843 |
|        1 |        244 |          1132.80 |      1123.82 |      1187.22 |                 11.02 |                    0.15 |   1083 |    91.7654 |
|        1 |        245 |          1132.80 |      1123.82 |      1185.89 |                 10.21 |                    0.11 |   1083 |    91.9242 |
|        1 |        246 |          1132.80 |      1123.82 |      1185.26 |                 10.69 |                    0.10 |   1083 |    92.0326 |
|        1 |        247 |          1132.80 |      1123.82 |      1187.20 |                  6.70 |                    0.11 |   1084 |    92.1484 |
|        1 |        248 |          1132.80 |      1123.82 |      1188.40 |                  6.23 |                    0.13 |   1085 |    92.2135 |
|        1 |        249 |          1132.80 |      1123.82 |      1188.40 |                  4.97 |                    0.11 |   1085 |    92.3030 |
|        1 |        250 |          1132.80 |      1123.82 |      1177.74 |                  5.96 |                    0.11 |   1085 |    92.4454 |
|        1 |        251 |          1132.80 |      1123.82 |      1178.92 |                  7.62 |                    0.14 |   1085 |    92.5308 |
|        1 |        252 |          1132.80 |      1123.82 |      1182.04 |                  5.97 |                    0.10 |   1085 |    92.6058 |
|        1 |        253 |          1132.80 |      1123.82 |      1178.32 |                 13.10 |                    0.18 |   1085 |    92.6707 |
|        1 |        254 |          1132.80 |      1123.82 |      1183.20 |                  6.22 |                    0.10 |   1085 |    92.7498 |
|        1 |        255 |          1132.80 |      1123.82 |      1183.20 |                  4.97 |                    0.11 |   1085 |    92.8301 |
|        1 |        256 |          1132.80 |      1123.82 |      1181.75 |                  4.95 |                    0.11 |   1085 |    92.9064 |
|        1 |        257 |          1132.80 |      1123.82 |      1185.50 |                  4.92 |                    0.11 |   1085 |    92.9832 |
|        1 |        258 |          1132.80 |      1123.82 |      1185.20 |                 10.90 |                    0.23 |   1085 |    93.0805 |
|        1 |        259 |          1132.80 |      1123.82 |      1151.03 |                 12.64 |                    0.26 |   1085 |    93.2914 |
|        1 |        260 |          1132.80 |      1123.82 |      1175.32 |                  6.90 |                    0.14 |   1085 |    93.3828 |
|        1 |        261 |          1132.80 |      1123.82 |      1156.22 |                  5.35 |                    0.12 |   1085 |    93.4650 |
|        1 |        262 |          1132.80 |      1123.82 |      1173.50 |                  9.70 |                    0.21 |   1085 |    93.5501 |
|        1 |        263 |          1132.80 |      1123.82 |      1173.50 |                  6.80 |                    0.15 |   1085 |    93.6485 |
|        1 |        264 |          1132.80 |      1123.82 |      1168.22 |                 14.59 |                    0.32 |   1085 |    93.7485 |
|        1 |        265 |          1132.80 |      1123.82 |      1205.97 |                 19.42 |                    0.43 |   1087 |    93.8187 |
|        1 |        266 |          1132.80 |      1123.82 |      1202.10 |                  7.24 |                    0.16 |   1088 |    93.9165 |
|        1 |        267 |          1132.80 |      1123.82 |      1179.50 |                 11.14 |                    0.15 |   1088 |    94.0622 |
|        1 |        268 |          1132.80 |      1123.82 |      1187.61 |                 14.97 |                    0.20 |   1089 |    94.1316 |
|        1 |        269 |          1132.80 |      1123.82 |      1195.68 |                 13.35 |                    0.18 |   1089 |    94.2004 |
|        1 |        270 |          1132.80 |      1123.82 |      1173.20 |                  9.17 |                    0.10 |   1090 |    94.2847 |
|        1 |        271 |          1132.80 |      1123.82 |      1170.95 |                 10.70 |                    0.11 |   1090 |    94.3734 |
|        1 |        272 |          1132.80 |      1123.82 |      1172.30 |                  8.53 |                    0.15 |   1090 |    94.4848 |
|        1 |        273 |          1132.80 |      1123.82 |      1167.51 |                 11.19 |                    0.24 |   1090 |    94.6152 |
|        1 |        274 |          1132.80 |      1123.82 |      1190.39 |                  8.43 |                    0.18 |   1091 |    94.6807 |
|        1 |        275 |          1132.80 |      1123.82 |      1179.98 |                  6.19 |                    0.13 |   1091 |    94.8302 |
|        1 |        276 |          1132.80 |      1123.82 |      1181.84 |                 13.85 |                    0.29 |   1091 |    94.9184 |
|        1 |        277 |          1132.80 |      1123.82 |      1164.41 |                  9.58 |                    0.20 |   1093 |    95.0668 |
|        1 |        278 |          1132.80 |      1123.82 |      1185.40 |                  5.95 |                    0.13 |   1094 |    95.1529 |
|        1 |        279 |          1132.80 |      1123.82 |      1190.91 |                 16.76 |                    0.35 |   1094 |    95.2294 |
|        1 |        280 |          1132.80 |      1123.82 |      1207.36 |                  8.19 |                    0.17 |   1095 |    95.4760 |
|        1 |        281 |          1132.80 |      1123.82 |      1178.66 |                 12.40 |                    0.26 |   1095 |    95.7089 |
|        1 |        282 |          1132.80 |      1123.82 |      1194.60 |                 25.87 |                    0.55 |   1097 |    95.7842 |
|        1 |        283 |          1132.80 |      1123.82 |      1190.90 |                 10.26 |                    0.22 |   1097 |    95.8509 |
|        1 |        284 |          1132.80 |      1123.82 |      1176.90 |                  8.97 |                    0.19 |   1098 |    96.0892 |
|        1 |        285 |          1132.80 |      1123.82 |      1182.40 |                  8.75 |                    0.12 |   1099 |    96.1657 |
|        1 |        286 |          1132.80 |      1123.82 |      1187.40 |                 13.34 |                    0.19 |   1101 |    96.2881 |
|        1 |        287 |          1132.80 |      1123.82 |      1194.61 |                 12.46 |                    0.13 |   1102 |    96.4112 |
|        1 |        288 |          1132.80 |      1123.82 |      1176.80 |                  9.04 |                    0.15 |   1103 |    96.5822 |
|        1 |        289 |          1132.80 |      1123.82 |      1166.80 |                  9.36 |                    0.15 |   1103 |    96.6543 |
|        1 |        290 |          1132.80 |      1123.82 |      1158.85 |                 12.08 |                    0.11 |   1103 |    96.7334 |
|        1 |        291 |          1132.80 |      1123.82 |      1160.30 |                 18.30 |                    0.16 |   1103 |    96.8029 |
|        1 |        292 |          1132.80 |      1123.82 |      1174.90 |                 13.48 |                    0.15 |   1104 |    96.8901 |
|        1 |        293 |          1132.80 |      1123.82 |      1164.27 |                 10.12 |                    0.10 |   1104 |    97.0134 |
|        1 |        294 |          1132.80 |      1123.82 |      1169.42 |                 18.35 |                    0.18 |   1104 |    97.0908 |
|        1 |        295 |          1132.80 |      1123.82 |      1164.40 |                 10.84 |                    0.10 |   1104 |    97.1861 |
|        1 |        296 |          1132.80 |      1123.82 |      1164.40 |                  9.96 |                    0.10 |   1104 |    97.2518 |
|        1 |        297 |          1132.80 |      1123.82 |      1164.36 |                 10.31 |                    0.10 |   1104 |    97.3542 |
|        1 |        298 |          1132.80 |      1123.82 |      1164.90 |                 11.09 |                    0.11 |   1104 |    97.4811 |
|        1 |        299 |          1132.80 |      1123.82 |      1164.83 |                  5.99 |                    0.10 |   1104 |    97.5596 |
|        1 |        300 |          1132.80 |      1123.82 |      1155.47 |                 10.32 |                    0.10 |   1104 |    97.6686 |
|        1 |        301 |          1132.80 |      1123.82 |      1159.00 |                 11.01 |                    0.10 |   1104 |    97.7495 |
|        1 |        302 |          1132.80 |      1123.82 |      1173.12 |                 13.33 |                    0.23 |   1104 |    97.8824 |
|        1 |        303 |          1132.80 |      1123.82 |      1194.04 |                 24.17 |                    0.41 |   1106 |    97.9540 |
|        1 |        304 |          1132.80 |      1123.82 |      1169.00 |                  9.02 |                    0.15 |   1107 |    98.0460 |
|        1 |        305 |          1132.80 |      1123.82 |      1163.04 |                 12.84 |                    0.22 |   1108 |    98.1707 |
|        1 |        306 |          1132.80 |      1123.82 |      1159.57 |                  9.90 |                    0.11 |   1108 |    98.3223 |
|        1 |        307 |          1132.80 |      1123.82 |      1159.40 |                  8.49 |                    0.10 |   1108 |    98.3950 |
|        1 |        308 |          1132.80 |      1123.82 |      1157.86 |                  6.27 |                    0.10 |   1108 |    98.4507 |
|        1 |        309 |          1132.80 |      1123.82 |      1145.93 |                 10.80 |                    0.10 |   1108 |    98.5467 |
|        1 |        310 |          1132.80 |      1123.82 |      1159.34 |                 10.84 |                    0.10 |   1108 |    98.6492 |
|        1 |        311 |          1132.80 |      1123.82 |      1159.50 |                 10.14 |                    0.10 |   1108 |    98.7487 |
|        1 |        312 |          1132.80 |      1123.82 |      1159.34 |                  9.04 |                    0.10 |   1108 |    98.8125 |
|        1 |        313 |          1132.80 |      1123.82 |      1158.71 |                 10.66 |                    0.10 |   1108 |    98.8985 |
|        1 |        314 |          1132.80 |      1123.82 |      1159.43 |                  9.03 |                    0.10 |   1108 |    98.9840 |
|        1 |        315 |          1132.80 |      1123.82 |      1158.32 |                 10.76 |                    0.10 |   1108 |    99.0673 |
|        1 |        316 |          1132.80 |      1123.82 |      1159.50 |                 10.77 |                    0.10 |   1110 |    99.1982 |
|        1 |        317 |          1132.80 |      1123.82 |      1159.55 |                  9.14 |                    0.11 |   1110 |    99.2660 |
|        1 |        318 |          1132.80 |      1123.82 |      1157.66 |                 10.73 |                    0.10 |   1110 |    99.4157 |
|        1 |        319 |          1132.80 |      1123.82 |      1187.16 |                 13.25 |                    0.13 |   1112 |    99.5441 |
|        1 |        320 |          1132.80 |      1123.82 |      1176.29 |                 13.58 |                    0.13 |   1114 |    99.6211 |
|        1 |        321 |          1132.80 |      1123.82 |      1185.34 |                 12.99 |                    0.13 |   1114 |    99.6878 |
|        1 |        322 |          1132.80 |      1123.82 |      1182.57 |                 17.99 |                    0.17 |   1114 |    99.7615 |
|        1 |        323 |          1132.80 |      1123.82 |      1161.90 |                 11.69 |                    0.11 |   1115 |    99.9260 |
------------------------------------------------------------------------------------------------------------------------------------------------
|  Restart |  Iteration |  Best Feas. Cost |    Best Cost |   Curr. Cost |   Penalty Custom Res. |   Penalty Standard Res. |   Pool |   Time (s) |
------------------------------------------------------------------------------------------------------------------------------------------------
|        1 |        324 |          1132.80 |      1123.82 |      1161.90 |                 13.64 |                    0.18 |   1115 |   100.0062 |
|        1 |        325 |          1132.80 |      1123.82 |      1161.90 |                  9.74 |                    0.12 |   1115 |   100.0899 |
|        1 |        326 |          1132.80 |      1123.82 |      1183.10 |                  7.79 |                    0.12 |   1115 |   100.1556 |
|        1 |        327 |          1132.80 |      1123.82 |      1170.28 |                  6.52 |                    0.12 |   1115 |   100.2666 |
|        1 |        328 |          1132.80 |      1123.82 |      1173.74 |                 14.16 |                    0.27 |   1115 |   100.3296 |
|        1 |        329 |          1132.80 |      1123.82 |      1195.70 |                  6.98 |                    0.13 |   1116 |   100.4353 |
|        1 |        330 |          1132.80 |      1123.82 |      1186.55 |                 18.41 |                    0.36 |   1116 |   100.5991 |
|        1 |        331 |          1132.80 |      1123.82 |      1210.30 |                  7.29 |                    0.14 |   1116 |   100.6916 |
|        1 |        332 |          1132.80 |      1123.82 |      1177.65 |                  8.57 |                    0.25 |   1118 |   100.8206 |
|        1 |        333 |          1132.80 |      1123.82 |      1179.56 |                 15.16 |                    0.44 |   1119 |   100.9581 |
|        1 |        334 |          1132.80 |      1123.82 |      1192.10 |                  9.14 |                    0.15 |   1119 |   101.0401 |
|        1 |        335 |          1132.80 |      1123.82 |      1187.90 |                 10.26 |                    0.15 |   1120 |   101.1050 |
|        1 |        336 |          1132.80 |      1123.82 |      1187.90 |                  7.80 |                    0.11 |   1120 |   101.1745 |
|        1 |        337 |          1132.80 |      1123.82 |      1187.90 |                  8.66 |                    0.12 |   1120 |   101.2440 |
|        1 |        338 |          1132.80 |      1123.82 |      1181.90 |                  9.81 |                    0.15 |   1120 |   101.3261 |
|        1 |        339 |          1132.80 |      1123.82 |      1181.90 |                  7.30 |                    0.12 |   1120 |   101.4121 |
|        1 |        340 |          1132.80 |      1123.82 |      1184.10 |                  6.25 |                    0.10 |   1120 |   101.5059 |
|        1 |        341 |          1132.80 |      1123.82 |      1175.44 |                 12.58 |                    0.23 |   1123 |   101.6718 |
|        1 |        342 |          1132.80 |      1123.82 |      1163.06 |                 10.72 |                    0.10 |   1123 |   101.8245 |
|        1 |        343 |          1132.80 |      1123.82 |      1166.66 |                  6.99 |                    0.10 |   1123 |   101.9502 |
|        1 |        344 |          1132.80 |      1123.82 |      1170.90 |                  5.31 |                    0.11 |   1124 |   102.0312 |
|        1 |        345 |          1132.80 |      1123.82 |      1163.86 |                  5.55 |                    0.10 |   1124 |   102.1059 |
|        1 |        346 |          1132.80 |      1123.82 |      1156.76 |                  5.73 |                    0.10 |   1125 |   102.2245 |
|        1 |        347 |          1132.80 |      1123.82 |      1152.63 |                  6.69 |                    0.12 |   1125 |   102.2990 |
|        1 |        348 |          1132.80 |      1123.82 |      1156.71 |                  8.54 |                    0.11 |   1125 |   102.3956 |
|        1 |        349 |          1132.80 |      1123.82 |      1163.70 |                  5.05 |                    0.10 |   1125 |   102.4653 |
|        1 |        350 |          1132.80 |      1123.82 |      1132.25 |                 11.19 |                    0.22 |   1126 |   102.5469 |
|        1 |        351 |          1132.80 |      1123.82 |      1160.00 |                  5.87 |                    0.12 |   1126 |   102.6297 |
|        1 |        352 |          1132.80 |      1123.82 |      1148.89 |                 10.84 |                    0.22 |   1126 |   102.7129 |
|        1 |        353 |          1132.80 |      1123.82 |      1160.00 |                  5.63 |                    0.11 |   1126 |   102.7904 |
|        1 |        354 |          1132.80 |      1123.82 |      1150.38 |                  5.95 |                    0.12 |   1126 |   102.8553 |
|        1 |        355 |          1132.80 |      1123.82 |      1148.07 |                  8.82 |                    0.18 |   1126 |   102.9754 |
|        1 |        356 |          1132.80 |      1123.82 |      1151.07 |                  5.42 |                    0.11 |   1126 |   103.0821 |
|        1 |        357 |          1132.80 |      1123.82 |      1150.50 |                  8.05 |                    0.15 |   1126 |   103.1483 |
|        1 |        358 |          1132.80 |      1123.82 |      1153.21 |                  4.88 |                    0.10 |   1126 |   103.2845 |
|        1 |        359 |          1132.80 |      1123.82 |      1161.15 |                  8.59 |                    0.12 |   1127 |   103.3730 |
|        1 |        360 |          1132.80 |      1123.82 |      1176.80 |                 11.03 |                    0.10 |   1127 |   103.5043 |
|        1 |        361 |          1132.80 |      1123.82 |      1166.75 |                  9.99 |                    0.10 |   1128 |   103.6416 |
|        1 |        362 |          1132.80 |      1123.82 |      1179.28 |                  7.98 |                    0.10 |   1130 |   103.7237 |
|        1 |        363 |          1132.80 |      1123.82 |      1171.80 |                  6.68 |                    0.12 |   1130 |   103.8322 |
|        1 |        364 |          1132.80 |      1123.82 |      1166.27 |                  9.04 |                    0.16 |   1130 |   103.9511 |
|        1 |        365 |          1132.80 |      1123.82 |      1161.45 |                  6.99 |                    0.10 |   1130 |   104.0732 |
|        1 |        366 |          1132.80 |      1123.82 |      1188.23 |                 14.01 |                    0.10 |   1130 |   104.1361 |
|        1 |        367 |          1132.80 |      1123.82 |      1159.20 |                 11.86 |                    0.11 |   1130 |   104.2358 |
|        1 |        368 |          1132.80 |      1123.82 |      1159.20 |                  8.32 |                    0.13 |   1130 |   104.3080 |
|        1 |        369 |          1132.80 |      1123.82 |      1158.90 |                  6.13 |                    0.11 |   1130 |   104.3946 |
|        1 |        370 |          1132.80 |      1123.82 |      1147.62 |                 14.25 |                    0.29 |   1130 |   104.4932 |
|        1 |        371 |          1132.80 |      1123.82 |      1170.40 |                 12.21 |                    0.25 |   1131 |   104.5648 |
|        1 |        372 |          1132.80 |      1123.82 |      1170.40 |                  5.97 |                    0.12 |   1131 |   104.6380 |
|        1 |        373 |          1132.80 |      1123.82 |      1166.50 |                  5.26 |                    0.10 |   1132 |   104.7537 |
|        1 |        374 |          1132.80 |      1123.82 |      1143.66 |                 10.50 |                    0.26 |   1132 |   104.9093 |
|        1 |        375 |          1132.80 |      1123.82 |      1184.20 |                  5.91 |                    0.15 |   1134 |   104.9912 |
|        1 |        376 |          1132.80 |      1123.82 |      1178.01 |                  4.75 |                    0.12 |   1134 |   105.1107 |
|        1 |        377 |          1132.80 |      1123.82 |      1167.13 |                  5.43 |                    0.13 |   1134 |   105.1933 |
|        1 |        378 |          1132.80 |      1123.82 |      1172.43 |                  4.25 |                    0.10 |   1134 |   105.2701 |
|        1 |        379 |          1132.80 |      1123.82 |      1165.64 |                 11.38 |                    0.27 |   1134 |   105.3507 |
|        1 |        380 |          1132.80 |      1123.82 |      1177.50 |                 10.53 |                    0.25 |   1136 |   105.4698 |
|        1 |        381 |          1132.80 |      1123.82 |      1167.33 |                 10.64 |                    0.25 |   1136 |   105.6269 |
|        1 |        382 |          1132.80 |      1123.82 |      1194.30 |                 10.68 |                    0.25 |   1136 |   105.7299 |
|        1 |        383 |          1132.80 |      1123.82 |      1196.80 |                 10.11 |                    0.23 |   1138 |   105.8106 |
|        1 |        384 |          1132.80 |      1123.82 |      1205.20 |                  9.18 |                    0.21 |   1138 |   105.9164 |
|        1 |        385 |          1132.80 |      1123.82 |      1179.73 |                  5.75 |                    0.13 |   1138 |   106.0412 |
|        1 |        386 |          1132.80 |      1123.82 |      1151.34 |                  5.46 |                    0.15 |   1138 |   106.2233 |
|        1 |        387 |          1132.80 |      1123.82 |      1179.43 |                 13.78 |                    0.39 |   1139 |   106.3036 |
|        1 |        388 |          1132.80 |      1123.82 |      1211.80 |                 12.76 |                    0.36 |   1139 |   106.4175 |
|        1 |        389 |          1132.80 |      1123.82 |      1196.70 |                  6.12 |                    0.17 |   1139 |   106.4935 |
|        1 |        390 |          1132.80 |      1123.82 |      1192.90 |                  9.00 |                    0.24 |   1139 |   106.5752 |
|        1 |        391 |          1132.80 |      1123.82 |      1193.50 |                  5.17 |                    0.14 |   1139 |   106.6404 |
|        1 |        392 |          1132.80 |      1123.82 |      1193.50 |                 11.34 |                    0.31 |   1139 |   106.7204 |
|        1 |        393 |          1132.80 |      1123.82 |      1239.30 |                  6.43 |                    0.11 |   1141 |   106.8411 |
|        1 |        394 |          1132.80 |      1123.82 |      1166.67 |                 11.80 |                    0.26 |   1141 |   107.0418 |
|        1 |        395 |          1132.80 |      1123.82 |      1196.60 |                  9.41 |                    0.18 |   1143 |   107.1517 |
|        1 |        396 |          1132.80 |      1123.82 |      1196.60 |                  5.14 |                    0.10 |   1143 |   107.2122 |
|        1 |        397 |          1132.80 |      1123.82 |      1198.48 |                 14.45 |                    0.11 |   1144 |   107.3284 |
|        1 |        398 |          1132.80 |      1123.82 |      1193.86 |                 15.35 |                    0.17 |   1144 |   107.4818 |
|        1 |        399 |          1132.80 |      1123.82 |      1177.50 |                  9.92 |                    0.10 |   1144 |   107.5984 |
|        1 |        400 |          1132.80 |      1123.82 |      1177.50 |                  8.49 |                    0.11 |   1144 |   107.6942 |
|        1 |        401 |          1132.80 |      1123.82 |      1164.50 |                  6.84 |                    0.10 |   1144 |   107.7891 |
|        1 |        402 |          1132.80 |      1123.82 |      1164.88 |                  9.00 |                    0.14 |   1144 |   107.8723 |
|        1 |        403 |          1132.80 |      1123.82 |      1171.33 |                 10.00 |                    0.10 |   1144 |   107.9592 |
|        1 |        404 |          1132.80 |      1123.82 |      1171.41 |                  5.86 |                    0.10 |   1144 |   108.0385 |
|        1 |        405 |          1132.80 |      1123.82 |      1164.03 |                  8.94 |                    0.15 |   1144 |   108.1569 |
|        1 |        406 |          1132.80 |      1123.82 |      1176.70 |                 13.40 |                    0.22 |   1144 |   108.2620 |
|        1 |        407 |          1132.80 |      1123.82 |      1176.70 |                  7.17 |                    0.12 |   1144 |   108.3491 |
|        1 |        408 |          1132.80 |      1123.82 |      1176.70 |                  5.03 |                    0.12 |   1144 |   108.4300 |
|        1 |        409 |          1132.80 |      1123.82 |      1177.66 |                  5.16 |                    0.12 |   1145 |   108.5171 |
|        1 |        410 |          1132.80 |      1123.82 |      1168.26 |                  6.03 |                    0.14 |   1145 |   108.5859 |
|        1 |        411 |          1132.80 |      1123.82 |      1176.70 |                  7.38 |                    0.17 |   1145 |   108.7215 |
|        1 |        412 |          1132.80 |      1123.82 |      1172.31 |                  9.71 |                    0.11 |   1145 |   108.8113 |
|        1 |        413 |          1132.80 |      1123.82 |      1169.80 |                 12.45 |                    0.13 |   1148 |   109.0119 |
|        1 |        414 |          1132.80 |      1123.82 |      1169.80 |                  7.22 |                    0.10 |   1148 |   109.0783 |
|        1 |        415 |          1132.80 |      1123.82 |      1172.82 |                 10.29 |                    0.10 |   1150 |   109.1897 |
|        1 |        416 |          1132.80 |      1123.82 |      1199.54 |                 10.09 |                    0.10 |   1153 |   109.3506 |
|        1 |        417 |          1132.80 |      1123.82 |      1194.50 |                  8.76 |                    0.11 |   1155 |   109.5465 |
|        1 |        418 |          1132.80 |      1123.82 |      1188.13 |                  7.86 |                    0.10 |   1156 |   109.6748 |
|        1 |        419 |          1132.80 |      1123.82 |      1186.24 |                 19.25 |                    0.17 |   1156 |   109.7477 |
|        1 |        420 |          1132.80 |      1123.82 |      1186.50 |                 10.00 |                    0.10 |   1156 |   109.8285 |
|        1 |        421 |          1132.80 |      1123.82 |      1188.84 |                 13.62 |                    0.15 |   1156 |   110.0261 |
|        1 |        422 |          1132.80 |      1123.82 |      1188.72 |                 10.69 |                    0.10 |   1156 |   110.2368 |
|        1 |        423 |          1132.80 |      1123.82 |      1193.57 |                  9.62 |                    0.10 |   1157 |   110.3277 |
|        1 |        424 |          1132.80 |      1123.82 |      1189.70 |                  9.14 |                    0.13 |   1157 |   110.5042 |
|        1 |        425 |          1132.80 |      1123.82 |      1191.25 |                 10.85 |                    0.18 |   1159 |   110.6376 |
|        1 |        426 |          1132.80 |      1123.82 |      1204.02 |                  6.35 |                    0.10 |   1161 |   110.7327 |
|        1 |        427 |          1132.80 |      1123.82 |      1200.05 |                  9.24 |                    0.11 |   1161 |   110.8161 |
|        1 |        428 |          1132.80 |      1123.82 |      1206.61 |                 10.57 |                    0.10 |   1161 |   110.9101 |
|        1 |        429 |          1132.80 |      1123.82 |      1188.44 |                  9.29 |                    0.14 |   1167 |   111.0551 |
|        1 |        430 |          1132.80 |      1123.82 |      1220.88 |                  8.87 |                    0.13 |   1169 |   111.1446 |
|        1 |        431 |          1132.80 |      1123.82 |      1215.72 |                  7.45 |                    0.11 |   1169 |   111.2267 |
|        1 |        432 |          1132.80 |      1123.82 |      1214.03 |                 16.84 |                    0.25 |   1171 |   111.2908 |
|        1 |        433 |          1132.80 |      1123.82 |      1208.20 |                  5.04 |                    0.10 |   1175 |   111.4001 |
|        1 |        434 |          1132.80 |      1123.82 |      1228.22 |                 15.66 |                    0.31 |   1176 |   111.4887 |
|        1 |        435 |          1132.80 |      1123.82 |      1204.00 |                 11.73 |                    0.23 |   1177 |   111.6225 |
|        1 |        436 |          1132.80 |      1123.82 |      1194.90 |                  6.85 |                    0.14 |   1177 |   111.7431 |
|        1 |        437 |          1132.80 |      1123.82 |      1172.15 |                  9.18 |                    0.18 |   1177 |   111.8529 |
|        1 |        438 |          1132.80 |      1123.82 |      1173.24 |                  8.29 |                    0.24 |   1180 |   112.0381 |
|        1 |        439 |          1132.80 |      1123.82 |      1206.67 |                  4.96 |                    0.14 |   1180 |   112.1161 |
|        1 |        440 |          1132.80 |      1123.82 |      1204.96 |                 10.88 |                    0.31 |   1182 |   112.1755 |
|        1 |        441 |          1132.80 |      1123.82 |      1192.70 |                  5.26 |                    0.15 |   1186 |   112.2803 |
|        1 |        442 |          1132.80 |      1123.82 |      1137.89 |                  8.52 |                    0.27 |   1187 |   112.4002 |
|        1 |        443 |          1132.80 |      1123.82 |      1183.50 |                  8.30 |                    0.27 |   1191 |   112.4894 |
|        1 |        444 |          1132.80 |      1123.82 |      1183.50 |                  8.50 |                    0.27 |   1191 |   112.5899 |
|        1 |        445 |          1132.80 |      1123.82 |      1160.40 |                  4.13 |                    0.11 |   1191 |   112.7721 |
|        1 |        446 |          1132.80 |      1123.82 |      1137.93 |                  8.79 |                    0.12 |   1191 |   112.8554 |
|        1 |        447 |          1132.80 |      1123.82 |      1146.88 |                  9.83 |                    0.11 |   1191 |   112.9805 |
|        1 |        448 |          1132.80 |      1123.82 |      1153.68 |                 12.96 |                    0.14 |   1191 |   113.0540 |
|        1 |        449 |          1132.80 |      1123.82 |      1193.83 |                 13.69 |                    0.15 |   1192 |   113.1399 |
|        1 |        450 |          1132.80 |      1123.82 |      1194.78 |                 16.47 |                    0.18 |   1192 |   113.2465 |
|        1 |        451 |          1132.80 |      1123.82 |      1220.80 |                 11.51 |                    0.13 |   1197 |   113.4172 |
|        1 |        452 |          1132.80 |      1123.82 |      1176.10 |                 10.10 |                    0.11 |   1198 |   113.6407 |
|        1 |        453 |          1132.80 |      1123.82 |      1168.29 |                 10.34 |                    0.10 |   1199 |   113.7545 |
|        1 |        454 |          1132.80 |      1123.82 |      1165.63 |                 10.82 |                    0.10 |   1199 |   113.8447 |
|        1 |        455 |          1132.80 |      1123.82 |      1157.23 |                 10.54 |                    0.11 |   1199 |   113.9395 |
|        1 |        456 |          1132.80 |      1123.82 |      1162.00 |                 13.08 |                    0.16 |   1199 |   114.0113 |
|        1 |        457 |          1132.80 |      1123.82 |      1162.00 |                  7.66 |                    0.10 |   1199 |   114.0995 |
|        1 |        458 |          1132.80 |      1123.82 |      1162.80 |                  5.37 |                    0.10 |   1199 |   114.1861 |
|        1 |        459 |          1132.80 |      1123.82 |      1150.17 |                  5.85 |                    0.11 |   1199 |   114.2674 |
|        1 |        460 |          1132.80 |      1123.82 |      1152.21 |                  8.02 |                    0.15 |   1199 |   114.3500 |
|        1 |        461 |          1132.80 |      1123.82 |      1171.21 |                  4.51 |                    0.11 |   1201 |   114.4526 |
|        1 |        462 |          1132.80 |      1123.82 |      1144.30 |                 10.04 |                    0.27 |   1202 |   114.6142 |
|        1 |        463 |          1132.80 |      1123.82 |      1179.70 |                  7.07 |                    0.18 |   1202 |   114.8009 |
|        1 |        464 |          1132.80 |      1123.82 |      1179.70 |                  3.79 |                    0.10 |   1202 |   114.8596 |
|        1 |        465 |          1132.80 |      1123.82 |      1140.73 |                  4.34 |                    0.12 |   1203 |   114.9414 |
|        1 |        466 |          1132.80 |      1123.82 |      1148.58 |                  8.87 |                    0.24 |   1203 |   115.0251 |
|        1 |        467 |          1132.80 |      1123.82 |      1186.23 |                  5.35 |                    0.14 |   1205 |   115.2695 |
|        1 |        468 |          1132.80 |      1123.82 |      1189.18 |                  5.33 |                    0.14 |   1206 |   115.3553 |
|        1 |        469 |          1132.80 |      1123.82 |      1185.88 |                 11.22 |                    0.30 |   1206 |   115.4412 |
|        1 |        470 |          1132.80 |      1123.82 |      1203.13 |                  8.44 |                    0.23 |   1207 |   115.5259 |
|        1 |        471 |          1132.80 |      1123.82 |      1163.20 |                  8.87 |                    0.23 |   1209 |   115.6972 |
|        1 |        472 |          1132.80 |      1123.82 |      1164.50 |                  7.37 |                    0.18 |   1210 |   115.7788 |
|        1 |        473 |          1132.80 |      1123.82 |      1154.23 |                  6.54 |                    0.10 |   1211 |   115.9551 |
|        1 |        474 |          1132.80 |      1123.82 |      1154.29 |                 12.34 |                    0.12 |   1211 |   116.0420 |
|        1 |        475 |          1132.80 |      1123.82 |      1152.70 |                 10.89 |                    0.10 |   1212 |   116.1238 |
|        1 |        476 |          1132.80 |      1123.82 |      1159.00 |                 11.15 |                    0.11 |   1212 |   116.2293 |
|        1 |        477 |          1132.80 |      1123.82 |      1154.80 |                 13.69 |                    0.16 |   1213 |   116.3101 |
|        1 |        478 |          1132.80 |      1123.82 |      1173.20 |                  8.18 |                    0.10 |   1213 |   116.3939 |
|        1 |        479 |          1132.80 |      1123.82 |      1172.50 |                  7.14 |                    0.13 |   1214 |   116.5318 |
|        1 |        480 |          1132.80 |      1123.82 |      1159.48 |                 14.50 |                    0.13 |   1215 |   116.7242 |
|        1 |        481 |          1132.80 |      1123.82 |      1159.50 |                 13.86 |                    0.15 |   1215 |   116.8123 |
|        1 |        482 |          1132.80 |      1123.82 |      1171.83 |                  7.75 |                    0.10 |   1218 |   116.9958 |
|        1 |        483 |          1132.80 |      1123.82 |      1154.78 |                  9.12 |                    0.10 |   1220 |   117.1121 |
|        1 |        484 |          1132.80 |      1123.82 |      1155.00 |                 13.69 |                    0.17 |   1220 |   117.2319 |
|        1 |        485 |          1132.80 |      1123.82 |      1174.30 |                  9.38 |                    0.12 |   1221 |   117.4650 |
|        1 |        486 |          1132.80 |      1123.82 |      1155.53 |                  6.11 |                    0.13 |   1221 |   117.6042 |
|        1 |        487 |          1132.80 |      1123.82 |      1151.35 |                  6.76 |                    0.11 |   1221 |   117.7424 |
|        1 |        488 |          1132.80 |      1123.82 |      1150.38 |                  7.21 |                    0.11 |   1221 |   117.8436 |
|        1 |        489 |          1132.80 |      1123.82 |      1150.72 |                  9.58 |                    0.13 |   1221 |   117.9459 |
|        1 |        490 |          1132.80 |      1123.82 |      1157.97 |                 10.54 |                    0.10 |   1221 |   118.0196 |
|        1 |        491 |          1132.80 |      1123.82 |      1159.58 |                 11.94 |                    0.10 |   1221 |   118.1114 |
|        1 |        492 |          1132.80 |      1123.82 |      1146.74 |                 20.19 |                    0.15 |   1221 |   118.1818 |
|        1 |        493 |          1132.80 |      1123.82 |      1146.80 |                 10.38 |                    0.10 |   1221 |   118.2621 |
|        1 |        494 |          1132.80 |      1123.82 |      1164.30 |                 12.19 |                    0.12 |   1223 |   118.4241 |
|        1 |        495 |          1132.80 |      1123.82 |      1164.17 |                  9.72 |                    0.10 |   1223 |   118.5242 |
|        1 |        496 |          1132.80 |      1123.82 |      1149.19 |                 12.04 |                    0.10 |   1225 |   118.6210 |
|        1 |        497 |          1132.80 |      1123.82 |      1149.20 |                 10.83 |                    0.10 |   1226 |   118.7087 |
|        1 |        498 |          1132.80 |      1123.82 |      1149.20 |                 12.77 |                    0.12 |   1226 |   118.7837 |
|        1 |        499 |          1132.80 |      1123.82 |      1150.20 |                  7.11 |                    0.11 |   1227 |   118.8702 |
|        1 |        500 |          1132.80 |      1123.82 |      1147.27 |                 15.00 |                    0.20 |   1227 |   118.9283 |
------------------------------------------------------------------------------------------------------------------------------------------------
Version identifier: 22.1.2.0 | 2024-11-26 | 0edbb82fd
CPXPARAM_MIP_Tolerances_UpperCutoff              1132.9000000004974
Tried aggregator 1 time.
MIP Presolve eliminated 9 rows and 263 columns.
MIP Presolve modified 454 coefficients.
Reduced MIP has 92 rows, 964 columns, and 7514 nonzeros.
Reduced MIP has 964 binaries, 0 generals, 0 SOSs, and 0 indicators.
Presolve time = 0.00 sec. (8.41 ticks)
Probing fixed 10 vars, tightened 0 bounds.
Probing time = 0.01 sec. (16.76 ticks)
Tried aggregator 1 time.
Detecting symmetries...
MIP Presolve eliminated 2 rows and 22 columns.
Reduced MIP has 90 rows, 942 columns, and 7298 nonzeros.
Reduced MIP has 942 binaries, 0 generals, 0 SOSs, and 0 indicators.
Presolve time = 0.00 sec. (7.14 ticks)
Probing fixed 1 vars, tightened 0 bounds.
Probing time = 0.01 sec. (13.55 ticks)
Clique table members: 1364.
MIP emphasis: balance optimality and feasibility.
MIP search method: dynamic search.
Parallel mode: deterministic, using up to 8 threads.
Root relaxation solution time = 0.00 sec. (5.88 ticks)

        Nodes                                         Cuts/
   Node  Left     Objective  IInf  Best Integer    Best Bound    ItCnt     Gap

      0     0     1109.2917    28                   1109.2917      212         
      0     0     1116.5000     7                    Cuts: 15      261         
*     0     0      integral     0     1120.0000      Cuts: 13      377    0.00%
*     0+    0                         1120.0000     1120.0000             0.00%
      0     0        cutoff           1120.0000                    377    0.00%
Elapsed time = 0.07 sec. (85.20 ticks, tree = 0.01 MB, solutions = 1)
objective_value(sp) = 1120.0
122.377282 seconds (6.95 M allocations: 347.327 MiB, 0.06% gc time, 3.10% compilation time)
#1: 0 (0.0) {8.300000000000004} -> 33 (10.0) {59.7} [51.0, 178.0] -> 32 (20.0) {75.0} [61.0, 178.0] -> 30 (30.0) {86.0} [52.0, 147.0] -> 28 (40.0) {100.0} [55.0, 174.0] -> 26 (70.0) {113.0} [90.0, 169.0] -> 27 (90.0) {128.0} [57.0, 172.0] -> 29 (100.0) {143.0} [52.0, 174.0] -> 31 (120.0) {155.0} [50.0, 172.0] -> 34 (150.0) {168.0} [83.0, 168.0] -> 80 (163.0) {217.8} [93.0, 222.0] -> 0 (163.0) {235.4} [0.0, 240.0]
#2: 0 (0.0) {13.200000000000006} -> 82 (9.0) {27.9} [14.0, 140.0] -> 99 (24.0) {45.9} [42.0, 141.0] -> 52 (27.0) {60.9} [25.0, 150.0] -> 86 (55.0) {78.1} [63.0, 140.0] -> 87 (68.0) {97.1} [91.0, 118.0] -> 59 (87.0) {111.5} [42.0, 187.0] -> 97 (122.0) {127.8} [104.0, 165.0] -> 75 (138.0) {150.8} [57.0, 165.0] -> 58 (158.0) {171.9} [51.0, 182.0] -> 74 (166.0) {193.0} [71.0, 193.0] -> 0 (166.0) {239.0} [0.0, 240.0]
#3: 0 (0.0) {34.90000000000002} -> 41 (20.0) {65.7} [49.0, 164.0] -> 42 (30.0) {81.5} [33.0, 180.0] -> 44 (40.0) {93.5} [35.0, 142.0] -> 43 (60.0) {106.5} [100.0, 185.0] -> 40 (90.0) {121.5} [61.0, 138.0] -> 38 (120.0) {136.8} [38.0, 141.0] -> 37 (130.0) {150.4} [95.0, 182.0] -> 35 (150.0) {164.0} [57.0, 185.0] -> 36 (190.0) {176.0} [43.0, 186.0] -> 39 (200.0) {193.0} [36.0, 193.0] -> 0 (200.0) {239.0} [0.0, 240.0]
#4: 0 (0.0) {17.2} -> 2 (30.0) {48.0} [30.0, 168.0] -> 6 (50.0) {62.0} [60.0, 159.0] -> 7 (70.0) {75.0} [54.0, 133.0] -> 8 (80.0) {90.0} [67.0, 144.0] -> 46 (90.0) {103.0} [71.0, 184.0] -> 4 (130.0) {115.0} [69.0, 193.0] -> 45 (140.0) {127.0} [37.0, 192.0] -> 5 (160.0) {140.0} [40.0, 189.0] -> 3 (170.0) {152.0} [95.0, 152.0] -> 1 (190.0) {165.0} [49.0, 191.0] -> 100 (193.0) {193.9} [43.0, 210.0] -> 0 (193.0) {223.1} [0.0, 240.0]
#5: 0 (0.0) {143.8} -> 90 (6.0) {148.0} [53.0, 148.0] -> 0 (6.0) {162.2} [0.0, 240.0]
#6: 0 (0.0) {9.70000000000002} -> 69 (27.0) {18.9} [9.0, 139.0] -> 98 (36.0) {33.9} [14.0, 136.0] -> 88 (55.0) {50.2} [27.0, 136.0] -> 53 (60.0) {69.1} [68.0, 143.0] -> 78 (87.0) {92.5} [47.0, 162.0] -> 73 (92.0) {109.7} [46.0, 137.0] -> 79 (122.0) {128.6} [65.0, 142.0] -> 60 (139.0) {150.6} [62.0, 203.0] -> 55 (155.0) {175.6} [95.0, 214.0] -> 70 (178.0) {195.8} [30.0, 210.0] -> 68 (199.0) {216.0} [101.0, 216.0] -> 0 (199.0) {236.0} [0.0, 240.0]
#7: 0 (0.0) {4.700000000000003} -> 92 (14.0) {19.4} [14.0, 177.0] -> 95 (20.0) {36.1} [20.0, 159.0] -> 67 (29.0) {55.5} [31.0, 138.0] -> 62 (32.0) {72.5} [29.0, 168.0] -> 50 (62.0) {89.5} [83.0, 178.0] -> 63 (68.0) {116.0} [39.0, 190.0] -> 85 (70.0) {129.6} [59.0, 144.0] -> 84 (88.0) {148.0} [73.0, 148.0] -> 56 (107.0) {167.2} [91.0, 198.0] -> 91 (120.0) {184.2} [89.0, 217.0] -> 0 (120.0) {206.2} [0.0, 240.0]
#8: 0 (0.0) {5.599999999999994} -> 12 (20.0) {37.9} [32.0, 148.0] -> 14 (30.0) {50.9} [35.0, 194.0] -> 47 (40.0) {63.9} [38.0, 191.0] -> 17 (60.0) {75.9} [51.0, 189.0] -> 16 (80.0) {90.9} [41.0, 141.0] -> 15 (100.0) {102.9} [39.0, 163.0] -> 13 (110.0) {118.7} [53.0, 191.0] -> 9 (130.0) {133.7} [57.0, 154.0] -> 11 (170.0) {149.0} [33.0, 152.0] -> 10 (200.0) {161.0} [106.0, 161.0] -> 0 (200.0) {202.6} [0.0, 240.0]
#9: 0 (0.0) {50.099999999999994} -> 61 (9.0) {65.9} [37.0, 124.0] -> 81 (19.0) {83.9} [78.0, 123.0] -> 71 (33.0) {110.1} [30.0, 129.0] -> 93 (36.0) {125.1} [50.0, 208.0] -> 94 (59.0) {140.7} [76.0, 143.0] -> 96 (85.0) {157.0} [105.0, 188.0] -> 72 (93.0) {180.6} [27.0, 202.0] -> 54 (109.0) {200.0} [107.0, 200.0] -> 0 (109.0) {228.0} [0.0, 240.0]
#10: 0 (0.0) {4.100000000000001} -> 64 (17.0) {24.7} [20.0, 139.0] -> 51 (36.0) {48.8} [45.0, 150.0] -> 76 (67.0) {68.2} [48.0, 131.0] -> 89 (92.0) {88.0} [52.0, 177.0] -> 18 (112.0) {121.0} [73.0, 130.0] -> 48 (122.0) {133.0} [50.0, 184.0] -> 19 (162.0) {148.0} [40.0, 148.0] -> 20 (172.0) {163.0} [94.0, 179.0] -> 66 (188.0) {195.0} [97.0, 198.0] -> 0 (188.0) {218.0} [0.0, 240.0]
#11: 0 (0.0) {17.80000000000001} -> 65 (16.0) {28.9} [11.0, 150.0] -> 83 (30.0) {48.1} [19.0, 172.0] -> 57 (53.0) {67.3} [56.0, 165.0] -> 24 (63.0) {90.1} [51.0, 194.0] -> 22 (103.0) {102.1} [64.0, 149.0] -> 49 (113.0) {115.7} [99.0, 138.0] -> 21 (123.0) {132.9} [45.0, 161.0] -> 23 (153.0) {144.9} [45.0, 164.0] -> 25 (173.0) {157.9} [45.0, 183.0] -> 77 (180.0) {180.0} [49.0, 180.0] -> 0 (180.0) {239.9} [0.0, 240.0]

Dist: 1120.0. Cost: 1120.0

Clique cuts applied:  13
Zero-half cuts applied:  8
Gomory fractional cuts applied:  5

Root node processing (before b&c):
  Real time             =    0.07 sec. (85.28 ticks)
Parallel b&c, 8 threads:
  Real time             =    0.00 sec. (0.00 ticks)
  Sync time (average)   =    0.00 sec.
  Wait time (average)   =    0.00 sec.
                          ------------
Total (root+branch&cut) =    0.07 sec. (85.28 ticks)
