Solving...
------------------------------------------------------------------------------------------------------------------------------------------------
|  Restart |  Iteration |  Best Feas. Cost |    Best Cost |   Curr. Cost |   Penalty Custom Res. |   Penalty Standard Res. |   Pool |   Time (s) |
------------------------------------------------------------------------------------------------------------------------------------------------
|        1 |          1 |           856.10 |       856.10 |       862.30 |                  4.03 |                    0.10 |     55 |     0.3597 |
|        1 |          2 |           856.10 |       856.10 |       856.10 |                  3.62 |                    0.10 |     58 |     0.8595 |
|        1 |          3 |           856.10 |       856.10 |       856.10 |                  1.60 |                    0.11 |     58 |     0.9206 |
|        1 |          4 |           856.10 |       854.60 |       854.60 |                  3.55 |                    0.24 |     61 |     1.0034 |
|        1 |          0 |           841.80 |       841.80 |       841.80 |                  0.97 |                    0.10 |     64 |     1.2091 |
|        1 |          1 |           841.80 |       831.96 |       831.96 |                  0.31 |                    0.10 |     67 |     1.3183 |
|        1 |          2 |           841.80 |       831.96 |       836.97 |                  0.85 |                    0.10 |     70 |     1.3857 |
|        1 |          0 |           837.50 |       831.96 |       837.50 |                  0.40 |                    0.10 |     72 |     1.4651 |
|        1 |          1 |           837.50 |       831.12 |       831.12 |                  0.27 |                    0.10 |     73 |     1.5820 |
|        1 |          2 |           837.50 |       831.12 |       831.12 |                  0.41 |                    0.10 |     74 |     1.6566 |
|        1 |          3 |           837.50 |       831.12 |       832.51 |                  0.99 |                    0.10 |     74 |     1.7070 |
|        1 |          4 |           837.50 |       831.12 |       840.21 |                  1.06 |                    0.10 |     75 |     1.7634 |
|        1 |          5 |           837.50 |       831.12 |       832.07 |                  0.67 |                    0.13 |     78 |     1.9156 |
|        1 |          6 |           837.50 |       831.12 |       836.12 |                  1.75 |                    0.13 |     80 |     1.9775 |
|        1 |          7 |           837.50 |       831.12 |       861.56 |                  4.16 |                    0.10 |     83 |     2.0357 |
|        1 |          8 |           837.50 |       831.12 |       837.50 |                  2.34 |                    0.10 |     83 |     2.1220 |
|        1 |          9 |           837.50 |       831.12 |       837.50 |                  1.24 |                    0.10 |     83 |     2.1861 |
|        1 |         10 |           837.50 |       831.12 |       839.60 |                  1.13 |                    0.11 |     86 |     2.2473 |
|        1 |         11 |           837.50 |       831.12 |       839.90 |                  1.23 |                    0.16 |     87 |     2.3097 |
|        1 |         12 |           837.50 |       831.12 |       837.50 |                  0.47 |                    0.10 |     87 |     2.3934 |
|        1 |         13 |           837.50 |       831.12 |       834.65 |                  0.77 |                    0.10 |     88 |     2.4598 |
|        1 |         14 |           837.50 |       831.12 |       839.98 |                  1.55 |                    0.10 |     90 |     2.5115 |
|        1 |         15 |           837.50 |       831.12 |       841.66 |                  1.61 |                    0.11 |     90 |     2.5750 |
|        1 |         16 |           837.50 |       831.12 |       838.28 |                  1.02 |                    0.10 |     90 |     2.6644 |
|        1 |         17 |           837.50 |       830.42 |       830.42 |                  1.13 |                    0.10 |     91 |     2.7172 |
|        1 |         18 |           837.50 |       829.63 |       829.63 |                  4.60 |                    0.10 |     93 |     2.8136 |
|        1 |         19 |           837.50 |       829.63 |       834.32 |                  2.64 |                    0.10 |     93 |     2.8987 |
|        1 |         20 |           837.50 |       829.63 |       849.33 |                  2.11 |                    0.10 |     95 |     2.9676 |
|        1 |         21 |           837.50 |       829.63 |       847.93 |                  3.98 |                    0.10 |     95 |     3.0313 |
|        1 |         22 |           837.50 |       829.63 |       841.20 |                  2.33 |                    0.16 |     97 |     3.1849 |
|        1 |         23 |           837.50 |       829.63 |       841.20 |                  1.21 |                    0.10 |     97 |     3.2385 |
|        1 |         24 |           837.50 |       829.63 |       841.20 |                  0.62 |                    0.10 |     97 |     3.3069 |
|        1 |         25 |           837.50 |       829.63 |       843.70 |                  0.47 |                    0.11 |     99 |     3.3963 |
|        1 |         26 |           837.50 |       829.63 |       843.70 |                  0.53 |                    0.17 |     99 |     3.4591 |
|        1 |         27 |           837.50 |       829.63 |       839.10 |                  0.18 |                    0.10 |    100 |     3.5454 |
|        1 |         28 |           837.50 |       829.63 |       839.10 |                  0.12 |                    0.10 |    100 |     3.6084 |
|        1 |         29 |           837.50 |       829.63 |       853.83 |                  0.30 |                    0.24 |    102 |     3.6698 |
|        1 |          0 |           835.40 |       829.63 |       835.40 |                  0.11 |                    0.11 |    104 |     3.8810 |
|        1 |          1 |           835.40 |       829.63 |       835.40 |                  0.10 |                    0.10 |    104 |     3.9385 |
|        1 |          2 |           835.40 |       829.63 |       835.40 |                  0.13 |                    0.10 |    104 |     4.0028 |
|        1 |          3 |           835.40 |       829.63 |       835.40 |                  0.10 |                    0.10 |    104 |     4.0628 |
|        1 |          4 |           835.40 |       829.63 |       835.40 |                  0.17 |                    0.16 |    104 |     4.1480 |
|        1 |          5 |           835.40 |       829.63 |       835.40 |                  0.12 |                    0.10 |    104 |     4.2234 |
|        1 |          6 |           835.40 |       829.63 |       831.03 |                  0.95 |                    0.82 |    108 |     4.3700 |
|        1 |          7 |           835.40 |       829.63 |       833.19 |                  0.59 |                    0.39 |    109 |     4.4390 |
|        1 |          8 |           835.40 |       829.63 |       832.19 |                  1.42 |                    0.95 |    110 |     4.5022 |
|        1 |          9 |           835.40 |       829.63 |       832.94 |                  0.79 |                    0.42 |    110 |     4.5624 |
|        1 |         10 |           835.40 |       829.63 |       831.84 |                  1.36 |                    0.68 |    110 |     4.6218 |
|        1 |         11 |           835.40 |       829.63 |       832.66 |                  2.51 |                    1.26 |    112 |     4.6842 |
|        1 |          0 |           835.00 |       829.63 |       835.00 |                  1.66 |                    0.50 |    117 |     4.7436 |
|        1 |          1 |           835.00 |       829.63 |       835.00 |                  0.79 |                    0.22 |    117 |     4.7989 |
|        1 |          2 |           835.00 |       829.63 |       839.77 |                  1.16 |                    0.31 |    118 |     4.8570 |
|        1 |          3 |           835.00 |       829.63 |       831.65 |                  1.08 |                    0.23 |    121 |     5.0562 |
|        1 |          4 |           835.00 |       829.63 |       832.53 |                  1.76 |                    0.33 |    121 |     5.1224 |
|        1 |          5 |           835.00 |       829.63 |       839.00 |                  0.98 |                    0.19 |    124 |     5.1988 |
|        1 |          6 |           835.00 |       829.63 |       833.88 |                  1.45 |                    0.18 |    124 |     5.2948 |
|        1 |          7 |           835.00 |       829.63 |       834.37 |                  2.82 |                    0.33 |    124 |     5.3568 |
|        1 |          8 |           835.00 |       829.63 |       831.63 |                  0.81 |                    0.10 |    126 |     5.5436 |
|        1 |          9 |           835.00 |       829.63 |       830.83 |                  0.57 |                    0.10 |    127 |     5.6058 |
|        1 |         10 |           835.00 |       829.63 |       839.60 |                  0.76 |                    0.19 |    130 |     5.7296 |
|        1 |         11 |           835.00 |       829.63 |       848.50 |                  0.34 |                    0.10 |    132 |     5.8107 |
|        1 |         12 |           835.00 |       829.63 |       837.40 |                  0.11 |                    0.10 |    133 |     5.9359 |
|        1 |         13 |           835.00 |       829.63 |       834.45 |                  0.25 |                    0.23 |    133 |     6.0105 |
|        1 |         14 |           835.00 |       829.63 |       838.00 |                  0.40 |                    0.33 |    134 |     6.0762 |
|        1 |         15 |           835.00 |       829.63 |       838.29 |                  0.51 |                    0.19 |    135 |     6.1469 |
|        1 |         16 |           835.00 |       829.63 |       832.02 |                  1.01 |                    0.16 |    136 |     6.3003 |
|        1 |         17 |           835.00 |       829.63 |       841.14 |                  1.44 |                    0.15 |    136 |     6.3674 |
|        1 |         18 |           835.00 |       829.63 |       843.66 |                  1.35 |                    0.14 |    136 |     6.4197 |
|        1 |         19 |           835.00 |       829.63 |       841.00 |                  0.50 |                    0.10 |    140 |     6.5387 |
|        1 |         20 |           835.00 |       829.63 |       840.14 |                  0.61 |                    0.21 |    142 |     6.6556 |
|        1 |         21 |           835.00 |       829.63 |       841.80 |                  0.41 |                    0.10 |    144 |     6.7259 |
|        1 |          0 |           833.70 |       829.63 |       833.70 |                  0.17 |                    0.10 |    144 |     6.7885 |
|        1 |          1 |           833.70 |       815.26 |       815.26 |                  0.33 |                    0.21 |    146 |     6.8528 |
|        1 |          2 |           833.70 |       815.26 |       824.01 |                  0.45 |                    0.28 |    148 |     6.9060 |
|        1 |          3 |           833.70 |       815.26 |       838.40 |                  0.41 |                    0.26 |    149 |     6.9653 |
|        1 |          4 |           833.70 |       815.26 |       835.02 |                  0.72 |                    0.10 |    151 |     7.1090 |
|        1 |          5 |           833.70 |       815.26 |       834.12 |                  1.09 |                    0.11 |    152 |     7.2681 |
|        1 |          6 |           833.70 |       815.26 |       835.59 |                  2.16 |                    0.21 |    155 |     7.3495 |
|        1 |          7 |           833.70 |       815.26 |       837.51 |                  2.21 |                    0.22 |    157 |     7.4163 |
|        1 |          8 |           833.70 |       815.26 |       836.15 |                  4.66 |                    0.45 |    158 |     7.4893 |
|        1 |          9 |           833.70 |       815.26 |       839.50 |                  2.17 |                    0.10 |    160 |     7.6742 |
|        1 |          0 |           831.20 |       815.26 |       831.20 |                  0.32 |                    0.10 |    161 |     7.8415 |
|        1 |          1 |           831.20 |       815.26 |       831.20 |                  0.14 |                    0.10 |    161 |     7.9046 |
|        1 |          2 |           831.20 |       815.26 |       840.38 |                  0.48 |                    0.10 |    162 |     7.9996 |
|        1 |          3 |           831.20 |       815.26 |       831.20 |                  0.80 |                    0.12 |    162 |     8.1121 |
|        1 |          4 |           831.20 |       815.26 |       831.20 |                  0.46 |                    0.10 |    162 |     8.1616 |
|        1 |          5 |           831.20 |       815.26 |       831.20 |                  0.42 |                    0.13 |    162 |     8.2119 |
|        1 |          6 |           831.20 |       815.26 |       831.20 |                  0.25 |                    0.10 |    162 |     8.2676 |
|        1 |          7 |           831.20 |       815.26 |       831.20 |                  0.41 |                    0.18 |    162 |     8.3281 |
|        1 |          8 |           831.20 |       815.26 |       831.20 |                  0.25 |                    0.11 |    162 |     8.3955 |
|        1 |          9 |           831.20 |       815.26 |       831.20 |                  0.37 |                    0.16 |    162 |     8.4590 |
|        1 |         10 |           831.20 |       815.26 |       835.30 |                  0.43 |                    0.10 |    163 |     8.5233 |
|        1 |         11 |           831.20 |       815.26 |       831.95 |                  0.52 |                    0.16 |    164 |     8.6070 |
|        1 |         12 |           831.20 |       815.26 |       830.77 |                  0.89 |                    0.26 |    164 |     8.7207 |
|        1 |         13 |           831.20 |       815.26 |       828.77 |                  1.97 |                    0.56 |    166 |     8.8147 |
|        1 |         14 |           831.20 |       815.26 |       831.15 |                  2.55 |                    0.72 |    166 |     8.8814 |
|        1 |         15 |           831.20 |       815.26 |       832.48 |                  3.33 |                    0.94 |    166 |     8.9326 |
|        1 |         16 |           831.20 |       815.26 |       831.80 |                  1.25 |                    0.29 |    167 |     9.0206 |
|        1 |         17 |           831.20 |       815.26 |       831.20 |                  0.90 |                    0.15 |    167 |     9.0725 |
|        1 |         18 |           831.20 |       815.26 |       831.20 |                  0.54 |                    0.10 |    167 |     9.1187 |
|        1 |         19 |           831.20 |       815.26 |       831.20 |                  0.31 |                    0.10 |    167 |     9.1726 |
|        1 |         20 |           831.20 |       815.26 |       831.20 |                  0.29 |                    0.15 |    167 |     9.2444 |
|        1 |         21 |           831.20 |       815.26 |       831.20 |                  0.55 |                    0.10 |    167 |     9.3146 |
|        1 |         22 |           831.20 |       815.26 |       829.67 |                  1.45 |                    0.24 |    167 |     9.3781 |
|        1 |         23 |           831.20 |       815.26 |       831.28 |                  2.52 |                    0.41 |    168 |     9.4252 |
|        1 |         24 |           831.20 |       815.26 |       835.41 |                  1.47 |                    0.20 |    168 |     9.5767 |
|        1 |         25 |           831.20 |       815.26 |       830.01 |                  0.69 |                    0.10 |    168 |     9.6869 |
|        1 |         26 |           831.20 |       815.26 |       828.92 |                  0.99 |                    0.14 |    168 |     9.7477 |
|        1 |         27 |           831.20 |       815.26 |       830.78 |                  1.26 |                    0.13 |    168 |     9.8219 |
|        1 |         28 |           831.20 |       815.26 |       831.07 |                  2.92 |                    0.29 |    168 |     9.8817 |
|        1 |         29 |           831.20 |       815.26 |       864.90 |                  0.94 |                    0.10 |    171 |     9.9590 |
|        1 |         30 |           831.20 |       815.26 |       864.90 |                  0.48 |                    0.10 |    171 |    10.0130 |
|        1 |         31 |           831.20 |       815.26 |       864.90 |                  0.22 |                    0.10 |    171 |    10.0751 |
|        1 |         32 |           831.20 |       815.26 |       834.00 |                  0.27 |                    0.15 |    172 |    10.2113 |
|        1 |         33 |           831.20 |       815.26 |       835.42 |                  0.62 |                    0.27 |    173 |    10.3395 |
|        1 |         34 |           831.20 |       815.26 |       838.64 |                  0.94 |                    0.15 |    173 |    10.4252 |
|        1 |         35 |           831.20 |       815.26 |       840.30 |                  1.74 |                    0.27 |    173 |    10.4696 |
|        1 |         36 |           831.20 |       815.26 |       844.96 |                  0.68 |                    0.10 |    173 |    10.5406 |
|        1 |         37 |           831.20 |       815.26 |       839.02 |                  1.03 |                    0.15 |    173 |    10.5977 |
|        1 |         38 |           831.20 |       815.26 |       833.30 |                  0.83 |                    0.10 |    175 |    10.6936 |
|        1 |         39 |           831.20 |       815.26 |       828.72 |                  1.01 |                    0.13 |    175 |    10.7681 |
|        1 |         40 |           831.20 |       815.26 |       829.37 |                  1.68 |                    0.21 |    175 |    10.8216 |
|        1 |         41 |           831.20 |       815.26 |       841.30 |                  0.67 |                    0.10 |    177 |    10.9092 |
|        1 |         42 |           831.20 |       815.26 |       839.10 |                  0.46 |                    0.15 |    179 |    11.0221 |
|        1 |         43 |           831.20 |       815.26 |       837.36 |                  0.57 |                    0.21 |    182 |    11.1291 |
|        1 |         44 |           831.20 |       815.26 |       841.65 |                  0.99 |                    0.36 |    184 |    11.2325 |
|        1 |         45 |           831.20 |       815.26 |       839.00 |                  0.69 |                    0.25 |    184 |    11.3007 |
|        1 |         46 |           831.20 |       815.26 |       839.70 |                  0.70 |                    0.25 |    186 |    11.3756 |
|        1 |         47 |           831.20 |       815.26 |       843.20 |                  0.76 |                    0.28 |    187 |    11.4689 |
|        1 |         48 |           831.20 |       815.26 |       832.14 |                  0.63 |                    0.20 |    189 |    11.5881 |
|        1 |         49 |           831.20 |       815.26 |       831.19 |                  1.20 |                    0.39 |    189 |    11.6388 |
|        1 |         50 |           831.20 |       815.26 |       832.43 |                  1.13 |                    0.35 |    189 |    11.6983 |
|        1 |         51 |           831.20 |       815.26 |       832.13 |                  0.82 |                    0.22 |    189 |    11.7651 |
|        1 |         52 |           831.20 |       815.26 |       831.56 |                  0.63 |                    0.10 |    189 |    11.8306 |
|        1 |         53 |           831.20 |       815.26 |       833.46 |                  1.60 |                    0.25 |    189 |    11.9128 |
|        1 |         54 |           831.20 |       815.26 |       832.08 |                  1.34 |                    0.19 |    190 |    11.9974 |
|        1 |         55 |           831.20 |       815.26 |       835.64 |                  0.82 |                    0.12 |    190 |    12.0560 |
|        1 |         56 |           831.20 |       815.26 |       834.80 |                  0.84 |                    0.11 |    191 |    12.1316 |
|        1 |          0 |           827.00 |       815.26 |       827.00 |                  0.34 |                    0.10 |    191 |    12.2291 |
|        1 |          1 |           827.00 |       815.26 |       827.00 |                  0.26 |                    0.15 |    191 |    12.3028 |
|        1 |          2 |           827.00 |       815.26 |       832.80 |                  0.23 |                    0.15 |    193 |    12.4373 |
|        1 |          3 |           827.00 |       815.26 |       830.00 |                  0.13 |                    0.10 |    193 |    12.4915 |
|        1 |          4 |           827.00 |       815.26 |       830.00 |                  0.10 |                    0.10 |    193 |    12.5469 |
|        1 |          5 |           827.00 |       813.55 |       813.55 |                  0.27 |                    0.13 |    194 |    12.6257 |
|        1 |          6 |           827.00 |       813.55 |       819.69 |                  0.59 |                    0.12 |    195 |    12.6783 |
|        1 |          7 |           827.00 |       813.55 |       830.33 |                  1.07 |                    0.10 |    197 |    12.7754 |
|        1 |          8 |           827.00 |       813.55 |       851.09 |                  2.36 |                    0.10 |    200 |    12.8285 |
|        1 |          9 |           827.00 |       813.55 |       833.70 |                  2.60 |                    0.18 |    200 |    12.9649 |
|        1 |         10 |           827.00 |       813.55 |       833.70 |                  0.92 |                    0.10 |    200 |    13.0692 |
|        1 |         11 |           827.00 |       813.55 |       833.70 |                  1.12 |                    0.12 |    200 |    13.1331 |
|        1 |         12 |           827.00 |       813.55 |       833.70 |                  1.09 |                    0.12 |    200 |    13.1899 |
|        1 |         13 |           827.00 |       813.55 |       833.70 |                  0.63 |                    0.10 |    200 |    13.2376 |
|        1 |         14 |           827.00 |       813.55 |       833.70 |                  0.48 |                    0.13 |    200 |    13.2954 |
|        1 |         15 |           827.00 |       813.55 |       833.70 |                  0.24 |                    0.10 |    200 |    13.3560 |
|        1 |         16 |           827.00 |       813.55 |       839.45 |                  0.63 |                    0.23 |    201 |    13.4205 |
|        1 |         17 |           827.00 |       813.55 |       838.40 |                  0.25 |                    0.10 |    201 |    13.5647 |
|        1 |         18 |           827.00 |       813.55 |       839.10 |                  0.26 |                    0.12 |    201 |    13.6385 |
|        1 |         19 |           827.00 |       813.55 |       839.10 |                  0.24 |                    0.13 |    201 |    13.6982 |
|        1 |         20 |           827.00 |       813.55 |       839.10 |                  0.16 |                    0.10 |    201 |    13.7551 |
|        1 |         21 |           827.00 |       813.55 |       840.52 |                  0.39 |                    0.24 |    201 |    13.8119 |
|        1 |         22 |           827.00 |       813.55 |       839.10 |                  0.20 |                    0.11 |    201 |    13.8907 |
|        1 |         23 |           827.00 |       813.55 |       839.10 |                  0.36 |                    0.20 |    201 |    13.9443 |
|        1 |         24 |           827.00 |       813.55 |       844.90 |                  0.40 |                    0.20 |    201 |    14.0217 |
|        1 |         25 |           827.00 |       813.55 |       834.90 |                  0.21 |                    0.10 |    202 |    14.1533 |
|        1 |         26 |           827.00 |       813.55 |       834.90 |                  0.28 |                    0.17 |    202 |    14.2078 |
|        1 |         27 |           827.00 |       813.55 |       834.90 |                  0.15 |                    0.10 |    202 |    14.2615 |
|        1 |         28 |           827.00 |       813.55 |       832.20 |                  0.14 |                    0.11 |    203 |    14.3503 |
|        1 |         29 |           827.00 |       813.55 |       832.20 |                  0.10 |                    0.10 |    203 |    14.4171 |
|        1 |         30 |           827.00 |       813.55 |       832.20 |                  0.24 |                    0.24 |    203 |    14.4903 |
|        1 |         31 |           827.00 |       813.55 |       831.20 |                  0.22 |                    0.17 |    203 |    14.5966 |
|        1 |         32 |           827.00 |       813.55 |       831.20 |                  0.12 |                    0.10 |    203 |    14.6629 |
|        1 |         33 |           827.00 |       813.55 |       831.10 |                  0.10 |                    0.10 |    203 |    14.7619 |
|        1 |         34 |           827.00 |       813.55 |       827.55 |                  0.23 |                    0.23 |    203 |    14.8261 |
|        1 |         35 |           827.00 |       813.55 |       840.59 |                  0.43 |                    0.20 |    203 |    14.9284 |
|        1 |         36 |           827.00 |       813.55 |       834.80 |                  0.30 |                    0.11 |    203 |    15.0185 |
|        1 |         37 |           827.00 |       813.55 |       834.80 |                  0.15 |                    0.10 |    203 |    15.0984 |
|        1 |         38 |           827.00 |       813.55 |       834.80 |                  0.24 |                    0.15 |    203 |    15.1528 |
|        1 |         39 |           827.00 |       813.55 |       834.80 |                  0.10 |                    0.10 |    203 |    15.2253 |
|        1 |         40 |           827.00 |       813.55 |       834.80 |                  0.16 |                    0.16 |    203 |    15.2905 |
|        1 |         41 |           827.00 |       813.55 |       834.80 |                  0.13 |                    0.13 |    203 |    15.3679 |
|        1 |         42 |           827.00 |       813.55 |       828.65 |                  0.21 |                    0.21 |    203 |    15.4767 |
|        1 |         43 |           827.00 |       813.55 |       833.02 |                  0.26 |                    0.14 |    204 |    15.5655 |
|        1 |         44 |           827.00 |       813.55 |       832.50 |                  0.22 |                    0.10 |    204 |    15.6304 |
|        1 |         45 |           827.00 |       813.55 |       831.63 |                  0.23 |                    0.10 |    204 |    15.6992 |
|        1 |         46 |           827.00 |       813.55 |       830.30 |                  0.17 |                    0.11 |    205 |    15.8323 |
|        1 |         47 |           827.00 |       813.55 |       838.70 |                  0.18 |                    0.10 |    207 |    15.9013 |
|        1 |         48 |           827.00 |       813.55 |       829.45 |                  0.25 |                    0.17 |    207 |    15.9708 |
|        1 |         49 |           827.00 |       813.55 |       830.17 |                  0.60 |                    0.41 |    207 |    16.0369 |
|        1 |         50 |           827.00 |       813.55 |       833.08 |                  1.43 |                    0.97 |    207 |    16.0985 |
|        1 |         51 |           827.00 |       813.55 |       833.83 |                  1.70 |                    0.54 |    207 |    16.2028 |
|        1 |         52 |           827.00 |       813.55 |       834.52 |                  2.09 |                    0.67 |    207 |    16.2628 |
|        1 |         53 |           827.00 |       813.55 |       835.10 |                  1.14 |                    0.36 |    209 |    16.3162 |
|        1 |         54 |           827.00 |       813.55 |       831.60 |                  0.73 |                    0.23 |    209 |    16.3740 |
|        1 |         55 |           827.00 |       813.55 |       830.00 |                  1.87 |                    0.60 |    209 |    16.4397 |
|        1 |         56 |           827.00 |       813.55 |       838.10 |                  0.86 |                    0.27 |    210 |    16.5154 |
|        1 |         57 |           827.00 |       813.55 |       832.54 |                  0.94 |                    0.29 |    210 |    16.5650 |
|        1 |         58 |           827.00 |       813.55 |       837.60 |                  0.42 |                    0.12 |    211 |    16.6319 |
|        1 |         59 |           827.00 |       813.55 |       829.39 |                  0.60 |                    0.24 |    212 |    16.7255 |
|        1 |         60 |           827.00 |       813.55 |       831.20 |                  1.71 |                    0.45 |    212 |    16.8081 |
|        1 |         61 |           827.00 |       813.55 |       832.28 |                  0.87 |                    0.23 |    212 |    16.8682 |
|        1 |         62 |           827.00 |       813.55 |       830.16 |                  1.82 |                    0.48 |    212 |    16.9346 |
|        1 |         63 |           827.00 |       813.55 |       834.20 |                  0.78 |                    0.21 |    213 |    17.0099 |
|        1 |         64 |           827.00 |       813.55 |       834.20 |                  0.96 |                    0.23 |    213 |    17.0704 |
|        1 |         65 |           827.00 |       813.55 |       834.20 |                  1.86 |                    0.44 |    213 |    17.1435 |
|        1 |         66 |           827.00 |       813.55 |       834.20 |                  0.87 |                    0.20 |    213 |    17.1989 |
|        1 |         67 |           827.00 |       813.55 |       831.93 |                  0.80 |                    0.18 |    213 |    17.2681 |
|        1 |         68 |           827.00 |       813.55 |       837.21 |                  0.90 |                    0.17 |    213 |    17.3311 |
|        1 |         69 |           827.00 |       813.55 |       839.10 |                  0.39 |                    0.10 |    213 |    17.3980 |
|        1 |         70 |           827.00 |       813.55 |       839.10 |                  0.33 |                    0.10 |    213 |    17.4670 |
|        1 |         71 |           827.00 |       813.55 |       839.10 |                  0.28 |                    0.10 |    213 |    17.5283 |
|        1 |         72 |           827.00 |       813.55 |       854.58 |                  0.28 |                    0.10 |    213 |    17.5979 |
|        1 |         73 |           827.00 |       813.55 |       833.70 |                  0.21 |                    0.10 |    213 |    17.6621 |
|        1 |         74 |           827.00 |       813.55 |       833.70 |                  0.21 |                    0.15 |    213 |    17.7271 |
|        1 |         75 |           827.00 |       813.55 |       833.70 |                  0.28 |                    0.18 |    213 |    17.7942 |
|        1 |         76 |           827.00 |       813.55 |       832.30 |                  0.16 |                    0.11 |    213 |    17.8567 |
|        1 |         77 |           827.00 |       813.55 |       824.47 |                  0.18 |                    0.13 |    214 |    17.9375 |
|        1 |         78 |           827.00 |       813.55 |       839.10 |                  0.27 |                    0.11 |    214 |    18.0205 |
|        1 |         79 |           827.00 |       813.55 |       839.10 |                  0.26 |                    0.14 |    214 |    18.0818 |
|        1 |         80 |           827.00 |       813.55 |       836.70 |                  0.17 |                    0.10 |    214 |    18.2779 |
|        1 |         81 |           827.00 |       813.55 |       837.00 |                  0.14 |                    0.10 |    215 |    18.3363 |
|        1 |         82 |           827.00 |       813.55 |       837.80 |                  0.10 |                    0.10 |    217 |    18.3903 |
|        1 |         83 |           827.00 |       813.55 |       838.30 |                  0.20 |                    0.16 |    217 |    18.4900 |
|        1 |         84 |           827.00 |       813.55 |       834.58 |                  0.65 |                    0.26 |    219 |    18.6148 |
|        1 |         85 |           827.00 |       813.55 |       834.80 |                  1.02 |                    0.39 |    220 |    18.6830 |
|        1 |         86 |           827.00 |       813.55 |       834.80 |                  1.03 |                    0.38 |    220 |    18.7426 |
|        1 |         87 |           827.00 |       813.55 |       841.15 |                  0.50 |                    0.16 |    221 |    18.8056 |
|        1 |         88 |           827.00 |       813.55 |       839.05 |                  1.59 |                    0.34 |    221 |    18.9037 |
|        1 |         89 |           827.00 |       813.55 |       835.00 |                  0.76 |                    0.10 |    222 |    19.0815 |
|        1 |         90 |           827.00 |       813.55 |       829.80 |                  0.43 |                    0.10 |    222 |    19.1401 |
|        1 |         91 |           827.00 |       813.55 |       817.23 |                  1.18 |                    0.17 |    223 |    19.2259 |
|        1 |         92 |           827.00 |       813.55 |       822.92 |                  0.83 |                    0.10 |    223 |    19.2923 |
|        1 |         93 |           827.00 |       813.55 |       819.74 |                  2.38 |                    0.22 |    223 |    19.3604 |
|        1 |         94 |           827.00 |       813.55 |       841.00 |                  1.55 |                    0.10 |    224 |    19.4646 |
|        1 |         95 |           827.00 |       813.55 |       841.00 |                  1.17 |                    0.11 |    224 |    19.5284 |
|        1 |         96 |           827.00 |       813.55 |       837.50 |                  1.12 |                    0.10 |    226 |    19.5985 |
|        1 |         97 |           827.00 |       813.55 |       830.20 |                  0.96 |                    0.11 |    226 |    19.6881 |
|        1 |          0 |           826.30 |       813.55 |       826.30 |                  0.90 |                    0.15 |    227 |    19.7517 |
|        1 |          1 |           826.30 |       813.55 |       829.80 |                  0.73 |                    0.11 |    227 |    19.8111 |
|        1 |          2 |           826.30 |       813.55 |       838.40 |                  0.78 |                    0.15 |    228 |    19.9085 |
------------------------------------------------------------------------------------------------------------------------------------------------
|  Restart |  Iteration |  Best Feas. Cost |    Best Cost |   Curr. Cost |   Penalty Custom Res. |   Penalty Standard Res. |   Pool |   Time (s) |
------------------------------------------------------------------------------------------------------------------------------------------------
|        1 |          3 |           826.30 |       813.55 |       832.60 |                  0.61 |                    0.14 |    230 |    20.0093 |
|        1 |          4 |           826.30 |       813.55 |       838.34 |                  0.62 |                    0.11 |    230 |    20.1038 |
|        1 |          5 |           826.30 |       813.55 |       841.19 |                  1.19 |                    0.22 |    230 |    20.1693 |
|        1 |          6 |           826.30 |       813.55 |       841.84 |                  0.98 |                    0.17 |    231 |    20.2935 |
|        1 |          7 |           826.30 |       813.55 |       843.56 |                  0.71 |                    0.12 |    233 |    20.3646 |
|        1 |          8 |           826.30 |       813.55 |       840.82 |                  1.08 |                    0.16 |    233 |    20.4208 |
|        1 |          9 |           826.30 |       813.55 |       841.60 |                  0.52 |                    0.13 |    236 |    20.5357 |
|        1 |         10 |           826.30 |       813.55 |       838.10 |                  0.40 |                    0.11 |    236 |    20.5997 |
|        1 |         11 |           826.30 |       813.55 |       838.10 |                  0.47 |                    0.15 |    236 |    20.6538 |
|        1 |         12 |           826.30 |       813.55 |       834.20 |                  0.15 |                    0.10 |    236 |    20.7819 |
|        1 |         13 |           826.30 |       813.55 |       834.20 |                  0.10 |                    0.10 |    236 |    20.8271 |
|        1 |         14 |           826.30 |       813.55 |       834.20 |                  0.12 |                    0.10 |    236 |    20.8777 |
|        1 |         15 |           826.30 |       813.55 |       839.69 |                  0.32 |                    0.21 |    237 |    20.9423 |
|        1 |         16 |           826.30 |       813.55 |       833.39 |                  1.20 |                    0.18 |    237 |    21.0606 |
|        1 |         17 |           826.30 |       813.55 |       837.02 |                  1.10 |                    0.14 |    237 |    21.1242 |
|        1 |         18 |           826.30 |       813.55 |       835.94 |                  2.86 |                    0.27 |    237 |    21.1988 |
|        1 |         19 |           826.30 |       813.55 |       844.71 |                  2.74 |                    0.23 |    237 |    21.2543 |
|        1 |         20 |           826.30 |       813.55 |       840.60 |                  1.87 |                    0.15 |    238 |    21.3805 |
|        1 |         21 |           826.30 |       813.55 |       839.04 |                  1.63 |                    0.15 |    239 |    21.4839 |
|        1 |         22 |           826.30 |       813.55 |       839.60 |                  2.15 |                    0.20 |    241 |    21.5494 |
|        1 |         23 |           826.30 |       813.55 |       839.60 |                  2.91 |                    0.27 |    241 |    21.6269 |
|        1 |         24 |           826.30 |       813.55 |       839.60 |                  3.08 |                    0.27 |    241 |    21.6979 |
|        1 |         25 |           826.30 |       813.55 |       839.60 |                  1.48 |                    0.13 |    241 |    21.7641 |
|        1 |         26 |           826.30 |       813.55 |       836.60 |                  1.01 |                    0.10 |    242 |    21.8714 |
|        1 |         27 |           826.30 |       813.55 |       834.42 |                  0.98 |                    0.13 |    243 |    21.9595 |
|        1 |         28 |           826.30 |       813.55 |       838.28 |                  0.95 |                    0.12 |    243 |    22.0240 |
|        1 |         29 |           826.30 |       813.55 |       838.51 |                  0.82 |                    0.11 |    243 |    22.1121 |
|        1 |         30 |           826.30 |       813.55 |       831.00 |                  1.00 |                    0.12 |    244 |    22.2363 |
|        1 |         31 |           826.30 |       813.55 |       838.04 |                  2.45 |                    0.28 |    244 |    22.2979 |
|        1 |          0 |           823.30 |       813.55 |       823.30 |                  2.09 |                    0.17 |    244 |    22.4383 |
|        1 |          1 |           823.30 |       813.55 |       830.06 |                  2.89 |                    0.23 |    244 |    22.5068 |
|        1 |          2 |           823.30 |       813.55 |       832.52 |                  3.18 |                    0.26 |    244 |    22.5603 |
|        1 |          3 |           823.30 |       813.55 |       833.49 |                  1.57 |                    0.13 |    244 |    22.6175 |
|        1 |          4 |           823.30 |       813.55 |       828.08 |                  2.50 |                    0.20 |    244 |    22.6905 |
|        1 |          5 |           823.30 |       813.55 |       831.17 |                  3.50 |                    0.28 |    244 |    22.7582 |
|        1 |          6 |           823.30 |       813.55 |       834.57 |                  2.61 |                    0.21 |    244 |    22.8228 |
|        1 |          7 |           823.30 |       813.55 |       826.30 |                  0.86 |                    0.10 |    244 |    22.9468 |
|        1 |          8 |           823.30 |       813.55 |       831.80 |                  1.79 |                    0.18 |    244 |    23.0103 |
|        1 |          9 |           823.30 |       813.55 |       828.10 |                  0.96 |                    0.10 |    245 |    23.0780 |
|        1 |         10 |           823.30 |       813.55 |       826.30 |                  0.43 |                    0.10 |    245 |    23.1885 |
|        1 |         11 |           823.30 |       813.55 |       826.30 |                  0.44 |                    0.13 |    245 |    23.2528 |
|        1 |         12 |           823.30 |       813.55 |       831.70 |                  0.42 |                    0.13 |    245 |    23.3148 |
|        1 |         13 |           823.30 |       813.55 |       831.70 |                  0.77 |                    0.10 |    245 |    23.3879 |
|        1 |         14 |           823.30 |       813.55 |       830.54 |                  1.60 |                    0.25 |    245 |    23.4616 |
|        1 |         15 |           823.30 |       813.55 |       835.49 |                  0.95 |                    0.14 |    245 |    23.5189 |
|        1 |         16 |           823.30 |       813.55 |       834.06 |                  2.12 |                    0.32 |    245 |    23.5908 |
|        1 |         17 |           823.30 |       813.55 |       832.20 |                  0.64 |                    0.10 |    246 |    23.7052 |
|        1 |         18 |           823.30 |       813.55 |       826.30 |                  0.92 |                    0.14 |    246 |    23.7729 |
|        1 |         19 |           823.30 |       813.55 |       826.30 |                  1.28 |                    0.19 |    246 |    23.8351 |
|        1 |         20 |           823.30 |       813.55 |       826.30 |                  0.49 |                    0.10 |    246 |    23.9097 |
|        1 |         21 |           823.30 |       813.55 |       826.30 |                  0.64 |                    0.13 |    246 |    23.9874 |
|        1 |         22 |           823.30 |       813.55 |       826.30 |                  0.83 |                    0.14 |    246 |    24.0523 |
|        1 |         23 |           823.30 |       813.55 |       826.30 |                  0.76 |                    0.12 |    246 |    24.1113 |
|        1 |         24 |           823.30 |       813.55 |       831.20 |                  0.75 |                    0.13 |    248 |    24.1779 |
|        1 |         25 |           823.30 |       813.55 |       830.70 |                  0.29 |                    0.10 |    248 |    24.2398 |
|        1 |         26 |           823.30 |       813.55 |       830.70 |                  0.61 |                    0.22 |    248 |    24.3030 |
|        1 |         27 |           823.30 |       813.55 |       829.24 |                  0.97 |                    0.35 |    248 |    24.3945 |
|        1 |         28 |           823.30 |       813.55 |       831.56 |                  1.05 |                    0.38 |    248 |    24.4602 |
|        1 |         29 |           823.30 |       813.55 |       836.78 |                  0.44 |                    0.14 |    248 |    24.6247 |
|        1 |         30 |           823.30 |       813.55 |       832.55 |                  1.05 |                    0.31 |    248 |    24.6949 |
|        1 |         31 |           823.30 |       813.55 |       831.47 |                  2.29 |                    0.65 |    248 |    24.7455 |
|        1 |         32 |           823.30 |       813.55 |       835.60 |                  1.64 |                    0.40 |    251 |    24.8130 |
|        1 |         33 |           823.30 |       813.55 |       840.80 |                  1.16 |                    0.24 |    251 |    24.9195 |
|        1 |         34 |           823.30 |       813.55 |       829.80 |                  1.73 |                    0.36 |    251 |    25.0099 |
|        1 |         35 |           823.30 |       813.55 |       834.50 |                  0.56 |                    0.10 |    251 |    25.1101 |
|        1 |         36 |           823.30 |       813.55 |       834.50 |                  0.93 |                    0.19 |    251 |    25.1650 |
|        1 |         37 |           823.30 |       813.55 |       842.68 |                  1.26 |                    0.17 |    251 |    25.2336 |
|        1 |         38 |           823.30 |       813.55 |       840.90 |                  0.38 |                    0.10 |    252 |    25.4021 |
|        1 |         39 |           823.30 |       813.55 |       840.90 |                  0.46 |                    0.17 |    252 |    25.5145 |
|        1 |         40 |           823.30 |       813.55 |       837.00 |                  0.43 |                    0.16 |    252 |    25.6586 |
|        1 |         41 |           823.30 |       813.55 |       842.80 |                  0.41 |                    0.13 |    252 |    25.7380 |
|        1 |         42 |           823.30 |       813.55 |       835.94 |                  0.88 |                    0.26 |    254 |    25.8930 |
|        1 |         43 |           823.30 |       813.55 |       856.32 |                  2.35 |                    0.10 |    255 |    25.9759 |
|        1 |         44 |           823.30 |       813.55 |       865.50 |                  4.22 |                    0.10 |    255 |    26.0513 |
|        1 |         45 |           823.30 |       813.55 |       839.10 |                  0.84 |                    0.10 |    255 |    26.3368 |
|        1 |         46 |           823.30 |       813.55 |       844.90 |                  0.42 |                    0.11 |    256 |    26.4056 |
|        1 |         47 |           823.30 |       813.55 |       838.80 |                  0.27 |                    0.10 |    256 |    26.4777 |
|        1 |         48 |           823.30 |       813.55 |       835.10 |                  0.30 |                    0.14 |    256 |    26.5805 |
|        1 |         49 |           823.30 |       813.55 |       824.50 |                  0.20 |                    0.10 |    257 |    26.6759 |
|        1 |         50 |           823.30 |       813.55 |       822.06 |                  2.64 |                    0.10 |    258 |    26.8726 |
|        1 |         51 |           823.30 |       813.55 |       822.06 |                  1.73 |                    0.10 |    258 |    26.9397 |
|        1 |         52 |           823.30 |       813.55 |       824.42 |                  2.29 |                    0.10 |    258 |    27.0140 |
|        1 |         53 |           823.30 |       813.55 |       825.71 |                  2.07 |                    0.10 |    258 |    27.0633 |
|        1 |         54 |           823.30 |       813.55 |       826.34 |                  2.66 |                    0.10 |    258 |    27.1316 |
|        1 |         55 |           823.30 |       813.55 |       834.90 |                  1.45 |                    0.10 |    259 |    27.2054 |
|        1 |         56 |           823.30 |       813.55 |       837.78 |                  1.57 |                    0.10 |    262 |    27.2673 |
|        1 |         57 |           823.30 |       813.55 |       839.35 |                  2.52 |                    0.10 |    264 |    27.3472 |
|        1 |         58 |           823.30 |       813.55 |       846.38 |                  2.50 |                    0.10 |    268 |    27.4599 |
|        1 |         59 |           823.30 |       813.55 |       875.41 |                  3.20 |                    0.10 |    271 |    27.5202 |
|        1 |         60 |           823.30 |       813.55 |       870.10 |                  1.38 |                    0.10 |    274 |    27.6286 |
|        1 |         61 |           823.30 |       813.55 |       865.51 |                  1.15 |                    0.10 |    274 |    27.6837 |
|        1 |         62 |           823.30 |       813.55 |       864.90 |                  3.02 |                    0.10 |    274 |    27.7480 |
|        1 |         63 |           823.30 |       813.55 |       868.76 |                  2.78 |                    0.10 |    274 |    27.7976 |
|        1 |         64 |           823.30 |       813.55 |       841.70 |                  0.78 |                    0.10 |    276 |    27.9790 |
|        1 |         65 |           823.30 |       813.55 |       846.00 |                  0.80 |                    0.13 |    276 |    28.0705 |
|        1 |         66 |           823.30 |       813.55 |       841.70 |                  0.93 |                    0.12 |    276 |    28.1686 |
|        1 |         67 |           823.30 |       813.55 |       831.24 |                  1.11 |                    0.20 |    277 |    28.2800 |
|        1 |         68 |           823.30 |       813.55 |       832.28 |                  0.73 |                    0.10 |    277 |    28.3708 |
|        1 |         69 |           823.30 |       813.55 |       836.83 |                  1.17 |                    0.16 |    277 |    28.4367 |
|        1 |         70 |           823.30 |       813.55 |       833.18 |                  1.47 |                    0.19 |    279 |    28.6726 |
|        1 |         71 |           823.30 |       813.55 |       834.07 |                  0.71 |                    0.10 |    279 |    28.7610 |
|        1 |         72 |           823.30 |       813.55 |       832.61 |                  0.95 |                    0.13 |    279 |    28.8556 |
|        1 |         73 |           823.30 |       813.55 |       838.50 |                  0.80 |                    0.10 |    280 |    28.9827 |
|        1 |         74 |           823.30 |       813.55 |       838.50 |                  0.73 |                    0.10 |    280 |    29.0480 |
|        1 |         75 |           823.30 |       813.55 |       833.10 |                  0.82 |                    0.19 |    280 |    29.1787 |
|        1 |         76 |           823.30 |       813.55 |       833.10 |                  0.35 |                    0.10 |    280 |    29.2458 |
|        1 |         77 |           823.30 |       813.55 |       833.10 |                  0.19 |                    0.10 |    280 |    29.3336 |
|        1 |         78 |           823.30 |       813.55 |       833.10 |                  0.14 |                    0.10 |    280 |    29.4750 |
|        1 |         79 |           823.30 |       813.55 |       838.50 |                  0.11 |                    0.11 |    280 |    29.5543 |
|        1 |         80 |           823.30 |       813.55 |       838.50 |                  0.10 |                    0.10 |    280 |    29.6235 |
|        1 |         81 |           823.30 |       813.55 |       832.97 |                  0.26 |                    0.12 |    281 |    29.7711 |
|        1 |         82 |           823.30 |       813.55 |       833.10 |                  0.20 |                    0.13 |    281 |    29.8487 |
|        1 |         83 |           823.30 |       813.55 |       833.10 |                  0.29 |                    0.16 |    281 |    29.9136 |
|        1 |         84 |           823.30 |       813.55 |       833.10 |                  0.37 |                    0.12 |    281 |    29.9881 |
|        1 |         85 |           823.30 |       813.55 |       833.10 |                  0.52 |                    0.18 |    281 |    30.0525 |
|        1 |         86 |           823.30 |       813.55 |       817.25 |                  0.71 |                    0.12 |    282 |    30.1642 |
|        1 |         87 |           823.30 |       813.55 |       817.54 |                  1.54 |                    0.11 |    282 |    30.2221 |
|        1 |         88 |           823.30 |       813.55 |       835.57 |                  3.38 |                    0.10 |    283 |    30.2960 |
|        1 |         89 |           823.30 |       813.55 |       825.76 |                  3.53 |                    0.10 |    284 |    30.4286 |
|        1 |         90 |           823.30 |       813.55 |       843.90 |                  1.33 |                    0.10 |    286 |    30.5096 |
|        1 |         91 |           823.30 |       813.55 |       823.97 |                  2.98 |                    0.10 |    286 |    30.5694 |
|        1 |         92 |           823.30 |       813.55 |       827.09 |                  4.21 |                    0.10 |    286 |    30.6298 |
|        1 |         93 |           823.30 |       813.55 |       824.14 |                  3.02 |                    0.10 |    287 |    30.7938 |
|        1 |         94 |           823.30 |       813.55 |       823.84 |                  3.10 |                    0.10 |    287 |    30.8535 |
|        1 |         95 |           823.30 |       813.55 |       824.14 |                  1.47 |                    0.10 |    287 |    30.9374 |
|        1 |         96 |           823.30 |       813.55 |       819.43 |                  1.01 |                    0.10 |    287 |    31.0009 |
|        1 |         97 |           823.30 |       813.55 |       822.41 |                  1.44 |                    0.10 |    287 |    31.0663 |
|        1 |         98 |           823.30 |       813.55 |       823.51 |                  3.94 |                    0.10 |    287 |    31.1511 |
|        1 |         99 |           823.30 |       813.55 |       830.91 |                  2.26 |                    0.10 |    287 |    31.2408 |
|        1 |        100 |           823.30 |       813.55 |       826.14 |                  1.21 |                    0.10 |    287 |    31.3210 |
|        1 |        101 |           823.30 |       813.55 |       832.40 |                  1.61 |                    0.10 |    287 |    31.4571 |
|        1 |        102 |           823.30 |       813.55 |       839.40 |                  1.32 |                    0.11 |    290 |    31.5223 |
|        1 |        103 |           823.30 |       813.55 |       839.70 |                  0.66 |                    0.10 |    291 |    31.5996 |
|        1 |        104 |           823.30 |       813.55 |       832.08 |                  0.61 |                    0.10 |    292 |    31.7225 |
|        1 |        105 |           823.30 |       813.55 |       838.90 |                  0.63 |                    0.14 |    293 |    31.8133 |
|        1 |        106 |           823.30 |       813.55 |       833.10 |                  0.44 |                    0.11 |    293 |    31.9011 |
|        1 |        107 |           823.30 |       813.55 |       833.10 |                  0.55 |                    0.16 |    293 |    31.9571 |
|        1 |        108 |           823.30 |       813.55 |       832.30 |                  0.42 |                    0.14 |    293 |    32.0374 |
|        1 |        109 |           823.30 |       813.55 |       832.30 |                  0.40 |                    0.15 |    293 |    32.1063 |
|        1 |        110 |           823.30 |       813.55 |       832.30 |                  0.20 |                    0.10 |    293 |    32.1660 |
|        1 |        111 |           823.30 |       813.55 |       832.30 |                  0.15 |                    0.11 |    293 |    32.2146 |
|        1 |        112 |           823.30 |       813.55 |       832.30 |                  0.10 |                    0.10 |    293 |    32.2602 |
|        1 |        113 |           823.30 |       813.55 |       832.14 |                  0.10 |                    0.10 |    293 |    32.3273 |
|        1 |        114 |           823.30 |       813.55 |       834.20 |                  0.18 |                    0.17 |    294 |    32.4111 |
|        1 |        115 |           823.30 |       813.55 |       831.20 |                  0.12 |                    0.10 |    294 |    32.4767 |
|        1 |        116 |           823.30 |       813.55 |       831.20 |                  0.14 |                    0.10 |    294 |    32.5394 |
|        1 |        117 |           823.30 |       813.55 |       831.20 |                  0.17 |                    0.16 |    294 |    32.6046 |
|        1 |        118 |           823.30 |       813.55 |       830.00 |                  0.11 |                    0.11 |    294 |    32.6768 |
|        1 |        119 |           823.30 |       813.55 |       830.00 |                  0.10 |                    0.10 |    294 |    32.7308 |
|        1 |        120 |           823.30 |       813.55 |       831.20 |                  0.10 |                    0.10 |    294 |    32.8508 |
|        1 |        121 |           823.30 |       813.55 |       831.20 |                  0.17 |                    0.10 |    294 |    32.9166 |
|        1 |        122 |           823.30 |       813.55 |       833.70 |                  0.13 |                    0.11 |    294 |    32.9703 |
|        1 |        123 |           823.30 |       813.55 |       833.58 |                  0.15 |                    0.10 |    294 |    33.0438 |
|        1 |        124 |           823.30 |       813.55 |       833.70 |                  0.13 |                    0.10 |    294 |    33.1006 |
|        1 |        125 |           823.30 |       813.55 |       833.70 |                  0.11 |                    0.11 |    294 |    33.1643 |
|        1 |        126 |           823.30 |       813.55 |       833.55 |                  0.13 |                    0.13 |    294 |    33.2525 |
|        1 |        127 |           823.30 |       813.55 |       833.70 |                  0.11 |                    0.11 |    294 |    33.3039 |
|        1 |        128 |           823.30 |       813.55 |       831.80 |                  0.11 |                    0.10 |    294 |    33.3620 |
|        1 |        129 |           823.30 |       813.55 |       830.00 |                  0.11 |                    0.10 |    294 |    33.4771 |
|        1 |        130 |           823.30 |       813.55 |       813.97 |                  0.10 |                    0.10 |    294 |    33.5383 |
|        1 |        131 |           823.30 |       813.55 |       817.01 |                  0.27 |                    0.16 |    296 |    33.5987 |
|        1 |        132 |           823.30 |       813.55 |       820.65 |                  0.64 |                    0.17 |    296 |    33.6591 |
|        1 |        133 |           823.30 |       813.55 |       822.28 |                  0.63 |                    0.10 |    296 |    33.7322 |
|        1 |        134 |           823.30 |       813.55 |       821.46 |                  1.58 |                    0.22 |    296 |    33.7884 |
|        1 |        135 |           823.30 |       813.55 |       830.83 |                  0.55 |                    0.13 |    299 |    33.9449 |
|        1 |        136 |           823.30 |       813.55 |       835.29 |                  1.41 |                    0.34 |    299 |    34.0040 |
|        1 |        137 |           823.30 |       813.55 |       824.90 |                  1.06 |                    0.24 |    299 |    34.2203 |
|        1 |        138 |           823.30 |       813.55 |       829.97 |                  1.30 |                    0.29 |    299 |    34.2974 |
|        1 |        139 |           823.30 |       813.55 |       829.46 |                  1.29 |                    0.28 |    299 |    34.3737 |
|        1 |        140 |           823.30 |       813.55 |       831.43 |                  1.65 |                    0.35 |    300 |    34.4328 |
|        1 |        141 |           823.30 |       813.55 |       833.30 |                  1.74 |                    0.30 |    300 |    34.5182 |
|        1 |        142 |           823.30 |       813.55 |       833.84 |                  2.15 |                    0.37 |    300 |    34.5887 |
|        1 |        143 |           823.30 |       813.55 |       823.30 |                  1.12 |                    0.18 |    300 |    34.6717 |
|        1 |        144 |           823.30 |       813.55 |       823.18 |                  1.23 |                    0.20 |    300 |    34.7511 |
|        1 |        145 |           823.30 |       813.55 |       829.73 |                  1.35 |                    0.18 |    300 |    34.8147 |
|        1 |        146 |           823.30 |       813.55 |       824.23 |                  2.28 |                    0.30 |    300 |    34.8678 |
|        1 |        147 |           823.30 |       813.55 |       826.10 |                  2.41 |                    0.30 |    300 |    34.9562 |
|        1 |        148 |           823.30 |       813.55 |       826.10 |                  1.48 |                    0.17 |    300 |    35.0181 |
|        1 |        149 |           823.30 |       813.55 |       826.10 |                  1.57 |                    0.18 |    300 |    35.0894 |
|        1 |        150 |           823.30 |       813.55 |       826.10 |                  0.62 |                    0.10 |    300 |    35.1530 |
|        1 |        151 |           823.30 |       813.55 |       831.00 |                  0.88 |                    0.17 |    300 |    35.2086 |
|        1 |        152 |           823.30 |       813.55 |       830.50 |                  0.54 |                    0.10 |    300 |    35.2668 |
|        1 |        153 |           823.30 |       813.55 |       830.50 |                  1.20 |                    0.24 |    300 |    35.3428 |
|        1 |        154 |           823.30 |       813.55 |       830.50 |                  0.60 |                    0.12 |    300 |    35.4098 |
|        1 |        155 |           823.30 |       813.55 |       830.50 |                  0.33 |                    0.12 |    300 |    35.4744 |
|        1 |        156 |           823.30 |       813.55 |       833.92 |                  0.64 |                    0.23 |    300 |    35.5401 |
|        1 |        157 |           823.30 |       813.55 |       829.86 |                  0.60 |                    0.18 |    300 |    35.6747 |
|        1 |        158 |           823.30 |       813.55 |       830.88 |                  0.84 |                    0.24 |    300 |    35.7452 |
|        1 |        159 |           823.30 |       813.55 |       832.40 |                  2.28 |                    0.64 |    300 |    35.8092 |
|        1 |        160 |           823.30 |       813.55 |       841.99 |                  1.70 |                    0.45 |    300 |    35.8624 |
|        1 |        161 |           823.30 |       813.55 |       834.36 |                  1.19 |                    0.32 |    300 |    35.9266 |
|        1 |        162 |           823.30 |       813.55 |       830.70 |                  0.74 |                    0.19 |    300 |    36.0091 |
|        1 |        163 |           823.30 |       813.55 |       830.70 |                  0.91 |                    0.21 |    300 |    36.0727 |
|        1 |        164 |           823.30 |       813.55 |       836.00 |                  0.78 |                    0.15 |    300 |    36.1691 |
|        1 |        165 |           823.30 |       813.55 |       835.90 |                  0.30 |                    0.10 |    300 |    36.2529 |
|        1 |        166 |           823.30 |       813.55 |       835.20 |                  0.15 |                    0.15 |    301 |    36.4091 |
|        1 |        167 |           823.30 |       813.55 |       835.20 |                  0.21 |                    0.18 |    301 |    36.4802 |
|        1 |        168 |           823.30 |       813.55 |       839.23 |                  0.69 |                    0.10 |    302 |    36.5659 |
|        1 |        169 |           823.30 |       813.55 |       828.99 |                  1.54 |                    0.22 |    302 |    36.7009 |
|        1 |        170 |           823.30 |       813.55 |       831.92 |                  2.56 |                    0.33 |    303 |    36.7615 |
|        1 |        171 |           823.30 |       813.55 |       830.00 |                  0.52 |                    0.10 |    303 |    37.0058 |
|        1 |        172 |           823.30 |       813.55 |       831.15 |                  0.68 |                    0.25 |    304 |    37.1409 |
|        1 |        173 |           823.30 |       813.55 |       824.46 |                  1.14 |                    0.10 |    305 |    37.2660 |
|        1 |        174 |           823.30 |       813.55 |       826.59 |                  0.78 |                    0.10 |    306 |    37.3396 |
|        1 |        175 |           823.30 |       813.55 |       824.69 |                  1.12 |                    0.10 |    306 |    37.4030 |
|        1 |        176 |           823.30 |       813.55 |       834.90 |                  0.56 |                    0.10 |    306 |    37.5262 |
|        1 |        177 |           823.30 |       813.55 |       834.90 |                  0.50 |                    0.12 |    306 |    37.5903 |
|        1 |        178 |           823.30 |       813.55 |       832.30 |                  0.28 |                    0.10 |    306 |    37.6439 |
|        1 |        179 |           823.30 |       813.55 |       832.30 |                  0.54 |                    0.23 |    306 |    37.7106 |
|        1 |        180 |           823.30 |       813.55 |       833.70 |                  0.26 |                    0.10 |    306 |    37.7733 |
|        1 |        181 |           823.30 |       813.55 |       830.00 |                  0.11 |                    0.10 |    306 |    37.8521 |
|        1 |        182 |           823.30 |       813.55 |       831.80 |                  0.18 |                    0.10 |    306 |    37.9009 |
|        1 |        183 |           823.30 |       813.55 |       831.20 |                  0.10 |                    0.10 |    306 |    38.0114 |
|        1 |        184 |           823.30 |       813.55 |       813.62 |                  0.23 |                    0.10 |    306 |    38.0912 |
|        1 |        185 |           823.30 |       812.44 |       812.44 |                  0.64 |                    0.13 |    306 |    38.1624 |
|        1 |        186 |           823.30 |       812.44 |       814.81 |                  1.34 |                    0.12 |    306 |    38.2126 |
|        1 |        187 |           823.30 |       812.44 |       820.02 |                  1.03 |                    0.10 |    307 |    38.2711 |
|        1 |        188 |           823.30 |       812.44 |       818.36 |                  1.19 |                    0.10 |    307 |    38.3364 |
|        1 |        189 |           823.30 |       812.44 |       831.80 |                  1.02 |                    0.10 |    307 |    38.3987 |
|        1 |        190 |           823.30 |       812.44 |       830.67 |                  0.55 |                    0.10 |    308 |    38.4982 |
|        1 |        191 |           823.30 |       812.44 |       828.97 |                  0.49 |                    0.15 |    310 |    38.6577 |
|        1 |        192 |           823.30 |       812.44 |       829.27 |                  0.75 |                    0.22 |    310 |    38.7370 |
|        1 |        193 |           823.30 |       812.44 |       835.17 |                  0.71 |                    0.19 |    311 |    38.7977 |
|        1 |        194 |           823.30 |       812.44 |       831.93 |                  2.62 |                    0.67 |    313 |    38.8944 |
|        1 |        195 |           823.30 |       812.44 |       846.00 |                  0.72 |                    0.18 |    315 |    39.0303 |
|        1 |        196 |           823.30 |       812.44 |       839.20 |                  0.38 |                    0.10 |    315 |    39.1663 |
|        1 |        197 |           823.30 |       812.44 |       839.20 |                  0.35 |                    0.10 |    315 |    39.2347 |
|        1 |        198 |           823.30 |       812.44 |       844.30 |                  0.64 |                    0.14 |    315 |    39.3115 |
|        1 |        199 |           823.30 |       812.44 |       846.03 |                  0.27 |                    0.10 |    316 |    39.4649 |
|        1 |        200 |           823.30 |       812.44 |       845.74 |                  0.62 |                    0.13 |    316 |    39.5266 |
|        1 |        201 |           823.30 |       812.44 |       847.57 |                  1.07 |                    0.21 |    316 |    39.5789 |
|        1 |        202 |           823.30 |       812.44 |       847.30 |                  1.63 |                    0.22 |    317 |    39.6443 |
|        1 |        203 |           823.30 |       812.44 |       847.30 |                  1.01 |                    0.10 |    317 |    39.7121 |
|        1 |        204 |           823.30 |       812.44 |       847.26 |                  1.25 |                    0.10 |    317 |    39.7924 |
|        1 |        205 |           823.30 |       812.44 |       850.60 |                  0.81 |                    0.10 |    318 |    39.8481 |
------------------------------------------------------------------------------------------------------------------------------------------------
|  Restart |  Iteration |  Best Feas. Cost |    Best Cost |   Curr. Cost |   Penalty Custom Res. |   Penalty Standard Res. |   Pool |   Time (s) |
------------------------------------------------------------------------------------------------------------------------------------------------
|        1 |        206 |           823.30 |       812.44 |       847.27 |                  0.91 |                    0.15 |    318 |    40.0372 |
|        1 |        207 |           823.30 |       812.44 |       848.40 |                  1.79 |                    0.25 |    320 |    40.0971 |
|        1 |        208 |           823.30 |       812.44 |       847.30 |                  0.82 |                    0.11 |    320 |    40.1724 |
|        1 |        209 |           823.30 |       812.44 |       845.00 |                  0.61 |                    0.10 |    320 |    40.2717 |
|        1 |        210 |           823.30 |       812.44 |       845.00 |                  0.33 |                    0.10 |    320 |    40.3404 |
|        1 |        211 |           823.30 |       812.44 |       839.20 |                  0.20 |                    0.10 |    320 |    40.4646 |
|        1 |        212 |           823.30 |       812.44 |       839.20 |                  0.10 |                    0.10 |    320 |    40.5207 |
|        1 |        213 |           823.30 |       812.44 |       837.80 |                  0.10 |                    0.10 |    320 |    40.5754 |
|        1 |        214 |           823.30 |       812.44 |       837.80 |                  0.20 |                    0.17 |    320 |    40.6411 |
|        1 |        215 |           823.30 |       812.44 |       837.80 |                  0.10 |                    0.10 |    320 |    40.6952 |
|        1 |        216 |           823.30 |       812.44 |       837.80 |                  0.16 |                    0.14 |    320 |    40.7551 |
|        1 |        217 |           823.30 |       812.44 |       831.20 |                  0.15 |                    0.15 |    320 |    40.9681 |
|        1 |        218 |           823.30 |       812.44 |       830.00 |                  0.10 |                    0.10 |    320 |    41.0212 |
|        1 |        219 |           823.30 |       812.44 |       829.80 |                  0.10 |                    0.10 |    320 |    41.0913 |
|        1 |        220 |           823.30 |       812.44 |       817.12 |                  0.22 |                    0.13 |    320 |    41.2170 |
|        1 |        221 |           823.30 |       812.44 |       817.89 |                  0.18 |                    0.10 |    320 |    41.2902 |
|        1 |        222 |           823.30 |       812.44 |       817.84 |                  0.18 |                    0.10 |    320 |    41.3626 |
|        1 |        223 |           823.30 |       812.44 |       833.10 |                  0.10 |                    0.10 |    322 |    41.4767 |
|        1 |        224 |           823.30 |       812.44 |       814.59 |                  0.56 |                    0.19 |    322 |    41.5925 |
|        1 |        225 |           823.30 |       812.44 |       819.11 |                  1.36 |                    0.15 |    322 |    41.6520 |
|        1 |        226 |           823.30 |       812.44 |       822.97 |                  3.38 |                    0.10 |    322 |    41.7317 |
|        1 |        227 |           823.30 |       812.44 |       822.97 |                  2.22 |                    0.10 |    322 |    41.7845 |
|        1 |        228 |           823.30 |       812.44 |       820.89 |                  5.93 |                    0.11 |    322 |    41.8558 |
|        1 |        229 |           823.30 |       812.44 |       835.55 |                  7.20 |                    0.10 |    322 |    41.9360 |
|        1 |        230 |           823.30 |       812.44 |       833.00 |                  3.31 |                    0.10 |    324 |    42.0458 |
|        1 |        231 |           823.30 |       812.44 |       838.40 |                  2.14 |                    0.12 |    324 |    42.1280 |
|        1 |        232 |           823.30 |       812.44 |       841.10 |                  0.76 |                    0.10 |    326 |    42.2012 |
|        1 |        233 |           823.30 |       812.44 |       834.10 |                  0.39 |                    0.10 |    326 |    42.2799 |
|        1 |        234 |           823.30 |       812.44 |       834.10 |                  0.31 |                    0.10 |    326 |    42.3400 |
|        1 |        235 |           823.30 |       812.44 |       834.10 |                  0.71 |                    0.10 |    326 |    42.4224 |
|        1 |        236 |           823.30 |       812.44 |       834.10 |                  0.65 |                    0.10 |    326 |    42.4934 |
|        1 |        237 |           823.30 |       812.44 |       834.10 |                  0.25 |                    0.10 |    326 |    42.5834 |
|        1 |        238 |           823.30 |       812.44 |       831.10 |                  0.50 |                    0.20 |    326 |    42.6809 |
|        1 |        239 |           823.30 |       812.44 |       831.10 |                  0.40 |                    0.16 |    326 |    42.7482 |
|        1 |        240 |           823.30 |       812.44 |       821.22 |                  0.76 |                    0.31 |    327 |    42.8123 |
|        1 |        241 |           823.30 |       812.44 |       836.04 |                  0.49 |                    0.20 |    328 |    42.8823 |
|        1 |        242 |           823.30 |       812.44 |       831.05 |                  0.43 |                    0.15 |    329 |    42.9578 |
|        1 |        243 |           823.30 |       812.44 |       827.78 |                  1.04 |                    0.37 |    329 |    43.0164 |
|        1 |        244 |           823.30 |       812.44 |       833.99 |                  1.08 |                    0.38 |    331 |    43.1635 |
|        1 |        245 |           823.30 |       812.44 |       835.48 |                  0.67 |                    0.22 |    331 |    43.2341 |
|        1 |        246 |           823.30 |       812.44 |       831.09 |                  1.93 |                    0.63 |    332 |    43.3098 |
|        1 |        247 |           823.30 |       812.44 |       834.90 |                  0.84 |                    0.27 |    332 |    43.3710 |
|        1 |        248 |           823.30 |       812.44 |       838.40 |                  1.52 |                    0.11 |    332 |    43.4430 |
|        1 |        249 |           823.30 |       812.44 |       839.30 |                  0.65 |                    0.10 |    333 |    43.5277 |
|        1 |        250 |           823.30 |       812.44 |       839.30 |                  1.03 |                    0.15 |    333 |    43.6073 |
|        1 |        251 |           823.30 |       812.44 |       834.90 |                  0.84 |                    0.10 |    333 |    43.6654 |
|        1 |        252 |           823.30 |       812.44 |       834.90 |                  0.53 |                    0.11 |    333 |    43.7385 |
|        1 |        253 |           823.30 |       812.44 |       834.90 |                  0.51 |                    0.14 |    333 |    43.8044 |
|        1 |        254 |           823.30 |       812.44 |       837.30 |                  0.65 |                    0.18 |    335 |    43.8910 |
|        1 |        255 |           823.30 |       812.44 |       821.78 |                  0.29 |                    0.10 |    336 |    44.0209 |
|        1 |        256 |           823.30 |       812.44 |       819.98 |                  0.62 |                    0.20 |    338 |    44.0694 |
|        1 |        257 |           823.30 |       812.44 |       824.53 |                  0.45 |                    0.10 |    339 |    44.1577 |
|        1 |        258 |           823.30 |       812.44 |       820.37 |                  0.89 |                    0.13 |    339 |    44.2297 |
|        1 |        259 |           823.30 |       812.44 |       823.73 |                  1.33 |                    0.10 |    339 |    44.2958 |
|        1 |        260 |           823.30 |       812.44 |       824.90 |                  1.11 |                    0.10 |    340 |    44.3686 |
|        1 |        261 |           823.30 |       812.44 |       823.48 |                  1.44 |                    0.10 |    340 |    44.4651 |
|        1 |        262 |           823.30 |       812.44 |       874.24 |                  0.83 |                    0.10 |    341 |    44.5598 |
|        1 |        263 |           823.30 |       812.44 |       819.50 |                  0.84 |                    0.10 |    343 |    44.6663 |
|        1 |        264 |           823.30 |       812.44 |       821.37 |                  2.22 |                    0.10 |    344 |    44.8449 |
|        1 |        265 |           823.30 |       812.44 |       819.92 |                  1.88 |                    0.10 |    346 |    44.9107 |
|        1 |        266 |           823.30 |       812.44 |       826.08 |                  1.37 |                    0.10 |    346 |    45.0144 |
|        1 |        267 |           823.30 |       812.44 |       821.29 |                  3.60 |                    0.10 |    348 |    45.0830 |
|        1 |        268 |           823.30 |       812.44 |       828.39 |                  2.28 |                    0.10 |    348 |    45.1546 |
|        1 |        269 |           823.30 |       812.44 |       828.59 |                  4.99 |                    0.10 |    348 |    45.3080 |
|        1 |        270 |           823.30 |       812.44 |       834.20 |                  2.25 |                    0.10 |    349 |    45.3740 |
|        1 |        271 |           823.30 |       812.44 |       842.80 |                  1.87 |                    0.14 |    351 |    45.4420 |
|        1 |        272 |           823.30 |       812.44 |       833.70 |                  1.14 |                    0.13 |    351 |    45.5379 |
|        1 |        273 |           823.30 |       812.44 |       833.70 |                  1.18 |                    0.12 |    351 |    45.6243 |
|        1 |        274 |           823.30 |       812.44 |       833.70 |                  0.73 |                    0.10 |    351 |    45.7072 |
|        1 |        275 |           823.30 |       812.44 |       833.70 |                  1.24 |                    0.18 |    351 |    45.8329 |
|        1 |        276 |           823.30 |       812.44 |       833.70 |                  0.52 |                    0.10 |    351 |    45.9036 |
|        1 |        277 |           823.30 |       812.44 |       833.70 |                  0.24 |                    0.10 |    351 |    45.9721 |
|        1 |        278 |           823.30 |       812.44 |       833.70 |                  0.14 |                    0.10 |    351 |    46.0381 |
|        1 |        279 |           823.30 |       812.44 |       833.70 |                  0.17 |                    0.14 |    351 |    46.1076 |
|        1 |        280 |           823.30 |       812.44 |       833.57 |                  0.13 |                    0.10 |    351 |    46.2156 |
|        1 |        281 |           823.30 |       812.44 |       833.70 |                  0.13 |                    0.13 |    351 |    46.2781 |
|        1 |        282 |           823.30 |       812.44 |       838.40 |                  0.19 |                    0.19 |    351 |    46.3783 |
|        1 |        283 |           823.30 |       812.44 |       847.96 |                  0.54 |                    0.47 |    351 |    46.5018 |
|        1 |        284 |           823.30 |       812.44 |       839.50 |                  0.25 |                    0.13 |    351 |    46.7200 |
|        1 |        285 |           823.30 |       812.44 |       840.90 |                  0.43 |                    0.10 |    353 |    46.8316 |
|        1 |        286 |           823.30 |       812.44 |       840.90 |                  0.25 |                    0.10 |    353 |    46.8990 |
|        1 |        287 |           823.30 |       812.44 |       840.90 |                  0.29 |                    0.10 |    353 |    46.9523 |
|        1 |        288 |           823.30 |       812.44 |       840.90 |                  0.15 |                    0.10 |    353 |    47.0376 |
|        1 |        289 |           823.30 |       812.44 |       834.83 |                  0.31 |                    0.18 |    355 |    47.1576 |
|        1 |        290 |           823.30 |       812.44 |       830.70 |                  0.58 |                    0.13 |    356 |    47.2616 |
|        1 |        291 |           823.30 |       812.44 |       815.45 |                  0.57 |                    0.10 |    356 |    47.4208 |
|        1 |        292 |           823.30 |       812.44 |       817.21 |                  0.51 |                    0.10 |    356 |    47.4820 |
|        1 |        293 |           823.30 |       812.44 |       816.48 |                  1.01 |                    0.12 |    356 |    47.5677 |
|        1 |        294 |           823.30 |       812.44 |       831.26 |                  2.47 |                    0.24 |    356 |    47.6361 |
|        1 |        295 |           823.30 |       812.44 |       831.10 |                  1.77 |                    0.13 |    356 |    47.7082 |
|        1 |        296 |           823.30 |       812.44 |       831.10 |                  1.80 |                    0.10 |    356 |    47.7743 |
|        1 |        297 |           823.30 |       812.44 |       831.10 |                  1.41 |                    0.11 |    356 |    47.8385 |
|        1 |        298 |           823.30 |       812.44 |       829.27 |                  2.13 |                    0.19 |    356 |    47.9046 |
|        1 |        299 |           823.30 |       812.44 |       856.50 |                  2.02 |                    0.18 |    356 |    47.9722 |
|        1 |        300 |           823.30 |       812.44 |       836.60 |                  1.19 |                    0.13 |    356 |    48.1334 |
|        1 |        301 |           823.30 |       812.44 |       836.51 |                  1.34 |                    0.14 |    356 |    48.2257 |
|        1 |        302 |           823.30 |       812.44 |       831.00 |                  2.01 |                    0.23 |    356 |    48.3399 |
|        1 |        303 |           823.30 |       812.44 |       828.52 |                  2.54 |                    0.29 |    356 |    48.4219 |
|        1 |        304 |           823.30 |       812.44 |       831.40 |                  1.19 |                    0.12 |    356 |    48.6196 |
|        1 |        305 |           823.30 |       812.44 |       826.49 |                  1.21 |                    0.12 |    356 |    48.6915 |
|        1 |        306 |           823.30 |       812.44 |       828.37 |                  2.67 |                    0.26 |    356 |    48.7619 |
|        1 |        307 |           823.30 |       812.44 |       831.40 |                  3.92 |                    0.38 |    356 |    48.8561 |
|        1 |        308 |           823.30 |       812.44 |       830.91 |                  1.45 |                    0.13 |    356 |    48.9659 |
|        1 |        309 |           823.30 |       812.44 |       826.99 |                  1.74 |                    0.16 |    356 |    49.0385 |
|        1 |        310 |           823.30 |       812.44 |       826.48 |                  1.51 |                    0.14 |    356 |    49.1284 |
|        1 |        311 |           823.30 |       812.44 |       826.91 |                  1.11 |                    0.12 |    356 |    49.2135 |
|        1 |        312 |           823.30 |       812.44 |       829.88 |                  1.29 |                    0.13 |    356 |    49.2951 |
|        1 |        313 |           823.30 |       812.44 |       829.81 |                  3.33 |                    0.31 |    356 |    49.4008 |
|        1 |        314 |           823.30 |       812.44 |       832.00 |                  1.56 |                    0.14 |    357 |    49.5411 |
|        1 |        315 |           823.30 |       812.44 |       834.10 |                  0.64 |                    0.10 |    357 |    49.6551 |
|        1 |        316 |           823.30 |       812.44 |       832.60 |                  0.57 |                    0.16 |    357 |    49.7353 |
|        1 |        317 |           823.30 |       812.44 |       857.24 |                  1.58 |                    0.43 |    358 |    49.8191 |
|        1 |        318 |           823.30 |       812.44 |       822.55 |                  0.56 |                    0.13 |    358 |    50.0283 |
|        1 |        319 |           823.30 |       812.44 |       823.30 |                  1.11 |                    0.26 |    358 |    50.1506 |
|        1 |        320 |           823.30 |       812.44 |       843.69 |                  1.63 |                    0.22 |    358 |    50.2308 |
|        1 |        321 |           823.30 |       812.44 |       835.40 |                  0.97 |                    0.10 |    358 |    50.4121 |
|        1 |        322 |           823.30 |       812.44 |       835.40 |                  1.10 |                    0.13 |    358 |    50.4945 |
|        1 |        323 |           823.30 |       812.44 |       828.61 |                  0.99 |                    0.20 |    358 |    50.7415 |
|        1 |        324 |           823.30 |       812.44 |       828.14 |                  0.92 |                    0.18 |    358 |    50.8226 |
|        1 |        325 |           823.30 |       812.44 |       830.48 |                  0.59 |                    0.11 |    358 |    50.9133 |
|        1 |        326 |           823.30 |       812.44 |       829.09 |                  1.27 |                    0.24 |    358 |    50.9839 |
|        1 |        327 |           823.30 |       812.44 |       826.61 |                  1.01 |                    0.15 |    358 |    51.0890 |
|        1 |        328 |           823.30 |       812.44 |       833.14 |                  1.97 |                    0.21 |    358 |    51.1625 |
|        1 |        329 |           823.30 |       812.44 |       826.60 |                  0.66 |                    0.14 |    358 |    51.3195 |
|        1 |        330 |           823.30 |       812.44 |       834.12 |                  1.72 |                    0.10 |    360 |    51.4657 |
|        1 |        331 |           823.30 |       812.44 |       837.56 |                  2.29 |                    0.10 |    360 |    51.5380 |
|        1 |        332 |           823.30 |       812.44 |       842.46 |                  6.14 |                    0.10 |    360 |    51.6085 |
|        1 |        333 |           823.30 |       812.44 |       862.73 |                  4.10 |                    0.10 |    361 |    51.6769 |
|        1 |        334 |           823.30 |       812.44 |       852.20 |                  3.44 |                    0.10 |    361 |    51.7430 |
|        1 |        335 |           823.30 |       812.44 |       873.60 |                  2.85 |                    0.10 |    365 |    51.8524 |
|        1 |        336 |           823.30 |       812.44 |       849.10 |                  1.49 |                    0.10 |    368 |    51.9440 |
|        1 |        337 |           823.30 |       812.44 |       848.04 |                  2.93 |                    0.10 |    370 |    51.9921 |
|        1 |        338 |           823.30 |       812.44 |       858.50 |                  3.90 |                    0.10 |    373 |    52.0743 |
|        1 |        339 |           823.30 |       812.44 |       859.70 |                  1.30 |                    0.10 |    375 |    52.1781 |
|        1 |        340 |           823.30 |       812.44 |       856.20 |                  1.85 |                    0.19 |    376 |    52.2583 |
|        1 |        341 |           823.30 |       812.44 |       854.58 |                  0.57 |                    0.10 |    377 |    52.3851 |
|        1 |        342 |           823.30 |       812.44 |       853.98 |                  0.76 |                    0.10 |    377 |    52.4431 |
|        1 |        343 |           823.30 |       812.44 |       838.97 |                  0.79 |                    0.10 |    378 |    52.5429 |
|        1 |        344 |           823.30 |       812.44 |       838.54 |                  1.01 |                    0.10 |    378 |    52.6200 |
|        1 |        345 |           823.30 |       812.44 |       840.36 |                  2.76 |                    0.11 |    378 |    52.6832 |
|        1 |        346 |           823.30 |       812.44 |       874.00 |                  2.03 |                    0.10 |    382 |    52.7787 |
|        1 |        347 |           823.30 |       812.44 |       864.00 |                  0.93 |                    0.12 |    386 |    52.9141 |
|        1 |        348 |           823.30 |       812.44 |       862.87 |                  2.94 |                    0.35 |    386 |    53.0130 |
|        1 |        349 |           823.30 |       812.44 |       855.90 |                  1.75 |                    0.21 |    388 |    53.1183 |
|        1 |        350 |           823.30 |       812.44 |       845.40 |                  0.97 |                    0.11 |    389 |    53.2500 |
|        1 |        351 |           823.30 |       812.44 |       840.30 |                  0.72 |                    0.10 |    390 |    53.3311 |
|        1 |        352 |           823.30 |       812.44 |       839.20 |                  0.33 |                    0.10 |    390 |    53.5088 |
|        1 |        353 |           823.30 |       812.44 |       839.20 |                  0.15 |                    0.10 |    390 |    53.5681 |
|        1 |        354 |           823.30 |       812.44 |       836.70 |                  0.10 |                    0.10 |    390 |    53.6719 |
|        1 |        355 |           823.30 |       812.44 |       837.50 |                  0.10 |                    0.10 |    391 |    53.7389 |
|        1 |        356 |           823.30 |       812.44 |       830.80 |                  0.10 |                    0.10 |    391 |    53.8016 |
|        1 |        357 |           823.30 |       812.44 |       828.79 |                  0.24 |                    0.22 |    391 |    53.8925 |
|        1 |        358 |           823.30 |       812.44 |       829.86 |                  0.51 |                    0.45 |    391 |    53.9454 |
|        1 |        359 |           823.30 |       812.44 |       828.10 |                  0.55 |                    0.23 |    391 |    54.0680 |
|        1 |        360 |           823.30 |       812.44 |       830.31 |                  1.07 |                    0.38 |    391 |    54.1289 |
|        1 |        361 |           823.30 |       812.44 |       836.33 |                  0.95 |                    0.34 |    391 |    54.1833 |
|        1 |        362 |           823.30 |       812.44 |       833.30 |                  1.19 |                    0.20 |    391 |    54.2933 |
|        1 |        363 |           823.30 |       812.44 |       833.30 |                  0.73 |                    0.10 |    391 |    54.3448 |
|        1 |        364 |           823.30 |       812.44 |       822.01 |                  0.38 |                    0.13 |    394 |    54.4947 |
|        1 |        365 |           823.30 |       812.44 |       821.97 |                  0.53 |                    0.11 |    394 |    54.5762 |
|        1 |        366 |           823.30 |       812.44 |       847.56 |                  1.29 |                    0.10 |    397 |    54.6852 |
|        1 |        367 |           823.30 |       812.44 |       837.40 |                  1.30 |                    0.10 |    398 |    54.7868 |
|        1 |        368 |           823.30 |       812.44 |       837.40 |                  0.59 |                    0.10 |    398 |    54.8605 |
|        1 |        369 |           823.30 |       812.44 |       824.88 |                  0.67 |                    0.13 |    398 |    54.9407 |
|        1 |        370 |           823.30 |       812.44 |       827.32 |                  0.47 |                    0.10 |    398 |    55.0106 |
|        1 |        371 |           823.30 |       812.44 |       823.53 |                  0.90 |                    0.16 |    398 |    55.0623 |
|        1 |        372 |           823.30 |       812.44 |       835.50 |                  1.40 |                    0.10 |    398 |    55.1538 |
|        1 |        373 |           823.30 |       812.44 |       833.41 |                  1.54 |                    0.11 |    399 |    55.2074 |
|        1 |        374 |           823.30 |       812.44 |       835.10 |                  2.30 |                    0.15 |    399 |    55.3125 |
|        1 |        375 |           823.30 |       812.44 |       835.10 |                  1.51 |                    0.12 |    399 |    55.3710 |
|        1 |        376 |           823.30 |       812.44 |       831.30 |                  1.54 |                    0.11 |    399 |    55.4721 |
|        1 |        377 |           823.30 |       812.44 |       832.80 |                  1.13 |                    0.15 |    401 |    55.5578 |
|        1 |        378 |           823.30 |       812.44 |       828.56 |                  1.61 |                    0.30 |    401 |    55.7281 |
|        1 |        379 |           823.30 |       812.44 |       842.36 |                  3.28 |                    0.60 |    402 |    55.7873 |
|        1 |        380 |           823.30 |       812.44 |       853.60 |                  1.86 |                    0.32 |    403 |    55.8584 |
|        1 |        381 |           823.30 |       812.44 |       844.62 |                  3.63 |                    0.63 |    403 |    55.9175 |
|        1 |        382 |           823.30 |       812.44 |       844.57 |                  1.80 |                    0.31 |    404 |    56.0550 |
|        1 |        383 |           823.30 |       812.44 |       839.22 |                  2.25 |                    0.38 |    404 |    56.1307 |
|        1 |        384 |           823.30 |       812.44 |       838.71 |                  2.94 |                    0.38 |    404 |    56.2016 |
|        1 |        385 |           823.30 |       812.44 |       840.79 |                  5.07 |                    0.57 |    404 |    56.2696 |
|        1 |        386 |           823.30 |       812.44 |       843.34 |                  2.07 |                    0.23 |    405 |    56.3723 |
|        1 |        387 |           823.30 |       812.44 |       830.70 |                  0.71 |                    0.10 |    405 |    56.4696 |
|        1 |        388 |           823.30 |       812.44 |       830.00 |                  1.11 |                    0.20 |    405 |    56.5564 |
|        1 |        389 |           823.30 |       812.44 |       830.00 |                  0.87 |                    0.15 |    405 |    56.6214 |
|        1 |        390 |           823.30 |       812.44 |       828.50 |                  0.51 |                    0.10 |    405 |    56.6868 |
|        1 |        391 |           823.30 |       812.44 |       828.50 |                  1.34 |                    0.18 |    405 |    56.7919 |
|        1 |        392 |           823.30 |       812.44 |       828.50 |                  0.71 |                    0.10 |    405 |    56.8512 |
|        1 |        393 |           823.30 |       812.44 |       828.50 |                  0.37 |                    0.10 |    405 |    56.9190 |
|        1 |        394 |           823.30 |       812.44 |       828.50 |                  0.19 |                    0.10 |    405 |    56.9716 |
|        1 |        395 |           823.30 |       812.44 |       836.40 |                  0.29 |                    0.15 |    405 |    57.0275 |
|        1 |        396 |           823.30 |       812.44 |       836.40 |                  0.16 |                    0.10 |    405 |    57.0883 |
|        1 |        397 |           823.30 |       812.44 |       836.40 |                  0.22 |                    0.18 |    405 |    57.1621 |
|        1 |        398 |           823.30 |       812.44 |       836.40 |                  0.14 |                    0.10 |    405 |    57.2108 |
|        1 |        399 |           823.30 |       812.44 |       836.40 |                  0.10 |                    0.10 |    405 |    57.2596 |
|        1 |        400 |           823.30 |       812.44 |       836.40 |                  0.18 |                    0.10 |    405 |    57.3066 |
|        1 |        401 |           823.30 |       812.44 |       838.26 |                  0.38 |                    0.10 |    405 |    57.3704 |
|        1 |        402 |           823.30 |       812.44 |       839.06 |                  0.86 |                    0.12 |    405 |    57.4344 |
|        1 |        403 |           823.30 |       812.44 |       858.49 |                  1.36 |                    0.17 |    407 |    57.5067 |
|        1 |        404 |           823.30 |       812.44 |       833.70 |                  0.34 |                    0.10 |    407 |    57.6465 |
|        1 |        405 |           823.30 |       812.44 |       831.80 |                  0.29 |                    0.10 |    407 |    57.7494 |
|        1 |        406 |           823.30 |       812.44 |       830.00 |                  0.19 |                    0.10 |    407 |    57.8488 |
|        1 |        407 |           823.30 |       812.44 |       830.00 |                  0.26 |                    0.15 |    407 |    57.9058 |
|        1 |        408 |           823.30 |       812.44 |       830.00 |                  0.13 |                    0.10 |    407 |    57.9726 |
|        1 |        409 |           823.30 |       812.44 |       831.20 |                  0.12 |                    0.10 |    407 |    58.0714 |
|        1 |        410 |           823.30 |       812.44 |       819.19 |                  0.32 |                    0.27 |    407 |    58.1556 |
|        1 |        411 |           823.30 |       812.44 |       826.04 |                  0.59 |                    0.10 |    408 |    58.2261 |
|        1 |        412 |           823.30 |       812.44 |       824.61 |                  1.24 |                    0.10 |    408 |    58.3056 |
|        1 |        413 |           823.30 |       812.44 |       830.67 |                  1.30 |                    0.10 |    408 |    58.3790 |
|        1 |        414 |           823.30 |       812.44 |       830.84 |                  0.83 |                    0.10 |    408 |    58.4275 |
|        1 |        415 |           823.30 |       812.44 |       821.38 |                  1.16 |                    0.10 |    408 |    58.4867 |
|        1 |        416 |           823.30 |       812.44 |       829.58 |                  0.83 |                    0.10 |    408 |    58.5609 |
|        1 |        417 |           823.30 |       812.44 |       829.14 |                  1.83 |                    0.22 |    408 |    58.6427 |
|        1 |        418 |           823.30 |       812.44 |       857.20 |                  1.47 |                    0.10 |    408 |    58.7066 |
|        1 |        419 |           823.30 |       812.44 |       839.50 |                  0.50 |                    0.10 |    408 |    58.7918 |
|        1 |        420 |           823.30 |       812.44 |       839.50 |                  0.36 |                    0.11 |    408 |    58.8505 |
|        1 |        421 |           823.30 |       812.44 |       831.42 |                  0.83 |                    0.20 |    410 |    58.9911 |
|        1 |        422 |           823.30 |       812.44 |       834.94 |                  0.67 |                    0.16 |    410 |    59.0570 |
|        1 |        423 |           823.30 |       812.44 |       851.58 |                  1.73 |                    0.22 |    411 |    59.1161 |
|        1 |        424 |           823.30 |       812.44 |       835.30 |                  0.63 |                    0.11 |    412 |    59.2205 |
|        1 |        425 |           823.30 |       812.44 |       839.10 |                  0.68 |                    0.15 |    412 |    59.2720 |
|        1 |        426 |           823.30 |       812.44 |       830.38 |                  1.07 |                    0.24 |    412 |    59.3605 |
|        1 |        427 |           823.30 |       812.44 |       832.20 |                  1.59 |                    0.34 |    412 |    59.4308 |
|        1 |        428 |           823.30 |       812.44 |       832.60 |                  1.33 |                    0.16 |    412 |    59.5589 |
|        1 |        429 |           823.30 |       812.44 |       828.50 |                  0.86 |                    0.10 |    412 |    59.6264 |
|        1 |        430 |           823.30 |       812.44 |       836.40 |                  0.96 |                    0.13 |    412 |    59.6811 |
|        1 |        431 |           823.30 |       812.44 |       828.50 |                  1.05 |                    0.19 |    412 |    59.7869 |
|        1 |        432 |           823.30 |       812.44 |       833.90 |                  0.95 |                    0.12 |    412 |    59.8454 |
|        1 |        433 |           823.30 |       812.44 |       833.90 |                  0.49 |                    0.10 |    412 |    59.8983 |
|        1 |        434 |           823.30 |       812.44 |       833.90 |                  0.27 |                    0.10 |    412 |    59.9552 |
------------------------------------------------------------------------------------------------------------------------------------------------
|  Restart |  Iteration |  Best Feas. Cost |    Best Cost |   Curr. Cost |   Penalty Custom Res. |   Penalty Standard Res. |   Pool |   Time (s) |
------------------------------------------------------------------------------------------------------------------------------------------------
|        1 |        435 |           823.30 |       812.44 |       836.40 |                  0.17 |                    0.10 |    412 |    60.0655 |
|        1 |        436 |           823.30 |       812.44 |       836.40 |                  0.20 |                    0.16 |    412 |    60.1301 |
|        1 |        437 |           823.30 |       812.44 |       836.40 |                  0.25 |                    0.15 |    412 |    60.1914 |
|        1 |        438 |           823.30 |       812.44 |       836.40 |                  0.20 |                    0.12 |    412 |    60.2695 |
|        1 |        439 |           823.30 |       812.44 |       836.40 |                  0.11 |                    0.10 |    412 |    60.3333 |
|        1 |        440 |           823.30 |       812.44 |       835.20 |                  0.50 |                    0.42 |    412 |    60.4616 |
|        1 |        441 |           823.30 |       812.44 |       841.80 |                  0.42 |                    0.13 |    412 |    60.5707 |
|        1 |        442 |           823.30 |       812.44 |       841.80 |                  0.58 |                    0.16 |    412 |    60.6330 |
|        1 |        443 |           823.30 |       812.44 |       841.80 |                  0.29 |                    0.10 |    412 |    60.6981 |
|        1 |        444 |           823.30 |       812.44 |       841.80 |                  0.21 |                    0.11 |    412 |    60.7775 |
|        1 |        445 |           823.30 |       812.44 |       837.50 |                  0.35 |                    0.10 |    412 |    60.8455 |
|        1 |        446 |           823.30 |       812.44 |       837.50 |                  0.50 |                    0.10 |    412 |    60.9049 |
|        1 |        447 |           823.30 |       812.44 |       837.50 |                  0.67 |                    0.15 |    412 |    60.9717 |
|        1 |        448 |           823.30 |       812.44 |       828.50 |                  0.14 |                    0.10 |    412 |    61.0946 |
|        1 |        449 |           823.30 |       812.44 |       827.83 |                  0.26 |                    0.26 |    412 |    61.1954 |
|        1 |        450 |           823.30 |       812.44 |       828.47 |                  0.54 |                    0.54 |    412 |    61.2578 |
|        1 |        451 |           823.30 |       812.44 |       829.44 |                  0.82 |                    0.82 |    412 |    61.3302 |
|        1 |        452 |           823.30 |       812.44 |       830.23 |                  1.07 |                    0.44 |    412 |    61.3818 |
|        1 |        453 |           823.30 |       812.44 |       833.90 |                  0.81 |                    0.33 |    412 |    61.4486 |
|        1 |        454 |           823.30 |       812.44 |       832.20 |                  0.61 |                    0.10 |    413 |    61.5497 |
|        1 |        455 |           823.30 |       812.44 |       832.20 |                  0.93 |                    0.16 |    413 |    61.6100 |
|        1 |        456 |           823.30 |       812.44 |       828.26 |                  0.48 |                    0.10 |    413 |    61.6659 |
|        1 |        457 |           823.30 |       812.44 |       827.32 |                  0.52 |                    0.10 |    413 |    61.7369 |
|        1 |        458 |           823.30 |       812.44 |       827.58 |                  0.48 |                    0.10 |    413 |    61.8095 |
|        1 |        459 |           823.30 |       812.44 |       832.30 |                  0.43 |                    0.10 |    413 |    61.9612 |
|        1 |        460 |           823.30 |       812.44 |       830.74 |                  0.72 |                    0.19 |    413 |    62.0579 |
|        1 |        461 |           823.30 |       812.44 |       831.60 |                  0.39 |                    0.10 |    413 |    62.1695 |
|        1 |        462 |           823.30 |       812.44 |       832.75 |                  0.85 |                    0.17 |    413 |    62.2340 |
|        1 |        463 |           823.30 |       812.44 |       838.47 |                  1.68 |                    0.34 |    415 |    62.2956 |
|        1 |        464 |           823.30 |       812.44 |       842.02 |                  1.11 |                    0.21 |    415 |    62.3825 |
|        1 |        465 |           823.30 |       812.44 |       847.20 |                  1.00 |                    0.15 |    415 |    62.4619 |
|        1 |        466 |           823.30 |       812.44 |       841.80 |                  1.35 |                    0.17 |    415 |    62.5209 |
|        1 |        467 |           823.30 |       812.44 |       836.90 |                  0.98 |                    0.13 |    415 |    62.6111 |
|        1 |        468 |           823.30 |       812.44 |       834.50 |                  0.56 |                    0.13 |    417 |    62.6871 |
|        1 |        469 |           823.30 |       812.44 |       834.70 |                  0.57 |                    0.11 |    418 |    62.7465 |
|        1 |        470 |           823.30 |       812.44 |       828.03 |                  0.70 |                    0.22 |    418 |    62.8535 |
|        1 |        471 |           823.30 |       812.44 |       824.71 |                  0.74 |                    0.10 |    418 |    63.0299 |
|        1 |        472 |           823.30 |       812.44 |       822.98 |                  1.76 |                    0.10 |    418 |    63.0873 |
|        1 |        473 |           823.30 |       812.44 |       836.00 |                  2.21 |                    0.10 |    418 |    63.1539 |
|        1 |        474 |           823.30 |       812.44 |       836.60 |                  1.68 |                    0.11 |    418 |    63.2210 |
|        1 |        475 |           823.30 |       812.44 |       836.60 |                  0.73 |                    0.10 |    418 |    63.2806 |
|        1 |        476 |           823.30 |       812.44 |       831.20 |                  0.48 |                    0.10 |    418 |    63.3336 |
|        1 |        477 |           823.30 |       812.44 |       831.20 |                  0.29 |                    0.10 |    418 |    63.3956 |
|        1 |        478 |           823.30 |       812.44 |       831.20 |                  0.20 |                    0.10 |    418 |    63.4491 |
|        1 |        479 |           823.30 |       812.44 |       831.20 |                  0.10 |                    0.10 |    418 |    63.5095 |
|        1 |        480 |           823.30 |       812.44 |       831.20 |                  0.10 |                    0.10 |    418 |    63.5854 |
|        1 |        481 |           823.30 |       812.44 |       833.55 |                  0.28 |                    0.21 |    418 |    63.6779 |
|        1 |        482 |           823.30 |       812.44 |       833.70 |                  0.12 |                    0.10 |    418 |    63.7334 |
|        1 |        483 |           823.30 |       812.44 |       833.70 |                  0.10 |                    0.10 |    418 |    63.8126 |
|        1 |        484 |           823.30 |       812.44 |       833.52 |                  0.15 |                    0.10 |    418 |    63.8690 |
|        1 |        485 |           823.30 |       812.44 |       833.70 |                  0.12 |                    0.10 |    418 |    63.9127 |
|        1 |        486 |           823.30 |       812.44 |       833.70 |                  0.19 |                    0.16 |    418 |    63.9789 |
|        1 |        487 |           823.30 |       812.44 |       833.70 |                  0.26 |                    0.20 |    418 |    64.0475 |
|        1 |        488 |           823.30 |       812.44 |       833.60 |                  0.11 |                    0.10 |    418 |    64.1203 |
|        1 |        489 |           823.30 |       812.44 |       833.60 |                  0.10 |                    0.10 |    418 |    64.1737 |
|        1 |        490 |           823.30 |       812.44 |       833.60 |                  0.10 |                    0.10 |    418 |    64.2360 |
|        1 |        491 |           823.30 |       812.44 |       831.20 |                  0.11 |                    0.10 |    418 |    64.2950 |
|        1 |        492 |           823.30 |       812.44 |       831.20 |                  0.10 |                    0.10 |    418 |    64.3649 |
|        1 |        493 |           823.30 |       812.44 |       842.71 |                  0.24 |                    0.19 |    418 |    64.4219 |
|        1 |        494 |           823.30 |       812.44 |       833.70 |                  0.39 |                    0.23 |    418 |    64.5058 |
|        1 |        495 |           823.30 |       812.44 |       833.70 |                  0.40 |                    0.23 |    418 |    64.5636 |
|        1 |        496 |           823.30 |       812.44 |       833.70 |                  0.22 |                    0.12 |    418 |    64.6218 |
|        1 |        497 |           823.30 |       812.44 |       837.00 |                  0.14 |                    0.10 |    418 |    64.6729 |
|        1 |        498 |           823.30 |       812.44 |       837.00 |                  0.11 |                    0.11 |    418 |    64.7423 |
|        1 |        499 |           823.30 |       812.44 |       837.00 |                  0.10 |                    0.10 |    418 |    64.7944 |
|        1 |        500 |           823.30 |       812.44 |       833.54 |                  0.13 |                    0.10 |    418 |    64.9260 |
------------------------------------------------------------------------------------------------------------------------------------------------
Version identifier: 22.1.2.0 | 2024-11-26 | 0edbb82fd
CPXPARAM_MIP_Tolerances_UpperCutoff              823.39999999976999
Tried aggregator 1 time.
MIP Presolve eliminated 39 rows and 117 columns.
MIP Presolve modified 321 coefficients.
Reduced MIP has 62 rows, 293 columns, and 2931 nonzeros.
Reduced MIP has 293 binaries, 0 generals, 0 SOSs, and 0 indicators.
Presolve time = 0.00 sec. (4.02 ticks)
Probing fixed 2 vars, tightened 0 bounds.
Probing time = 0.00 sec. (2.98 ticks)
Tried aggregator 1 time.
Detecting symmetries...
MIP Presolve eliminated 1 rows and 7 columns.
Reduced MIP has 61 rows, 286 columns, and 2879 nonzeros.
Reduced MIP has 286 binaries, 0 generals, 0 SOSs, and 0 indicators.
Presolve time = 0.00 sec. (2.10 ticks)
Probing fixed 1 vars, tightened 0 bounds.
Probing time = 0.00 sec. (2.81 ticks)
Clique table members: 416.
MIP emphasis: balance optimality and feasibility.
MIP search method: dynamic search.
Parallel mode: deterministic, using up to 8 threads.
Root relaxation solution time = 0.00 sec. (1.08 ticks)

        Nodes                                         Cuts/
   Node  Left     Objective  IInf  Best Integer    Best Bound    ItCnt     Gap

*     0     0      integral     0      822.9000      822.9000       82    0.00%
Elapsed time = 0.01 sec. (16.66 ticks, tree = 0.00 MB, solutions = 1)
objective_value(sp) = 822.9
 68.498234 seconds (6.88 M allocations: 343.496 MiB, 0.12% gc time, 5.81% compilation time)
#1: 0 (0.0) {396.5} -> 65 (16.0) {407.6} [0.0, 938.0] -> 99 (31.0) {427.8} [308.0, 428.0] -> 52 (34.0) {442.8} [0.0, 925.0] -> 86 (62.0) {460.0} [0.0, 917.0] -> 87 (75.0) {479.0} [359.0, 479.0] -> 74 (83.0) {645.0} [645.0, 765.0] -> 59 (102.0) {665.0} [0.0, 907.0] -> 97 (137.0) {681.3} [0.0, 901.0] -> 75 (153.0) {704.3} [0.0, 892.0] -> 58 (173.0) {782.0} [782.0, 902.0] -> 77 (180.0) {802.6} [764.0, 884.0] -> 25 (200.0) {824.7} [784.0, 904.0] -> 24 (210.0) {845.1} [0.0, 914.0] -> 57 (233.0) {867.9} [0.0, 923.0] -> 83 (247.0) {887.1} [0.0, 930.0] -> 0 (247.0) {916.3} [0.0, 960.0]
#2: 0 (0.0) {267.8} -> 69 (27.0) {277.0} [157.0, 277.0] -> 98 (36.0) {292.0} [0.0, 935.0] -> 53 (41.0) {375.0} [375.0, 495.0] -> 60 (58.0) {396.1} [0.0, 923.0] -> 78 (85.0) {414.1} [0.0, 917.0] -> 73 (90.0) {431.3} [0.0, 910.0] -> 79 (120.0) {450.2} [352.0, 472.0] -> 7 (140.0) {471.6} [0.0, 914.0] -> 8 (150.0) {486.6} [367.0, 487.0] -> 46 (160.0) {499.6} [0.0, 912.0] -> 45 (170.0) {512.4} [0.0, 912.0] -> 5 (190.0) {525.4} [0.0, 909.0] -> 3 (200.0) {537.4} [0.0, 910.0] -> 1 (220.0) {550.4} [0.0, 911.0] -> 4 (260.0) {644.0} [644.0, 764.0] -> 6 (280.0) {659.3} [0.0, 916.0] -> 2 (310.0) {673.3} [0.0, 919.0] -> 100 (313.0) {810.0} [810.0, 930.0] -> 70 (336.0) {824.4} [0.0, 930.0] -> 68 (357.0) {844.6} [0.0, 940.0] -> 0 (357.0) {864.6} [0.0, 960.0]
#3: 0 (0.0) {175.00000000000003} -> 90 (6.0) {179.2} [0.0, 945.0] -> 82 (15.0) {199.9} [0.0, 935.0] -> 12 (35.0) {229.0} [0.0, 917.0] -> 14 (45.0) {242.0} [0.0, 914.0] -> 47 (55.0) {255.0} [0.0, 911.0] -> 17 (75.0) {267.0} [0.0, 909.0] -> 16 (95.0) {282.0} [0.0, 908.0] -> 15 (115.0) {294.0} [174.0, 294.0] -> 11 (155.0) {310.0} [195.0, 315.0] -> 10 (185.0) {322.0} [0.0, 918.0] -> 9 (205.0) {371.0} [371.0, 491.0] -> 13 (215.0) {653.0} [653.0, 773.0] -> 88 (234.0) {692.8} [0.0, 932.0] -> 55 (250.0) {709.1} [599.0, 719.0] -> 0 (250.0) {733.2} [0.0, 960.0]
#4: 0 (0.0) {259.99999999999994} -> 61 (9.0) {275.8} [0.0, 934.0] -> 42 (19.0) {303.8} [0.0, 916.0] -> 44 (29.0) {315.8} [217.0, 337.0] -> 43 (49.0) {328.8} [0.0, 911.0] -> 40 (79.0) {343.8} [0.0, 909.0] -> 36 (119.0) {358.8} [0.0, 906.0] -> 35 (139.0) {370.8} [0.0, 905.0] -> 37 (149.0) {384.4} [0.0, 909.0] -> 38 (179.0) {398.0} [278.0, 398.0] -> 39 (189.0) {410.0} [0.0, 913.0] -> 41 (209.0) {425.3} [0.0, 919.0] -> 72 (217.0) {446.4} [0.0, 922.0] -> 71 (231.0) {466.5} [0.0, 924.0] -> 93 (234.0) {481.5} [0.0, 928.0] -> 96 (260.0) {497.8} [0.0, 934.0] -> 54 (276.0) {513.8} [0.0, 931.0] -> 81 (286.0) {530.1} [0.0, 937.0] -> 0 (286.0) {552.1} [0.0, 960.0]
#5: 0 (0.0) {27.4} -> 80 (13.0) {35.0} [0.0, 942.0] -> 92 (27.0) {52.2} [14.0, 134.0] -> 95 (33.0) {68.9} [0.0, 929.0] -> 85 (35.0) {94.5} [0.0, 914.0] -> 63 (41.0) {108.1} [0.0, 910.0] -> 33 (51.0) {138.7} [0.0, 898.0] -> 32 (61.0) {154.0} [0.0, 898.0] -> 30 (71.0) {165.0} [0.0, 898.0] -> 28 (81.0) {179.0} [0.0, 894.0] -> 26 (111.0) {192.0} [0.0, 891.0] -> 27 (131.0) {207.0} [0.0, 892.0] -> 29 (141.0) {222.0} [0.0, 897.0] -> 31 (161.0) {234.0} [0.0, 899.0] -> 34 (191.0) {247.0} [0.0, 902.0] -> 50 (221.0) {270.0} [0.0, 914.0] -> 62 (224.0) {287.0} [167.0, 287.0] -> 67 (233.0) {304.0} [268.0, 388.0] -> 94 (256.0) {323.2} [0.0, 932.0] -> 0 (256.0) {350.3} [0.0, 960.0]
#6: 0 (0.0) {189.0} -> 66 (16.0) {202.0} [0.0, 936.0] -> 64 (33.0) {220.0} [0.0, 929.0] -> 22 (73.0) {245.8} [0.0, 915.0] -> 20 (83.0) {257.8} [0.0, 914.0] -> 49 (93.0) {270.8} [0.0, 911.0] -> 19 (133.0) {282.8} [0.0, 909.0] -> 23 (163.0) {299.2} [201.0, 321.0] -> 21 (173.0) {311.2} [0.0, 905.0] -> 48 (183.0) {323.2} [0.0, 904.0] -> 18 (203.0) {335.2} [0.0, 904.0] -> 89 (228.0) {368.2} [0.0, 897.0] -> 76 (259.0) {388.0} [268.0, 388.0] -> 51 (278.0) {407.4} [0.0, 916.0] -> 84 (296.0) {426.6} [395.0, 515.0] -> 56 (315.0) {445.8} [0.0, 931.0] -> 91 (328.0) {462.8} [0.0, 937.0] -> 0 (328.0) {484.8} [0.0, 960.0]

Dist: 822.9. Cost: 822.9

Root node processing (before b&c):
  Real time             =    0.01 sec. (16.68 ticks)
Parallel b&c, 8 threads:
  Real time             =    0.00 sec. (0.00 ticks)
  Sync time (average)   =    0.00 sec.
  Wait time (average)   =    0.00 sec.
                          ------------
Total (root+branch&cut) =    0.01 sec. (16.68 ticks)
