Solving...
------------------------------------------------------------------------------------------------------------------------------------------------
|  Restart |  Iteration |  Best Feas. Cost |    Best Cost |   Curr. Cost |   Penalty Custom Res. |   Penalty Standard Res. |   Pool |   Time (s) |
------------------------------------------------------------------------------------------------------------------------------------------------
|        1 |          0 |          1299.20 |      1299.20 |      1299.20 |                  6.48 |                    0.15 |     60 |     0.3665 |
|        1 |          1 |          1299.20 |      1271.78 |      1271.78 |                  8.31 |                    0.18 |     69 |     0.9050 |
|        1 |          0 |          1278.30 |      1271.78 |      1278.30 |                  3.64 |                    0.10 |     74 |     0.9745 |
|        1 |          1 |          1278.30 |      1266.98 |      1266.98 |                  5.17 |                    0.18 |     77 |     1.1228 |
|        1 |          2 |          1278.30 |      1266.98 |      1293.45 |                  9.87 |                    0.16 |     79 |     1.1886 |
|        1 |          3 |          1278.30 |      1266.98 |      1285.50 |                  6.91 |                    0.10 |     86 |     1.3003 |
|        1 |          4 |          1278.30 |      1266.98 |      1301.90 |                  4.21 |                    0.11 |     89 |     1.3620 |
|        1 |          5 |          1278.30 |      1266.98 |      1286.21 |                  7.55 |                    0.10 |     96 |     1.4623 |
|        1 |          6 |          1278.30 |      1266.98 |      1298.42 |                  6.94 |                    0.11 |    101 |     1.5278 |
|        1 |          7 |          1278.30 |      1266.98 |      1296.50 |                 14.79 |                    0.10 |    106 |     1.5853 |
|        1 |          8 |          1278.30 |      1266.98 |      1302.43 |                  5.28 |                    0.10 |    108 |     1.7261 |
|        1 |          9 |          1278.30 |      1266.98 |      1293.53 |                 10.81 |                    0.10 |    108 |     1.7914 |
|        1 |         10 |          1278.30 |      1266.98 |      1300.10 |                  4.23 |                    0.10 |    110 |     1.9032 |
|        1 |         11 |          1278.30 |      1266.98 |      1291.65 |                  4.70 |                    0.11 |    110 |     1.9643 |
|        1 |         12 |          1278.30 |      1266.98 |      1295.10 |                 11.63 |                    0.25 |    111 |     2.0312 |
|        1 |         13 |          1278.30 |      1266.98 |      1354.24 |                 15.14 |                    0.32 |    115 |     2.1280 |
|        1 |         14 |          1278.30 |      1266.98 |      1300.90 |                 19.55 |                    0.40 |    123 |     2.3326 |
|        1 |         15 |          1278.30 |      1266.98 |      1285.90 |                  4.33 |                    0.10 |    128 |     2.4488 |
|        1 |         16 |          1278.30 |      1266.98 |      1284.04 |                  7.30 |                    0.13 |    131 |     2.5554 |
|        1 |         17 |          1278.30 |      1266.98 |      1295.40 |                  5.31 |                    0.10 |    138 |     2.6837 |
|        1 |         18 |          1278.30 |      1262.31 |      1262.31 |                  4.73 |                    0.11 |    141 |     2.7675 |
|        1 |         19 |          1278.30 |      1262.20 |      1262.20 |                  5.26 |                    0.12 |    141 |     2.8319 |
|        1 |         20 |          1278.30 |      1262.20 |      1299.83 |                  7.13 |                    0.16 |    144 |     2.9035 |
|        1 |          0 |          1277.60 |      1262.20 |      1277.60 |                  4.76 |                    0.13 |    150 |     3.1236 |
|        1 |          0 |          1253.60 |      1253.60 |      1253.60 |                  3.00 |                    0.10 |    155 |     3.3047 |
|        1 |          1 |          1253.60 |      1253.60 |      1254.36 |                  5.43 |                    0.17 |    157 |     3.3807 |
|        1 |          2 |          1253.60 |      1253.60 |      1275.10 |                  5.04 |                    0.16 |    157 |     3.4553 |
|        1 |          0 |          1222.00 |      1222.00 |      1222.00 |                  3.18 |                    0.10 |    160 |     3.5991 |
|        1 |          1 |          1222.00 |      1222.00 |      1224.86 |                  5.42 |                    0.20 |    161 |     3.7024 |
|        1 |          2 |          1222.00 |      1222.00 |      1246.10 |                  3.44 |                    0.12 |    161 |     3.7873 |
|        1 |          3 |          1222.00 |      1222.00 |      1250.00 |                  3.49 |                    0.11 |    162 |     3.8729 |
|        1 |          4 |          1222.00 |      1222.00 |      1250.00 |                  5.72 |                    0.10 |    162 |     3.9444 |
|        1 |          5 |          1222.00 |      1222.00 |      1250.00 |                  2.88 |                    0.10 |    162 |     4.0166 |
|        1 |          6 |          1222.00 |      1222.00 |      1244.65 |                  6.71 |                    0.27 |    163 |     4.1112 |
|        1 |          7 |          1222.00 |      1222.00 |      1276.43 |                  6.60 |                    0.20 |    163 |     4.1977 |
|        1 |          8 |          1222.00 |      1222.00 |      1234.80 |                  8.35 |                    0.26 |    164 |     4.2798 |
|        1 |          9 |          1222.00 |      1222.00 |      1234.80 |                  4.70 |                    0.12 |    164 |     4.3411 |
|        1 |         10 |          1222.00 |      1222.00 |      1250.00 |                  8.69 |                    0.24 |    164 |     4.4379 |
|        1 |         11 |          1222.00 |      1222.00 |      1250.00 |                  5.46 |                    0.15 |    164 |     4.4891 |
|        1 |         12 |          1222.00 |      1222.00 |      1271.30 |                  3.02 |                    0.10 |    164 |     4.5389 |
|        1 |         13 |          1222.00 |      1222.00 |      1253.77 |                  3.78 |                    0.15 |    165 |     4.6149 |
|        1 |         14 |          1222.00 |      1222.00 |      1263.88 |                  3.02 |                    0.12 |    165 |     4.6837 |
|        1 |         15 |          1222.00 |      1222.00 |      1267.70 |                  2.51 |                    0.10 |    165 |     4.7430 |
|        1 |         16 |          1222.00 |      1222.00 |      1267.70 |                  1.91 |                    0.10 |    165 |     4.8126 |
|        1 |         17 |          1222.00 |      1222.00 |      1251.33 |                  3.56 |                    0.19 |    165 |     4.8824 |
|        1 |         18 |          1222.00 |      1222.00 |      1252.50 |                  2.40 |                    0.11 |    165 |     4.9477 |
|        1 |         19 |          1222.00 |      1222.00 |      1251.34 |                  1.79 |                    0.10 |    166 |     5.0096 |
|        1 |         20 |          1222.00 |      1222.00 |      1251.06 |                  3.62 |                    0.19 |    167 |     5.0928 |
|        1 |         21 |          1222.00 |      1222.00 |      1252.70 |                  2.04 |                    0.11 |    167 |     5.1532 |
|        1 |         22 |          1222.00 |      1222.00 |      1250.42 |                  2.88 |                    0.14 |    167 |     5.2244 |
|        1 |         23 |          1222.00 |      1222.00 |      1252.70 |                  4.59 |                    0.20 |    167 |     5.2874 |
|        1 |         24 |          1222.00 |      1222.00 |      1252.70 |                  2.77 |                    0.12 |    167 |     5.3547 |
|        1 |         25 |          1222.00 |      1222.00 |      1267.70 |                  3.01 |                    0.11 |    167 |     5.4482 |
|        1 |         26 |          1222.00 |      1222.00 |      1267.70 |                  1.71 |                    0.10 |    167 |     5.5098 |
|        1 |         27 |          1222.00 |      1222.00 |      1256.73 |                  2.44 |                    0.14 |    168 |     5.6099 |
|        1 |         28 |          1222.00 |      1222.00 |      1265.08 |                  6.46 |                    0.31 |    168 |     5.6908 |
|        1 |         29 |          1222.00 |      1222.00 |      1264.70 |                  3.42 |                    0.14 |    170 |     5.7697 |
|        1 |         30 |          1222.00 |      1222.00 |      1264.70 |                  4.25 |                    0.17 |    170 |     5.8277 |
|        1 |         31 |          1222.00 |      1222.00 |      1265.69 |                  4.80 |                    0.18 |    170 |     5.9411 |
|        1 |         32 |          1222.00 |      1222.00 |      1236.53 |                  5.46 |                    0.16 |    170 |     6.0919 |
|        1 |         33 |          1222.00 |      1222.00 |      1248.10 |                  4.15 |                    0.12 |    171 |     6.1613 |
|        1 |         34 |          1222.00 |      1222.00 |      1226.76 |                  3.83 |                    0.17 |    171 |     6.3043 |
|        1 |         35 |          1222.00 |      1222.00 |      1228.86 |                  4.16 |                    0.12 |    171 |     6.4198 |
|        1 |         36 |          1222.00 |      1222.00 |      1251.08 |                 12.44 |                    0.15 |    171 |     6.5104 |
|        1 |         37 |          1222.00 |      1222.00 |      1288.57 |                 27.58 |                    0.33 |    172 |     6.5700 |
|        1 |         38 |          1222.00 |      1222.00 |      1238.60 |                 15.19 |                    0.10 |    177 |     6.6625 |
|        1 |         39 |          1222.00 |      1222.00 |      1240.60 |                  7.06 |                    0.11 |    178 |     6.7523 |
|        1 |         40 |          1222.00 |      1222.00 |      1236.69 |                 10.81 |                    0.10 |    178 |     6.8150 |
|        1 |         41 |          1222.00 |      1222.00 |      1241.10 |                  6.14 |                    0.10 |    181 |     6.8884 |
|        1 |         42 |          1222.00 |      1222.00 |      1248.90 |                  2.09 |                    0.10 |    187 |     6.9852 |
|        1 |         43 |          1222.00 |      1219.10 |      1219.10 |                  4.30 |                    0.22 |    192 |     7.1155 |
|        1 |         44 |          1222.00 |      1219.10 |      1224.55 |                  9.44 |                    0.12 |    194 |     7.1725 |
|        1 |         45 |          1222.00 |      1219.10 |      1249.90 |                  6.61 |                    0.11 |    199 |     7.2688 |
|        1 |         46 |          1222.00 |      1219.10 |      1246.80 |                  6.84 |                    0.16 |    203 |     7.3516 |
|        1 |         47 |          1222.00 |      1219.10 |      1239.42 |                  7.13 |                    0.10 |    207 |     7.4697 |
|        1 |         48 |          1222.00 |      1219.10 |      1268.90 |                 13.45 |                    0.10 |    209 |     7.5472 |
|        1 |         49 |          1222.00 |      1219.10 |      1258.20 |                  5.66 |                    0.11 |    218 |     7.6241 |
|        1 |         50 |          1222.00 |      1219.10 |      1254.53 |                  7.89 |                    0.10 |    219 |     7.7353 |
|        1 |         51 |          1222.00 |      1219.10 |      1284.20 |                  8.25 |                    0.13 |    222 |     7.8256 |
|        1 |         52 |          1222.00 |      1219.10 |      1325.08 |                 15.09 |                    0.24 |    227 |     7.9123 |
|        1 |         53 |          1222.00 |      1219.10 |      1319.70 |                  6.41 |                    0.10 |    232 |     8.0121 |
|        1 |         54 |          1222.00 |      1219.10 |      1310.92 |                  7.33 |                    0.14 |    234 |     8.1028 |
|        1 |         55 |          1222.00 |      1219.10 |      1320.20 |                  7.43 |                    0.15 |    237 |     8.1947 |
|        1 |         56 |          1222.00 |      1219.10 |      1301.59 |                  5.78 |                    0.12 |    241 |     8.3524 |
|        1 |         57 |          1222.00 |      1219.10 |      1285.87 |                  8.57 |                    0.18 |    243 |     8.4297 |
|        1 |         58 |          1222.00 |      1219.10 |      1293.55 |                  8.88 |                    0.18 |    243 |     8.5014 |
|        1 |         59 |          1222.00 |      1219.10 |      1293.72 |                  9.20 |                    0.13 |    243 |     8.5732 |
|        1 |         60 |          1222.00 |      1219.10 |      1294.04 |                  6.19 |                    0.11 |    243 |     8.6571 |
|        1 |         61 |          1222.00 |      1219.10 |      1284.62 |                  8.24 |                    0.15 |    243 |     8.7258 |
|        1 |         62 |          1222.00 |      1219.10 |      1267.30 |                  4.73 |                    0.10 |    244 |     8.7981 |
|        1 |         63 |          1222.00 |      1219.10 |      1246.90 |                  5.50 |                    0.11 |    248 |     8.9119 |
|        1 |         64 |          1222.00 |      1219.10 |      1246.27 |                  7.20 |                    0.20 |    253 |     9.0744 |
|        1 |         65 |          1222.00 |      1219.10 |      1281.20 |                  2.55 |                    0.11 |    257 |     9.1977 |
|        1 |         66 |          1222.00 |      1219.10 |      1293.50 |                  6.11 |                    0.28 |    258 |     9.2976 |
|        1 |         67 |          1222.00 |      1219.10 |      1329.60 |                  2.99 |                    0.12 |    261 |     9.3783 |
|        1 |         68 |          1222.00 |      1219.10 |      1266.28 |                  4.74 |                    0.10 |    264 |     9.5240 |
|        1 |         69 |          1222.00 |      1219.10 |      1290.20 |                  2.81 |                    0.10 |    267 |     9.5860 |
|        1 |         70 |          1222.00 |      1219.10 |      1277.92 |                  5.30 |                    0.22 |    270 |     9.6711 |
|        1 |         71 |          1222.00 |      1219.10 |      1329.18 |                 11.06 |                    0.46 |    273 |     9.7316 |
|        1 |         72 |          1222.00 |      1219.10 |      1278.20 |                  5.67 |                    0.10 |    274 |     9.8714 |
|        1 |         73 |          1222.00 |      1219.10 |      1263.90 |                  3.52 |                    0.13 |    275 |     9.9608 |
|        1 |         74 |          1222.00 |      1219.10 |      1244.70 |                  4.43 |                    0.10 |    277 |    10.1336 |
|        1 |         75 |          1222.00 |      1219.10 |      1242.70 |                  2.75 |                    0.12 |    278 |    10.2419 |
|        1 |         76 |          1222.00 |      1219.10 |      1234.37 |                  5.80 |                    0.13 |    278 |    10.3126 |
|        1 |         77 |          1222.00 |      1219.10 |      1242.90 |                  2.62 |                    0.10 |    278 |    10.3838 |
|        1 |         78 |          1222.00 |      1219.10 |      1256.64 |                  7.37 |                    0.14 |    281 |    10.4654 |
|        1 |         79 |          1222.00 |      1219.10 |      1279.11 |                  5.83 |                    0.11 |    281 |    10.5339 |
|        1 |         80 |          1222.00 |      1219.10 |      1272.48 |                  6.41 |                    0.10 |    282 |    10.5979 |
|        1 |         81 |          1222.00 |      1219.10 |      1280.70 |                 10.49 |                    0.10 |    284 |    10.7127 |
|        1 |         82 |          1222.00 |      1219.10 |      1268.30 |                  3.80 |                    0.10 |    287 |    10.7884 |
|        1 |         83 |          1222.00 |      1219.10 |      1270.80 |                  2.78 |                    0.11 |    289 |    10.8449 |
|        1 |         84 |          1222.00 |      1219.10 |      1270.80 |                  4.51 |                    0.10 |    289 |    10.9184 |
|        1 |         85 |          1222.00 |      1219.10 |      1237.88 |                  4.57 |                    0.13 |    291 |    11.0213 |
|        1 |         86 |          1222.00 |      1219.10 |      1243.58 |                  4.46 |                    0.12 |    291 |    11.0801 |
|        1 |         87 |          1222.00 |      1219.10 |      1257.01 |                 10.38 |                    0.16 |    292 |    11.1540 |
|        1 |         88 |          1222.00 |      1219.10 |      1242.70 |                  7.15 |                    0.11 |    292 |    11.2085 |
|        1 |         89 |          1222.00 |      1219.10 |      1240.15 |                  5.99 |                    0.13 |    294 |    11.3108 |
|        1 |         90 |          1222.00 |      1219.10 |      1247.47 |                  8.98 |                    0.20 |    294 |    11.3840 |
|        1 |         91 |          1222.00 |      1219.10 |      1238.45 |                  8.05 |                    0.10 |    297 |    11.5164 |
|        1 |         92 |          1222.00 |      1219.10 |      1241.27 |                  8.17 |                    0.10 |    298 |    11.5939 |
|        1 |         93 |          1222.00 |      1219.10 |      1255.37 |                  8.72 |                    0.12 |    301 |    11.6705 |
|        1 |         94 |          1222.00 |      1219.10 |      1254.72 |                  8.26 |                    0.10 |    302 |    11.7233 |
|        1 |         95 |          1222.00 |      1219.10 |      1255.65 |                  4.74 |                    0.10 |    302 |    11.7986 |
|        1 |         96 |          1222.00 |      1219.10 |      1247.60 |                 10.51 |                    0.10 |    302 |    11.8610 |
|        1 |         97 |          1222.00 |      1219.10 |      1251.54 |                 11.63 |                    0.10 |    302 |    11.9867 |
|        1 |         98 |          1222.00 |      1219.10 |      1264.20 |                  6.35 |                    0.10 |    304 |    12.0614 |
|        1 |         99 |          1222.00 |      1219.10 |      1262.99 |                 13.65 |                    0.10 |    306 |    12.1416 |
|        1 |        100 |          1222.00 |      1219.10 |      1257.80 |                  9.19 |                    0.10 |    311 |    12.2196 |
|        1 |        101 |          1222.00 |      1219.10 |      1257.80 |                 10.00 |                    0.10 |    311 |    12.3044 |
|        1 |        102 |          1222.00 |      1219.10 |      1253.30 |                  4.98 |                    0.10 |    314 |    12.4403 |
|        1 |        103 |          1222.00 |      1219.10 |      1261.00 |                  2.64 |                    0.10 |    314 |    12.5298 |
|        1 |        104 |          1222.00 |      1219.10 |      1240.30 |                  5.71 |                    0.13 |    316 |    12.6402 |
|        1 |        105 |          1222.00 |      1219.10 |      1270.67 |                  7.22 |                    0.10 |    320 |    12.7182 |
|        1 |        106 |          1222.00 |      1219.10 |      1267.50 |                  4.67 |                    0.10 |    321 |    12.7906 |
|        1 |        107 |          1222.00 |      1219.10 |      1267.40 |                  3.58 |                    0.15 |    321 |    12.8917 |
|        1 |        108 |          1222.00 |      1219.10 |      1261.82 |                  7.37 |                    0.23 |    323 |    12.9986 |
|        1 |        109 |          1222.00 |      1219.10 |      1272.24 |                  8.36 |                    0.10 |    325 |    13.0660 |
|        1 |        110 |          1222.00 |      1219.10 |      1260.60 |                  3.92 |                    0.10 |    328 |    13.1667 |
|        1 |        111 |          1222.00 |      1219.10 |      1256.65 |                  4.10 |                    0.10 |    328 |    13.2517 |
|        1 |        112 |          1222.00 |      1219.10 |      1255.00 |                  7.51 |                    0.10 |    328 |    13.3127 |
|        1 |        113 |          1222.00 |      1219.10 |      1260.29 |                  5.22 |                    0.10 |    328 |    13.3825 |
|        1 |        114 |          1222.00 |      1219.10 |      1256.94 |                  4.16 |                    0.10 |    328 |    13.4595 |
|        1 |        115 |          1222.00 |      1219.10 |      1254.14 |                  7.71 |                    0.10 |    328 |    13.5324 |
|        1 |        116 |          1222.00 |      1219.10 |      1258.70 |                  4.20 |                    0.10 |    328 |    13.6527 |
|        1 |        117 |          1222.00 |      1219.10 |      1260.70 |                  5.80 |                    0.14 |    328 |    13.7571 |
|        1 |        118 |          1222.00 |      1219.10 |      1260.70 |                  4.41 |                    0.10 |    328 |    13.8311 |
|        1 |        119 |          1222.00 |      1219.10 |      1275.90 |                  3.06 |                    0.10 |    331 |    13.9126 |
|        1 |        120 |          1222.00 |      1219.10 |      1260.20 |                  3.23 |                    0.17 |    331 |    13.9936 |
|        1 |        121 |          1222.00 |      1219.10 |      1260.20 |                  2.76 |                    0.13 |    331 |    14.0769 |
|        1 |        122 |          1222.00 |      1219.10 |      1260.20 |                  4.02 |                    0.10 |    331 |    14.1522 |
|        1 |        123 |          1222.00 |      1219.10 |      1227.96 |                  3.82 |                    0.14 |    331 |    14.3296 |
|        1 |        124 |          1222.00 |      1219.10 |      1237.40 |                  2.39 |                    0.11 |    331 |    14.4449 |
|        1 |          0 |          1221.20 |      1219.10 |      1221.20 |                  3.47 |                    0.19 |    332 |    14.5332 |
|        1 |          1 |          1221.20 |      1219.10 |      1221.20 |                  1.62 |                    0.10 |    332 |    14.6012 |
|        1 |          2 |          1221.20 |      1208.23 |      1208.23 |                  4.12 |                    0.25 |    332 |    14.6736 |
|        1 |          0 |          1220.90 |      1208.23 |      1220.90 |                  4.61 |                    0.24 |    333 |    14.7775 |
|        1 |          1 |          1220.90 |      1208.23 |      1220.90 |                  5.28 |                    0.27 |    333 |    14.8469 |
|        1 |          2 |          1220.90 |      1208.23 |      1226.78 |                  3.09 |                    0.13 |    334 |    14.9509 |
|        1 |          3 |          1220.90 |      1208.23 |      1235.37 |                  6.55 |                    0.24 |    334 |    15.0534 |
|        1 |          0 |          1218.30 |      1208.23 |      1218.30 |                  9.80 |                    0.32 |    336 |    15.1605 |
|        1 |          1 |          1218.30 |      1208.23 |      1218.30 |                  3.81 |                    0.12 |    336 |    15.2308 |
|        1 |          2 |          1218.30 |      1208.23 |      1231.17 |                  7.92 |                    0.30 |    337 |    15.3390 |
|        1 |          0 |          1215.10 |      1208.23 |      1215.10 |                  3.73 |                    0.14 |    337 |    15.3975 |
|        1 |          1 |          1215.10 |      1208.23 |      1215.10 |                  2.23 |                    0.11 |    337 |    15.4556 |
|        1 |          2 |          1215.10 |      1208.23 |      1215.10 |                  3.38 |                    0.19 |    337 |    15.5224 |
|        1 |          3 |          1215.10 |      1208.23 |      1234.59 |                 12.32 |                    0.28 |    339 |    15.6134 |
|        1 |          4 |          1215.10 |      1208.23 |      1259.90 |                  6.09 |                    0.14 |    342 |    15.6713 |
|        1 |          5 |          1215.10 |      1208.23 |      1259.90 |                  3.61 |                    0.10 |    342 |    15.7451 |
|        1 |          6 |          1215.10 |      1208.23 |      1270.30 |                  6.73 |                    0.23 |    348 |    15.8383 |
|        1 |          7 |          1215.10 |      1208.23 |      1253.50 |                  4.18 |                    0.12 |    351 |    15.9280 |
|        1 |          8 |          1215.10 |      1208.23 |      1248.42 |                  4.63 |                    0.10 |    355 |    16.0235 |
|        1 |          9 |          1215.10 |      1208.23 |      1254.23 |                  7.44 |                    0.12 |    355 |    16.1113 |
|        1 |         10 |          1215.10 |      1208.23 |      1256.10 |                  4.36 |                    0.10 |    357 |    16.1737 |
|        1 |         11 |          1215.10 |      1208.23 |      1249.41 |                  8.82 |                    0.10 |    357 |    16.2685 |
|        1 |         12 |          1215.10 |      1208.23 |      1255.80 |                  3.79 |                    0.10 |    358 |    16.3433 |
|        1 |         13 |          1215.10 |      1208.23 |      1249.24 |                  4.51 |                    0.10 |    358 |    16.4225 |
|        1 |         14 |          1215.10 |      1208.23 |      1255.34 |                  3.90 |                    0.10 |    358 |    16.4891 |
|        1 |         15 |          1215.10 |      1208.23 |      1239.03 |                  5.19 |                    0.10 |    359 |    16.5687 |
|        1 |         16 |          1215.10 |      1208.23 |      1241.03 |                 10.09 |                    0.10 |    360 |    16.6404 |
|        1 |         17 |          1215.10 |      1208.23 |      1245.70 |                  3.54 |                    0.10 |    363 |    16.7493 |
|        1 |         18 |          1215.10 |      1208.23 |      1233.85 |                  4.80 |                    0.10 |    363 |    16.8210 |
|        1 |         19 |          1215.10 |      1208.23 |      1240.08 |                  3.65 |                    0.10 |    363 |    16.8882 |
|        1 |         20 |          1215.10 |      1208.23 |      1234.59 |                  7.18 |                    0.10 |    363 |    16.9384 |
|        1 |         21 |          1215.10 |      1208.23 |      1268.80 |                  3.62 |                    0.10 |    364 |    17.0157 |
|        1 |         22 |          1215.10 |      1208.23 |      1261.05 |                  6.00 |                    0.10 |    364 |    17.0798 |
|        1 |         23 |          1215.10 |      1208.23 |      1266.24 |                  4.60 |                    0.10 |    364 |    17.1554 |
|        1 |         24 |          1215.10 |      1208.23 |      1264.14 |                  6.56 |                    0.10 |    364 |    17.2188 |
|        1 |         25 |          1215.10 |      1208.23 |      1270.60 |                  6.73 |                    0.15 |    366 |    17.2758 |
|        1 |         26 |          1215.10 |      1208.23 |      1239.19 |                  8.38 |                    0.17 |    366 |    17.4401 |
|        1 |         27 |          1215.10 |      1208.23 |      1244.50 |                  3.53 |                    0.10 |    366 |    17.5158 |
|        1 |         28 |          1215.10 |      1208.23 |      1244.50 |                  3.62 |                    0.11 |    366 |    17.5856 |
|        1 |         29 |          1215.10 |      1208.23 |      1253.08 |                  3.49 |                    0.10 |    368 |    17.6642 |
|        1 |         30 |          1215.10 |      1208.23 |      1252.87 |                  6.87 |                    0.10 |    368 |    17.7178 |
|        1 |         31 |          1215.10 |      1208.23 |      1224.68 |                  8.55 |                    0.10 |    368 |    17.8828 |
|        1 |          0 |          1214.20 |      1208.23 |      1214.20 |                  3.20 |                    0.10 |    368 |    18.0597 |
|        1 |          1 |          1214.20 |      1208.23 |      1214.20 |                  2.72 |                    0.10 |    368 |    18.1139 |
|        1 |          2 |          1214.20 |      1208.23 |      1213.97 |                  1.71 |                    0.10 |    368 |    18.1992 |
|        1 |          3 |          1214.20 |      1208.23 |      1221.76 |                  4.35 |                    0.25 |    369 |    18.2675 |
|        1 |          4 |          1214.20 |      1208.23 |      1231.62 |                  9.36 |                    0.55 |    369 |    18.3245 |
|        1 |          5 |          1214.20 |      1208.23 |      1246.89 |                 10.73 |                    0.59 |    370 |    18.5192 |
|        1 |          6 |          1214.20 |      1208.23 |      1218.90 |                  3.84 |                    0.19 |    371 |    18.6396 |
|        1 |          7 |          1214.20 |      1208.23 |      1218.90 |                  3.01 |                    0.11 |    371 |    18.7036 |
|        1 |          8 |          1214.20 |      1208.23 |      1218.90 |                  3.27 |                    0.14 |    371 |    18.7779 |
|        1 |          9 |          1214.20 |      1208.23 |      1218.90 |                  3.39 |                    0.15 |    371 |    18.8475 |
|        1 |         10 |          1214.20 |      1208.23 |      1218.90 |                  3.38 |                    0.11 |    371 |    18.9160 |
|        1 |         11 |          1214.20 |      1208.23 |      1218.90 |                  1.65 |                    0.10 |    371 |    18.9787 |
|        1 |         12 |          1214.20 |      1208.23 |      1208.60 |                  5.78 |                    0.22 |    372 |    19.0911 |
|        1 |         13 |          1214.20 |      1208.23 |      1217.90 |                  3.32 |                    0.11 |    373 |    19.1638 |
|        1 |         14 |          1214.20 |      1208.23 |      1227.68 |                  7.51 |                    0.10 |    374 |    19.2245 |
|        1 |         15 |          1214.20 |      1208.23 |      1257.05 |                  4.96 |                    0.10 |    375 |    19.3032 |
|        1 |         16 |          1214.20 |      1208.23 |      1243.03 |                 11.10 |                    0.10 |    375 |    19.3654 |
|        1 |         17 |          1214.20 |      1208.23 |      1253.50 |                  4.52 |                    0.10 |    377 |    19.4800 |
|        1 |         18 |          1214.20 |      1208.23 |      1215.70 |                  3.77 |                    0.10 |    378 |    19.6716 |
|        1 |         19 |          1214.20 |      1208.23 |      1215.52 |                  6.23 |                    0.24 |    379 |    19.7701 |
|        1 |         20 |          1214.20 |      1208.23 |      1215.70 |                  2.41 |                    0.13 |    379 |    19.8949 |
------------------------------------------------------------------------------------------------------------------------------------------------
|  Restart |  Iteration |  Best Feas. Cost |    Best Cost |   Curr. Cost |   Penalty Custom Res. |   Penalty Standard Res. |   Pool |   Time (s) |
------------------------------------------------------------------------------------------------------------------------------------------------
|        1 |         21 |          1214.20 |      1208.23 |      1210.64 |                  4.49 |                    0.21 |    379 |    20.0118 |
|        1 |         22 |          1214.20 |      1208.23 |      1218.90 |                  3.38 |                    0.15 |    379 |    20.1024 |
|        1 |         23 |          1214.20 |      1208.23 |      1225.46 |                  7.19 |                    0.18 |    379 |    20.1573 |
|        1 |         24 |          1214.20 |      1208.23 |      1239.16 |                  4.34 |                    0.10 |    379 |    20.2204 |
|        1 |         25 |          1214.20 |      1208.23 |      1229.54 |                  6.99 |                    0.10 |    379 |    20.2790 |
|        1 |         26 |          1214.20 |      1208.23 |      1239.06 |                  3.09 |                    0.10 |    379 |    20.3591 |
|        1 |         27 |          1214.20 |      1208.23 |      1249.75 |                  7.88 |                    0.22 |    380 |    20.4247 |
|        1 |         28 |          1214.20 |      1208.23 |      1247.38 |                  8.08 |                    0.11 |    380 |    20.5094 |
|        1 |         29 |          1214.20 |      1208.23 |      1248.30 |                 12.35 |                    0.10 |    380 |    20.5796 |
|        1 |         30 |          1214.20 |      1208.23 |      1277.10 |                  5.52 |                    0.12 |    384 |    20.6727 |
|        1 |         31 |          1214.20 |      1208.23 |      1253.61 |                  5.58 |                    0.10 |    385 |    20.7914 |
|        1 |         32 |          1214.20 |      1208.23 |      1256.14 |                  2.99 |                    0.10 |    385 |    20.8623 |
|        1 |         33 |          1214.20 |      1208.23 |      1254.83 |                 11.00 |                    0.10 |    386 |    20.9594 |
|        1 |         34 |          1214.20 |      1208.23 |      1262.27 |                 25.12 |                    0.10 |    386 |    21.0218 |
|        1 |         35 |          1214.20 |      1208.23 |      1258.30 |                 11.23 |                    0.10 |    388 |    21.0970 |
|        1 |         36 |          1214.20 |      1208.23 |      1258.30 |                  4.11 |                    0.10 |    388 |    21.1722 |
|        1 |         37 |          1214.20 |      1208.23 |      1258.30 |                  3.59 |                    0.10 |    388 |    21.2354 |
|        1 |         38 |          1214.20 |      1208.23 |      1256.00 |                  1.42 |                    0.10 |    388 |    21.3107 |
|        1 |         39 |          1214.20 |      1208.23 |      1221.92 |                  4.38 |                    0.30 |    389 |    21.3960 |
|        1 |         40 |          1214.20 |      1208.23 |      1239.00 |                  2.90 |                    0.19 |    389 |    21.4608 |
|        1 |         41 |          1214.20 |      1208.23 |      1239.00 |                  4.05 |                    0.10 |    389 |    21.5233 |
|        1 |         42 |          1214.20 |      1208.23 |      1240.40 |                  6.26 |                    0.10 |    389 |    21.5894 |
|        1 |         43 |          1214.20 |      1208.23 |      1243.60 |                  7.16 |                    0.10 |    389 |    21.6672 |
|        1 |         44 |          1214.20 |      1208.23 |      1243.60 |                  3.68 |                    0.10 |    389 |    21.7383 |
|        1 |         45 |          1214.20 |      1208.23 |      1240.40 |                  2.48 |                    0.10 |    389 |    21.8209 |
|        1 |         46 |          1214.20 |      1208.23 |      1220.84 |                  4.59 |                    0.20 |    389 |    21.8879 |
|        1 |         47 |          1214.20 |      1208.23 |      1237.76 |                  8.98 |                    0.10 |    390 |    22.0170 |
|        1 |         48 |          1214.20 |      1208.23 |      1242.34 |                  9.12 |                    0.10 |    390 |    22.0854 |
|        1 |         49 |          1214.20 |      1208.23 |      1263.30 |                 11.02 |                    0.11 |    391 |    22.2380 |
|        1 |         50 |          1214.20 |      1208.23 |      1246.02 |                 10.80 |                    0.12 |    393 |    22.3917 |
|        1 |         51 |          1214.20 |      1208.23 |      1240.28 |                  9.80 |                    0.10 |    393 |    22.4941 |
|        1 |         52 |          1214.20 |      1208.23 |      1243.51 |                  8.31 |                    0.10 |    393 |    22.5612 |
|        1 |         53 |          1214.20 |      1208.23 |      1241.83 |                 18.43 |                    0.10 |    393 |    22.6177 |
|        1 |         54 |          1214.20 |      1208.23 |      1251.40 |                  7.60 |                    0.10 |    396 |    22.6906 |
|        1 |         55 |          1214.20 |      1208.23 |      1241.81 |                  6.44 |                    0.11 |    396 |    22.7984 |
|        1 |         56 |          1214.20 |      1208.23 |      1239.83 |                  9.46 |                    0.10 |    396 |    22.8710 |
|        1 |         57 |          1214.20 |      1208.23 |      1243.04 |                  5.43 |                    0.10 |    396 |    22.9504 |
|        1 |         58 |          1214.20 |      1208.23 |      1266.00 |                 10.54 |                    0.23 |    398 |    23.0531 |
|        1 |         59 |          1214.20 |      1208.23 |      1259.10 |                  5.81 |                    0.14 |    402 |    23.1572 |
|        1 |         60 |          1214.20 |      1208.23 |      1276.60 |                 10.21 |                    0.10 |    407 |    23.2441 |
|        1 |         61 |          1214.20 |      1208.23 |      1261.80 |                  3.38 |                    0.10 |    410 |    23.3342 |
|        1 |         62 |          1214.20 |      1208.23 |      1273.80 |                  4.86 |                    0.16 |    411 |    23.4212 |
|        1 |         63 |          1214.20 |      1208.23 |      1243.40 |                  6.18 |                    0.17 |    412 |    23.5545 |
|        1 |         64 |          1214.20 |      1208.23 |      1254.74 |                  7.56 |                    0.15 |    412 |    23.6772 |
|        1 |         65 |          1214.20 |      1208.23 |      1241.40 |                  3.38 |                    0.10 |    412 |    23.7777 |
|        1 |         66 |          1214.20 |      1208.23 |      1241.40 |                  1.75 |                    0.10 |    412 |    23.8370 |
|        1 |         67 |          1214.20 |      1208.23 |      1235.85 |                  4.38 |                    0.11 |    414 |    23.9233 |
|        1 |         68 |          1214.20 |      1208.23 |      1256.03 |                 10.83 |                    0.10 |    414 |    23.9935 |
|        1 |         69 |          1214.20 |      1208.23 |      1261.03 |                 24.98 |                    0.10 |    416 |    24.0550 |
|        1 |         70 |          1214.20 |      1208.23 |      1273.18 |                 15.70 |                    0.10 |    416 |    24.1180 |
|        1 |         71 |          1214.20 |      1208.23 |      1265.04 |                 24.74 |                    0.10 |    416 |    24.2048 |
|        1 |         72 |          1214.20 |      1208.23 |      1270.60 |                  7.48 |                    0.10 |    418 |    24.3003 |
|        1 |         73 |          1214.20 |      1208.23 |      1243.91 |                 13.34 |                    0.10 |    420 |    24.4611 |
|        1 |         74 |          1214.20 |      1208.23 |      1242.60 |                  3.73 |                    0.10 |    424 |    24.6662 |
|        1 |         75 |          1214.20 |      1208.23 |      1231.24 |                  8.86 |                    0.15 |    424 |    24.7322 |
|        1 |         76 |          1214.20 |      1208.23 |      1270.40 |                  6.27 |                    0.11 |    426 |    24.8102 |
|        1 |         77 |          1214.20 |      1208.23 |      1299.26 |                  8.17 |                    0.21 |    430 |    24.8996 |
|        1 |         78 |          1214.20 |      1208.23 |      1269.20 |                  7.53 |                    0.13 |    431 |    25.0673 |
|        1 |         79 |          1214.20 |      1208.23 |      1230.90 |                  5.42 |                    0.16 |    433 |    25.3695 |
|        1 |         80 |          1214.20 |      1208.23 |      1268.60 |                  6.54 |                    0.19 |    438 |    25.5303 |
|        1 |         81 |          1214.20 |      1208.23 |      1226.39 |                  4.18 |                    0.10 |    439 |    25.6422 |
|        1 |         82 |          1214.20 |      1208.23 |      1223.00 |                  3.08 |                    0.10 |    439 |    25.7388 |
|        1 |         83 |          1214.20 |      1208.23 |      1224.00 |                  3.32 |                    0.16 |    439 |    25.8453 |
|        1 |         84 |          1214.20 |      1208.23 |      1224.00 |                  3.23 |                    0.15 |    439 |    25.9589 |
|        1 |         85 |          1214.20 |      1208.23 |      1269.65 |                  8.41 |                    0.13 |    440 |    26.0392 |
|        1 |         86 |          1214.20 |      1208.23 |      1271.00 |                  2.27 |                    0.10 |    441 |    26.2123 |
|        1 |         87 |          1214.20 |      1208.23 |      1247.61 |                  6.59 |                    0.20 |    442 |    26.2901 |
|        1 |         88 |          1214.20 |      1208.23 |      1246.90 |                  4.44 |                    0.14 |    442 |    26.3586 |
|        1 |         89 |          1214.20 |      1208.23 |      1231.70 |                  3.54 |                    0.11 |    442 |    26.4385 |
|        1 |         90 |          1214.20 |      1208.23 |      1232.44 |                  5.94 |                    0.10 |    442 |    26.4943 |
|        1 |         91 |          1214.20 |      1208.23 |      1243.40 |                  6.92 |                    0.10 |    442 |    26.5856 |
|        1 |         92 |          1214.20 |      1208.23 |      1244.35 |                  5.59 |                    0.12 |    442 |    26.6526 |
|        1 |         93 |          1214.20 |      1208.23 |      1239.21 |                  5.44 |                    0.10 |    442 |    26.7371 |
|        1 |         94 |          1214.20 |      1208.23 |      1239.79 |                  3.49 |                    0.10 |    442 |    26.8074 |
|        1 |         95 |          1214.20 |      1208.23 |      1236.21 |                  7.28 |                    0.11 |    442 |    26.8747 |
|        1 |         96 |          1214.20 |      1208.23 |      1246.90 |                  3.70 |                    0.11 |    442 |    26.9624 |
|        1 |         97 |          1214.20 |      1208.23 |      1223.30 |                  1.58 |                    0.11 |    442 |    27.1162 |
|        1 |         98 |          1214.20 |      1208.23 |      1218.37 |                  3.91 |                    0.24 |    443 |    27.1940 |
|        1 |         99 |          1214.20 |      1208.23 |      1234.81 |                  8.75 |                    0.54 |    443 |    27.2530 |
|        1 |        100 |          1214.20 |      1208.23 |      1272.40 |                  5.46 |                    0.12 |    447 |    27.4095 |
|        1 |        101 |          1214.20 |      1208.23 |      1283.50 |                  5.43 |                    0.13 |    448 |    27.4920 |
|        1 |        102 |          1214.20 |      1208.23 |      1285.89 |                  3.58 |                    0.10 |    448 |    27.5754 |
|        1 |        103 |          1214.20 |      1208.23 |      1279.54 |                  3.23 |                    0.13 |    448 |    27.6360 |
|        1 |        104 |          1214.20 |      1208.23 |      1276.02 |                 11.20 |                    0.45 |    450 |    27.7425 |
|        1 |        105 |          1214.20 |      1208.23 |      1290.80 |                  9.66 |                    0.39 |    453 |    27.8636 |
|        1 |        106 |          1214.20 |      1208.23 |      1297.90 |                  6.34 |                    0.18 |    455 |    28.0262 |
|        1 |        107 |          1214.20 |      1208.23 |      1263.80 |                  6.12 |                    0.22 |    455 |    28.2836 |
|        1 |        108 |          1214.20 |      1208.23 |      1244.60 |                  5.19 |                    0.19 |    455 |    28.3834 |
|        1 |        109 |          1214.20 |      1208.23 |      1244.60 |                  3.53 |                    0.13 |    455 |    28.4468 |
|        1 |        110 |          1214.20 |      1208.23 |      1237.49 |                  3.17 |                    0.10 |    455 |    28.5688 |
|        1 |        111 |          1214.20 |      1208.23 |      1234.78 |                  5.09 |                    0.16 |    455 |    28.6572 |
|        1 |        112 |          1214.20 |      1208.23 |      1244.60 |                  3.20 |                    0.10 |    455 |    28.7320 |
|        1 |        113 |          1214.20 |      1208.23 |      1244.60 |                  3.48 |                    0.10 |    455 |    28.8017 |
|        1 |        114 |          1214.20 |      1208.23 |      1244.60 |                  5.94 |                    0.11 |    455 |    28.9011 |
|        1 |        115 |          1214.20 |      1208.23 |      1244.60 |                  5.63 |                    0.11 |    455 |    28.9903 |
|        1 |        116 |          1214.20 |      1208.23 |      1244.60 |                  3.95 |                    0.10 |    455 |    29.0532 |
|        1 |        117 |          1214.20 |      1208.23 |      1244.60 |                  6.88 |                    0.19 |    455 |    29.1275 |
|        1 |        118 |          1214.20 |      1208.23 |      1244.60 |                  5.02 |                    0.14 |    455 |    29.1940 |
|        1 |        119 |          1214.20 |      1208.23 |      1244.60 |                  5.20 |                    0.13 |    455 |    29.2579 |
|        1 |        120 |          1214.20 |      1208.23 |      1244.60 |                  8.20 |                    0.20 |    455 |    29.3207 |
|        1 |        121 |          1214.20 |      1208.23 |      1240.50 |                  2.94 |                    0.10 |    455 |    29.4285 |
|        1 |        122 |          1214.20 |      1208.23 |      1240.50 |                  2.54 |                    0.10 |    455 |    29.5027 |
|        1 |        123 |          1214.20 |      1208.23 |      1232.10 |                  5.34 |                    0.10 |    455 |    29.6075 |
|        1 |        124 |          1214.20 |      1208.23 |      1236.93 |                  3.65 |                    0.10 |    455 |    29.7759 |
|        1 |        125 |          1214.20 |      1208.23 |      1235.16 |                  6.39 |                    0.10 |    459 |    29.9043 |
|        1 |        126 |          1214.20 |      1208.23 |      1229.63 |                 12.31 |                    0.15 |    461 |    29.9763 |
|        1 |        127 |          1214.20 |      1208.23 |      1257.81 |                  6.33 |                    0.10 |    463 |    30.0433 |
|        1 |        128 |          1214.20 |      1208.23 |      1245.53 |                 14.18 |                    0.14 |    466 |    30.1055 |
|        1 |        129 |          1214.20 |      1208.23 |      1277.10 |                  5.26 |                    0.10 |    469 |    30.2899 |
|        1 |        130 |          1214.20 |      1208.23 |      1242.26 |                  3.22 |                    0.10 |    469 |    30.4402 |
|        1 |        131 |          1214.20 |      1208.23 |      1247.30 |                  3.17 |                    0.12 |    469 |    30.5403 |
|        1 |        132 |          1214.20 |      1208.23 |      1248.76 |                  2.33 |                    0.10 |    469 |    30.6179 |
|        1 |        133 |          1214.20 |      1208.23 |      1247.98 |                  3.57 |                    0.10 |    469 |    30.6975 |
|        1 |        134 |          1214.20 |      1208.23 |      1230.85 |                  2.56 |                    0.10 |    469 |    30.9244 |
|        1 |        135 |          1214.20 |      1208.23 |      1228.54 |                  3.24 |                    0.10 |    469 |    31.0071 |
|        1 |        136 |          1214.20 |      1208.23 |      1230.01 |                  4.94 |                    0.17 |    470 |    31.1187 |
|        1 |        137 |          1214.20 |      1208.23 |      1243.73 |                  6.25 |                    0.10 |    470 |    31.2048 |
|        1 |        138 |          1214.20 |      1208.23 |      1242.63 |                  9.27 |                    0.11 |    470 |    31.3223 |
|        1 |        139 |          1214.20 |      1208.23 |      1220.60 |                  4.53 |                    0.10 |    470 |    31.4014 |
|        1 |        140 |          1214.20 |      1208.23 |      1217.40 |                  4.17 |                    0.10 |    470 |    31.4669 |
|        1 |        141 |          1214.20 |      1208.23 |      1216.40 |                  4.36 |                    0.10 |    470 |    31.5635 |
|        1 |        142 |          1214.20 |      1208.23 |      1216.40 |                  2.18 |                    0.10 |    470 |    31.6519 |
|        1 |        143 |          1214.20 |      1208.23 |      1221.22 |                  5.54 |                    0.10 |    470 |    31.7238 |
|        1 |        144 |          1214.20 |      1208.23 |      1236.05 |                  7.08 |                    0.10 |    470 |    31.8032 |
|        1 |        145 |          1214.20 |      1208.23 |      1242.40 |                  6.25 |                    0.11 |    470 |    31.8873 |
|        1 |        146 |          1214.20 |      1208.23 |      1242.40 |                  7.08 |                    0.13 |    470 |    31.9571 |
|        1 |        147 |          1214.20 |      1208.23 |      1233.78 |                  6.11 |                    0.15 |    472 |    32.2180 |
|        1 |        148 |          1214.20 |      1208.23 |      1244.10 |                  5.62 |                    0.14 |    472 |    32.2842 |
|        1 |        149 |          1214.20 |      1208.23 |      1224.70 |                  6.59 |                    0.18 |    473 |    32.4397 |
|        1 |        150 |          1214.20 |      1208.23 |      1227.70 |                  5.82 |                    0.14 |    473 |    32.5124 |
|        1 |        151 |          1214.20 |      1208.23 |      1242.51 |                 10.04 |                    0.10 |    473 |    32.5856 |
|        1 |        152 |          1214.20 |      1208.23 |      1248.67 |                  5.80 |                    0.10 |    473 |    32.7070 |
|        1 |        153 |          1214.20 |      1208.23 |      1244.02 |                  6.46 |                    0.10 |    474 |    32.7601 |
|        1 |        154 |          1214.20 |      1208.23 |      1245.46 |                  3.71 |                    0.10 |    474 |    32.8335 |
|        1 |        155 |          1214.20 |      1208.23 |      1224.70 |                  2.81 |                    0.10 |    474 |    32.9319 |
|        1 |        156 |          1214.20 |      1208.23 |      1227.70 |                  3.84 |                    0.12 |    474 |    33.0610 |
|        1 |        157 |          1214.20 |      1208.23 |      1243.45 |                  4.01 |                    0.11 |    474 |    33.1654 |
|        1 |        158 |          1214.20 |      1208.23 |      1240.67 |                  3.87 |                    0.10 |    474 |    33.2378 |
|        1 |        159 |          1214.20 |      1208.23 |      1239.87 |                  9.10 |                    0.19 |    474 |    33.3301 |
|        1 |        160 |          1214.20 |      1208.23 |      1252.30 |                  9.52 |                    0.16 |    476 |    33.4090 |
|        1 |        161 |          1214.20 |      1208.23 |      1252.80 |                  4.39 |                    0.10 |    477 |    33.4828 |
|        1 |        162 |          1214.20 |      1208.23 |      1225.00 |                  4.32 |                    0.12 |    477 |    33.5525 |
|        1 |        163 |          1214.20 |      1208.23 |      1224.30 |                  6.16 |                    0.23 |    477 |    33.6779 |
|        1 |        164 |          1214.20 |      1208.23 |      1224.30 |                  4.19 |                    0.15 |    477 |    33.7498 |
|        1 |        165 |          1214.20 |      1208.23 |      1234.25 |                  2.88 |                    0.10 |    478 |    33.8374 |
|        1 |        166 |          1214.20 |      1208.23 |      1224.30 |                  4.68 |                    0.19 |    478 |    33.9402 |
|        1 |        167 |          1214.20 |      1208.23 |      1222.62 |                  6.33 |                    0.26 |    478 |    34.0595 |
|        1 |        168 |          1214.20 |      1208.23 |      1240.69 |                  4.70 |                    0.17 |    479 |    34.1611 |
|        1 |        169 |          1214.20 |      1208.23 |      1230.23 |                 11.52 |                    0.40 |    480 |    34.2377 |
|        1 |        170 |          1214.20 |      1208.23 |      1257.79 |                 16.75 |                    0.59 |    482 |    34.3285 |
|        1 |        171 |          1214.20 |      1208.23 |      1245.20 |                  7.27 |                    0.26 |    482 |    34.4068 |
|        1 |        172 |          1214.20 |      1208.23 |      1245.20 |                  3.77 |                    0.10 |    482 |    34.4853 |
|        1 |        173 |          1214.20 |      1208.23 |      1229.50 |                  5.64 |                    0.19 |    483 |    34.6221 |
|        1 |        174 |          1214.20 |      1208.23 |      1250.40 |                  9.70 |                    0.10 |    485 |    34.7414 |
|        1 |        175 |          1214.20 |      1208.23 |      1250.40 |                  4.89 |                    0.10 |    485 |    34.8329 |
|        1 |        176 |          1214.20 |      1208.23 |      1245.70 |                  3.85 |                    0.10 |    485 |    34.9917 |
|        1 |        177 |          1214.20 |      1208.23 |      1247.12 |                  8.52 |                    0.22 |    485 |    35.0587 |
|        1 |        178 |          1214.20 |      1208.23 |      1264.28 |                 16.77 |                    0.44 |    485 |    35.1166 |
|        1 |        179 |          1214.20 |      1208.23 |      1268.70 |                  8.10 |                    0.20 |    485 |    35.2462 |
|        1 |        180 |          1214.20 |      1208.23 |      1268.70 |                  3.92 |                    0.11 |    485 |    35.3247 |
|        1 |        181 |          1214.20 |      1208.23 |      1260.42 |                  3.71 |                    0.10 |    486 |    35.4206 |
|        1 |        182 |          1214.20 |      1208.23 |      1247.72 |                  3.05 |                    0.10 |    488 |    35.5333 |
|        1 |        183 |          1214.20 |      1208.23 |      1248.33 |                  7.32 |                    0.24 |    488 |    35.5998 |
|        1 |        184 |          1214.20 |      1208.23 |      1264.10 |                  4.20 |                    0.10 |    489 |    35.6736 |
|        1 |        185 |          1214.20 |      1208.23 |      1244.10 |                  6.80 |                    0.13 |    489 |    35.7980 |
|        1 |        186 |          1214.20 |      1208.23 |      1242.60 |                  4.91 |                    0.11 |    491 |    35.8810 |
|        1 |        187 |          1214.20 |      1208.23 |      1258.84 |                  4.94 |                    0.10 |    491 |    35.9458 |
|        1 |        188 |          1214.20 |      1208.23 |      1250.70 |                  4.44 |                    0.11 |    492 |    36.0272 |
|        1 |        189 |          1214.20 |      1208.23 |      1239.80 |                  6.26 |                    0.17 |    495 |    36.1381 |
|        1 |        190 |          1214.20 |      1208.23 |      1239.80 |                  4.71 |                    0.12 |    495 |    36.1983 |
|        1 |        191 |          1214.20 |      1208.23 |      1234.91 |                  3.05 |                    0.10 |    497 |    36.2608 |
|        1 |        192 |          1214.20 |      1208.23 |      1230.18 |                  4.72 |                    0.10 |    498 |    36.3269 |
|        1 |        193 |          1214.20 |      1208.23 |      1231.71 |                  4.60 |                    0.10 |    498 |    36.3976 |
|        1 |        194 |          1214.20 |      1208.23 |      1230.78 |                  6.62 |                    0.10 |    498 |    36.4817 |
|        1 |        195 |          1214.20 |      1208.23 |      1255.72 |                  6.66 |                    0.10 |    500 |    36.5585 |
|        1 |        196 |          1214.20 |      1208.23 |      1229.82 |                  9.46 |                    0.10 |    500 |    36.6774 |
|        1 |        197 |          1214.20 |      1208.23 |      1224.30 |                  7.02 |                    0.11 |    503 |    36.7972 |
|        1 |        198 |          1214.20 |      1208.23 |      1222.84 |                  8.27 |                    0.10 |    503 |    36.8718 |
|        1 |        199 |          1214.20 |      1208.23 |      1225.67 |                  5.74 |                    0.11 |    503 |    36.9580 |
|        1 |        200 |          1214.20 |      1208.23 |      1235.01 |                  7.12 |                    0.10 |    504 |    37.0253 |
|        1 |        201 |          1214.20 |      1208.23 |      1267.51 |                  6.54 |                    0.12 |    507 |    37.0962 |
|        1 |        202 |          1214.20 |      1208.23 |      1267.87 |                  7.79 |                    0.10 |    509 |    37.1789 |
|        1 |        203 |          1214.20 |      1208.23 |      1270.00 |                  5.41 |                    0.10 |    509 |    37.2489 |
|        1 |        204 |          1214.20 |      1208.23 |      1267.76 |                  8.18 |                    0.11 |    509 |    37.3282 |
|        1 |        205 |          1214.20 |      1208.23 |      1268.90 |                  3.80 |                    0.10 |    510 |    37.4397 |
|        1 |        206 |          1214.20 |      1208.23 |      1264.42 |                  8.94 |                    0.10 |    510 |    37.5150 |
|        1 |        207 |          1214.20 |      1208.23 |      1268.90 |                  5.19 |                    0.10 |    510 |    37.5752 |
|        1 |        208 |          1214.20 |      1208.23 |      1262.70 |                  3.20 |                    0.10 |    510 |    37.6323 |
|        1 |        209 |          1214.20 |      1208.23 |      1234.49 |                  8.23 |                    0.26 |    511 |    37.7052 |
|        1 |        210 |          1214.20 |      1208.23 |      1268.82 |                 18.80 |                    0.59 |    511 |    37.7605 |
|        1 |        211 |          1214.20 |      1208.23 |      1236.00 |                 10.05 |                    0.31 |    513 |    37.8449 |
|        1 |        212 |          1214.20 |      1208.23 |      1227.83 |                  6.30 |                    0.10 |    513 |    37.9509 |
|        1 |        213 |          1214.20 |      1208.23 |      1231.90 |                  4.28 |                    0.10 |    513 |    38.0496 |
|        1 |        214 |          1214.20 |      1208.23 |      1231.90 |                  7.60 |                    0.13 |    513 |    38.1149 |
|        1 |        215 |          1214.20 |      1208.23 |      1230.90 |                  4.07 |                    0.10 |    513 |    38.1974 |
|        1 |        216 |          1214.20 |      1208.23 |      1225.98 |                  7.87 |                    0.10 |    513 |    38.3379 |
|        1 |        217 |          1214.20 |      1208.23 |      1230.97 |                  5.04 |                    0.10 |    513 |    38.4201 |
|        1 |        218 |          1214.20 |      1208.23 |      1228.05 |                  7.95 |                    0.10 |    513 |    38.4835 |
|        1 |        219 |          1214.20 |      1208.23 |      1231.14 |                  7.09 |                    0.10 |    513 |    38.5551 |
|        1 |        220 |          1214.20 |      1208.23 |      1230.38 |                  7.27 |                    0.10 |    513 |    38.6264 |
|        1 |        221 |          1214.20 |      1208.23 |      1230.26 |                 12.05 |                    0.13 |    513 |    38.7022 |
|        1 |        222 |          1214.20 |      1208.23 |      1230.70 |                  8.88 |                    0.10 |    515 |    38.7810 |
|        1 |        223 |          1214.20 |      1208.23 |      1230.70 |                  7.23 |                    0.12 |    515 |    38.8533 |
|        1 |        224 |          1214.20 |      1208.23 |      1230.70 |                  3.69 |                    0.10 |    515 |    38.9173 |
|        1 |        225 |          1214.20 |      1208.23 |      1245.67 |                  4.06 |                    0.10 |    515 |    38.9840 |
|        1 |        226 |          1214.20 |      1208.23 |      1237.34 |                  6.99 |                    0.13 |    517 |    39.0567 |
|        1 |        227 |          1214.20 |      1208.23 |      1237.74 |                  5.47 |                    0.10 |    518 |    39.1337 |
|        1 |        228 |          1214.20 |      1208.23 |      1235.23 |                  4.88 |                    0.10 |    518 |    39.2003 |
|        1 |        229 |          1214.20 |      1208.23 |      1230.38 |                  6.23 |                    0.10 |    518 |    39.2757 |
|        1 |        230 |          1214.20 |      1208.23 |      1231.72 |                  6.58 |                    0.13 |    518 |    39.3548 |
|        1 |        231 |          1214.20 |      1208.23 |      1243.02 |                 13.88 |                    0.10 |    519 |    39.4098 |
|        1 |        232 |          1214.20 |      1208.23 |      1249.98 |                 15.42 |                    0.10 |    519 |    39.4808 |
|        1 |        233 |          1214.20 |      1208.23 |      1251.68 |                 13.08 |                    0.10 |    519 |    39.5493 |
|        1 |        234 |          1214.20 |      1208.23 |      1230.90 |                  5.39 |                    0.10 |    519 |    39.6448 |
|        1 |        235 |          1214.20 |      1208.23 |      1244.30 |                  4.30 |                    0.10 |    520 |    39.7263 |
|        1 |        236 |          1214.20 |      1208.23 |      1255.10 |                  5.32 |                    0.10 |    522 |    39.8435 |
|        1 |        237 |          1214.20 |      1208.23 |      1255.10 |                  4.43 |                    0.10 |    522 |    39.9022 |
|        1 |        238 |          1214.20 |      1208.23 |      1249.16 |                  3.83 |                    0.10 |    522 |    39.9718 |
------------------------------------------------------------------------------------------------------------------------------------------------
|  Restart |  Iteration |  Best Feas. Cost |    Best Cost |   Curr. Cost |   Penalty Custom Res. |   Penalty Standard Res. |   Pool |   Time (s) |
------------------------------------------------------------------------------------------------------------------------------------------------
|        1 |        239 |          1214.20 |      1208.23 |      1247.24 |                  4.01 |                    0.10 |    522 |    40.0435 |
|        1 |        240 |          1214.20 |      1208.23 |      1255.10 |                  9.15 |                    0.20 |    522 |    40.1166 |
|        1 |        241 |          1214.20 |      1208.23 |      1255.30 |                  3.48 |                    0.10 |    522 |    40.2157 |
|        1 |        242 |          1214.20 |      1208.23 |      1255.30 |                  2.26 |                    0.10 |    522 |    40.2719 |
|        1 |        243 |          1214.20 |      1208.23 |      1255.30 |                  4.57 |                    0.22 |    522 |    40.3389 |
|        1 |        244 |          1214.20 |      1208.23 |      1254.80 |                  4.45 |                    0.10 |    522 |    40.4243 |
|        1 |        245 |          1214.20 |      1208.23 |      1247.50 |                  7.07 |                    0.25 |    522 |    40.5328 |
|        1 |        246 |          1214.20 |      1208.23 |      1256.50 |                  6.50 |                    0.23 |    522 |    40.5962 |
|        1 |        247 |          1214.20 |      1208.23 |      1254.50 |                  5.50 |                    0.17 |    522 |    40.7065 |
|        1 |        248 |          1214.20 |      1208.23 |      1245.50 |                  9.84 |                    0.28 |    522 |    40.8217 |
|        1 |        249 |          1214.20 |      1208.23 |      1290.10 |                  4.02 |                    0.11 |    522 |    40.8938 |
|        1 |        250 |          1214.20 |      1208.23 |      1284.09 |                  3.20 |                    0.14 |    523 |    41.0253 |
|        1 |        251 |          1214.20 |      1208.23 |      1288.49 |                  5.68 |                    0.24 |    523 |    41.1036 |
|        1 |        252 |          1214.20 |      1208.23 |      1287.90 |                  8.38 |                    0.13 |    523 |    41.2708 |
|        1 |        253 |          1214.20 |      1208.23 |      1287.90 |                  4.91 |                    0.10 |    523 |    41.3489 |
|        1 |        254 |          1214.20 |      1208.23 |      1287.90 |                  3.11 |                    0.10 |    523 |    41.4132 |
|        1 |        255 |          1214.20 |      1208.23 |      1269.45 |                  4.70 |                    0.26 |    527 |    41.5323 |
|        1 |        256 |          1214.20 |      1208.23 |      1316.87 |                 11.41 |                    0.63 |    529 |    41.5952 |
|        1 |        257 |          1214.20 |      1208.23 |      1355.95 |                 24.30 |                    1.34 |    532 |    41.6491 |
|        1 |        258 |          1214.20 |      1208.23 |      1264.30 |                  6.84 |                    0.32 |    532 |    41.7656 |
|        1 |        259 |          1214.20 |      1208.23 |      1264.30 |                  8.23 |                    0.26 |    532 |    41.8399 |
|        1 |        260 |          1214.20 |      1208.23 |      1255.73 |                  5.35 |                    0.19 |    532 |    41.9900 |
|        1 |        261 |          1214.20 |      1208.23 |      1264.30 |                  5.07 |                    0.10 |    532 |    42.0549 |
|        1 |        262 |          1214.20 |      1208.23 |      1264.30 |                  3.35 |                    0.12 |    532 |    42.1323 |
|        1 |        263 |          1214.20 |      1208.23 |      1254.72 |                  4.71 |                    0.12 |    532 |    42.2554 |
|        1 |        264 |          1214.20 |      1208.23 |      1256.15 |                  8.29 |                    0.13 |    532 |    42.3510 |
|        1 |        265 |          1214.20 |      1208.23 |      1302.70 |                 10.59 |                    0.17 |    535 |    42.4327 |
|        1 |        266 |          1214.20 |      1208.23 |      1272.47 |                  4.76 |                    0.10 |    535 |    42.5982 |
|        1 |        267 |          1214.20 |      1208.23 |      1313.99 |                  7.78 |                    0.11 |    539 |    42.7764 |
|        1 |        268 |          1214.20 |      1208.23 |      1304.60 |                  6.38 |                    0.11 |    544 |    42.9259 |
|        1 |        269 |          1214.20 |      1208.23 |      1286.20 |                  3.60 |                    0.15 |    547 |    43.1031 |
|        1 |        270 |          1214.20 |      1208.23 |      1291.87 |                  5.34 |                    0.22 |    551 |    43.2223 |
|        1 |        271 |          1214.20 |      1208.23 |      1266.30 |                  3.64 |                    0.18 |    555 |    43.4014 |
|        1 |        272 |          1214.20 |      1208.23 |      1268.60 |                  4.65 |                    0.22 |    557 |    43.4948 |
|        1 |        273 |          1214.20 |      1208.23 |      1232.04 |                  4.42 |                    0.17 |    557 |    43.6646 |
|        1 |        274 |          1214.20 |      1208.23 |      1239.27 |                  4.66 |                    0.18 |    557 |    43.7844 |
|        1 |        275 |          1214.20 |      1208.23 |      1280.49 |                  4.83 |                    0.17 |    559 |    43.8629 |
|        1 |        276 |          1214.20 |      1208.23 |      1248.30 |                  5.57 |                    0.20 |    559 |    43.9895 |
|        1 |        277 |          1214.20 |      1208.23 |      1230.70 |                  2.46 |                    0.10 |    559 |    44.1288 |
|        1 |        278 |          1214.20 |      1208.23 |      1237.44 |                  3.95 |                    0.16 |    559 |    44.2180 |
|        1 |        279 |          1214.20 |      1208.23 |      1240.60 |                  3.21 |                    0.13 |    560 |    44.3261 |
|        1 |        280 |          1214.20 |      1208.23 |      1240.60 |                  7.25 |                    0.10 |    560 |    44.3931 |
|        1 |        281 |          1214.20 |      1208.23 |      1240.60 |                  7.52 |                    0.12 |    560 |    44.4545 |
|        1 |        282 |          1214.20 |      1208.23 |      1303.50 |                  5.94 |                    0.10 |    562 |    44.5244 |
|        1 |        283 |          1214.20 |      1208.23 |      1266.92 |                  8.35 |                    0.29 |    564 |    44.6596 |
|        1 |        284 |          1214.20 |      1208.23 |      1247.60 |                  7.02 |                    0.22 |    567 |    44.7372 |
|        1 |        285 |          1214.20 |      1208.23 |      1247.60 |                  4.07 |                    0.12 |    567 |    44.8006 |
|        1 |        286 |          1214.20 |      1208.23 |      1247.60 |                  2.91 |                    0.10 |    567 |    44.8756 |
|        1 |        287 |          1214.20 |      1208.23 |      1229.89 |                  4.62 |                    0.15 |    567 |    45.0024 |
|        1 |        288 |          1214.20 |      1208.23 |      1252.00 |                  3.91 |                    0.10 |    569 |    45.0897 |
|        1 |        289 |          1214.20 |      1208.23 |      1252.00 |                  5.00 |                    0.11 |    569 |    45.1730 |
|        1 |        290 |          1214.20 |      1208.23 |      1226.40 |                  3.43 |                    0.12 |    570 |    45.2565 |
|        1 |        291 |          1214.20 |      1208.23 |      1226.40 |                  3.78 |                    0.12 |    570 |    45.3281 |
|        1 |        292 |          1214.20 |      1208.23 |      1234.96 |                  6.98 |                    0.10 |    571 |    45.4161 |
|        1 |        293 |          1214.20 |      1208.23 |      1226.40 |                  3.44 |                    0.10 |    571 |    45.5144 |
|        1 |        294 |          1214.20 |      1208.23 |      1226.80 |                  6.42 |                    0.25 |    571 |    45.6229 |
|        1 |        295 |          1214.20 |      1208.23 |      1226.80 |                  6.72 |                    0.24 |    571 |    45.6824 |
|        1 |        296 |          1214.20 |      1208.23 |      1247.60 |                  9.39 |                    0.10 |    571 |    45.7676 |
|        1 |        297 |          1214.20 |      1208.23 |      1247.60 |                  7.12 |                    0.10 |    571 |    45.8586 |
|        1 |        298 |          1214.20 |      1208.23 |      1221.20 |                  5.28 |                    0.14 |    571 |    45.9794 |
|        1 |        299 |          1214.20 |      1208.23 |      1221.20 |                  2.91 |                    0.10 |    571 |    46.0620 |
|        1 |        300 |          1214.20 |      1208.23 |      1221.20 |                  2.37 |                    0.13 |    571 |    46.1329 |
|        1 |        301 |          1214.20 |      1208.23 |      1219.55 |                  5.29 |                    0.24 |    571 |    46.2436 |
|        1 |        302 |          1214.20 |      1208.23 |      1220.20 |                  2.97 |                    0.11 |    571 |    46.3484 |
|        1 |        303 |          1214.20 |      1208.23 |      1220.20 |                  2.47 |                    0.15 |    571 |    46.4378 |
|        1 |        304 |          1214.20 |      1208.23 |      1219.80 |                  7.01 |                    0.10 |    572 |    46.5462 |
|        1 |        305 |          1214.20 |      1208.23 |      1219.80 |                  2.86 |                    0.10 |    572 |    46.6344 |
|        1 |        306 |          1214.20 |      1208.23 |      1220.40 |                  4.24 |                    0.20 |    572 |    46.7068 |
|        1 |        307 |          1214.20 |      1208.23 |      1219.00 |                  4.02 |                    0.11 |    572 |    46.7863 |
|        1 |        308 |          1214.20 |      1208.23 |      1216.70 |                  2.57 |                    0.10 |    572 |    46.8866 |
|        1 |        309 |          1214.20 |      1208.23 |      1215.70 |                  7.35 |                    0.10 |    572 |    47.0075 |
|        1 |        310 |          1214.20 |      1208.23 |      1245.30 |                  3.71 |                    0.10 |    572 |    47.0751 |
|        1 |        311 |          1214.20 |      1208.23 |      1224.34 |                  6.90 |                    0.10 |    572 |    47.1963 |
|        1 |        312 |          1214.20 |      1208.23 |      1226.70 |                  8.30 |                    0.17 |    572 |    47.2806 |
|        1 |        313 |          1214.20 |      1208.23 |      1226.70 |                  2.77 |                    0.10 |    572 |    47.3748 |
|        1 |        314 |          1214.20 |      1208.23 |      1227.87 |                  4.08 |                    0.11 |    572 |    47.4435 |
|        1 |        315 |          1214.20 |      1208.23 |      1229.02 |                  8.69 |                    0.21 |    572 |    47.5138 |
|        1 |        316 |          1214.20 |      1208.23 |      1215.70 |                  6.00 |                    0.15 |    572 |    47.6494 |
|        1 |        317 |          1214.20 |      1208.23 |      1215.70 |                  7.23 |                    0.16 |    572 |    47.7178 |
|        1 |        318 |          1214.20 |      1208.23 |      1233.60 |                 11.97 |                    0.27 |    572 |    47.7903 |
|        1 |        319 |          1214.20 |      1208.23 |      1270.20 |                  7.13 |                    0.16 |    572 |    47.9053 |
|        1 |        320 |          1214.20 |      1208.23 |      1262.70 |                  2.82 |                    0.10 |    572 |    48.0309 |
|        1 |        321 |          1214.20 |      1208.23 |      1262.90 |                  5.88 |                    0.19 |    572 |    48.1128 |
|        1 |        322 |          1214.20 |      1208.23 |      1260.20 |                  5.28 |                    0.20 |    572 |    48.2402 |
|        1 |        323 |          1214.20 |      1208.23 |      1260.20 |                  3.55 |                    0.13 |    572 |    48.3308 |
|        1 |        324 |          1214.20 |      1208.23 |      1260.00 |                  2.04 |                    0.10 |    572 |    48.3927 |
|        1 |        325 |          1214.20 |      1208.23 |      1236.63 |                  5.73 |                    0.37 |    574 |    48.5222 |
|        1 |        326 |          1214.20 |      1208.23 |      1261.04 |                 12.56 |                    0.54 |    575 |    48.5985 |
|        1 |        327 |          1214.20 |      1208.23 |      1237.34 |                 14.63 |                    0.15 |    576 |    48.7092 |
|        1 |        328 |          1214.20 |      1208.23 |      1236.70 |                  6.13 |                    0.10 |    577 |    48.8513 |
|        1 |        329 |          1214.20 |      1208.23 |      1236.70 |                  5.80 |                    0.10 |    577 |    48.9269 |
|        1 |        330 |          1214.20 |      1208.23 |      1236.70 |                  3.50 |                    0.10 |    577 |    49.0074 |
|        1 |        331 |          1214.20 |      1208.23 |      1232.94 |                  6.26 |                    0.10 |    577 |    49.1294 |
|        1 |        332 |          1214.20 |      1208.23 |      1240.35 |                  4.75 |                    0.10 |    578 |    49.2268 |
|        1 |        333 |          1214.20 |      1208.23 |      1240.47 |                  5.12 |                    0.10 |    579 |    49.3038 |
|        1 |        334 |          1214.20 |      1208.23 |      1240.02 |                 10.68 |                    0.10 |    579 |    49.3834 |
|        1 |        335 |          1214.20 |      1208.23 |      1236.10 |                  3.59 |                    0.10 |    582 |    49.5408 |
|        1 |        336 |          1214.20 |      1208.23 |      1230.99 |                  6.38 |                    0.13 |    584 |    49.6190 |
|        1 |        337 |          1214.20 |      1208.23 |      1298.90 |                 33.26 |                    0.68 |    588 |    49.7433 |
|        1 |        338 |          1214.20 |      1208.23 |      1251.10 |                 12.04 |                    0.23 |    592 |    49.8274 |
|        1 |        339 |          1214.20 |      1208.23 |      1247.00 |                 10.01 |                    0.19 |    593 |    49.9037 |
|        1 |        340 |          1214.20 |      1208.23 |      1233.10 |                  8.74 |                    0.17 |    595 |    49.9801 |
|        1 |        341 |          1214.20 |      1208.23 |      1233.10 |                  4.50 |                    0.10 |    595 |    50.0530 |
|        1 |        342 |          1214.20 |      1208.23 |      1233.30 |                  4.33 |                    0.12 |    597 |    50.1467 |
|        1 |        343 |          1214.20 |      1208.23 |      1232.76 |                  3.75 |                    0.11 |    597 |    50.2305 |
|        1 |        344 |          1214.20 |      1208.23 |      1227.80 |                  4.16 |                    0.10 |    597 |    50.3217 |
|        1 |        345 |          1214.20 |      1208.23 |      1247.17 |                  9.58 |                    0.24 |    600 |    50.4001 |
|        1 |        346 |          1214.20 |      1208.23 |      1224.20 |                  3.44 |                    0.10 |    600 |    50.4786 |
|        1 |        347 |          1214.20 |      1208.23 |      1229.80 |                  5.92 |                    0.12 |    603 |    50.5805 |
|        1 |        348 |          1214.20 |      1208.23 |      1248.20 |                  4.59 |                    0.10 |    603 |    50.6561 |
|        1 |        349 |          1214.20 |      1208.23 |      1248.20 |                  8.49 |                    0.21 |    603 |    50.7225 |
|        1 |        350 |          1214.20 |      1208.23 |      1224.20 |                  6.85 |                    0.14 |    604 |    50.9230 |
|        1 |        351 |          1214.20 |      1208.23 |      1227.40 |                 10.69 |                    0.22 |    604 |    50.9964 |
|        1 |        352 |          1214.20 |      1208.23 |      1224.20 |                  3.99 |                    0.10 |    604 |    51.0701 |
|        1 |        353 |          1214.20 |      1208.23 |      1224.20 |                  4.02 |                    0.11 |    604 |    51.1330 |
|        1 |        354 |          1214.20 |      1208.23 |      1224.20 |                  2.57 |                    0.10 |    604 |    51.2042 |
|        1 |        355 |          1214.20 |      1208.23 |      1217.60 |                  7.15 |                    0.26 |    608 |    51.3336 |
|        1 |        356 |          1214.20 |      1208.23 |      1227.28 |                  4.08 |                    0.11 |    608 |    51.4801 |
|        1 |        357 |          1214.20 |      1208.23 |      1228.29 |                  5.99 |                    0.10 |    608 |    51.5890 |
|        1 |        358 |          1214.20 |      1208.23 |      1244.30 |                  7.64 |                    0.10 |    608 |    51.6757 |
|        1 |        359 |          1214.20 |      1208.23 |      1250.07 |                  7.23 |                    0.10 |    608 |    51.7360 |
|        1 |        360 |          1214.20 |      1208.23 |      1265.60 |                  6.75 |                    0.10 |    612 |    51.8673 |
|        1 |        361 |          1214.20 |      1208.23 |      1292.49 |                  5.94 |                    0.16 |    615 |    51.9695 |
|        1 |        362 |          1214.20 |      1208.23 |      1292.60 |                  3.85 |                    0.10 |    617 |    52.0277 |
|        1 |        363 |          1214.20 |      1208.23 |      1267.40 |                  3.07 |                    0.10 |    618 |    52.1166 |
|        1 |        364 |          1214.20 |      1208.23 |      1267.40 |                  4.43 |                    0.18 |    618 |    52.1800 |
|        1 |        365 |          1214.20 |      1208.23 |      1275.86 |                  7.37 |                    0.13 |    620 |    52.3440 |
|        1 |        366 |          1214.20 |      1208.23 |      1267.40 |                  3.82 |                    0.10 |    620 |    52.4388 |
|        1 |        367 |          1214.20 |      1208.23 |      1267.40 |                  2.79 |                    0.11 |    620 |    52.4982 |
|        1 |        368 |          1214.20 |      1208.23 |      1266.40 |                  1.86 |                    0.10 |    620 |    52.6073 |
|        1 |        369 |          1214.20 |      1208.23 |      1266.40 |                  4.20 |                    0.13 |    620 |    52.6774 |
|        1 |        370 |          1214.20 |      1208.23 |      1266.40 |                  2.32 |                    0.10 |    620 |    52.7434 |
|        1 |        371 |          1214.20 |      1208.23 |      1239.81 |                  5.06 |                    0.11 |    622 |    52.8798 |
|        1 |        372 |          1214.20 |      1208.23 |      1264.80 |                  6.15 |                    0.10 |    622 |    52.9585 |
|        1 |        373 |          1214.20 |      1208.23 |      1265.80 |                  4.67 |                    0.10 |    622 |    53.0381 |
|        1 |        374 |          1214.20 |      1208.23 |      1265.80 |                  2.50 |                    0.11 |    622 |    53.1123 |
|        1 |        375 |          1214.20 |      1208.23 |      1262.70 |                  3.81 |                    0.11 |    624 |    53.2068 |
|        1 |        376 |          1214.20 |      1208.23 |      1305.95 |                  4.03 |                    0.10 |    625 |    53.3088 |
|        1 |        377 |          1214.20 |      1208.23 |      1282.70 |                  3.97 |                    0.10 |    633 |    53.5186 |
|        1 |        378 |          1214.20 |      1208.23 |      1278.51 |                 11.35 |                    0.28 |    635 |    53.6720 |
|        1 |        379 |          1214.20 |      1208.23 |      1362.80 |                  5.95 |                    0.14 |    639 |    53.7562 |
|        1 |        380 |          1214.20 |      1208.23 |      1261.30 |                  4.39 |                    0.18 |    639 |    54.1010 |
|        1 |        381 |          1214.20 |      1208.23 |      1216.70 |                  3.37 |                    0.12 |    639 |    54.1926 |
|        1 |        382 |          1214.20 |      1208.23 |      1216.70 |                  3.28 |                    0.12 |    639 |    54.2792 |
|        1 |        383 |          1214.20 |      1208.23 |      1216.70 |                  6.19 |                    0.10 |    639 |    54.3591 |
|        1 |        384 |          1214.20 |      1208.23 |      1216.70 |                  2.86 |                    0.10 |    639 |    54.4196 |
|        1 |        385 |          1214.20 |      1208.23 |      1237.88 |                  4.12 |                    0.13 |    640 |    54.4767 |
|        1 |        386 |          1214.20 |      1208.23 |      1234.33 |                  2.22 |                    0.10 |    642 |    54.5975 |
|        1 |        387 |          1214.20 |      1208.23 |      1228.19 |                  5.27 |                    0.10 |    642 |    54.6620 |
|        1 |        388 |          1214.20 |      1208.23 |      1241.39 |                 14.55 |                    0.10 |    644 |    54.7353 |
|        1 |        389 |          1214.20 |      1208.23 |      1241.20 |                  8.95 |                    0.10 |    646 |    54.8355 |
|        1 |        390 |          1214.20 |      1208.23 |      1241.20 |                  4.12 |                    0.10 |    646 |    54.9115 |
|        1 |        391 |          1214.20 |      1208.23 |      1257.49 |                  7.78 |                    0.17 |    647 |    54.9899 |
|        1 |        392 |          1214.20 |      1208.23 |      1265.37 |                  5.50 |                    0.10 |    647 |    55.1025 |
|        1 |        393 |          1214.20 |      1208.23 |      1268.93 |                  3.14 |                    0.10 |    648 |    55.2257 |
|        1 |        394 |          1214.20 |      1208.23 |      1263.97 |                  6.97 |                    0.10 |    648 |    55.2853 |
|        1 |        395 |          1214.20 |      1208.23 |      1271.66 |                 10.14 |                    0.11 |    648 |    55.3632 |
|        1 |        396 |          1214.20 |      1208.23 |      1246.27 |                  8.62 |                    0.23 |    651 |    55.5399 |
|        1 |        397 |          1214.20 |      1208.23 |      1253.02 |                 12.32 |                    0.15 |    652 |    55.7259 |
|        1 |        398 |          1214.20 |      1208.23 |      1266.50 |                  9.55 |                    0.10 |    652 |    55.7991 |
|        1 |        399 |          1214.20 |      1208.23 |      1252.80 |                  5.64 |                    0.10 |    654 |    55.8851 |
|        1 |        400 |          1214.20 |      1208.23 |      1249.43 |                  5.29 |                    0.10 |    654 |    55.9618 |
|        1 |        401 |          1214.20 |      1208.23 |      1249.09 |                  6.18 |                    0.10 |    654 |    56.0343 |
|        1 |        402 |          1214.20 |      1208.23 |      1250.79 |                  6.09 |                    0.10 |    654 |    56.1020 |
|        1 |        403 |          1214.20 |      1208.23 |      1249.81 |                  7.70 |                    0.13 |    654 |    56.1738 |
|        1 |        404 |          1214.20 |      1208.23 |      1252.30 |                  7.07 |                    0.11 |    654 |    56.2563 |
|        1 |        405 |          1214.20 |      1208.23 |      1245.50 |                  5.26 |                    0.10 |    654 |    56.3633 |
|        1 |        406 |          1214.20 |      1208.23 |      1241.96 |                 11.42 |                    0.10 |    654 |    56.4186 |
|        1 |        407 |          1214.20 |      1208.23 |      1248.47 |                  6.69 |                    0.10 |    654 |    56.4861 |
|        1 |        408 |          1214.20 |      1208.23 |      1243.35 |                  7.82 |                    0.10 |    654 |    56.5502 |
|        1 |        409 |          1214.20 |      1208.23 |      1244.16 |                 18.96 |                    0.10 |    654 |    56.6160 |
|        1 |        410 |          1214.20 |      1208.23 |      1255.44 |                 19.63 |                    0.10 |    654 |    56.6841 |
|        1 |        411 |          1214.20 |      1208.23 |      1256.33 |                 32.57 |                    0.10 |    654 |    56.7455 |
|        1 |        412 |          1214.20 |      1208.23 |      1260.30 |                  3.94 |                    0.10 |    656 |    56.9288 |
|        1 |        413 |          1214.20 |      1208.23 |      1235.22 |                  5.71 |                    0.10 |    656 |    57.0591 |
|        1 |        414 |          1214.20 |      1208.23 |      1233.74 |                  3.72 |                    0.10 |    656 |    57.1625 |
|        1 |        415 |          1214.20 |      1208.23 |      1251.48 |                 11.92 |                    0.31 |    656 |    57.2483 |
|        1 |        416 |          1214.20 |      1208.23 |      1269.50 |                  5.06 |                    0.13 |    658 |    57.3517 |
|        1 |        417 |          1214.20 |      1208.23 |      1274.20 |                  5.62 |                    0.15 |    660 |    57.4241 |
|        1 |        418 |          1214.20 |      1208.23 |      1257.90 |                  6.24 |                    0.17 |    660 |    57.5181 |
|        1 |        419 |          1214.20 |      1208.23 |      1253.20 |                  3.14 |                    0.11 |    660 |    57.6094 |
|        1 |        420 |          1214.20 |      1208.23 |      1257.40 |                  4.31 |                    0.15 |    660 |    57.6804 |
|        1 |        421 |          1214.20 |      1208.23 |      1257.08 |                  6.44 |                    0.12 |    660 |    57.8017 |
|        1 |        422 |          1214.20 |      1208.23 |      1261.40 |                  3.67 |                    0.10 |    661 |    57.8633 |
|        1 |        423 |          1214.20 |      1208.23 |      1261.15 |                  4.63 |                    0.15 |    662 |    57.9427 |
|        1 |        424 |          1214.20 |      1208.23 |      1237.40 |                  3.02 |                    0.10 |    662 |    58.0641 |
|        1 |        425 |          1214.20 |      1208.23 |      1235.29 |                 14.38 |                    0.54 |    663 |    58.2079 |
|        1 |        426 |          1214.20 |      1208.23 |      1223.50 |                  9.75 |                    0.35 |    663 |    58.3225 |
|        1 |        427 |          1214.20 |      1208.23 |      1220.30 |                  5.32 |                    0.13 |    663 |    58.4034 |
|        1 |        428 |          1214.20 |      1208.23 |      1243.80 |                  3.77 |                    0.10 |    663 |    58.4741 |
|        1 |        429 |          1214.20 |      1208.23 |      1246.10 |                  6.57 |                    0.20 |    663 |    58.5521 |
|        1 |        430 |          1214.20 |      1208.23 |      1218.80 |                  2.99 |                    0.11 |    663 |    58.6804 |
|        1 |        431 |          1214.20 |      1208.23 |      1214.51 |                  4.39 |                    0.19 |    663 |    58.7738 |
|        1 |        432 |          1214.20 |      1208.23 |      1226.40 |                  5.33 |                    0.10 |    665 |    58.8664 |
|        1 |        433 |          1214.20 |      1208.23 |      1225.76 |                  8.56 |                    0.10 |    665 |    58.9660 |
|        1 |        434 |          1214.20 |      1208.23 |      1220.30 |                  9.32 |                    0.15 |    665 |    59.0391 |
|        1 |        435 |          1214.20 |      1208.23 |      1249.30 |                  3.62 |                    0.10 |    665 |    59.1145 |
|        1 |        436 |          1214.20 |      1208.23 |      1246.10 |                  3.86 |                    0.10 |    665 |    59.1894 |
|        1 |        437 |          1214.20 |      1208.23 |      1246.10 |                  7.08 |                    0.19 |    665 |    59.2623 |
|        1 |        438 |          1214.20 |      1208.23 |      1246.10 |                  8.68 |                    0.10 |    665 |    59.3388 |
|        1 |        439 |          1214.20 |      1208.23 |      1250.90 |                 11.40 |                    0.19 |    665 |    59.4612 |
|        1 |        440 |          1214.20 |      1208.23 |      1227.40 |                  4.30 |                    0.11 |    665 |    59.6779 |
|        1 |        441 |          1214.20 |      1208.23 |      1270.90 |                  3.87 |                    0.10 |    667 |    59.7584 |
|        1 |        442 |          1214.20 |      1208.23 |      1270.04 |                 10.34 |                    0.30 |    669 |    59.8907 |
------------------------------------------------------------------------------------------------------------------------------------------------
|  Restart |  Iteration |  Best Feas. Cost |    Best Cost |   Curr. Cost |   Penalty Custom Res. |   Penalty Standard Res. |   Pool |   Time (s) |
------------------------------------------------------------------------------------------------------------------------------------------------
|        1 |        443 |          1214.20 |      1208.23 |      1259.90 |                  3.78 |                    0.14 |    671 |    60.2875 |
|        1 |        444 |          1214.20 |      1208.23 |      1304.36 |                  9.16 |                    0.24 |    673 |    60.3570 |
|        1 |        445 |          1214.20 |      1208.23 |      1273.20 |                  5.81 |                    0.10 |    676 |    60.4305 |
|        1 |        446 |          1214.20 |      1208.23 |      1268.48 |                  5.78 |                    0.10 |    676 |    60.5145 |
|        1 |        447 |          1214.20 |      1208.23 |      1272.90 |                  6.68 |                    0.10 |    676 |    60.5909 |
|        1 |        448 |          1214.20 |      1208.23 |      1253.00 |                  4.13 |                    0.10 |    676 |    60.7430 |
|        1 |        449 |          1214.20 |      1208.23 |      1235.59 |                  7.34 |                    0.10 |    677 |    60.8330 |
|        1 |        450 |          1214.20 |      1208.23 |      1240.00 |                  4.19 |                    0.10 |    677 |    60.9646 |
|        1 |        451 |          1214.20 |      1208.23 |      1232.00 |                  5.04 |                    0.10 |    677 |    61.0625 |
|        1 |        452 |          1214.20 |      1208.23 |      1232.00 |                  5.89 |                    0.15 |    677 |    61.1269 |
|        1 |        453 |          1214.20 |      1208.23 |      1234.30 |                  5.92 |                    0.12 |    677 |    61.1967 |
|        1 |        454 |          1214.20 |      1208.23 |      1229.10 |                  3.57 |                    0.14 |    677 |    61.2895 |
|        1 |        455 |          1214.20 |      1208.23 |      1229.10 |                  2.85 |                    0.14 |    677 |    61.3730 |
|        1 |        456 |          1214.20 |      1208.23 |      1229.10 |                  4.23 |                    0.10 |    677 |    61.4360 |
|        1 |        457 |          1214.20 |      1208.23 |      1228.10 |                  2.53 |                    0.10 |    677 |    61.4982 |
|        1 |        458 |          1214.20 |      1208.23 |      1282.53 |                  5.36 |                    0.22 |    678 |    61.6227 |
|        1 |        459 |          1214.20 |      1208.23 |      1293.17 |                 17.19 |                    0.13 |    680 |    61.7109 |
|        1 |        460 |          1214.20 |      1208.23 |      1228.40 |                  4.23 |                    0.10 |    681 |    61.8666 |
|        1 |        461 |          1214.20 |      1208.23 |      1228.40 |                  2.13 |                    0.10 |    681 |    61.9407 |
|        1 |        462 |          1214.20 |      1208.23 |      1220.46 |                  2.98 |                    0.11 |    681 |    62.0378 |
|        1 |        463 |          1214.20 |      1208.23 |      1226.10 |                  4.74 |                    0.10 |    681 |    62.1172 |
|        1 |        464 |          1214.20 |      1208.23 |      1226.10 |                  4.14 |                    0.11 |    681 |    62.1899 |
|        1 |        465 |          1214.20 |      1208.23 |      1242.91 |                  4.65 |                    0.10 |    682 |    62.2607 |
|        1 |        466 |          1214.20 |      1208.23 |      1264.06 |                  5.88 |                    0.10 |    682 |    62.3370 |
|        1 |        467 |          1214.20 |      1208.23 |      1240.00 |                  4.83 |                    0.10 |    683 |    62.4274 |
|        1 |        468 |          1214.20 |      1208.23 |      1240.00 |                  2.41 |                    0.10 |    683 |    62.4885 |
|        1 |        469 |          1214.20 |      1208.23 |      1261.34 |                  6.21 |                    0.10 |    684 |    62.5606 |
|        1 |        470 |          1214.20 |      1208.23 |      1261.00 |                  6.50 |                    0.13 |    685 |    62.6365 |
|        1 |        471 |          1214.20 |      1208.23 |      1258.90 |                  7.21 |                    0.19 |    686 |    62.7408 |
|        1 |        472 |          1214.20 |      1208.23 |      1252.20 |                  7.18 |                    0.10 |    686 |    62.8088 |
|        1 |        473 |          1214.20 |      1208.23 |      1252.20 |                  5.29 |                    0.10 |    686 |    62.8814 |
|        1 |        474 |          1214.20 |      1208.23 |      1252.00 |                  5.22 |                    0.14 |    686 |    62.9455 |
|        1 |        475 |          1214.20 |      1208.23 |      1252.00 |                 10.66 |                    0.28 |    686 |    63.0286 |
|        1 |        476 |          1214.20 |      1208.23 |      1255.20 |                  5.38 |                    0.14 |    686 |    63.0890 |
|        1 |        477 |          1214.20 |      1208.23 |      1253.20 |                  4.34 |                    0.12 |    686 |    63.1781 |
|        1 |        478 |          1214.20 |      1208.23 |      1250.97 |                 11.04 |                    0.13 |    687 |    63.2860 |
|        1 |        479 |          1214.20 |      1208.23 |      1266.85 |                  3.47 |                    0.10 |    688 |    63.4842 |
|        1 |        480 |          1214.20 |      1208.23 |      1256.57 |                  6.35 |                    0.10 |    688 |    63.6276 |
|        1 |        481 |          1214.20 |      1208.23 |      1222.40 |                  4.46 |                    0.11 |    691 |    63.8178 |
|        1 |        482 |          1214.20 |      1208.23 |      1222.11 |                  5.21 |                    0.14 |    693 |    63.9020 |
|        1 |        483 |          1214.20 |      1208.23 |      1222.70 |                  4.42 |                    0.11 |    693 |    63.9698 |
|        1 |        484 |          1214.20 |      1208.23 |      1222.60 |                 10.08 |                    0.10 |    693 |    64.0657 |
|        1 |        485 |          1214.20 |      1208.23 |      1232.80 |                 14.95 |                    0.10 |    695 |    64.1530 |
|        1 |        486 |          1214.20 |      1208.23 |      1271.13 |                  9.21 |                    0.10 |    695 |    64.2272 |
|        1 |        487 |          1214.20 |      1208.23 |      1230.10 |                  6.11 |                    0.10 |    697 |    64.3826 |
|        1 |        488 |          1214.20 |      1208.23 |      1229.29 |                 10.73 |                    0.10 |    697 |    64.4819 |
|        1 |        489 |          1214.20 |      1208.23 |      1263.30 |                  4.57 |                    0.10 |    698 |    64.5665 |
|        1 |        490 |          1214.20 |      1208.23 |      1271.20 |                  4.37 |                    0.10 |    699 |    64.8014 |
|        1 |        491 |          1214.20 |      1208.23 |      1229.24 |                  5.09 |                    0.11 |    699 |    64.9234 |
|        1 |        492 |          1214.20 |      1208.23 |      1232.42 |                  5.33 |                    0.10 |    699 |    65.0092 |
|        1 |        493 |          1214.20 |      1208.23 |      1227.67 |                  5.13 |                    0.11 |    699 |    65.1880 |
|        1 |        494 |          1214.20 |      1208.23 |      1235.80 |                  4.46 |                    0.13 |    699 |    65.3445 |
|        1 |        495 |          1214.20 |      1208.23 |      1235.80 |                  8.58 |                    0.24 |    699 |    65.4201 |
|        1 |        496 |          1214.20 |      1208.23 |      1233.10 |                  4.64 |                    0.10 |    700 |    65.5029 |
|        1 |        497 |          1214.20 |      1208.23 |      1233.10 |                  7.84 |                    0.10 |    700 |    65.5987 |
|        1 |        498 |          1214.20 |      1208.23 |      1236.20 |                  6.71 |                    0.13 |    702 |    65.6946 |
|        1 |        499 |          1214.20 |      1208.23 |      1274.20 |                  5.37 |                    0.27 |    704 |    65.9031 |
|        1 |        500 |          1214.20 |      1208.23 |      1285.74 |                  2.93 |                    0.15 |    704 |    65.9746 |
------------------------------------------------------------------------------------------------------------------------------------------------
Version identifier: 22.1.2.0 | 2024-11-26 | 0edbb82fd
CPXPARAM_MIP_Tolerances_UpperCutoff              1214.3000000002262
Tried aggregator 1 time.
MIP Presolve eliminated 7 rows and 74 columns.
MIP Presolve modified 272 coefficients.
Reduced MIP has 94 rows, 629 columns, and 5084 nonzeros.
Reduced MIP has 629 binaries, 0 generals, 0 SOSs, and 0 indicators.
Presolve time = 0.00 sec. (6.41 ticks)
Probing fixed 1 vars, tightened 0 bounds.
Probing time = 0.01 sec. (6.99 ticks)
Tried aggregator 1 time.
Detecting symmetries...
MIP Presolve eliminated 1 rows and 3 columns.
Reduced MIP has 93 rows, 626 columns, and 5026 nonzeros.
Reduced MIP has 626 binaries, 0 generals, 0 SOSs, and 0 indicators.
Presolve time = 0.00 sec. (3.61 ticks)
Probing time = 0.00 sec. (2.39 ticks)
Clique table members: 873.
MIP emphasis: balance optimality and feasibility.
MIP search method: dynamic search.
Parallel mode: deterministic, using up to 8 threads.
Root relaxation solution time = 0.00 sec. (5.47 ticks)

        Nodes                                         Cuts/
   Node  Left     Objective  IInf  Best Integer    Best Bound    ItCnt     Gap

      0     0     1203.1121    46                   1203.1121      234         
*     0+    0                         1205.1000     1203.1121             0.16%
      0     0        cutoff           1205.1000     1204.0515      256    0.09%
Elapsed time = 0.03 sec. (33.26 ticks, tree = 0.01 MB, solutions = 1)
objective_value(sp) = 1205.1
 69.648158 seconds (6.89 M allocations: 343.666 MiB, 0.12% gc time, 5.82% compilation time)
#1: 0 (0.0) {178.39999999999998} -> 12 (20.0) {210.7} [43.0, 523.0] -> 14 (30.0) {223.7} [35.0, 366.0] -> 47 (40.0) {236.7} [38.0, 322.0] -> 16 (60.0) {252.0} [204.0, 425.0] -> 15 (80.0) {264.0} [204.0, 264.0] -> 11 (120.0) {280.0} [225.0, 285.0] -> 9 (140.0) {401.0} [401.0, 461.0] -> 10 (170.0) {535.0} [535.0, 622.0] -> 13 (180.0) {683.0} [683.0, 743.0] -> 17 (200.0) {704.1} [698.0, 827.0] -> 60 (217.0) {735.3} [623.0, 884.0] -> 0 (217.0) {772.2} [0.0, 960.0]
#2: 0 (0.0) {326.8} -> 88 (19.0) {344.6} [262.0, 377.0] -> 78 (46.0) {370.7} [366.0, 483.0] -> 73 (51.0) {387.9} [240.0, 451.0] -> 79 (81.0) {406.8} [382.0, 442.0] -> 7 (101.0) {428.2} [120.0, 600.0] -> 6 (121.0) {441.2} [393.0, 502.0] -> 8 (131.0) {457.0} [397.0, 457.0] -> 46 (141.0) {470.0} [432.0, 665.0] -> 4 (181.0) {674.0} [674.0, 734.0] -> 3 (191.0) {689.3} [291.0, 771.0] -> 1 (211.0) {702.3} [431.0, 911.0] -> 70 (234.0) {780.0} [780.0, 930.0] -> 100 (237.0) {870.0} [870.0, 930.0] -> 0 (237.0) {899.2} [0.0, 960.0]
#3: 0 (0.0) {237.8} -> 69 (27.0) {247.0} [187.0, 247.0] -> 98 (36.0) {262.0} [14.0, 494.0] -> 53 (41.0) {405.0} [405.0, 465.0] -> 55 (57.0) {629.0} [629.0, 689.0] -> 68 (78.0) {649.0} [613.0, 730.0] -> 0 (78.0) {669.0} [0.0, 960.0]
#4: 0 (0.0) {59.3} -> 92 (14.0) {74.0} [14.0, 74.0] -> 62 (17.0) {197.0} [197.0, 257.0] -> 67 (26.0) {298.0} [298.0, 358.0] -> 84 (44.0) {425.0} [425.0, 485.0] -> 51 (63.0) {444.2} [273.0, 498.0] -> 49 (73.0) {469.4} [460.0, 539.0] -> 22 (113.0) {483.0} [383.0, 486.0] -> 20 (123.0) {495.0} [494.0, 699.0] -> 66 (139.0) {570.0} [570.0, 681.0] -> 0 (139.0) {593.0} [0.0, 960.0]
#5: 0 (0.0) {336.1} -> 90 (6.0) {340.3} [311.0, 526.0] -> 82 (15.0) {361.0} [14.0, 494.0] -> 99 (30.0) {379.0} [338.0, 398.0] -> 52 (33.0) {394.0} [25.0, 505.0] -> 57 (56.0) {411.0} [342.0, 571.0] -> 86 (84.0) {430.0} [310.0, 507.0] -> 87 (97.0) {449.0} [389.0, 449.0] -> 59 (116.0) {463.4} [42.0, 522.0] -> 75 (132.0) {489.2} [57.0, 537.0] -> 97 (167.0) {516.0} [516.0, 697.0] -> 74 (175.0) {675.0} [675.0, 735.0] -> 24 (185.0) {703.6} [609.0, 872.0] -> 48 (195.0) {724.3} [424.0, 904.0] -> 25 (215.0) {821.0} [821.0, 881.0] -> 77 (222.0) {843.1} [794.0, 854.0] -> 58 (242.0) {863.7} [842.0, 902.0] -> 0 (242.0) {920.8} [0.0, 960.0]
#6: 0 (0.0) {128.9} -> 65 (16.0) {140.0} [11.0, 140.0] -> 83 (30.0) {159.2} [19.0, 499.0] -> 64 (47.0) {191.0} [191.0, 310.0] -> 19 (87.0) {221.2} [199.0, 428.0] -> 23 (117.0) {237.6} [231.0, 291.0] -> 21 (127.0) {249.6} [45.0, 525.0] -> 18 (147.0) {306.0} [306.0, 483.0] -> 76 (178.0) {333.4} [298.0, 358.0] -> 89 (203.0) {611.0} [611.0, 897.0] -> 85 (205.0) {639.4} [164.0, 644.0] -> 56 (224.0) {667.0} [560.0, 673.0] -> 91 (237.0) {684.0} [457.0, 937.0] -> 0 (237.0) {706.0} [0.0, 960.0]
#7: 0 (0.0) {261.5} -> 61 (9.0) {277.3} [214.0, 421.0] -> 44 (19.0) {307.0} [247.0, 307.0] -> 43 (39.0) {531.0} [531.0, 736.0] -> 35 (59.0) {655.0} [655.0, 778.0] -> 37 (69.0) {668.6} [377.0, 857.0] -> 54 (85.0) {702.7} [554.0, 767.0] -> 93 (88.0) {789.0} [789.0, 928.0] -> 96 (114.0) {805.3} [382.0, 862.0] -> 80 (127.0) {825.9} [817.0, 942.0] -> 0 (127.0) {843.5} [0.0, 960.0]
#8: 0 (0.0) {127.60000000000002} -> 95 (6.0) {148.2} [20.0, 500.0] -> 63 (12.0) {177.4} [39.0, 316.0] -> 33 (22.0) {208.0} [71.0, 208.0] -> 30 (32.0) {252.0} [252.0, 359.0] -> 27 (52.0) {270.6} [138.0, 273.0] -> 28 (62.0) {286.4} [78.0, 339.0] -> 26 (92.0) {349.0} [349.0, 829.0] -> 29 (102.0) {366.0} [132.0, 375.0] -> 31 (122.0) {378.0} [50.0, 530.0] -> 32 (132.0) {562.0} [562.0, 799.0] -> 34 (162.0) {577.3} [307.0, 787.0] -> 50 (192.0) {600.3} [327.0, 807.0] -> 94 (215.0) {630.1} [212.0, 692.0] -> 0 (215.0) {657.2} [0.0, 960.0]
#9: 0 (0.0) {47.7} -> 2 (30.0) {78.5} [30.0, 510.0] -> 45 (40.0) {95.7} [37.0, 177.0] -> 5 (60.0) {108.7} [40.0, 520.0] -> 42 (70.0) {154.0} [33.0, 166.0] -> 39 (80.0) {169.0} [46.0, 201.0] -> 36 (120.0) {186.0} [43.0, 186.0] -> 40 (150.0) {339.0} [339.0, 438.0] -> 38 (180.0) {354.3} [308.0, 368.0] -> 41 (200.0) {377.0} [377.0, 494.0] -> 71 (214.0) {408.1} [191.0, 410.0] -> 72 (222.0) {428.2} [27.0, 507.0] -> 81 (232.0) {453.8} [332.0, 497.0] -> 0 (232.0) {475.8} [0.0, 960.0]

Dist: 1205.1. Cost: 1205.1

Root node processing (before b&c):
  Real time             =    0.03 sec. (33.28 ticks)
Parallel b&c, 8 threads:
  Real time             =    0.00 sec. (0.28 ticks)
  Sync time (average)   =    0.00 sec.
  Wait time (average)   =    0.00 sec.
                          ------------
Total (root+branch&cut) =    0.03 sec. (33.56 ticks)
