Solving...
------------------------------------------------------------------------------------------------------------------------------------------------
|  Restart |  Iteration |  Best Feas. Cost |    Best Cost |   Curr. Cost |   Penalty Custom Res. |   Penalty Standard Res. |   Pool |   Time (s) |
------------------------------------------------------------------------------------------------------------------------------------------------
|        1 |          1 |          1055.10 |      1055.10 |      1057.80 |                  0.58 |                    0.32 |     59 |     0.5065 |
|        1 |          2 |          1055.10 |      1026.87 |      1026.87 |                  0.90 |                    0.50 |     64 |     1.1099 |
|        1 |          0 |          1031.20 |      1026.87 |      1031.20 |                  1.33 |                    0.73 |     68 |     1.2374 |
|        1 |          1 |          1031.20 |      1026.87 |      1031.70 |                  0.78 |                    0.43 |     69 |     1.3672 |
|        1 |          2 |          1031.20 |      1026.87 |      1032.40 |                  1.31 |                    0.72 |     70 |     1.4414 |
|        1 |          3 |          1031.20 |      1026.87 |      1032.40 |                  1.54 |                    0.85 |     70 |     1.5259 |
|        1 |          4 |          1031.20 |      1026.87 |      1056.93 |                  1.35 |                    0.74 |     70 |     1.6064 |
|        1 |          5 |          1031.20 |      1026.87 |      1032.40 |                  0.80 |                    0.44 |     73 |     1.6804 |
|        1 |          6 |          1031.20 |      1026.87 |      1032.40 |                  0.33 |                    0.18 |     73 |     1.7438 |
|        1 |          7 |          1031.20 |      1026.87 |      1029.06 |                  0.71 |                    0.39 |     76 |     1.8441 |
|        1 |          8 |          1031.20 |      1026.87 |      1062.32 |                  1.73 |                    0.95 |     80 |     1.9060 |
|        1 |          9 |          1031.20 |      1026.87 |      1039.40 |                  0.52 |                    0.28 |     83 |     2.0531 |
|        1 |         10 |          1031.20 |      1026.87 |      1039.40 |                  0.58 |                    0.32 |     83 |     2.1196 |
|        1 |         11 |          1031.20 |      1026.87 |      1041.32 |                  1.45 |                    0.79 |     83 |     2.1839 |
|        1 |         12 |          1031.20 |      1026.87 |      1047.36 |                  2.08 |                    1.07 |     86 |     2.2808 |
|        1 |         13 |          1031.20 |      1026.87 |      1047.46 |                  1.40 |                    0.72 |     86 |     2.3689 |
|        1 |         14 |          1031.20 |      1026.87 |      1043.90 |                  3.39 |                    1.75 |     86 |     2.4290 |
|        1 |         15 |          1031.20 |      1026.87 |      1035.60 |                  2.24 |                    0.60 |     88 |     2.5044 |
|        1 |         16 |          1031.20 |      1026.87 |      1032.70 |                  2.27 |                    0.47 |     92 |     2.5871 |
|        1 |          0 |          1024.30 |      1024.30 |      1024.30 |                  1.04 |                    0.21 |     97 |     2.6917 |
|        1 |          1 |          1024.30 |      1024.21 |      1024.21 |                  1.96 |                    0.40 |     98 |     2.7938 |
|        1 |          0 |          1019.40 |      1019.40 |      1019.40 |                  1.70 |                    0.34 |     99 |     2.8614 |
|        1 |          1 |          1019.40 |      1019.40 |      1019.40 |                  1.23 |                    0.14 |     99 |     2.9260 |
|        1 |          2 |          1019.40 |      1019.40 |      1019.40 |                  2.09 |                    0.24 |     99 |     3.0068 |
|        1 |          3 |          1019.40 |      1018.27 |      1018.27 |                  2.39 |                    0.28 |     99 |     3.1040 |
|        1 |          4 |          1019.40 |      1011.39 |      1011.39 |                  2.22 |                    0.21 |    101 |     3.2003 |
|        1 |          5 |          1019.40 |      1005.35 |      1005.35 |                  1.61 |                    0.15 |    106 |     3.3201 |
|        1 |          6 |          1019.40 |      1000.65 |      1000.65 |                  2.12 |                    0.19 |    106 |     3.3913 |
|        1 |          7 |          1019.40 |      1000.65 |      1019.43 |                  4.61 |                    0.42 |    106 |     3.4667 |
|        1 |          0 |          1015.60 |      1000.65 |      1015.60 |                  6.60 |                    0.10 |    110 |     3.6205 |
|        1 |          1 |          1015.60 |      1000.65 |      1015.60 |                  4.58 |                    0.12 |    110 |     3.6862 |
|        1 |          0 |          1012.60 |      1000.65 |      1012.60 |                  5.79 |                    0.15 |    111 |     3.7689 |
|        1 |          1 |          1012.60 |      1000.65 |      1012.60 |                  6.37 |                    0.15 |    111 |     3.8395 |
|        1 |          2 |          1012.60 |      1000.65 |      1002.28 |                  6.45 |                    0.17 |    111 |     3.9528 |
|        1 |          0 |          1009.70 |      1000.65 |      1009.70 |                  5.29 |                    0.11 |    114 |     4.0578 |
|        1 |          1 |          1009.70 |      1000.65 |      1009.70 |                  4.49 |                    0.15 |    114 |     4.1276 |
|        1 |          2 |          1009.70 |      1000.65 |      1058.60 |                  2.12 |                    0.12 |    120 |     4.2400 |
|        1 |          3 |          1009.70 |      1000.65 |      1058.60 |                  1.30 |                    0.11 |    120 |     4.3087 |
|        1 |          4 |          1009.70 |      1000.65 |      1057.80 |                  2.28 |                    0.20 |    122 |     4.3828 |
|        1 |          5 |          1009.70 |      1000.65 |      1062.50 |                  2.88 |                    0.22 |    126 |     4.4642 |
|        1 |          6 |          1009.70 |      1000.65 |      1057.90 |                  5.50 |                    0.42 |    128 |     4.5270 |
|        1 |          7 |          1009.70 |      1000.65 |      1006.72 |                  2.87 |                    0.18 |    130 |     4.6864 |
|        1 |          8 |          1009.70 |      1000.65 |      1012.34 |                  4.30 |                    0.27 |    130 |     4.7490 |
|        1 |          9 |          1009.70 |      1000.65 |      1008.31 |                  2.95 |                    0.19 |    132 |     4.8698 |
|        1 |         10 |          1009.70 |      1000.65 |      1008.41 |                  5.08 |                    0.21 |    132 |     4.9439 |
|        1 |         11 |          1009.70 |      1000.65 |      1016.00 |                  1.86 |                    0.10 |    134 |     5.0373 |
|        1 |         12 |          1009.70 |       995.76 |       995.76 |                  4.07 |                    0.22 |    134 |     5.1009 |
|        1 |         13 |          1009.70 |       995.76 |      1009.25 |                  3.96 |                    0.22 |    134 |     5.2040 |
|        1 |         14 |          1009.70 |       995.76 |      1017.82 |                  3.68 |                    0.20 |    134 |     5.2741 |
|        1 |         15 |          1009.70 |       995.76 |      1019.90 |                  2.35 |                    0.12 |    135 |     5.3848 |
|        1 |         16 |          1009.70 |       995.76 |      1001.23 |                  3.71 |                    0.20 |    135 |     5.4571 |
|        1 |         17 |          1009.70 |       995.76 |      1032.83 |                  5.29 |                    0.25 |    136 |     5.5310 |
|        1 |         18 |          1009.70 |       995.76 |      1034.35 |                  6.55 |                    0.16 |    136 |     5.6057 |
|        1 |         19 |          1009.70 |       995.76 |      1018.86 |                  7.04 |                    0.19 |    137 |     5.7266 |
|        1 |         20 |          1009.70 |       995.76 |      1032.20 |                  3.24 |                    0.10 |    139 |     5.8061 |
|        1 |         21 |          1009.70 |       995.76 |      1016.77 |                  4.34 |                    0.13 |    140 |     5.8956 |
|        1 |         22 |          1009.70 |       995.76 |      1028.89 |                 10.43 |                    0.30 |    140 |     5.9550 |
|        1 |         23 |          1009.70 |       995.76 |      1040.80 |                  6.17 |                    0.18 |    141 |     6.0198 |
|        1 |         24 |          1009.70 |       995.76 |      1034.80 |                  3.98 |                    0.10 |    143 |     6.1263 |
|        1 |         25 |          1009.70 |       995.76 |      1017.73 |                  4.20 |                    0.15 |    144 |     6.2319 |
|        1 |         26 |          1009.70 |       995.76 |      1032.87 |                  2.69 |                    0.11 |    144 |     6.3002 |
|        1 |         27 |          1009.70 |       995.76 |      1026.76 |                  5.03 |                    0.18 |    146 |     6.3715 |
|        1 |         28 |          1009.70 |       995.76 |      1063.50 |                  3.65 |                    0.13 |    150 |     6.5138 |
|        1 |         29 |          1009.70 |       995.76 |      1057.50 |                  2.55 |                    0.12 |    150 |     6.6190 |
|        1 |         30 |          1009.70 |       995.76 |      1055.20 |                  1.48 |                    0.11 |    151 |     6.7237 |
|        1 |         31 |          1009.70 |       995.76 |      1018.65 |                  3.62 |                    0.28 |    152 |     6.8173 |
|        1 |         32 |          1009.70 |       995.76 |      1025.10 |                  2.18 |                    0.15 |    154 |     6.9110 |
|        1 |         33 |          1009.70 |       995.76 |      1025.10 |                  4.69 |                    0.10 |    154 |     6.9732 |
|        1 |         34 |          1009.70 |       995.76 |      1025.30 |                  3.39 |                    0.10 |    155 |     7.0440 |
|        1 |         35 |          1009.70 |       995.76 |      1025.30 |                  4.04 |                    0.16 |    155 |     7.1042 |
|        1 |         36 |          1009.70 |       995.76 |      1025.30 |                  2.25 |                    0.10 |    155 |     7.1806 |
|        1 |         37 |          1009.70 |       995.76 |      1009.79 |                  3.70 |                    0.16 |    156 |     7.2378 |
|        1 |         38 |          1009.70 |       995.76 |      1018.64 |                  4.96 |                    0.22 |    157 |     7.3166 |
|        1 |         39 |          1009.70 |       995.76 |      1016.45 |                  3.16 |                    0.14 |    158 |     7.4703 |
|        1 |         40 |          1009.70 |       995.76 |      1014.80 |                  3.55 |                    0.15 |    158 |     7.5504 |
|        1 |         41 |          1009.70 |       995.76 |      1014.05 |                  3.49 |                    0.14 |    158 |     7.6539 |
|        1 |         42 |          1009.70 |       995.76 |      1017.75 |                  4.11 |                    0.17 |    158 |     7.7338 |
|        1 |         43 |          1009.70 |       995.76 |      1019.93 |                  4.99 |                    0.20 |    159 |     7.8244 |
|        1 |         44 |          1009.70 |       995.76 |      1035.36 |                  2.87 |                    0.12 |    159 |     7.8924 |
|        1 |         45 |          1009.70 |       995.76 |      1026.36 |                  3.44 |                    0.14 |    162 |     8.0108 |
|        1 |         46 |          1009.70 |       995.76 |      1007.49 |                  3.90 |                    0.15 |    163 |     8.0812 |
|        1 |         47 |          1009.70 |       995.76 |      1007.99 |                  4.93 |                    0.19 |    163 |     8.1651 |
|        1 |         48 |          1009.70 |       995.76 |      1006.87 |                  7.90 |                    0.12 |    163 |     8.2832 |
|        1 |         49 |          1009.70 |       995.76 |      1014.60 |                  5.19 |                    0.12 |    165 |     8.4213 |
|        1 |         50 |          1009.70 |       995.76 |      1015.83 |                  5.27 |                    0.13 |    165 |     8.4898 |
|        1 |         51 |          1009.70 |       995.76 |      1019.89 |                  5.51 |                    0.13 |    165 |     8.5564 |
|        1 |         52 |          1009.70 |       995.76 |      1014.28 |                  5.25 |                    0.13 |    169 |     8.6948 |
|        1 |         53 |          1009.70 |       995.76 |      1027.46 |                  3.87 |                    0.10 |    171 |     8.7732 |
|        1 |         54 |          1009.70 |       995.76 |      1019.68 |                  4.13 |                    0.11 |    172 |     8.8372 |
|        1 |         55 |          1009.70 |       995.76 |      1013.74 |                  5.38 |                    0.14 |    174 |     8.9487 |
|        1 |         56 |          1009.70 |       995.76 |      1017.29 |                  3.62 |                    0.10 |    174 |     9.0229 |
|        1 |         57 |          1009.70 |       995.76 |      1012.10 |                  3.64 |                    0.10 |    177 |     9.0990 |
|        1 |         58 |          1009.70 |       995.76 |      1046.09 |                  4.97 |                    0.14 |    181 |     9.2628 |
|        1 |         59 |          1009.70 |       995.76 |      1032.18 |                  5.19 |                    0.15 |    181 |     9.3808 |
|        1 |         60 |          1009.70 |       995.76 |      1024.11 |                  6.37 |                    0.18 |    181 |     9.4697 |
|        1 |         61 |          1009.70 |       995.76 |      1021.21 |                  5.78 |                    0.11 |    181 |     9.5772 |
|        1 |         62 |          1009.70 |       995.76 |      1018.64 |                  4.89 |                    0.13 |    181 |     9.7219 |
|        1 |         63 |          1009.70 |       995.76 |      1013.36 |                  4.42 |                    0.16 |    185 |     9.9047 |
|        1 |         64 |          1009.70 |       995.76 |      1012.17 |                  5.30 |                    0.19 |    186 |    10.0176 |
|        1 |         65 |          1009.70 |       995.76 |      1023.30 |                  5.42 |                    0.18 |    188 |    10.1455 |
|        1 |         66 |          1009.70 |       995.35 |       995.35 |                  4.01 |                    0.11 |    190 |    10.2943 |
|        1 |         67 |          1009.70 |       995.35 |      1003.52 |                  7.77 |                    0.22 |    193 |    10.4444 |
|        1 |         68 |          1009.70 |       995.35 |      1002.95 |                  4.19 |                    0.11 |    194 |    10.5721 |
|        1 |         69 |          1009.70 |       995.35 |      1001.69 |                  5.03 |                    0.13 |    194 |    10.6974 |
|        1 |         70 |          1009.70 |       995.35 |      1009.09 |                  5.55 |                    0.12 |    195 |    10.8752 |
|        1 |         71 |          1009.70 |       995.35 |      1033.20 |                  5.47 |                    0.11 |    201 |    11.1152 |
|        1 |         72 |          1009.70 |       995.35 |      1023.69 |                  4.93 |                    0.10 |    201 |    11.1845 |
|        1 |         73 |          1009.70 |       995.35 |      1023.79 |                  5.06 |                    0.10 |    201 |    11.2405 |
|        1 |         74 |          1009.70 |       995.35 |      1031.70 |                  4.83 |                    0.14 |    207 |    11.3422 |
|        1 |         75 |          1009.70 |       995.35 |      1030.30 |                  1.79 |                    0.10 |    210 |    11.4258 |
|        1 |         76 |          1009.70 |       995.35 |      1035.03 |                  1.95 |                    0.10 |    211 |    11.4915 |
|        1 |         77 |          1009.70 |       995.35 |      1012.10 |                  3.24 |                    0.17 |    213 |    11.6610 |
|        1 |         78 |          1009.70 |       995.35 |      1012.10 |                  2.50 |                    0.11 |    213 |    11.7576 |
|        1 |         79 |          1009.70 |       995.35 |      1011.80 |                  2.23 |                    0.13 |    213 |    11.8644 |
|        1 |         80 |          1009.70 |       995.35 |       998.63 |                  3.44 |                    0.18 |    214 |    11.9848 |
|        1 |         81 |          1009.70 |       995.35 |      1014.72 |                  3.59 |                    0.14 |    215 |    12.0755 |
|        1 |         82 |          1009.70 |       995.35 |      1028.62 |                  8.44 |                    0.34 |    218 |    12.1643 |
|        1 |         83 |          1009.70 |       995.35 |      1057.00 |                  5.74 |                    0.23 |    221 |    12.2364 |
|        1 |         84 |          1009.70 |       995.35 |      1014.99 |                  4.40 |                    0.17 |    222 |    12.3453 |
|        1 |         85 |          1009.70 |       995.35 |      1016.60 |                  6.68 |                    0.23 |    227 |    12.5292 |
|        1 |         86 |          1009.70 |       995.35 |      1039.40 |                  2.92 |                    0.12 |    231 |    12.7425 |
|        1 |         87 |          1009.70 |       995.35 |      1039.40 |                  1.33 |                    0.10 |    231 |    12.8165 |
|        1 |         88 |          1009.70 |       995.35 |      1022.81 |                  4.00 |                    0.10 |    236 |    12.9390 |
|        1 |         89 |          1009.70 |       995.35 |      1019.09 |                  6.64 |                    0.15 |    240 |    13.0057 |
|        1 |         90 |          1009.70 |       995.35 |      1046.50 |                  4.01 |                    0.10 |    244 |    13.0835 |
|        1 |         91 |          1009.70 |       995.35 |      1046.43 |                  7.42 |                    0.19 |    244 |    13.1425 |
|        1 |         92 |          1009.70 |       995.35 |      1046.10 |                  2.83 |                    0.10 |    244 |    13.2232 |
|        1 |          0 |          1003.30 |       995.35 |      1003.30 |                  2.98 |                    0.14 |    246 |    13.5183 |
|        1 |          1 |          1003.30 |       995.35 |       998.19 |                  3.73 |                    0.18 |    247 |    13.6062 |
|        1 |          2 |          1003.30 |       995.35 |       998.34 |                  4.09 |                    0.20 |    248 |    13.7706 |
|        1 |          0 |           998.90 |       995.35 |       998.90 |                  2.67 |                    0.13 |    249 |    13.8457 |
|        1 |          0 |           992.40 |       992.40 |       992.40 |                  5.29 |                    0.26 |    250 |    13.9688 |
|        1 |          1 |           992.40 |       992.40 |       992.40 |                  2.94 |                    0.14 |    250 |    14.0720 |
|        1 |          2 |           992.40 |       992.40 |       994.30 |                  1.33 |                    0.10 |    251 |    14.1942 |
|        1 |          3 |           992.40 |       992.40 |      1047.52 |                  3.15 |                    0.24 |    252 |    14.2644 |
|        1 |          4 |           992.40 |       992.40 |      1032.70 |                  3.23 |                    0.24 |    255 |    14.3782 |
|        1 |          5 |           992.40 |       992.40 |      1024.70 |                  4.49 |                    0.33 |    257 |    14.5323 |
|        1 |          6 |           992.40 |       992.40 |      1025.70 |                  2.85 |                    0.17 |    258 |    14.5844 |
|        1 |          7 |           992.40 |       992.40 |      1019.73 |                  4.47 |                    0.27 |    259 |    14.7311 |
|        1 |          8 |           992.40 |       992.40 |       997.73 |                  3.65 |                    0.22 |    260 |    14.9148 |
|        1 |          9 |           992.40 |       992.40 |      1006.53 |                  4.61 |                    0.28 |    261 |    15.0357 |
|        1 |         10 |           992.40 |       992.40 |      1025.90 |                  2.81 |                    0.10 |    264 |    15.1481 |
|        1 |         11 |           992.40 |       992.40 |      1008.73 |                  5.96 |                    0.22 |    264 |    15.2484 |
|        1 |         12 |           992.40 |       992.40 |      1003.77 |                  5.79 |                    0.20 |    264 |    15.4035 |
|        1 |         13 |           992.40 |       992.40 |      1006.50 |                  4.60 |                    0.12 |    265 |    15.5367 |
|        1 |         14 |           992.40 |       992.40 |       996.75 |                  3.88 |                    0.14 |    265 |    15.7066 |
|        1 |         15 |           992.40 |       992.40 |      1014.70 |                  3.67 |                    0.12 |    265 |    15.7835 |
|        1 |         16 |           992.40 |       992.40 |      1000.99 |                  4.16 |                    0.13 |    265 |    15.8671 |
|        1 |         17 |           992.40 |       992.40 |       998.67 |                  4.74 |                    0.15 |    265 |    15.9853 |
|        1 |         18 |           992.40 |       992.40 |      1004.19 |                  4.10 |                    0.11 |    265 |    16.0594 |
|        1 |         19 |           992.40 |       992.40 |      1014.70 |                  2.96 |                    0.10 |    265 |    16.1401 |
|        1 |         20 |           992.40 |       992.40 |       999.94 |                  4.71 |                    0.16 |    265 |    16.2392 |
|        1 |         21 |           992.40 |       992.40 |      1006.35 |                  2.57 |                    0.10 |    265 |    16.3268 |
|        1 |         22 |           992.40 |       992.40 |      1000.75 |                  4.43 |                    0.15 |    265 |    16.4125 |
|        1 |         23 |           992.40 |       992.40 |      1006.50 |                  2.77 |                    0.10 |    269 |    16.5456 |
|        1 |         24 |           992.40 |       992.40 |      1004.97 |                  2.90 |                    0.12 |    271 |    16.6805 |
|        1 |         25 |           992.40 |       992.40 |      1002.25 |                  5.80 |                    0.24 |    273 |    16.7611 |
|        1 |         26 |           992.40 |       992.40 |      1015.50 |                  6.19 |                    0.25 |    273 |    16.8341 |
|        1 |         27 |           992.40 |       992.40 |      1015.50 |                  3.31 |                    0.13 |    273 |    16.9055 |
|        1 |         28 |           992.40 |       992.40 |      1004.82 |                  4.10 |                    0.16 |    275 |    17.0038 |
|        1 |         29 |           992.40 |       992.40 |      1010.68 |                  5.23 |                    0.17 |    276 |    17.1309 |
|        1 |         30 |           992.40 |       992.40 |      1023.10 |                  2.48 |                    0.10 |    276 |    17.2072 |
|        1 |         31 |           992.40 |       992.40 |       998.80 |                  3.40 |                    0.16 |    277 |    17.4593 |
|        1 |         32 |           992.40 |       992.40 |       993.20 |                  2.18 |                    0.11 |    277 |    17.6724 |
|        1 |         33 |           992.40 |       992.40 |       993.20 |                  2.99 |                    0.16 |    277 |    17.7539 |
|        1 |         34 |           992.40 |       992.40 |      1003.60 |                  1.29 |                    0.10 |    279 |    17.8464 |
|        1 |         35 |           992.40 |       992.40 |      1016.09 |                  3.51 |                    0.27 |    279 |    17.9372 |
|        1 |         36 |           992.40 |       992.40 |      1012.75 |                  3.03 |                    0.20 |    281 |    18.1102 |
|        1 |         37 |           992.40 |       992.40 |      1009.25 |                  2.48 |                    0.16 |    283 |    18.3127 |
|        1 |         38 |           992.40 |       992.40 |      1004.24 |                  2.73 |                    0.17 |    284 |    18.4146 |
|        1 |         39 |           992.40 |       992.40 |      1010.77 |                  3.06 |                    0.20 |    284 |    18.5661 |
|        1 |         40 |           992.40 |       992.40 |       995.43 |                  3.23 |                    0.20 |    284 |    18.7493 |
|        1 |         41 |           992.40 |       992.40 |       996.82 |                  3.19 |                    0.18 |    284 |    18.8744 |
|        1 |         42 |           992.40 |       992.40 |       996.61 |                  3.87 |                    0.20 |    284 |    18.9895 |
|        1 |         43 |           992.40 |       992.40 |      1003.87 |                  3.55 |                    0.12 |    284 |    19.0940 |
|        1 |         44 |           992.40 |       992.40 |      1001.24 |                  4.53 |                    0.15 |    287 |    19.2839 |
|        1 |         45 |           992.40 |       992.40 |      1002.77 |                  5.73 |                    0.19 |    287 |    19.3760 |
|        1 |         46 |           992.40 |       992.40 |      1002.65 |                  4.89 |                    0.16 |    287 |    19.5616 |
|        1 |         47 |           992.40 |       992.40 |      1002.65 |                  4.11 |                    0.14 |    287 |    19.6202 |
|        1 |         48 |           992.40 |       992.40 |      1000.08 |                  4.98 |                    0.16 |    288 |    19.8355 |
------------------------------------------------------------------------------------------------------------------------------------------------
|  Restart |  Iteration |  Best Feas. Cost |    Best Cost |   Curr. Cost |   Penalty Custom Res. |   Penalty Standard Res. |   Pool |   Time (s) |
------------------------------------------------------------------------------------------------------------------------------------------------
|        1 |         49 |           992.40 |       992.40 |      1003.40 |                  3.96 |                    0.12 |    291 |    20.0687 |
|        1 |         50 |           992.40 |       992.40 |       995.24 |                  4.96 |                    0.15 |    291 |    20.1850 |
|        1 |         51 |           992.40 |       992.40 |      1010.00 |                  2.68 |                    0.10 |    291 |    20.3062 |
|        1 |         52 |           992.40 |       992.40 |      1010.00 |                  3.71 |                    0.15 |    291 |    20.3894 |
|        1 |         53 |           992.40 |       992.40 |      1011.32 |                  5.14 |                    0.20 |    292 |    20.5173 |
|        1 |         54 |           992.40 |       992.40 |      1014.50 |                  4.19 |                    0.17 |    292 |    20.6324 |
|        1 |         55 |           992.40 |       992.40 |      1014.50 |                  2.11 |                    0.10 |    292 |    20.7908 |
|        1 |         56 |           992.40 |       992.40 |      1014.50 |                  3.23 |                    0.10 |    292 |    20.8768 |
|        1 |         57 |           992.40 |       992.40 |       997.30 |                  2.20 |                    0.13 |    293 |    20.9724 |
|        1 |         58 |           992.40 |       992.40 |       997.30 |                  1.68 |                    0.13 |    293 |    21.1341 |
|        1 |         59 |           992.40 |       992.40 |      1023.20 |                  3.27 |                    0.26 |    294 |    21.2400 |
|        1 |         60 |           992.40 |       992.40 |      1023.20 |                  3.56 |                    0.29 |    294 |    21.3417 |
|        1 |         61 |           992.40 |       992.40 |      1040.50 |                  1.37 |                    0.10 |    296 |    21.4769 |
|        1 |         62 |           992.40 |       992.40 |      1021.95 |                  2.09 |                    0.17 |    297 |    21.6333 |
|        1 |         63 |           992.40 |       992.40 |      1020.55 |                  3.03 |                    0.20 |    299 |    21.8156 |
|        1 |         64 |           992.40 |       992.40 |      1014.50 |                  2.22 |                    0.12 |    301 |    22.0390 |
|        1 |         65 |           992.40 |       992.40 |      1013.80 |                  1.38 |                    0.10 |    301 |    22.1161 |
|        1 |         66 |           992.40 |       992.40 |      1014.50 |                  1.43 |                    0.12 |    301 |    22.2182 |
|        1 |         67 |           992.40 |       992.40 |      1026.31 |                  2.31 |                    0.18 |    301 |    22.4255 |
|        1 |         68 |           992.40 |       992.40 |      1023.20 |                  1.65 |                    0.13 |    301 |    22.4992 |
|        1 |         69 |           992.40 |       992.40 |      1023.20 |                  1.39 |                    0.13 |    301 |    22.5598 |
|        1 |         70 |           992.40 |       992.40 |      1003.79 |                  2.30 |                    0.21 |    301 |    22.6708 |
|        1 |         71 |           992.40 |       992.40 |      1016.51 |                  2.04 |                    0.17 |    302 |    22.7972 |
|        1 |         72 |           992.40 |       992.40 |      1002.43 |                  2.30 |                    0.15 |    303 |    22.9344 |
|        1 |         73 |           992.40 |       992.40 |      1002.55 |                  2.25 |                    0.15 |    303 |    23.0362 |
|        1 |         74 |           992.40 |       992.40 |      1002.17 |                  3.58 |                    0.23 |    303 |    23.1363 |
|        1 |         75 |           992.40 |       992.40 |      1003.70 |                  1.52 |                    0.10 |    304 |    23.2716 |
|        1 |         76 |           992.40 |       992.40 |      1018.53 |                  6.05 |                    0.10 |    307 |    23.4179 |
|        1 |         77 |           992.40 |       992.40 |      1004.94 |                  5.33 |                    0.14 |    307 |    23.5446 |
|        1 |         78 |           992.40 |       992.40 |      1013.60 |                  4.99 |                    0.13 |    308 |    23.6615 |
|        1 |         79 |           992.40 |       992.40 |      1004.24 |                  4.72 |                    0.12 |    308 |    23.7382 |
|        1 |         80 |           992.40 |       992.40 |      1002.93 |                  4.16 |                    0.11 |    308 |    23.8533 |
|        1 |         81 |           992.40 |       992.40 |      1004.86 |                  5.58 |                    0.14 |    308 |    23.9554 |
|        1 |         82 |           992.40 |       992.40 |      1037.97 |                  3.16 |                    0.10 |    308 |    24.0763 |
|        1 |         83 |           992.40 |       992.40 |      1030.74 |                  4.42 |                    0.14 |    308 |    24.1657 |
|        1 |         84 |           992.40 |       992.40 |      1036.49 |                  5.53 |                    0.17 |    308 |    24.2550 |
|        1 |         85 |           992.40 |       992.40 |      1037.06 |                  4.13 |                    0.13 |    311 |    24.4654 |
|        1 |         86 |           992.40 |       992.40 |      1038.35 |                  6.25 |                    0.19 |    312 |    24.5401 |
|        1 |         87 |           992.40 |       992.40 |      1020.20 |                  6.03 |                    0.18 |    313 |    24.6285 |
|        1 |         88 |           992.40 |       992.40 |      1010.66 |                  4.80 |                    0.13 |    315 |    24.7422 |
|        1 |         89 |           992.40 |       992.40 |      1000.93 |                  5.55 |                    0.15 |    315 |    24.8455 |
|        1 |         90 |           992.40 |       992.40 |      1015.18 |                  6.28 |                    0.17 |    317 |    24.9297 |
|        1 |         91 |           992.40 |       992.40 |      1014.90 |                  2.11 |                    0.10 |    318 |    25.0554 |
|        1 |         92 |           992.40 |       992.40 |      1006.00 |                  2.16 |                    0.12 |    318 |    25.1982 |
|        1 |         93 |           992.40 |       992.40 |      1014.53 |                  2.24 |                    0.16 |    318 |    25.3037 |
|        1 |         94 |           992.40 |       992.40 |      1016.92 |                  4.40 |                    0.31 |    318 |    25.3704 |
|        1 |         95 |           992.40 |       992.40 |      1018.10 |                  2.33 |                    0.15 |    318 |    25.4250 |
|        1 |         96 |           992.40 |       991.55 |       991.55 |                  4.30 |                    0.24 |    320 |    25.5388 |
|        1 |         97 |           992.40 |       991.55 |      1000.25 |                  9.73 |                    0.10 |    323 |    25.6086 |
|        1 |         98 |           992.40 |       991.55 |      1005.32 |                  6.48 |                    0.10 |    323 |    25.6841 |
|        1 |         99 |           992.40 |       991.55 |      1001.88 |                  4.88 |                    0.10 |    323 |    25.7571 |
|        1 |        100 |           992.40 |       991.55 |      1000.28 |                  9.03 |                    0.12 |    323 |    25.8101 |
|        1 |        101 |           992.40 |       991.55 |      1004.99 |                  7.50 |                    0.10 |    323 |    25.8818 |
|        1 |        102 |           992.40 |       991.55 |      1009.10 |                  3.16 |                    0.10 |    325 |    25.9504 |
|        1 |        103 |           992.40 |       991.55 |       998.75 |                  3.55 |                    0.11 |    325 |    26.0089 |
|        1 |        104 |           992.40 |       991.55 |       997.80 |                  4.56 |                    0.18 |    328 |    26.1352 |
|        1 |        105 |           992.40 |       991.55 |       997.80 |                  5.02 |                    0.10 |    328 |    26.2047 |
|        1 |        106 |           992.40 |       991.55 |       997.80 |                  3.85 |                    0.11 |    328 |    26.2739 |
|        1 |        107 |           992.40 |       991.55 |      1006.70 |                  2.88 |                    0.10 |    333 |    26.3944 |
|        1 |        108 |           992.40 |       991.55 |       998.60 |                  1.92 |                    0.10 |    334 |    26.4713 |
|        1 |        109 |           992.40 |       991.55 |       998.60 |                  2.92 |                    0.16 |    334 |    26.5295 |
|        1 |        110 |           992.40 |       991.55 |       998.60 |                  2.73 |                    0.15 |    334 |    26.5915 |
|        1 |        111 |           992.40 |       991.55 |       995.00 |                  3.94 |                    0.20 |    334 |    26.6571 |
|        1 |        112 |           992.40 |       991.55 |       995.00 |                  1.71 |                    0.10 |    334 |    26.7256 |
|        1 |        113 |           992.40 |       991.55 |      1003.91 |                  3.85 |                    0.22 |    335 |    26.8317 |
|        1 |        114 |           992.40 |       991.55 |       996.85 |                  5.85 |                    0.25 |    335 |    27.0238 |
|        1 |        115 |           992.40 |       991.55 |      1004.90 |                  4.30 |                    0.15 |    337 |    27.1275 |
|        1 |        116 |           992.40 |       991.55 |      1004.90 |                  4.68 |                    0.16 |    337 |    27.2131 |
|        1 |        117 |           992.40 |       991.55 |      1011.90 |                  3.38 |                    0.10 |    339 |    27.2789 |
|        1 |        118 |           992.40 |       991.55 |       997.60 |                  3.29 |                    0.15 |    340 |    27.4271 |
|        1 |        119 |           992.40 |       991.55 |       998.40 |                  3.18 |                    0.14 |    341 |    27.4917 |
|        1 |        120 |           992.40 |       991.55 |       997.21 |                  4.90 |                    0.10 |    341 |    27.7169 |
|        1 |        121 |           992.40 |       991.55 |       999.50 |                  7.13 |                    0.10 |    341 |    27.8108 |
|        1 |        122 |           992.40 |       991.55 |       993.30 |                  2.95 |                    0.15 |    343 |    27.9770 |
|        1 |          0 |           991.80 |       991.55 |       991.80 |                  2.40 |                    0.17 |    343 |    28.0812 |
|        1 |          1 |           991.80 |       991.55 |       991.80 |                  2.64 |                    0.13 |    343 |    28.1560 |
|        1 |          0 |           991.10 |       991.10 |       991.10 |                  1.50 |                    0.12 |    343 |    28.2471 |
|        1 |          1 |           991.10 |       991.10 |       995.64 |                  3.13 |                    0.24 |    343 |    28.3310 |
|        1 |          2 |           991.10 |       991.10 |      1003.00 |                  2.07 |                    0.16 |    345 |    28.4239 |
|        1 |          3 |           991.10 |       991.10 |      1002.09 |                  2.48 |                    0.18 |    345 |    28.5365 |
|        1 |          4 |           991.10 |       991.10 |      1001.51 |                  4.55 |                    0.32 |    345 |    28.6108 |
|        1 |          5 |           991.10 |       991.10 |      1002.30 |                  2.34 |                    0.14 |    345 |    28.6984 |
|        1 |          6 |           991.10 |       991.10 |      1002.77 |                  2.70 |                    0.13 |    345 |    28.8454 |
|        1 |          7 |           991.10 |       991.10 |      1017.86 |                  3.84 |                    0.13 |    346 |    28.9367 |
|        1 |          8 |           991.10 |       991.10 |      1015.70 |                  1.27 |                    0.10 |    346 |    29.0753 |
|        1 |          9 |           991.10 |       991.10 |      1031.30 |                  4.11 |                    0.13 |    346 |    29.1705 |
|        1 |         10 |           991.10 |       991.10 |      1027.86 |                  4.07 |                    0.19 |    347 |    29.3006 |
|        1 |         11 |           991.10 |       991.10 |      1028.30 |                  2.41 |                    0.11 |    348 |    29.3684 |
|        1 |         12 |           991.10 |       991.10 |      1011.90 |                  2.23 |                    0.11 |    348 |    29.6496 |
|        1 |         13 |           991.10 |       991.10 |       999.05 |                  3.34 |                    0.15 |    349 |    29.7284 |
|        1 |         14 |           991.10 |       991.10 |      1003.85 |                  3.52 |                    0.12 |    349 |    29.8573 |
|        1 |         15 |           991.10 |       991.10 |      1000.68 |                  4.77 |                    0.16 |    349 |    29.9748 |
|        1 |         16 |           991.10 |       991.10 |      1001.00 |                  4.47 |                    0.15 |    349 |    30.0450 |
|        1 |         17 |           991.10 |       991.10 |      1008.85 |                  5.65 |                    0.19 |    350 |    30.1416 |
|        1 |         18 |           991.10 |       991.10 |      1001.00 |                  4.89 |                    0.16 |    350 |    30.2240 |
|        1 |         19 |           991.10 |       991.10 |      1001.00 |                  4.49 |                    0.15 |    350 |    30.2926 |
|        1 |         20 |           991.10 |       991.10 |      1001.00 |                  2.88 |                    0.12 |    350 |    30.4178 |
|        1 |         21 |           991.10 |       991.10 |      1000.80 |                  5.16 |                    0.21 |    350 |    30.4939 |
|        1 |         22 |           991.10 |       991.10 |      1002.97 |                  3.52 |                    0.14 |    350 |    30.6759 |
|        1 |         23 |           991.10 |       991.10 |      1005.44 |                  3.02 |                    0.12 |    351 |    30.7476 |
|        1 |         24 |           991.10 |       991.10 |      1052.36 |                  4.31 |                    0.16 |    353 |    30.8429 |
|        1 |         25 |           991.10 |       991.10 |      1054.58 |                  4.24 |                    0.15 |    353 |    30.9300 |
|        1 |         26 |           991.10 |       991.10 |      1049.97 |                  4.00 |                    0.14 |    355 |    31.0822 |
|        1 |         27 |           991.10 |       991.10 |      1053.15 |                  3.72 |                    0.12 |    355 |    31.1382 |
|        1 |         28 |           991.10 |       991.10 |      1049.53 |                  4.33 |                    0.14 |    356 |    31.2672 |
|        1 |         29 |           991.10 |       991.10 |      1047.25 |                  4.75 |                    0.14 |    358 |    31.4079 |
|        1 |         30 |           991.10 |       991.10 |      1023.83 |                  4.95 |                    0.15 |    360 |    31.7122 |
|        1 |         31 |           991.10 |       991.10 |      1024.56 |                  5.27 |                    0.16 |    360 |    31.8349 |
|        1 |         32 |           991.10 |       991.10 |      1022.06 |                  4.29 |                    0.13 |    360 |    31.9320 |
|        1 |         33 |           991.10 |       991.10 |      1025.14 |                  7.02 |                    0.21 |    360 |    32.0223 |
|        1 |         34 |           991.10 |       991.10 |      1034.90 |                  4.78 |                    0.14 |    360 |    32.0897 |
|        1 |         35 |           991.10 |       991.10 |      1006.40 |                  2.94 |                    0.12 |    361 |    32.2033 |
|        1 |         36 |           991.10 |       991.10 |      1013.62 |                  3.72 |                    0.15 |    362 |    32.4069 |
|        1 |         37 |           991.10 |       991.10 |      1015.30 |                  4.70 |                    0.19 |    362 |    32.4846 |
|        1 |         38 |           991.10 |       991.10 |      1006.66 |                  8.69 |                    0.36 |    362 |    32.5701 |
|        1 |         39 |           991.10 |       991.10 |      1013.30 |                  4.01 |                    0.16 |    362 |    32.6309 |
|        1 |         40 |           991.10 |       991.10 |      1018.00 |                  3.07 |                    0.12 |    362 |    32.7469 |
|        1 |         41 |           991.10 |       991.10 |      1018.00 |                  2.73 |                    0.11 |    362 |    32.8182 |
|        1 |         42 |           991.10 |       991.10 |      1001.40 |                  4.24 |                    0.20 |    362 |    32.9712 |
|        1 |         43 |           991.10 |       991.10 |      1018.00 |                  3.70 |                    0.18 |    362 |    33.0562 |
|        1 |         44 |           991.10 |       991.10 |      1012.20 |                  2.98 |                    0.14 |    362 |    33.1311 |
|        1 |         45 |           991.10 |       991.10 |      1004.56 |                  2.89 |                    0.14 |    364 |    33.2756 |
|        1 |         46 |           991.10 |       991.10 |      1004.19 |                  3.10 |                    0.13 |    364 |    33.4108 |
|        1 |         47 |           991.10 |       991.10 |      1006.82 |                  2.03 |                    0.10 |    364 |    33.5057 |
|        1 |         48 |           991.10 |       991.10 |      1005.00 |                  2.41 |                    0.13 |    364 |    33.5923 |
|        1 |         49 |           991.10 |       991.10 |       997.85 |                  4.44 |                    0.22 |    365 |    33.7111 |
|        1 |         50 |           991.10 |       991.10 |       996.16 |                  2.83 |                    0.14 |    365 |    33.8609 |
|        1 |         51 |           991.10 |       991.10 |       996.91 |                  2.37 |                    0.12 |    365 |    33.9541 |
|        1 |         52 |           991.10 |       991.10 |       996.14 |                  2.91 |                    0.14 |    365 |    34.0454 |
|        1 |         53 |           991.10 |       991.10 |       998.32 |                  3.46 |                    0.17 |    365 |    34.1545 |
|        1 |         54 |           991.10 |       991.10 |      1022.80 |                  4.75 |                    0.25 |    365 |    34.3330 |
|        1 |         55 |           991.10 |       991.10 |      1020.43 |                  7.96 |                    0.25 |    369 |    34.5195 |
|        1 |         56 |           991.10 |       991.10 |      1019.90 |                  7.53 |                    0.24 |    370 |    34.5983 |
|        1 |         57 |           991.10 |       991.10 |      1019.90 |                  3.69 |                    0.10 |    370 |    34.6583 |
|        1 |         58 |           991.10 |       991.10 |      1051.34 |                  5.22 |                    0.16 |    373 |    34.8449 |
|        1 |         59 |           991.10 |       991.10 |      1052.80 |                  4.56 |                    0.13 |    373 |    34.9262 |
|        1 |         60 |           991.10 |       991.10 |      1052.27 |                  9.38 |                    0.25 |    373 |    35.0391 |
|        1 |         61 |           991.10 |       991.10 |      1052.38 |                  3.89 |                    0.10 |    373 |    35.1634 |
|        1 |         62 |           991.10 |       991.10 |      1030.60 |                  7.68 |                    0.15 |    376 |    35.3137 |
|        1 |         63 |           991.10 |       991.10 |      1025.86 |                  6.23 |                    0.16 |    379 |    35.4571 |
|        1 |         64 |           991.10 |       991.10 |      1022.31 |                  3.93 |                    0.13 |    383 |    35.6165 |
|        1 |         65 |           991.10 |       991.10 |      1017.40 |                  2.67 |                    0.11 |    385 |    35.7015 |
|        1 |         66 |           991.10 |       991.10 |      1015.45 |                  4.47 |                    0.18 |    385 |    35.7665 |
|        1 |         67 |           991.10 |       991.10 |      1017.40 |                  6.43 |                    0.24 |    385 |    35.8565 |
|        1 |         68 |           991.10 |       991.10 |      1017.40 |                  3.77 |                    0.14 |    385 |    35.9214 |
|        1 |         69 |           991.10 |       991.10 |      1017.63 |                  4.80 |                    0.16 |    386 |    36.0125 |
|        1 |         70 |           991.10 |       991.10 |      1006.56 |                  4.06 |                    0.15 |    386 |    36.1241 |
|        1 |         71 |           991.10 |       991.10 |      1017.40 |                  4.51 |                    0.16 |    386 |    36.1916 |
|        1 |         72 |           991.10 |       991.10 |      1023.49 |                  6.51 |                    0.23 |    387 |    36.2645 |
|        1 |         73 |           991.10 |       991.10 |      1017.40 |                  3.12 |                    0.10 |    387 |    36.3511 |
|        1 |         74 |           991.10 |       991.10 |      1006.72 |                  3.64 |                    0.11 |    387 |    36.4258 |
|        1 |         75 |           991.10 |       991.10 |      1017.40 |                  4.51 |                    0.10 |    387 |    36.5148 |
|        1 |         76 |           991.10 |       991.10 |      1017.40 |                  4.54 |                    0.15 |    387 |    36.5805 |
|        1 |         77 |           991.10 |       991.10 |      1017.40 |                  4.78 |                    0.14 |    387 |    36.6941 |
|        1 |         78 |           991.10 |       991.10 |      1017.40 |                  3.86 |                    0.10 |    387 |    36.7808 |
|        1 |         79 |           991.10 |       991.10 |      1022.57 |                  2.75 |                    0.11 |    390 |    36.9530 |
|        1 |         80 |           991.10 |       991.10 |      1021.11 |                  4.00 |                    0.16 |    390 |    37.0331 |
|        1 |         81 |           991.10 |       991.10 |      1024.37 |                  4.31 |                    0.17 |    391 |    37.1226 |
|        1 |         82 |           991.10 |       991.10 |      1018.59 |                  3.55 |                    0.14 |    392 |    37.1869 |
|        1 |         83 |           991.10 |       991.10 |      1004.00 |                  3.97 |                    0.13 |    393 |    37.3134 |
|        1 |         84 |           991.10 |       991.10 |      1004.00 |                  3.17 |                    0.10 |    393 |    37.3905 |
|        1 |         85 |           991.10 |       991.10 |      1007.50 |                  2.38 |                    0.11 |    394 |    37.4819 |
|        1 |         86 |           991.10 |       991.10 |      1029.10 |                  2.85 |                    0.13 |    396 |    37.6526 |
|        1 |         87 |           991.10 |       991.10 |      1026.00 |                  2.80 |                    0.10 |    399 |    37.7969 |
|        1 |         88 |           991.10 |       991.10 |      1027.20 |                  2.15 |                    0.10 |    400 |    37.8977 |
|        1 |         89 |           991.10 |       991.10 |      1010.50 |                  3.67 |                    0.11 |    400 |    38.1084 |
|        1 |         90 |           991.10 |       991.10 |      1010.50 |                  2.68 |                    0.11 |    400 |    38.1863 |
|        1 |         91 |           991.10 |       991.10 |      1010.50 |                  2.95 |                    0.10 |    400 |    38.2490 |
|        1 |         92 |           991.10 |       991.10 |      1021.67 |                  5.03 |                    0.24 |    401 |    38.3525 |
|        1 |         93 |           991.10 |       991.10 |      1031.07 |                  4.57 |                    0.22 |    401 |    38.4353 |
|        1 |         94 |           991.10 |       991.10 |      1029.79 |                  4.20 |                    0.20 |    401 |    38.5174 |
|        1 |         95 |           991.10 |       991.10 |      1016.13 |                  5.05 |                    0.25 |    401 |    38.5869 |
|        1 |         96 |           991.10 |       991.10 |      1019.21 |                  4.42 |                    0.22 |    401 |    38.6391 |
|        1 |         97 |           991.10 |       991.10 |      1018.86 |                  3.71 |                    0.18 |    402 |    38.7060 |
|        1 |         98 |           991.10 |       991.10 |      1015.20 |                  7.14 |                    0.34 |    402 |    38.7725 |
|        1 |         99 |           991.10 |       991.10 |      1027.80 |                  3.32 |                    0.16 |    402 |    38.8397 |
|        1 |        100 |           991.10 |       991.10 |      1012.50 |                  2.47 |                    0.11 |    404 |    38.9094 |
|        1 |        101 |           991.10 |       991.10 |      1012.45 |                  3.13 |                    0.10 |    404 |    38.9824 |
|        1 |        102 |           991.10 |       991.10 |      1004.86 |                  2.70 |                    0.10 |    404 |    39.0955 |
|        1 |        103 |           991.10 |       991.10 |      1005.70 |                  3.45 |                    0.15 |    405 |    39.2018 |
|        1 |        104 |           991.10 |       991.10 |      1005.70 |                  4.02 |                    0.16 |    405 |    39.2757 |
|        1 |        105 |           991.10 |       991.10 |      1005.70 |                  6.48 |                    0.26 |    405 |    39.3368 |
|        1 |        106 |           991.10 |       991.10 |      1005.70 |                  5.06 |                    0.20 |    405 |    39.4210 |
|        1 |        107 |           991.10 |       991.10 |      1013.77 |                  5.45 |                    0.19 |    406 |    39.5013 |
|        1 |        108 |           991.10 |       991.10 |      1003.10 |                  5.73 |                    0.19 |    410 |    39.6477 |
|        1 |        109 |           991.10 |       991.10 |      1010.00 |                  2.33 |                    0.11 |    411 |    39.7700 |
|        1 |        110 |           991.10 |       991.10 |      1009.55 |                  4.05 |                    0.10 |    411 |    39.8791 |
|        1 |        111 |           991.10 |       991.10 |      1011.43 |                  8.71 |                    0.10 |    411 |    39.9467 |
------------------------------------------------------------------------------------------------------------------------------------------------
|  Restart |  Iteration |  Best Feas. Cost |    Best Cost |   Curr. Cost |   Penalty Custom Res. |   Penalty Standard Res. |   Pool |   Time (s) |
------------------------------------------------------------------------------------------------------------------------------------------------
|        1 |        112 |           991.10 |       991.10 |      1002.70 |                  6.48 |                    0.10 |    412 |    40.0448 |
|        1 |        113 |           991.10 |       991.10 |      1001.78 |                  4.78 |                    0.10 |    412 |    40.1143 |
|        1 |        114 |           991.10 |       991.10 |      1013.60 |                  3.96 |                    0.10 |    412 |    40.2097 |
|        1 |        115 |           991.10 |       991.10 |      1013.60 |                  8.93 |                    0.10 |    412 |    40.3180 |
|        1 |        116 |           991.10 |       991.10 |      1018.50 |                  3.76 |                    0.10 |    412 |    40.3977 |
|        1 |        117 |           991.10 |       991.10 |      1018.38 |                  5.20 |                    0.12 |    412 |    40.4750 |
|        1 |        118 |           991.10 |       991.10 |      1023.69 |                  7.55 |                    0.10 |    414 |    40.5828 |
|        1 |        119 |           991.10 |       991.10 |      1023.80 |                  5.24 |                    0.13 |    414 |    40.6594 |
|        1 |        120 |           991.10 |       991.10 |      1018.60 |                  5.75 |                    0.10 |    414 |    40.7447 |
|        1 |        121 |           991.10 |       991.10 |      1026.30 |                  4.19 |                    0.10 |    415 |    40.8534 |
|        1 |        122 |           991.10 |       991.10 |      1027.03 |                  5.36 |                    0.11 |    415 |    41.0484 |
|        1 |        123 |           991.10 |       991.10 |      1031.78 |                  8.71 |                    0.17 |    419 |    41.1152 |
|        1 |        124 |           991.10 |       991.10 |      1027.98 |                  5.57 |                    0.11 |    421 |    41.2353 |
|        1 |        125 |           991.10 |       991.10 |      1016.92 |                  5.82 |                    0.12 |    423 |    41.4404 |
|        1 |        126 |           991.10 |       991.10 |      1021.28 |                  6.03 |                    0.12 |    423 |    41.5166 |
|        1 |        127 |           991.10 |       991.10 |      1020.10 |                  4.40 |                    0.13 |    424 |    41.5861 |
|        1 |        128 |           991.10 |       991.10 |      1034.80 |                  2.87 |                    0.12 |    426 |    41.6634 |
|        1 |        129 |           991.10 |       991.10 |      1027.70 |                  2.27 |                    0.15 |    428 |    41.7574 |
|        1 |        130 |           991.10 |       991.10 |      1021.08 |                  1.87 |                    0.11 |    428 |    41.8248 |
|        1 |        131 |           991.10 |       991.10 |      1016.51 |                  3.75 |                    0.20 |    428 |    42.0013 |
|        1 |        132 |           991.10 |       991.10 |      1019.20 |                  2.50 |                    0.13 |    428 |    42.0787 |
|        1 |        133 |           991.10 |       991.10 |      1019.17 |                  4.32 |                    0.23 |    428 |    42.1330 |
|        1 |        134 |           991.10 |       991.10 |      1020.50 |                  2.14 |                    0.10 |    428 |    42.1928 |
|        1 |        135 |           991.10 |       991.10 |      1019.47 |                  1.79 |                    0.10 |    428 |    42.2803 |
|        1 |        136 |           991.10 |       991.10 |      1015.92 |                  3.66 |                    0.21 |    428 |    42.3559 |
|        1 |        137 |           991.10 |       991.10 |      1017.70 |                  3.78 |                    0.20 |    428 |    42.4733 |
|        1 |        138 |           991.10 |       991.10 |      1017.13 |                  2.78 |                    0.13 |    428 |    42.5977 |
|        1 |        139 |           991.10 |       991.10 |      1016.64 |                  1.98 |                    0.11 |    428 |    42.6750 |
|        1 |        140 |           991.10 |       991.10 |      1016.00 |                  4.91 |                    0.27 |    429 |    42.7514 |
|        1 |        141 |           991.10 |       991.10 |      1023.10 |                  2.40 |                    0.12 |    429 |    42.8315 |
|        1 |        142 |           991.10 |       991.10 |      1023.10 |                  3.35 |                    0.14 |    429 |    42.9227 |
|        1 |        143 |           991.10 |       991.10 |       993.11 |                  4.76 |                    0.24 |    430 |    43.0264 |
|        1 |        144 |           991.10 |       991.10 |      1020.83 |                  2.28 |                    0.11 |    430 |    43.2516 |
|        1 |        145 |           991.10 |       991.10 |      1000.40 |                  4.58 |                    0.24 |    430 |    43.4597 |
|        1 |        146 |           991.10 |       991.10 |      1023.86 |                  6.37 |                    0.34 |    431 |    43.5981 |
|        1 |        147 |           991.10 |       991.10 |      1010.91 |                  4.43 |                    0.22 |    431 |    43.7776 |
|        1 |        148 |           991.10 |       991.10 |      1052.40 |                  3.02 |                    0.15 |    435 |    43.8439 |
|        1 |        149 |           991.10 |       991.10 |      1052.40 |                  5.41 |                    0.27 |    435 |    43.9335 |
|        1 |        150 |           991.10 |       991.10 |      1052.40 |                  4.49 |                    0.23 |    435 |    44.0087 |
|        1 |        151 |           991.10 |       991.10 |      1020.31 |                  3.68 |                    0.18 |    435 |    44.1108 |
|        1 |        152 |           991.10 |       991.10 |      1031.40 |                  7.65 |                    0.20 |    436 |    44.2354 |
|        1 |        153 |           991.10 |       991.10 |      1013.80 |                  5.16 |                    0.14 |    437 |    44.4369 |
|        1 |        154 |           991.10 |       991.10 |      1052.73 |                  4.00 |                    0.11 |    437 |    44.5056 |
|        1 |        155 |           991.10 |       991.10 |      1060.07 |                  4.86 |                    0.13 |    438 |    44.5779 |
|        1 |        156 |           991.10 |       991.10 |      1018.46 |                  4.37 |                    0.12 |    438 |    44.7958 |
|        1 |        157 |           991.10 |       991.10 |      1013.89 |                  5.50 |                    0.12 |    438 |    44.9744 |
|        1 |        158 |           991.10 |       991.10 |      1013.31 |                  7.09 |                    0.15 |    438 |    45.0394 |
|        1 |        159 |           991.10 |       991.10 |      1017.42 |                  7.33 |                    0.17 |    438 |    45.1386 |
|        1 |        160 |           991.10 |       991.10 |      1015.94 |                  4.19 |                    0.12 |    438 |    45.2907 |
|        1 |        161 |           991.10 |       991.10 |      1011.87 |                  6.70 |                    0.19 |    438 |    45.4380 |
|        1 |        162 |           991.10 |       991.10 |      1024.10 |                  5.62 |                    0.14 |    438 |    45.5323 |
|        1 |        163 |           991.10 |       991.10 |      1038.31 |                  5.69 |                    0.15 |    440 |    45.6256 |
|        1 |        164 |           991.10 |       991.10 |      1035.34 |                  4.77 |                    0.12 |    440 |    45.7223 |
|        1 |        165 |           991.10 |       991.10 |      1036.93 |                  5.73 |                    0.14 |    440 |    45.8341 |
|        1 |        166 |           991.10 |       991.10 |      1013.27 |                  3.92 |                    0.10 |    440 |    45.9720 |
|        1 |        167 |           991.10 |       991.10 |      1003.13 |                  5.66 |                    0.12 |    440 |    46.1478 |
|        1 |        168 |           991.10 |       991.10 |      1000.02 |                  3.84 |                    0.12 |    440 |    46.2578 |
|        1 |        169 |           991.10 |       991.10 |       998.28 |                  5.00 |                    0.10 |    440 |    46.3535 |
|        1 |        170 |           991.10 |       991.10 |      1006.87 |                  5.77 |                    0.13 |    440 |    46.4312 |
|        1 |        171 |           991.10 |       991.10 |      1004.74 |                  5.40 |                    0.12 |    440 |    46.5373 |
|        1 |        172 |           991.10 |       991.10 |      1002.67 |                  5.26 |                    0.12 |    440 |    46.6173 |
|        1 |        173 |           991.10 |       991.10 |      1015.90 |                  4.50 |                    0.11 |    441 |    46.7282 |
|        1 |        174 |           991.10 |       991.10 |      1007.77 |                  8.22 |                    0.10 |    441 |    46.8228 |
|        1 |        175 |           991.10 |       991.10 |      1049.80 |                  5.99 |                    0.12 |    441 |    46.9145 |
|        1 |        176 |           991.10 |       991.10 |      1036.35 |                  5.22 |                    0.11 |    442 |    47.0226 |
|        1 |        177 |           991.10 |       991.10 |      1034.62 |                  5.34 |                    0.11 |    442 |    47.1276 |
|        1 |        178 |           991.10 |       991.10 |      1034.29 |                  6.16 |                    0.13 |    442 |    47.2256 |
|        1 |        179 |           991.10 |       991.10 |      1045.70 |                  9.53 |                    0.20 |    442 |    47.2819 |
|        1 |        180 |           991.10 |       991.10 |      1051.00 |                  4.42 |                    0.10 |    445 |    47.4130 |
|        1 |        181 |           991.10 |       991.10 |      1029.90 |                  5.13 |                    0.15 |    445 |    47.5671 |
|        1 |        182 |           991.10 |       991.10 |      1029.90 |                  3.07 |                    0.10 |    445 |    47.6333 |
|        1 |        183 |           991.10 |       991.10 |      1022.40 |                  5.24 |                    0.14 |    445 |    47.8325 |
|        1 |        184 |           991.10 |       991.10 |      1022.70 |                  2.36 |                    0.11 |    445 |    47.9223 |
|        1 |        185 |           991.10 |       991.10 |       999.78 |                  5.02 |                    0.22 |    445 |    48.0212 |
|        1 |        186 |           991.10 |       991.10 |      1020.24 |                  3.35 |                    0.14 |    445 |    48.0876 |
|        1 |        187 |           991.10 |       991.10 |       995.21 |                  6.65 |                    0.22 |    445 |    48.2791 |
|        1 |        188 |           991.10 |       991.10 |      1007.80 |                  5.93 |                    0.14 |    445 |    48.3607 |
|        1 |        189 |           991.10 |       991.10 |       998.47 |                  4.53 |                    0.13 |    445 |    48.4766 |
|        1 |        190 |           991.10 |       991.10 |       996.93 |                  3.87 |                    0.10 |    445 |    48.5672 |
|        1 |        191 |           991.10 |       991.10 |      1001.45 |                  5.00 |                    0.12 |    445 |    48.6395 |
|        1 |        192 |           991.10 |       991.10 |      1010.70 |                  4.71 |                    0.13 |    450 |    48.7752 |
|        1 |        193 |           991.10 |       991.10 |      1008.07 |                  3.28 |                    0.11 |    452 |    48.9497 |
|        1 |        194 |           991.10 |       991.10 |      1004.20 |                  2.64 |                    0.10 |    454 |    49.0284 |
|        1 |        195 |           991.10 |       991.10 |      1003.38 |                  3.56 |                    0.17 |    456 |    49.1980 |
|        1 |        196 |           991.10 |       991.10 |      1003.50 |                  1.66 |                    0.11 |    457 |    49.2670 |
|        1 |        197 |           991.10 |       991.10 |      1005.16 |                  4.13 |                    0.25 |    457 |    49.3635 |
|        1 |        198 |           991.10 |       991.10 |      1008.00 |                  3.94 |                    0.24 |    457 |    49.4463 |
|        1 |        199 |           991.10 |       991.10 |      1006.40 |                  3.08 |                    0.18 |    459 |    49.5544 |
|        1 |        200 |           991.10 |       991.10 |      1006.40 |                  4.66 |                    0.27 |    459 |    49.6394 |
|        1 |        201 |           991.10 |       991.10 |       998.30 |                  1.62 |                    0.10 |    461 |    49.7406 |
|        1 |        202 |           991.10 |       991.10 |       995.39 |                  2.79 |                    0.17 |    461 |    49.8173 |
|        1 |        203 |           991.10 |       991.10 |       998.19 |                  2.31 |                    0.13 |    461 |    49.9102 |
|        1 |        204 |           991.10 |       991.10 |       996.30 |                  2.13 |                    0.12 |    461 |    49.9673 |
|        1 |        205 |           991.10 |       991.10 |       996.54 |                  2.89 |                    0.16 |    461 |    50.0201 |
|        1 |        206 |           991.10 |       991.10 |      1008.70 |                  2.00 |                    0.11 |    461 |    50.0947 |
|        1 |        207 |           991.10 |       991.10 |      1008.48 |                  2.14 |                    0.12 |    462 |    50.1820 |
|        1 |        208 |           991.10 |       991.10 |       997.38 |                  2.37 |                    0.10 |    462 |    50.2743 |
|        1 |        209 |           991.10 |       991.10 |      1005.70 |                  4.63 |                    0.21 |    463 |    50.4019 |
|        1 |        210 |           991.10 |       991.10 |      1004.70 |                  2.47 |                    0.11 |    464 |    50.5501 |
|        1 |        211 |           991.10 |       991.10 |      1008.80 |                  1.18 |                    0.10 |    465 |    50.6282 |
|        1 |        212 |           991.10 |       991.10 |      1008.80 |                  0.79 |                    0.11 |    465 |    50.6831 |
|        1 |        213 |           991.10 |       991.10 |      1011.16 |                  2.38 |                    0.25 |    466 |    50.7639 |
|        1 |        214 |           991.10 |       991.10 |      1008.40 |                  1.00 |                    0.11 |    466 |    50.8502 |
|        1 |        215 |           991.10 |       991.10 |       997.89 |                  1.71 |                    0.18 |    466 |    50.9442 |
|        1 |        216 |           991.10 |       991.10 |      1003.15 |                  3.39 |                    0.36 |    466 |    51.0104 |
|        1 |        217 |           991.10 |       991.10 |      1026.40 |                  1.50 |                    0.16 |    468 |    51.1175 |
|        1 |        218 |           991.10 |       991.10 |       999.97 |                  1.94 |                    0.19 |    468 |    51.2684 |
|        1 |        219 |           991.10 |       991.10 |      1001.66 |                  3.03 |                    0.29 |    468 |    51.3342 |
|        1 |        220 |           991.10 |       991.10 |      1002.40 |                  2.12 |                    0.20 |    468 |    51.4026 |
|        1 |        221 |           991.10 |       991.10 |      1000.43 |                  2.36 |                    0.21 |    468 |    51.4922 |
|        1 |        222 |           991.10 |       991.10 |      1009.92 |                  2.12 |                    0.18 |    469 |    51.7059 |
|        1 |        223 |           991.10 |       991.10 |      1000.31 |                  2.58 |                    0.21 |    470 |    51.8891 |
|        1 |        224 |           991.10 |       991.10 |      1057.24 |                  4.86 |                    0.40 |    472 |    52.0262 |
|        1 |        225 |           991.10 |       991.10 |      1032.49 |                  4.70 |                    0.37 |    475 |    52.2488 |
|        1 |        226 |           991.10 |       991.10 |      1031.68 |                  3.79 |                    0.26 |    475 |    52.3113 |
|        1 |        227 |           991.10 |       991.10 |      1039.80 |                  2.13 |                    0.13 |    478 |    52.4041 |
|        1 |        228 |           991.10 |       991.10 |      1013.58 |                  5.58 |                    0.35 |    478 |    52.5089 |
|        1 |        229 |           991.10 |       991.10 |      1015.17 |                  3.86 |                    0.23 |    478 |    52.6361 |
|        1 |        230 |           991.10 |       991.10 |      1019.90 |                  2.90 |                    0.16 |    478 |    52.7314 |
|        1 |        231 |           991.10 |       991.10 |      1019.90 |                  2.46 |                    0.14 |    478 |    52.8035 |
|        1 |        232 |           991.10 |       991.10 |      1019.40 |                  1.69 |                    0.12 |    478 |    52.8696 |
|        1 |        233 |           991.10 |       991.10 |      1005.08 |                  3.42 |                    0.12 |    478 |    52.9509 |
|        1 |        234 |           991.10 |       991.10 |      1045.00 |                  7.19 |                    0.27 |    479 |    53.0499 |
|        1 |        235 |           991.10 |       991.10 |      1024.00 |                  5.38 |                    0.10 |    479 |    53.1898 |
|        1 |        236 |           991.10 |       991.10 |      1021.90 |                  1.97 |                    0.10 |    479 |    53.2697 |
|        1 |        237 |           991.10 |       991.10 |       994.84 |                  1.89 |                    0.15 |    479 |    53.4096 |
|        1 |        238 |           991.10 |       991.10 |      1001.66 |                  4.24 |                    0.34 |    479 |    53.4706 |
|        1 |        239 |           991.10 |       991.10 |      1001.48 |                  3.48 |                    0.24 |    480 |    53.6015 |
|        1 |        240 |           991.10 |       991.10 |       999.76 |                  4.62 |                    0.32 |    480 |    53.6867 |
|        1 |        241 |           991.10 |       991.10 |      1017.00 |                  2.68 |                    0.18 |    480 |    53.7653 |
|        1 |        242 |           991.10 |       991.10 |      1047.51 |                  8.58 |                    0.58 |    482 |    53.8609 |
|        1 |        243 |           991.10 |       991.10 |      1015.10 |                  3.14 |                    0.21 |    482 |    53.9579 |
|        1 |        244 |           991.10 |       991.10 |      1010.20 |                  3.06 |                    0.21 |    482 |    54.0434 |
|        1 |        245 |           991.10 |       991.10 |       997.23 |                  3.10 |                    0.21 |    482 |    54.1319 |
|        1 |        246 |           991.10 |       991.10 |      1002.04 |                  3.03 |                    0.20 |    482 |    54.1810 |
|        1 |        247 |           991.10 |       991.10 |      1001.07 |                  3.07 |                    0.17 |    482 |    54.2658 |
|        1 |        248 |           991.10 |       991.10 |       999.16 |                  3.31 |                    0.18 |    482 |    54.3451 |
|        1 |        249 |           991.10 |       991.10 |       995.04 |                  4.81 |                    0.24 |    482 |    54.4255 |
|        1 |        250 |           991.10 |       991.10 |      1007.50 |                  3.68 |                    0.16 |    486 |    54.5317 |
|        1 |        251 |           991.10 |       991.10 |      1007.34 |                  5.52 |                    0.24 |    486 |    54.6057 |
|        1 |        252 |           991.10 |       991.10 |      1007.50 |                  2.70 |                    0.11 |    486 |    54.6872 |
|        1 |        253 |           991.10 |       991.10 |      1004.66 |                  3.34 |                    0.10 |    487 |    54.7781 |
|        1 |        254 |           991.10 |       991.10 |      1004.79 |                  4.62 |                    0.15 |    487 |    54.8610 |
|        1 |        255 |           991.10 |       991.10 |      1003.09 |                  2.98 |                    0.12 |    487 |    54.9863 |
|        1 |        256 |           991.10 |       991.10 |      1000.03 |                  5.13 |                    0.21 |    487 |    55.0774 |
|        1 |        257 |           991.10 |       991.10 |       996.71 |                  4.09 |                    0.17 |    487 |    55.1802 |
|        1 |        258 |           991.10 |       991.10 |       996.94 |                  7.45 |                    0.11 |    487 |    55.3355 |
|        1 |        259 |           991.10 |       991.10 |      1008.20 |                  5.49 |                    0.11 |    488 |    55.4128 |
|        1 |        260 |           991.10 |       991.10 |       999.57 |                  7.90 |                    0.16 |    488 |    55.4764 |
|        1 |        261 |           991.10 |       991.10 |      1024.80 |                  3.26 |                    0.10 |    492 |    55.5438 |
|        1 |        262 |           991.10 |       991.10 |      1039.12 |                  7.60 |                    0.23 |    493 |    55.6154 |
|        1 |        263 |           991.10 |       991.10 |      1010.45 |                  5.84 |                    0.17 |    495 |    55.8180 |
|        1 |        264 |           991.10 |       991.10 |      1015.42 |                  4.88 |                    0.14 |    495 |    55.9370 |
|        1 |        265 |           991.10 |       991.10 |      1008.25 |                  5.98 |                    0.13 |    495 |    56.0463 |
|        1 |        266 |           991.10 |       991.10 |      1011.45 |                  4.95 |                    0.14 |    495 |    56.1882 |
|        1 |        267 |           991.10 |       991.10 |      1009.58 |                  4.10 |                    0.11 |    495 |    56.2811 |
|        1 |        268 |           991.10 |       991.10 |      1006.59 |                  5.46 |                    0.15 |    495 |    56.3432 |
|        1 |        269 |           991.10 |       991.10 |      1015.06 |                  5.07 |                    0.14 |    495 |    56.4023 |
|        1 |        270 |           991.10 |       991.10 |      1012.33 |                  4.44 |                    0.12 |    495 |    56.4584 |
|        1 |        271 |           991.10 |       991.10 |      1007.45 |                  4.19 |                    0.12 |    495 |    56.5482 |
|        1 |        272 |           991.10 |       991.10 |      1019.80 |                  2.91 |                    0.12 |    497 |    56.7803 |
|        1 |        273 |           991.10 |       991.10 |      1019.80 |                  3.94 |                    0.17 |    497 |    56.8462 |
|        1 |        274 |           991.10 |       991.10 |      1019.80 |                  6.94 |                    0.30 |    497 |    56.9094 |
|        1 |        275 |           991.10 |       991.10 |      1019.80 |                  5.87 |                    0.24 |    497 |    57.0160 |
|        1 |        276 |           991.10 |       991.10 |      1022.40 |                  4.92 |                    0.10 |    497 |    57.1120 |
|        1 |        277 |           991.10 |       991.10 |      1022.40 |                  7.10 |                    0.18 |    497 |    57.1757 |
|        1 |        278 |           991.10 |       991.10 |      1022.40 |                  2.90 |                    0.10 |    497 |    57.2517 |
|        1 |        279 |           991.10 |       991.10 |      1017.30 |                  2.20 |                    0.11 |    497 |    57.3635 |
|        1 |        280 |           991.10 |       991.10 |      1001.17 |                  4.06 |                    0.19 |    497 |    57.4547 |
|        1 |        281 |           991.10 |       991.10 |      1017.60 |                  4.37 |                    0.12 |    497 |    57.5468 |
|        1 |        282 |           991.10 |       991.10 |      1008.23 |                  8.21 |                    0.27 |    498 |    57.6670 |
|        1 |        283 |           991.10 |       991.10 |      1009.00 |                  4.53 |                    0.12 |    498 |    57.7370 |
|        1 |        284 |           991.10 |       991.10 |      1008.93 |                  6.84 |                    0.22 |    498 |    57.8317 |
|        1 |        285 |           991.10 |       991.10 |      1009.00 |                  4.22 |                    0.10 |    498 |    57.8891 |
|        1 |        286 |           991.10 |       991.10 |      1010.30 |                  2.70 |                    0.10 |    499 |    57.9565 |
|        1 |        287 |           991.10 |       991.10 |      1009.49 |                  6.24 |                    0.23 |    499 |    58.0236 |
|        1 |        288 |           991.10 |       991.10 |      1044.20 |                  3.30 |                    0.10 |    501 |    58.1202 |
|        1 |        289 |           991.10 |       991.10 |      1017.05 |                  1.87 |                    0.10 |    503 |    58.2107 |
|        1 |        290 |           991.10 |       991.10 |      1013.10 |                  1.00 |                    0.10 |    504 |    58.3219 |
|        1 |        291 |           991.10 |       991.10 |      1013.10 |                  1.36 |                    0.17 |    504 |    58.3852 |
|        1 |        292 |           991.10 |       991.10 |      1013.10 |                  1.29 |                    0.15 |    504 |    58.4833 |
|        1 |        293 |           991.10 |       991.10 |      1013.10 |                  2.06 |                    0.24 |    504 |    58.5707 |
|        1 |        294 |           991.10 |       991.10 |      1013.10 |                  1.52 |                    0.18 |    504 |    58.6467 |
|        1 |        295 |           991.10 |       991.10 |      1032.80 |                  2.76 |                    0.32 |    505 |    58.7017 |
|        1 |        296 |           991.10 |       991.10 |      1019.60 |                  3.03 |                    0.10 |    505 |    58.7827 |
|        1 |        297 |           991.10 |       991.10 |      1019.60 |                  2.23 |                    0.13 |    505 |    58.8611 |
|        1 |        298 |           991.10 |       991.10 |      1018.93 |                  2.42 |                    0.12 |    506 |    58.9664 |
|        1 |        299 |           991.10 |       991.10 |      1017.49 |                  7.02 |                    0.10 |    507 |    59.0479 |
|        1 |        300 |           991.10 |       991.10 |      1031.00 |                  4.23 |                    0.11 |    509 |    59.1732 |
|        1 |        301 |           991.10 |       991.10 |      1031.00 |                  2.01 |                    0.10 |    509 |    59.2403 |
|        1 |        302 |           991.10 |       991.10 |      1026.99 |                  2.44 |                    0.13 |    510 |    59.3144 |
|        1 |        303 |           991.10 |       991.10 |      1072.69 |                  6.34 |                    0.10 |    511 |    59.3843 |
|        1 |        304 |           991.10 |       991.10 |      1062.40 |                  4.10 |                    0.10 |    513 |    59.4578 |
|        1 |        305 |           991.10 |       991.10 |      1031.00 |                  5.44 |                    0.17 |    513 |    59.5486 |
|        1 |        306 |           991.10 |       991.10 |      1031.00 |                  2.59 |                    0.10 |    513 |    59.6073 |
|        1 |        307 |           991.10 |       991.10 |      1025.14 |                  3.54 |                    0.15 |    514 |    59.6982 |
|        1 |        308 |           991.10 |       991.10 |      1055.93 |                  8.84 |                    0.39 |    515 |    59.7654 |
|        1 |        309 |           991.10 |       991.10 |      1032.10 |                  2.67 |                    0.11 |    516 |    59.8534 |
------------------------------------------------------------------------------------------------------------------------------------------------
|  Restart |  Iteration |  Best Feas. Cost |    Best Cost |   Curr. Cost |   Penalty Custom Res. |   Penalty Standard Res. |   Pool |   Time (s) |
------------------------------------------------------------------------------------------------------------------------------------------------
|        1 |        310 |           991.10 |       991.10 |      1019.05 |                  3.29 |                    0.17 |    518 |    60.0275 |
|        1 |        311 |           991.10 |       991.10 |      1026.30 |                  1.99 |                    0.11 |    519 |    60.1910 |
|        1 |        312 |           991.10 |       991.10 |      1020.79 |                  3.53 |                    0.19 |    520 |    60.3257 |
|        1 |        313 |           991.10 |       991.10 |      1040.25 |                  4.07 |                    0.18 |    522 |    60.4156 |
|        1 |        314 |           991.10 |       991.10 |      1023.36 |                  4.18 |                    0.19 |    523 |    60.6131 |
|        1 |        315 |           991.10 |       991.10 |      1019.64 |                  2.95 |                    0.13 |    524 |    60.7491 |
|        1 |        316 |           991.10 |       991.10 |      1028.42 |                  5.73 |                    0.24 |    524 |    60.8119 |
|        1 |        317 |           991.10 |       991.10 |      1023.67 |                  4.92 |                    0.20 |    527 |    60.9713 |
|        1 |        318 |           991.10 |       991.10 |      1047.90 |                  4.47 |                    0.18 |    530 |    61.0463 |
|        1 |        319 |           991.10 |       991.10 |      1034.12 |                  6.49 |                    0.22 |    530 |    61.1498 |
|        1 |        320 |           991.10 |       991.10 |      1047.10 |                  3.73 |                    0.12 |    530 |    61.2113 |
|        1 |        321 |           991.10 |       991.10 |      1047.10 |                  6.37 |                    0.20 |    530 |    61.2800 |
|        1 |        322 |           991.10 |       991.10 |      1033.90 |                  4.78 |                    0.15 |    530 |    61.3690 |
|        1 |        323 |           991.10 |       991.10 |      1020.07 |                  5.36 |                    0.10 |    531 |    61.4592 |
|        1 |        324 |           991.10 |       991.10 |      1035.70 |                  8.42 |                    0.17 |    531 |    61.5548 |
|        1 |        325 |           991.10 |       991.10 |      1035.70 |                  5.03 |                    0.14 |    531 |    61.6429 |
|        1 |        326 |           991.10 |       991.10 |      1035.70 |                  3.38 |                    0.10 |    531 |    61.7233 |
|        1 |        327 |           991.10 |       991.10 |      1013.43 |                  4.51 |                    0.13 |    533 |    61.8963 |
|        1 |        328 |           991.10 |       991.10 |      1013.56 |                  4.40 |                    0.15 |    534 |    61.9778 |
|        1 |        329 |           991.10 |       991.10 |      1012.16 |                  3.61 |                    0.12 |    534 |    62.0691 |
|        1 |        330 |           991.10 |       991.10 |      1015.44 |                  5.25 |                    0.11 |    535 |    62.1671 |
|        1 |        331 |           991.10 |       991.10 |      1017.82 |                  5.59 |                    0.13 |    535 |    62.2808 |
|        1 |        332 |           991.10 |       991.10 |      1018.30 |                  5.71 |                    0.11 |    535 |    62.3767 |
|        1 |        333 |           991.10 |       991.10 |      1025.54 |                  4.29 |                    0.10 |    535 |    62.4580 |
|        1 |        334 |           991.10 |       991.10 |      1017.51 |                  5.43 |                    0.10 |    536 |    62.5331 |
|        1 |        335 |           991.10 |       991.10 |      1019.26 |                  5.44 |                    0.12 |    536 |    62.6407 |
|        1 |        336 |           991.10 |       991.10 |      1019.65 |                  5.50 |                    0.12 |    536 |    62.7578 |
|        1 |        337 |           991.10 |       991.10 |      1019.37 |                  6.48 |                    0.14 |    536 |    62.8529 |
|        1 |        338 |           991.10 |       991.10 |      1030.00 |                  6.57 |                    0.14 |    536 |    62.9386 |
|        1 |        339 |           991.10 |       991.10 |      1030.00 |                  6.10 |                    0.13 |    536 |    63.0097 |
|        1 |        340 |           991.10 |       991.10 |      1017.07 |                  5.99 |                    0.16 |    536 |    63.1280 |
|        1 |        341 |           991.10 |       991.10 |      1026.24 |                  5.00 |                    0.14 |    538 |    63.2679 |
|        1 |        342 |           991.10 |       991.10 |      1035.45 |                  6.14 |                    0.10 |    538 |    63.3414 |
|        1 |        343 |           991.10 |       991.10 |      1052.00 |                  4.48 |                    0.13 |    541 |    63.4181 |
|        1 |        344 |           991.10 |       991.10 |      1060.25 |                  3.69 |                    0.11 |    544 |    63.4778 |
|        1 |        345 |           991.10 |       991.10 |      1052.54 |                  4.65 |                    0.14 |    546 |    63.5830 |
|        1 |        346 |           991.10 |       991.10 |      1056.64 |                  3.47 |                    0.10 |    548 |    63.6475 |
|        1 |        347 |           991.10 |       991.10 |      1043.70 |                  5.78 |                    0.17 |    550 |    63.7833 |
|        1 |        348 |           991.10 |       991.10 |      1042.45 |                  5.35 |                    0.16 |    550 |    63.8648 |
|        1 |        349 |           991.10 |       991.10 |      1022.63 |                  6.73 |                    0.20 |    551 |    64.0128 |
|        1 |        350 |           991.10 |       991.10 |      1025.03 |                  2.97 |                    0.10 |    551 |    64.1110 |
|        1 |        351 |           991.10 |       991.10 |      1017.31 |                  6.79 |                    0.23 |    551 |    64.1818 |
|        1 |        352 |           991.10 |       991.10 |      1017.83 |                  4.49 |                    0.12 |    551 |    64.3927 |
|        1 |        353 |           991.10 |       991.10 |      1015.80 |                  3.41 |                    0.10 |    551 |    64.4745 |
|        1 |        354 |           991.10 |       991.10 |      1012.49 |                  6.50 |                    0.19 |    551 |    64.5234 |
|        1 |        355 |           991.10 |       991.10 |      1023.35 |                  4.25 |                    0.12 |    551 |    64.5973 |
|        1 |        356 |           991.10 |       991.10 |      1025.43 |                  5.49 |                    0.16 |    551 |    64.6643 |
|        1 |        357 |           991.10 |       991.10 |      1022.22 |                  5.14 |                    0.15 |    551 |    64.7405 |
|        1 |        358 |           991.10 |       991.10 |      1011.95 |                  5.69 |                    0.17 |    551 |    64.8497 |
|        1 |        359 |           991.10 |       991.10 |      1018.59 |                  4.59 |                    0.13 |    551 |    64.9211 |
|        1 |        360 |           991.10 |       991.10 |      1016.38 |                  4.66 |                    0.13 |    551 |    64.9830 |
|        1 |        361 |           991.10 |       991.10 |      1016.11 |                  4.92 |                    0.14 |    551 |    65.0622 |
|        1 |        362 |           991.10 |       991.10 |      1025.10 |                  5.63 |                    0.16 |    551 |    65.1428 |
|        1 |        363 |           991.10 |       991.10 |      1016.56 |                  3.23 |                    0.10 |    551 |    65.2393 |
|        1 |        364 |           991.10 |       991.10 |      1010.48 |                  5.85 |                    0.18 |    551 |    65.3068 |
|        1 |        365 |           991.10 |       991.10 |      1006.92 |                  4.43 |                    0.14 |    552 |    65.4205 |
|        1 |        366 |           991.10 |       991.10 |      1008.46 |                  5.76 |                    0.18 |    552 |    65.5263 |
|        1 |        367 |           991.10 |       991.10 |      1017.09 |                  6.21 |                    0.20 |    552 |    65.5951 |
|        1 |        368 |           991.10 |       991.10 |      1021.60 |                  3.03 |                    0.13 |    552 |    65.6921 |
|        1 |        369 |           991.10 |       991.10 |      1006.38 |                  3.72 |                    0.11 |    552 |    65.7592 |
|        1 |        370 |           991.10 |       991.10 |      1008.99 |                  4.34 |                    0.13 |    552 |    65.8424 |
|        1 |        371 |           991.10 |       991.10 |      1011.99 |                  4.97 |                    0.13 |    552 |    65.9111 |
|        1 |        372 |           991.10 |       991.10 |      1022.10 |                  5.62 |                    0.15 |    553 |    66.0094 |
|        1 |        373 |           991.10 |       991.10 |      1022.10 |                  3.23 |                    0.12 |    553 |    66.0755 |
|        1 |        374 |           991.10 |       991.10 |      1007.79 |                  3.74 |                    0.13 |    553 |    66.1379 |
|        1 |        375 |           991.10 |       991.10 |      1011.84 |                  4.36 |                    0.16 |    553 |    66.2123 |
|        1 |        376 |           991.10 |       991.10 |      1013.68 |                  4.09 |                    0.15 |    553 |    66.2702 |
|        1 |        377 |           991.10 |       991.10 |      1011.05 |                  3.87 |                    0.14 |    553 |    66.3478 |
|        1 |        378 |           991.10 |       991.10 |      1009.29 |                  4.80 |                    0.17 |    553 |    66.4203 |
|        1 |        379 |           991.10 |       991.10 |      1013.92 |                  4.73 |                    0.17 |    553 |    66.4954 |
|        1 |        380 |           991.10 |       991.10 |      1011.84 |                  2.65 |                    0.10 |    553 |    66.5953 |
|        1 |        381 |           991.10 |       991.10 |      1006.42 |                  4.31 |                    0.16 |    555 |    66.6536 |
|        1 |        382 |           991.10 |       991.10 |      1029.60 |                  4.08 |                    0.16 |    557 |    66.7328 |
|        1 |        383 |           991.10 |       991.10 |      1017.76 |                  4.76 |                    0.19 |    558 |    66.8324 |
|        1 |        384 |           991.10 |       991.10 |      1061.49 |                  3.54 |                    0.14 |    558 |    66.9099 |
|        1 |        385 |           991.10 |       991.10 |      1051.66 |                  3.74 |                    0.15 |    558 |    66.9797 |
|        1 |        386 |           991.10 |       991.10 |      1056.14 |                  4.11 |                    0.17 |    558 |    67.0444 |
|        1 |        387 |           991.10 |       991.10 |      1008.69 |                  7.63 |                    0.31 |    558 |    67.2318 |
|        1 |        388 |           991.10 |       991.10 |      1027.23 |                  4.73 |                    0.14 |    559 |    67.3218 |
|        1 |        389 |           991.10 |       991.10 |      1041.91 |                  4.85 |                    0.14 |    559 |    67.4163 |
|        1 |        390 |           991.10 |       991.10 |      1051.70 |                  5.61 |                    0.17 |    559 |    67.4843 |
|        1 |        391 |           991.10 |       991.10 |      1040.31 |                  5.25 |                    0.13 |    559 |    67.5598 |
|        1 |        392 |           991.10 |       991.10 |      1044.90 |                  7.26 |                    0.10 |    562 |    67.6446 |
|        1 |        393 |           991.10 |       991.10 |      1044.90 |                  4.74 |                    0.10 |    562 |    67.7230 |
|        1 |        394 |           991.10 |       991.10 |      1060.87 |                  2.34 |                    0.10 |    564 |    67.8137 |
|        1 |        395 |           991.10 |       991.10 |      1032.04 |                  4.12 |                    0.18 |    564 |    67.8827 |
|        1 |        396 |           991.10 |       991.10 |      1039.34 |                  4.67 |                    0.20 |    568 |    68.0900 |
|        1 |        397 |           991.10 |       991.10 |      1028.65 |                  3.21 |                    0.13 |    571 |    68.2871 |
|        1 |        398 |           991.10 |       991.10 |      1023.85 |                  4.15 |                    0.17 |    571 |    68.3405 |
|        1 |        399 |           991.10 |       991.10 |      1027.70 |                 10.66 |                    0.44 |    572 |    68.4180 |
|        1 |        400 |           991.10 |       991.10 |      1027.70 |                  6.83 |                    0.20 |    572 |    68.4801 |
|        1 |        401 |           991.10 |       991.10 |      1038.10 |                  5.60 |                    0.10 |    576 |    68.5978 |
|        1 |        402 |           991.10 |       991.10 |      1036.00 |                  5.99 |                    0.18 |    578 |    68.7568 |
|        1 |        403 |           991.10 |       991.10 |      1036.00 |                  4.84 |                    0.14 |    578 |    68.8228 |
|        1 |        404 |           991.10 |       991.10 |      1036.00 |                  5.48 |                    0.15 |    578 |    68.8812 |
|        1 |        405 |           991.10 |       991.10 |      1013.53 |                  4.81 |                    0.14 |    582 |    69.0339 |
|        1 |        406 |           991.10 |       991.10 |      1026.20 |                  4.60 |                    0.14 |    585 |    69.0968 |
|        1 |        407 |           991.10 |       991.10 |      1026.20 |                  7.33 |                    0.22 |    585 |    69.1689 |
|        1 |        408 |           991.10 |       991.10 |      1019.30 |                  3.27 |                    0.11 |    587 |    69.2562 |
|        1 |        409 |           991.10 |       991.10 |      1011.75 |                  7.32 |                    0.25 |    588 |    69.3172 |
|        1 |        410 |           991.10 |       991.10 |      1012.40 |                  2.90 |                    0.10 |    594 |    69.4181 |
|        1 |        411 |           991.10 |       987.45 |       987.45 |                  3.18 |                    0.13 |    597 |    69.5161 |
|        1 |        412 |           991.10 |       987.45 |       988.64 |                  4.03 |                    0.16 |    597 |    69.5611 |
|        1 |        413 |           991.10 |       987.45 |       992.75 |                  3.93 |                    0.14 |    597 |    69.6075 |
|        1 |        414 |           991.10 |       987.45 |       990.55 |                  6.39 |                    0.23 |    597 |    69.6764 |
|        1 |        415 |           991.10 |       987.45 |      1005.90 |                  3.46 |                    0.12 |    599 |    69.7376 |
|        1 |        416 |           991.10 |       984.57 |       984.57 |                  3.65 |                    0.20 |    599 |    69.8409 |
|        1 |        417 |           991.10 |       984.57 |       987.85 |                  3.57 |                    0.13 |    600 |    69.9999 |
|        1 |        418 |           991.10 |       984.57 |       991.30 |                  3.69 |                    0.12 |    601 |    70.0753 |
|        1 |        419 |           991.10 |       984.57 |       989.67 |                  5.05 |                    0.10 |    601 |    70.1606 |
|        1 |        420 |           991.10 |       984.57 |       998.20 |                  3.35 |                    0.10 |    605 |    70.3165 |
|        1 |        421 |           991.10 |       984.57 |       992.93 |                  5.65 |                    0.10 |    606 |    70.4089 |
|        1 |        422 |           991.10 |       984.57 |       996.18 |                  8.14 |                    0.15 |    606 |    70.4895 |
|        1 |        423 |           991.10 |       984.57 |       999.20 |                  7.01 |                    0.13 |    607 |    70.6273 |
|        1 |        424 |           991.10 |       984.57 |       994.10 |                  2.57 |                    0.10 |    607 |    70.7970 |
|        1 |        425 |           991.10 |       984.57 |       993.10 |                  7.77 |                    0.10 |    607 |    70.8736 |
|        1 |        426 |           991.10 |       984.57 |       994.20 |                  3.80 |                    0.10 |    607 |    70.9327 |
|        1 |        427 |           991.10 |       984.57 |       994.16 |                  4.29 |                    0.12 |    607 |    71.0507 |
|        1 |        428 |           991.10 |       984.57 |      1020.28 |                  7.07 |                    0.15 |    610 |    71.2086 |
|        1 |        429 |           991.10 |       984.57 |      1022.20 |                  7.22 |                    0.12 |    610 |    71.3503 |
|        1 |        430 |           991.10 |       984.57 |      1022.20 |                  3.98 |                    0.10 |    610 |    71.4352 |
|        1 |        431 |           991.10 |       984.57 |      1022.20 |                  4.83 |                    0.10 |    610 |    71.5271 |
|        1 |        432 |           991.10 |       984.57 |       996.10 |                 10.78 |                    0.27 |    612 |    71.6149 |
|        1 |          0 |           983.20 |       983.20 |       983.20 |                  5.27 |                    0.10 |    613 |    71.8392 |
|        1 |          1 |           983.20 |       980.27 |       980.27 |                  7.49 |                    0.12 |    614 |    71.9466 |
|        1 |          2 |           983.20 |       980.27 |       984.70 |                  6.29 |                    0.10 |    615 |    72.0124 |
|        1 |          3 |           983.20 |       980.27 |       982.31 |                  5.27 |                    0.10 |    615 |    72.1012 |
|        1 |          4 |           983.20 |       980.27 |       983.37 |                  4.79 |                    0.10 |    615 |    72.1869 |
|        1 |          5 |           983.20 |       980.27 |       992.63 |                  5.02 |                    0.10 |    617 |    72.2359 |
|        1 |          6 |           983.20 |       980.27 |       983.53 |                  4.94 |                    0.10 |    617 |    72.3005 |
|        1 |          7 |           983.20 |       980.27 |       984.67 |                  5.93 |                    0.15 |    617 |    72.4155 |
|        1 |          8 |           983.20 |       980.27 |       984.52 |                  6.26 |                    0.11 |    617 |    72.5014 |
|        1 |          9 |           983.20 |       980.27 |       984.62 |                  7.82 |                    0.15 |    617 |    72.5934 |
|        1 |         10 |           983.20 |       980.27 |       984.70 |                  6.37 |                    0.14 |    617 |    72.6620 |
|        1 |         11 |           983.20 |       980.27 |      1019.60 |                  6.79 |                    0.15 |    620 |    72.7572 |
|        1 |         12 |           983.20 |       980.27 |      1019.60 |                  6.17 |                    0.14 |    620 |    72.8279 |
|        1 |         13 |           983.20 |       980.27 |      1021.41 |                  5.78 |                    0.12 |    622 |    73.0514 |
|        1 |         14 |           983.20 |       980.27 |      1026.57 |                  5.98 |                    0.12 |    622 |    73.1327 |
|        1 |         15 |           983.20 |       980.27 |      1025.25 |                 13.90 |                    0.27 |    622 |    73.2265 |
|        1 |         16 |           983.20 |       980.27 |      1013.41 |                 10.60 |                    0.15 |    623 |    73.3737 |
|        1 |         17 |           983.20 |       980.27 |      1014.10 |                  6.72 |                    0.10 |    624 |    73.4532 |
|        1 |         18 |           983.20 |       980.27 |      1013.55 |                  4.34 |                    0.12 |    625 |    73.5602 |
|        1 |         19 |           983.20 |       980.27 |       993.10 |                  4.01 |                    0.11 |    627 |    73.8037 |
|        1 |         20 |           983.20 |       980.27 |      1027.20 |                  8.35 |                    0.17 |    629 |    73.9168 |
|        1 |         21 |           983.20 |       980.27 |      1003.70 |                  4.87 |                    0.10 |    631 |    74.0324 |
|        1 |         22 |           983.20 |       980.27 |      1001.83 |                  5.05 |                    0.10 |    631 |    74.1024 |
|        1 |         23 |           983.20 |       980.27 |      1008.20 |                  3.01 |                    0.11 |    633 |    74.1940 |
|        1 |         24 |           983.20 |       980.27 |      1020.08 |                  3.98 |                    0.20 |    635 |    74.3347 |
|        1 |         25 |           983.20 |       980.27 |      1049.71 |                  3.84 |                    0.10 |    641 |    74.4276 |
|        1 |         26 |           983.20 |       980.27 |      1048.97 |                  3.78 |                    0.10 |    641 |    74.4955 |
|        1 |         27 |           983.20 |       980.27 |      1044.22 |                  2.70 |                    0.10 |    643 |    74.5821 |
|        1 |         28 |           983.20 |       980.27 |      1041.90 |                  2.13 |                    0.10 |    646 |    74.6802 |
|        1 |         29 |           983.20 |       980.27 |      1062.90 |                  6.42 |                    0.21 |    649 |    74.8103 |
|        1 |         30 |           983.20 |       980.27 |      1054.58 |                  7.09 |                    0.21 |    649 |    74.9620 |
|        1 |         31 |           983.20 |       980.27 |      1054.52 |                  3.95 |                    0.12 |    649 |    75.0512 |
|        1 |         32 |           983.20 |       980.27 |      1042.62 |                  9.72 |                    0.27 |    649 |    75.1848 |
|        1 |         33 |           983.20 |       980.27 |      1049.30 |                  3.21 |                    0.10 |    650 |    75.2916 |
|        1 |         34 |           983.20 |       980.27 |      1041.01 |                  6.70 |                    0.21 |    650 |    75.3664 |
|        1 |         35 |           983.20 |       980.27 |      1048.81 |                  5.34 |                    0.17 |    650 |    75.4610 |
|        1 |         36 |           983.20 |       980.27 |      1006.61 |                  4.73 |                    0.15 |    650 |    75.7701 |
|        1 |         37 |           983.20 |       980.27 |      1006.06 |                  6.10 |                    0.17 |    650 |    75.8506 |
|        1 |         38 |           983.20 |       980.27 |       998.63 |                  2.12 |                    0.10 |    650 |    75.9534 |
|        1 |         39 |           983.20 |       980.27 |       993.86 |                  4.92 |                    0.23 |    650 |    76.0542 |
|        1 |         40 |           983.20 |       980.27 |      1010.19 |                  3.06 |                    0.14 |    650 |    76.1323 |
|        1 |         41 |           983.20 |       980.27 |       996.44 |                  3.46 |                    0.16 |    650 |    76.2194 |
|        1 |         42 |           983.20 |       980.27 |       999.69 |                  3.18 |                    0.13 |    650 |    76.3003 |
|        1 |         43 |           983.20 |       980.27 |      1002.75 |                  7.41 |                    0.31 |    650 |    76.3646 |
|        1 |         44 |           983.20 |       980.27 |      1014.90 |                  2.91 |                    0.12 |    650 |    76.4582 |
|        1 |         45 |           983.20 |       980.27 |      1053.91 |                  7.40 |                    0.10 |    652 |    76.5267 |
|        1 |         46 |           983.20 |       980.27 |       992.10 |                  5.02 |                    0.11 |    652 |    76.6374 |
|        1 |         47 |           983.20 |       980.27 |       992.10 |                  5.58 |                    0.13 |    652 |    76.7176 |
|        1 |         48 |           983.20 |       980.27 |       992.10 |                  4.82 |                    0.15 |    652 |    76.7937 |
|        1 |         49 |           983.20 |       980.27 |       991.70 |                  1.37 |                    0.10 |    653 |    76.8865 |
|        1 |         50 |           983.20 |       980.27 |       988.05 |                  3.07 |                    0.23 |    653 |    76.9660 |
|        1 |         51 |           983.20 |       980.27 |       999.20 |                  1.96 |                    0.15 |    655 |    77.0593 |
|        1 |         52 |           983.20 |       980.27 |       989.55 |                  1.43 |                    0.11 |    655 |    77.1592 |
|        1 |         53 |           983.20 |       980.27 |      1056.01 |                  3.84 |                    0.29 |    655 |    77.2635 |
|        1 |         54 |           983.20 |       980.27 |      1022.40 |                  2.93 |                    0.19 |    657 |    77.5238 |
|        1 |         55 |           983.20 |       980.27 |      1003.41 |                  3.59 |                    0.24 |    657 |    77.8136 |
|        1 |         56 |           983.20 |       980.27 |      1004.03 |                  4.45 |                    0.25 |    657 |    77.9314 |
|        1 |         57 |           983.20 |       980.27 |      1007.65 |                  2.79 |                    0.15 |    657 |    78.0728 |
|        1 |         58 |           983.20 |       980.27 |      1001.49 |                  5.05 |                    0.28 |    657 |    78.1697 |
|        1 |         59 |           983.20 |       980.27 |      1016.69 |                  4.20 |                    0.21 |    657 |    78.2588 |
|        1 |         60 |           983.20 |       980.27 |      1006.19 |                  5.75 |                    0.28 |    657 |    78.3650 |
|        1 |         61 |           983.20 |       980.27 |      1012.74 |                  2.98 |                    0.14 |    657 |    78.5273 |
|        1 |         62 |           983.20 |       980.27 |      1023.80 |                  6.00 |                    0.28 |    657 |    78.7412 |
|        1 |         63 |           983.20 |       980.27 |      1007.13 |                  6.73 |                    0.24 |    657 |    79.0136 |
|        1 |         64 |           983.20 |       980.27 |      1011.64 |                  5.20 |                    0.18 |    657 |    79.1726 |
|        1 |         65 |           983.20 |       980.27 |      1020.40 |                  4.68 |                    0.16 |    657 |    79.2651 |
|        1 |         66 |           983.20 |       980.27 |      1020.40 |                  4.85 |                    0.17 |    657 |    79.3529 |
|        1 |         67 |           983.20 |       980.27 |      1011.70 |                  5.65 |                    0.19 |    657 |    79.4871 |
|        1 |         68 |           983.20 |       980.27 |      1012.10 |                  4.46 |                    0.15 |    657 |    79.6181 |
|        1 |         69 |           983.20 |       980.27 |      1003.00 |                  6.66 |                    0.22 |    658 |    79.7748 |
|        1 |         70 |           983.20 |       980.27 |      1003.00 |                  2.78 |                    0.10 |    658 |    79.8604 |
|        1 |         71 |           983.20 |       980.27 |      1002.12 |                  3.44 |                    0.12 |    658 |    79.9428 |
------------------------------------------------------------------------------------------------------------------------------------------------
|  Restart |  Iteration |  Best Feas. Cost |    Best Cost |   Curr. Cost |   Penalty Custom Res. |   Penalty Standard Res. |   Pool |   Time (s) |
------------------------------------------------------------------------------------------------------------------------------------------------
|        1 |         72 |           983.20 |       980.27 |      1003.00 |                  2.98 |                    0.11 |    658 |    80.0482 |
|        1 |         73 |           983.20 |       980.27 |      1002.46 |                  4.08 |                    0.14 |    658 |    80.1450 |
|        1 |         74 |           983.20 |       980.27 |      1003.00 |                  2.46 |                    0.10 |    658 |    80.2487 |
|        1 |         75 |           983.20 |       980.27 |      1001.06 |                  3.47 |                    0.11 |    658 |    80.3506 |
|        1 |         76 |           983.20 |       980.27 |      1003.00 |                  6.56 |                    0.20 |    658 |    80.4411 |
|        1 |         77 |           983.20 |       980.27 |      1003.00 |                  5.67 |                    0.17 |    658 |    80.5286 |
|        1 |         78 |           983.20 |       980.27 |      1003.00 |                  6.17 |                    0.18 |    658 |    80.6514 |
|        1 |         79 |           983.20 |       980.27 |      1003.00 |                  3.08 |                    0.10 |    658 |    80.7500 |
|        1 |         80 |           983.20 |       980.27 |      1001.36 |                  3.00 |                    0.13 |    658 |    80.9481 |
|        1 |         81 |           983.20 |       980.27 |      1002.07 |                  2.69 |                    0.11 |    658 |    81.0935 |
|        1 |         82 |           983.20 |       980.27 |      1001.64 |                  3.72 |                    0.15 |    658 |    81.2171 |
|        1 |         83 |           983.20 |       980.27 |      1002.77 |                  5.47 |                    0.22 |    658 |    81.3934 |
|        1 |         84 |           983.20 |       980.27 |      1009.22 |                  4.14 |                    0.17 |    658 |    81.5687 |
|        1 |         85 |           983.20 |       980.27 |      1027.40 |                  2.35 |                    0.11 |    658 |    81.6622 |
|        1 |         86 |           983.20 |       980.27 |      1009.45 |                  3.82 |                    0.18 |    658 |    81.8058 |
|        1 |         87 |           983.20 |       980.27 |      1016.22 |                  3.71 |                    0.17 |    658 |    81.9796 |
|        1 |         88 |           983.20 |       980.27 |      1017.51 |                  4.20 |                    0.19 |    658 |    82.1058 |
|        1 |         89 |           983.20 |       980.27 |      1021.93 |                  5.53 |                    0.25 |    658 |    82.2171 |
|        1 |         90 |           983.20 |       980.27 |      1014.70 |                  4.94 |                    0.13 |    658 |    82.4473 |
|        1 |         91 |           983.20 |       980.27 |      1010.07 |                  5.88 |                    0.15 |    658 |    82.5544 |
|        1 |         92 |           983.20 |       980.27 |      1018.52 |                  5.08 |                    0.13 |    658 |    82.6508 |
|        1 |         93 |           983.20 |       980.27 |      1015.25 |                  4.91 |                    0.13 |    658 |    82.7214 |
|        1 |         94 |           983.20 |       980.27 |      1018.19 |                  6.64 |                    0.18 |    660 |    82.8523 |
|        1 |         95 |           983.20 |       980.27 |      1018.05 |                  4.40 |                    0.12 |    660 |    83.0264 |
|        1 |         96 |           983.20 |       980.27 |      1021.67 |                  6.47 |                    0.17 |    660 |    83.1398 |
|        1 |         97 |           983.20 |       980.27 |      1029.80 |                  6.37 |                    0.17 |    661 |    83.2403 |
|        1 |         98 |           983.20 |       980.27 |      1013.75 |                 10.18 |                    0.27 |    661 |    83.4081 |
|        1 |         99 |           983.20 |       980.27 |      1015.20 |                  4.51 |                    0.11 |    662 |    83.4908 |
|        1 |        100 |           983.20 |       980.27 |      1015.20 |                  2.32 |                    0.10 |    662 |    83.5525 |
|        1 |        101 |           983.20 |       980.27 |      1013.05 |                  4.84 |                    0.23 |    662 |    83.6268 |
|        1 |        102 |           983.20 |       980.27 |      1026.30 |                  2.62 |                    0.13 |    665 |    83.7363 |
|        1 |        103 |           983.20 |       980.27 |      1000.25 |                  4.77 |                    0.20 |    665 |    83.9095 |
|        1 |        104 |           983.20 |       980.27 |       994.93 |                  3.58 |                    0.15 |    665 |    84.0543 |
|        1 |        105 |           983.20 |       980.27 |       998.60 |                  3.59 |                    0.15 |    665 |    84.1789 |
|        1 |        106 |           983.20 |       980.27 |       989.25 |                  3.77 |                    0.17 |    665 |    84.3958 |
|        1 |        107 |           983.20 |       980.27 |       992.31 |                  3.60 |                    0.16 |    665 |    84.4957 |
|        1 |        108 |           983.20 |       980.27 |       997.83 |                  3.62 |                    0.16 |    665 |    84.5713 |
|        1 |        109 |           983.20 |       980.27 |       998.61 |                  5.77 |                    0.26 |    665 |    84.6403 |
|        1 |        110 |           983.20 |       980.27 |      1000.72 |                  4.03 |                    0.18 |    665 |    84.7981 |
|        1 |        111 |           983.20 |       980.27 |      1003.00 |                  4.08 |                    0.18 |    665 |    84.8978 |
|        1 |        112 |           983.20 |       980.27 |       999.88 |                  4.38 |                    0.19 |    665 |    85.0317 |
|        1 |        113 |           983.20 |       980.27 |      1000.39 |                  4.67 |                    0.20 |    665 |    85.1376 |
|        1 |        114 |           983.20 |       980.27 |       995.02 |                  4.55 |                    0.19 |    665 |    85.2238 |
|        1 |        115 |           983.20 |       980.27 |       992.94 |                  4.98 |                    0.20 |    665 |    85.4216 |
|        1 |        116 |           983.20 |       980.27 |      1002.86 |                  4.48 |                    0.18 |    665 |    85.4969 |
|        1 |        117 |           983.20 |       980.27 |      1001.10 |                  6.21 |                    0.24 |    666 |    85.5676 |
|        1 |        118 |           983.20 |       980.27 |      1003.53 |                  4.16 |                    0.16 |    666 |    85.7308 |
|        1 |        119 |           983.20 |       980.27 |      1008.80 |                  4.71 |                    0.18 |    666 |    85.8205 |
|        1 |        120 |           983.20 |       980.27 |       993.37 |                  2.92 |                    0.11 |    666 |    85.9574 |
|        1 |        121 |           983.20 |       980.27 |       991.63 |                  2.65 |                    0.10 |    666 |    86.0248 |
|        1 |        122 |           983.20 |       980.27 |       994.31 |                  4.22 |                    0.16 |    667 |    86.1046 |
|        1 |        123 |           983.20 |       980.27 |       998.89 |                  5.09 |                    0.19 |    667 |    86.1667 |
|        1 |        124 |           983.20 |       980.27 |      1003.57 |                  4.72 |                    0.18 |    667 |    86.2339 |
|        1 |        125 |           983.20 |       980.27 |      1009.10 |                  4.93 |                    0.19 |    667 |    86.3369 |
|        1 |        126 |           983.20 |       980.27 |      1008.40 |                  4.30 |                    0.15 |    667 |    86.4397 |
|        1 |        127 |           983.20 |       980.27 |       995.46 |                  4.64 |                    0.16 |    667 |    86.5089 |
|        1 |        128 |           983.20 |       980.27 |      1002.74 |                  5.21 |                    0.18 |    667 |    86.5908 |
|        1 |        129 |           983.20 |       980.27 |      1006.86 |                  4.08 |                    0.14 |    667 |    86.6730 |
|        1 |        130 |           983.20 |       980.27 |       998.03 |                  4.91 |                    0.14 |    667 |    86.7470 |
|        1 |        131 |           983.20 |       980.27 |      1007.40 |                  2.47 |                    0.11 |    669 |    86.8669 |
|        1 |        132 |           983.20 |       980.27 |      1007.60 |                  3.66 |                    0.17 |    670 |    86.9255 |
|        1 |        133 |           983.20 |       980.27 |      1008.30 |                  1.92 |                    0.11 |    670 |    86.9969 |
|        1 |        134 |           983.20 |       980.27 |       994.28 |                  2.88 |                    0.17 |    670 |    87.0582 |
|        1 |        135 |           983.20 |       980.27 |       998.56 |                  3.08 |                    0.18 |    670 |    87.1348 |
|        1 |        136 |           983.20 |       980.27 |      1001.10 |                  4.38 |                    0.26 |    670 |    87.2475 |
|        1 |        137 |           983.20 |       980.27 |       994.55 |                  4.12 |                    0.24 |    670 |    87.3908 |
|        1 |        138 |           983.20 |       980.27 |      1007.80 |                  4.40 |                    0.20 |    670 |    87.4643 |
|        1 |        139 |           983.20 |       980.27 |      1000.80 |                  3.91 |                    0.18 |    670 |    87.5635 |
|        1 |        140 |           983.20 |       980.27 |      1001.71 |                  3.42 |                    0.15 |    670 |    87.6401 |
|        1 |        141 |           983.20 |       980.27 |      1003.56 |                  4.32 |                    0.19 |    670 |    87.7083 |
|        1 |        142 |           983.20 |       980.27 |      1000.77 |                  4.52 |                    0.20 |    670 |    87.7960 |
|        1 |        143 |           983.20 |       980.27 |      1007.64 |                  4.06 |                    0.18 |    670 |    87.8829 |
|        1 |        144 |           983.20 |       980.27 |       998.05 |                  4.79 |                    0.15 |    671 |    87.9879 |
|        1 |        145 |           983.20 |       980.27 |       993.98 |                  4.66 |                    0.14 |    671 |    88.0879 |
|        1 |        146 |           983.20 |       980.27 |       998.65 |                  4.40 |                    0.13 |    671 |    88.1813 |
|        1 |        147 |           983.20 |       980.27 |      1002.67 |                  5.19 |                    0.15 |    671 |    88.2657 |
|        1 |        148 |           983.20 |       980.27 |      1014.80 |                  4.44 |                    0.13 |    671 |    88.3511 |
|        1 |        149 |           983.20 |       980.27 |      1014.04 |                  4.84 |                    0.13 |    672 |    88.4064 |
|        1 |        150 |           983.20 |       980.27 |      1010.40 |                  4.89 |                    0.14 |    673 |    88.5333 |
|        1 |        151 |           983.20 |       980.27 |       999.64 |                  4.42 |                    0.14 |    673 |    88.6848 |
|        1 |        152 |           983.20 |       980.27 |       999.53 |                  4.26 |                    0.14 |    673 |    88.7929 |
|        1 |        153 |           983.20 |       980.27 |       999.80 |                  4.20 |                    0.14 |    673 |    88.8610 |
|        1 |        154 |           983.20 |       980.27 |       999.80 |                  5.16 |                    0.17 |    673 |    88.9203 |
|        1 |        155 |           983.20 |       980.27 |       999.80 |                  4.83 |                    0.15 |    673 |    89.0046 |
|        1 |        156 |           983.20 |       980.27 |       999.80 |                  5.42 |                    0.17 |    673 |    89.0655 |
|        1 |        157 |           983.20 |       980.27 |       999.80 |                  4.11 |                    0.13 |    673 |    89.1412 |
|        1 |        158 |           983.20 |       980.27 |       999.60 |                  4.29 |                    0.13 |    673 |    89.2538 |
|        1 |        159 |           983.20 |       980.27 |       999.27 |                  5.48 |                    0.18 |    673 |    89.3329 |
|        1 |        160 |           983.20 |       980.27 |       999.60 |                  5.14 |                    0.17 |    673 |    89.3997 |
|        1 |        161 |           983.20 |       980.27 |       999.60 |                  6.97 |                    0.23 |    673 |    89.4623 |
|        1 |        162 |           983.20 |       980.27 |       999.60 |                  3.28 |                    0.11 |    673 |    89.5237 |
|        1 |        163 |           983.20 |       980.27 |       999.60 |                  3.07 |                    0.10 |    673 |    89.5952 |
|        1 |        164 |           983.20 |       980.27 |       998.82 |                  3.70 |                    0.13 |    673 |    89.6806 |
|        1 |        165 |           983.20 |       980.27 |       999.80 |                  5.89 |                    0.20 |    673 |    89.7731 |
|        1 |        166 |           983.20 |       980.27 |       999.80 |                  3.42 |                    0.11 |    673 |    89.8471 |
|        1 |        167 |           983.20 |       980.27 |       999.71 |                  2.57 |                    0.14 |    673 |    89.9829 |
|        1 |        168 |           983.20 |       980.27 |      1000.50 |                  3.44 |                    0.19 |    675 |    90.0964 |
|        1 |        169 |           983.20 |       980.27 |      1000.50 |                  2.92 |                    0.16 |    675 |    90.1754 |
|        1 |        170 |           983.20 |       980.27 |      1000.30 |                  2.68 |                    0.14 |    675 |    90.2670 |
|        1 |        171 |           983.20 |       980.27 |      1000.30 |                  3.57 |                    0.18 |    675 |    90.3717 |
|        1 |        172 |           983.20 |       980.27 |      1000.30 |                  3.65 |                    0.18 |    675 |    90.4612 |
|        1 |        173 |           983.20 |       980.27 |       992.20 |                  2.46 |                    0.13 |    675 |    90.5326 |
|        1 |        174 |           983.20 |       980.27 |      1017.89 |                  4.28 |                    0.23 |    675 |    90.6208 |
|        1 |        175 |           983.20 |       980.27 |      1008.10 |                  2.04 |                    0.11 |    677 |    90.7847 |
|        1 |        176 |           983.20 |       980.27 |      1008.10 |                  2.61 |                    0.13 |    677 |    90.8556 |
|        1 |        177 |           983.20 |       980.27 |      1011.50 |                  2.32 |                    0.12 |    677 |    90.9815 |
|        1 |        178 |           983.20 |       980.27 |      1009.35 |                  2.33 |                    0.12 |    677 |    91.0655 |
|        1 |        179 |           983.20 |       980.27 |      1010.51 |                  3.86 |                    0.16 |    677 |    91.1333 |
|        1 |        180 |           983.20 |       980.27 |      1005.70 |                  4.42 |                    0.10 |    677 |    91.2228 |
|        1 |        181 |           983.20 |       980.27 |       994.10 |                  5.37 |                    0.19 |    677 |    91.3048 |
|        1 |        182 |           983.20 |       980.27 |       994.10 |                  3.62 |                    0.13 |    677 |    91.3833 |
|        1 |        183 |           983.20 |       980.27 |       994.10 |                  3.04 |                    0.13 |    677 |    91.4519 |
|        1 |        184 |           983.20 |       980.27 |      1011.00 |                  4.67 |                    0.10 |    677 |    91.6360 |
|        1 |        185 |           983.20 |       980.27 |      1011.00 |                  3.37 |                    0.11 |    677 |    91.7109 |
|        1 |        186 |           983.20 |       980.27 |      1010.93 |                  3.26 |                    0.11 |    677 |    91.7988 |
|        1 |        187 |           983.20 |       980.27 |       994.60 |                  3.12 |                    0.13 |    677 |    92.0046 |
|        1 |        188 |           983.20 |       980.27 |       996.14 |                  3.93 |                    0.15 |    677 |    92.1078 |
|        1 |        189 |           983.20 |       980.27 |       994.96 |                  5.30 |                    0.19 |    677 |    92.3159 |
|        1 |        190 |           983.20 |       980.27 |       991.25 |                  3.73 |                    0.16 |    677 |    92.5070 |
|        1 |        191 |           983.20 |       980.27 |       992.90 |                  3.50 |                    0.10 |    677 |    92.5684 |
|        1 |        192 |           983.20 |       980.27 |       992.60 |                  6.66 |                    0.22 |    677 |    92.7229 |
|        1 |        193 |           983.20 |       980.27 |       992.90 |                  7.61 |                    0.25 |    677 |    92.8180 |
|        1 |        194 |           983.20 |       980.27 |       992.90 |                  5.79 |                    0.18 |    677 |    92.8850 |
|        1 |        195 |           983.20 |       980.27 |       992.90 |                  4.81 |                    0.15 |    677 |    92.9743 |
|        1 |        196 |           983.20 |       980.27 |       992.83 |                  2.67 |                    0.10 |    677 |    93.0825 |
|        1 |        197 |           983.20 |       980.27 |      1033.40 |                  6.11 |                    0.23 |    678 |    93.1560 |
|        1 |        198 |           983.20 |       980.27 |      1039.70 |                  2.76 |                    0.10 |    680 |    93.2457 |
|        1 |        199 |           983.20 |       980.27 |       991.94 |                  3.41 |                    0.12 |    680 |    93.5184 |
|        1 |        200 |           983.20 |       980.27 |       992.23 |                  4.06 |                    0.14 |    680 |    93.6149 |
|        1 |        201 |           983.20 |       980.27 |       992.40 |                  2.45 |                    0.12 |    680 |    93.7111 |
|        1 |        202 |           983.20 |       980.27 |       988.00 |                  4.70 |                    0.23 |    680 |    93.8210 |
|        1 |        203 |           983.20 |       980.27 |       988.00 |                  4.23 |                    0.16 |    680 |    93.8980 |
|        1 |        204 |           983.20 |       980.27 |       999.60 |                  3.45 |                    0.14 |    682 |    93.9780 |
|        1 |        205 |           983.20 |       980.27 |       994.02 |                  4.66 |                    0.19 |    682 |    94.1904 |
|        1 |        206 |           983.20 |       980.27 |       993.77 |                  7.01 |                    0.27 |    682 |    94.3566 |
|        1 |        207 |           983.20 |       980.27 |       994.30 |                  3.20 |                    0.12 |    682 |    94.4286 |
|        1 |        208 |           983.20 |       980.27 |       992.90 |                  4.12 |                    0.17 |    682 |    94.5197 |
|        1 |        209 |           983.20 |       980.27 |       994.30 |                  5.53 |                    0.23 |    682 |    94.6115 |
|        1 |        210 |           983.20 |       980.27 |       992.20 |                  3.50 |                    0.14 |    682 |    94.7260 |
|        1 |        211 |           983.20 |       980.27 |       991.32 |                  3.24 |                    0.15 |    682 |    94.8416 |
|        1 |        212 |           983.20 |       980.27 |       994.60 |                  4.58 |                    0.20 |    683 |    94.8987 |
|        1 |        213 |           983.20 |       980.27 |       989.80 |                  2.00 |                    0.10 |    683 |    94.9852 |
|        1 |        214 |           983.20 |       980.27 |      1015.70 |                  2.77 |                    0.20 |    683 |    95.0693 |
|        1 |        215 |           983.20 |       980.27 |      1015.70 |                  1.28 |                    0.10 |    683 |    95.1292 |
|        1 |        216 |           983.20 |       980.27 |       995.50 |                  1.39 |                    0.11 |    684 |    95.2382 |
|        1 |        217 |           983.20 |       980.27 |      1021.01 |                  3.94 |                    0.30 |    684 |    95.3139 |
|        1 |        218 |           983.20 |       980.27 |       996.40 |                  8.03 |                    0.58 |    685 |    95.4329 |
|        1 |        219 |           983.20 |       980.27 |       996.40 |                  3.93 |                    0.24 |    685 |    95.5078 |
|        1 |        220 |           983.20 |       980.27 |       995.70 |                  3.01 |                    0.18 |    685 |    95.5901 |
|        1 |        221 |           983.20 |       980.27 |       991.10 |                  1.73 |                    0.10 |    685 |    95.6574 |
|        1 |        222 |           983.20 |       980.27 |       991.10 |                  1.69 |                    0.13 |    685 |    95.7695 |
|        1 |        223 |           983.20 |       980.27 |       991.10 |                  3.28 |                    0.24 |    685 |    95.8313 |
|        1 |        224 |           983.20 |       980.27 |       991.10 |                  1.79 |                    0.12 |    685 |    95.9286 |
|        1 |        225 |           983.20 |       980.27 |       991.30 |                  3.89 |                    0.25 |    685 |    96.0017 |
|        1 |        226 |           983.20 |       980.27 |       991.30 |                  3.99 |                    0.25 |    685 |    96.0893 |
|        1 |        227 |           983.20 |       980.27 |       991.30 |                  1.73 |                    0.10 |    685 |    96.1786 |
|        1 |        228 |           983.20 |       980.27 |       991.30 |                  1.55 |                    0.10 |    685 |    96.2827 |
|        1 |        229 |           983.20 |       980.27 |       993.30 |                  2.65 |                    0.20 |    685 |    96.3592 |
|        1 |        230 |           983.20 |       980.27 |       993.30 |                  1.93 |                    0.14 |    685 |    96.4539 |
|        1 |        231 |           983.20 |       980.27 |       990.89 |                  2.92 |                    0.21 |    686 |    96.5911 |
|        1 |        232 |           983.20 |       980.27 |      1006.95 |                  4.24 |                    0.21 |    686 |    96.7217 |
|        1 |        233 |           983.20 |       980.27 |       999.84 |                  3.56 |                    0.18 |    686 |    96.8082 |
|        1 |        234 |           983.20 |       980.27 |      1046.06 |                  3.61 |                    0.18 |    688 |    96.8897 |
|        1 |        235 |           983.20 |       980.27 |      1030.74 |                  3.59 |                    0.18 |    688 |    96.9899 |
|        1 |        236 |           983.20 |       980.27 |      1032.48 |                  3.90 |                    0.20 |    690 |    97.1032 |
|        1 |        237 |           983.20 |       980.27 |      1034.62 |                  4.40 |                    0.22 |    692 |    97.2365 |
|        1 |        238 |           983.20 |       980.27 |      1029.53 |                  6.26 |                    0.31 |    693 |    97.3475 |
|        1 |        239 |           983.20 |       980.27 |      1041.00 |                  4.01 |                    0.19 |    693 |    97.4132 |
|        1 |        240 |           983.20 |       980.27 |      1023.99 |                  3.89 |                    0.16 |    693 |    97.5649 |
|        1 |        241 |           983.20 |       980.27 |      1030.11 |                  3.73 |                    0.12 |    693 |    97.6347 |
|        1 |        242 |           983.20 |       980.27 |      1018.04 |                  3.49 |                    0.11 |    694 |    97.7150 |
|        1 |        243 |           983.20 |       980.27 |      1010.80 |                  6.53 |                    0.19 |    694 |    97.8319 |
|        1 |        244 |           983.20 |       980.27 |      1029.08 |                  6.55 |                    0.18 |    695 |    97.9467 |
|        1 |        245 |           983.20 |       980.27 |      1005.62 |                  6.45 |                    0.17 |    696 |    98.1891 |
|        1 |        246 |           983.20 |       980.27 |      1012.70 |                  6.68 |                    0.17 |    696 |    98.2656 |
|        1 |        247 |           983.20 |       980.27 |      1012.70 |                  2.73 |                    0.10 |    696 |    98.3391 |
|        1 |        248 |           983.20 |       980.27 |       997.44 |                  5.10 |                    0.20 |    697 |    98.4274 |
|        1 |        249 |           983.20 |       980.27 |      1012.70 |                  3.43 |                    0.14 |    697 |    98.5118 |
|        1 |        250 |           983.20 |       980.27 |      1010.58 |                  3.77 |                    0.13 |    697 |    98.6063 |
|        1 |        251 |           983.20 |       980.27 |      1011.35 |                  4.02 |                    0.13 |    697 |    98.6843 |
|        1 |        252 |           983.20 |       980.27 |      1028.00 |                  4.05 |                    0.13 |    697 |    98.7521 |
|        1 |        253 |           983.20 |       980.27 |      1019.49 |                  4.23 |                    0.13 |    698 |    98.8534 |
|        1 |        254 |           983.20 |       980.27 |       983.70 |                  1.42 |                    0.11 |    699 |    99.0471 |
|        1 |        255 |           983.20 |       980.27 |       983.70 |                  1.43 |                    0.12 |    699 |    99.1299 |
|        1 |          0 |           980.10 |       980.10 |       980.10 |                  0.73 |                    0.10 |    699 |    99.2280 |
|        1 |          1 |           980.10 |       980.10 |       980.10 |                  0.98 |                    0.17 |    699 |    99.3027 |
|        1 |          2 |           980.10 |       980.10 |       980.10 |                  1.11 |                    0.18 |    699 |    99.3659 |
|        1 |          3 |           980.10 |       980.10 |       980.10 |                  0.58 |                    0.10 |    699 |    99.4353 |
|        1 |          4 |           980.10 |       980.10 |       980.10 |                  0.80 |                    0.19 |    699 |    99.5107 |
|        1 |          5 |           980.10 |       980.10 |       980.10 |                  0.59 |                    0.13 |    699 |    99.5763 |
|        1 |          6 |           980.10 |       980.10 |       980.10 |                  0.72 |                    0.16 |    699 |    99.6493 |
|        1 |          7 |           980.10 |       980.10 |       980.10 |                  0.44 |                    0.11 |    699 |    99.7167 |
|        1 |          8 |           980.10 |       979.27 |       979.27 |                  0.99 |                    0.26 |    699 |    99.7901 |
|        1 |          9 |           980.10 |       979.27 |       990.63 |                  3.07 |                    0.24 |    699 |    99.9806 |
------------------------------------------------------------------------------------------------------------------------------------------------
|  Restart |  Iteration |  Best Feas. Cost |    Best Cost |   Curr. Cost |   Penalty Custom Res. |   Penalty Standard Res. |   Pool |   Time (s) |
------------------------------------------------------------------------------------------------------------------------------------------------
|        1 |         10 |           980.10 |       979.27 |      1014.46 |                  3.27 |                    0.26 |    699 |   100.0912 |
|        1 |         11 |           980.10 |       979.27 |      1018.80 |                  4.66 |                    0.18 |    699 |   100.1809 |
|        1 |         12 |           980.10 |       979.27 |      1000.90 |                  4.26 |                    0.20 |    699 |   100.3353 |
|        1 |         13 |           980.10 |       979.27 |      1000.90 |                  2.40 |                    0.10 |    699 |   100.3930 |
|        1 |         14 |           980.10 |       979.27 |      1000.90 |                  1.63 |                    0.10 |    699 |   100.4755 |
|        1 |         15 |           980.10 |       979.27 |      1000.90 |                  2.96 |                    0.21 |    699 |   100.5466 |
|        1 |         16 |           980.10 |       979.27 |       994.08 |                  2.85 |                    0.24 |    699 |   100.8388 |
|        1 |         17 |           980.10 |       979.27 |      1006.20 |                  3.11 |                    0.11 |    699 |   100.9203 |
|        1 |         18 |           980.10 |       979.27 |      1000.90 |                  1.25 |                    0.11 |    699 |   101.0390 |
|        1 |         19 |           980.10 |       979.27 |      1000.79 |                  1.34 |                    0.13 |    700 |   101.1210 |
|        1 |         20 |           980.10 |       979.27 |       999.22 |                  3.04 |                    0.16 |    700 |   101.2568 |
|        1 |         21 |           980.10 |       979.27 |      1006.10 |                  3.30 |                    0.18 |    700 |   101.3409 |
|        1 |         22 |           980.10 |       979.27 |      1004.43 |                  4.30 |                    0.20 |    702 |   101.4347 |
|        1 |         23 |           980.10 |       979.27 |      1013.01 |                  7.36 |                    0.34 |    702 |   101.4901 |
|        1 |         24 |           980.10 |       979.27 |      1009.40 |                  4.64 |                    0.21 |    703 |   101.6652 |
|        1 |         25 |           980.10 |       979.27 |      1014.30 |                  5.41 |                    0.13 |    704 |   101.7565 |
|        1 |         26 |           980.10 |       979.27 |      1010.98 |                  5.83 |                    0.14 |    704 |   101.8408 |
|        1 |         27 |           980.10 |       979.27 |      1014.30 |                 12.28 |                    0.29 |    704 |   101.9167 |
|        1 |         28 |           980.10 |       979.27 |      1014.00 |                  5.65 |                    0.13 |    704 |   102.0322 |
|        1 |         29 |           980.10 |       979.27 |      1012.20 |                  4.78 |                    0.11 |    705 |   102.1427 |
|        1 |         30 |           980.10 |       979.27 |      1010.76 |                  5.21 |                    0.12 |    705 |   102.2114 |
|        1 |         31 |           980.10 |       979.27 |      1011.12 |                  5.28 |                    0.12 |    705 |   102.3133 |
|        1 |         32 |           980.10 |       979.27 |      1011.49 |                  4.89 |                    0.11 |    705 |   102.4029 |
|        1 |         33 |           980.10 |       979.27 |      1010.69 |                  5.15 |                    0.12 |    705 |   102.5199 |
|        1 |         34 |           980.10 |       979.27 |      1011.22 |                  4.78 |                    0.11 |    705 |   102.6189 |
|        1 |         35 |           980.10 |       979.27 |      1010.46 |                  4.37 |                    0.10 |    705 |   102.7559 |
|        1 |         36 |           980.10 |       979.27 |      1010.54 |                  6.11 |                    0.14 |    705 |   102.8300 |
|        1 |         37 |           980.10 |       979.27 |      1012.01 |                  5.94 |                    0.13 |    705 |   102.9511 |
|        1 |         38 |           980.10 |       979.27 |      1007.45 |                  9.50 |                    0.21 |    705 |   103.1221 |
|        1 |         39 |           980.10 |       979.27 |      1005.60 |                  4.83 |                    0.11 |    705 |   103.2510 |
|        1 |         40 |           980.10 |       979.27 |      1005.60 |                  9.01 |                    0.14 |    705 |   103.3473 |
|        1 |         41 |           980.10 |       979.27 |      1010.90 |                  5.61 |                    0.10 |    705 |   103.4074 |
|        1 |         42 |           980.10 |       979.27 |      1010.74 |                  5.58 |                    0.11 |    705 |   103.4863 |
|        1 |         43 |           980.10 |       979.27 |      1010.36 |                  8.17 |                    0.16 |    705 |   103.6133 |
|        1 |         44 |           980.10 |       979.27 |      1008.33 |                  6.62 |                    0.13 |    705 |   103.7715 |
|        1 |         45 |           980.10 |       979.27 |      1009.20 |                  7.44 |                    0.15 |    705 |   103.8602 |
|        1 |         46 |           980.10 |       979.27 |      1008.77 |                  5.31 |                    0.11 |    705 |   103.9665 |
|        1 |         47 |           980.10 |       979.27 |      1010.40 |                  5.28 |                    0.11 |    705 |   104.0510 |
|        1 |         48 |           980.10 |       979.27 |      1009.01 |                  5.31 |                    0.11 |    705 |   104.1248 |
|        1 |         49 |           980.10 |       979.27 |      1009.93 |                  6.85 |                    0.14 |    705 |   104.1995 |
|        1 |         50 |           980.10 |       979.27 |      1008.40 |                  4.94 |                    0.12 |    707 |   104.3107 |
|        1 |         51 |           980.10 |       979.27 |      1006.36 |                  3.93 |                    0.16 |    708 |   104.4541 |
|        1 |         52 |           980.10 |       979.27 |      1007.58 |                  3.82 |                    0.16 |    708 |   104.5948 |
|        1 |         53 |           980.10 |       979.27 |      1008.56 |                  8.29 |                    0.35 |    708 |   104.6826 |
|        1 |         54 |           980.10 |       979.27 |      1009.20 |                  3.74 |                    0.16 |    708 |   104.7557 |
|        1 |         55 |           980.10 |       979.27 |      1008.86 |                  2.93 |                    0.12 |    708 |   104.8642 |
|        1 |         56 |           980.10 |       979.27 |      1004.92 |                  3.93 |                    0.16 |    708 |   104.9467 |
|        1 |         57 |           980.10 |       979.27 |      1002.80 |                  3.46 |                    0.14 |    708 |   105.0344 |
|        1 |         58 |           980.10 |       979.27 |      1002.53 |                  5.40 |                    0.21 |    708 |   105.1058 |
|        1 |         59 |           980.10 |       979.27 |      1009.09 |                  3.53 |                    0.13 |    708 |   105.2118 |
|        1 |         60 |           980.10 |       979.27 |      1006.93 |                  4.37 |                    0.15 |    708 |   105.2960 |
|        1 |         61 |           980.10 |       979.27 |      1008.70 |                  4.18 |                    0.15 |    708 |   105.3757 |
|        1 |         62 |           980.10 |       979.27 |      1008.49 |                  4.54 |                    0.16 |    708 |   105.4870 |
|        1 |         63 |           980.10 |       979.27 |      1009.20 |                  4.71 |                    0.16 |    708 |   105.5466 |
|        1 |         64 |           980.10 |       979.27 |      1008.97 |                  4.53 |                    0.15 |    708 |   105.6597 |
|        1 |         65 |           980.10 |       979.27 |       985.00 |                  2.21 |                    0.10 |    709 |   105.7803 |
|        1 |         66 |           980.10 |       979.27 |       985.00 |                  3.78 |                    0.19 |    709 |   105.8372 |
|        1 |         67 |           980.10 |       979.27 |       985.00 |                  4.45 |                    0.23 |    709 |   105.9152 |
|        1 |         68 |           980.10 |       979.27 |       985.00 |                  6.10 |                    0.31 |    709 |   105.9848 |
|        1 |         69 |           980.10 |       979.27 |       987.30 |                  6.45 |                    0.33 |    709 |   106.0408 |
|        1 |         70 |           980.10 |       979.27 |      1022.40 |                  6.62 |                    0.33 |    710 |   106.1136 |
|        1 |         71 |           980.10 |       979.27 |       999.35 |                  3.22 |                    0.16 |    711 |   106.2444 |
|        1 |         72 |           980.10 |       979.27 |      1024.14 |                  3.84 |                    0.19 |    711 |   106.3244 |
|        1 |         73 |           980.10 |       979.27 |      1031.35 |                  5.67 |                    0.28 |    711 |   106.4490 |
|        1 |         74 |           980.10 |       979.27 |      1044.69 |                  3.90 |                    0.19 |    711 |   106.4927 |
|        1 |         75 |           980.10 |       979.27 |      1033.19 |                  3.55 |                    0.17 |    711 |   106.5463 |
|        1 |         76 |           980.10 |       979.27 |      1028.80 |                  3.89 |                    0.19 |    712 |   106.6815 |
|        1 |         77 |           980.10 |       979.27 |      1018.89 |                  5.83 |                    0.28 |    712 |   106.7636 |
|        1 |         78 |           980.10 |       979.27 |      1028.70 |                  5.25 |                    0.23 |    712 |   106.8330 |
|        1 |         79 |           980.10 |       979.27 |      1015.40 |                  3.91 |                    0.17 |    712 |   106.9050 |
|        1 |         80 |           980.10 |       979.27 |      1020.20 |                  2.26 |                    0.10 |    712 |   106.9875 |
|        1 |         81 |           980.10 |       979.27 |      1020.20 |                  2.06 |                    0.11 |    712 |   107.0592 |
|        1 |         82 |           980.10 |       979.27 |      1008.91 |                  3.58 |                    0.19 |    712 |   107.1556 |
|        1 |         83 |           980.10 |       979.27 |      1028.20 |                  4.00 |                    0.22 |    712 |   107.2514 |
|        1 |         84 |           980.10 |       979.27 |      1014.73 |                  4.70 |                    0.25 |    712 |   107.3946 |
|        1 |         85 |           980.10 |       979.27 |      1016.14 |                  4.19 |                    0.22 |    712 |   107.6001 |
|        1 |         86 |           980.10 |       979.27 |      1029.02 |                  3.65 |                    0.19 |    712 |   107.7151 |
|        1 |         87 |           980.10 |       979.27 |      1031.60 |                  2.39 |                    0.12 |    712 |   107.7928 |
|        1 |         88 |           980.10 |       979.27 |      1018.63 |                  3.61 |                    0.18 |    712 |   107.8604 |
|        1 |         89 |           980.10 |       979.27 |      1013.07 |                  3.63 |                    0.16 |    712 |   108.0895 |
|        1 |         90 |           980.10 |       979.27 |      1012.95 |                  3.19 |                    0.14 |    712 |   108.1999 |
|        1 |         91 |           980.10 |       979.27 |      1012.27 |                  3.54 |                    0.16 |    712 |   108.2692 |
|        1 |         92 |           980.10 |       979.27 |      1014.19 |                  4.43 |                    0.20 |    712 |   108.3551 |
|        1 |         93 |           980.10 |       979.27 |      1017.39 |                  4.01 |                    0.14 |    714 |   108.4804 |
|        1 |         94 |           980.10 |       979.27 |      1020.89 |                  4.30 |                    0.15 |    714 |   108.6390 |
|        1 |         95 |           980.10 |       979.27 |      1020.56 |                  4.28 |                    0.15 |    714 |   108.6986 |
|        1 |         96 |           980.10 |       979.27 |      1020.24 |                  4.35 |                    0.15 |    714 |   108.7600 |
|        1 |         97 |           980.10 |       979.27 |      1019.42 |                  4.89 |                    0.14 |    716 |   108.9326 |
|        1 |         98 |           980.10 |       979.27 |      1027.28 |                  8.08 |                    0.14 |    716 |   109.0388 |
|        1 |         99 |           980.10 |       979.27 |      1016.90 |                  8.82 |                    0.14 |    718 |   109.2189 |
|        1 |        100 |           980.10 |       979.27 |      1016.90 |                  7.04 |                    0.13 |    718 |   109.2971 |
|        1 |        101 |           980.10 |       979.27 |      1007.47 |                  5.45 |                    0.11 |    720 |   109.3983 |
|        1 |        102 |           980.10 |       979.27 |      1008.87 |                  7.47 |                    0.15 |    720 |   109.4677 |
|        1 |        103 |           980.10 |       979.27 |      1011.13 |                  4.03 |                    0.11 |    720 |   109.5667 |
|        1 |        104 |           980.10 |       979.27 |      1008.48 |                  6.34 |                    0.17 |    720 |   109.6418 |
|        1 |        105 |           980.10 |       979.27 |      1009.11 |                  4.66 |                    0.13 |    720 |   109.7662 |
|        1 |        106 |           980.10 |       979.27 |      1009.10 |                  7.25 |                    0.18 |    720 |   109.9193 |
|        1 |        107 |           980.10 |       979.27 |      1008.24 |                  8.76 |                    0.22 |    720 |   110.0778 |
|        1 |        108 |           980.10 |       979.27 |      1019.00 |                  6.13 |                    0.14 |    720 |   110.1796 |
|        1 |        109 |           980.10 |       979.27 |      1004.75 |                  5.18 |                    0.14 |    720 |   110.2941 |
|        1 |        110 |           980.10 |       979.27 |      1015.87 |                  5.46 |                    0.13 |    722 |   110.4427 |
|        1 |        111 |           980.10 |       979.27 |      1008.82 |                  5.77 |                    0.14 |    722 |   110.5368 |
|        1 |        112 |           980.10 |       979.27 |      1012.55 |                  5.09 |                    0.12 |    722 |   110.6075 |
|        1 |        113 |           980.10 |       979.27 |      1008.85 |                  5.49 |                    0.13 |    722 |   110.7018 |
|        1 |        114 |           980.10 |       979.27 |      1013.56 |                  2.68 |                    0.10 |    722 |   110.8132 |
|        1 |        115 |           980.10 |       979.27 |      1019.34 |                  4.53 |                    0.16 |    724 |   110.9097 |
|        1 |        116 |           980.10 |       979.27 |      1018.74 |                  4.78 |                    0.15 |    726 |   111.0333 |
|        1 |        117 |           980.10 |       979.27 |      1016.99 |                  3.83 |                    0.13 |    727 |   111.2007 |
|        1 |        118 |           980.10 |       979.27 |       998.31 |                  5.46 |                    0.18 |    727 |   111.4410 |
|        1 |        119 |           980.10 |       979.27 |      1006.13 |                  4.43 |                    0.15 |    727 |   111.5797 |
|        1 |        120 |           980.10 |       979.27 |      1010.40 |                  5.50 |                    0.18 |    728 |   111.6459 |
|        1 |        121 |           980.10 |       979.27 |      1011.39 |                  3.54 |                    0.12 |    728 |   111.7950 |
|        1 |        122 |           980.10 |       979.27 |      1003.93 |                  4.76 |                    0.16 |    728 |   111.8651 |
|        1 |        123 |           980.10 |       979.27 |      1007.70 |                  5.23 |                    0.16 |    728 |   111.9457 |
|        1 |        124 |           980.10 |       979.27 |      1001.97 |                  4.70 |                    0.11 |    728 |   112.0749 |
|        1 |        125 |           980.10 |       979.27 |      1007.70 |                  4.82 |                    0.13 |    728 |   112.1495 |
|        1 |        126 |           980.10 |       979.27 |      1001.50 |                  5.79 |                    0.15 |    728 |   112.2432 |
|        1 |        127 |           980.10 |       979.27 |       994.41 |                  6.39 |                    0.16 |    728 |   112.4194 |
|        1 |        128 |           980.10 |       979.27 |      1038.50 |                  7.89 |                    0.13 |    731 |   112.5480 |
|        1 |        129 |           980.10 |       979.27 |      1034.92 |                  3.89 |                    0.13 |    731 |   112.6989 |
|        1 |        130 |           980.10 |       979.27 |      1035.00 |                  6.77 |                    0.23 |    731 |   112.7925 |
|        1 |        131 |           980.10 |       979.27 |      1038.50 |                  5.74 |                    0.18 |    731 |   112.8870 |
|        1 |        132 |           980.10 |       979.27 |      1071.96 |                  5.94 |                    0.19 |    731 |   112.9757 |
|        1 |        133 |           980.10 |       979.27 |      1052.83 |                  6.33 |                    0.20 |    731 |   113.1069 |
|        1 |        134 |           980.10 |       979.27 |      1047.27 |                  7.62 |                    0.24 |    731 |   113.1783 |
|        1 |        135 |           980.10 |       979.27 |      1026.30 |                  5.39 |                    0.17 |    732 |   113.2681 |
|        1 |        136 |           980.10 |       979.27 |      1009.80 |                  4.60 |                    0.15 |    732 |   113.4616 |
|        1 |        137 |           980.10 |       979.27 |       998.93 |                  5.81 |                    0.18 |    732 |   113.5656 |
|        1 |        138 |           980.10 |       979.27 |      1011.60 |                  8.71 |                    0.27 |    732 |   113.6660 |
|        1 |        139 |           980.10 |       979.27 |      1004.60 |                  6.28 |                    0.20 |    732 |   113.7720 |
|        1 |        140 |           980.10 |       979.27 |      1004.60 |                  6.13 |                    0.19 |    732 |   113.8562 |
|        1 |        141 |           980.10 |       979.27 |       996.01 |                  6.66 |                    0.20 |    732 |   113.9592 |
|        1 |        142 |           980.10 |       979.27 |      1001.96 |                  5.75 |                    0.18 |    732 |   114.0912 |
|        1 |        143 |           980.10 |       979.27 |      1000.35 |                  3.90 |                    0.12 |    732 |   114.2253 |
|        1 |        144 |           980.10 |       979.27 |      1003.92 |                  4.15 |                    0.13 |    732 |   114.3415 |
|        1 |        145 |           980.10 |       979.27 |       998.52 |                  3.89 |                    0.12 |    732 |   114.4450 |
|        1 |        146 |           980.10 |       979.27 |       999.34 |                  5.83 |                    0.18 |    732 |   114.5493 |
|        1 |        147 |           980.10 |       979.27 |      1009.18 |                  5.81 |                    0.18 |    732 |   114.6195 |
|        1 |        148 |           980.10 |       979.27 |      1011.90 |                  6.38 |                    0.19 |    732 |   114.7065 |
|        1 |        149 |           980.10 |       979.27 |      1011.90 |                  6.68 |                    0.20 |    732 |   114.7804 |
|        1 |        150 |           980.10 |       979.27 |      1012.55 |                  4.58 |                    0.13 |    734 |   114.9109 |
|        1 |        151 |           980.10 |       979.27 |      1022.50 |                  4.33 |                    0.12 |    734 |   114.9926 |
|        1 |        152 |           980.10 |       979.27 |      1011.29 |                  5.26 |                    0.15 |    734 |   115.0725 |
|        1 |        153 |           980.10 |       979.27 |      1029.65 |                  5.39 |                    0.15 |    737 |   115.1728 |
|        1 |        154 |           980.10 |       979.27 |      1030.91 |                  4.60 |                    0.16 |    739 |   115.3017 |
|        1 |        155 |           980.10 |       979.27 |      1035.68 |                  4.62 |                    0.16 |    739 |   115.3977 |
|        1 |        156 |           980.10 |       979.27 |      1044.20 |                  5.13 |                    0.17 |    742 |   115.4911 |
|        1 |        157 |           980.10 |       979.27 |      1027.78 |                  3.65 |                    0.12 |    744 |   115.6328 |
|        1 |        158 |           980.10 |       979.27 |      1038.80 |                  5.37 |                    0.18 |    745 |   115.7114 |
|        1 |        159 |           980.10 |       979.27 |      1033.21 |                  3.91 |                    0.13 |    746 |   115.7992 |
|        1 |        160 |           980.10 |       979.27 |      1030.47 |                  4.35 |                    0.15 |    746 |   115.8771 |
|        1 |        161 |           980.10 |       979.27 |      1036.92 |                  3.08 |                    0.11 |    747 |   115.9502 |
|        1 |        162 |           980.10 |       979.27 |      1046.30 |                  5.62 |                    0.10 |    748 |   116.0658 |
|        1 |        163 |           980.10 |       979.27 |      1028.70 |                  5.50 |                    0.22 |    748 |   116.2132 |
|        1 |        164 |           980.10 |       979.27 |      1028.70 |                  2.51 |                    0.11 |    748 |   116.2942 |
|        1 |        165 |           980.10 |       979.27 |      1010.37 |                  5.26 |                    0.24 |    748 |   116.4256 |
|        1 |        166 |           980.10 |       979.27 |      1016.64 |                  5.07 |                    0.23 |    748 |   116.5422 |
|        1 |        167 |           980.10 |       979.27 |      1012.69 |                  4.64 |                    0.13 |    748 |   116.6543 |
|        1 |        168 |           980.10 |       979.27 |      1021.79 |                  5.21 |                    0.14 |    748 |   116.7143 |
|        1 |        169 |           980.10 |       979.27 |      1023.22 |                  5.84 |                    0.14 |    748 |   116.7989 |
|        1 |        170 |           980.10 |       979.27 |      1020.61 |                  2.98 |                    0.10 |    748 |   116.8742 |
|        1 |        171 |           980.10 |       979.27 |      1010.36 |                  3.94 |                    0.11 |    748 |   116.9951 |
|        1 |        172 |           980.10 |       979.27 |      1011.21 |                  5.14 |                    0.14 |    748 |   117.0617 |
|        1 |        173 |           980.10 |       979.27 |      1011.22 |                  5.46 |                    0.15 |    748 |   117.1822 |
|        1 |        174 |           980.10 |       979.27 |      1004.71 |                  6.41 |                    0.15 |    748 |   117.3164 |
|        1 |        175 |           980.10 |       979.27 |      1012.70 |                 10.71 |                    0.24 |    748 |   117.4193 |
|        1 |        176 |           980.10 |       979.27 |       996.34 |                  5.82 |                    0.16 |    748 |   117.5541 |
|        1 |        177 |           980.10 |       979.27 |       998.36 |                  6.30 |                    0.17 |    748 |   117.6958 |
|        1 |        178 |           980.10 |       979.27 |      1003.94 |                  7.40 |                    0.17 |    748 |   117.8356 |
|        1 |        179 |           980.10 |       979.27 |      1000.57 |                  3.46 |                    0.10 |    749 |   117.9601 |
|        1 |        180 |           980.10 |       979.27 |      1002.03 |                  5.29 |                    0.15 |    749 |   118.0317 |
|        1 |        181 |           980.10 |       979.27 |      1002.20 |                  3.81 |                    0.10 |    749 |   118.1512 |
|        1 |        182 |           980.10 |       979.27 |      1001.44 |                  4.41 |                    0.12 |    749 |   118.2193 |
|        1 |        183 |           980.10 |       979.27 |      1002.72 |                  6.82 |                    0.18 |    749 |   118.2813 |
|        1 |        184 |           980.10 |       979.27 |      1013.60 |                  6.85 |                    0.18 |    749 |   118.3532 |
|        1 |        185 |           980.10 |       979.27 |      1013.20 |                  2.90 |                    0.14 |    752 |   118.4786 |
|        1 |        186 |           980.10 |       979.27 |      1001.00 |                  2.38 |                    0.10 |    752 |   118.6006 |
|        1 |        187 |           980.10 |       979.27 |      1015.30 |                  2.08 |                    0.12 |    752 |   118.6617 |
|        1 |        188 |           980.10 |       979.27 |      1015.30 |                  2.18 |                    0.12 |    752 |   118.7326 |
|        1 |        189 |           980.10 |       979.27 |      1016.60 |                  2.28 |                    0.13 |    752 |   118.8037 |
|        1 |        190 |           980.10 |       979.27 |      1016.20 |                  1.89 |                    0.14 |    752 |   118.8959 |
|        1 |        191 |           980.10 |       979.27 |      1012.28 |                  2.71 |                    0.19 |    753 |   119.0294 |
|        1 |        192 |           980.10 |       979.27 |      1009.59 |                  2.46 |                    0.15 |    754 |   119.1119 |
|        1 |        193 |           980.10 |       979.27 |      1007.60 |                  4.16 |                    0.26 |    755 |   119.1715 |
|        1 |        194 |           980.10 |       979.27 |      1009.53 |                  4.61 |                    0.27 |    755 |   119.2688 |
|        1 |        195 |           980.10 |       979.27 |      1000.94 |                  3.13 |                    0.18 |    756 |   119.5321 |
|        1 |        196 |           980.10 |       979.27 |      1017.64 |                  4.16 |                    0.24 |    757 |   119.6168 |
|        1 |        197 |           980.10 |       979.27 |      1017.33 |                  3.32 |                    0.15 |    758 |   119.7097 |
|        1 |        198 |           980.10 |       979.27 |      1005.85 |                  5.39 |                    0.24 |    758 |   119.8052 |
|        1 |        199 |           980.10 |       979.27 |      1014.13 |                  3.15 |                    0.13 |    759 |   119.8926 |
|        1 |        200 |           980.10 |       979.27 |      1008.28 |                  5.17 |                    0.21 |    759 |   119.9618 |
------------------------------------------------------------------------------------------------------------------------------------------------
|  Restart |  Iteration |  Best Feas. Cost |    Best Cost |   Curr. Cost |   Penalty Custom Res. |   Penalty Standard Res. |   Pool |   Time (s) |
------------------------------------------------------------------------------------------------------------------------------------------------
|        1 |        201 |           980.10 |       979.27 |      1011.47 |                  3.44 |                    0.13 |    759 |   120.0430 |
|        1 |        202 |           980.10 |       979.27 |      1006.48 |                  4.01 |                    0.15 |    759 |   120.1519 |
|        1 |        203 |           980.10 |       979.27 |      1011.02 |                  5.71 |                    0.21 |    759 |   120.2439 |
|        1 |        204 |           980.10 |       979.27 |      1011.04 |                  3.88 |                    0.14 |    759 |   120.3489 |
|        1 |        205 |           980.10 |       979.27 |      1020.47 |                  4.14 |                    0.15 |    759 |   120.4095 |
|        1 |        206 |           980.10 |       979.27 |      1010.52 |                  4.38 |                    0.16 |    759 |   120.5895 |
|        1 |        207 |           980.10 |       979.27 |      1013.80 |                  3.23 |                    0.12 |    759 |   120.6543 |
|        1 |        208 |           980.10 |       979.27 |      1019.17 |                  6.74 |                    0.25 |    759 |   120.7140 |
|        1 |        209 |           980.10 |       979.27 |      1023.60 |                  3.57 |                    0.13 |    759 |   120.7934 |
|        1 |        210 |           980.10 |       979.27 |      1004.79 |                  4.38 |                    0.17 |    759 |   120.8675 |
|        1 |        211 |           980.10 |       979.27 |      1005.00 |                  2.63 |                    0.11 |    759 |   120.9960 |
|        1 |        212 |           980.10 |       979.27 |      1004.95 |                  4.96 |                    0.24 |    759 |   121.0806 |
|        1 |        213 |           980.10 |       979.27 |      1003.40 |                  2.09 |                    0.11 |    759 |   121.1575 |
|        1 |        214 |           980.10 |       979.27 |      1003.67 |                  5.58 |                    0.10 |    759 |   121.2569 |
|        1 |        215 |           980.10 |       979.27 |      1003.40 |                  5.76 |                    0.11 |    759 |   121.3627 |
|        1 |        216 |           980.10 |       979.27 |      1003.40 |                  2.73 |                    0.10 |    759 |   121.4329 |
|        1 |        217 |           980.10 |       979.27 |       998.51 |                  7.17 |                    0.30 |    760 |   121.5169 |
|        1 |        218 |           980.10 |       979.27 |      1003.20 |                  2.95 |                    0.12 |    760 |   121.6143 |
|        1 |        219 |           980.10 |       979.27 |      1003.20 |                  3.38 |                    0.15 |    760 |   121.6966 |
|        1 |        220 |           980.10 |       979.27 |      1003.20 |                  4.77 |                    0.21 |    760 |   121.7492 |
|        1 |        221 |           980.10 |       979.27 |      1003.20 |                  4.22 |                    0.10 |    760 |   121.8186 |
|        1 |        222 |           980.10 |       979.27 |      1003.20 |                  4.64 |                    0.12 |    760 |   121.8948 |
|        1 |        223 |           980.10 |       979.27 |      1003.20 |                  2.54 |                    0.10 |    760 |   121.9429 |
|        1 |        224 |           980.10 |       979.27 |      1031.63 |                  5.25 |                    0.21 |    760 |   122.0023 |
|        1 |        225 |           980.10 |       979.27 |      1003.20 |                  4.44 |                    0.11 |    760 |   122.0882 |
|        1 |        226 |           980.10 |       979.27 |      1003.20 |                  5.57 |                    0.14 |    760 |   122.1511 |
|        1 |        227 |           980.10 |       979.27 |      1003.20 |                  2.54 |                    0.10 |    760 |   122.2447 |
|        1 |        228 |           980.10 |       979.27 |       996.30 |                  2.70 |                    0.15 |    760 |   122.3676 |
|        1 |        229 |           980.10 |       979.27 |       996.30 |                  2.20 |                    0.12 |    760 |   122.4460 |
|        1 |        230 |           980.10 |       979.27 |       994.12 |                  3.09 |                    0.17 |    761 |   122.5524 |
|        1 |        231 |           980.10 |       979.27 |      1009.52 |                  3.36 |                    0.18 |    761 |   122.6860 |
|        1 |        232 |           980.10 |       979.27 |      1013.46 |                  2.96 |                    0.16 |    761 |   122.7778 |
|        1 |        233 |           980.10 |       979.27 |      1009.30 |                  3.63 |                    0.19 |    761 |   122.8451 |
|        1 |        234 |           980.10 |       979.27 |      1007.85 |                  4.44 |                    0.23 |    761 |   122.9952 |
|        1 |        235 |           980.10 |       979.27 |      1020.40 |                  2.52 |                    0.13 |    761 |   123.0839 |
|        1 |        236 |           980.10 |       979.27 |      1015.99 |                  4.30 |                    0.16 |    761 |   123.1522 |
|        1 |        237 |           980.10 |       979.27 |      1021.64 |                  3.65 |                    0.13 |    761 |   123.2218 |
|        1 |        238 |           980.10 |       979.27 |      1018.29 |                  3.97 |                    0.15 |    761 |   123.3057 |
|        1 |        239 |           980.10 |       979.27 |      1015.58 |                  4.54 |                    0.17 |    761 |   123.3767 |
|        1 |        240 |           980.10 |       979.27 |      1022.01 |                  4.80 |                    0.14 |    761 |   123.4397 |
|        1 |        241 |           980.10 |       979.27 |      1010.52 |                  6.10 |                    0.10 |    761 |   123.6001 |
|        1 |        242 |           980.10 |       979.27 |      1015.70 |                  6.25 |                    0.12 |    761 |   123.6850 |
|        1 |        243 |           980.10 |       979.27 |      1015.70 |                  5.07 |                    0.12 |    761 |   123.7978 |
|        1 |        244 |           980.10 |       979.27 |      1010.17 |                  4.07 |                    0.11 |    761 |   123.9237 |
|        1 |        245 |           980.10 |       979.27 |      1005.26 |                  5.08 |                    0.10 |    761 |   124.0416 |
|        1 |        246 |           980.10 |       979.27 |      1016.05 |                  4.61 |                    0.10 |    761 |   124.1331 |
|        1 |        247 |           980.10 |       979.27 |      1003.40 |                  2.73 |                    0.10 |    761 |   124.2301 |
|        1 |        248 |           980.10 |       979.27 |      1003.70 |                  3.66 |                    0.13 |    761 |   124.3175 |
|        1 |        249 |           980.10 |       979.27 |      1003.70 |                  1.92 |                    0.10 |    761 |   124.3699 |
|        1 |        250 |           980.10 |       979.27 |      1000.28 |                  3.02 |                    0.16 |    761 |   124.4788 |
|        1 |        251 |           980.10 |       979.27 |      1002.80 |                  3.60 |                    0.19 |    761 |   124.5581 |
|        1 |        252 |           980.10 |       979.27 |      1002.19 |                  4.23 |                    0.15 |    761 |   124.6748 |
|        1 |        253 |           980.10 |       979.27 |      1032.60 |                  5.85 |                    0.10 |    763 |   124.7552 |
|        1 |        254 |           980.10 |       979.27 |      1003.00 |                  5.11 |                    0.15 |    763 |   124.8333 |
|        1 |        255 |           980.10 |       979.27 |      1000.90 |                  7.59 |                    0.22 |    763 |   124.8940 |
|        1 |        256 |           980.10 |       979.27 |      1000.90 |                  4.40 |                    0.13 |    763 |   124.9571 |
|        1 |        257 |           980.10 |       979.27 |       997.20 |                  6.19 |                    0.24 |    763 |   125.1018 |
|        1 |        258 |           980.10 |       979.27 |       998.00 |                  4.16 |                    0.14 |    763 |   125.1741 |
|        1 |        259 |           980.10 |       979.27 |      1003.50 |                  4.85 |                    0.19 |    763 |   125.2803 |
|        1 |        260 |           980.10 |       979.27 |       997.30 |                  4.36 |                    0.17 |    763 |   125.3838 |
|        1 |        261 |           980.10 |       979.27 |       997.30 |                  4.47 |                    0.17 |    763 |   125.4417 |
|        1 |        262 |           980.10 |       979.27 |       997.30 |                  1.75 |                    0.10 |    763 |   125.5354 |
|        1 |        263 |           980.10 |       979.27 |      1006.36 |                  5.45 |                    0.15 |    763 |   125.6108 |
|        1 |        264 |           980.10 |       979.27 |      1024.00 |                  2.29 |                    0.10 |    765 |   125.6803 |
|        1 |        265 |           980.10 |       979.27 |      1001.94 |                  3.01 |                    0.20 |    765 |   125.8055 |
|        1 |        266 |           980.10 |       979.27 |      1003.40 |                  4.42 |                    0.29 |    765 |   125.8775 |
|        1 |        267 |           980.10 |       979.27 |       996.50 |                  5.20 |                    0.12 |    765 |   126.0143 |
|        1 |        268 |           980.10 |       979.27 |       996.50 |                  2.64 |                    0.10 |    765 |   126.0894 |
|        1 |        269 |           980.10 |       979.27 |       996.50 |                  2.03 |                    0.11 |    765 |   126.1420 |
|        1 |        270 |           980.10 |       979.27 |       996.50 |                  3.58 |                    0.20 |    765 |   126.2103 |
|        1 |        271 |           980.10 |       979.27 |       996.50 |                  4.39 |                    0.23 |    765 |   126.2857 |
|        1 |        272 |           980.10 |       979.27 |       996.50 |                  2.67 |                    0.14 |    765 |   126.3604 |
|        1 |        273 |           980.10 |       979.27 |      1013.47 |                  4.11 |                    0.22 |    765 |   126.4906 |
|        1 |        274 |           980.10 |       979.27 |      1018.30 |                  5.26 |                    0.14 |    765 |   126.5615 |
|        1 |        275 |           980.10 |       979.27 |      1005.08 |                  4.10 |                    0.11 |    765 |   126.6812 |
|        1 |        276 |           980.10 |       979.27 |      1009.19 |                  4.75 |                    0.13 |    765 |   126.8684 |
|        1 |        277 |           980.10 |       979.27 |      1005.67 |                  3.66 |                    0.10 |    765 |   127.0125 |
|        1 |        278 |           980.10 |       979.27 |      1006.67 |                  3.72 |                    0.10 |    765 |   127.0785 |
|        1 |        279 |           980.10 |       979.27 |      1018.46 |                  5.04 |                    0.13 |    765 |   127.1418 |
|        1 |        280 |           980.10 |       979.27 |      1009.31 |                  5.97 |                    0.15 |    765 |   127.2963 |
|        1 |        281 |           980.10 |       979.27 |      1021.00 |                  2.75 |                    0.10 |    765 |   127.3880 |
|        1 |        282 |           980.10 |       979.27 |      1003.62 |                  5.02 |                    0.15 |    765 |   127.4891 |
|        1 |        283 |           980.10 |       979.27 |      1011.63 |                  5.36 |                    0.16 |    765 |   127.5561 |
|        1 |        284 |           980.10 |       979.27 |      1016.41 |                 10.37 |                    0.31 |    768 |   127.6863 |
|        1 |        285 |           980.10 |       979.27 |      1018.43 |                  7.23 |                    0.20 |    768 |   127.8445 |
|        1 |        286 |           980.10 |       979.27 |      1031.91 |                  7.02 |                    0.17 |    768 |   127.9850 |
|        1 |        287 |           980.10 |       979.27 |      1045.80 |                  4.07 |                    0.10 |    768 |   128.0514 |
|        1 |        288 |           980.10 |       979.27 |      1031.26 |                  4.99 |                    0.13 |    768 |   128.1314 |
|        1 |        289 |           980.10 |       979.27 |      1033.06 |                  5.74 |                    0.12 |    768 |   128.2883 |
|        1 |        290 |           980.10 |       979.27 |      1036.16 |                  3.50 |                    0.10 |    768 |   128.3717 |
|        1 |        291 |           980.10 |       979.27 |      1032.18 |                  5.91 |                    0.17 |    768 |   128.4496 |
|        1 |        292 |           980.10 |       979.27 |      1004.96 |                  6.60 |                    0.17 |    768 |   128.5827 |
|        1 |        293 |           980.10 |       979.27 |      1018.50 |                  6.22 |                    0.16 |    770 |   128.6964 |
|        1 |        294 |           980.10 |       979.27 |      1006.23 |                  7.25 |                    0.19 |    770 |   128.7932 |
|        1 |        295 |           980.10 |       979.27 |      1014.30 |                  4.79 |                    0.12 |    770 |   128.8429 |
|        1 |        296 |           980.10 |       979.27 |      1020.50 |                  3.55 |                    0.10 |    770 |   128.9715 |
|        1 |        297 |           980.10 |       979.27 |      1008.16 |                  4.90 |                    0.16 |    771 |   129.0883 |
|        1 |        298 |           980.10 |       979.27 |      1001.58 |                  5.78 |                    0.18 |    771 |   129.2982 |
|        1 |        299 |           980.10 |       979.27 |      1015.60 |                 10.69 |                    0.34 |    771 |   129.3674 |
|        1 |        300 |           980.10 |       979.27 |      1015.60 |                  4.69 |                    0.15 |    771 |   129.4240 |
|        1 |        301 |           980.10 |       979.27 |      1015.60 |                  4.76 |                    0.15 |    771 |   129.4946 |
|        1 |        302 |           980.10 |       979.27 |      1005.74 |                  4.73 |                    0.15 |    772 |   129.5898 |
|        1 |        303 |           980.10 |       979.27 |      1000.95 |                  5.16 |                    0.16 |    772 |   129.7715 |
|        1 |        304 |           980.10 |       979.27 |      1015.06 |                  3.84 |                    0.12 |    773 |   129.8362 |
|        1 |        305 |           980.10 |       979.27 |      1054.54 |                  9.60 |                    0.10 |    774 |   129.8952 |
|        1 |        306 |           980.10 |       979.27 |      1020.20 |                  9.64 |                    0.17 |    774 |   129.9824 |
|        1 |        307 |           980.10 |       979.27 |      1020.20 |                  5.64 |                    0.12 |    774 |   130.0539 |
|        1 |        308 |           980.10 |       979.27 |      1010.64 |                  6.08 |                    0.13 |    774 |   130.1165 |
|        1 |        309 |           980.10 |       979.27 |      1024.06 |                  4.72 |                    0.10 |    774 |   130.1720 |
|        1 |        310 |           980.10 |       979.27 |      1019.41 |                  6.94 |                    0.15 |    774 |   130.2219 |
|        1 |        311 |           980.10 |       979.27 |      1043.96 |                  5.19 |                    0.14 |    777 |   130.3665 |
|        1 |        312 |           980.10 |       979.27 |      1037.60 |                  3.34 |                    0.10 |    778 |   130.5130 |
|        1 |        313 |           980.10 |       979.27 |      1021.96 |                  6.57 |                    0.20 |    778 |   130.5710 |
|        1 |        314 |           980.10 |       979.27 |      1037.85 |                  5.51 |                    0.17 |    778 |   130.6462 |
|        1 |        315 |           980.10 |       979.27 |      1053.32 |                  4.99 |                    0.13 |    780 |   130.7981 |
|        1 |        316 |           980.10 |       979.27 |      1053.90 |                  5.42 |                    0.14 |    782 |   130.8852 |
|        1 |        317 |           980.10 |       979.27 |      1016.29 |                  2.51 |                    0.10 |    782 |   131.0007 |
|        1 |        318 |           980.10 |       979.27 |      1012.39 |                  4.94 |                    0.20 |    782 |   131.0557 |
|        1 |        319 |           980.10 |       979.27 |      1016.22 |                  2.47 |                    0.10 |    782 |   131.2636 |
|        1 |        320 |           980.10 |       979.27 |      1011.85 |                  5.47 |                    0.22 |    782 |   131.3212 |
|        1 |        321 |           980.10 |       979.27 |      1024.67 |                  5.22 |                    0.10 |    782 |   131.4148 |
|        1 |        322 |           980.10 |       979.27 |      1014.18 |                  4.62 |                    0.14 |    782 |   131.6147 |
|        1 |        323 |           980.10 |       979.27 |      1008.83 |                  2.02 |                    0.12 |    782 |   131.8202 |
|        1 |        324 |           980.10 |       979.27 |      1009.14 |                  3.22 |                    0.19 |    782 |   131.8843 |
|        1 |        325 |           980.10 |       979.27 |      1011.70 |                  4.31 |                    0.13 |    782 |   132.0274 |
|        1 |        326 |           980.10 |       979.27 |      1017.06 |                  5.36 |                    0.11 |    782 |   132.1932 |
|        1 |        327 |           980.10 |       979.27 |      1018.17 |                  5.94 |                    0.15 |    782 |   132.2858 |
|        1 |        328 |           980.10 |       979.27 |      1017.38 |                  2.76 |                    0.10 |    782 |   132.3919 |
|        1 |        329 |           980.10 |       979.27 |      1009.31 |                  4.05 |                    0.15 |    782 |   132.4861 |
|        1 |        330 |           980.10 |       979.27 |      1018.87 |                  4.68 |                    0.17 |    782 |   132.5678 |
|        1 |        331 |           980.10 |       979.27 |      1011.87 |                  3.66 |                    0.12 |    782 |   132.6539 |
|        1 |        332 |           980.10 |       979.27 |      1011.36 |                  4.40 |                    0.15 |    782 |   132.7235 |
|        1 |        333 |           980.10 |       979.27 |      1023.30 |                  3.91 |                    0.12 |    782 |   132.8401 |
|        1 |        334 |           980.10 |       979.27 |      1011.35 |                  5.35 |                    0.16 |    782 |   132.9087 |
|        1 |        335 |           980.10 |       979.27 |      1009.55 |                  6.28 |                    0.19 |    782 |   133.0410 |
|        1 |        336 |           980.10 |       979.27 |      1021.60 |                  4.87 |                    0.14 |    782 |   133.1233 |
|        1 |        337 |           980.10 |       979.27 |      1016.67 |                  3.81 |                    0.11 |    782 |   133.2030 |
|        1 |        338 |           980.10 |       979.27 |      1017.41 |                  9.17 |                    0.26 |    782 |   133.3626 |
|        1 |        339 |           980.10 |       979.27 |      1027.10 |                  3.00 |                    0.10 |    782 |   133.4390 |
|        1 |        340 |           980.10 |       979.27 |      1013.81 |                  3.61 |                    0.15 |    782 |   133.5314 |
|        1 |        341 |           980.10 |       979.27 |      1019.02 |                  3.85 |                    0.16 |    782 |   133.6177 |
|        1 |        342 |           980.10 |       979.27 |      1023.87 |                  5.88 |                    0.25 |    782 |   133.6853 |
|        1 |        343 |           980.10 |       979.27 |      1013.19 |                  2.77 |                    0.11 |    782 |   133.8719 |
|        1 |        344 |           980.10 |       979.27 |      1015.58 |                  4.24 |                    0.16 |    782 |   133.9525 |
|        1 |        345 |           980.10 |       979.27 |      1023.10 |                  4.76 |                    0.18 |    782 |   134.0281 |
|        1 |        346 |           980.10 |       979.27 |      1012.25 |                  4.57 |                    0.17 |    782 |   134.1681 |
|        1 |        347 |           980.10 |       979.27 |      1012.74 |                  5.44 |                    0.20 |    782 |   134.2683 |
|        1 |        348 |           980.10 |       979.27 |      1036.74 |                  5.42 |                    0.20 |    782 |   134.4465 |
|        1 |        349 |           980.10 |       979.27 |      1036.79 |                  5.56 |                    0.18 |    782 |   134.5323 |
|        1 |        350 |           980.10 |       979.27 |      1048.30 |                  7.54 |                    0.24 |    782 |   134.5940 |
|        1 |        351 |           980.10 |       979.27 |      1006.74 |                  3.42 |                    0.11 |    782 |   134.7314 |
|        1 |        352 |           980.10 |       979.27 |      1035.91 |                  6.02 |                    0.19 |    783 |   134.8038 |
|        1 |        353 |           980.10 |       979.27 |      1035.38 |                  4.29 |                    0.10 |    783 |   134.9273 |
|        1 |        354 |           980.10 |       979.27 |      1020.70 |                  5.56 |                    0.10 |    783 |   135.0677 |
|        1 |        355 |           980.10 |       979.27 |      1021.57 |                  5.41 |                    0.13 |    783 |   135.1845 |
|        1 |        356 |           980.10 |       979.27 |      1018.94 |                  5.02 |                    0.12 |    783 |   135.2510 |
|        1 |        357 |           980.10 |       979.27 |      1017.27 |                  6.03 |                    0.14 |    783 |   135.3324 |
|        1 |        358 |           980.10 |       979.27 |      1006.51 |                  5.76 |                    0.15 |    784 |   135.4335 |
|        1 |        359 |           980.10 |       979.27 |      1008.19 |                  5.03 |                    0.13 |    784 |   135.5225 |
|        1 |        360 |           980.10 |       979.27 |      1018.40 |                 10.47 |                    0.27 |    784 |   135.6125 |
|        1 |        361 |           980.10 |       979.27 |      1001.15 |                  3.10 |                    0.10 |    784 |   135.7261 |
|        1 |        362 |           980.10 |       979.27 |       994.54 |                  4.42 |                    0.14 |    784 |   135.7880 |
|        1 |        363 |           980.10 |       979.27 |      1009.83 |                  5.41 |                    0.17 |    784 |   135.8968 |
|        1 |        364 |           980.10 |       979.27 |      1020.80 |                  6.20 |                    0.20 |    785 |   135.9509 |
|        1 |        365 |           980.10 |       979.27 |       998.69 |                  5.66 |                    0.17 |    785 |   136.0976 |
|        1 |        366 |           980.10 |       979.27 |      1013.88 |                  3.06 |                    0.10 |    785 |   136.1679 |
|        1 |        367 |           980.10 |       979.27 |      1000.33 |                  6.91 |                    0.23 |    785 |   136.2528 |
|        1 |        368 |           980.10 |       979.27 |      1000.04 |                  4.82 |                    0.16 |    785 |   136.3986 |
|        1 |        369 |           980.10 |       979.27 |      1035.80 |                  4.69 |                    0.15 |    788 |   136.5013 |
|        1 |        370 |           980.10 |       979.27 |      1008.66 |                  4.67 |                    0.14 |    791 |   136.5806 |
|        1 |        371 |           980.10 |       979.27 |      1040.14 |                  2.99 |                    0.10 |    794 |   136.6670 |
|        1 |        372 |           980.10 |       979.27 |      1057.12 |                  3.90 |                    0.13 |    794 |   136.7288 |
|        1 |        373 |           980.10 |       979.27 |      1090.44 |                  4.37 |                    0.13 |    797 |   136.8292 |
|        1 |        374 |           980.10 |       979.27 |      1038.70 |                  2.87 |                    0.10 |    797 |   136.9637 |
|        1 |        375 |           980.10 |       979.27 |      1021.68 |                  6.24 |                    0.14 |    797 |   137.0221 |
|        1 |        376 |           980.10 |       979.27 |      1033.68 |                  6.53 |                    0.15 |    797 |   137.0968 |
|        1 |        377 |           980.10 |       979.27 |      1036.93 |                  3.50 |                    0.10 |    797 |   137.1538 |
|        1 |        378 |           980.10 |       979.27 |      1023.18 |                  5.30 |                    0.14 |    797 |   137.2198 |
|        1 |        379 |           980.10 |       979.27 |      1025.14 |                  5.16 |                    0.14 |    797 |   137.2977 |
|        1 |        380 |           980.10 |       979.27 |      1023.63 |                  5.71 |                    0.14 |    797 |   137.4155 |
|        1 |        381 |           980.10 |       979.27 |      1076.51 |                  6.73 |                    0.16 |    798 |   137.5011 |
|        1 |        382 |           980.10 |       979.27 |      1078.40 |                  5.92 |                    0.14 |    800 |   137.6301 |
|        1 |        383 |           980.10 |       979.27 |      1077.85 |                  8.94 |                    0.21 |    804 |   137.7401 |
|        1 |        384 |           980.10 |       979.27 |      1085.37 |                 10.00 |                    0.24 |    805 |   137.8517 |
|        1 |        385 |           980.10 |       979.27 |      1040.60 |                  3.98 |                    0.12 |    808 |   138.0229 |
|        1 |        386 |           980.10 |       979.27 |      1013.95 |                 11.70 |                    0.36 |    808 |   138.1834 |
|        1 |        387 |           980.10 |       979.27 |      1038.00 |                  4.73 |                    0.14 |    811 |   138.2531 |
|        1 |        388 |           980.10 |       979.27 |      1004.85 |                  4.53 |                    0.13 |    811 |   138.3206 |
|        1 |        389 |           980.10 |       979.27 |      1006.60 |                  3.61 |                    0.10 |    811 |   138.4193 |
|        1 |        390 |           980.10 |       979.27 |      1001.66 |                  5.26 |                    0.11 |    811 |   138.6172 |
|        1 |        391 |           980.10 |       979.27 |      1002.42 |                  4.35 |                    0.10 |    811 |   138.7363 |
|        1 |        392 |           980.10 |       979.27 |      1014.40 |                  4.84 |                    0.15 |    813 |   138.8010 |
|        1 |        393 |           980.10 |       979.27 |      1005.40 |                  4.86 |                    0.15 |    813 |   138.8755 |
|        1 |        394 |           980.10 |       979.27 |      1013.20 |                  7.00 |                    0.22 |    813 |   138.9560 |
|        1 |        395 |           980.10 |       979.27 |      1013.20 |                  4.91 |                    0.15 |    813 |   139.0126 |
|        1 |        396 |           980.10 |       979.27 |      1002.68 |                  7.21 |                    0.22 |    813 |   139.0954 |
|        1 |        397 |           980.10 |       979.27 |      1001.62 |                  4.48 |                    0.14 |    813 |   139.1885 |
|        1 |        398 |           980.10 |       979.27 |      1001.97 |                  5.89 |                    0.18 |    813 |   139.2524 |
|        1 |        399 |           980.10 |       979.27 |      1008.03 |                  4.42 |                    0.14 |    813 |   139.3561 |
|        1 |        400 |           980.10 |       979.27 |      1007.00 |                  2.46 |                    0.10 |    813 |   139.4318 |
|        1 |        401 |           980.10 |       979.27 |       994.04 |                  1.56 |                    0.10 |    813 |   139.5142 |
|        1 |        402 |           980.10 |       979.27 |       991.87 |                  2.72 |                    0.17 |    813 |   139.5876 |
|        1 |        403 |           980.10 |       979.27 |      1015.07 |                  3.10 |                    0.20 |    813 |   139.6971 |
|        1 |        404 |           980.10 |       979.27 |      1000.89 |                  3.58 |                    0.23 |    813 |   139.7953 |
|        1 |        405 |           980.10 |       979.27 |      1019.40 |                  7.37 |                    0.47 |    813 |   139.8985 |
|        1 |        406 |           980.10 |       979.27 |      1017.00 |                  2.27 |                    0.14 |    813 |   139.9860 |
------------------------------------------------------------------------------------------------------------------------------------------------
|  Restart |  Iteration |  Best Feas. Cost |    Best Cost |   Curr. Cost |   Penalty Custom Res. |   Penalty Standard Res. |   Pool |   Time (s) |
------------------------------------------------------------------------------------------------------------------------------------------------
|        1 |        407 |           980.10 |       979.27 |      1017.00 |                  2.76 |                    0.17 |    813 |   140.0476 |
|        1 |        408 |           980.10 |       979.27 |      1020.00 |                  1.55 |                    0.10 |    814 |   140.1789 |
|        1 |        409 |           980.10 |       979.27 |      1016.18 |                  1.58 |                    0.13 |    815 |   140.2719 |
|        1 |        410 |           980.10 |       979.27 |      1016.20 |                  2.17 |                    0.18 |    815 |   140.3437 |
|        1 |        411 |           980.10 |       979.27 |      1013.90 |                  2.67 |                    0.15 |    815 |   140.4008 |
|        1 |        412 |           980.10 |       979.27 |      1013.00 |                  1.71 |                    0.11 |    815 |   140.4891 |
|        1 |        413 |           980.10 |       979.27 |      1009.20 |                  2.27 |                    0.19 |    815 |   140.5851 |
|        1 |        414 |           980.10 |       979.27 |      1031.20 |                  1.88 |                    0.15 |    815 |   140.6499 |
|        1 |        415 |           980.10 |       979.27 |      1035.80 |                  1.27 |                    0.11 |    815 |   140.7291 |
|        1 |        416 |           980.10 |       979.27 |      1032.10 |                  1.70 |                    0.22 |    815 |   140.8294 |
|        1 |        417 |           980.10 |       979.27 |      1045.20 |                  2.11 |                    0.27 |    815 |   140.8910 |
|        1 |        418 |           980.10 |       979.27 |      1030.95 |                  1.21 |                    0.15 |    816 |   140.9658 |
|        1 |        419 |           980.10 |       979.27 |      1007.07 |                  2.76 |                    0.35 |    816 |   141.0243 |
|        1 |        420 |           980.10 |       979.27 |      1005.87 |                  2.00 |                    0.13 |    816 |   141.2186 |
|        1 |        421 |           980.10 |       979.27 |       996.47 |                  3.97 |                    0.27 |    816 |   141.2963 |
|        1 |        422 |           980.10 |       979.27 |      1008.59 |                  2.97 |                    0.20 |    816 |   141.4407 |
|        1 |        423 |           980.10 |       979.27 |      1003.78 |                  2.83 |                    0.18 |    816 |   141.5456 |
|        1 |        424 |           980.10 |       979.27 |      1007.69 |                  3.58 |                    0.21 |    816 |   141.6267 |
|        1 |        425 |           980.10 |       979.27 |      1003.06 |                  5.55 |                    0.25 |    816 |   141.9243 |
|        1 |        426 |           980.10 |       979.27 |      1012.28 |                  9.65 |                    0.43 |    816 |   142.0062 |
|        1 |        427 |           980.10 |       979.27 |      1012.60 |                  3.64 |                    0.16 |    816 |   142.0823 |
|        1 |        428 |           980.10 |       979.27 |       998.30 |                  4.00 |                    0.18 |    816 |   142.1740 |
|        1 |        429 |           980.10 |       979.27 |      1017.92 |                  5.71 |                    0.25 |    817 |   142.2248 |
|        1 |        430 |           980.10 |       979.27 |      1024.21 |                  3.26 |                    0.14 |    817 |   142.3577 |
|        1 |        431 |           980.10 |       979.27 |      1021.28 |                  5.60 |                    0.24 |    818 |   142.4883 |
|        1 |        432 |           980.10 |       979.27 |      1016.94 |                  4.36 |                    0.19 |    819 |   142.6390 |
|        1 |        433 |           980.10 |       979.27 |      1022.90 |                  5.35 |                    0.23 |    819 |   142.7142 |
|        1 |        434 |           980.10 |       979.27 |      1023.23 |                  3.41 |                    0.15 |    819 |   142.8472 |
|        1 |        435 |           980.10 |       979.27 |      1021.40 |                  3.84 |                    0.17 |    820 |   143.0360 |
|        1 |        436 |           980.10 |       979.27 |      1013.30 |                  5.75 |                    0.26 |    820 |   143.1093 |
|        1 |        437 |           980.10 |       979.27 |      1012.81 |                  5.31 |                    0.24 |    820 |   143.2332 |
|        1 |        438 |           980.10 |       979.27 |      1014.80 |                  2.98 |                    0.13 |    820 |   143.3300 |
|        1 |        439 |           980.10 |       979.27 |      1048.84 |                  5.30 |                    0.22 |    820 |   143.4225 |
|        1 |        440 |           980.10 |       979.27 |      1038.76 |                  6.80 |                    0.26 |    820 |   143.5694 |
|        1 |        441 |           980.10 |       979.27 |      1050.10 |                  1.84 |                    0.10 |    820 |   143.6825 |
|        1 |        442 |           980.10 |       979.27 |      1026.00 |                  1.82 |                    0.14 |    820 |   143.8481 |
|        1 |        443 |           980.10 |       979.27 |      1013.70 |                  1.93 |                    0.12 |    820 |   144.0144 |
|        1 |        444 |           980.10 |       979.27 |      1015.50 |                  3.16 |                    0.20 |    820 |   144.1207 |
|        1 |        445 |           980.10 |       979.27 |      1017.35 |                  5.90 |                    0.36 |    821 |   144.1711 |
|        1 |        446 |           980.10 |       979.27 |      1014.00 |                  4.47 |                    0.14 |    822 |   144.2864 |
|        1 |        447 |           980.10 |       979.27 |      1013.90 |                  7.49 |                    0.21 |    823 |   144.4714 |
|        1 |        448 |           980.10 |       979.27 |      1013.90 |                  4.80 |                    0.13 |    823 |   144.5390 |
|        1 |        449 |           980.10 |       979.27 |      1010.80 |                  8.12 |                    0.10 |    823 |   144.6154 |
|        1 |        450 |           980.10 |       979.27 |      1010.80 |                  5.58 |                    0.12 |    823 |   144.6771 |
|        1 |        451 |           980.10 |       979.27 |      1010.80 |                  4.59 |                    0.10 |    823 |   144.7533 |
|        1 |        452 |           980.10 |       979.27 |      1010.80 |                  5.20 |                    0.11 |    823 |   144.8322 |
|        1 |        453 |           980.10 |       979.27 |      1010.80 |                  7.96 |                    0.12 |    823 |   144.8894 |
|        1 |        454 |           980.10 |       979.27 |      1010.80 |                  6.23 |                    0.13 |    823 |   144.9556 |
|        1 |        455 |           980.10 |       979.27 |      1009.92 |                 10.51 |                    0.20 |    823 |   145.0584 |
|        1 |        456 |           980.10 |       979.27 |      1010.80 |                  5.79 |                    0.10 |    823 |   145.1491 |
|        1 |        457 |           980.10 |       979.27 |      1010.80 |                 11.61 |                    0.12 |    823 |   145.2199 |
|        1 |        458 |           980.10 |       979.27 |      1010.80 |                  7.00 |                    0.13 |    823 |   145.2878 |
|        1 |        459 |           980.10 |       979.27 |      1010.80 |                  5.06 |                    0.11 |    823 |   145.3587 |
|        1 |        460 |           980.10 |       979.27 |      1010.80 |                  4.94 |                    0.10 |    823 |   145.4268 |
|        1 |        461 |           980.10 |       979.27 |      1010.91 |                  5.76 |                    0.12 |    823 |   145.5250 |
|        1 |        462 |           980.10 |       979.27 |      1012.72 |                  6.64 |                    0.12 |    823 |   145.6276 |
|        1 |        463 |           980.10 |       979.27 |      1011.81 |                  3.66 |                    0.10 |    823 |   145.7074 |
|        1 |        464 |           980.10 |       979.27 |      1007.14 |                  5.54 |                    0.11 |    823 |   145.7813 |
|        1 |        465 |           980.10 |       979.27 |      1012.16 |                  6.28 |                    0.11 |    823 |   145.8529 |
|        1 |        466 |           980.10 |       979.27 |      1017.87 |                  6.91 |                    0.12 |    823 |   145.9084 |
|        1 |        467 |           980.10 |       979.27 |      1014.00 |                  6.66 |                    0.14 |    823 |   146.0017 |
|        1 |        468 |           980.10 |       979.27 |      1014.00 |                  4.96 |                    0.10 |    823 |   146.0815 |
|        1 |        469 |           980.10 |       979.27 |      1013.39 |                  4.04 |                    0.10 |    823 |   146.1465 |
|        1 |        470 |           980.10 |       979.27 |      1002.80 |                  3.70 |                    0.10 |    825 |   146.2638 |
|        1 |        471 |           980.10 |       979.27 |       999.99 |                  6.70 |                    0.10 |    827 |   146.3435 |
|        1 |        472 |           980.10 |       979.27 |      1002.80 |                  4.94 |                    0.10 |    827 |   146.4271 |
|        1 |        473 |           980.10 |       979.27 |      1007.40 |                  4.48 |                    0.12 |    829 |   146.5449 |
|        1 |        474 |           980.10 |       979.27 |      1001.65 |                  4.10 |                    0.11 |    829 |   146.6420 |
|        1 |        475 |           980.10 |       979.27 |       997.96 |                  6.33 |                    0.12 |    829 |   146.7380 |
|        1 |        476 |           980.10 |       979.27 |      1002.43 |                  5.85 |                    0.12 |    829 |   146.8463 |
|        1 |        477 |           980.10 |       979.27 |      1002.96 |                  4.85 |                    0.11 |    829 |   146.9598 |
|        1 |        478 |           980.10 |       979.27 |      1001.85 |                  5.08 |                    0.13 |    829 |   147.0233 |
|        1 |        479 |           980.10 |       979.27 |      1009.30 |                  4.94 |                    0.12 |    829 |   147.1337 |
|        1 |        480 |           980.10 |       979.27 |      1008.74 |                  6.11 |                    0.11 |    829 |   147.2227 |
|        1 |        481 |           980.10 |       979.27 |      1012.24 |                  4.47 |                    0.10 |    829 |   147.2802 |
|        1 |        482 |           980.10 |       979.27 |      1017.60 |                  4.54 |                    0.11 |    829 |   147.3347 |
|        1 |        483 |           980.10 |       979.27 |      1007.83 |                  5.79 |                    0.15 |    829 |   147.4250 |
|        1 |        484 |           980.10 |       979.27 |      1009.53 |                  6.10 |                    0.16 |    829 |   147.5257 |
|        1 |        485 |           980.10 |       979.27 |      1007.73 |                  4.52 |                    0.10 |    829 |   147.6535 |
|        1 |        486 |           980.10 |       979.27 |      1006.86 |                  8.54 |                    0.13 |    829 |   147.7144 |
|        1 |        487 |           980.10 |       979.27 |      1010.80 |                  8.25 |                    0.12 |    829 |   147.8074 |
|        1 |        488 |           980.10 |       979.27 |      1014.40 |                  6.58 |                    0.12 |    829 |   147.8837 |
|        1 |        489 |           980.10 |       979.27 |      1019.42 |                  6.88 |                    0.13 |    832 |   147.9588 |
|        1 |        490 |           980.10 |       979.27 |      1020.60 |                  5.80 |                    0.16 |    833 |   148.1181 |
|        1 |        491 |           980.10 |       979.27 |      1020.60 |                  4.11 |                    0.11 |    833 |   148.1697 |
|        1 |        492 |           980.10 |       979.27 |      1020.60 |                  4.35 |                    0.13 |    833 |   148.2274 |
|        1 |        493 |           980.10 |       979.27 |      1016.70 |                  2.80 |                    0.11 |    834 |   148.3820 |
|        1 |        494 |           980.10 |       979.27 |      1006.70 |                  2.95 |                    0.21 |    834 |   148.4975 |
|        1 |        495 |           980.10 |       979.27 |      1028.26 |                  3.37 |                    0.24 |    835 |   148.5708 |
|        1 |        496 |           980.10 |       979.27 |      1009.70 |                  1.87 |                    0.12 |    835 |   148.7170 |
|        1 |        497 |           980.10 |       979.27 |      1009.70 |                  1.23 |                    0.11 |    835 |   148.7710 |
|        1 |        498 |           980.10 |       979.27 |      1006.97 |                  4.03 |                    0.35 |    835 |   148.8916 |
|        1 |        499 |           980.10 |       979.27 |      1034.13 |                  3.63 |                    0.31 |    835 |   148.9409 |
|        1 |        500 |           980.10 |       979.27 |      1032.41 |                  3.43 |                    0.30 |    835 |   149.0211 |
------------------------------------------------------------------------------------------------------------------------------------------------
Version identifier: 22.1.2.0 | 2024-11-26 | 0edbb82fd
CPXPARAM_MIP_Tolerances_UpperCutoff              980.20000000008361
Tried aggregator 1 time.
MIP Presolve eliminated 23 rows and 191 columns.
MIP Presolve modified 378 coefficients.
Reduced MIP has 78 rows, 641 columns, and 6832 nonzeros.
Reduced MIP has 641 binaries, 0 generals, 0 SOSs, and 0 indicators.
Presolve time = 0.00 sec. (6.03 ticks)
Probing time = 0.00 sec. (2.91 ticks)
Tried aggregator 1 time.
Detecting symmetries...
Reduced MIP has 78 rows, 641 columns, and 6832 nonzeros.
Reduced MIP has 641 binaries, 0 generals, 0 SOSs, and 0 indicators.
Presolve time = 0.00 sec. (4.20 ticks)
Probing time = 0.00 sec. (2.89 ticks)
Clique table members: 793.
MIP emphasis: balance optimality and feasibility.
MIP search method: dynamic search.
Parallel mode: deterministic, using up to 8 threads.
Root relaxation solution time = 0.00 sec. (4.46 ticks)

        Nodes                                         Cuts/
   Node  Left     Objective  IInf  Best Integer    Best Bound    ItCnt     Gap

      0     0      969.3667    23                    969.3667      170         
      0     0      972.4448    21                     Cuts: 4      218         
*     0+    0                          974.9000      972.4448             0.25%
*     0+    0                          973.7000      972.4448             0.13%
      0     0        cutoff            973.7000                    234    0.00%
Elapsed time = 0.03 sec. (35.10 ticks, tree = 0.01 MB, solutions = 2)
objective_value(sp) = 973.6999999999998
152.506991 seconds (6.95 M allocations: 348.848 MiB, 0.07% gc time, 2.60% compilation time)
#1: 0 (0.0) {508.8} -> 90 (6.0) {513.0} [324.0, 513.0] -> 0 (6.0) {527.2} [0.0, 960.0]
#2: 0 (0.0) {311.89999999999986} -> 61 (9.0) {327.7} [230.0, 405.0] -> 72 (17.0) {355.7} [27.0, 382.0] -> 71 (31.0) {375.8} [201.0, 400.0] -> 93 (34.0) {390.8} [298.0, 928.0] -> 94 (57.0) {406.4} [385.0, 518.0] -> 81 (67.0) {429.2} [369.0, 460.0] -> 42 (77.0) {462.0} [33.0, 624.0] -> 44 (87.0) {474.0} [62.0, 491.0] -> 40 (117.0) {489.8} [233.0, 544.0] -> 36 (157.0) {504.8} [43.0, 712.0] -> 35 (177.0) {516.8} [396.0, 905.0] -> 37 (187.0) {530.4} [530.0, 703.0] -> 38 (217.0) {544.0} [131.0, 544.0] -> 39 (227.0) {556.0} [36.0, 800.0] -> 43 (247.0) {573.0} [549.0, 718.0] -> 41 (267.0) {593.4} [207.0, 664.0] -> 54 (283.0) {618.6} [568.0, 753.0] -> 96 (309.0) {634.6} [538.0, 705.0] -> 0 (309.0) {660.1} [0.0, 960.0]
#3: 0 (0.0) {221.60000000000005} -> 88 (19.0) {239.4} [100.0, 539.0] -> 78 (46.0) {265.5} [195.0, 654.0] -> 73 (51.0) {282.7} [255.0, 436.0] -> 79 (81.0) {301.6} [258.0, 565.0] -> 7 (101.0) {323.0} [281.0, 438.0] -> 6 (121.0) {336.0} [249.0, 646.0] -> 2 (151.0) {350.0} [73.0, 350.0] -> 45 (161.0) {367.2} [37.0, 677.0] -> 5 (181.0) {380.2} [40.0, 390.0] -> 8 (191.0) {397.2} [272.0, 581.0] -> 46 (201.0) {435.0} [435.0, 662.0] -> 4 (241.0) {447.0} [418.0, 913.0] -> 3 (251.0) {473.0} [473.0, 588.0] -> 1 (271.0) {591.0} [591.0, 874.0] -> 100 (274.0) {619.9} [262.0, 930.0] -> 70 (297.0) {634.3} [211.0, 930.0] -> 68 (318.0) {654.5} [441.0, 902.0] -> 0 (318.0) {674.5} [0.0, 960.0]
#4: 0 (0.0) {276.5} -> 69 (27.0) {285.7} [9.0, 532.0] -> 98 (36.0) {300.7} [109.0, 354.0] -> 53 (41.0) {317.0} [284.0, 585.0] -> 12 (61.0) {340.0} [166.0, 399.0] -> 14 (71.0) {353.0} [35.0, 457.0] -> 47 (81.0) {366.0} [38.0, 366.0] -> 17 (101.0) {378.0} [359.0, 909.0] -> 16 (121.0) {393.0} [214.0, 415.0] -> 15 (141.0) {405.0} [39.0, 538.0] -> 13 (151.0) {420.8} [359.0, 911.0] -> 9 (171.0) {435.8} [236.0, 625.0] -> 11 (211.0) {451.1} [33.0, 510.0] -> 10 (241.0) {470.0} [470.0, 687.0] -> 60 (258.0) {613.0} [613.0, 894.0] -> 55 (274.0) {638.0} [421.0, 896.0] -> 0 (274.0) {662.1} [0.0, 960.0]
#5: 0 (0.0) {188.2} -> 95 (6.0) {208.8} [20.0, 299.0] -> 67 (15.0) {228.2} [112.0, 543.0] -> 62 (18.0) {245.2} [29.0, 587.0] -> 63 (24.0) {270.2} [39.0, 353.0] -> 33 (34.0) {300.8} [51.0, 673.0] -> 30 (44.0) {316.6} [114.0, 497.0] -> 28 (54.0) {330.6} [68.0, 349.0] -> 31 (74.0) {347.0} [102.0, 347.0] -> 29 (84.0) {359.0} [131.0, 376.0] -> 27 (104.0) {374.0} [57.0, 664.0] -> 26 (134.0) {509.0} [509.0, 668.0] -> 32 (144.0) {564.0} [564.0, 797.0] -> 34 (174.0) {579.3} [462.0, 631.0] -> 50 (204.0) {602.3} [471.0, 662.0] -> 92 (218.0) {632.9} [14.0, 669.0] -> 80 (231.0) {650.1} [426.0, 942.0] -> 0 (231.0) {667.7} [0.0, 960.0]
#6: 0 (0.0) {286.4} -> 82 (9.0) {301.1} [85.0, 338.0] -> 99 (24.0) {319.1} [170.0, 565.0] -> 52 (27.0) {334.1} [109.0, 360.0] -> 57 (50.0) {351.1} [347.0, 566.0] -> 75 (66.0) {393.1} [183.0, 400.0] -> 59 (85.0) {418.9} [42.0, 466.0] -> 74 (93.0) {438.9} [427.0, 913.0] -> 86 (121.0) {453.0} [332.0, 485.0] -> 87 (134.0) {472.0} [365.0, 472.0] -> 97 (169.0) {546.0} [546.0, 667.0] -> 58 (189.0) {569.6} [380.0, 902.0] -> 77 (196.0) {590.2} [360.0, 900.0] -> 25 (216.0) {612.3} [348.0, 904.0] -> 48 (226.0) {636.0} [636.0, 904.0] -> 20 (236.0) {656.0} [511.0, 682.0] -> 24 (246.0) {670.0} [598.0, 883.0] -> 66 (262.0) {702.2} [423.0, 828.0] -> 0 (262.0) {725.2} [0.0, 960.0]
#7: 0 (0.0) {272.29999999999995} -> 65 (16.0) {283.4} [11.0, 570.0] -> 83 (30.0) {302.6} [19.0, 326.0] -> 64 (47.0) {320.6} [20.0, 497.0] -> 22 (87.0) {346.4} [263.0, 606.0] -> 19 (127.0) {361.7} [205.0, 422.0] -> 18 (147.0) {377.0} [338.0, 451.0] -> 21 (157.0) {391.0} [158.0, 391.0] -> 23 (187.0) {403.0} [45.0, 522.0] -> 49 (197.0) {423.0} [423.0, 576.0] -> 51 (216.0) {448.2} [281.0, 490.0] -> 85 (218.0) {466.7} [318.0, 489.0] -> 76 (249.0) {488.1} [162.0, 493.0] -> 89 (274.0) {565.0} [565.0, 897.0] -> 84 (292.0) {601.0} [304.0, 605.0] -> 56 (311.0) {620.2} [404.0, 829.0] -> 91 (324.0) {651.0} [651.0, 906.0] -> 0 (324.0) {673.0} [0.0, 960.0]

Dist: 973.6999999999998. Cost: 973.6999999999998

Clique cuts applied:  1
Zero-half cuts applied:  1
Lift and project cuts applied:  1
Gomory fractional cuts applied:  1

Root node processing (before b&c):
  Real time             =    0.04 sec. (35.16 ticks)
Parallel b&c, 8 threads:
  Real time             =    0.00 sec. (0.00 ticks)
  Sync time (average)   =    0.00 sec.
  Wait time (average)   =    0.00 sec.
                          ------------
Total (root+branch&cut) =    0.04 sec. (35.16 ticks)
